<?xml version="1.0" encoding="UTF-8"?>
<osm version="0.6" generator="openstreetmap-cgimap 2.1.0 (2768229 spike-08.openstreetmap.org)" copyright="OpenStreetMap and contributors" attribution="http://www.openstreetmap.org/copyright" license="http://opendatacommons.org/licenses/odbl/1-0/">
 <bounds minlat="34.7664030" minlon="137.3839470" maxlat="34.7687400" maxlon="137.3863290"/>
 <node id="724233590" visible="true" version="6" changeset="90401346" timestamp="2020-09-04T08:00:19Z" user="carrotrain" uid="11602661" lat="34.7697585" lon="137.3850517">
  <tag k="highway" v="traffic_signals"/>
  <tag k="source" v="Bing"/>
 </node>
 <node id="724233724" visible="true" version="8" changeset="78419148" timestamp="2019-12-14T22:50:08Z" user="K_Sakanoshita" uid="389520" lat="34.7664422" lon="137.3902515">
  <tag k="highway" v="traffic_signals"/>
  <tag k="source" v="bing"/>
 </node>
 <node id="734853209" visible="true" version="5" changeset="90406908" timestamp="2020-09-04T09:43:53Z" user="carrotrain" uid="11602661" lat="34.7671272" lon="137.3880046">
  <tag k="highway" v="traffic_signals"/>
  <tag k="traffic_signals" v="signal"/>
 </node>
 <node id="841896670" visible="true" version="5" changeset="90252059" timestamp="2020-09-01T14:48:37Z" user="carrotrain" uid="11602661" lat="34.7641900" lon="137.3855821">
  <tag k="highway" v="traffic_signals"/>
  <tag k="traffic_signals" v="signal"/>
 </node>
 <node id="967789156" visible="true" version="3" changeset="90406908" timestamp="2020-09-04T09:43:53Z" user="carrotrain" uid="11602661" lat="34.7692699" lon="137.3864032">
  <tag k="crossing" v="marked"/>
  <tag k="highway" v="crossing"/>
 </node>
 <node id="967789167" visible="true" version="6" changeset="61015276" timestamp="2018-07-24T09:39:14Z" user="futurumspes" uid="651065" lat="34.7695006" lon="137.3864375">
  <tag k="highway" v="traffic_signals"/>
  <tag k="source" v="Bing"/>
 </node>
 <node id="967789170" visible="true" version="4" changeset="58350967" timestamp="2018-04-23T20:10:13Z" user="Ritchy Latte" uid="5399149" lat="34.7632540" lon="137.3855383">
  <tag k="highway" v="traffic_signals"/>
  <tag k="name" v="駅前大通"/>
 </node>
 <node id="967789245" visible="true" version="3" changeset="90406908" timestamp="2020-09-04T09:43:53Z" user="carrotrain" uid="11602661" lat="34.7664267" lon="137.3856668"/>
 <node id="967789282" visible="true" version="3" changeset="42417013" timestamp="2016-09-25T06:57:06Z" user="Lombroso" uid="3385340" lat="34.7708436" lon="137.3864553"/>
 <node id="1424000623" visible="true" version="3" changeset="178532174" timestamp="2026-02-14T07:19:26Z" user="pseek" uid="21586509" lat="34.7666325" lon="137.3843979">
  <tag k="addr:block_number" v="45"/>
  <tag k="addr:city" v="豊橋市"/>
  <tag k="addr:neighbourhood" v="松葉町2丁目"/>
  <tag k="addr:postcode" v="440-0897"/>
  <tag k="addr:province" v="愛知県"/>
  <tag k="amenity" v="post_office"/>
  <tag k="name" v="豊橋松葉郵便局"/>
  <tag k="name:en" v="Toyohashi Matsuba Post Office"/>
  <tag k="name:es" v="Oficina de Correos de Toyohashi Matsuba"/>
  <tag k="name:ja" v="豊橋松葉郵便局"/>
  <tag k="name:ja-Hira" v="とよはし まつば ゆうびんきょく"/>
  <tag k="name:pt" v="Correio de Toyohashi Matsuba"/>
  <tag k="note" v="National-Land Numerical Information (Public Facility) 2006, MLIT Japan"/>
  <tag k="note:ja" v="国土数値情報（公共施設データ）平成19年　国土交通省"/>
  <tag k="opening_hours" v="Mo-Fr 09:00-17:00"/>
  <tag k="operator" v="日本郵便"/>
  <tag k="operator:en" v="Japan Post"/>
  <tag k="operator:ja" v="日本郵便"/>
  <tag k="operator:short" v="郵便局"/>
  <tag k="operator:short:en" v="JP"/>
  <tag k="operator:short:ja" v="郵便局"/>
  <tag k="operator:wikidata" v="Q11509260"/>
  <tag k="phone" v="+81-532-53-9789"/>
  <tag k="source" v="KSJ2"/>
  <tag k="source_ref" v="http://nlftp.mlit.go.jp/ksj/jpgis/datalist/KsjTmplt-P02-v2_0.html"/>
 </node>
 <node id="1755466366" visible="true" version="3" changeset="41952809" timestamp="2016-09-06T11:16:42Z" user="下り専門" uid="692002" lat="34.7650226" lon="137.3856072"/>
 <node id="1755466396" visible="true" version="7" changeset="90396618" timestamp="2020-09-04T06:43:22Z" user="carrotrain" uid="11602661" lat="34.7656420" lon="137.3901936">
  <tag k="highway" v="traffic_signals"/>
  <tag k="source" v="BING"/>
 </node>
 <node id="1755466399" visible="true" version="3" changeset="61875213" timestamp="2018-08-22T03:51:33Z" user="Ritchy Latte" uid="5399149" lat="34.7657879" lon="137.3850142"/>
 <node id="1755466405" visible="true" version="3" changeset="90406908" timestamp="2020-09-04T09:43:53Z" user="carrotrain" uid="11602661" lat="34.7658292" lon="137.3856553">
  <tag k="highway" v="traffic_signals"/>
  <tag k="traffic_signals" v="signal"/>
 </node>
 <node id="1755466407" visible="true" version="2" changeset="41952809" timestamp="2016-09-06T11:16:42Z" user="下り専門" uid="692002" lat="34.7658975" lon="137.3893313"/>
 <node id="1755466419" visible="true" version="4" changeset="90406908" timestamp="2020-09-04T09:43:53Z" user="carrotrain" uid="11602661" lat="34.7660928" lon="137.3886011"/>
 <node id="1755466433" visible="true" version="5" changeset="90396618" timestamp="2020-09-04T06:43:22Z" user="carrotrain" uid="11602661" lat="34.7663107" lon="137.3877872"/>
 <node id="1755466446" visible="true" version="3" changeset="42053915" timestamp="2016-09-10T07:32:04Z" user="hayashi" uid="621319" lat="34.7665490" lon="137.3864132"/>
 <node id="1755466448" visible="true" version="4" changeset="78419148" timestamp="2019-12-14T22:50:08Z" user="K_Sakanoshita" uid="389520" lat="34.7666366" lon="137.3896198"/>
 <node id="1755466450" visible="true" version="3" changeset="41952809" timestamp="2016-09-06T11:16:42Z" user="下り専門" uid="692002" lat="34.7666701" lon="137.3857324"/>
 <node id="1755466454" visible="true" version="2" changeset="41952809" timestamp="2016-09-06T11:16:42Z" user="下り専門" uid="692002" lat="34.7667153" lon="137.3850270"/>
 <node id="1755466456" visible="true" version="2" changeset="41952809" timestamp="2016-09-06T11:16:42Z" user="下り専門" uid="692002" lat="34.7667474" lon="137.3842396"/>
 <node id="1755466462" visible="true" version="4" changeset="90406908" timestamp="2020-09-04T09:43:53Z" user="carrotrain" uid="11602661" lat="34.7668851" lon="137.3888191"/>
 <node id="1755466473" visible="true" version="3" changeset="41952809" timestamp="2016-09-06T11:16:42Z" user="下り専門" uid="692002" lat="34.7674258" lon="137.3866428"/>
 <node id="1755466474" visible="true" version="4" changeset="90406908" timestamp="2020-09-04T09:43:53Z" user="carrotrain" uid="11602661" lat="34.7675782" lon="137.3859691">
  <tag k="highway" v="traffic_signals"/>
  <tag k="traffic_signals" v="signal"/>
 </node>
 <node id="1755466476" visible="true" version="5" changeset="90396618" timestamp="2020-09-04T06:43:22Z" user="carrotrain" uid="11602661" lat="34.7676682" lon="137.3836513"/>
 <node id="1755466478" visible="true" version="3" changeset="41952809" timestamp="2016-09-06T11:16:42Z" user="下り専門" uid="692002" lat="34.7676931" lon="137.3854287"/>
 <node id="1755466479" visible="true" version="5" changeset="90401346" timestamp="2020-09-04T08:00:19Z" user="carrotrain" uid="11602661" lat="34.7677087" lon="137.3841423"/>
 <node id="1755466480" visible="true" version="6" changeset="90401346" timestamp="2020-09-04T08:00:19Z" user="carrotrain" uid="11602661" lat="34.7677158" lon="137.3842155"/>
 <node id="1755466482" visible="true" version="5" changeset="90401346" timestamp="2020-09-04T08:00:19Z" user="carrotrain" uid="11602661" lat="34.7677759" lon="137.3850252"/>
 <node id="1755466483" visible="true" version="3" changeset="42082789" timestamp="2016-09-11T16:48:22Z" user="hayashi" uid="621319" lat="34.7680888" lon="137.3882696">
  <tag k="source" v="Bing"/>
 </node>
 <node id="1755466485" visible="true" version="1" changeset="11619214" timestamp="2012-05-17T00:07:23Z" user="watao" uid="393606" lat="34.7683278" lon="137.3868763"/>
 <node id="1755466486" visible="true" version="2" changeset="42417013" timestamp="2016-09-25T06:57:06Z" user="Lombroso" uid="3385340" lat="34.7684520" lon="137.3861895"/>
 <node id="1755466487" visible="true" version="3" changeset="90401346" timestamp="2020-09-04T08:00:19Z" user="carrotrain" uid="11602661" lat="34.7684875" lon="137.3855651"/>
 <node id="1755466488" visible="true" version="3" changeset="90401346" timestamp="2020-09-04T08:00:19Z" user="carrotrain" uid="11602661" lat="34.7685233" lon="137.3841054"/>
 <node id="1755466490" visible="true" version="3" changeset="90401346" timestamp="2020-09-04T08:00:19Z" user="carrotrain" uid="11602661" lat="34.7685221" lon="137.3850273"/>
 <node id="1755466492" visible="true" version="4" changeset="90396618" timestamp="2020-09-04T06:43:22Z" user="carrotrain" uid="11602661" lat="34.7688362" lon="137.3831286">
  <tag k="highway" v="crossing"/>
 </node>
 <node id="1755466495" visible="true" version="2" changeset="13834509" timestamp="2012-11-11T15:58:53Z" user="TKE-waka" uid="728316" lat="34.7690165" lon="137.3856407"/>
 <node id="1755466498" visible="true" version="2" changeset="41952809" timestamp="2016-09-06T11:16:42Z" user="下り専門" uid="692002" lat="34.7692205" lon="137.3850339"/>
 <node id="1755466506" visible="true" version="4" changeset="90401346" timestamp="2020-09-04T08:00:19Z" user="carrotrain" uid="11602661" lat="34.7696174" lon="137.3850301">
  <tag k="highway" v="traffic_signals"/>
  <tag k="source" v="bing"/>
 </node>
 <node id="1755466507" visible="true" version="3" changeset="58462228" timestamp="2018-04-27T03:07:07Z" user="Ritchy Latte" uid="5399149" lat="34.7701622" lon="137.3864541"/>
 <node id="1755466509" visible="true" version="1" changeset="11619214" timestamp="2012-05-17T00:07:24Z" user="watao" uid="393606" lat="34.7703747" lon="137.3851340"/>
 <node id="1755466512" visible="true" version="3" changeset="90406908" timestamp="2020-09-04T09:43:53Z" user="carrotrain" uid="11602661" lat="34.7710366" lon="137.3852382"/>
 <node id="1756125646" visible="true" version="7" changeset="61875213" timestamp="2018-08-22T03:51:33Z" user="Ritchy Latte" uid="5399149" lat="34.7667868" lon="137.3828533">
  <tag k="highway" v="traffic_signals"/>
  <tag k="source" v="bing"/>
 </node>
 <node id="1763045976" visible="true" version="2" changeset="61015276" timestamp="2018-07-24T09:39:14Z" user="futurumspes" uid="651065" lat="34.7693626" lon="137.3864210">
  <tag k="highway" v="traffic_signals"/>
  <tag k="source" v="bing"/>
 </node>
 <node id="2008690734" visible="true" version="5" changeset="90406908" timestamp="2020-09-04T09:43:53Z" user="carrotrain" uid="11602661" lat="34.7656875" lon="137.3839608"/>
 <node id="2008690739" visible="true" version="3" changeset="90406908" timestamp="2020-09-04T09:43:53Z" user="carrotrain" uid="11602661" lat="34.7660406" lon="137.3842647"/>
 <node id="2008690741" visible="true" version="2" changeset="39145061" timestamp="2016-05-06T14:22:12Z" user="yoshitk" uid="1003241" lat="34.7661976" lon="137.3882225"/>
 <node id="2008690749" visible="true" version="4" changeset="90406908" timestamp="2020-09-04T09:43:53Z" user="carrotrain" uid="11602661" lat="34.7667244" lon="137.3848532"/>
 <node id="2008690751" visible="true" version="2" changeset="41952809" timestamp="2016-09-06T11:16:43Z" user="下り専門" uid="692002" lat="34.7667666" lon="137.3836333"/>
 <node id="2008690752" visible="true" version="3" changeset="60346548" timestamp="2018-07-02T12:12:48Z" user="futurumspes" uid="651065" lat="34.7667856" lon="137.3829949">
  <tag k="highway" v="traffic_signals"/>
  <tag k="source" v="bing"/>
 </node>
 <node id="2008690760" visible="true" version="1" changeset="13834509" timestamp="2012-11-11T15:58:34Z" user="TKE-waka" uid="728316" lat="34.7668955" lon="137.3850255"/>
 <node id="2008690763" visible="true" version="8" changeset="90396618" timestamp="2020-09-04T06:43:22Z" user="carrotrain" uid="11602661" lat="34.7676045" lon="137.3828893">
  <tag k="highway" v="traffic_signals"/>
  <tag k="junction" v="yes"/>
  <tag k="name" v="商業会議所北東"/>
  <tag k="source" v="Survey, Image"/>
 </node>
 <node id="2008690764" visible="true" version="4" changeset="90396618" timestamp="2020-09-04T06:43:22Z" user="carrotrain" uid="11602661" lat="34.7676148" lon="137.3830129">
  <tag k="highway" v="traffic_signals"/>
  <tag k="junction" v="yes"/>
  <tag k="name" v="商業会議所北東"/>
  <tag k="source" v="Survey, Image"/>
 </node>
 <node id="2008690780" visible="true" version="1" changeset="13834509" timestamp="2012-11-11T15:58:35Z" user="TKE-waka" uid="728316" lat="34.7694938" lon="137.3857320"/>
 <node id="2008799686" visible="true" version="2" changeset="41993217" timestamp="2016-09-08T03:18:59Z" user="下り専門" uid="692002" lat="34.7667875" lon="137.3891428"/>
 <node id="2153868400" visible="true" version="4" changeset="42071284" timestamp="2016-09-11T05:44:42Z" user="K_Sakanoshita" uid="389520" lat="34.7688023" lon="137.3831556"/>
 <node id="4382004357" visible="true" version="3" changeset="62882190" timestamp="2018-09-24T14:12:47Z" user="Ritchy Latte" uid="5399149" lat="34.7678443" lon="137.3837861"/>
 <node id="4382004358" visible="true" version="3" changeset="62882190" timestamp="2018-09-24T14:12:47Z" user="Ritchy Latte" uid="5399149" lat="34.7678539" lon="137.3837313"/>
 <node id="4382004359" visible="true" version="4" changeset="62882190" timestamp="2018-09-24T14:12:47Z" user="Ritchy Latte" uid="5399149" lat="34.7678492" lon="137.3838862"/>
 <node id="4382004360" visible="true" version="3" changeset="62882190" timestamp="2018-09-24T14:12:47Z" user="Ritchy Latte" uid="5399149" lat="34.7678951" lon="137.3836524"/>
 <node id="4382004361" visible="true" version="3" changeset="62882190" timestamp="2018-09-24T14:12:47Z" user="Ritchy Latte" uid="5399149" lat="34.7678819" lon="137.3839564"/>
 <node id="4382004362" visible="true" version="3" changeset="62882190" timestamp="2018-09-24T14:12:47Z" user="Ritchy Latte" uid="5399149" lat="34.7679489" lon="137.3836072"/>
 <node id="4382004363" visible="true" version="3" changeset="62882190" timestamp="2018-09-24T14:12:47Z" user="Ritchy Latte" uid="5399149" lat="34.7679412" lon="137.3840220"/>
 <node id="4382004364" visible="true" version="4" changeset="62882190" timestamp="2018-09-24T14:12:47Z" user="Ritchy Latte" uid="5399149" lat="34.7680137" lon="137.3835820"/>
 <node id="4382004365" visible="true" version="4" changeset="62882190" timestamp="2018-09-24T14:12:47Z" user="Ritchy Latte" uid="5399149" lat="34.7680050" lon="137.3840483"/>
 <node id="4382004366" visible="true" version="2" changeset="62882190" timestamp="2018-09-24T14:12:47Z" user="Ritchy Latte" uid="5399149" lat="34.7680582" lon="137.3835778"/>
 <node id="4382004370" visible="true" version="4" changeset="90401346" timestamp="2020-09-04T08:00:19Z" user="carrotrain" uid="11602661" lat="34.7683785" lon="137.3838517"/>
 <node id="4382004371" visible="true" version="3" changeset="42749262" timestamp="2016-10-09T08:52:31Z" user="kamigata0" uid="254135" lat="34.7683262" lon="137.3835896"/>
 <node id="4382004373" visible="true" version="6" changeset="90401346" timestamp="2020-09-04T08:00:19Z" user="carrotrain" uid="11602661" lat="34.7684466" lon="137.3840309"/>
 <node id="4386984203" visible="true" version="1" changeset="41952809" timestamp="2016-09-06T11:16:28Z" user="下り専門" uid="692002" lat="34.7671395" lon="137.3846616"/>
 <node id="4386984205" visible="true" version="1" changeset="41952809" timestamp="2016-09-06T11:16:28Z" user="下り専門" uid="692002" lat="34.7671402" lon="137.3847879"/>
 <node id="4386984209" visible="true" version="1" changeset="41952809" timestamp="2016-09-06T11:16:28Z" user="下り専門" uid="692002" lat="34.7671504" lon="137.3847954"/>
 <node id="4386984210" visible="true" version="1" changeset="41952809" timestamp="2016-09-06T11:16:28Z" user="下り専門" uid="692002" lat="34.7671528" lon="137.3849677"/>
 <node id="4386984216" visible="true" version="1" changeset="41952809" timestamp="2016-09-06T11:16:28Z" user="下り専門" uid="692002" lat="34.7671910" lon="137.3857552"/>
 <node id="4386984217" visible="true" version="1" changeset="41952809" timestamp="2016-09-06T11:16:28Z" user="下り専門" uid="692002" lat="34.7672240" lon="137.3857747"/>
 <node id="4386984225" visible="true" version="1" changeset="41952809" timestamp="2016-09-06T11:16:28Z" user="下り専門" uid="692002" lat="34.7672922" lon="137.3846591"/>
 <node id="4386984226" visible="true" version="1" changeset="41952809" timestamp="2016-09-06T11:16:28Z" user="下り専門" uid="692002" lat="34.7672926" lon="137.3847286"/>
 <node id="4386984227" visible="true" version="1" changeset="41952809" timestamp="2016-09-06T11:16:28Z" user="下り専門" uid="692002" lat="34.7672955" lon="137.3848778"/>
 <node id="4386984228" visible="true" version="1" changeset="41952809" timestamp="2016-09-06T11:16:28Z" user="下り専門" uid="692002" lat="34.7672957" lon="137.3849687"/>
 <node id="4386984231" visible="true" version="1" changeset="41952809" timestamp="2016-09-06T11:16:28Z" user="下り専門" uid="692002" lat="34.7673132" lon="137.3848384"/>
 <node id="4386984232" visible="true" version="1" changeset="41952809" timestamp="2016-09-06T11:16:28Z" user="下り専門" uid="692002" lat="34.7673133" lon="137.3848778"/>
 <node id="4386984233" visible="true" version="1" changeset="41952809" timestamp="2016-09-06T11:16:28Z" user="下り専門" uid="692002" lat="34.7673178" lon="137.3847283"/>
 <node id="4386984234" visible="true" version="1" changeset="41952809" timestamp="2016-09-06T11:16:28Z" user="下り専門" uid="692002" lat="34.7673180" lon="137.3847563"/>
 <node id="4386984235" visible="true" version="1" changeset="41952809" timestamp="2016-09-06T11:16:28Z" user="下り専門" uid="692002" lat="34.7673264" lon="137.3847720"/>
 <node id="4386984236" visible="true" version="1" changeset="41952809" timestamp="2016-09-06T11:16:28Z" user="下り専門" uid="692002" lat="34.7673266" lon="137.3848384"/>
 <node id="4386984239" visible="true" version="1" changeset="41952809" timestamp="2016-09-06T11:16:28Z" user="下り専門" uid="692002" lat="34.7673671" lon="137.3846584"/>
 <node id="4386984240" visible="true" version="1" changeset="41952809" timestamp="2016-09-06T11:16:29Z" user="下り専門" uid="692002" lat="34.7673677" lon="137.3847559"/>
 <node id="4386984241" visible="true" version="1" changeset="41952809" timestamp="2016-09-06T11:16:29Z" user="下り専門" uid="692002" lat="34.7673725" lon="137.3847718"/>
 <node id="4386984242" visible="true" version="1" changeset="41952809" timestamp="2016-09-06T11:16:29Z" user="下り専門" uid="692002" lat="34.7673730" lon="137.3849684"/>
 <node id="4386984246" visible="true" version="1" changeset="41952809" timestamp="2016-09-06T11:16:29Z" user="下り専門" uid="692002" lat="34.7674160" lon="137.3858686"/>
 <node id="4386984247" visible="true" version="1" changeset="41952809" timestamp="2016-09-06T11:16:29Z" user="下り専門" uid="692002" lat="34.7674291" lon="137.3849696"/>
 <node id="4386984248" visible="true" version="1" changeset="41952809" timestamp="2016-09-06T11:16:29Z" user="下り専門" uid="692002" lat="34.7674300" lon="137.3846748"/>
 <node id="4386984253" visible="true" version="1" changeset="41952809" timestamp="2016-09-06T11:16:29Z" user="下り専門" uid="692002" lat="34.7674702" lon="137.3849698"/>
 <node id="4386984254" visible="true" version="1" changeset="41952809" timestamp="2016-09-06T11:16:29Z" user="下り専門" uid="692002" lat="34.7674711" lon="137.3846750"/>
 <node id="4386984255" visible="true" version="1" changeset="41952809" timestamp="2016-09-06T11:16:29Z" user="下り専門" uid="692002" lat="34.7674776" lon="137.3849698"/>
 <node id="4386984256" visible="true" version="1" changeset="41952809" timestamp="2016-09-06T11:16:29Z" user="下り専門" uid="692002" lat="34.7674783" lon="137.3847466"/>
 <node id="4386984259" visible="true" version="1" changeset="41952809" timestamp="2016-09-06T11:16:29Z" user="下り専門" uid="692002" lat="34.7674848" lon="137.3858833"/>
 <node id="4386984269" visible="true" version="1" changeset="41952809" timestamp="2016-09-06T11:16:29Z" user="下り専門" uid="692002" lat="34.7675150" lon="137.3849700"/>
 <node id="4386984270" visible="true" version="1" changeset="41952809" timestamp="2016-09-06T11:16:29Z" user="下り専門" uid="692002" lat="34.7675157" lon="137.3847467"/>
 <node id="4386984272" visible="true" version="1" changeset="41952809" timestamp="2016-09-06T11:16:29Z" user="下り専門" uid="692002" lat="34.7675195" lon="137.3858726"/>
 <node id="4386984276" visible="true" version="1" changeset="41952809" timestamp="2016-09-06T11:16:29Z" user="下り専門" uid="692002" lat="34.7675454" lon="137.3856821"/>
 <node id="4386984277" visible="true" version="1" changeset="41952809" timestamp="2016-09-06T11:16:29Z" user="下り専門" uid="692002" lat="34.7675498" lon="137.3858431"/>
 <node id="4386984278" visible="true" version="1" changeset="41952809" timestamp="2016-09-06T11:16:29Z" user="下り専門" uid="692002" lat="34.7675548" lon="137.3857351"/>
 <node id="4386984279" visible="true" version="1" changeset="41952809" timestamp="2016-09-06T11:16:29Z" user="下り専門" uid="692002" lat="34.7675608" lon="137.3858082"/>
 <node id="4386984282" visible="true" version="2" changeset="90406908" timestamp="2020-09-04T09:43:53Z" user="carrotrain" uid="11602661" lat="34.7676263" lon="137.3852734"/>
 <node id="4386984283" visible="true" version="2" changeset="90406908" timestamp="2020-09-04T09:43:53Z" user="carrotrain" uid="11602661" lat="34.7676665" lon="137.3852868"/>
 <node id="4386984284" visible="true" version="1" changeset="41952809" timestamp="2016-09-06T11:16:29Z" user="下り専門" uid="692002" lat="34.7677038" lon="137.3851055"/>
 <node id="4386984285" visible="true" version="4" changeset="90396618" timestamp="2020-09-04T06:43:22Z" user="carrotrain" uid="11602661" lat="34.7677496" lon="137.3846238"/>
 <node id="4386984286" visible="true" version="2" changeset="90401346" timestamp="2020-09-04T08:00:19Z" user="carrotrain" uid="11602661" lat="34.7680235" lon="137.3841345"/>
 <node id="4386984287" visible="true" version="1" changeset="41952809" timestamp="2016-09-06T11:16:29Z" user="下り専門" uid="692002" lat="34.7680832" lon="137.3850252"/>
 <node id="4386984318" visible="true" version="2" changeset="41993217" timestamp="2016-09-08T03:18:59Z" user="下り専門" uid="692002" lat="34.7667349" lon="137.3846488"/>
 <node id="4386984321" visible="true" version="2" changeset="90406908" timestamp="2020-09-04T09:43:53Z" user="carrotrain" uid="11602661" lat="34.7668404" lon="137.3855502"/>
 <node id="4386984323" visible="true" version="2" changeset="90406908" timestamp="2020-09-04T09:43:53Z" user="carrotrain" uid="11602661" lat="34.7668233" lon="137.3856417"/>
 <node id="4386984325" visible="true" version="1" changeset="41952809" timestamp="2016-09-06T11:16:26Z" user="下り専門" uid="692002" lat="34.7667767" lon="137.3851014"/>
 <node id="4386984326" visible="true" version="1" changeset="41952809" timestamp="2016-09-06T11:16:26Z" user="下り専門" uid="692002" lat="34.7667861" lon="137.3857056"/>
 <node id="4386984327" visible="true" version="2" changeset="90406908" timestamp="2020-09-04T09:43:53Z" user="carrotrain" uid="11602661" lat="34.7667925" lon="137.3856455"/>
 <node id="4386984328" visible="true" version="1" changeset="41952809" timestamp="2016-09-06T11:16:26Z" user="下り専門" uid="692002" lat="34.7667918" lon="137.3847915"/>
 <node id="4386984329" visible="true" version="1" changeset="41952809" timestamp="2016-09-06T11:16:26Z" user="下り専門" uid="692002" lat="34.7667924" lon="137.3848667"/>
 <node id="4386984330" visible="true" version="1" changeset="41952809" timestamp="2016-09-06T11:16:26Z" user="下り専門" uid="692002" lat="34.7667933" lon="137.3846860"/>
 <node id="4386984331" visible="true" version="1" changeset="41952809" timestamp="2016-09-06T11:16:26Z" user="下り専門" uid="692002" lat="34.7667937" lon="137.3847936"/>
 <node id="4386984332" visible="true" version="1" changeset="41952809" timestamp="2016-09-06T11:16:26Z" user="下り専門" uid="692002" lat="34.7668167" lon="137.3846659"/>
 <node id="4386984336" visible="true" version="1" changeset="41952809" timestamp="2016-09-06T11:16:26Z" user="下り専門" uid="692002" lat="34.7668494" lon="137.3849128"/>
 <node id="4386984337" visible="true" version="1" changeset="41952809" timestamp="2016-09-06T11:16:26Z" user="下り専門" uid="692002" lat="34.7668498" lon="137.3848888"/>
 <node id="4386984339" visible="true" version="1" changeset="41952809" timestamp="2016-09-06T11:16:26Z" user="下り専門" uid="692002" lat="34.7668643" lon="137.3848892"/>
 <node id="4386984341" visible="true" version="1" changeset="41952809" timestamp="2016-09-06T11:16:26Z" user="下り専門" uid="692002" lat="34.7668660" lon="137.3847954"/>
 <node id="4386984343" visible="true" version="1" changeset="41952809" timestamp="2016-09-06T11:16:26Z" user="下り専門" uid="692002" lat="34.7668678" lon="137.3847931"/>
 <node id="4386984344" visible="true" version="1" changeset="41952809" timestamp="2016-09-06T11:16:26Z" user="下り専門" uid="692002" lat="34.7668679" lon="137.3857251"/>
 <node id="4386984345" visible="true" version="1" changeset="41952809" timestamp="2016-09-06T11:16:26Z" user="下り専門" uid="692002" lat="34.7668688" lon="137.3847242"/>
 <node id="4386984346" visible="true" version="1" changeset="41952809" timestamp="2016-09-06T11:16:26Z" user="下り専門" uid="692002" lat="34.7668778" lon="137.3856801"/>
 <node id="4386984347" visible="true" version="1" changeset="41952809" timestamp="2016-09-06T11:16:26Z" user="下り専門" uid="692002" lat="34.7668854" lon="137.3847246"/>
 <node id="4386984348" visible="true" version="1" changeset="41952809" timestamp="2016-09-06T11:16:26Z" user="下り専門" uid="692002" lat="34.7668862" lon="137.3846674"/>
 <node id="4386984349" visible="true" version="1" changeset="41952809" timestamp="2016-09-06T11:16:26Z" user="下り専門" uid="692002" lat="34.7668902" lon="137.3846632"/>
 <node id="4386984350" visible="true" version="1" changeset="41952809" timestamp="2016-09-06T11:16:26Z" user="下り専門" uid="692002" lat="34.7668910" lon="137.3849606"/>
 <node id="4386984359" visible="true" version="1" changeset="41952809" timestamp="2016-09-06T11:16:27Z" user="下り専門" uid="692002" lat="34.7669731" lon="137.3846629"/>
 <node id="4386984360" visible="true" version="1" changeset="41952809" timestamp="2016-09-06T11:16:27Z" user="下り専門" uid="692002" lat="34.7669739" lon="137.3849603"/>
 <node id="4386984361" visible="true" version="1" changeset="41952809" timestamp="2016-09-06T11:16:27Z" user="下り専門" uid="692002" lat="34.7669797" lon="137.3847792"/>
 <node id="4386984362" visible="true" version="1" changeset="41952809" timestamp="2016-09-06T11:16:27Z" user="下り専門" uid="692002" lat="34.7669803" lon="137.3849606"/>
 <node id="4386984363" visible="true" version="1" changeset="41952809" timestamp="2016-09-06T11:16:27Z" user="下り専門" uid="692002" lat="34.7669866" lon="137.3846752"/>
 <node id="4386984364" visible="true" version="1" changeset="41952809" timestamp="2016-09-06T11:16:27Z" user="下り専門" uid="692002" lat="34.7669869" lon="137.3847621"/>
 <node id="4386984367" visible="true" version="1" changeset="41952809" timestamp="2016-09-06T11:16:27Z" user="下り専門" uid="692002" lat="34.7670469" lon="137.3846750"/>
 <node id="4386984368" visible="true" version="1" changeset="41952809" timestamp="2016-09-06T11:16:27Z" user="下り専門" uid="692002" lat="34.7670472" lon="137.3847619"/>
 <node id="4386984369" visible="true" version="1" changeset="41952809" timestamp="2016-09-06T11:16:27Z" user="下り専門" uid="692002" lat="34.7670486" lon="137.3847789"/>
 <node id="4386984370" visible="true" version="1" changeset="41952809" timestamp="2016-09-06T11:16:27Z" user="下り専門" uid="692002" lat="34.7670491" lon="137.3849603"/>
 <node id="4386984372" visible="true" version="1" changeset="41952809" timestamp="2016-09-06T11:16:27Z" user="下り専門" uid="692002" lat="34.7670866" lon="137.3848957"/>
 <node id="4386984373" visible="true" version="1" changeset="41952809" timestamp="2016-09-06T11:16:27Z" user="下り専門" uid="692002" lat="34.7670876" lon="137.3849690"/>
 <node id="4386984375" visible="true" version="1" changeset="41952809" timestamp="2016-09-06T11:16:27Z" user="下り専門" uid="692002" lat="34.7670968" lon="137.3846619"/>
 <node id="4386984376" visible="true" version="1" changeset="41952809" timestamp="2016-09-06T11:16:27Z" user="下り専門" uid="692002" lat="34.7670972" lon="137.3847965"/>
 <node id="4386984377" visible="true" version="1" changeset="41952809" timestamp="2016-09-06T11:16:27Z" user="下り専門" uid="692002" lat="34.7670976" lon="137.3847883"/>
 <node id="4386984379" visible="true" version="1" changeset="41952809" timestamp="2016-09-06T11:16:27Z" user="下り専門" uid="692002" lat="34.7670986" lon="137.3848954"/>
 <node id="4388539275" visible="true" version="1" changeset="41969817" timestamp="2016-09-07T03:15:48Z" user="下り専門" uid="692002" lat="34.7663256" lon="137.3841731"/>
 <node id="4388539276" visible="true" version="1" changeset="41969817" timestamp="2016-09-07T03:15:48Z" user="下り専門" uid="692002" lat="34.7663274" lon="137.3839249"/>
 <node id="4388539287" visible="true" version="1" changeset="41969817" timestamp="2016-09-07T03:15:48Z" user="下り専門" uid="692002" lat="34.7664480" lon="137.3841744"/>
 <node id="4388539288" visible="true" version="1" changeset="41969817" timestamp="2016-09-07T03:15:48Z" user="下り専門" uid="692002" lat="34.7664498" lon="137.3839262"/>
 <node id="4388539689" visible="true" version="1" changeset="41969817" timestamp="2016-09-07T03:15:48Z" user="下り専門" uid="692002" lat="34.7664536" lon="137.3841728"/>
 <node id="4388539690" visible="true" version="1" changeset="41969817" timestamp="2016-09-07T03:15:48Z" user="下り専門" uid="692002" lat="34.7664555" lon="137.3839123"/>
 <node id="4388539693" visible="true" version="1" changeset="41969817" timestamp="2016-09-07T03:15:48Z" user="下り専門" uid="692002" lat="34.7664948" lon="137.3841733"/>
 <node id="4388539694" visible="true" version="1" changeset="41969817" timestamp="2016-09-07T03:15:48Z" user="下り専門" uid="692002" lat="34.7664955" lon="137.3840708"/>
 <node id="4388539697" visible="true" version="1" changeset="41969817" timestamp="2016-09-07T03:15:48Z" user="下り専門" uid="692002" lat="34.7665056" lon="137.3840810"/>
 <node id="4388539698" visible="true" version="1" changeset="41969817" timestamp="2016-09-07T03:15:48Z" user="下り専門" uid="692002" lat="34.7665060" lon="137.3841927"/>
 <node id="4388539701" visible="true" version="1" changeset="41969817" timestamp="2016-09-07T03:15:48Z" user="下り専門" uid="692002" lat="34.7665221" lon="137.3840711"/>
 <node id="4388539702" visible="true" version="1" changeset="41969817" timestamp="2016-09-07T03:15:48Z" user="下り専門" uid="692002" lat="34.7665232" lon="137.3839130"/>
 <node id="4388539703" visible="true" version="1" changeset="41969817" timestamp="2016-09-07T03:15:48Z" user="下り専門" uid="692002" lat="34.7665414" lon="137.3840808"/>
 <node id="4388539704" visible="true" version="1" changeset="41969817" timestamp="2016-09-07T03:15:48Z" user="下り専門" uid="692002" lat="34.7665425" lon="137.3841014"/>
 <node id="4388539709" visible="true" version="1" changeset="41969817" timestamp="2016-09-07T03:15:48Z" user="下り専門" uid="692002" lat="34.7666664" lon="137.3841917"/>
 <node id="4388539710" visible="true" version="1" changeset="41969817" timestamp="2016-09-07T03:15:48Z" user="下り専門" uid="692002" lat="34.7666836" lon="137.3841040"/>
 <node id="4388539711" visible="true" version="1" changeset="41969817" timestamp="2016-09-07T03:15:48Z" user="下り専門" uid="692002" lat="34.7666839" lon="137.3841724"/>
 <node id="4388539714" visible="true" version="1" changeset="41969817" timestamp="2016-09-07T03:15:48Z" user="下り専門" uid="692002" lat="34.7668270" lon="137.3839534"/>
 <node id="4388539715" visible="true" version="1" changeset="41969817" timestamp="2016-09-07T03:15:48Z" user="下り専門" uid="692002" lat="34.7668271" lon="137.3841525"/>
 <node id="4388539716" visible="true" version="1" changeset="41969817" timestamp="2016-09-07T03:15:48Z" user="下り専門" uid="692002" lat="34.7668403" lon="137.3841738"/>
 <node id="4388539723" visible="true" version="1" changeset="41969817" timestamp="2016-09-07T03:15:48Z" user="下り専門" uid="692002" lat="34.7668464" lon="137.3839362"/>
 <node id="4388539784" visible="true" version="1" changeset="41969817" timestamp="2016-09-07T03:15:49Z" user="下り専門" uid="692002" lat="34.7670639" lon="137.3841545"/>
 <node id="4388539785" visible="true" version="1" changeset="41969817" timestamp="2016-09-07T03:15:49Z" user="下り専門" uid="692002" lat="34.7670639" lon="137.3841737"/>
 <node id="4388539794" visible="true" version="1" changeset="41969817" timestamp="2016-09-07T03:15:49Z" user="下り専門" uid="692002" lat="34.7671154" lon="137.3839361"/>
 <node id="4388539795" visible="true" version="1" changeset="41969817" timestamp="2016-09-07T03:15:49Z" user="下り専門" uid="692002" lat="34.7671155" lon="137.3841545"/>
 <node id="4388539800" visible="true" version="1" changeset="41969817" timestamp="2016-09-07T03:15:49Z" user="下り専門" uid="692002" lat="34.7671517" lon="137.3841620"/>
 <node id="4388539802" visible="true" version="1" changeset="41969817" timestamp="2016-09-07T03:15:49Z" user="下り専門" uid="692002" lat="34.7671539" lon="137.3839286"/>
 <node id="4388539803" visible="true" version="1" changeset="41969817" timestamp="2016-09-07T03:15:49Z" user="下り専門" uid="692002" lat="34.7671561" lon="137.3847922"/>
 <node id="4388539804" visible="true" version="1" changeset="41969817" timestamp="2016-09-07T03:15:49Z" user="下り専門" uid="692002" lat="34.7671563" lon="137.3849701"/>
 <node id="4388539816" visible="true" version="1" changeset="41969817" timestamp="2016-09-07T03:15:50Z" user="下り専門" uid="692002" lat="34.7671948" lon="137.3841626"/>
 <node id="4388539817" visible="true" version="1" changeset="41969817" timestamp="2016-09-07T03:15:50Z" user="下り専門" uid="692002" lat="34.7671970" lon="137.3839292"/>
 <node id="4388539822" visible="true" version="1" changeset="41969817" timestamp="2016-09-07T03:15:50Z" user="下り専門" uid="692002" lat="34.7672072" lon="137.3847921"/>
 <node id="4388539823" visible="true" version="1" changeset="41969817" timestamp="2016-09-07T03:15:50Z" user="下り専門" uid="692002" lat="34.7672074" lon="137.3849700"/>
 <node id="4388539824" visible="true" version="1" changeset="41969817" timestamp="2016-09-07T03:15:50Z" user="下り専門" uid="692002" lat="34.7672091" lon="137.3841555"/>
 <node id="4388539825" visible="true" version="1" changeset="41969817" timestamp="2016-09-07T03:15:50Z" user="下り専門" uid="692002" lat="34.7672102" lon="137.3839329"/>
 <node id="4388539826" visible="true" version="1" changeset="41969817" timestamp="2016-09-07T03:15:50Z" user="下り専門" uid="692002" lat="34.7672121" lon="137.3847448"/>
 <node id="4388539827" visible="true" version="1" changeset="41969817" timestamp="2016-09-07T03:15:50Z" user="下り専門" uid="692002" lat="34.7672129" lon="137.3849555"/>
 <node id="4388539830" visible="true" version="1" changeset="41969817" timestamp="2016-09-07T03:15:50Z" user="下り専門" uid="692002" lat="34.7672344" lon="137.3849554"/>
 <node id="4388539831" visible="true" version="1" changeset="41969817" timestamp="2016-09-07T03:15:50Z" user="下り専門" uid="692002" lat="34.7672345" lon="137.3849685"/>
 <node id="4388539834" visible="true" version="1" changeset="41969817" timestamp="2016-09-07T03:15:50Z" user="下り専門" uid="692002" lat="34.7672563" lon="137.3847446"/>
 <node id="4388539835" visible="true" version="1" changeset="41969817" timestamp="2016-09-07T03:15:50Z" user="下り専門" uid="692002" lat="34.7672564" lon="137.3847708"/>
 <node id="4388539839" visible="true" version="1" changeset="41969817" timestamp="2016-09-07T03:15:50Z" user="下り専門" uid="692002" lat="34.7672609" lon="137.3841559"/>
 <node id="4388539840" visible="true" version="1" changeset="41969817" timestamp="2016-09-07T03:15:50Z" user="下り専門" uid="692002" lat="34.7672620" lon="137.3839333"/>
 <node id="4388539844" visible="true" version="1" changeset="41969817" timestamp="2016-09-07T03:15:50Z" user="下り専門" uid="692002" lat="34.7672653" lon="137.3839119"/>
 <node id="4388539845" visible="true" version="1" changeset="41969817" timestamp="2016-09-07T03:15:50Z" user="下り専門" uid="692002" lat="34.7672654" lon="137.3840647"/>
 <node id="4388539848" visible="true" version="1" changeset="41969817" timestamp="2016-09-07T03:15:50Z" user="下り専門" uid="692002" lat="34.7672705" lon="137.3840727"/>
 <node id="4388539849" visible="true" version="1" changeset="41969817" timestamp="2016-09-07T03:15:50Z" user="下り専門" uid="692002" lat="34.7672705" lon="137.3841747"/>
 <node id="4388539854" visible="true" version="1" changeset="41969817" timestamp="2016-09-07T03:15:50Z" user="下り専門" uid="692002" lat="34.7672811" lon="137.3847706"/>
 <node id="4388539855" visible="true" version="1" changeset="41969817" timestamp="2016-09-07T03:15:50Z" user="下り専門" uid="692002" lat="34.7672813" lon="137.3848169"/>
 <node id="4388539856" visible="true" version="1" changeset="41969817" timestamp="2016-09-07T03:15:50Z" user="下り専門" uid="692002" lat="34.7672895" lon="137.3848169"/>
 <node id="4388539857" visible="true" version="1" changeset="41969817" timestamp="2016-09-07T03:15:50Z" user="下り専門" uid="692002" lat="34.7672900" lon="137.3849682"/>
 <node id="4388539862" visible="true" version="1" changeset="41969817" timestamp="2016-09-07T03:15:50Z" user="下り専門" uid="692002" lat="34.7673342" lon="137.3840079"/>
 <node id="4388539863" visible="true" version="1" changeset="41969817" timestamp="2016-09-07T03:15:50Z" user="下り専門" uid="692002" lat="34.7673342" lon="137.3840646"/>
 <node id="4388539864" visible="true" version="1" changeset="41969817" timestamp="2016-09-07T03:15:50Z" user="下り専門" uid="692002" lat="34.7673355" lon="137.3840727"/>
 <node id="4388539865" visible="true" version="1" changeset="41969817" timestamp="2016-09-07T03:15:50Z" user="下り専門" uid="692002" lat="34.7673355" lon="137.3841747"/>
 <node id="4388539866" visible="true" version="1" changeset="41969817" timestamp="2016-09-07T03:15:50Z" user="下り専門" uid="692002" lat="34.7673490" lon="137.3839118"/>
 <node id="4388539867" visible="true" version="1" changeset="41969817" timestamp="2016-09-07T03:15:50Z" user="下り専門" uid="692002" lat="34.7673490" lon="137.3840079"/>
 <node id="4388539868" visible="true" version="1" changeset="41969817" timestamp="2016-09-07T03:15:50Z" user="下り専門" uid="692002" lat="34.7673514" lon="137.3839214"/>
 <node id="4388539869" visible="true" version="1" changeset="41969817" timestamp="2016-09-07T03:15:50Z" user="下り専門" uid="692002" lat="34.7673518" lon="137.3839552"/>
 <node id="4388539870" visible="true" version="1" changeset="41969817" timestamp="2016-09-07T03:15:50Z" user="下り専門" uid="692002" lat="34.7673596" lon="137.3839550"/>
 <node id="4388539871" visible="true" version="1" changeset="41969817" timestamp="2016-09-07T03:15:50Z" user="下り専門" uid="692002" lat="34.7673605" lon="137.3840217"/>
 <node id="4388539891" visible="true" version="1" changeset="41969817" timestamp="2016-09-07T03:15:50Z" user="下り専門" uid="692002" lat="34.7674276" lon="137.3840014"/>
 <node id="4388539892" visible="true" version="1" changeset="41969817" timestamp="2016-09-07T03:15:51Z" user="下り専門" uid="692002" lat="34.7674279" lon="137.3840204"/>
 <node id="4388539894" visible="true" version="1" changeset="41969817" timestamp="2016-09-07T03:15:51Z" user="下り専門" uid="692002" lat="34.7674330" lon="137.3840052"/>
 <node id="4388539895" visible="true" version="1" changeset="41969817" timestamp="2016-09-07T03:15:51Z" user="下り専門" uid="692002" lat="34.7674352" lon="137.3841648"/>
 <node id="4388539902" visible="true" version="1" changeset="41969817" timestamp="2016-09-07T03:15:51Z" user="下り専門" uid="692002" lat="34.7674696" lon="137.3839766"/>
 <node id="4388539903" visible="true" version="1" changeset="41969817" timestamp="2016-09-07T03:15:51Z" user="下り専門" uid="692002" lat="34.7674699" lon="137.3840006"/>
 <node id="4388539906" visible="true" version="1" changeset="41969817" timestamp="2016-09-07T03:15:51Z" user="下り専門" uid="692002" lat="34.7674797" lon="137.3840042"/>
 <node id="4388539907" visible="true" version="1" changeset="41969817" timestamp="2016-09-07T03:15:51Z" user="下り専門" uid="692002" lat="34.7674819" lon="137.3841638"/>
 <node id="4388539914" visible="true" version="1" changeset="41969817" timestamp="2016-09-07T03:15:51Z" user="下り専門" uid="692002" lat="34.7675012" lon="137.3839185"/>
 <node id="4388539916" visible="true" version="1" changeset="41969817" timestamp="2016-09-07T03:15:51Z" user="下り専門" uid="692002" lat="34.7675019" lon="137.3839760"/>
 <node id="4388539917" visible="true" version="1" changeset="41969817" timestamp="2016-09-07T03:15:51Z" user="下り専門" uid="692002" lat="34.7675042" lon="137.3839487"/>
 <node id="4388539918" visible="true" version="1" changeset="41969817" timestamp="2016-09-07T03:15:51Z" user="下り専門" uid="692002" lat="34.7675059" lon="137.3841056"/>
 <node id="4388539919" visible="true" version="1" changeset="41969817" timestamp="2016-09-07T03:15:51Z" user="下り専門" uid="692002" lat="34.7675059" lon="137.3841687"/>
 <node id="4388539920" visible="true" version="1" changeset="41969817" timestamp="2016-09-07T03:15:51Z" user="下り専門" uid="692002" lat="34.7675064" lon="137.3840419"/>
 <node id="4388539921" visible="true" version="1" changeset="41969817" timestamp="2016-09-07T03:15:51Z" user="下り専門" uid="692002" lat="34.7675175" lon="137.3839259"/>
 <node id="4388539922" visible="true" version="1" changeset="41969817" timestamp="2016-09-07T03:15:51Z" user="下り専門" uid="692002" lat="34.7675191" lon="137.3840439"/>
 <node id="4388539923" visible="true" version="1" changeset="41969817" timestamp="2016-09-07T03:15:51Z" user="下り専門" uid="692002" lat="34.7675202" lon="137.3839474"/>
 <node id="4388539924" visible="true" version="1" changeset="41969817" timestamp="2016-09-07T03:15:51Z" user="下り専門" uid="692002" lat="34.7675230" lon="137.3841070"/>
 <node id="4388539936" visible="true" version="1" changeset="41969817" timestamp="2016-09-07T03:15:51Z" user="下り専門" uid="692002" lat="34.7675935" lon="137.3841660"/>
 <node id="4388539937" visible="true" version="1" changeset="41969817" timestamp="2016-09-07T03:15:51Z" user="下り専門" uid="692002" lat="34.7675957" lon="137.3839199"/>
 <node id="4388539938" visible="true" version="1" changeset="41969817" timestamp="2016-09-07T03:15:51Z" user="下り専門" uid="692002" lat="34.7676150" lon="137.3841425"/>
 <node id="4389693517" visible="true" version="1" changeset="41981506" timestamp="2016-09-07T15:11:45Z" user="torimomo" uid="328424" lat="34.7666340" lon="137.3863815"/>
 <node id="4389693518" visible="true" version="1" changeset="41981506" timestamp="2016-09-07T15:11:45Z" user="torimomo" uid="328424" lat="34.7666503" lon="137.3862674"/>
 <node id="4389693519" visible="true" version="1" changeset="41981506" timestamp="2016-09-07T15:11:45Z" user="torimomo" uid="328424" lat="34.7666512" lon="137.3862819"/>
 <node id="4389693520" visible="true" version="1" changeset="41981506" timestamp="2016-09-07T15:11:45Z" user="torimomo" uid="328424" lat="34.7666628" lon="137.3861950"/>
 <node id="4389693521" visible="true" version="2" changeset="90406908" timestamp="2020-09-04T09:43:53Z" user="carrotrain" uid="11602661" lat="34.7666989" lon="137.3859689"/>
 <node id="4389693522" visible="true" version="1" changeset="41981506" timestamp="2016-09-07T15:11:45Z" user="torimomo" uid="328424" lat="34.7667137" lon="137.3858982"/>
 <node id="4389693523" visible="true" version="1" changeset="41981506" timestamp="2016-09-07T15:11:45Z" user="torimomo" uid="328424" lat="34.7667162" lon="137.3858993"/>
 <node id="4389693524" visible="true" version="1" changeset="41981506" timestamp="2016-09-07T15:11:45Z" user="torimomo" uid="328424" lat="34.7667214" lon="137.3858863"/>
 <node id="4389693525" visible="true" version="1" changeset="41981506" timestamp="2016-09-07T15:11:45Z" user="torimomo" uid="328424" lat="34.7667304" lon="137.3858767"/>
 <node id="4389693526" visible="true" version="1" changeset="41981506" timestamp="2016-09-07T15:11:45Z" user="torimomo" uid="328424" lat="34.7667417" lon="137.3858721"/>
 <node id="4389693527" visible="true" version="1" changeset="41981506" timestamp="2016-09-07T15:11:45Z" user="torimomo" uid="328424" lat="34.7667515" lon="137.3858729"/>
 <node id="4389693528" visible="true" version="1" changeset="41981506" timestamp="2016-09-07T15:11:45Z" user="torimomo" uid="328424" lat="34.7667531" lon="137.3858655"/>
 <node id="4389693529" visible="true" version="1" changeset="41981506" timestamp="2016-09-07T15:11:45Z" user="torimomo" uid="328424" lat="34.7667585" lon="137.3859871"/>
 <node id="4389693530" visible="true" version="1" changeset="41981506" timestamp="2016-09-07T15:11:45Z" user="torimomo" uid="328424" lat="34.7667616" lon="137.3859729"/>
 <node id="4389693531" visible="true" version="1" changeset="41981506" timestamp="2016-09-07T15:11:45Z" user="torimomo" uid="328424" lat="34.7667788" lon="137.3859785"/>
 <node id="4389693532" visible="true" version="1" changeset="41981506" timestamp="2016-09-07T15:11:45Z" user="torimomo" uid="328424" lat="34.7667928" lon="137.3864222"/>
 <node id="4389693533" visible="true" version="1" changeset="41981506" timestamp="2016-09-07T15:11:45Z" user="torimomo" uid="328424" lat="34.7667976" lon="137.3864272"/>
 <node id="4389693534" visible="true" version="1" changeset="41981506" timestamp="2016-09-07T15:11:45Z" user="torimomo" uid="328424" lat="34.7668003" lon="137.3858809"/>
 <node id="4389693535" visible="true" version="1" changeset="41981506" timestamp="2016-09-07T15:11:45Z" user="torimomo" uid="328424" lat="34.7668100" lon="137.3863226"/>
 <node id="4389693536" visible="true" version="1" changeset="41981506" timestamp="2016-09-07T15:11:45Z" user="torimomo" uid="328424" lat="34.7668112" lon="137.3861550"/>
 <node id="4389693537" visible="true" version="1" changeset="41981506" timestamp="2016-09-07T15:11:45Z" user="torimomo" uid="328424" lat="34.7668112" lon="137.3863086"/>
 <node id="4389693538" visible="true" version="1" changeset="41981506" timestamp="2016-09-07T15:11:45Z" user="torimomo" uid="328424" lat="34.7668197" lon="137.3862993"/>
 <node id="4389693539" visible="true" version="1" changeset="41981506" timestamp="2016-09-07T15:11:45Z" user="torimomo" uid="328424" lat="34.7668204" lon="137.3861069"/>
 <node id="4389693540" visible="true" version="1" changeset="41981506" timestamp="2016-09-07T15:11:45Z" user="torimomo" uid="328424" lat="34.7668237" lon="137.3862362"/>
 <node id="4389693541" visible="true" version="1" changeset="41981506" timestamp="2016-09-07T15:11:45Z" user="torimomo" uid="328424" lat="34.7668291" lon="137.3860678"/>
 <node id="4389693542" visible="true" version="1" changeset="41981506" timestamp="2016-09-07T15:11:45Z" user="torimomo" uid="328424" lat="34.7668436" lon="137.3859914"/>
 <node id="4389693543" visible="true" version="1" changeset="41981506" timestamp="2016-09-07T15:11:45Z" user="torimomo" uid="328424" lat="34.7668453" lon="137.3861139"/>
 <node id="4389693544" visible="true" version="1" changeset="41981506" timestamp="2016-09-07T15:11:45Z" user="torimomo" uid="328424" lat="34.7668481" lon="137.3864401"/>
 <node id="4389693545" visible="true" version="1" changeset="41981506" timestamp="2016-09-07T15:11:45Z" user="torimomo" uid="328424" lat="34.7668528" lon="137.3860745"/>
 <node id="4389693546" visible="true" version="1" changeset="41981506" timestamp="2016-09-07T15:11:45Z" user="torimomo" uid="328424" lat="34.7668529" lon="137.3859497"/>
 <node id="4389693547" visible="true" version="1" changeset="41981506" timestamp="2016-09-07T15:11:45Z" user="torimomo" uid="328424" lat="34.7668632" lon="137.3858950"/>
 <node id="4389693548" visible="true" version="1" changeset="41981506" timestamp="2016-09-07T15:11:45Z" user="torimomo" uid="328424" lat="34.7668687" lon="137.3859984"/>
 <node id="4389693549" visible="true" version="1" changeset="41981506" timestamp="2016-09-07T15:11:45Z" user="torimomo" uid="328424" lat="34.7668702" lon="137.3863123"/>
 <node id="4389693550" visible="true" version="1" changeset="41981506" timestamp="2016-09-07T15:11:45Z" user="torimomo" uid="328424" lat="34.7668767" lon="137.3859564"/>
 <node id="4389693551" visible="true" version="1" changeset="41981506" timestamp="2016-09-07T15:11:45Z" user="torimomo" uid="328424" lat="34.7668915" lon="137.3861776"/>
 <node id="4389693552" visible="true" version="1" changeset="41981506" timestamp="2016-09-07T15:11:45Z" user="torimomo" uid="328424" lat="34.7668953" lon="137.3864522"/>
 <node id="4389693553" visible="true" version="1" changeset="41981506" timestamp="2016-09-07T15:11:45Z" user="torimomo" uid="328424" lat="34.7669243" lon="137.3860572"/>
 <node id="4389693554" visible="true" version="1" changeset="41981506" timestamp="2016-09-07T15:11:45Z" user="torimomo" uid="328424" lat="34.7669407" lon="137.3862160"/>
 <node id="4389693555" visible="true" version="1" changeset="41981506" timestamp="2016-09-07T15:11:45Z" user="torimomo" uid="328424" lat="34.7669410" lon="137.3859169"/>
 <node id="4389693556" visible="true" version="1" changeset="41981506" timestamp="2016-09-07T15:11:45Z" user="torimomo" uid="328424" lat="34.7669422" lon="137.3864656"/>
 <node id="4389693557" visible="true" version="1" changeset="41981506" timestamp="2016-09-07T15:11:45Z" user="torimomo" uid="328424" lat="34.7669502" lon="137.3859208"/>
 <node id="4389693558" visible="true" version="1" changeset="41981506" timestamp="2016-09-07T15:11:45Z" user="torimomo" uid="328424" lat="34.7669578" lon="137.3860667"/>
 <node id="4389693559" visible="true" version="1" changeset="41981506" timestamp="2016-09-07T15:11:45Z" user="torimomo" uid="328424" lat="34.7669837" lon="137.3859303"/>
 <node id="4389693560" visible="true" version="1" changeset="41981506" timestamp="2016-09-07T15:11:45Z" user="torimomo" uid="328424" lat="34.7669877" lon="137.3862294"/>
 <node id="4389693561" visible="true" version="1" changeset="41981506" timestamp="2016-09-07T15:11:45Z" user="torimomo" uid="328424" lat="34.7671947" lon="137.3861757"/>
 <node id="4389693562" visible="true" version="1" changeset="41981506" timestamp="2016-09-07T15:11:45Z" user="torimomo" uid="328424" lat="34.7672026" lon="137.3862810"/>
 <node id="4389693563" visible="true" version="1" changeset="41981506" timestamp="2016-09-07T15:11:45Z" user="torimomo" uid="328424" lat="34.7672043" lon="137.3861234"/>
 <node id="4389693564" visible="true" version="1" changeset="41981506" timestamp="2016-09-07T15:11:45Z" user="torimomo" uid="328424" lat="34.7672143" lon="137.3863584"/>
 <node id="4389693565" visible="true" version="1" changeset="41981506" timestamp="2016-09-07T15:11:45Z" user="torimomo" uid="328424" lat="34.7672171" lon="137.3862018"/>
 <node id="4389693566" visible="true" version="1" changeset="41981506" timestamp="2016-09-07T15:11:45Z" user="torimomo" uid="328424" lat="34.7672248" lon="137.3863013"/>
 <node id="4389693567" visible="true" version="1" changeset="41981506" timestamp="2016-09-07T15:11:45Z" user="torimomo" uid="328424" lat="34.7672473" lon="137.3861351"/>
 <node id="4389693568" visible="true" version="1" changeset="41981506" timestamp="2016-09-07T15:11:45Z" user="torimomo" uid="328424" lat="34.7672583" lon="137.3860749"/>
 <node id="4389693569" visible="true" version="1" changeset="41981506" timestamp="2016-09-07T15:11:45Z" user="torimomo" uid="328424" lat="34.7672711" lon="137.3860653"/>
 <node id="4389693570" visible="true" version="1" changeset="41981506" timestamp="2016-09-07T15:11:45Z" user="torimomo" uid="328424" lat="34.7672826" lon="137.3860025"/>
 <node id="4389693571" visible="true" version="1" changeset="41981506" timestamp="2016-09-07T15:11:45Z" user="torimomo" uid="328424" lat="34.7672915" lon="137.3863052"/>
 <node id="4389693572" visible="true" version="1" changeset="41981506" timestamp="2016-09-07T15:11:45Z" user="torimomo" uid="328424" lat="34.7672936" lon="137.3862939"/>
 <node id="4389693573" visible="true" version="1" changeset="41981506" timestamp="2016-09-07T15:11:45Z" user="torimomo" uid="328424" lat="34.7673064" lon="137.3862443"/>
 <node id="4389693574" visible="true" version="1" changeset="41981506" timestamp="2016-09-07T15:11:45Z" user="torimomo" uid="328424" lat="34.7673096" lon="137.3862270"/>
 <node id="4389693575" visible="true" version="1" changeset="41981506" timestamp="2016-09-07T15:11:45Z" user="torimomo" uid="328424" lat="34.7673728" lon="137.3864015"/>
 <node id="4389693576" visible="true" version="1" changeset="41981506" timestamp="2016-09-07T15:11:45Z" user="torimomo" uid="328424" lat="34.7673823" lon="137.3863181"/>
 <node id="4389693577" visible="true" version="1" changeset="41981506" timestamp="2016-09-07T15:11:45Z" user="torimomo" uid="328424" lat="34.7673833" lon="137.3863444"/>
 <node id="4389693578" visible="true" version="1" changeset="41981506" timestamp="2016-09-07T15:11:45Z" user="torimomo" uid="328424" lat="34.7673916" lon="137.3862675"/>
 <node id="4389693579" visible="true" version="1" changeset="41981506" timestamp="2016-09-07T15:11:45Z" user="torimomo" uid="328424" lat="34.7673972" lon="137.3862308"/>
 <node id="4389693580" visible="true" version="1" changeset="41981506" timestamp="2016-09-07T15:11:45Z" user="torimomo" uid="328424" lat="34.7674179" lon="137.3861183"/>
 <node id="4389693581" visible="true" version="1" changeset="41981506" timestamp="2016-09-07T15:11:45Z" user="torimomo" uid="328424" lat="34.7674317" lon="137.3861091"/>
 <node id="4389693582" visible="true" version="1" changeset="41981506" timestamp="2016-09-07T15:11:45Z" user="torimomo" uid="328424" lat="34.7674433" lon="137.3860462"/>
 <node id="4391245783" visible="true" version="1" changeset="41993217" timestamp="2016-09-08T03:18:49Z" user="下り専門" uid="692002" lat="34.7663082" lon="137.3844361"/>
 <node id="4391245788" visible="true" version="1" changeset="41993217" timestamp="2016-09-08T03:18:49Z" user="下り専門" uid="692002" lat="34.7663348" lon="137.3847924"/>
 <node id="4391245790" visible="true" version="1" changeset="41993217" timestamp="2016-09-08T03:18:49Z" user="下り専門" uid="692002" lat="34.7663526" lon="137.3843648"/>
 <node id="4391245791" visible="true" version="1" changeset="41993217" timestamp="2016-09-08T03:18:49Z" user="下り専門" uid="692002" lat="34.7663553" lon="137.3842899"/>
 <node id="4391245792" visible="true" version="1" changeset="41993217" timestamp="2016-09-08T03:18:49Z" user="下り専門" uid="692002" lat="34.7663562" lon="137.3843551"/>
 <node id="4391245795" visible="true" version="1" changeset="41993217" timestamp="2016-09-08T03:18:49Z" user="下り専門" uid="692002" lat="34.7663654" lon="137.3847093"/>
 <node id="4391245796" visible="true" version="1" changeset="41993217" timestamp="2016-09-08T03:18:49Z" user="下り専門" uid="692002" lat="34.7663712" lon="137.3847270"/>
 <node id="4391245797" visible="true" version="1" changeset="41993217" timestamp="2016-09-08T03:18:49Z" user="下り専門" uid="692002" lat="34.7663740" lon="137.3848464"/>
 <node id="4391245798" visible="true" version="1" changeset="41993217" timestamp="2016-09-08T03:18:49Z" user="下り専門" uid="692002" lat="34.7663746" lon="137.3849678"/>
 <node id="4391245800" visible="true" version="1" changeset="41993217" timestamp="2016-09-08T03:18:50Z" user="下り専門" uid="692002" lat="34.7663886" lon="137.3845101"/>
 <node id="4391245801" visible="true" version="1" changeset="41993217" timestamp="2016-09-08T03:18:50Z" user="下り専門" uid="692002" lat="34.7663937" lon="137.3845108"/>
 <node id="4391245802" visible="true" version="1" changeset="41993217" timestamp="2016-09-08T03:18:50Z" user="下り専門" uid="692002" lat="34.7664111" lon="137.3846375"/>
 <node id="4391245803" visible="true" version="1" changeset="41993217" timestamp="2016-09-08T03:18:50Z" user="下り専門" uid="692002" lat="34.7664163" lon="137.3842887"/>
 <node id="4391245804" visible="true" version="1" changeset="41993217" timestamp="2016-09-08T03:18:50Z" user="下り専門" uid="692002" lat="34.7664176" lon="137.3843880"/>
 <node id="4391245805" visible="true" version="1" changeset="41993217" timestamp="2016-09-08T03:18:50Z" user="下り専門" uid="692002" lat="34.7664211" lon="137.3842868"/>
 <node id="4391245806" visible="true" version="1" changeset="41993217" timestamp="2016-09-08T03:18:50Z" user="下り専門" uid="692002" lat="34.7664212" lon="137.3843502"/>
 <node id="4391245807" visible="true" version="1" changeset="41993217" timestamp="2016-09-08T03:18:50Z" user="下り専門" uid="692002" lat="34.7664225" lon="137.3848461"/>
 <node id="4391245808" visible="true" version="1" changeset="41993217" timestamp="2016-09-08T03:18:50Z" user="下り専門" uid="692002" lat="34.7664230" lon="137.3849674"/>
 <node id="4391245809" visible="true" version="1" changeset="41993217" timestamp="2016-09-08T03:18:50Z" user="下り専門" uid="692002" lat="34.7664305" lon="137.3848457"/>
 <node id="4391245810" visible="true" version="1" changeset="41993217" timestamp="2016-09-08T03:18:50Z" user="下り専門" uid="692002" lat="34.7664332" lon="137.3845457"/>
 <node id="4391245811" visible="true" version="1" changeset="41993217" timestamp="2016-09-08T03:18:50Z" user="下り専門" uid="692002" lat="34.7664349" lon="137.3849691"/>
 <node id="4391245812" visible="true" version="1" changeset="41993217" timestamp="2016-09-08T03:18:50Z" user="下り専門" uid="692002" lat="34.7664354" lon="137.3847753"/>
 <node id="4391245813" visible="true" version="1" changeset="41993217" timestamp="2016-09-08T03:18:50Z" user="下り専門" uid="692002" lat="34.7664414" lon="137.3848424"/>
 <node id="4391245814" visible="true" version="1" changeset="41993217" timestamp="2016-09-08T03:18:50Z" user="下り専門" uid="692002" lat="34.7664465" lon="137.3848477"/>
 <node id="4391245815" visible="true" version="1" changeset="41993217" timestamp="2016-09-08T03:18:50Z" user="下り専門" uid="692002" lat="34.7664471" lon="137.3847814"/>
 <node id="4391245816" visible="true" version="1" changeset="41993217" timestamp="2016-09-08T03:18:50Z" user="下り専門" uid="692002" lat="34.7664501" lon="137.3844111"/>
 <node id="4391245817" visible="true" version="1" changeset="41993217" timestamp="2016-09-08T03:18:50Z" user="下り専門" uid="692002" lat="34.7664599" lon="137.3848042"/>
 <node id="4391245818" visible="true" version="1" changeset="41993217" timestamp="2016-09-08T03:18:50Z" user="下り専門" uid="692002" lat="34.7664644" lon="137.3845678"/>
 <node id="4391245819" visible="true" version="1" changeset="41993217" timestamp="2016-09-08T03:18:50Z" user="下り専門" uid="692002" lat="34.7664674" lon="137.3848015"/>
 <node id="4391245820" visible="true" version="1" changeset="41993217" timestamp="2016-09-08T03:18:50Z" user="下り専門" uid="692002" lat="34.7664772" lon="137.3843684"/>
 <node id="4391245821" visible="true" version="1" changeset="41993217" timestamp="2016-09-08T03:18:50Z" user="下り専門" uid="692002" lat="34.7664811" lon="137.3847036"/>
 <node id="4391245822" visible="true" version="1" changeset="41993217" timestamp="2016-09-08T03:18:50Z" user="下り専門" uid="692002" lat="34.7664910" lon="137.3844615"/>
 <node id="4391245823" visible="true" version="1" changeset="41993217" timestamp="2016-09-08T03:18:50Z" user="下り専門" uid="692002" lat="34.7664977" lon="137.3847089"/>
 <node id="4391245824" visible="true" version="1" changeset="41993217" timestamp="2016-09-08T03:18:50Z" user="下り専門" uid="692002" lat="34.7665027" lon="137.3844443"/>
 <node id="4391245825" visible="true" version="1" changeset="41993217" timestamp="2016-09-08T03:18:50Z" user="下り専門" uid="692002" lat="34.7665070" lon="137.3844297"/>
 <node id="4391245826" visible="true" version="1" changeset="41993217" timestamp="2016-09-08T03:18:50Z" user="下り専門" uid="692002" lat="34.7665124" lon="137.3844830"/>
 <node id="4391245827" visible="true" version="1" changeset="41993217" timestamp="2016-09-08T03:18:50Z" user="下り専門" uid="692002" lat="34.7665142" lon="137.3842865"/>
 <node id="4391245828" visible="true" version="1" changeset="41993217" timestamp="2016-09-08T03:18:50Z" user="下り専門" uid="692002" lat="34.7665143" lon="137.3843499"/>
 <node id="4391245829" visible="true" version="1" changeset="41993217" timestamp="2016-09-08T03:18:50Z" user="下り専門" uid="692002" lat="34.7665150" lon="137.3846185"/>
 <node id="4391245830" visible="true" version="1" changeset="41993217" timestamp="2016-09-08T03:18:50Z" user="下り専門" uid="692002" lat="34.7665173" lon="137.3842856"/>
 <node id="4391245831" visible="true" version="1" changeset="41993217" timestamp="2016-09-08T03:18:50Z" user="下り専門" uid="692002" lat="34.7665178" lon="137.3843841"/>
 <node id="4391245832" visible="true" version="1" changeset="41993217" timestamp="2016-09-08T03:18:50Z" user="下り専門" uid="692002" lat="34.7665215" lon="137.3846206"/>
 <node id="4391245833" visible="true" version="1" changeset="41993217" timestamp="2016-09-08T03:18:50Z" user="下り専門" uid="692002" lat="34.7665241" lon="137.3844659"/>
 <node id="4391245834" visible="true" version="1" changeset="41993217" timestamp="2016-09-08T03:18:50Z" user="下り専門" uid="692002" lat="34.7665257" lon="137.3843901"/>
 <node id="4391245835" visible="true" version="1" changeset="41993217" timestamp="2016-09-08T03:18:50Z" user="下り専門" uid="692002" lat="34.7665296" lon="137.3843924"/>
 <node id="4391245836" visible="true" version="1" changeset="41993217" timestamp="2016-09-08T03:18:50Z" user="下り専門" uid="692002" lat="34.7665343" lon="137.3844644"/>
 <node id="4391245837" visible="true" version="1" changeset="41993217" timestamp="2016-09-08T03:18:50Z" user="下り専門" uid="692002" lat="34.7665527" lon="137.3844240"/>
 <node id="4391245838" visible="true" version="1" changeset="41993217" timestamp="2016-09-08T03:18:50Z" user="下り専門" uid="692002" lat="34.7665533" lon="137.3843934"/>
 <node id="4391245839" visible="true" version="1" changeset="41993217" timestamp="2016-09-08T03:18:50Z" user="下り専門" uid="692002" lat="34.7665595" lon="137.3846589"/>
 <node id="4391245840" visible="true" version="1" changeset="41993217" timestamp="2016-09-08T03:18:50Z" user="下り専門" uid="692002" lat="34.7665644" lon="137.3846615"/>
 <node id="4391245841" visible="true" version="1" changeset="41993217" timestamp="2016-09-08T03:18:50Z" user="下り専門" uid="692002" lat="34.7665651" lon="137.3842852"/>
 <node id="4391245842" visible="true" version="1" changeset="41993217" timestamp="2016-09-08T03:18:50Z" user="下り専門" uid="692002" lat="34.7665657" lon="137.3843837"/>
 <node id="4391245843" visible="true" version="1" changeset="41993217" timestamp="2016-09-08T03:18:50Z" user="下り専門" uid="692002" lat="34.7665688" lon="137.3842803"/>
 <node id="4391245844" visible="true" version="1" changeset="41993217" timestamp="2016-09-08T03:18:50Z" user="下り専門" uid="692002" lat="34.7665689" lon="137.3843185"/>
 <node id="4391245845" visible="true" version="1" changeset="41993217" timestamp="2016-09-08T03:18:50Z" user="下り専門" uid="692002" lat="34.7665778" lon="137.3844253"/>
 <node id="4391245846" visible="true" version="1" changeset="41993217" timestamp="2016-09-08T03:18:50Z" user="下り専門" uid="692002" lat="34.7665778" lon="137.3844444"/>
 <node id="4391245847" visible="true" version="1" changeset="41993217" timestamp="2016-09-08T03:18:50Z" user="下り専門" uid="692002" lat="34.7665789" lon="137.3845528"/>
 <node id="4391245848" visible="true" version="1" changeset="41993217" timestamp="2016-09-08T03:18:50Z" user="下り専門" uid="692002" lat="34.7665842" lon="137.3845285"/>
 <node id="4391245849" visible="true" version="1" changeset="41993217" timestamp="2016-09-08T03:18:50Z" user="下り専門" uid="692002" lat="34.7665850" lon="137.3845152"/>
 <node id="4391245850" visible="true" version="1" changeset="41993217" timestamp="2016-09-08T03:18:50Z" user="下り専門" uid="692002" lat="34.7665863" lon="137.3845105"/>
 <node id="4391245851" visible="true" version="1" changeset="41993217" timestamp="2016-09-08T03:18:50Z" user="下り専門" uid="692002" lat="34.7665874" lon="137.3844451"/>
 <node id="4391245852" visible="true" version="1" changeset="41993217" timestamp="2016-09-08T03:18:50Z" user="下り専門" uid="692002" lat="34.7665898" lon="137.3845004"/>
 <node id="4391245853" visible="true" version="1" changeset="41993217" timestamp="2016-09-08T03:18:50Z" user="下り専門" uid="692002" lat="34.7665899" lon="137.3844488"/>
 <node id="4391245854" visible="true" version="1" changeset="41993217" timestamp="2016-09-08T03:18:50Z" user="下り専門" uid="692002" lat="34.7665909" lon="137.3845352"/>
 <node id="4391245855" visible="true" version="1" changeset="41993217" timestamp="2016-09-08T03:18:50Z" user="下り専門" uid="692002" lat="34.7665913" lon="137.3843229"/>
 <node id="4391245856" visible="true" version="1" changeset="41993217" timestamp="2016-09-08T03:18:50Z" user="下り専門" uid="692002" lat="34.7665919" lon="137.3844450"/>
 <node id="4391245857" visible="true" version="1" changeset="41993217" timestamp="2016-09-08T03:18:50Z" user="下り専門" uid="692002" lat="34.7665952" lon="137.3845062"/>
 <node id="4391245858" visible="true" version="1" changeset="41993217" timestamp="2016-09-08T03:18:50Z" user="下り専門" uid="692002" lat="34.7665953" lon="137.3845512"/>
 <node id="4391245859" visible="true" version="1" changeset="41993217" timestamp="2016-09-08T03:18:50Z" user="下り専門" uid="692002" lat="34.7666102" lon="137.3845843"/>
 <node id="4391245860" visible="true" version="1" changeset="41993217" timestamp="2016-09-08T03:18:50Z" user="下り専門" uid="692002" lat="34.7666113" lon="137.3845998"/>
 <node id="4391245861" visible="true" version="1" changeset="41993217" timestamp="2016-09-08T03:18:50Z" user="下り専門" uid="692002" lat="34.7666145" lon="137.3845512"/>
 <node id="4391245862" visible="true" version="1" changeset="41993217" timestamp="2016-09-08T03:18:50Z" user="下り専門" uid="692002" lat="34.7666146" lon="137.3845713"/>
 <node id="4391245863" visible="true" version="2" changeset="90406908" timestamp="2020-09-04T09:43:53Z" user="carrotrain" uid="11602661" lat="34.7666304" lon="137.3847196"/>
 <node id="4391245864" visible="true" version="1" changeset="41993217" timestamp="2016-09-08T03:18:50Z" user="下り専門" uid="692002" lat="34.7666155" lon="137.3845762"/>
 <node id="4391245865" visible="true" version="1" changeset="41993217" timestamp="2016-09-08T03:18:50Z" user="下り専門" uid="692002" lat="34.7666155" lon="137.3845970"/>
 <node id="4391245866" visible="true" version="2" changeset="42749962" timestamp="2016-10-09T09:34:29Z" user="kamigata0" uid="254135" lat="34.7666272" lon="137.3848779">
  <tag k="entrance" v="main"/>
  <tag k="level" v="0"/>
 </node>
 <node id="4391245867" visible="true" version="3" changeset="90406908" timestamp="2020-09-04T09:43:53Z" user="carrotrain" uid="11602661" lat="34.7666277" lon="137.3849734"/>
 <node id="4391245868" visible="true" version="2" changeset="90406908" timestamp="2020-09-04T09:43:53Z" user="carrotrain" uid="11602661" lat="34.7666478" lon="137.3848348"/>
 <node id="4391245869" visible="true" version="2" changeset="42749962" timestamp="2016-10-09T09:34:29Z" user="kamigata0" uid="254135" lat="34.7666514" lon="137.3849215"/>
 <node id="4391245870" visible="true" version="1" changeset="41993217" timestamp="2016-09-08T03:18:50Z" user="下り専門" uid="692002" lat="34.7666601" lon="137.3846359"/>
 <node id="4391245871" visible="true" version="1" changeset="41993217" timestamp="2016-09-08T03:18:50Z" user="下り専門" uid="692002" lat="34.7666612" lon="137.3845762"/>
 <node id="4391245872" visible="true" version="1" changeset="41993217" timestamp="2016-09-08T03:18:50Z" user="下り専門" uid="692002" lat="34.7666615" lon="137.3846563"/>
 <node id="4391245873" visible="true" version="1" changeset="41993217" timestamp="2016-09-08T03:18:50Z" user="下り専門" uid="692002" lat="34.7666618" lon="137.3846896"/>
 <node id="4391245874" visible="true" version="1" changeset="41993217" timestamp="2016-09-08T03:18:50Z" user="下り専門" uid="692002" lat="34.7666654" lon="137.3842801"/>
 <node id="4391245875" visible="true" version="1" changeset="41993217" timestamp="2016-09-08T03:18:50Z" user="下り専門" uid="692002" lat="34.7666736" lon="137.3845060"/>
 <node id="4391245876" visible="true" version="1" changeset="41993217" timestamp="2016-09-08T03:18:50Z" user="下り専門" uid="692002" lat="34.7666737" lon="137.3845710"/>
 <node id="4391245877" visible="true" version="1" changeset="41993217" timestamp="2016-09-08T03:18:50Z" user="下り専門" uid="692002" lat="34.7666738" lon="137.3845007"/>
 <node id="4391245878" visible="true" version="1" changeset="41993217" timestamp="2016-09-08T03:18:50Z" user="下り専門" uid="692002" lat="34.7666739" lon="137.3844491"/>
 <node id="4391245879" visible="true" version="1" changeset="41993217" timestamp="2016-09-08T03:18:50Z" user="下り専門" uid="692002" lat="34.7666756" lon="137.3843224"/>
 <node id="4391245880" visible="true" version="1" changeset="41993217" timestamp="2016-09-08T03:18:50Z" user="下り専門" uid="692002" lat="34.7666761" lon="137.3844444"/>
 <node id="4391245881" visible="true" version="1" changeset="41993217" timestamp="2016-09-08T03:18:50Z" user="下り専門" uid="692002" lat="34.7666778" lon="137.3842922"/>
 <node id="4391245882" visible="true" version="1" changeset="41993217" timestamp="2016-09-08T03:18:50Z" user="下り専門" uid="692002" lat="34.7666778" lon="137.3843182"/>
 <node id="4391245888" visible="true" version="1" changeset="41993217" timestamp="2016-09-08T03:18:51Z" user="下り専門" uid="692002" lat="34.7668089" lon="137.3842905"/>
 <node id="4391245889" visible="true" version="1" changeset="41993217" timestamp="2016-09-08T03:18:51Z" user="下り専門" uid="692002" lat="34.7668094" lon="137.3845009"/>
 <node id="4391245890" visible="true" version="1" changeset="41993217" timestamp="2016-09-08T03:18:51Z" user="下り専門" uid="692002" lat="34.7668094" lon="137.3845572"/>
 <node id="4391245891" visible="true" version="1" changeset="41993217" timestamp="2016-09-08T03:18:51Z" user="下り専門" uid="692002" lat="34.7668106" lon="137.3844347"/>
 <node id="4391245892" visible="true" version="1" changeset="41993217" timestamp="2016-09-08T03:18:51Z" user="下り専門" uid="692002" lat="34.7668124" lon="137.3844382"/>
 <node id="4391245893" visible="true" version="1" changeset="41993217" timestamp="2016-09-08T03:18:51Z" user="下り専門" uid="692002" lat="34.7668124" lon="137.3844959"/>
 <node id="4391245896" visible="true" version="1" changeset="41993217" timestamp="2016-09-08T03:18:51Z" user="下り専門" uid="692002" lat="34.7668377" lon="137.3845599"/>
 <node id="4391245897" visible="true" version="1" changeset="41993217" timestamp="2016-09-08T03:18:51Z" user="下り専門" uid="692002" lat="34.7668384" lon="137.3846184"/>
 <node id="4391245905" visible="true" version="1" changeset="41993217" timestamp="2016-09-08T03:18:51Z" user="下り専門" uid="692002" lat="34.7668646" lon="137.3845781"/>
 <node id="4391245906" visible="true" version="1" changeset="41993217" timestamp="2016-09-08T03:18:51Z" user="下り専門" uid="692002" lat="34.7668650" lon="137.3846179"/>
 <node id="4391245908" visible="true" version="1" changeset="41993217" timestamp="2016-09-08T03:18:51Z" user="下り専門" uid="692002" lat="34.7668674" lon="137.3845811"/>
 <node id="4391245909" visible="true" version="1" changeset="41993217" timestamp="2016-09-08T03:18:51Z" user="下り専門" uid="692002" lat="34.7668678" lon="137.3846170"/>
 <node id="4391245910" visible="true" version="1" changeset="41993217" timestamp="2016-09-08T03:18:51Z" user="下り専門" uid="692002" lat="34.7668735" lon="137.3845593"/>
 <node id="4391245911" visible="true" version="1" changeset="41993217" timestamp="2016-09-08T03:18:51Z" user="下り専門" uid="692002" lat="34.7668737" lon="137.3845780"/>
 <node id="4391245912" visible="true" version="1" changeset="41993217" timestamp="2016-09-08T03:18:51Z" user="下り専門" uid="692002" lat="34.7668759" lon="137.3845613"/>
 <node id="4391245913" visible="true" version="1" changeset="41993217" timestamp="2016-09-08T03:18:51Z" user="下り専門" uid="692002" lat="34.7668761" lon="137.3845810"/>
 <node id="4391245915" visible="true" version="1" changeset="41993217" timestamp="2016-09-08T03:18:51Z" user="下り専門" uid="692002" lat="34.7668818" lon="137.3845009"/>
 <node id="4391245916" visible="true" version="1" changeset="41993217" timestamp="2016-09-08T03:18:51Z" user="下り専門" uid="692002" lat="34.7668818" lon="137.3845572"/>
 <node id="4391245917" visible="true" version="1" changeset="41993217" timestamp="2016-09-08T03:18:51Z" user="下り専門" uid="692002" lat="34.7668871" lon="137.3845000"/>
 <node id="4391245918" visible="true" version="1" changeset="41993217" timestamp="2016-09-08T03:18:51Z" user="下り専門" uid="692002" lat="34.7668878" lon="137.3845612"/>
 <node id="4391245922" visible="true" version="1" changeset="41993217" timestamp="2016-09-08T03:18:51Z" user="下り専門" uid="692002" lat="34.7669022" lon="137.3844382"/>
 <node id="4391245923" visible="true" version="1" changeset="41993217" timestamp="2016-09-08T03:18:51Z" user="下り専門" uid="692002" lat="34.7669022" lon="137.3844959"/>
 <node id="4391245925" visible="true" version="1" changeset="41993217" timestamp="2016-09-08T03:18:51Z" user="下り専門" uid="692002" lat="34.7669080" lon="137.3844376"/>
 <node id="4391245926" visible="true" version="1" changeset="41993217" timestamp="2016-09-08T03:18:51Z" user="下り専門" uid="692002" lat="34.7669083" lon="137.3844919"/>
 <node id="4391245934" visible="true" version="1" changeset="41993217" timestamp="2016-09-08T03:18:51Z" user="下り専門" uid="692002" lat="34.7669563" lon="137.3842880"/>
 <node id="4391245935" visible="true" version="1" changeset="41993217" timestamp="2016-09-08T03:18:51Z" user="下り専門" uid="692002" lat="34.7669579" lon="137.3844322"/>
 <node id="4391245936" visible="true" version="1" changeset="41993217" timestamp="2016-09-08T03:18:51Z" user="下り専門" uid="692002" lat="34.7669581" lon="137.3844372"/>
 <node id="4391245937" visible="true" version="1" changeset="41993217" timestamp="2016-09-08T03:18:51Z" user="下り専門" uid="692002" lat="34.7669584" lon="137.3844915"/>
 <node id="4391245938" visible="true" version="1" changeset="41993217" timestamp="2016-09-08T03:18:51Z" user="下り専門" uid="692002" lat="34.7669598" lon="137.3844988"/>
 <node id="4391245939" visible="true" version="1" changeset="41993217" timestamp="2016-09-08T03:18:51Z" user="下り専門" uid="692002" lat="34.7669610" lon="137.3846155"/>
 <node id="4391245965" visible="true" version="1" changeset="41993217" timestamp="2016-09-08T03:18:51Z" user="下り専門" uid="692002" lat="34.7670444" lon="137.3845033"/>
 <node id="4391245966" visible="true" version="1" changeset="41993217" timestamp="2016-09-08T03:18:51Z" user="下り専門" uid="692002" lat="34.7670449" lon="137.3844369"/>
 <node id="4391245967" visible="true" version="1" changeset="41993217" timestamp="2016-09-08T03:18:51Z" user="下り専門" uid="692002" lat="34.7670464" lon="137.3845072"/>
 <node id="4391245969" visible="true" version="1" changeset="41993217" timestamp="2016-09-08T03:18:51Z" user="下り専門" uid="692002" lat="34.7670474" lon="137.3845945"/>
 <node id="4391245972" visible="true" version="1" changeset="41993217" timestamp="2016-09-08T03:18:52Z" user="下り専門" uid="692002" lat="34.7670528" lon="137.3843509"/>
 <node id="4391245974" visible="true" version="1" changeset="41993217" timestamp="2016-09-08T03:18:52Z" user="下り専門" uid="692002" lat="34.7670542" lon="137.3844317"/>
 <node id="4391245988" visible="true" version="1" changeset="41993217" timestamp="2016-09-08T03:18:52Z" user="下り専門" uid="692002" lat="34.7670816" lon="137.3842849"/>
 <node id="4391246090" visible="true" version="1" changeset="41993217" timestamp="2016-09-08T03:18:52Z" user="下り専門" uid="692002" lat="34.7670827" lon="137.3843502"/>
 <node id="4391246093" visible="true" version="1" changeset="41993217" timestamp="2016-09-08T03:18:52Z" user="下り専門" uid="692002" lat="34.7670957" lon="137.3845039"/>
 <node id="4391246094" visible="true" version="1" changeset="41993217" timestamp="2016-09-08T03:18:52Z" user="下り専門" uid="692002" lat="34.7670962" lon="137.3844375"/>
 <node id="4391246095" visible="true" version="1" changeset="41993217" timestamp="2016-09-08T03:18:52Z" user="下り専門" uid="692002" lat="34.7670988" lon="137.3845062"/>
 <node id="4391246096" visible="true" version="1" changeset="41993217" timestamp="2016-09-08T03:18:52Z" user="下り専門" uid="692002" lat="34.7670998" lon="137.3845936"/>
 <node id="4391246098" visible="true" version="1" changeset="41993217" timestamp="2016-09-08T03:18:52Z" user="下り専門" uid="692002" lat="34.7671015" lon="137.3844572"/>
 <node id="4391246101" visible="true" version="1" changeset="41993217" timestamp="2016-09-08T03:18:52Z" user="下り専門" uid="692002" lat="34.7671050" lon="137.3845975"/>
 <node id="4391246111" visible="true" version="1" changeset="41993217" timestamp="2016-09-08T03:18:52Z" user="下り専門" uid="692002" lat="34.7671214" lon="137.3844339"/>
 <node id="4391246112" visible="true" version="1" changeset="41993217" timestamp="2016-09-08T03:18:52Z" user="下り専門" uid="692002" lat="34.7671220" lon="137.3844564"/>
 <node id="4391246116" visible="true" version="1" changeset="41993217" timestamp="2016-09-08T03:18:52Z" user="下り専門" uid="692002" lat="34.7671324" lon="137.3842836"/>
 <node id="4391246120" visible="true" version="1" changeset="41993217" timestamp="2016-09-08T03:18:52Z" user="下り専門" uid="692002" lat="34.7671349" lon="137.3844296"/>
 <node id="4391246122" visible="true" version="1" changeset="41993217" timestamp="2016-09-08T03:18:52Z" user="下り専門" uid="692002" lat="34.7671363" lon="137.3842778"/>
 <node id="4391246123" visible="true" version="1" changeset="41993217" timestamp="2016-09-08T03:18:52Z" user="下り専門" uid="692002" lat="34.7671392" lon="137.3843786"/>
 <node id="4391246130" visible="true" version="1" changeset="41993217" timestamp="2016-09-08T03:18:52Z" user="下り専門" uid="692002" lat="34.7671607" lon="137.3843614"/>
 <node id="4391246131" visible="true" version="1" changeset="41993217" timestamp="2016-09-08T03:18:52Z" user="下り専門" uid="692002" lat="34.7671612" lon="137.3843777"/>
 <node id="4391246132" visible="true" version="1" changeset="41993217" timestamp="2016-09-08T03:18:52Z" user="下り専門" uid="692002" lat="34.7671613" lon="137.3845135"/>
 <node id="4391246134" visible="true" version="1" changeset="41993217" timestamp="2016-09-08T03:18:52Z" user="下り専門" uid="692002" lat="34.7671633" lon="137.3845954"/>
 <node id="4391246135" visible="true" version="1" changeset="41993217" timestamp="2016-09-08T03:18:52Z" user="下り専門" uid="692002" lat="34.7671714" lon="137.3844321"/>
 <node id="4391246138" visible="true" version="1" changeset="41993217" timestamp="2016-09-08T03:18:52Z" user="下り専門" uid="692002" lat="34.7671734" lon="137.3845131"/>
 <node id="4391246144" visible="true" version="1" changeset="41993217" timestamp="2016-09-08T03:18:52Z" user="下り専門" uid="692002" lat="34.7671905" lon="137.3843601"/>
 <node id="4391246145" visible="true" version="1" changeset="41993217" timestamp="2016-09-08T03:18:52Z" user="下り専門" uid="692002" lat="34.7671925" lon="137.3844314"/>
 <node id="4391246167" visible="true" version="1" changeset="41993217" timestamp="2016-09-08T03:18:53Z" user="下り専門" uid="692002" lat="34.7672601" lon="137.3843133"/>
 <node id="4391246168" visible="true" version="1" changeset="41993217" timestamp="2016-09-08T03:18:53Z" user="下り専門" uid="692002" lat="34.7672618" lon="137.3843736"/>
 <node id="4391246173" visible="true" version="1" changeset="41993217" timestamp="2016-09-08T03:18:53Z" user="下り専門" uid="692002" lat="34.7672723" lon="137.3842721"/>
 <node id="4391246175" visible="true" version="1" changeset="41993217" timestamp="2016-09-08T03:18:53Z" user="下り専門" uid="692002" lat="34.7672734" lon="137.3843127"/>
 <node id="4391246177" visible="true" version="1" changeset="41993217" timestamp="2016-09-08T03:18:53Z" user="下り専門" uid="692002" lat="34.7672752" lon="137.3843730"/>
 <node id="4391246179" visible="true" version="1" changeset="41993217" timestamp="2016-09-08T03:18:53Z" user="下り専門" uid="692002" lat="34.7672768" lon="137.3844279"/>
 <node id="4391246197" visible="true" version="1" changeset="41993217" timestamp="2016-09-08T03:18:53Z" user="下り専門" uid="692002" lat="34.7673110" lon="137.3842880"/>
 <node id="4391246199" visible="true" version="1" changeset="41993217" timestamp="2016-09-08T03:18:53Z" user="下り専門" uid="692002" lat="34.7673121" lon="137.3843213"/>
 <node id="4391246216" visible="true" version="1" changeset="41993217" timestamp="2016-09-08T03:18:53Z" user="下り専門" uid="692002" lat="34.7673992" lon="137.3842840"/>
 <node id="4391246217" visible="true" version="1" changeset="41993217" timestamp="2016-09-08T03:18:53Z" user="下り専門" uid="692002" lat="34.7674002" lon="137.3843173"/>
 <node id="4391246218" visible="true" version="1" changeset="41993217" timestamp="2016-09-08T03:18:53Z" user="下り専門" uid="692002" lat="34.7674137" lon="137.3842726"/>
 <node id="4391246219" visible="true" version="1" changeset="41993217" timestamp="2016-09-08T03:18:53Z" user="下り専門" uid="692002" lat="34.7674169" lon="137.3844137"/>
 <node id="4391246221" visible="true" version="1" changeset="41993217" timestamp="2016-09-08T03:18:53Z" user="下り専門" uid="692002" lat="34.7674332" lon="137.3855085"/>
 <node id="4391246222" visible="true" version="1" changeset="41993217" timestamp="2016-09-08T03:18:53Z" user="下り専門" uid="692002" lat="34.7674425" lon="137.3853644"/>
 <node id="4391246225" visible="true" version="1" changeset="41993217" timestamp="2016-09-08T03:18:53Z" user="下り専門" uid="692002" lat="34.7674991" lon="137.3843552"/>
 <node id="4391246226" visible="true" version="1" changeset="41993217" timestamp="2016-09-08T03:18:53Z" user="下り専門" uid="692002" lat="34.7675004" lon="137.3844109"/>
 <node id="4391246228" visible="true" version="1" changeset="41993217" timestamp="2016-09-08T03:18:53Z" user="下り専門" uid="692002" lat="34.7675082" lon="137.3844131"/>
 <node id="4391246229" visible="true" version="1" changeset="41993217" timestamp="2016-09-08T03:18:53Z" user="下り専門" uid="692002" lat="34.7675132" lon="137.3844906"/>
 <node id="4391246230" visible="true" version="1" changeset="41993217" timestamp="2016-09-08T03:18:53Z" user="下り専門" uid="692002" lat="34.7675197" lon="137.3844965"/>
 <node id="4391246231" visible="true" version="1" changeset="41993217" timestamp="2016-09-08T03:18:53Z" user="下り専門" uid="692002" lat="34.7675229" lon="137.3855172"/>
 <node id="4391246232" visible="true" version="1" changeset="41993217" timestamp="2016-09-08T03:18:53Z" user="下り専門" uid="692002" lat="34.7675233" lon="137.3846088"/>
 <node id="4391246233" visible="true" version="1" changeset="41993217" timestamp="2016-09-08T03:18:53Z" user="下り専門" uid="692002" lat="34.7675315" lon="137.3843637"/>
 <node id="4391246234" visible="true" version="1" changeset="41993217" timestamp="2016-09-08T03:18:53Z" user="下り専門" uid="692002" lat="34.7675322" lon="137.3853730"/>
 <node id="4391246235" visible="true" version="1" changeset="41993217" timestamp="2016-09-08T03:18:53Z" user="下り専門" uid="692002" lat="34.7675346" lon="137.3844105"/>
 <node id="4391246236" visible="true" version="1" changeset="41993217" timestamp="2016-09-08T03:18:53Z" user="下り専門" uid="692002" lat="34.7675761" lon="137.3844704"/>
 <node id="4391246237" visible="true" version="1" changeset="41993217" timestamp="2016-09-08T03:18:53Z" user="下り専門" uid="692002" lat="34.7675770" lon="137.3844845"/>
 <node id="4391246238" visible="true" version="1" changeset="41993217" timestamp="2016-09-08T03:18:53Z" user="下り専門" uid="692002" lat="34.7675811" lon="137.3844747"/>
 <node id="4391246239" visible="true" version="1" changeset="41993217" timestamp="2016-09-08T03:18:53Z" user="下り専門" uid="692002" lat="34.7675817" lon="137.3844936"/>
 <node id="4391246240" visible="true" version="1" changeset="41993217" timestamp="2016-09-08T03:18:53Z" user="下り専門" uid="692002" lat="34.7676117" lon="137.3842659"/>
 <node id="4391246241" visible="true" version="1" changeset="41993217" timestamp="2016-09-08T03:18:53Z" user="下り専門" uid="692002" lat="34.7676136" lon="137.3843513"/>
 <node id="4391246242" visible="true" version="1" changeset="41993217" timestamp="2016-09-08T03:18:53Z" user="下り専門" uid="692002" lat="34.7676241" lon="137.3843549"/>
 <node id="4391246243" visible="true" version="1" changeset="41993217" timestamp="2016-09-08T03:18:53Z" user="下り専門" uid="692002" lat="34.7676253" lon="137.3846040"/>
 <node id="4391246244" visible="true" version="1" changeset="41993217" timestamp="2016-09-08T03:18:53Z" user="下り専門" uid="692002" lat="34.7676312" lon="137.3844651"/>
 <node id="4391246245" visible="true" version="1" changeset="41993217" timestamp="2016-09-08T03:18:54Z" user="下り専門" uid="692002" lat="34.7676478" lon="137.3844716"/>
 <node id="4391246246" visible="true" version="1" changeset="41993217" timestamp="2016-09-08T03:18:54Z" user="下り専門" uid="692002" lat="34.7676511" lon="137.3845754"/>
 <node id="4391246247" visible="true" version="1" changeset="41993217" timestamp="2016-09-08T03:18:54Z" user="下り専門" uid="692002" lat="34.7678204" lon="137.3844524"/>
 <node id="4391246248" visible="true" version="1" changeset="41993217" timestamp="2016-09-08T03:18:54Z" user="下り専門" uid="692002" lat="34.7678253" lon="137.3845257"/>
 <node id="4391246249" visible="true" version="1" changeset="41993217" timestamp="2016-09-08T03:18:54Z" user="下り専門" uid="692002" lat="34.7678285" lon="137.3845710"/>
 <node id="4391246250" visible="true" version="1" changeset="41993217" timestamp="2016-09-08T03:18:54Z" user="下り専門" uid="692002" lat="34.7678295" lon="137.3846056"/>
 <node id="4391246251" visible="true" version="1" changeset="41993217" timestamp="2016-09-08T03:18:54Z" user="下り専門" uid="692002" lat="34.7678308" lon="137.3846465"/>
 <node id="4391246252" visible="true" version="1" changeset="41993217" timestamp="2016-09-08T03:18:54Z" user="下り専門" uid="692002" lat="34.7678341" lon="137.3847032"/>
 <node id="4391246253" visible="true" version="1" changeset="41993217" timestamp="2016-09-08T03:18:54Z" user="下り専門" uid="692002" lat="34.7678379" lon="137.3847073"/>
 <node id="4391246254" visible="true" version="1" changeset="41993217" timestamp="2016-09-08T03:18:54Z" user="下り専門" uid="692002" lat="34.7678404" lon="137.3847663"/>
 <node id="4391246255" visible="true" version="1" changeset="41993217" timestamp="2016-09-08T03:18:54Z" user="下り専門" uid="692002" lat="34.7678422" lon="137.3847727"/>
 <node id="4391246256" visible="true" version="1" changeset="41993217" timestamp="2016-09-08T03:18:54Z" user="下り専門" uid="692002" lat="34.7678452" lon="137.3848354"/>
 <node id="4391246257" visible="true" version="1" changeset="41993217" timestamp="2016-09-08T03:18:54Z" user="下り専門" uid="692002" lat="34.7678457" lon="137.3845301"/>
 <node id="4391246258" visible="true" version="1" changeset="41993217" timestamp="2016-09-08T03:18:54Z" user="下り専門" uid="692002" lat="34.7678470" lon="137.3845702"/>
 <node id="4391246262" visible="true" version="2" changeset="90401346" timestamp="2020-09-04T08:00:19Z" user="carrotrain" uid="11602661" lat="34.7678503" lon="137.3849044"/>
 <node id="4391246264" visible="true" version="1" changeset="41993217" timestamp="2016-09-08T03:18:54Z" user="下り専門" uid="692002" lat="34.7678524" lon="137.3846046"/>
 <node id="4391246265" visible="true" version="1" changeset="41993217" timestamp="2016-09-08T03:18:54Z" user="下り専門" uid="692002" lat="34.7678530" lon="137.3846245"/>
 <node id="4391246270" visible="true" version="1" changeset="41993217" timestamp="2016-09-08T03:18:54Z" user="下り専門" uid="692002" lat="34.7678727" lon="137.3847705"/>
 <node id="4391246273" visible="true" version="1" changeset="41993217" timestamp="2016-09-08T03:18:54Z" user="下り専門" uid="692002" lat="34.7678757" lon="137.3848332"/>
 <node id="4391246274" visible="true" version="1" changeset="41993217" timestamp="2016-09-08T03:18:54Z" user="下り専門" uid="692002" lat="34.7678970" lon="137.3845278"/>
 <node id="4391246275" visible="true" version="1" changeset="41993217" timestamp="2016-09-08T03:18:54Z" user="下り専門" uid="692002" lat="34.7678975" lon="137.3845434"/>
 <node id="4391246280" visible="true" version="1" changeset="41993217" timestamp="2016-09-08T03:18:54Z" user="下り専門" uid="692002" lat="34.7679242" lon="137.3845422"/>
 <node id="4391246281" visible="true" version="1" changeset="41993217" timestamp="2016-09-08T03:18:54Z" user="下り専門" uid="692002" lat="34.7679266" lon="137.3846212"/>
 <node id="4391246282" visible="true" version="1" changeset="41993217" timestamp="2016-09-08T03:18:54Z" user="下り専門" uid="692002" lat="34.7679283" lon="137.3846381"/>
 <node id="4391246283" visible="true" version="1" changeset="41993217" timestamp="2016-09-08T03:18:54Z" user="下り専門" uid="692002" lat="34.7679316" lon="137.3846947"/>
 <node id="4391246284" visible="true" version="1" changeset="41993217" timestamp="2016-09-08T03:18:54Z" user="下り専門" uid="692002" lat="34.7679319" lon="137.3847014"/>
 <node id="4391246287" visible="true" version="1" changeset="41993217" timestamp="2016-09-08T03:18:54Z" user="下り専門" uid="692002" lat="34.7679340" lon="137.3846301"/>
 <node id="4391246288" visible="true" version="1" changeset="41993217" timestamp="2016-09-08T03:18:54Z" user="下り専門" uid="692002" lat="34.7679344" lon="137.3847604"/>
 <node id="4391246289" visible="true" version="1" changeset="41993217" timestamp="2016-09-08T03:18:54Z" user="下り専門" uid="692002" lat="34.7679354" lon="137.3845174"/>
 <node id="4391246292" visible="true" version="1" changeset="41993217" timestamp="2016-09-08T03:18:54Z" user="下り専門" uid="692002" lat="34.7679390" lon="137.3846244"/>
 <node id="4391246293" visible="true" version="1" changeset="41993217" timestamp="2016-09-08T03:18:54Z" user="下り専門" uid="692002" lat="34.7679395" lon="137.3847521"/>
 <node id="4391246294" visible="true" version="1" changeset="41993217" timestamp="2016-09-08T03:18:54Z" user="下り専門" uid="692002" lat="34.7679409" lon="137.3847562"/>
 <node id="4391246295" visible="true" version="2" changeset="90401346" timestamp="2020-09-04T08:00:19Z" user="carrotrain" uid="11602661" lat="34.7679385" lon="137.3848999"/>
 <node id="4391246296" visible="true" version="2" changeset="90401346" timestamp="2020-09-04T08:00:19Z" user="carrotrain" uid="11602661" lat="34.7679402" lon="137.3849785"/>
 <node id="4391246297" visible="true" version="1" changeset="41993217" timestamp="2016-09-08T03:18:54Z" user="下り専門" uid="692002" lat="34.7679450" lon="137.3848809"/>
 <node id="4391246299" visible="true" version="2" changeset="90401346" timestamp="2020-09-04T08:00:19Z" user="carrotrain" uid="11602661" lat="34.7679444" lon="137.3848914"/>
 <node id="4391246301" visible="true" version="2" changeset="90401346" timestamp="2020-09-04T08:00:19Z" user="carrotrain" uid="11602661" lat="34.7679445" lon="137.3849762"/>
 <node id="4391246306" visible="true" version="1" changeset="41993217" timestamp="2016-09-08T03:18:54Z" user="下り専門" uid="692002" lat="34.7679868" lon="137.3844360"/>
 <node id="4391246307" visible="true" version="1" changeset="41993217" timestamp="2016-09-08T03:18:54Z" user="下り専門" uid="692002" lat="34.7679917" lon="137.3845093"/>
 <node id="4391246309" visible="true" version="2" changeset="90401346" timestamp="2020-09-04T08:00:19Z" user="carrotrain" uid="11602661" lat="34.7679927" lon="137.3848913"/>
 <node id="4391246311" visible="true" version="2" changeset="90401346" timestamp="2020-09-04T08:00:19Z" user="carrotrain" uid="11602661" lat="34.7679929" lon="137.3849761"/>
 <node id="4391246312" visible="true" version="1" changeset="41993217" timestamp="2016-09-08T03:18:54Z" user="下り専門" uid="692002" lat="34.7679982" lon="137.3848879"/>
 <node id="4391246313" visible="true" version="1" changeset="41993217" timestamp="2016-09-08T03:18:54Z" user="下り専門" uid="692002" lat="34.7679983" lon="137.3849355"/>
 <node id="4391246318" visible="true" version="1" changeset="41993217" timestamp="2016-09-08T03:18:54Z" user="下り専門" uid="692002" lat="34.7680176" lon="137.3845133"/>
 <node id="4391246319" visible="true" version="1" changeset="41993217" timestamp="2016-09-08T03:18:54Z" user="下り専門" uid="692002" lat="34.7680212" lon="137.3846203"/>
 <node id="4391246320" visible="true" version="1" changeset="41993217" timestamp="2016-09-08T03:18:54Z" user="下り専門" uid="692002" lat="34.7680236" lon="137.3848878"/>
 <node id="4391246321" visible="true" version="1" changeset="41993217" timestamp="2016-09-08T03:18:54Z" user="下り専門" uid="692002" lat="34.7680237" lon="137.3849354"/>
 <node id="4391246322" visible="true" version="1" changeset="41993217" timestamp="2016-09-08T03:18:54Z" user="下り専門" uid="692002" lat="34.7680256" lon="137.3846240"/>
 <node id="4391246323" visible="true" version="1" changeset="41993217" timestamp="2016-09-08T03:18:54Z" user="下り専門" uid="692002" lat="34.7680311" lon="137.3847460"/>
 <node id="4391246324" visible="true" version="1" changeset="41993217" timestamp="2016-09-08T03:18:54Z" user="下り専門" uid="692002" lat="34.7680322" lon="137.3847517"/>
 <node id="4391246325" visible="true" version="1" changeset="41993217" timestamp="2016-09-08T03:18:54Z" user="下り専門" uid="692002" lat="34.7680363" lon="137.3848764"/>
 <node id="4391693840" visible="true" version="3" changeset="90401346" timestamp="2020-09-04T08:00:19Z" user="carrotrain" uid="11602661" lat="34.7680729" lon="137.3841620"/>
 <node id="4391693841" visible="true" version="3" changeset="90401346" timestamp="2020-09-04T08:00:19Z" user="carrotrain" uid="11602661" lat="34.7680620" lon="137.3842626"/>
 <node id="4391693842" visible="true" version="2" changeset="90401346" timestamp="2020-09-04T08:00:19Z" user="carrotrain" uid="11602661" lat="34.7680804" lon="137.3845309"/>
 <node id="4391693843" visible="true" version="2" changeset="90401346" timestamp="2020-09-04T08:00:19Z" user="carrotrain" uid="11602661" lat="34.7680875" lon="137.3846552"/>
 <node id="4391693844" visible="true" version="2" changeset="90401346" timestamp="2020-09-04T08:00:19Z" user="carrotrain" uid="11602661" lat="34.7680940" lon="137.3847176"/>
 <node id="4391693845" visible="true" version="2" changeset="90401346" timestamp="2020-09-04T08:00:19Z" user="carrotrain" uid="11602661" lat="34.7680958" lon="137.3847788"/>
 <node id="4391693846" visible="true" version="2" changeset="90401346" timestamp="2020-09-04T08:00:19Z" user="carrotrain" uid="11602661" lat="34.7681020" lon="137.3848463"/>
 <node id="4391693847" visible="true" version="2" changeset="90401346" timestamp="2020-09-04T08:00:19Z" user="carrotrain" uid="11602661" lat="34.7681072" lon="137.3849536"/>
 <node id="4391693848" visible="true" version="1" changeset="42002201" timestamp="2016-09-08T11:52:57Z" user="MapQuestSolutions LLC" uid="733151" lat="34.7681695" lon="137.3854679"/>
 <node id="4391693849" visible="true" version="2" changeset="90401346" timestamp="2020-09-04T08:00:19Z" user="carrotrain" uid="11602661" lat="34.7681610" lon="137.3847164"/>
 <node id="4391693850" visible="true" version="1" changeset="42002201" timestamp="2016-09-08T11:52:57Z" user="MapQuestSolutions LLC" uid="733151" lat="34.7681849" lon="137.3853096"/>
 <node id="4391693851" visible="true" version="2" changeset="90401346" timestamp="2020-09-04T08:00:19Z" user="carrotrain" uid="11602661" lat="34.7681620" lon="137.3847765"/>
 <node id="4391693852" visible="true" version="2" changeset="90401346" timestamp="2020-09-04T08:00:19Z" user="carrotrain" uid="11602661" lat="34.7681806" lon="137.3845548"/>
 <node id="4391693853" visible="true" version="2" changeset="90401346" timestamp="2020-09-04T08:00:19Z" user="carrotrain" uid="11602661" lat="34.7681840" lon="137.3846484"/>
 <node id="4391693854" visible="true" version="2" changeset="90401346" timestamp="2020-09-04T08:00:19Z" user="carrotrain" uid="11602661" lat="34.7682004" lon="137.3844652"/>
 <node id="4391693855" visible="true" version="2" changeset="90401346" timestamp="2020-09-04T08:00:19Z" user="carrotrain" uid="11602661" lat="34.7682086" lon="137.3848463"/>
 <node id="4391693856" visible="true" version="2" changeset="90401346" timestamp="2020-09-04T08:00:19Z" user="carrotrain" uid="11602661" lat="34.7682078" lon="137.3849789"/>
 <node id="4391693857" visible="true" version="1" changeset="42002201" timestamp="2016-09-08T11:52:57Z" user="MapQuestSolutions LLC" uid="733151" lat="34.7682303" lon="137.3854766"/>
 <node id="4391693858" visible="true" version="2" changeset="90401346" timestamp="2020-09-04T08:00:19Z" user="carrotrain" uid="11602661" lat="34.7682048" lon="137.3846488"/>
 <node id="4391693859" visible="true" version="2" changeset="90401346" timestamp="2020-09-04T08:00:19Z" user="carrotrain" uid="11602661" lat="34.7682142" lon="137.3847719"/>
 <node id="4391693860" visible="true" version="2" changeset="90401346" timestamp="2020-09-04T08:00:19Z" user="carrotrain" uid="11602661" lat="34.7682159" lon="137.3847025"/>
 <node id="4391693864" visible="true" version="1" changeset="42002201" timestamp="2016-09-08T11:52:57Z" user="MapQuestSolutions LLC" uid="733151" lat="34.7682391" lon="137.3852353"/>
 <node id="4391693866" visible="true" version="2" changeset="42271737" timestamp="2016-09-19T14:25:20Z" user="kamigata0" uid="254135" lat="34.7682155" lon="137.3841535"/>
 <node id="4391693867" visible="true" version="1" changeset="42002201" timestamp="2016-09-08T11:52:57Z" user="MapQuestSolutions LLC" uid="733151" lat="34.7682435" lon="137.3851038"/>
 <node id="4391693868" visible="true" version="3" changeset="90401346" timestamp="2020-09-04T08:00:19Z" user="carrotrain" uid="11602661" lat="34.7682185" lon="137.3842541"/>
 <node id="4391693869" visible="true" version="1" changeset="42002201" timestamp="2016-09-08T11:52:57Z" user="MapQuestSolutions LLC" uid="733151" lat="34.7682457" lon="137.3853184"/>
 <node id="4391693870" visible="true" version="3" changeset="90401346" timestamp="2020-09-04T08:00:19Z" user="carrotrain" uid="11602661" lat="34.7682230" lon="137.3841541"/>
 <node id="4391693871" visible="true" version="3" changeset="90401346" timestamp="2020-09-04T08:00:19Z" user="carrotrain" uid="11602661" lat="34.7682262" lon="137.3842408"/>
 <node id="4391693875" visible="true" version="2" changeset="90401346" timestamp="2020-09-04T08:00:19Z" user="carrotrain" uid="11602661" lat="34.7682881" lon="137.3847522"/>
 <node id="4391693876" visible="true" version="2" changeset="90401346" timestamp="2020-09-04T08:00:19Z" user="carrotrain" uid="11602661" lat="34.7682574" lon="137.3849810"/>
 <node id="4391693878" visible="true" version="1" changeset="42002201" timestamp="2016-09-08T11:52:57Z" user="MapQuestSolutions LLC" uid="733151" lat="34.7682956" lon="137.3852381"/>
 <node id="4391693879" visible="true" version="2" changeset="90401346" timestamp="2020-09-04T08:00:19Z" user="carrotrain" uid="11602661" lat="34.7682536" lon="137.3849296"/>
 <node id="4391693880" visible="true" version="2" changeset="90401346" timestamp="2020-09-04T08:00:19Z" user="carrotrain" uid="11602661" lat="34.7682813" lon="137.3847041"/>
 <node id="4391693881" visible="true" version="1" changeset="42002201" timestamp="2016-09-08T11:52:57Z" user="MapQuestSolutions LLC" uid="733151" lat="34.7683000" lon="137.3851066"/>
 <node id="4391693882" visible="true" version="2" changeset="90401346" timestamp="2020-09-04T08:00:19Z" user="carrotrain" uid="11602661" lat="34.7683043" lon="137.3844610"/>
 <node id="4391693884" visible="true" version="1" changeset="42002201" timestamp="2016-09-08T11:52:57Z" user="MapQuestSolutions LLC" uid="733151" lat="34.7683339" lon="137.3852111"/>
 <node id="4391693886" visible="true" version="2" changeset="90401346" timestamp="2020-09-04T08:00:19Z" user="carrotrain" uid="11602661" lat="34.7683105" lon="137.3845972"/>
 <node id="4391693887" visible="true" version="1" changeset="42002201" timestamp="2016-09-08T11:52:57Z" user="MapQuestSolutions LLC" uid="733151" lat="34.7683372" lon="137.3852752"/>
 <node id="4391693888" visible="true" version="2" changeset="90401346" timestamp="2020-09-04T08:00:19Z" user="carrotrain" uid="11602661" lat="34.7683227" lon="137.3846627"/>
 <node id="4391693889" visible="true" version="2" changeset="90401346" timestamp="2020-09-04T08:00:19Z" user="carrotrain" uid="11602661" lat="34.7683227" lon="137.3847244"/>
 <node id="4391693890" visible="true" version="1" changeset="42002201" timestamp="2016-09-08T11:52:57Z" user="MapQuestSolutions LLC" uid="733151" lat="34.7683504" lon="137.3850971"/>
 <node id="4391693891" visible="true" version="1" changeset="42002201" timestamp="2016-09-08T11:52:57Z" user="MapQuestSolutions LLC" uid="733151" lat="34.7683504" lon="137.3851615"/>
 <node id="4391693892" visible="true" version="2" changeset="90401346" timestamp="2020-09-04T08:00:19Z" user="carrotrain" uid="11602661" lat="34.7683315" lon="137.3847524"/>
 <node id="4391693893" visible="true" version="2" changeset="90401346" timestamp="2020-09-04T08:00:19Z" user="carrotrain" uid="11602661" lat="34.7683307" lon="137.3849814"/>
 <node id="4391693894" visible="true" version="2" changeset="90401346" timestamp="2020-09-04T08:00:19Z" user="carrotrain" uid="11602661" lat="34.7683422" lon="137.3845210"/>
 <node id="4391693895" visible="true" version="2" changeset="90401346" timestamp="2020-09-04T08:00:19Z" user="carrotrain" uid="11602661" lat="34.7683422" lon="137.3846050"/>
 <node id="4391693896" visible="true" version="2" changeset="90401346" timestamp="2020-09-04T08:00:19Z" user="carrotrain" uid="11602661" lat="34.7683486" lon="137.3847763"/>
 <node id="4391693897" visible="true" version="2" changeset="90401346" timestamp="2020-09-04T08:00:19Z" user="carrotrain" uid="11602661" lat="34.7683508" lon="137.3849801"/>
 <node id="4391693898" visible="true" version="2" changeset="90401346" timestamp="2020-09-04T08:00:19Z" user="carrotrain" uid="11602661" lat="34.7683672" lon="137.3843093"/>
 <node id="4391693899" visible="true" version="2" changeset="90401346" timestamp="2020-09-04T08:00:19Z" user="carrotrain" uid="11602661" lat="34.7683690" lon="137.3843921"/>
 <node id="4391693900" visible="true" version="2" changeset="90401346" timestamp="2020-09-04T08:00:19Z" user="carrotrain" uid="11602661" lat="34.7683733" lon="137.3846627"/>
 <node id="4391693901" visible="true" version="2" changeset="90401346" timestamp="2020-09-04T08:00:19Z" user="carrotrain" uid="11602661" lat="34.7683733" lon="137.3847244"/>
 <node id="4391693902" visible="true" version="1" changeset="42002201" timestamp="2016-09-08T11:52:57Z" user="MapQuestSolutions LLC" uid="733151" lat="34.7684014" lon="137.3855206"/>
 <node id="4391693903" visible="true" version="2" changeset="42271737" timestamp="2016-09-19T14:25:20Z" user="kamigata0" uid="254135" lat="34.7682753" lon="137.3841492"/>
 <node id="4391693904" visible="true" version="2" changeset="42271737" timestamp="2016-09-19T14:25:20Z" user="kamigata0" uid="254135" lat="34.7682771" lon="137.3842381"/>
 <node id="4391693905" visible="true" version="1" changeset="42002201" timestamp="2016-09-08T11:52:57Z" user="MapQuestSolutions LLC" uid="733151" lat="34.7684039" lon="137.3853960"/>
 <node id="4391693906" visible="true" version="2" changeset="90401346" timestamp="2020-09-04T08:00:19Z" user="carrotrain" uid="11602661" lat="34.7683819" lon="137.3844047"/>
 <node id="4391693907" visible="true" version="1" changeset="42002201" timestamp="2016-09-08T11:52:57Z" user="MapQuestSolutions LLC" uid="733151" lat="34.7684044" lon="137.3852057"/>
 <node id="4391693908" visible="true" version="1" changeset="42002201" timestamp="2016-09-08T11:52:57Z" user="MapQuestSolutions LLC" uid="733151" lat="34.7684055" lon="137.3854860"/>
 <node id="4391693909" visible="true" version="2" changeset="90401346" timestamp="2020-09-04T08:00:19Z" user="carrotrain" uid="11602661" lat="34.7683814" lon="137.3844484"/>
 <node id="4391693910" visible="true" version="1" changeset="42002201" timestamp="2016-09-08T11:52:57Z" user="MapQuestSolutions LLC" uid="733151" lat="34.7684077" lon="137.3852699"/>
 <node id="4391693911" visible="true" version="1" changeset="42002201" timestamp="2016-09-08T11:52:57Z" user="MapQuestSolutions LLC" uid="733151" lat="34.7684093" lon="137.3853409"/>
 <node id="4391693912" visible="true" version="2" changeset="90401346" timestamp="2020-09-04T08:00:19Z" user="carrotrain" uid="11602661" lat="34.7683885" lon="137.3845210"/>
 <node id="4391693913" visible="true" version="2" changeset="90401346" timestamp="2020-09-04T08:00:19Z" user="carrotrain" uid="11602661" lat="34.7683885" lon="137.3846050"/>
 <node id="4391693914" visible="true" version="2" changeset="90401346" timestamp="2020-09-04T08:00:19Z" user="carrotrain" uid="11602661" lat="34.7683937" lon="137.3847756"/>
 <node id="4391693915" visible="true" version="1" changeset="42002201" timestamp="2016-09-08T11:52:57Z" user="MapQuestSolutions LLC" uid="733151" lat="34.7684113" lon="137.3853250"/>
 <node id="4391693916" visible="true" version="2" changeset="90401346" timestamp="2020-09-04T08:00:19Z" user="carrotrain" uid="11602661" lat="34.7683959" lon="137.3849794"/>
 <node id="4391693917" visible="true" version="1" changeset="42002201" timestamp="2016-09-08T11:52:58Z" user="MapQuestSolutions LLC" uid="733151" lat="34.7684143" lon="137.3852688"/>
 <node id="4391693918" visible="true" version="1" changeset="42002201" timestamp="2016-09-08T11:52:58Z" user="MapQuestSolutions LLC" uid="733151" lat="34.7684148" lon="137.3854595"/>
 <node id="4391693919" visible="true" version="1" changeset="42002201" timestamp="2016-09-08T11:52:58Z" user="MapQuestSolutions LLC" uid="733151" lat="34.7684165" lon="137.3854136"/>
 <node id="4391693920" visible="true" version="2" changeset="90401346" timestamp="2020-09-04T08:00:19Z" user="carrotrain" uid="11602661" lat="34.7683829" lon="137.3846115"/>
 <node id="4391693921" visible="true" version="2" changeset="90401346" timestamp="2020-09-04T08:00:19Z" user="carrotrain" uid="11602661" lat="34.7683829" lon="137.3846727"/>
 <node id="4391693922" visible="true" version="2" changeset="90401346" timestamp="2020-09-04T08:00:19Z" user="carrotrain" uid="11602661" lat="34.7684061" lon="137.3847290"/>
 <node id="4391693923" visible="true" version="2" changeset="90401346" timestamp="2020-09-04T08:00:19Z" user="carrotrain" uid="11602661" lat="34.7684059" lon="137.3847845"/>
 <node id="4391693924" visible="true" version="1" changeset="42002201" timestamp="2016-09-08T11:52:58Z" user="MapQuestSolutions LLC" uid="733151" lat="34.7684631" lon="137.3855313"/>
 <node id="4391693925" visible="true" version="1" changeset="42002201" timestamp="2016-09-08T11:52:58Z" user="MapQuestSolutions LLC" uid="733151" lat="34.7684632" lon="137.3854622"/>
 <node id="4391693926" visible="true" version="1" changeset="42002201" timestamp="2016-09-08T11:52:58Z" user="MapQuestSolutions LLC" uid="733151" lat="34.7684650" lon="137.3854163"/>
 <node id="4391693927" visible="true" version="1" changeset="42002201" timestamp="2016-09-08T11:52:58Z" user="MapQuestSolutions LLC" uid="733151" lat="34.7684672" lon="137.3854968"/>
 <node id="4391693928" visible="true" version="1" changeset="42002201" timestamp="2016-09-08T11:52:58Z" user="MapQuestSolutions LLC" uid="733151" lat="34.7684684" lon="137.3854054"/>
 <node id="4391693929" visible="true" version="1" changeset="42002201" timestamp="2016-09-08T11:52:58Z" user="MapQuestSolutions LLC" uid="733151" lat="34.7684738" lon="137.3853503"/>
 <node id="4391693930" visible="true" version="1" changeset="42002201" timestamp="2016-09-08T11:52:58Z" user="MapQuestSolutions LLC" uid="733151" lat="34.7684796" lon="137.3853304"/>
 <node id="4391693931" visible="true" version="1" changeset="42002201" timestamp="2016-09-08T11:52:58Z" user="MapQuestSolutions LLC" uid="733151" lat="34.7684826" lon="137.3852741"/>
 <node id="4391693932" visible="true" version="2" changeset="90401346" timestamp="2020-09-04T08:00:19Z" user="carrotrain" uid="11602661" lat="34.7684550" lon="137.3843071"/>
 <node id="4391693933" visible="true" version="2" changeset="90401346" timestamp="2020-09-04T08:00:19Z" user="carrotrain" uid="11602661" lat="34.7684542" lon="137.3843888"/>
 <node id="4391693934" visible="true" version="2" changeset="90401346" timestamp="2020-09-04T08:00:19Z" user="carrotrain" uid="11602661" lat="34.7684921" lon="137.3847287"/>
 <node id="4391693935" visible="true" version="1" changeset="42002201" timestamp="2016-09-08T11:52:58Z" user="MapQuestSolutions LLC" uid="733151" lat="34.7685068" lon="137.3850971"/>
 <node id="4391693936" visible="true" version="1" changeset="42002201" timestamp="2016-09-08T11:52:58Z" user="MapQuestSolutions LLC" uid="733151" lat="34.7685068" lon="137.3851615"/>
 <node id="4391693937" visible="true" version="2" changeset="90401346" timestamp="2020-09-04T08:00:19Z" user="carrotrain" uid="11602661" lat="34.7684928" lon="137.3847842"/>
 <node id="4391693938" visible="true" version="2" changeset="90401346" timestamp="2020-09-04T08:00:19Z" user="carrotrain" uid="11602661" lat="34.7684894" lon="137.3846115"/>
 <node id="4391693939" visible="true" version="2" changeset="90401346" timestamp="2020-09-04T08:00:19Z" user="carrotrain" uid="11602661" lat="34.7684902" lon="137.3846717"/>
 <node id="4391693940" visible="true" version="2" changeset="90401346" timestamp="2020-09-04T08:00:19Z" user="carrotrain" uid="11602661" lat="34.7684920" lon="137.3844030"/>
 <node id="4391693941" visible="true" version="2" changeset="90401346" timestamp="2020-09-04T08:00:19Z" user="carrotrain" uid="11602661" lat="34.7684916" lon="137.3844477"/>
 <node id="4391693944" visible="true" version="1" changeset="42002201" timestamp="2016-09-08T11:52:58Z" user="MapQuestSolutions LLC" uid="733151" lat="34.7686138" lon="137.3845782"/>
 <node id="4391693945" visible="true" version="1" changeset="42002201" timestamp="2016-09-08T11:52:58Z" user="MapQuestSolutions LLC" uid="733151" lat="34.7686160" lon="137.3846587"/>
 <node id="4391693946" visible="true" version="1" changeset="42002201" timestamp="2016-09-08T11:52:58Z" user="MapQuestSolutions LLC" uid="733151" lat="34.7686296" lon="137.3847656"/>
 <node id="4391693947" visible="true" version="1" changeset="42002201" timestamp="2016-09-08T11:52:58Z" user="MapQuestSolutions LLC" uid="733151" lat="34.7686340" lon="137.3848434"/>
 <node id="4391693948" visible="true" version="3" changeset="90401346" timestamp="2020-09-04T08:00:19Z" user="carrotrain" uid="11602661" lat="34.7686225" lon="137.3842352"/>
 <node id="4391693949" visible="true" version="3" changeset="90401346" timestamp="2020-09-04T08:00:19Z" user="carrotrain" uid="11602661" lat="34.7686227" lon="137.3844102"/>
 <node id="4391693950" visible="true" version="1" changeset="42002201" timestamp="2016-09-08T11:52:58Z" user="MapQuestSolutions LLC" uid="733151" lat="34.7687062" lon="137.3847592"/>
 <node id="4391693951" visible="true" version="1" changeset="42002201" timestamp="2016-09-08T11:52:58Z" user="MapQuestSolutions LLC" uid="733151" lat="34.7687106" lon="137.3848369"/>
 <node id="4391693952" visible="true" version="1" changeset="42002201" timestamp="2016-09-08T11:52:58Z" user="MapQuestSolutions LLC" uid="733151" lat="34.7687150" lon="137.3845741"/>
 <node id="4391693953" visible="true" version="1" changeset="42002201" timestamp="2016-09-08T11:52:58Z" user="MapQuestSolutions LLC" uid="733151" lat="34.7687172" lon="137.3846546"/>
 <node id="4391693954" visible="true" version="1" changeset="42002201" timestamp="2016-09-08T11:52:58Z" user="MapQuestSolutions LLC" uid="733151" lat="34.7687349" lon="137.3849764"/>
 <node id="4391693955" visible="true" version="1" changeset="42002201" timestamp="2016-09-08T11:52:58Z" user="MapQuestSolutions LLC" uid="733151" lat="34.7687437" lon="137.3848664"/>
 <node id="4391693956" visible="true" version="1" changeset="42002201" timestamp="2016-09-08T11:52:58Z" user="MapQuestSolutions LLC" uid="733151" lat="34.7687709" lon="137.3849807"/>
 <node id="4391693957" visible="true" version="1" changeset="42002201" timestamp="2016-09-08T11:52:58Z" user="MapQuestSolutions LLC" uid="733151" lat="34.7687797" lon="137.3848707"/>
 <node id="4391693963" visible="true" version="3" changeset="90401346" timestamp="2020-09-04T08:00:19Z" user="carrotrain" uid="11602661" lat="34.7689925" lon="137.3842307"/>
 <node id="4391693964" visible="true" version="3" changeset="90401346" timestamp="2020-09-04T08:00:19Z" user="carrotrain" uid="11602661" lat="34.7689972" lon="137.3843975"/>
 <node id="4391695779" visible="true" version="2" changeset="90401346" timestamp="2020-09-04T08:00:19Z" user="carrotrain" uid="11602661" lat="34.7678031" lon="137.3853270"/>
 <node id="4391695780" visible="true" version="2" changeset="90401346" timestamp="2020-09-04T08:00:19Z" user="carrotrain" uid="11602661" lat="34.7678175" lon="137.3852602"/>
 <node id="4391695781" visible="true" version="2" changeset="90401346" timestamp="2020-09-04T08:00:19Z" user="carrotrain" uid="11602661" lat="34.7678175" lon="137.3852499"/>
 <node id="4391695782" visible="true" version="2" changeset="90401346" timestamp="2020-09-04T08:00:19Z" user="carrotrain" uid="11602661" lat="34.7678319" lon="137.3851804"/>
 <node id="4391695783" visible="true" version="2" changeset="90401346" timestamp="2020-09-04T08:00:19Z" user="carrotrain" uid="11602661" lat="34.7679094" lon="137.3853445"/>
 <node id="4391695784" visible="true" version="2" changeset="90401346" timestamp="2020-09-04T08:00:19Z" user="carrotrain" uid="11602661" lat="34.7679227" lon="137.3852804"/>
 <node id="4391695785" visible="true" version="2" changeset="90401346" timestamp="2020-09-04T08:00:19Z" user="carrotrain" uid="11602661" lat="34.7679188" lon="137.3852908"/>
 <node id="4391695786" visible="true" version="2" changeset="90401346" timestamp="2020-09-04T08:00:19Z" user="carrotrain" uid="11602661" lat="34.7679377" lon="137.3852126"/>
 <node id="4391695787" visible="true" version="1" changeset="42002267" timestamp="2016-09-08T11:55:57Z" user="MapQuestSolutions LLC" uid="733151" lat="34.7679967" lon="137.3854418"/>
 <node id="4391695788" visible="true" version="1" changeset="42002267" timestamp="2016-09-08T11:55:57Z" user="MapQuestSolutions LLC" uid="733151" lat="34.7679990" lon="137.3851746"/>
 <node id="4391696089" visible="true" version="1" changeset="42002267" timestamp="2016-09-08T11:55:57Z" user="MapQuestSolutions LLC" uid="733151" lat="34.7680034" lon="137.3852577"/>
 <node id="4391696090" visible="true" version="1" changeset="42002267" timestamp="2016-09-08T11:55:57Z" user="MapQuestSolutions LLC" uid="733151" lat="34.7680078" lon="137.3853399"/>
 <node id="4391696091" visible="true" version="1" changeset="42002267" timestamp="2016-09-08T11:55:57Z" user="MapQuestSolutions LLC" uid="733151" lat="34.7680122" lon="137.3851736"/>
 <node id="4391696092" visible="true" version="1" changeset="42002267" timestamp="2016-09-08T11:55:57Z" user="MapQuestSolutions LLC" uid="733151" lat="34.7680166" lon="137.3852567"/>
 <node id="4391696093" visible="true" version="1" changeset="42002267" timestamp="2016-09-08T11:55:57Z" user="MapQuestSolutions LLC" uid="733151" lat="34.7680206" lon="137.3854456"/>
 <node id="4391696094" visible="true" version="1" changeset="42002267" timestamp="2016-09-08T11:55:57Z" user="MapQuestSolutions LLC" uid="733151" lat="34.7680316" lon="137.3853437"/>
 <node id="4391696095" visible="true" version="1" changeset="42002267" timestamp="2016-09-08T11:55:57Z" user="MapQuestSolutions LLC" uid="733151" lat="34.7680365" lon="137.3852039"/>
 <node id="4391696096" visible="true" version="1" changeset="42002267" timestamp="2016-09-08T11:55:57Z" user="MapQuestSolutions LLC" uid="733151" lat="34.7680387" lon="137.3850858"/>
 <node id="4391696097" visible="true" version="1" changeset="42002267" timestamp="2016-09-08T11:55:57Z" user="MapQuestSolutions LLC" uid="733151" lat="34.7680436" lon="137.3854442"/>
 <node id="4391696098" visible="true" version="1" changeset="42002267" timestamp="2016-09-08T11:55:57Z" user="MapQuestSolutions LLC" uid="733151" lat="34.7680590" lon="137.3852993"/>
 <node id="4391696099" visible="true" version="1" changeset="42002267" timestamp="2016-09-08T11:55:57Z" user="MapQuestSolutions LLC" uid="733151" lat="34.7681047" lon="137.3852057"/>
 <node id="4391696100" visible="true" version="1" changeset="42002267" timestamp="2016-09-08T11:55:57Z" user="MapQuestSolutions LLC" uid="733151" lat="34.7681069" lon="137.3850877"/>
 <node id="4391696101" visible="true" version="1" changeset="42002267" timestamp="2016-09-08T11:55:57Z" user="MapQuestSolutions LLC" uid="733151" lat="34.7681135" lon="137.3854552"/>
 <node id="4391696102" visible="true" version="1" changeset="42002267" timestamp="2016-09-08T11:55:58Z" user="MapQuestSolutions LLC" uid="733151" lat="34.7681289" lon="137.3853104"/>
 <node id="4391696103" visible="true" version="1" changeset="42002267" timestamp="2016-09-08T11:55:58Z" user="MapQuestSolutions LLC" uid="733151" lat="34.7681312" lon="137.3850931"/>
 <node id="4391696104" visible="true" version="1" changeset="42002267" timestamp="2016-09-08T11:55:58Z" user="MapQuestSolutions LLC" uid="733151" lat="34.7681332" lon="137.3851461"/>
 <node id="4391696105" visible="true" version="1" changeset="42002267" timestamp="2016-09-08T11:55:58Z" user="MapQuestSolutions LLC" uid="733151" lat="34.7681774" lon="137.3850904"/>
 <node id="4391696106" visible="true" version="1" changeset="42002267" timestamp="2016-09-08T11:55:58Z" user="MapQuestSolutions LLC" uid="733151" lat="34.7681795" lon="137.3851434"/>
 <node id="4391837150" visible="true" version="3" changeset="42054536" timestamp="2016-09-10T08:16:14Z" user="hayashi" uid="621319" lat="34.7676740" lon="137.3861835"/>
 <node id="4391837151" visible="true" version="3" changeset="42054536" timestamp="2016-09-10T08:16:14Z" user="hayashi" uid="621319" lat="34.7676877" lon="137.3861160"/>
 <node id="4391837154" visible="true" version="3" changeset="42054536" timestamp="2016-09-10T08:16:14Z" user="hayashi" uid="621319" lat="34.7677833" lon="137.3862166"/>
 <node id="4391837155" visible="true" version="3" changeset="42054536" timestamp="2016-09-10T08:16:14Z" user="hayashi" uid="621319" lat="34.7677970" lon="137.3861491"/>
 <node id="4391837156" visible="true" version="3" changeset="78419148" timestamp="2019-12-14T22:50:08Z" user="K_Sakanoshita" uid="389520" lat="34.7679304" lon="137.3864061"/>
 <node id="4391837157" visible="true" version="3" changeset="78419148" timestamp="2019-12-14T22:50:08Z" user="K_Sakanoshita" uid="389520" lat="34.7679665" lon="137.3861950"/>
 <node id="4391837158" visible="true" version="3" changeset="78419148" timestamp="2019-12-14T22:50:08Z" user="K_Sakanoshita" uid="389520" lat="34.7679832" lon="137.3864195"/>
 <node id="4391837159" visible="true" version="3" changeset="78419148" timestamp="2019-12-14T22:50:08Z" user="K_Sakanoshita" uid="389520" lat="34.7680193" lon="137.3862084"/>
 <node id="4391837160" visible="true" version="1" changeset="42004690" timestamp="2016-09-08T13:55:18Z" user="辻 大地" uid="4143778" lat="34.7681774" lon="137.3853867"/>
 <node id="4391837161" visible="true" version="1" changeset="42004690" timestamp="2016-09-08T13:55:18Z" user="辻 大地" uid="4143778" lat="34.7682040" lon="137.3856871"/>
 <node id="4391837162" visible="true" version="1" changeset="42004690" timestamp="2016-09-08T13:55:18Z" user="辻 大地" uid="4143778" lat="34.7682190" lon="137.3855355"/>
 <node id="4391837163" visible="true" version="1" changeset="42004690" timestamp="2016-09-08T13:55:18Z" user="辻 大地" uid="4143778" lat="34.7682466" lon="137.3856927"/>
 <node id="4391837167" visible="true" version="1" changeset="42004690" timestamp="2016-09-08T13:55:18Z" user="辻 大地" uid="4143778" lat="34.7682639" lon="137.3855439"/>
 <node id="4394290335" visible="true" version="3" changeset="90396618" timestamp="2020-09-04T06:43:22Z" user="carrotrain" uid="11602661" lat="34.7676242" lon="137.3831239">
  <tag k="crossing" v="marked"/>
  <tag k="highway" v="crossing"/>
 </node>
 <node id="4394290336" visible="true" version="3" changeset="90396618" timestamp="2020-09-04T06:43:22Z" user="carrotrain" uid="11602661" lat="34.7676607" lon="137.3835609">
  <tag k="crossing" v="marked"/>
  <tag k="highway" v="crossing"/>
 </node>
 <node id="4394290337" visible="true" version="3" changeset="90396618" timestamp="2020-09-04T06:43:22Z" user="carrotrain" uid="11602661" lat="34.7676891" lon="137.3831228"/>
 <node id="4394290339" visible="true" version="4" changeset="90396618" timestamp="2020-09-04T06:43:22Z" user="carrotrain" uid="11602661" lat="34.7677227" lon="137.3835581"/>
 <node id="4394290340" visible="true" version="4" changeset="90401346" timestamp="2020-09-04T08:00:19Z" user="carrotrain" uid="11602661" lat="34.7677672" lon="137.3841400">
  <tag k="crossing" v="marked"/>
  <tag k="highway" v="crossing"/>
 </node>
 <node id="4394290341" visible="true" version="3" changeset="62882190" timestamp="2018-09-24T14:12:47Z" user="Ritchy Latte" uid="5399149" lat="34.7678379" lon="137.3837866"/>
 <node id="4394290342" visible="true" version="3" changeset="62882190" timestamp="2018-09-24T14:12:47Z" user="Ritchy Latte" uid="5399149" lat="34.7678385" lon="137.3838432"/>
 <node id="4394290343" visible="true" version="3" changeset="62882190" timestamp="2018-09-24T14:12:47Z" user="Ritchy Latte" uid="5399149" lat="34.7678482" lon="137.3837292"/>
 <node id="4394290344" visible="true" version="3" changeset="62882190" timestamp="2018-09-24T14:12:47Z" user="Ritchy Latte" uid="5399149" lat="34.7678422" lon="137.3838888"/>
 <node id="4394290345" visible="true" version="2" changeset="62882190" timestamp="2018-09-24T14:12:47Z" user="Ritchy Latte" uid="5399149" lat="34.7678439" lon="137.3838430"/>
 <node id="4394290346" visible="true" version="3" changeset="62882190" timestamp="2018-09-24T14:12:47Z" user="Ritchy Latte" uid="5399149" lat="34.7678662" lon="137.3836819"/>
 <node id="4394290347" visible="true" version="3" changeset="62882190" timestamp="2018-09-24T14:12:47Z" user="Ritchy Latte" uid="5399149" lat="34.7678599" lon="137.3839283"/>
 <node id="4394290348" visible="true" version="3" changeset="62882190" timestamp="2018-09-24T14:12:47Z" user="Ritchy Latte" uid="5399149" lat="34.7678644" lon="137.3839256"/>
 <node id="4394290349" visible="true" version="3" changeset="62882190" timestamp="2018-09-24T14:12:47Z" user="Ritchy Latte" uid="5399149" lat="34.7678782" lon="137.3839610"/>
 <node id="4394290350" visible="true" version="2" changeset="62882190" timestamp="2018-09-24T14:12:47Z" user="Ritchy Latte" uid="5399149" lat="34.7678715" lon="137.3836856"/>
 <node id="4394290351" visible="true" version="3" changeset="62882190" timestamp="2018-09-24T14:12:47Z" user="Ritchy Latte" uid="5399149" lat="34.7678906" lon="137.3836495"/>
 <node id="4394290353" visible="true" version="3" changeset="62882190" timestamp="2018-09-24T14:12:47Z" user="Ritchy Latte" uid="5399149" lat="34.7679047" lon="137.3839994"/>
 <node id="4394290354" visible="true" version="2" changeset="62882190" timestamp="2018-09-24T14:12:47Z" user="Ritchy Latte" uid="5399149" lat="34.7679074" lon="137.3839954"/>
 <node id="4394290355" visible="true" version="3" changeset="62882190" timestamp="2018-09-24T14:12:47Z" user="Ritchy Latte" uid="5399149" lat="34.7679177" lon="137.3836207"/>
 <node id="4394290357" visible="true" version="2" changeset="62882190" timestamp="2018-09-24T14:12:47Z" user="Ritchy Latte" uid="5399149" lat="34.7679215" lon="137.3836246"/>
 <node id="4394290359" visible="true" version="3" changeset="62882190" timestamp="2018-09-24T14:12:47Z" user="Ritchy Latte" uid="5399149" lat="34.7679383" lon="137.3840265"/>
 <node id="4394290360" visible="true" version="3" changeset="62882190" timestamp="2018-09-24T14:12:47Z" user="Ritchy Latte" uid="5399149" lat="34.7679458" lon="137.3836011"/>
 <node id="4394290362" visible="true" version="2" changeset="90401346" timestamp="2020-09-04T08:00:19Z" user="carrotrain" uid="11602661" lat="34.7679055" lon="137.3834533"/>
 <node id="4394290363" visible="true" version="3" changeset="62882190" timestamp="2018-09-24T14:12:48Z" user="Ritchy Latte" uid="5399149" lat="34.7679692" lon="137.3840423"/>
 <node id="4394290364" visible="true" version="2" changeset="90401346" timestamp="2020-09-04T08:00:19Z" user="carrotrain" uid="11602661" lat="34.7679205" lon="137.3834736"/>
 <node id="4394290365" visible="true" version="2" changeset="90401346" timestamp="2020-09-04T08:00:19Z" user="carrotrain" uid="11602661" lat="34.7678987" lon="137.3834256"/>
 <node id="4394290366" visible="true" version="2" changeset="62882190" timestamp="2018-09-24T14:12:48Z" user="Ritchy Latte" uid="5399149" lat="34.7679696" lon="137.3840366"/>
 <node id="4394290367" visible="true" version="3" changeset="62882190" timestamp="2018-09-24T14:12:48Z" user="Ritchy Latte" uid="5399149" lat="34.7679779" lon="137.3835854"/>
 <node id="4394290368" visible="true" version="2" changeset="62882190" timestamp="2018-09-24T14:12:48Z" user="Ritchy Latte" uid="5399149" lat="34.7679789" lon="137.3835931"/>
 <node id="4394290369" visible="true" version="2" changeset="90401346" timestamp="2020-09-04T08:00:19Z" user="carrotrain" uid="11602661" lat="34.7679432" lon="137.3834825"/>
 <node id="4394290370" visible="true" version="2" changeset="90401346" timestamp="2020-09-04T08:00:19Z" user="carrotrain" uid="11602661" lat="34.7678974" lon="137.3832840"/>
 <node id="4394290372" visible="true" version="3" changeset="62882190" timestamp="2018-09-24T14:12:48Z" user="Ritchy Latte" uid="5399149" lat="34.7680048" lon="137.3840525"/>
 <node id="4394290373" visible="true" version="3" changeset="62882190" timestamp="2018-09-24T14:12:48Z" user="Ritchy Latte" uid="5399149" lat="34.7680134" lon="137.3835751"/>
 <node id="4394290375" visible="true" version="3" changeset="62882190" timestamp="2018-09-24T14:12:48Z" user="Ritchy Latte" uid="5399149" lat="34.7680440" lon="137.3840524"/>
 <node id="4394290380" visible="true" version="2" changeset="62882190" timestamp="2018-09-24T14:12:48Z" user="Ritchy Latte" uid="5399149" lat="34.7681149" lon="137.3840397"/>
 <node id="4394290381" visible="true" version="2" changeset="90401346" timestamp="2020-09-04T08:00:19Z" user="carrotrain" uid="11602661" lat="34.7681153" lon="137.3835065"/>
 <node id="4394290382" visible="true" version="2" changeset="90401346" timestamp="2020-09-04T08:00:19Z" user="carrotrain" uid="11602661" lat="34.7681150" lon="137.3833190"/>
 <node id="4394290384" visible="true" version="1" changeset="42051607" timestamp="2016-09-10T02:00:45Z" user="K_Sakanoshita" uid="389520" lat="34.7683574" lon="137.3836319"/>
 <node id="4394290385" visible="true" version="1" changeset="42051607" timestamp="2016-09-10T02:00:45Z" user="K_Sakanoshita" uid="389520" lat="34.7683772" lon="137.3836815"/>
 <node id="4394290386" visible="true" version="1" changeset="42051607" timestamp="2016-09-10T02:00:45Z" user="K_Sakanoshita" uid="389520" lat="34.7683834" lon="137.3839985"/>
 <node id="4394290388" visible="true" version="1" changeset="42051607" timestamp="2016-09-10T02:00:45Z" user="K_Sakanoshita" uid="389520" lat="34.7684004" lon="137.3839803"/>
 <node id="4394290489" visible="true" version="3" changeset="90401346" timestamp="2020-09-04T08:00:19Z" user="carrotrain" uid="11602661" lat="34.7684078" lon="137.3835757">
  <tag k="entrance" v="main"/>
  <tag k="level" v="0"/>
 </node>
 <node id="4394290490" visible="true" version="1" changeset="42051607" timestamp="2016-09-10T02:00:45Z" user="K_Sakanoshita" uid="389520" lat="34.7684049" lon="137.3840247"/>
 <node id="4394290491" visible="true" version="1" changeset="42051607" timestamp="2016-09-10T02:00:45Z" user="K_Sakanoshita" uid="389520" lat="34.7684137" lon="137.3839580"/>
 <node id="4394290492" visible="true" version="2" changeset="90401346" timestamp="2020-09-04T08:00:19Z" user="carrotrain" uid="11602661" lat="34.7684155" lon="137.3838303"/>
 <node id="4394290494" visible="true" version="3" changeset="90401346" timestamp="2020-09-04T08:00:19Z" user="carrotrain" uid="11602661" lat="34.7684464" lon="137.3839416">
  <tag k="entrance" v="yes"/>
 </node>
 <node id="4394394389" visible="true" version="1" changeset="42053026" timestamp="2016-09-10T06:00:58Z" user="Xyst" uid="4554801" lat="34.7677719" lon="137.3844997">
  <tag k="shop" v="beauty"/>
 </node>
 <node id="4394404988" visible="true" version="1" changeset="42053232" timestamp="2016-09-10T06:24:50Z" user="0204yasu" uid="4546276" lat="34.7677890" lon="137.3847290">
  <tag k="emergency" v="fire_extinguisher"/>
 </node>
 <node id="4394410974" visible="true" version="2" changeset="90406908" timestamp="2020-09-04T09:43:53Z" user="carrotrain" uid="11602661" lat="34.7666969" lon="137.3858578"/>
 <node id="4394410976" visible="true" version="2" changeset="90406908" timestamp="2020-09-04T09:43:53Z" user="carrotrain" uid="11602661" lat="34.7667364" lon="137.3858283"/>
 <node id="4394410977" visible="true" version="1" changeset="42054553" timestamp="2016-09-10T08:17:15Z" user="hayashi" uid="621319" lat="34.7674680" lon="137.3860208"/>
 <node id="4394410978" visible="true" version="1" changeset="42054553" timestamp="2016-09-10T08:17:15Z" user="hayashi" uid="621319" lat="34.7674768" lon="137.3860329"/>
 <node id="4394420024" visible="true" version="2" changeset="42054536" timestamp="2016-09-10T08:16:14Z" user="hayashi" uid="621319" lat="34.7677002" lon="137.3864580"/>
 <node id="4394420026" visible="true" version="2" changeset="42054536" timestamp="2016-09-10T08:16:14Z" user="hayashi" uid="621319" lat="34.7677400" lon="137.3862629"/>
 <node id="4394420032" visible="true" version="2" changeset="42054536" timestamp="2016-09-10T08:16:14Z" user="hayashi" uid="621319" lat="34.7678098" lon="137.3864911"/>
 <node id="4394420035" visible="true" version="2" changeset="42054536" timestamp="2016-09-10T08:16:14Z" user="hayashi" uid="621319" lat="34.7678496" lon="137.3862960"/>
 <node id="4394421723" visible="true" version="1" changeset="42053498" timestamp="2016-09-10T06:53:22Z" user="辻 大地" uid="4143778" lat="34.7667032" lon="137.3844472">
  <tag k="amenity" v="post_box"/>
 </node>
 <node id="4394430414" visible="true" version="2" changeset="90406908" timestamp="2020-09-04T09:43:53Z" user="carrotrain" uid="11602661" lat="34.7675699" lon="137.3856545"/>
 <node id="4394430416" visible="true" version="2" changeset="90406908" timestamp="2020-09-04T09:43:53Z" user="carrotrain" uid="11602661" lat="34.7676099" lon="137.3858202"/>
 <node id="4394430418" visible="true" version="3" changeset="90401346" timestamp="2020-09-04T08:00:19Z" user="carrotrain" uid="11602661" lat="34.7676711" lon="137.3831231"/>
 <node id="4394430429" visible="true" version="1" changeset="42053704" timestamp="2016-09-10T07:11:50Z" user="hayashi" uid="621319" lat="34.7677637" lon="137.3840989"/>
 <node id="4394430436" visible="true" version="2" changeset="90406908" timestamp="2020-09-04T09:43:53Z" user="carrotrain" uid="11602661" lat="34.7676481" lon="137.3852803">
  <tag k="amenity" v="parking_entrance"/>
  <tag k="fee" v="yes"/>
  <tag k="name" v="豊橋市松葉公園地下駐車場"/>
  <tag k="parking" v="underground"/>
 </node>
 <node id="4394430889" visible="true" version="2" changeset="90401346" timestamp="2020-09-04T08:00:19Z" user="carrotrain" uid="11602661" lat="34.7677552" lon="137.3842253"/>
 <node id="4394430890" visible="true" version="2" changeset="90401346" timestamp="2020-09-04T08:00:19Z" user="carrotrain" uid="11602661" lat="34.7677711" lon="137.3841870"/>
 <node id="4394430891" visible="true" version="2" changeset="90401346" timestamp="2020-09-04T08:00:19Z" user="carrotrain" uid="11602661" lat="34.7677836" lon="137.3841761"/>
 <node id="4394430892" visible="true" version="1" changeset="42053723" timestamp="2016-09-10T07:13:40Z" user="hayashi" uid="621319" lat="34.7677940" lon="137.3841974"/>
 <node id="4394430893" visible="true" version="2" changeset="90401346" timestamp="2020-09-04T08:00:19Z" user="carrotrain" uid="11602661" lat="34.7678070" lon="137.3849471"/>
 <node id="4394430894" visible="true" version="2" changeset="90401346" timestamp="2020-09-04T08:00:19Z" user="carrotrain" uid="11602661" lat="34.7678070" lon="137.3841705"/>
 <node id="4394430895" visible="true" version="2" changeset="90401346" timestamp="2020-09-04T08:00:19Z" user="carrotrain" uid="11602661" lat="34.7678211" lon="137.3849679"/>
 <node id="4394430896" visible="true" version="2" changeset="90401346" timestamp="2020-09-04T08:00:19Z" user="carrotrain" uid="11602661" lat="34.7678305" lon="137.3849796"/>
 <node id="4394430897" visible="true" version="2" changeset="90401346" timestamp="2020-09-04T08:00:19Z" user="carrotrain" uid="11602661" lat="34.7678527" lon="137.3849643"/>
 <node id="4394430898" visible="true" version="1" changeset="42053723" timestamp="2016-09-10T07:13:41Z" user="hayashi" uid="621319" lat="34.7678698" lon="137.3849815"/>
 <node id="4394431081" visible="true" version="2" changeset="78419148" timestamp="2019-12-14T22:50:08Z" user="K_Sakanoshita" uid="389520" lat="34.7677507" lon="137.3855748"/>
 <node id="4394431082" visible="true" version="2" changeset="78419148" timestamp="2019-12-14T22:50:08Z" user="K_Sakanoshita" uid="389520" lat="34.7677870" lon="137.3854712"/>
 <node id="4394431084" visible="true" version="2" changeset="78419148" timestamp="2019-12-14T22:50:08Z" user="K_Sakanoshita" uid="389520" lat="34.7679062" lon="137.3856185"/>
 <node id="4394431086" visible="true" version="2" changeset="78419148" timestamp="2019-12-14T22:50:08Z" user="K_Sakanoshita" uid="389520" lat="34.7679267" lon="137.3855106"/>
 <node id="4394431266" visible="true" version="2" changeset="90406908" timestamp="2020-09-04T09:43:53Z" user="carrotrain" uid="11602661" lat="34.7675036" lon="137.3866155"/>
 <node id="4394431267" visible="true" version="3" changeset="90406908" timestamp="2020-09-04T09:43:53Z" user="carrotrain" uid="11602661" lat="34.7676179" lon="137.3860932"/>
 <node id="4394431270" visible="true" version="2" changeset="90401346" timestamp="2020-09-04T08:00:19Z" user="carrotrain" uid="11602661" lat="34.7677440" lon="137.3853713"/>
 <node id="4394431272" visible="true" version="2" changeset="90401346" timestamp="2020-09-04T08:00:19Z" user="carrotrain" uid="11602661" lat="34.7677476" lon="137.3853892"/>
 <node id="4394431273" visible="true" version="2" changeset="90401346" timestamp="2020-09-04T08:00:19Z" user="carrotrain" uid="11602661" lat="34.7677513" lon="137.3854374">
  <tag k="crossing" v="marked"/>
  <tag k="highway" v="crossing"/>
 </node>
 <node id="4394431274" visible="true" version="2" changeset="90401346" timestamp="2020-09-04T08:00:19Z" user="carrotrain" uid="11602661" lat="34.7677594" lon="137.3854017"/>
 <node id="4394431275" visible="true" version="1" changeset="42053735" timestamp="2016-09-10T07:15:15Z" user="hayashi" uid="621319" lat="34.7677866" lon="137.3853846"/>
 <node id="4394431276" visible="true" version="1" changeset="42053735" timestamp="2016-09-10T07:15:15Z" user="hayashi" uid="621319" lat="34.7677949" lon="137.3854041"/>
 <node id="4394431277" visible="true" version="2" changeset="90401346" timestamp="2020-09-04T08:00:19Z" user="carrotrain" uid="11602661" lat="34.7678026" lon="137.3850907"/>
 <node id="4394431278" visible="true" version="2" changeset="90401346" timestamp="2020-09-04T08:00:19Z" user="carrotrain" uid="11602661" lat="34.7678142" lon="137.3850758"/>
 <node id="4394431279" visible="true" version="2" changeset="90401346" timestamp="2020-09-04T08:00:19Z" user="carrotrain" uid="11602661" lat="34.7678315" lon="137.3850689"/>
 <node id="4394431280" visible="true" version="2" changeset="90401346" timestamp="2020-09-04T08:00:19Z" user="carrotrain" uid="11602661" lat="34.7678279" lon="137.3850704"/>
 <node id="4394431281" visible="true" version="2" changeset="90401346" timestamp="2020-09-04T08:00:19Z" user="carrotrain" uid="11602661" lat="34.7678292" lon="137.3850252">
  <tag k="crossing" v="marked"/>
  <tag k="highway" v="crossing"/>
 </node>
 <node id="4394431283" visible="true" version="1" changeset="42053735" timestamp="2016-09-10T07:15:15Z" user="hayashi" uid="621319" lat="34.7678447" lon="137.3850872"/>
 <node id="4394431284" visible="true" version="2" changeset="90401346" timestamp="2020-09-04T08:00:19Z" user="carrotrain" uid="11602661" lat="34.7678619" lon="137.3850676"/>
 <node id="4394431472" visible="true" version="1" changeset="42053759" timestamp="2016-09-10T07:18:08Z" user="hayashi" uid="621319" lat="34.7674922" lon="137.3865802"/>
 <node id="4394431473" visible="true" version="1" changeset="42053759" timestamp="2016-09-10T07:18:08Z" user="hayashi" uid="621319" lat="34.7675302" lon="137.3865950"/>
 <node id="4394431474" visible="true" version="1" changeset="42053759" timestamp="2016-09-10T07:18:08Z" user="hayashi" uid="621319" lat="34.7675423" lon="137.3866258"/>
 <node id="4394431475" visible="true" version="2" changeset="90406908" timestamp="2020-09-04T09:43:53Z" user="carrotrain" uid="11602661" lat="34.7675959" lon="137.3860873"/>
 <node id="4394431476" visible="true" version="1" changeset="42053759" timestamp="2016-09-10T07:18:08Z" user="hayashi" uid="621319" lat="34.7676277" lon="137.3861269"/>
 <node id="4394431477" visible="true" version="1" changeset="42053759" timestamp="2016-09-10T07:18:08Z" user="hayashi" uid="621319" lat="34.7676395" lon="137.3858676"/>
 <node id="4394431478" visible="true" version="1" changeset="42053759" timestamp="2016-09-10T07:18:09Z" user="hayashi" uid="621319" lat="34.7676409" lon="137.3858917"/>
 <node id="4394431479" visible="true" version="2" changeset="90406908" timestamp="2020-09-04T09:43:53Z" user="carrotrain" uid="11602661" lat="34.7676540" lon="137.3860395"/>
 <node id="4394431480" visible="true" version="1" changeset="42053759" timestamp="2016-09-10T07:18:09Z" user="hayashi" uid="621319" lat="34.7676671" lon="137.3860897"/>
 <node id="4394431481" visible="true" version="2" changeset="90406908" timestamp="2020-09-04T09:43:53Z" user="carrotrain" uid="11602661" lat="34.7676751" lon="137.3859310"/>
 <node id="4394431482" visible="true" version="1" changeset="42053759" timestamp="2016-09-10T07:18:09Z" user="hayashi" uid="621319" lat="34.7676789" lon="137.3860391"/>
 <node id="4394431483" visible="true" version="1" changeset="42053759" timestamp="2016-09-10T07:18:09Z" user="hayashi" uid="621319" lat="34.7676880" lon="137.3858632"/>
 <node id="4394431484" visible="true" version="1" changeset="42053759" timestamp="2016-09-10T07:18:09Z" user="hayashi" uid="621319" lat="34.7677029" lon="137.3858887"/>
 <node id="4394431485" visible="true" version="1" changeset="42053759" timestamp="2016-09-10T07:18:09Z" user="hayashi" uid="621319" lat="34.7677199" lon="137.3854944"/>
 <node id="4394431486" visible="true" version="1" changeset="42053759" timestamp="2016-09-10T07:18:09Z" user="hayashi" uid="621319" lat="34.7677343" lon="137.3854740"/>
 <node id="4394431487" visible="true" version="1" changeset="42053759" timestamp="2016-09-10T07:18:09Z" user="hayashi" uid="621319" lat="34.7677447" lon="137.3854666"/>
 <node id="4394431488" visible="true" version="1" changeset="42053759" timestamp="2016-09-10T07:18:09Z" user="hayashi" uid="621319" lat="34.7677618" lon="137.3854902"/>
 <node id="4394431689" visible="true" version="1" changeset="42053759" timestamp="2016-09-10T07:18:09Z" user="hayashi" uid="621319" lat="34.7677833" lon="137.3854668"/>
 <node id="4394431690" visible="true" version="1" changeset="42053759" timestamp="2016-09-10T07:18:09Z" user="hayashi" uid="621319" lat="34.7683716" lon="137.3862200"/>
 <node id="4394431691" visible="true" version="1" changeset="42053759" timestamp="2016-09-10T07:18:09Z" user="hayashi" uid="621319" lat="34.7683829" lon="137.3861170"/>
 <node id="4394431692" visible="true" version="1" changeset="42053759" timestamp="2016-09-10T07:18:09Z" user="hayashi" uid="621319" lat="34.7683925" lon="137.3862428"/>
 <node id="4394431693" visible="true" version="1" changeset="42053759" timestamp="2016-09-10T07:18:09Z" user="hayashi" uid="621319" lat="34.7683961" lon="137.3862818"/>
 <node id="4394431694" visible="true" version="1" changeset="42053759" timestamp="2016-09-10T07:18:09Z" user="hayashi" uid="621319" lat="34.7683980" lon="137.3862698"/>
 <node id="4394431695" visible="true" version="1" changeset="42053759" timestamp="2016-09-10T07:18:09Z" user="hayashi" uid="621319" lat="34.7684027" lon="137.3861137"/>
 <node id="4394431696" visible="true" version="1" changeset="42053759" timestamp="2016-09-10T07:18:09Z" user="hayashi" uid="621319" lat="34.7684052" lon="137.3860701"/>
 <node id="4394431697" visible="true" version="1" changeset="42053759" timestamp="2016-09-10T07:18:09Z" user="hayashi" uid="621319" lat="34.7684184" lon="137.3860922"/>
 <node id="4394431698" visible="true" version="1" changeset="42053759" timestamp="2016-09-10T07:18:09Z" user="hayashi" uid="621319" lat="34.7684250" lon="137.3860520"/>
 <node id="4394443358" visible="true" version="1" changeset="42053947" timestamp="2016-09-10T07:34:59Z" user="hayashi" uid="621319" lat="34.7665951" lon="137.3863578"/>
 <node id="4394443359" visible="true" version="2" changeset="90406908" timestamp="2020-09-04T09:43:53Z" user="carrotrain" uid="11602661" lat="34.7666043" lon="137.3863804"/>
 <node id="4394443360" visible="true" version="1" changeset="42053947" timestamp="2016-09-10T07:34:59Z" user="hayashi" uid="621319" lat="34.7666271" lon="137.3863692"/>
 <node id="4394443361" visible="true" version="1" changeset="42053947" timestamp="2016-09-10T07:34:59Z" user="hayashi" uid="621319" lat="34.7666381" lon="137.3863920"/>
 <node id="4394443362" visible="true" version="1" changeset="42053947" timestamp="2016-09-10T07:34:59Z" user="hayashi" uid="621319" lat="34.7666772" lon="137.3858609"/>
 <node id="4394443363" visible="true" version="1" changeset="42053947" timestamp="2016-09-10T07:34:59Z" user="hayashi" uid="621319" lat="34.7666965" lon="137.3858200"/>
 <node id="4394443364" visible="true" version="1" changeset="42053947" timestamp="2016-09-10T07:34:59Z" user="hayashi" uid="621319" lat="34.7667136" lon="137.3858871"/>
 <node id="4394443365" visible="true" version="1" changeset="42053947" timestamp="2016-09-10T07:34:59Z" user="hayashi" uid="621319" lat="34.7667152" lon="137.3858059"/>
 <node id="4394443366" visible="true" version="2" changeset="90406908" timestamp="2020-09-04T09:43:53Z" user="carrotrain" uid="11602661" lat="34.7667405" lon="137.3858046"/>
 <node id="4394443367" visible="true" version="1" changeset="42053947" timestamp="2016-09-10T07:34:59Z" user="hayashi" uid="621319" lat="34.7667510" lon="137.3858556"/>
 <node id="4394443368" visible="true" version="1" changeset="42053947" timestamp="2016-09-10T07:34:59Z" user="hayashi" uid="621319" lat="34.7668738" lon="137.3856981"/>
 <node id="4394443369" visible="true" version="1" changeset="42053947" timestamp="2016-09-10T07:34:59Z" user="hayashi" uid="621319" lat="34.7671691" lon="137.3857818"/>
 <node id="4394443370" visible="true" version="1" changeset="42053947" timestamp="2016-09-10T07:34:59Z" user="hayashi" uid="621319" lat="34.7672027" lon="137.3858187"/>
 <node id="4394443371" visible="true" version="1" changeset="42053947" timestamp="2016-09-10T07:34:59Z" user="hayashi" uid="621319" lat="34.7672297" lon="137.3858783"/>
 <node id="4394443372" visible="true" version="1" changeset="42053947" timestamp="2016-09-10T07:34:59Z" user="hayashi" uid="621319" lat="34.7673294" lon="137.3865757"/>
 <node id="4394443373" visible="true" version="1" changeset="42053947" timestamp="2016-09-10T07:34:59Z" user="hayashi" uid="621319" lat="34.7673536" lon="137.3865509"/>
 <node id="4394443374" visible="true" version="1" changeset="42053947" timestamp="2016-09-10T07:34:59Z" user="hayashi" uid="621319" lat="34.7673680" lon="137.3865818"/>
 <node id="4394443375" visible="true" version="1" changeset="42053947" timestamp="2016-09-10T07:35:00Z" user="hayashi" uid="621319" lat="34.7673839" lon="137.3865771"/>
 <node id="4394443376" visible="true" version="1" changeset="42053947" timestamp="2016-09-10T07:35:00Z" user="hayashi" uid="621319" lat="34.7673936" lon="137.3865583"/>
 <node id="4394443377" visible="true" version="1" changeset="42053947" timestamp="2016-09-10T07:35:00Z" user="hayashi" uid="621319" lat="34.7674572" lon="137.3860406"/>
 <node id="4394443378" visible="true" version="1" changeset="42053947" timestamp="2016-09-10T07:35:00Z" user="hayashi" uid="621319" lat="34.7674649" lon="137.3859944"/>
 <node id="4394443379" visible="true" version="1" changeset="42053947" timestamp="2016-09-10T07:35:00Z" user="hayashi" uid="621319" lat="34.7674831" lon="137.3860058"/>
 <node id="4394443380" visible="true" version="1" changeset="42053947" timestamp="2016-09-10T07:35:00Z" user="hayashi" uid="621319" lat="34.7674958" lon="137.3860339"/>
 <node id="4394443381" visible="true" version="2" changeset="90406908" timestamp="2020-09-04T09:43:53Z" user="carrotrain" uid="11602661" lat="34.7674958" lon="137.3860604"/>
 <node id="4394451098" visible="true" version="1" changeset="42054149" timestamp="2016-09-10T07:49:09Z" user="hayashi" uid="621319" lat="34.7673291" lon="137.3870840"/>
 <node id="4394454687" visible="true" version="2" changeset="90401346" timestamp="2020-09-04T08:00:19Z" user="carrotrain" uid="11602661" lat="34.7678130" lon="137.3844475"/>
 <node id="4394454688" visible="true" version="1" changeset="42054276" timestamp="2016-09-10T07:58:20Z" user="hayashi" uid="621319" lat="34.7679786" lon="137.3841616"/>
 <node id="4394454889" visible="true" version="1" changeset="42054276" timestamp="2016-09-10T07:58:20Z" user="hayashi" uid="621319" lat="34.7679940" lon="137.3841784"/>
 <node id="4394454890" visible="true" version="2" changeset="90401346" timestamp="2020-09-04T08:00:19Z" user="carrotrain" uid="11602661" lat="34.7680123" lon="137.3844296"/>
 <node id="4395656097" visible="true" version="2" changeset="90401346" timestamp="2020-09-04T08:00:19Z" user="carrotrain" uid="11602661" lat="34.7677138" lon="137.3831692"/>
 <node id="4395656098" visible="true" version="1" changeset="42071284" timestamp="2016-09-11T05:44:40Z" user="K_Sakanoshita" uid="389520" lat="34.7677470" lon="137.3831283"/>
 <node id="4395656099" visible="true" version="1" changeset="42071284" timestamp="2016-09-11T05:44:40Z" user="K_Sakanoshita" uid="389520" lat="34.7677841" lon="137.3838133"/>
 <node id="4395656100" visible="true" version="1" changeset="42071284" timestamp="2016-09-11T05:44:40Z" user="K_Sakanoshita" uid="389520" lat="34.7677841" lon="137.3838742"/>
 <node id="4395656101" visible="true" version="2" changeset="90401346" timestamp="2020-09-04T08:00:19Z" user="carrotrain" uid="11602661" lat="34.7677833" lon="137.3840819"/>
 <node id="4395656102" visible="true" version="1" changeset="42071284" timestamp="2016-09-11T05:44:40Z" user="K_Sakanoshita" uid="389520" lat="34.7677885" lon="137.3837734"/>
 <node id="4395656103" visible="true" version="1" changeset="42071284" timestamp="2016-09-11T05:44:40Z" user="K_Sakanoshita" uid="389520" lat="34.7677888" lon="137.3839131"/>
 <node id="4395656104" visible="true" version="1" changeset="42071284" timestamp="2016-09-11T05:44:40Z" user="K_Sakanoshita" uid="389520" lat="34.7677972" lon="137.3837412"/>
 <node id="4395656105" visible="true" version="1" changeset="42071284" timestamp="2016-09-11T05:44:40Z" user="K_Sakanoshita" uid="389520" lat="34.7678011" lon="137.3839463"/>
 <node id="4395656106" visible="true" version="1" changeset="42071284" timestamp="2016-09-11T05:44:40Z" user="K_Sakanoshita" uid="389520" lat="34.7678101" lon="137.3837012"/>
 <node id="4395656107" visible="true" version="1" changeset="42071284" timestamp="2016-09-11T05:44:40Z" user="K_Sakanoshita" uid="389520" lat="34.7678111" lon="137.3841081"/>
 <node id="4395656108" visible="true" version="1" changeset="42071284" timestamp="2016-09-11T05:44:40Z" user="K_Sakanoshita" uid="389520" lat="34.7678143" lon="137.3839773"/>
 <node id="4395656109" visible="true" version="1" changeset="42071284" timestamp="2016-09-11T05:44:40Z" user="K_Sakanoshita" uid="389520" lat="34.7678264" lon="137.3837855"/>
 <node id="4395656110" visible="true" version="1" changeset="42071284" timestamp="2016-09-11T05:44:40Z" user="K_Sakanoshita" uid="389520" lat="34.7678270" lon="137.3838438"/>
 <node id="4395656111" visible="true" version="1" changeset="42071284" timestamp="2016-09-11T05:44:40Z" user="K_Sakanoshita" uid="389520" lat="34.7678286" lon="137.3836686"/>
 <node id="4395656112" visible="true" version="1" changeset="42071284" timestamp="2016-09-11T05:44:40Z" user="K_Sakanoshita" uid="389520" lat="34.7678315" lon="137.3838920"/>
 <node id="4395656113" visible="true" version="1" changeset="42071284" timestamp="2016-09-11T05:44:40Z" user="K_Sakanoshita" uid="389520" lat="34.7678318" lon="137.3837851"/>
 <node id="4395656114" visible="true" version="1" changeset="42071284" timestamp="2016-09-11T05:44:40Z" user="K_Sakanoshita" uid="389520" lat="34.7678324" lon="137.3838433"/>
 <node id="4395656115" visible="true" version="1" changeset="42071284" timestamp="2016-09-11T05:44:40Z" user="K_Sakanoshita" uid="389520" lat="34.7678339" lon="137.3837853"/>
 <node id="4395656116" visible="true" version="1" changeset="42071284" timestamp="2016-09-11T05:44:40Z" user="K_Sakanoshita" uid="389520" lat="34.7678345" lon="137.3838431"/>
 <node id="4395656117" visible="true" version="1" changeset="42071284" timestamp="2016-09-11T05:44:40Z" user="K_Sakanoshita" uid="389520" lat="34.7678364" lon="137.3837257"/>
 <node id="4395656118" visible="true" version="1" changeset="42071284" timestamp="2016-09-11T05:44:40Z" user="K_Sakanoshita" uid="389520" lat="34.7678369" lon="137.3838910"/>
 <node id="4395656119" visible="true" version="1" changeset="42071284" timestamp="2016-09-11T05:44:40Z" user="K_Sakanoshita" uid="389520" lat="34.7678389" lon="137.3838903"/>
 <node id="4395656120" visible="true" version="1" changeset="42071284" timestamp="2016-09-11T05:44:40Z" user="K_Sakanoshita" uid="389520" lat="34.7678418" lon="137.3837254"/>
 <node id="4395656121" visible="true" version="1" changeset="42071284" timestamp="2016-09-11T05:44:40Z" user="K_Sakanoshita" uid="389520" lat="34.7678437" lon="137.3837262"/>
 <node id="4395656122" visible="true" version="1" changeset="42071284" timestamp="2016-09-11T05:44:40Z" user="K_Sakanoshita" uid="389520" lat="34.7678481" lon="137.3839345"/>
 <node id="4395656123" visible="true" version="1" changeset="42071284" timestamp="2016-09-11T05:44:40Z" user="K_Sakanoshita" uid="389520" lat="34.7678535" lon="137.3836380"/>
 <node id="4395656124" visible="true" version="1" changeset="42071284" timestamp="2016-09-11T05:44:40Z" user="K_Sakanoshita" uid="389520" lat="34.7678545" lon="137.3839322"/>
 <node id="4395656125" visible="true" version="1" changeset="42071284" timestamp="2016-09-11T05:44:40Z" user="K_Sakanoshita" uid="389520" lat="34.7678550" lon="137.3836762"/>
 <node id="4395656126" visible="true" version="1" changeset="42071284" timestamp="2016-09-11T05:44:40Z" user="K_Sakanoshita" uid="389520" lat="34.7678560" lon="137.3839487"/>
 <node id="4395656127" visible="true" version="1" changeset="42071284" timestamp="2016-09-11T05:44:40Z" user="K_Sakanoshita" uid="389520" lat="34.7678563" lon="137.3839309"/>
 <node id="4395656128" visible="true" version="1" changeset="42071284" timestamp="2016-09-11T05:44:40Z" user="K_Sakanoshita" uid="389520" lat="34.7678602" lon="137.3836764"/>
 <node id="4395656129" visible="true" version="1" changeset="42071284" timestamp="2016-09-11T05:44:40Z" user="K_Sakanoshita" uid="389520" lat="34.7678619" lon="137.3836778"/>
 <node id="4395656130" visible="true" version="1" changeset="42071284" timestamp="2016-09-11T05:44:40Z" user="K_Sakanoshita" uid="389520" lat="34.7678732" lon="137.3839658"/>
 <node id="4395656131" visible="true" version="1" changeset="42071284" timestamp="2016-09-11T05:44:40Z" user="K_Sakanoshita" uid="389520" lat="34.7678748" lon="137.3839643"/>
 <node id="4395656132" visible="true" version="1" changeset="42071284" timestamp="2016-09-11T05:44:40Z" user="K_Sakanoshita" uid="389520" lat="34.7678757" lon="137.3836178"/>
 <node id="4395656133" visible="true" version="1" changeset="42071284" timestamp="2016-09-11T05:44:40Z" user="K_Sakanoshita" uid="389520" lat="34.7678804" lon="137.3836420"/>
 <node id="4395656134" visible="true" version="1" changeset="42071284" timestamp="2016-09-11T05:44:40Z" user="K_Sakanoshita" uid="389520" lat="34.7678854" lon="137.3836425"/>
 <node id="4395656135" visible="true" version="1" changeset="42071284" timestamp="2016-09-11T05:44:40Z" user="K_Sakanoshita" uid="389520" lat="34.7678868" lon="137.3836443"/>
 <node id="4395656136" visible="true" version="1" changeset="42071284" timestamp="2016-09-11T05:44:40Z" user="K_Sakanoshita" uid="389520" lat="34.7678954" lon="137.3836041"/>
 <node id="4395656138" visible="true" version="1" changeset="42071284" timestamp="2016-09-11T05:44:40Z" user="K_Sakanoshita" uid="389520" lat="34.7679005" lon="137.3840049"/>
 <node id="4395656139" visible="true" version="1" changeset="42071284" timestamp="2016-09-11T05:44:40Z" user="K_Sakanoshita" uid="389520" lat="34.7679019" lon="137.3840030"/>
 <node id="4395656140" visible="true" version="1" changeset="42071284" timestamp="2016-09-11T05:44:40Z" user="K_Sakanoshita" uid="389520" lat="34.7679095" lon="137.3836128"/>
 <node id="4395656141" visible="true" version="2" changeset="42687082" timestamp="2016-10-06T15:11:18Z" user="kamigata0" uid="254135" lat="34.7679607" lon="137.3835640"/>
 <node id="4395656142" visible="true" version="1" changeset="42071284" timestamp="2016-09-11T05:44:40Z" user="K_Sakanoshita" uid="389520" lat="34.7679144" lon="137.3836134"/>
 <node id="4395656143" visible="true" version="1" changeset="42071284" timestamp="2016-09-11T05:44:40Z" user="K_Sakanoshita" uid="389520" lat="34.7679156" lon="137.3836155"/>
 <node id="4395656144" visible="true" version="1" changeset="42071284" timestamp="2016-09-11T05:44:40Z" user="K_Sakanoshita" uid="389520" lat="34.7679344" lon="137.3840336"/>
 <node id="4395656145" visible="true" version="1" changeset="42071284" timestamp="2016-09-11T05:44:40Z" user="K_Sakanoshita" uid="389520" lat="34.7679354" lon="137.3840313"/>
 <node id="4395656146" visible="true" version="2" changeset="42687082" timestamp="2016-10-06T15:11:18Z" user="kamigata0" uid="254135" lat="34.7680042" lon="137.3835512"/>
 <node id="4395656147" visible="true" version="1" changeset="42071284" timestamp="2016-09-11T05:44:40Z" user="K_Sakanoshita" uid="389520" lat="34.7679417" lon="137.3835934"/>
 <node id="4395656148" visible="true" version="1" changeset="42071284" timestamp="2016-09-11T05:44:40Z" user="K_Sakanoshita" uid="389520" lat="34.7679426" lon="137.3835957"/>
 <node id="4395656149" visible="true" version="1" changeset="42071284" timestamp="2016-09-11T05:44:40Z" user="K_Sakanoshita" uid="389520" lat="34.7679669" lon="137.3840495"/>
 <node id="4395656150" visible="true" version="1" changeset="42071284" timestamp="2016-09-11T05:44:40Z" user="K_Sakanoshita" uid="389520" lat="34.7679675" lon="137.3840471"/>
 <node id="4395656151" visible="true" version="1" changeset="42071284" timestamp="2016-09-11T05:44:40Z" user="K_Sakanoshita" uid="389520" lat="34.7679754" lon="137.3835798"/>
 <node id="4395656154" visible="true" version="1" changeset="42071284" timestamp="2016-09-11T05:44:40Z" user="K_Sakanoshita" uid="389520" lat="34.7680038" lon="137.3840599"/>
 <node id="4395656155" visible="true" version="1" changeset="42071284" timestamp="2016-09-11T05:44:40Z" user="K_Sakanoshita" uid="389520" lat="34.7680040" lon="137.3840574"/>
 <node id="4395656156" visible="true" version="1" changeset="42071284" timestamp="2016-09-11T05:44:40Z" user="K_Sakanoshita" uid="389520" lat="34.7680130" lon="137.3835690"/>
 <node id="4395656157" visible="true" version="2" changeset="62882190" timestamp="2018-09-24T14:12:48Z" user="Ritchy Latte" uid="5399149" lat="34.7680438" lon="137.3840286"/>
 <node id="4395656158" visible="true" version="2" changeset="90401346" timestamp="2020-09-04T08:00:19Z" user="carrotrain" uid="11602661" lat="34.7680440" lon="137.3840566"/>
 <node id="4395656159" visible="true" version="2" changeset="90401346" timestamp="2020-09-04T08:00:19Z" user="carrotrain" uid="11602661" lat="34.7680439" lon="137.3840592"/>
 <node id="4395656160" visible="true" version="2" changeset="42687082" timestamp="2016-10-06T15:11:18Z" user="kamigata0" uid="254135" lat="34.7680572" lon="137.3835611"/>
 <node id="4395656162" visible="true" version="1" changeset="42071284" timestamp="2016-09-11T05:44:40Z" user="K_Sakanoshita" uid="389520" lat="34.7680860" lon="137.3840172"/>
 <node id="4395656163" visible="true" version="1" changeset="42071284" timestamp="2016-09-11T05:44:40Z" user="K_Sakanoshita" uid="389520" lat="34.7681010" lon="137.3840114"/>
 <node id="4395656165" visible="true" version="1" changeset="42071284" timestamp="2016-09-11T05:44:40Z" user="K_Sakanoshita" uid="389520" lat="34.7683947" lon="137.3835600"/>
 <node id="4395656166" visible="true" version="2" changeset="90401346" timestamp="2020-09-04T08:00:19Z" user="carrotrain" uid="11602661" lat="34.7684175" lon="137.3835901"/>
 <node id="4395656167" visible="true" version="2" changeset="90401346" timestamp="2020-09-04T08:00:19Z" user="carrotrain" uid="11602661" lat="34.7684460" lon="137.3838115"/>
 <node id="4395656168" visible="true" version="1" changeset="42071284" timestamp="2016-09-11T05:44:40Z" user="K_Sakanoshita" uid="389520" lat="34.7685452" lon="137.3840855"/>
 <node id="4395656169" visible="true" version="1" changeset="42071284" timestamp="2016-09-11T05:44:40Z" user="K_Sakanoshita" uid="389520" lat="34.7685454" lon="137.3840592"/>
 <node id="4395656170" visible="true" version="1" changeset="42071284" timestamp="2016-09-11T05:44:40Z" user="K_Sakanoshita" uid="389520" lat="34.7685518" lon="137.3840660"/>
 <node id="4395656171" visible="true" version="2" changeset="90401346" timestamp="2020-09-04T08:00:19Z" user="carrotrain" uid="11602661" lat="34.7685535" lon="137.3842269"/>
 <node id="4395656173" visible="true" version="2" changeset="90401346" timestamp="2020-09-04T08:00:19Z" user="carrotrain" uid="11602661" lat="34.7685644" lon="137.3843059"/>
 <node id="4395656174" visible="true" version="2" changeset="90401346" timestamp="2020-09-04T08:00:19Z" user="carrotrain" uid="11602661" lat="34.7685644" lon="137.3843488"/>
 <node id="4395656179" visible="true" version="2" changeset="90401346" timestamp="2020-09-04T08:00:19Z" user="carrotrain" uid="11602661" lat="34.7686225" lon="137.3843058"/>
 <node id="4395656180" visible="true" version="2" changeset="90401346" timestamp="2020-09-04T08:00:19Z" user="carrotrain" uid="11602661" lat="34.7686226" lon="137.3843487"/>
 <node id="4395656187" visible="true" version="2" changeset="90401346" timestamp="2020-09-04T08:00:19Z" user="carrotrain" uid="11602661" lat="34.7685925" lon="137.3831504"/>
 <node id="4395659100" visible="true" version="1" changeset="42071284" timestamp="2016-09-11T05:44:41Z" user="K_Sakanoshita" uid="389520" lat="34.7687666" lon="137.3840578"/>
 <node id="4395659101" visible="true" version="2" changeset="90401346" timestamp="2020-09-04T08:00:19Z" user="carrotrain" uid="11602661" lat="34.7687663" lon="137.3840177"/>
 <node id="4395659110" visible="true" version="2" changeset="90401346" timestamp="2020-09-04T08:00:19Z" user="carrotrain" uid="11602661" lat="34.7689066" lon="137.3840118"/>
 <node id="4395659111" visible="true" version="2" changeset="90401346" timestamp="2020-09-04T08:00:19Z" user="carrotrain" uid="11602661" lat="34.7688909" lon="137.3835453"/>
 <node id="4395659113" visible="true" version="2" changeset="90401346" timestamp="2020-09-04T08:00:19Z" user="carrotrain" uid="11602661" lat="34.7689257" lon="137.3840559"/>
 <node id="4395659114" visible="true" version="2" changeset="90401346" timestamp="2020-09-04T08:00:19Z" user="carrotrain" uid="11602661" lat="34.7689297" lon="137.3842211"/>
 <node id="4395659124" visible="true" version="1" changeset="42071284" timestamp="2016-09-11T05:44:41Z" user="K_Sakanoshita" uid="389520" lat="34.7690579" lon="137.3837229"/>
 <node id="4395659125" visible="true" version="2" changeset="90401346" timestamp="2020-09-04T08:00:19Z" user="carrotrain" uid="11602661" lat="34.7691089" lon="137.3840043"/>
 <node id="4396382940" visible="true" version="1" changeset="42082985" timestamp="2016-09-11T16:57:44Z" user="hayashi" uid="621319" lat="34.7675667" lon="137.3864197"/>
 <node id="4396382941" visible="true" version="1" changeset="42082985" timestamp="2016-09-11T16:57:44Z" user="hayashi" uid="621319" lat="34.7676170" lon="137.3861781"/>
 <node id="4396382942" visible="true" version="1" changeset="42082985" timestamp="2016-09-11T16:57:44Z" user="hayashi" uid="621319" lat="34.7676424" lon="137.3861974">
  <tag k="amenity" v="taxi"/>
  <tag k="operator" v="東海交通株式会社"/>
 </node>
 <node id="4396382943" visible="true" version="1" changeset="42082985" timestamp="2016-09-11T16:57:44Z" user="hayashi" uid="621319" lat="34.7677744" lon="137.3862733"/>
 <node id="4396382944" visible="true" version="1" changeset="42082985" timestamp="2016-09-11T16:57:45Z" user="hayashi" uid="621319" lat="34.7677845" lon="137.3862270"/>
 <node id="4396389774" visible="true" version="1" changeset="42083070" timestamp="2016-09-11T17:01:42Z" user="hayashi" uid="621319" lat="34.7667065" lon="137.3856517"/>
 <node id="4396389775" visible="true" version="1" changeset="42083070" timestamp="2016-09-11T17:01:42Z" user="hayashi" uid="621319" lat="34.7667191" lon="137.3856832"/>
 <node id="4396389776" visible="true" version="1" changeset="42083070" timestamp="2016-09-11T17:01:42Z" user="hayashi" uid="621319" lat="34.7667373" lon="137.3850737"/>
 <node id="4396389777" visible="true" version="1" changeset="42083070" timestamp="2016-09-11T17:01:42Z" user="hayashi" uid="621319" lat="34.7667395" lon="137.3856959"/>
 <node id="4396389778" visible="true" version="1" changeset="42083070" timestamp="2016-09-11T17:01:42Z" user="hayashi" uid="621319" lat="34.7667503" lon="137.3855433"/>
 <node id="4396389779" visible="true" version="1" changeset="42083070" timestamp="2016-09-11T17:01:42Z" user="hayashi" uid="621319" lat="34.7667511" lon="137.3850569"/>
 <node id="4396390494" visible="true" version="1" changeset="42083070" timestamp="2016-09-11T17:01:42Z" user="hayashi" uid="621319" lat="34.7670061" lon="137.3857109"/>
 <node id="4396390520" visible="true" version="2" changeset="90406908" timestamp="2020-09-04T09:43:53Z" user="carrotrain" uid="11602661" lat="34.7672503" lon="137.3858303"/>
 <node id="4396390542" visible="true" version="1" changeset="42083070" timestamp="2016-09-11T17:01:43Z" user="hayashi" uid="621319" lat="34.7676892" lon="137.3850696"/>
 <node id="4396390543" visible="true" version="1" changeset="42083070" timestamp="2016-09-11T17:01:43Z" user="hayashi" uid="621319" lat="34.7677029" lon="137.3850871"/>
 <node id="4405637949" visible="true" version="1" changeset="42226815" timestamp="2016-09-17T13:11:27Z" user="taki3hira" uid="1948193" lat="34.7676024" lon="137.3862146">
  <tag k="emergency" v="fire_hydrant"/>
  <tag k="fire_hydrant:type" v="underground"/>
 </node>
 <node id="4405667912" visible="true" version="1" changeset="42227497" timestamp="2016-09-17T13:47:05Z" user="taki3hira" uid="1948193" lat="34.7674348" lon="137.3859909">
  <tag k="highway" v="street_lamp"/>
 </node>
 <node id="4405667914" visible="true" version="1" changeset="42227497" timestamp="2016-09-17T13:47:05Z" user="taki3hira" uid="1948193" lat="34.7674799" lon="137.3861145">
  <tag k="emergency" v="fire_extinguisher"/>
 </node>
 <node id="4405667916" visible="true" version="1" changeset="42227497" timestamp="2016-09-17T13:47:05Z" user="taki3hira" uid="1948193" lat="34.7675464" lon="137.3857822">
  <tag k="highway" v="street_lamp"/>
 </node>
 <node id="4405667917" visible="true" version="1" changeset="42227497" timestamp="2016-09-17T13:47:05Z" user="taki3hira" uid="1948193" lat="34.7675721" lon="137.3862177">
  <tag k="highway" v="street_lamp"/>
 </node>
 <node id="4405667918" visible="true" version="1" changeset="42227497" timestamp="2016-09-17T13:47:05Z" user="taki3hira" uid="1948193" lat="34.7675921" lon="137.3861232">
  <tag k="highway" v="street_lamp"/>
 </node>
 <node id="4405667919" visible="true" version="1" changeset="42227497" timestamp="2016-09-17T13:47:05Z" user="taki3hira" uid="1948193" lat="34.7676610" lon="137.3857928">
  <tag k="amenity" v="telephone"/>
 </node>
 <node id="4405667920" visible="true" version="1" changeset="42227497" timestamp="2016-09-17T13:47:05Z" user="taki3hira" uid="1948193" lat="34.7676659" lon="137.3857686">
  <tag k="emergency" v="fire_extinguisher"/>
 </node>
 <node id="4405667921" visible="true" version="1" changeset="42227497" timestamp="2016-09-17T13:47:05Z" user="taki3hira" uid="1948193" lat="34.7677189" lon="137.3859379">
  <tag k="highway" v="street_lamp"/>
 </node>
 <node id="4405667922" visible="true" version="1" changeset="42227497" timestamp="2016-09-17T13:47:05Z" user="taki3hira" uid="1948193" lat="34.7678017" lon="137.3859609">
  <tag k="highway" v="street_lamp"/>
 </node>
 <node id="4405667923" visible="true" version="1" changeset="42227497" timestamp="2016-09-17T13:47:05Z" user="taki3hira" uid="1948193" lat="34.7678040" lon="137.3851171">
  <tag k="amenity" v="post_box"/>
 </node>
 <node id="4405667924" visible="true" version="1" changeset="42227497" timestamp="2016-09-17T13:47:05Z" user="taki3hira" uid="1948193" lat="34.7678433" lon="137.3848916">
  <tag k="emergency" v="fire_hydrant"/>
  <tag k="fire_hydrant:type" v="underground"/>
 </node>
 <node id="4405667925" visible="true" version="1" changeset="42227497" timestamp="2016-09-17T13:47:05Z" user="taki3hira" uid="1948193" lat="34.7679364" lon="137.3859966">
  <tag k="highway" v="street_lamp"/>
 </node>
 <node id="4405712876" visible="true" version="1" changeset="42228430" timestamp="2016-09-17T14:44:40Z" user="taki3hira" uid="1948193" lat="34.7678841" lon="137.3839967">
  <tag k="amenity" v="bicycle_parking"/>
 </node>
 <node id="4408145673" visible="true" version="2" changeset="90406908" timestamp="2020-09-04T09:43:53Z" user="carrotrain" uid="11602661" lat="34.7657717" lon="137.3842143"/>
 <node id="4408145685" visible="true" version="2" changeset="90406908" timestamp="2020-09-04T09:43:53Z" user="carrotrain" uid="11602661" lat="34.7659724" lon="137.3842051"/>
 <node id="4408145687" visible="true" version="1" changeset="42270521" timestamp="2016-09-19T13:21:54Z" user="kamigata0" uid="254135" lat="34.7680734" lon="137.3842894"/>
 <node id="4408145688" visible="true" version="1" changeset="42270521" timestamp="2016-09-19T13:21:54Z" user="kamigata0" uid="254135" lat="34.7680844" lon="137.3844624"/>
 <node id="4408145889" visible="true" version="1" changeset="42270521" timestamp="2016-09-19T13:21:54Z" user="kamigata0" uid="254135" lat="34.7683334" lon="137.3842853"/>
 <node id="4408145890" visible="true" version="1" changeset="42270521" timestamp="2016-09-19T13:21:54Z" user="kamigata0" uid="254135" lat="34.7683367" lon="137.3844342"/>
 <node id="4408210679" visible="true" version="1" changeset="42271737" timestamp="2016-09-19T14:25:17Z" user="kamigata0" uid="254135" lat="34.7669067" lon="137.3841888">
  <tag k="power" v="pole"/>
 </node>
 <node id="4408210680" visible="true" version="1" changeset="42271737" timestamp="2016-09-19T14:25:17Z" user="kamigata0" uid="254135" lat="34.7671155" lon="137.3841217">
  <tag k="access" v="no"/>
  <tag k="entrance" v="service"/>
  <tag k="source" v="Survey, Image"/>
 </node>
 <node id="4408210681" visible="true" version="1" changeset="42271737" timestamp="2016-09-19T14:25:17Z" user="kamigata0" uid="254135" lat="34.7671315" lon="137.3841191"/>
 <node id="4408210682" visible="true" version="1" changeset="42271737" timestamp="2016-09-19T14:25:17Z" user="kamigata0" uid="254135" lat="34.7671346" lon="137.3842259"/>
 <node id="4408210683" visible="true" version="1" changeset="42271737" timestamp="2016-09-19T14:25:17Z" user="kamigata0" uid="254135" lat="34.7671524" lon="137.3841821">
  <tag k="power" v="pole"/>
 </node>
 <node id="4408210684" visible="true" version="2" changeset="90401346" timestamp="2020-09-04T08:00:19Z" user="carrotrain" uid="11602661" lat="34.7682772" lon="137.3841520"/>
 <node id="4408210685" visible="true" version="2" changeset="90401346" timestamp="2020-09-04T08:00:19Z" user="carrotrain" uid="11602661" lat="34.7682797" lon="137.3842512"/>
 <node id="4408210686" visible="true" version="2" changeset="90401346" timestamp="2020-09-04T08:00:19Z" user="carrotrain" uid="11602661" lat="34.7683829" lon="137.3841480"/>
 <node id="4408210687" visible="true" version="2" changeset="90401346" timestamp="2020-09-04T08:00:19Z" user="carrotrain" uid="11602661" lat="34.7683855" lon="137.3842472"/>
 <node id="4408210688" visible="true" version="1" changeset="42271737" timestamp="2016-09-19T14:25:17Z" user="kamigata0" uid="254135" lat="34.7671326" lon="137.3841526">
  <tag k="access" v="no"/>
  <tag k="barrier" v="gate"/>
  <tag k="name" v="商工中金通用口"/>
  <tag k="source" v="Survey, Image"/>
 </node>
 <node id="4417205760" visible="true" version="1" changeset="42417013" timestamp="2016-09-25T06:57:00Z" user="Lombroso" uid="3385340" lat="34.7683604" lon="137.3861699">
  <tag k="highway" v="crossing"/>
 </node>
 <node id="4417205787" visible="true" version="2" changeset="90401346" timestamp="2020-09-04T08:00:19Z" user="carrotrain" uid="11602661" lat="34.7684567" lon="137.3861131">
  <tag k="crossing" v="marked"/>
  <tag k="highway" v="crossing"/>
 </node>
 <node id="4417206093" visible="true" version="2" changeset="90406908" timestamp="2020-09-04T09:43:53Z" user="carrotrain" uid="11602661" lat="34.7696159" lon="137.3864411">
  <tag k="crossing" v="marked"/>
  <tag k="highway" v="crossing"/>
 </node>
 <node id="4417206115" visible="true" version="3" changeset="90406908" timestamp="2020-09-04T09:43:53Z" user="carrotrain" uid="11602661" lat="34.7684365" lon="137.3862662">
  <tag k="crossing" v="marked"/>
  <tag k="highway" v="crossing"/>
 </node>
 <node id="4417206160" visible="true" version="2" changeset="90406908" timestamp="2020-09-04T09:43:53Z" user="carrotrain" uid="11602661" lat="34.7707597" lon="137.3864501">
  <tag k="crossing" v="marked"/>
  <tag k="highway" v="crossing"/>
  <tag k="source" v="Bing"/>
 </node>
 <node id="4434477976" visible="true" version="1" changeset="42687082" timestamp="2016-10-06T15:11:12Z" user="kamigata0" uid="254135" lat="34.7671822" lon="137.3846046"/>
 <node id="4434477977" visible="true" version="1" changeset="42687082" timestamp="2016-10-06T15:11:12Z" user="kamigata0" uid="254135" lat="34.7671844" lon="137.3844999"/>
 <node id="4434477978" visible="true" version="1" changeset="42687082" timestamp="2016-10-06T15:11:12Z" user="kamigata0" uid="254135" lat="34.7672285" lon="137.3845013"/>
 <node id="4434477979" visible="true" version="1" changeset="42687082" timestamp="2016-10-06T15:11:12Z" user="kamigata0" uid="254135" lat="34.7672296" lon="137.3844463"/>
 <node id="4434480921" visible="true" version="1" changeset="42687082" timestamp="2016-10-06T15:11:13Z" user="kamigata0" uid="254135" lat="34.7674973" lon="137.3844436"/>
 <node id="4434480922" visible="true" version="1" changeset="42687082" timestamp="2016-10-06T15:11:13Z" user="kamigata0" uid="254135" lat="34.7674973" lon="137.3846113"/>
 <node id="4434480940" visible="true" version="2" changeset="90401346" timestamp="2020-09-04T08:00:19Z" user="carrotrain" uid="11602661" lat="34.7675668" lon="137.3836874"/>
 <node id="4434480950" visible="true" version="2" changeset="90401346" timestamp="2020-09-04T08:00:19Z" user="carrotrain" uid="11602661" lat="34.7675830" lon="137.3837102"/>
 <node id="4434480953" visible="true" version="2" changeset="90401346" timestamp="2020-09-04T08:00:19Z" user="carrotrain" uid="11602661" lat="34.7675984" lon="137.3836920"/>
 <node id="4434480961" visible="true" version="2" changeset="90401346" timestamp="2020-09-04T08:00:19Z" user="carrotrain" uid="11602661" lat="34.7676216" lon="137.3837282"/>
 <node id="4434480962" visible="true" version="2" changeset="90401346" timestamp="2020-09-04T08:00:19Z" user="carrotrain" uid="11602661" lat="34.7676204" lon="137.3841721"/>
 <node id="4434480963" visible="true" version="2" changeset="90401346" timestamp="2020-09-04T08:00:19Z" user="carrotrain" uid="11602661" lat="34.7676388" lon="137.3841620"/>
 <node id="4434480964" visible="true" version="2" changeset="90396618" timestamp="2020-09-04T06:43:22Z" user="carrotrain" uid="11602661" lat="34.7676406" lon="137.3833206"/>
 <node id="4434480965" visible="true" version="2" changeset="90401346" timestamp="2020-09-04T08:00:19Z" user="carrotrain" uid="11602661" lat="34.7676335" lon="137.3841682"/>
 <node id="4434480966" visible="true" version="2" changeset="90396618" timestamp="2020-09-04T06:43:22Z" user="carrotrain" uid="11602661" lat="34.7676518" lon="137.3834553"/>
 <node id="4434480967" visible="true" version="2" changeset="90401346" timestamp="2020-09-04T08:00:19Z" user="carrotrain" uid="11602661" lat="34.7676557" lon="137.3841211"/>
 <node id="4434481117" visible="true" version="1" changeset="42687082" timestamp="2016-10-06T15:11:14Z" user="kamigata0" uid="254135" lat="34.7679269" lon="137.3835806"/>
 <node id="4434481122" visible="true" version="1" changeset="42687082" timestamp="2016-10-06T15:11:14Z" user="kamigata0" uid="254135" lat="34.7679418" lon="137.3835907"/>
 <node id="4434481130" visible="true" version="1" changeset="42687082" timestamp="2016-10-06T15:11:14Z" user="kamigata0" uid="254135" lat="34.7679759" lon="137.3835759"/>
 <node id="4434481131" visible="true" version="1" changeset="42687082" timestamp="2016-10-06T15:11:14Z" user="kamigata0" uid="254135" lat="34.7679787" lon="137.3835558"/>
 <node id="4434481137" visible="true" version="1" changeset="42687082" timestamp="2016-10-06T15:11:14Z" user="kamigata0" uid="254135" lat="34.7680117" lon="137.3835652"/>
 <node id="4434481139" visible="true" version="1" changeset="42687082" timestamp="2016-10-06T15:11:14Z" user="kamigata0" uid="254135" lat="34.7680547" lon="137.3835545"/>
 <node id="4434481140" visible="true" version="1" changeset="42687082" timestamp="2016-10-06T15:11:14Z" user="kamigata0" uid="254135" lat="34.7680558" lon="137.3835478"/>
 <node id="4438778539" visible="true" version="2" changeset="62882190" timestamp="2018-09-24T14:12:48Z" user="Ritchy Latte" uid="5399149" lat="34.7680573" lon="137.3835689"/>
 <node id="4438778545" visible="true" version="2" changeset="90401346" timestamp="2020-09-04T08:00:19Z" user="carrotrain" uid="11602661" lat="34.7682393" lon="137.3839323">
  <tag k="amenity" v="toilets"/>
  <tag k="entrance" v="yes"/>
  <tag k="level" v="0"/>
 </node>
 <node id="4438778551" visible="true" version="1" changeset="42749262" timestamp="2016-10-09T08:52:30Z" user="kamigata0" uid="254135" lat="34.7683915" lon="137.3838452">
  <tag k="entrance" v="service"/>
  <tag k="level" v="0"/>
 </node>
 <node id="4438815094" visible="true" version="2" changeset="90406908" timestamp="2020-09-04T09:43:53Z" user="carrotrain" uid="11602661" lat="34.7657475" lon="137.3839674"/>
 <node id="4438815095" visible="true" version="2" changeset="90406908" timestamp="2020-09-04T09:43:53Z" user="carrotrain" uid="11602661" lat="34.7658733" lon="137.3840793"/>
 <node id="4438815097" visible="true" version="1" changeset="42749962" timestamp="2016-10-09T09:34:26Z" user="kamigata0" uid="254135" lat="34.7666178" lon="137.3848932"/>
 <node id="4438815098" visible="true" version="1" changeset="42749962" timestamp="2016-10-09T09:34:26Z" user="kamigata0" uid="254135" lat="34.7666233" lon="137.3848590">
  <tag k="amenity" v="clock"/>
  <tag k="display" v="analog"/>
 </node>
 <node id="4438815099" visible="true" version="2" changeset="90406908" timestamp="2020-09-04T09:43:53Z" user="carrotrain" uid="11602661" lat="34.7666327" lon="137.3847292"/>
 <node id="4438815101" visible="true" version="1" changeset="42749962" timestamp="2016-10-09T09:34:26Z" user="kamigata0" uid="254135" lat="34.7666382" lon="137.3849710">
  <tag k="height" v="7"/>
  <tag k="material" v="concrete"/>
  <tag k="power" v="pole"/>
 </node>
 <node id="4438815103" visible="true" version="1" changeset="42749962" timestamp="2016-10-09T09:34:26Z" user="kamigata0" uid="254135" lat="34.7666437" lon="137.3849147">
  <tag k="amenity" v="bench"/>
  <tag k="colour" v="gray"/>
  <tag k="seats" v="1"/>
 </node>
 <node id="4438815104" visible="true" version="1" changeset="42749962" timestamp="2016-10-09T09:34:26Z" user="kamigata0" uid="254135" lat="34.7666454" lon="137.3849475">
  <tag k="amenity" v="bench"/>
  <tag k="colour" v="gray"/>
  <tag k="seats" v="1"/>
 </node>
 <node id="4438815107" visible="true" version="2" changeset="90406908" timestamp="2020-09-04T09:43:53Z" user="carrotrain" uid="11602661" lat="34.7666597" lon="137.3849746"/>
 <node id="4438815108" visible="true" version="2" changeset="90406908" timestamp="2020-09-04T09:43:53Z" user="carrotrain" uid="11602661" lat="34.7666521" lon="137.3848263"/>
 <node id="4438815110" visible="true" version="1" changeset="42749962" timestamp="2016-10-09T09:34:26Z" user="kamigata0" uid="254135" lat="34.7666663" lon="137.3847624"/>
 <node id="4438815111" visible="true" version="2" changeset="90406908" timestamp="2020-09-04T09:43:53Z" user="carrotrain" uid="11602661" lat="34.7666676" lon="137.3842658"/>
 <node id="4438815112" visible="true" version="2" changeset="90406908" timestamp="2020-09-04T09:43:53Z" user="carrotrain" uid="11602661" lat="34.7666653" lon="137.3849749"/>
 <node id="4438815113" visible="true" version="2" changeset="90406908" timestamp="2020-09-04T09:43:53Z" user="carrotrain" uid="11602661" lat="34.7666700" lon="137.3848873"/>
 <node id="4438815115" visible="true" version="1" changeset="42749962" timestamp="2016-10-09T09:34:26Z" user="kamigata0" uid="254135" lat="34.7666729" lon="137.3847001"/>
 <node id="4438815116" visible="true" version="2" changeset="90406908" timestamp="2020-09-04T09:43:53Z" user="carrotrain" uid="11602661" lat="34.7666757" lon="137.3848113">
  <tag k="bicycle" v="yes"/>
  <tag k="crossing" v="uncontrolled;marked"/>
  <tag k="crossing_ref" v="toucan"/>
  <tag k="highway" v="crossing"/>
 </node>
 <node id="4438815117" visible="true" version="2" changeset="90406908" timestamp="2020-09-04T09:43:53Z" user="carrotrain" uid="11602661" lat="34.7666803" lon="137.3847707"/>
 <node id="4438815118" visible="true" version="1" changeset="42749962" timestamp="2016-10-09T09:34:26Z" user="kamigata0" uid="254135" lat="34.7666828" lon="137.3849596"/>
 <node id="4438815119" visible="true" version="2" changeset="90406908" timestamp="2020-09-04T09:43:53Z" user="carrotrain" uid="11602661" lat="34.7666895" lon="137.3847668"/>
 <node id="4438815120" visible="true" version="1" changeset="42749962" timestamp="2016-10-09T09:34:26Z" user="kamigata0" uid="254135" lat="34.7666850" lon="137.3848590"/>
 <node id="4438815121" visible="true" version="1" changeset="42749962" timestamp="2016-10-09T09:34:26Z" user="kamigata0" uid="254135" lat="34.7666850" lon="137.3849468"/>
 <node id="4438815123" visible="true" version="1" changeset="42749962" timestamp="2016-10-09T09:34:26Z" user="kamigata0" uid="254135" lat="34.7666878" lon="137.3848744"/>
 <node id="4438815124" visible="true" version="1" changeset="42749962" timestamp="2016-10-09T09:34:26Z" user="kamigata0" uid="254135" lat="34.7666883" lon="137.3842971"/>
 <node id="4438815126" visible="true" version="1" changeset="42749962" timestamp="2016-10-09T09:34:26Z" user="kamigata0" uid="254135" lat="34.7666966" lon="137.3847531"/>
 <node id="4438815127" visible="true" version="2" changeset="90406908" timestamp="2020-09-04T09:43:53Z" user="carrotrain" uid="11602661" lat="34.7666992" lon="137.3842656"/>
 <node id="4438815128" visible="true" version="2" changeset="90406908" timestamp="2020-09-04T09:43:53Z" user="carrotrain" uid="11602661" lat="34.7667005" lon="137.3842395">
  <tag k="crossing" v="marked"/>
  <tag k="highway" v="crossing"/>
 </node>
 <node id="4438815129" visible="true" version="2" changeset="90406908" timestamp="2020-09-04T09:43:53Z" user="carrotrain" uid="11602661" lat="34.7667020" lon="137.3842089"/>
 <node id="4438815130" visible="true" version="1" changeset="42749962" timestamp="2016-10-09T09:34:26Z" user="kamigata0" uid="254135" lat="34.7667126" lon="137.3842857"/>
 <node id="4438815132" visible="true" version="2" changeset="90406908" timestamp="2020-09-04T09:43:53Z" user="carrotrain" uid="11602661" lat="34.7667215" lon="137.3836681"/>
 <node id="4438815136" visible="true" version="1" changeset="42749962" timestamp="2016-10-09T09:34:26Z" user="kamigata0" uid="254135" lat="34.7667522" lon="137.3849750"/>
 <node id="4438815138" visible="true" version="1" changeset="42749962" timestamp="2016-10-09T09:34:27Z" user="kamigata0" uid="254135" lat="34.7667638" lon="137.3846867"/>
 <node id="4438815139" visible="true" version="1" changeset="42749962" timestamp="2016-10-09T09:34:27Z" user="kamigata0" uid="254135" lat="34.7667710" lon="137.3846102"/>
 <node id="4438815140" visible="true" version="2" changeset="90406908" timestamp="2020-09-04T09:43:53Z" user="carrotrain" uid="11602661" lat="34.7667654" lon="137.3849850"/>
 <node id="4438815141" visible="true" version="2" changeset="90406908" timestamp="2020-09-04T09:43:53Z" user="carrotrain" uid="11602661" lat="34.7667768" lon="137.3846684"/>
 <node id="4438815142" visible="true" version="1" changeset="42749962" timestamp="2016-10-09T09:34:27Z" user="kamigata0" uid="254135" lat="34.7667803" lon="137.3846176"/>
 <node id="4438815143" visible="true" version="1" changeset="42749962" timestamp="2016-10-09T09:34:27Z" user="kamigata0" uid="254135" lat="34.7667814" lon="137.3842931"/>
 <node id="4438815145" visible="true" version="1" changeset="42749962" timestamp="2016-10-09T09:34:27Z" user="kamigata0" uid="254135" lat="34.7667847" lon="137.3848771"/>
 <node id="4438815146" visible="true" version="1" changeset="42749962" timestamp="2016-10-09T09:34:27Z" user="kamigata0" uid="254135" lat="34.7667869" lon="137.3842863"/>
 <node id="4438815147" visible="true" version="1" changeset="42749962" timestamp="2016-10-09T09:34:27Z" user="kamigata0" uid="254135" lat="34.7667880" lon="137.3846813"/>
 <node id="4438815148" visible="true" version="1" changeset="42749962" timestamp="2016-10-09T09:34:27Z" user="kamigata0" uid="254135" lat="34.7667952" lon="137.3848013">
  <tag k="amenity" v="vending_machine"/>
  <tag k="vending" v="drinks"/>
 </node>
 <node id="4438815149" visible="true" version="1" changeset="42749962" timestamp="2016-10-09T09:34:27Z" user="kamigata0" uid="254135" lat="34.7667952" lon="137.3848107">
  <tag k="amenity" v="vending_machine"/>
  <tag k="vending" v="drinks"/>
 </node>
 <node id="4438815151" visible="true" version="1" changeset="42749962" timestamp="2016-10-09T09:34:27Z" user="kamigata0" uid="254135" lat="34.7667991" lon="137.3846002"/>
 <node id="4438815152" visible="true" version="1" changeset="42749962" timestamp="2016-10-09T09:34:27Z" user="kamigata0" uid="254135" lat="34.7668007" lon="137.3846679"/>
 <node id="4438815153" visible="true" version="2" changeset="90406908" timestamp="2020-09-04T09:43:53Z" user="carrotrain" uid="11602661" lat="34.7667990" lon="137.3841840"/>
 <node id="4438815154" visible="true" version="1" changeset="42749962" timestamp="2016-10-09T09:34:27Z" user="kamigata0" uid="254135" lat="34.7668051" lon="137.3842770"/>
 <node id="4438815155" visible="true" version="1" changeset="42749962" timestamp="2016-10-09T09:34:27Z" user="kamigata0" uid="254135" lat="34.7668106" lon="137.3846183"/>
 <node id="4438815156" visible="true" version="2" changeset="90406908" timestamp="2020-09-04T09:43:53Z" user="carrotrain" uid="11602661" lat="34.7668146" lon="137.3836904"/>
 <node id="4438815161" visible="true" version="1" changeset="42749962" timestamp="2016-10-09T09:34:27Z" user="kamigata0" uid="254135" lat="34.7668800" lon="137.3849623"/>
 <node id="4438815162" visible="true" version="2" changeset="90406908" timestamp="2020-09-04T09:43:53Z" user="carrotrain" uid="11602661" lat="34.7668800" lon="137.3849837"/>
 <node id="4438815164" visible="true" version="1" changeset="42749962" timestamp="2016-10-09T09:34:27Z" user="kamigata0" uid="254135" lat="34.7672656" lon="137.3849851"/>
 <node id="4438815169" visible="true" version="2" changeset="90401346" timestamp="2020-09-04T08:00:19Z" user="carrotrain" uid="11602661" lat="34.7676470" lon="137.3842680"/>
 <node id="4438815170" visible="true" version="2" changeset="90406908" timestamp="2020-09-04T09:43:53Z" user="carrotrain" uid="11602661" lat="34.7676848" lon="137.3849906"/>
 <node id="4438815171" visible="true" version="2" changeset="90406908" timestamp="2020-09-04T09:43:53Z" user="carrotrain" uid="11602661" lat="34.7676705" lon="137.3845925"/>
 <node id="4438815172" visible="true" version="2" changeset="90406908" timestamp="2020-09-04T09:43:53Z" user="carrotrain" uid="11602661" lat="34.7676719" lon="137.3846260">
  <tag k="crossing" v="marked"/>
  <tag k="highway" v="crossing"/>
 </node>
 <node id="4438815173" visible="true" version="1" changeset="42749962" timestamp="2016-10-09T09:34:27Z" user="kamigata0" uid="254135" lat="34.7676733" lon="137.3846592"/>
 <node id="4438815175" visible="true" version="2" changeset="90406908" timestamp="2020-09-04T09:43:53Z" user="carrotrain" uid="11602661" lat="34.7677000" lon="137.3849651"/>
 <node id="4438815176" visible="true" version="1" changeset="42749962" timestamp="2016-10-09T09:34:27Z" user="kamigata0" uid="254135" lat="34.7668013" lon="137.3848463">
  <tag k="disused:shop" v="confectionery"/>
  <tag k="level" v="0"/>
  <tag k="name" v="橋本屋"/>
 </node>
 <node id="4438815177" visible="true" version="1" changeset="42749962" timestamp="2016-10-09T09:34:27Z" user="kamigata0" uid="254135" lat="34.7665738" lon="137.3849039">
  <tag k="amenity" v="community_centre"/>
  <tag k="name" v="豊橋市民センターオレンジプラザ"/>
 </node>
 <node id="4438964525" visible="true" version="1" changeset="42752854" timestamp="2016-10-09T12:21:01Z" user="kamigata0" uid="254135" lat="34.7665468" lon="137.3846230">
  <tag k="amenity" v="pub"/>
  <tag k="level" v="0"/>
  <tag k="name" v="だるまや"/>
 </node>
 <node id="4438964538" visible="true" version="2" changeset="90406908" timestamp="2020-09-04T09:43:53Z" user="carrotrain" uid="11602661" lat="34.7661787" lon="137.3843835"/>
 <node id="4438964541" visible="true" version="2" changeset="90406908" timestamp="2020-09-04T09:43:53Z" user="carrotrain" uid="11602661" lat="34.7662671" lon="137.3844596"/>
 <node id="4438964542" visible="true" version="1" changeset="42752854" timestamp="2016-10-09T12:21:01Z" user="kamigata0" uid="254135" lat="34.7662903" lon="137.3847659"/>
 <node id="4438964543" visible="true" version="1" changeset="42752854" timestamp="2016-10-09T12:21:01Z" user="kamigata0" uid="254135" lat="34.7663039" lon="137.3847665"/>
 <node id="4438964544" visible="true" version="1" changeset="42752854" timestamp="2016-10-09T12:21:01Z" user="kamigata0" uid="254135" lat="34.7663125" lon="137.3847859"/>
 <node id="4438964545" visible="true" version="1" changeset="42752854" timestamp="2016-10-09T12:21:01Z" user="kamigata0" uid="254135" lat="34.7663830" lon="137.3846126"/>
 <node id="4438964546" visible="true" version="1" changeset="42752854" timestamp="2016-10-09T12:21:01Z" user="kamigata0" uid="254135" lat="34.7664053" lon="137.3846325"/>
 <node id="4438964547" visible="true" version="2" changeset="90406908" timestamp="2020-09-04T09:43:53Z" user="carrotrain" uid="11602661" lat="34.7664154" lon="137.3845873"/>
 <node id="4438964549" visible="true" version="1" changeset="42752854" timestamp="2016-10-09T12:21:01Z" user="kamigata0" uid="254135" lat="34.7664173" lon="137.3846592">
  <tag k="amenity" v="pub"/>
  <tag k="level" v="0"/>
  <tag k="name" v="割烹 壱岐"/>
 </node>
 <node id="4438964552" visible="true" version="1" changeset="42752854" timestamp="2016-10-09T12:21:01Z" user="kamigata0" uid="254135" lat="34.7664206" lon="137.3845110">
  <tag k="name" v="正長刃物店"/>
  <tag k="shop" v="hardware"/>
 </node>
 <node id="4875481493" visible="true" version="2" changeset="90396618" timestamp="2020-09-04T06:43:22Z" user="carrotrain" uid="11602661" lat="34.7714787" lon="137.3853421"/>
 <node id="4875481494" visible="true" version="1" changeset="48965353" timestamp="2017-05-25T07:40:08Z" user="Ritchy Latte" uid="5399149" lat="34.7714335" lon="137.3853233"/>
 <node id="4927022468" visible="true" version="1" changeset="49697073" timestamp="2017-06-20T15:35:32Z" user="Ritchy Latte" uid="5399149" lat="34.7695276" lon="137.3833311"/>
 <node id="5287647751" visible="true" version="1" changeset="54682326" timestamp="2017-12-16T15:05:20Z" user="ONO Kentaro" uid="4109484" lat="34.7669698" lon="137.3864674"/>
 <node id="5287647752" visible="true" version="1" changeset="54682326" timestamp="2017-12-16T15:05:20Z" user="ONO Kentaro" uid="4109484" lat="34.7670103" lon="137.3864800"/>
 <node id="5287647753" visible="true" version="1" changeset="54682326" timestamp="2017-12-16T15:05:20Z" user="ONO Kentaro" uid="4109484" lat="34.7670113" lon="137.3862692"/>
 <node id="5287647756" visible="true" version="2" changeset="90406908" timestamp="2020-09-04T09:43:53Z" user="carrotrain" uid="11602661" lat="34.7670395" lon="137.3856111"/>
 <node id="5287647757" visible="true" version="1" changeset="54682326" timestamp="2017-12-16T15:05:20Z" user="ONO Kentaro" uid="4109484" lat="34.7670517" lon="137.3862818"/>
 <node id="5287647758" visible="true" version="1" changeset="54682326" timestamp="2017-12-16T15:05:20Z" user="ONO Kentaro" uid="4109484" lat="34.7670531" lon="137.3864232"/>
 <node id="5287647759" visible="true" version="2" changeset="90406908" timestamp="2020-09-04T09:43:53Z" user="carrotrain" uid="11602661" lat="34.7670358" lon="137.3856740"/>
 <node id="5287647760" visible="true" version="1" changeset="54682326" timestamp="2017-12-16T15:05:20Z" user="ONO Kentaro" uid="4109484" lat="34.7670777" lon="137.3862642"/>
 <node id="5287647761" visible="true" version="1" changeset="54682326" timestamp="2017-12-16T15:05:20Z" user="ONO Kentaro" uid="4109484" lat="34.7670832" lon="137.3860815"/>
 <node id="5287647762" visible="true" version="1" changeset="54682326" timestamp="2017-12-16T15:05:20Z" user="ONO Kentaro" uid="4109484" lat="34.7671016" lon="137.3859768"/>
 <node id="5287647763" visible="true" version="1" changeset="54682326" timestamp="2017-12-16T15:05:20Z" user="ONO Kentaro" uid="4109484" lat="34.7671270" lon="137.3860929"/>
 <node id="5287647764" visible="true" version="2" changeset="90406908" timestamp="2020-09-04T09:43:53Z" user="carrotrain" uid="11602661" lat="34.7671248" lon="137.3856183"/>
 <node id="5287647765" visible="true" version="1" changeset="54682326" timestamp="2017-12-16T15:05:20Z" user="ONO Kentaro" uid="4109484" lat="34.7671378" lon="137.3864426"/>
 <node id="5287647766" visible="true" version="2" changeset="90406908" timestamp="2020-09-04T09:43:53Z" user="carrotrain" uid="11602661" lat="34.7671213" lon="137.3856812"/>
 <node id="5287647767" visible="true" version="1" changeset="54682326" timestamp="2017-12-16T15:05:20Z" user="ONO Kentaro" uid="4109484" lat="34.7671454" lon="137.3859882"/>
 <node id="5287647768" visible="true" version="1" changeset="54682326" timestamp="2017-12-16T15:05:20Z" user="ONO Kentaro" uid="4109484" lat="34.7671623" lon="137.3862836"/>
 <node id="5287647769" visible="true" version="1" changeset="54682326" timestamp="2017-12-16T15:05:20Z" user="ONO Kentaro" uid="4109484" lat="34.7671700" lon="137.3861079"/>
 <node id="5287647770" visible="true" version="1" changeset="54682326" timestamp="2017-12-16T15:05:20Z" user="ONO Kentaro" uid="4109484" lat="34.7671884" lon="137.3859976"/>
 <node id="5287647771" visible="true" version="1" changeset="54682326" timestamp="2017-12-16T15:05:20Z" user="ONO Kentaro" uid="4109484" lat="34.7672285" lon="137.3861224"/>
 <node id="5287647772" visible="true" version="1" changeset="54682326" timestamp="2017-12-16T15:05:20Z" user="ONO Kentaro" uid="4109484" lat="34.7672469" lon="137.3860120"/>
 <node id="5287647773" visible="true" version="1" changeset="54682326" timestamp="2017-12-16T15:05:20Z" user="ONO Kentaro" uid="4109484" lat="34.7672760" lon="137.3857526">
  <tag k="natural" v="tree"/>
 </node>
 <node id="5287647774" visible="true" version="1" changeset="54682326" timestamp="2017-12-16T15:05:20Z" user="ONO Kentaro" uid="4109484" lat="34.7673620" lon="137.3857620">
  <tag k="natural" v="tree"/>
 </node>
 <node id="5287647775" visible="true" version="1" changeset="54682326" timestamp="2017-12-16T15:05:20Z" user="ONO Kentaro" uid="4109484" lat="34.7674941" lon="137.3856741">
  <tag k="natural" v="tree"/>
 </node>
 <node id="5287647776" visible="true" version="1" changeset="54682326" timestamp="2017-12-16T15:05:20Z" user="ONO Kentaro" uid="4109484" lat="34.7675601" lon="137.3852964">
  <tag k="natural" v="tree"/>
 </node>
 <node id="5287647777" visible="true" version="1" changeset="54682326" timestamp="2017-12-16T15:05:20Z" user="ONO Kentaro" uid="4109484" lat="34.7675678" lon="137.3853787">
  <tag k="natural" v="tree"/>
 </node>
 <node id="5287647778" visible="true" version="1" changeset="54682326" timestamp="2017-12-16T15:05:20Z" user="ONO Kentaro" uid="4109484" lat="34.7675678" lon="137.3854535">
  <tag k="natural" v="tree"/>
 </node>
 <node id="5287647779" visible="true" version="1" changeset="54682326" timestamp="2017-12-16T15:05:20Z" user="ONO Kentaro" uid="4109484" lat="34.7675755" lon="137.3852085">
  <tag k="natural" v="tree"/>
 </node>
 <node id="5287647784" visible="true" version="2" changeset="78419148" timestamp="2019-12-14T22:50:08Z" user="K_Sakanoshita" uid="389520" lat="34.7677158" lon="137.3857592"/>
 <node id="5287647786" visible="true" version="2" changeset="78419148" timestamp="2019-12-14T22:50:08Z" user="K_Sakanoshita" uid="389520" lat="34.7677379" lon="137.3856446"/>
 <node id="5287647793" visible="true" version="1" changeset="54682326" timestamp="2017-12-16T15:05:20Z" user="ONO Kentaro" uid="4109484" lat="34.7678074" lon="137.3854366"/>
 <node id="5287647794" visible="true" version="1" changeset="54682326" timestamp="2017-12-16T15:05:20Z" user="ONO Kentaro" uid="4109484" lat="34.7678105" lon="137.3853432"/>
 <node id="5287647798" visible="true" version="2" changeset="78419148" timestamp="2019-12-14T22:50:08Z" user="K_Sakanoshita" uid="389520" lat="34.7677783" lon="137.3857770"/>
 <node id="5287647801" visible="true" version="2" changeset="78419148" timestamp="2019-12-14T22:50:08Z" user="K_Sakanoshita" uid="389520" lat="34.7678111" lon="137.3859100"/>
 <node id="5287647802" visible="true" version="2" changeset="78419148" timestamp="2019-12-14T22:50:08Z" user="K_Sakanoshita" uid="389520" lat="34.7678004" lon="137.3856624"/>
 <node id="5287647803" visible="true" version="2" changeset="78419148" timestamp="2019-12-14T22:50:08Z" user="K_Sakanoshita" uid="389520" lat="34.7678226" lon="137.3858487"/>
 <node id="5287647804" visible="true" version="2" changeset="78419148" timestamp="2019-12-14T22:50:08Z" user="K_Sakanoshita" uid="389520" lat="34.7677947" lon="137.3857910"/>
 <node id="5287647805" visible="true" version="1" changeset="54682326" timestamp="2017-12-16T15:05:21Z" user="ONO Kentaro" uid="4109484" lat="34.7678506" lon="137.3854387"/>
 <node id="5287647806" visible="true" version="1" changeset="54682326" timestamp="2017-12-16T15:05:21Z" user="ONO Kentaro" uid="4109484" lat="34.7678537" lon="137.3853453"/>
 <node id="5287647807" visible="true" version="2" changeset="78419148" timestamp="2019-12-14T22:50:08Z" user="K_Sakanoshita" uid="389520" lat="34.7677382" lon="137.3856392"/>
 <node id="5287647808" visible="true" version="2" changeset="78419148" timestamp="2019-12-14T22:50:08Z" user="K_Sakanoshita" uid="389520" lat="34.7678138" lon="137.3856915"/>
 <node id="5287647809" visible="true" version="2" changeset="78419148" timestamp="2019-12-14T22:50:08Z" user="K_Sakanoshita" uid="389520" lat="34.7677485" lon="137.3855824"/>
 <node id="5287647819" visible="true" version="2" changeset="78419148" timestamp="2019-12-14T22:50:08Z" user="K_Sakanoshita" uid="389520" lat="34.7679017" lon="137.3863244"/>
 <node id="5287648122" visible="true" version="2" changeset="78419148" timestamp="2019-12-14T22:50:08Z" user="K_Sakanoshita" uid="389520" lat="34.7678943" lon="137.3859332"/>
 <node id="5287648123" visible="true" version="2" changeset="78419148" timestamp="2019-12-14T22:50:08Z" user="K_Sakanoshita" uid="389520" lat="34.7679159" lon="137.3862380"/>
 <node id="5287648127" visible="true" version="2" changeset="78419148" timestamp="2019-12-14T22:50:08Z" user="K_Sakanoshita" uid="389520" lat="34.7679064" lon="137.3858680"/>
 <node id="5287648134" visible="true" version="2" changeset="78419148" timestamp="2019-12-14T22:50:08Z" user="K_Sakanoshita" uid="389520" lat="34.7679358" lon="137.3859274"/>
 <node id="5287648135" visible="true" version="2" changeset="78419148" timestamp="2019-12-14T22:50:08Z" user="K_Sakanoshita" uid="389520" lat="34.7678946" lon="137.3856812"/>
 <node id="5287648139" visible="true" version="2" changeset="78419148" timestamp="2019-12-14T22:50:08Z" user="K_Sakanoshita" uid="389520" lat="34.7679049" lon="137.3856245"/>
 <node id="5287648140" visible="true" version="2" changeset="78419148" timestamp="2019-12-14T22:50:08Z" user="K_Sakanoshita" uid="389520" lat="34.7679369" lon="137.3863330"/>
 <node id="5287648141" visible="true" version="2" changeset="78419148" timestamp="2019-12-14T22:50:08Z" user="K_Sakanoshita" uid="389520" lat="34.7679663" lon="137.3857402"/>
 <node id="5287648143" visible="true" version="2" changeset="78419148" timestamp="2019-12-14T22:50:08Z" user="K_Sakanoshita" uid="389520" lat="34.7679618" lon="137.3861808"/>
 <node id="5287648145" visible="true" version="2" changeset="78419148" timestamp="2019-12-14T22:50:08Z" user="K_Sakanoshita" uid="389520" lat="34.7679191" lon="137.3857031"/>
 <node id="5287648154" visible="true" version="2" changeset="78419148" timestamp="2019-12-14T22:50:08Z" user="K_Sakanoshita" uid="389520" lat="34.7679411" lon="137.3855025"/>
 <node id="5287648167" visible="true" version="1" changeset="54682326" timestamp="2017-12-16T15:05:22Z" user="ONO Kentaro" uid="4109484" lat="34.7680328" lon="137.3859626"/>
 <node id="5287648168" visible="true" version="2" changeset="78419148" timestamp="2019-12-14T22:50:08Z" user="K_Sakanoshita" uid="389520" lat="34.7680225" lon="137.3859484"/>
 <node id="5287648171" visible="true" version="2" changeset="78419148" timestamp="2019-12-14T22:50:08Z" user="K_Sakanoshita" uid="389520" lat="34.7681794" lon="137.3857579"/>
 <node id="5287648174" visible="true" version="2" changeset="78419148" timestamp="2019-12-14T22:50:08Z" user="K_Sakanoshita" uid="389520" lat="34.7680005" lon="137.3863467"/>
 <node id="5287648177" visible="true" version="2" changeset="78419148" timestamp="2019-12-14T22:50:08Z" user="K_Sakanoshita" uid="389520" lat="34.7680531" lon="137.3857612"/>
 <node id="5287648178" visible="true" version="1" changeset="54682326" timestamp="2017-12-16T15:05:22Z" user="ONO Kentaro" uid="4109484" lat="34.7680589" lon="137.3857775"/>
 <node id="5287648179" visible="true" version="2" changeset="78419148" timestamp="2019-12-14T22:50:08Z" user="K_Sakanoshita" uid="389520" lat="34.7682006" lon="137.3855403"/>
 <node id="5287648182" visible="true" version="2" changeset="78419148" timestamp="2019-12-14T22:50:08Z" user="K_Sakanoshita" uid="389520" lat="34.7680281" lon="137.3861903"/>
 <node id="5287648184" visible="true" version="1" changeset="54682326" timestamp="2017-12-16T15:05:22Z" user="ONO Kentaro" uid="4109484" lat="34.7680747" lon="137.3859714"/>
 <node id="5287648190" visible="true" version="2" changeset="78419148" timestamp="2019-12-14T22:50:08Z" user="K_Sakanoshita" uid="389520" lat="34.7680733" lon="137.3863586"/>
 <node id="5287648192" visible="true" version="1" changeset="54682326" timestamp="2017-12-16T15:05:22Z" user="ONO Kentaro" uid="4109484" lat="34.7680941" lon="137.3859012"/>
 <node id="5287648196" visible="true" version="1" changeset="54682326" timestamp="2017-12-16T15:05:22Z" user="ONO Kentaro" uid="4109484" lat="34.7681008" lon="137.3857863"/>
 <node id="5287648198" visible="true" version="1" changeset="54682326" timestamp="2017-12-16T15:05:22Z" user="ONO Kentaro" uid="4109484" lat="34.7681079" lon="137.3858077"/>
 <node id="5287648199" visible="true" version="2" changeset="78419148" timestamp="2019-12-14T22:50:08Z" user="K_Sakanoshita" uid="389520" lat="34.7680932" lon="137.3862464"/>
 <node id="5287648200" visible="true" version="2" changeset="78419148" timestamp="2019-12-14T22:50:08Z" user="K_Sakanoshita" uid="389520" lat="34.7680766" lon="137.3862030"/>
 <node id="5287648206" visible="true" version="1" changeset="54682326" timestamp="2017-12-16T15:05:22Z" user="ONO Kentaro" uid="4109484" lat="34.7681331" lon="137.3859097"/>
 <node id="5287648207" visible="true" version="2" changeset="78419148" timestamp="2019-12-14T22:50:08Z" user="K_Sakanoshita" uid="389520" lat="34.7681192" lon="137.3863707"/>
 <node id="5287648208" visible="true" version="2" changeset="78419148" timestamp="2019-12-14T22:50:08Z" user="K_Sakanoshita" uid="389520" lat="34.7681295" lon="137.3863762"/>
 <node id="5287648211" visible="true" version="1" changeset="54682326" timestamp="2017-12-16T15:05:22Z" user="ONO Kentaro" uid="4109484" lat="34.7681469" lon="137.3858162"/>
 <node id="5287648216" visible="true" version="2" changeset="78419148" timestamp="2019-12-14T22:50:08Z" user="K_Sakanoshita" uid="389520" lat="34.7681391" lon="137.3862585"/>
 <node id="5287648220" visible="true" version="2" changeset="78419148" timestamp="2019-12-14T22:50:08Z" user="K_Sakanoshita" uid="389520" lat="34.7681528" lon="137.3862521"/>
 <node id="5287648330" visible="true" version="2" changeset="78419148" timestamp="2019-12-14T22:50:08Z" user="K_Sakanoshita" uid="389520" lat="34.7681565" lon="137.3859955"/>
 <node id="5287648335" visible="true" version="2" changeset="78419148" timestamp="2019-12-14T22:50:08Z" user="K_Sakanoshita" uid="389520" lat="34.7682003" lon="137.3863959"/>
 <node id="5287648339" visible="true" version="2" changeset="78419148" timestamp="2019-12-14T22:50:08Z" user="K_Sakanoshita" uid="389520" lat="34.7681823" lon="137.3858593"/>
 <node id="5287648340" visible="true" version="2" changeset="78419148" timestamp="2019-12-14T22:50:08Z" user="K_Sakanoshita" uid="389520" lat="34.7682176" lon="137.3863430"/>
 <node id="5287648343" visible="true" version="2" changeset="78419148" timestamp="2019-12-14T22:50:08Z" user="K_Sakanoshita" uid="389520" lat="34.7682423" lon="137.3860196"/>
 <node id="5287648345" visible="true" version="2" changeset="78419148" timestamp="2019-12-14T22:50:08Z" user="K_Sakanoshita" uid="389520" lat="34.7682235" lon="137.3862717"/>
 <node id="5287648348" visible="true" version="2" changeset="78419148" timestamp="2019-12-14T22:50:08Z" user="K_Sakanoshita" uid="389520" lat="34.7682339" lon="137.3862520"/>
 <node id="5287648352" visible="true" version="1" changeset="54682326" timestamp="2017-12-16T15:05:23Z" user="ONO Kentaro" uid="4109484" lat="34.7682698" lon="137.3856909"/>
 <node id="5287648354" visible="true" version="2" changeset="78419148" timestamp="2019-12-14T22:50:08Z" user="K_Sakanoshita" uid="389520" lat="34.7682607" lon="137.3863545"/>
 <node id="5287648356" visible="true" version="2" changeset="78419148" timestamp="2019-12-14T22:50:08Z" user="K_Sakanoshita" uid="389520" lat="34.7682539" lon="137.3860186"/>
 <node id="5287648360" visible="true" version="1" changeset="54682326" timestamp="2017-12-16T15:05:23Z" user="ONO Kentaro" uid="4109484" lat="34.7682867" lon="137.3855582"/>
 <node id="5287648361" visible="true" version="2" changeset="78419148" timestamp="2019-12-14T22:50:08Z" user="K_Sakanoshita" uid="389520" lat="34.7682868" lon="137.3857844"/>
 <node id="5287648364" visible="true" version="2" changeset="78419148" timestamp="2019-12-14T22:50:08Z" user="K_Sakanoshita" uid="389520" lat="34.7682771" lon="137.3862635"/>
 <node id="5287648366" visible="true" version="2" changeset="78419148" timestamp="2019-12-14T22:50:08Z" user="K_Sakanoshita" uid="389520" lat="34.7682815" lon="137.3858709"/>
 <node id="5287648368" visible="true" version="2" changeset="78419148" timestamp="2019-12-14T22:50:08Z" user="K_Sakanoshita" uid="389520" lat="34.7682421" lon="137.3857719"/>
 <node id="5287648369" visible="true" version="2" changeset="78419148" timestamp="2019-12-14T22:50:08Z" user="K_Sakanoshita" uid="389520" lat="34.7682943" lon="137.3860298"/>
 <node id="5287648370" visible="true" version="2" changeset="78419148" timestamp="2019-12-14T22:50:08Z" user="K_Sakanoshita" uid="389520" lat="34.7683253" lon="137.3862689"/>
 <node id="5287648371" visible="true" version="2" changeset="78419148" timestamp="2019-12-14T22:50:08Z" user="K_Sakanoshita" uid="389520" lat="34.7683224" lon="137.3859235"/>
 <node id="5287648373" visible="true" version="2" changeset="78419148" timestamp="2019-12-14T22:50:08Z" user="K_Sakanoshita" uid="389520" lat="34.7683295" lon="137.3858687"/>
 <node id="5287648375" visible="true" version="1" changeset="54682326" timestamp="2017-12-16T15:05:23Z" user="ONO Kentaro" uid="4109484" lat="34.7683457" lon="137.3857052"/>
 <node id="5287648377" visible="true" version="2" changeset="78419148" timestamp="2019-12-14T22:50:08Z" user="K_Sakanoshita" uid="389520" lat="34.7683220" lon="137.3858821"/>
 <node id="5287648381" visible="true" version="1" changeset="54682326" timestamp="2017-12-16T15:05:23Z" user="ONO Kentaro" uid="4109484" lat="34.7683626" lon="137.3855725"/>
 <node id="5287648384" visible="true" version="2" changeset="78419148" timestamp="2019-12-14T22:50:08Z" user="K_Sakanoshita" uid="389520" lat="34.7683696" lon="137.3859325"/>
 <node id="5287648387" visible="true" version="2" changeset="78419148" timestamp="2019-12-14T22:50:08Z" user="K_Sakanoshita" uid="389520" lat="34.7683767" lon="137.3858777"/>
 <node id="5287648523" visible="true" version="1" changeset="54682326" timestamp="2017-12-16T15:05:24Z" user="ONO Kentaro" uid="4109484" lat="34.7685134" lon="137.3860842"/>
 <node id="5287648526" visible="true" version="1" changeset="54682326" timestamp="2017-12-16T15:05:24Z" user="ONO Kentaro" uid="4109484" lat="34.7685174" lon="137.3859565"/>
 <node id="5287648528" visible="true" version="1" changeset="54682326" timestamp="2017-12-16T15:05:24Z" user="ONO Kentaro" uid="4109484" lat="34.7685303" lon="137.3859683"/>
 <node id="5287648532" visible="true" version="1" changeset="54682326" timestamp="2017-12-16T15:05:24Z" user="ONO Kentaro" uid="4109484" lat="34.7685359" lon="137.3858574"/>
 <node id="5287648537" visible="true" version="2" changeset="90401346" timestamp="2020-09-04T08:00:19Z" user="carrotrain" uid="11602661" lat="34.7685160" lon="137.3858003"/>
 <node id="5287648540" visible="true" version="2" changeset="90401346" timestamp="2020-09-04T08:00:19Z" user="carrotrain" uid="11602661" lat="34.7685941" lon="137.3857391"/>
 <node id="5287648555" visible="true" version="1" changeset="54682326" timestamp="2017-12-16T15:05:25Z" user="ONO Kentaro" uid="4109484" lat="34.7685969" lon="137.3861023"/>
 <node id="5287648557" visible="true" version="1" changeset="54682326" timestamp="2017-12-16T15:05:25Z" user="ONO Kentaro" uid="4109484" lat="34.7685984" lon="137.3859789"/>
 <node id="5287648563" visible="true" version="1" changeset="54682326" timestamp="2017-12-16T15:05:25Z" user="ONO Kentaro" uid="4109484" lat="34.7686138" lon="137.3859864"/>
 <node id="5287648565" visible="true" version="1" changeset="54682326" timestamp="2017-12-16T15:05:25Z" user="ONO Kentaro" uid="4109484" lat="34.7686169" lon="137.3858798"/>
 <node id="5287648574" visible="true" version="1" changeset="54682326" timestamp="2017-12-16T15:05:25Z" user="ONO Kentaro" uid="4109484" lat="34.7686399" lon="137.3861341"/>
 <node id="5287648588" visible="true" version="1" changeset="54682326" timestamp="2017-12-16T15:05:25Z" user="ONO Kentaro" uid="4109484" lat="34.7686783" lon="137.3859003"/>
 <node id="5287648592" visible="true" version="2" changeset="90401346" timestamp="2020-09-04T08:00:19Z" user="carrotrain" uid="11602661" lat="34.7686515" lon="137.3858337"/>
 <node id="5287648597" visible="true" version="2" changeset="90401346" timestamp="2020-09-04T08:00:19Z" user="carrotrain" uid="11602661" lat="34.7686645" lon="137.3857538"/>
 <node id="5287648603" visible="true" version="1" changeset="54682326" timestamp="2017-12-16T15:05:25Z" user="ONO Kentaro" uid="4109484" lat="34.7687019" lon="137.3861492"/>
 <node id="5287648606" visible="true" version="1" changeset="54682326" timestamp="2017-12-16T15:05:25Z" user="ONO Kentaro" uid="4109484" lat="34.7687229" lon="137.3861023"/>
 <node id="5287648610" visible="true" version="1" changeset="54682326" timestamp="2017-12-16T15:05:26Z" user="ONO Kentaro" uid="4109484" lat="34.7687403" lon="137.3859154"/>
 <node id="5287648737" visible="true" version="1" changeset="54682326" timestamp="2017-12-16T15:05:26Z" user="ONO Kentaro" uid="4109484" lat="34.7688503" lon="137.3861199"/>
 <node id="5287648740" visible="true" version="1" changeset="54682326" timestamp="2017-12-16T15:05:26Z" user="ONO Kentaro" uid="4109484" lat="34.7688677" lon="137.3859331"/>
 <node id="5855170823" visible="true" version="4" changeset="166571162" timestamp="2025-05-21T14:01:36Z" user="円周率3パーセント" uid="4827606" lat="34.7678851" lon="137.3841780">
  <tag k="name" v="松葉町三丁目"/>
  <tag k="place" v="neighbourhood"/>
  <tag k="wikimedia_commons" v="Category:Matsuba-chō 3-chōme, Toyohashi"/>
 </node>
 <node id="5864648580" visible="true" version="3" changeset="166571586" timestamp="2025-05-21T14:12:08Z" user="円周率3パーセント" uid="4827606" lat="34.7665410" lon="137.3843014">
  <tag k="name" v="松葉町"/>
  <tag k="place" v="quarter"/>
  <tag k="wikidata" v="Q118367928"/>
  <tag k="wikimedia_commons" v="Category:Matsuba-chō, Toyohashi"/>
  <tag k="wikipedia" v="ja:松葉町 (豊橋市)"/>
 </node>
 <node id="5926809958" visible="true" version="1" changeset="62882190" timestamp="2018-09-24T14:12:46Z" user="Ritchy Latte" uid="5399149" lat="34.7680787" lon="137.3835786"/>
 <node id="5926809961" visible="true" version="2" changeset="90401346" timestamp="2020-09-04T08:00:19Z" user="carrotrain" uid="11602661" lat="34.7680439" lon="137.3840462"/>
 <node id="5926809970" visible="true" version="1" changeset="62882190" timestamp="2018-09-24T14:12:46Z" user="Ritchy Latte" uid="5399149" lat="34.7684400" lon="137.3838411"/>
 <node id="5926809971" visible="true" version="1" changeset="62882190" timestamp="2018-09-24T14:12:46Z" user="Ritchy Latte" uid="5399149" lat="34.7684400" lon="137.3839886"/>
 <node id="5926809972" visible="true" version="1" changeset="62882190" timestamp="2018-09-24T14:12:46Z" user="Ritchy Latte" uid="5399149" lat="34.7684400" lon="137.3839423"/>
 <node id="5926809976" visible="true" version="2" changeset="90401346" timestamp="2020-09-04T08:00:19Z" user="carrotrain" uid="11602661" lat="34.7683854" lon="137.3832617"/>
 <node id="5926809982" visible="true" version="2" changeset="90401346" timestamp="2020-09-04T08:00:19Z" user="carrotrain" uid="11602661" lat="34.7678959" lon="137.3832385"/>
 <node id="5926809983" visible="true" version="2" changeset="90401346" timestamp="2020-09-04T08:00:19Z" user="carrotrain" uid="11602661" lat="34.7678943" lon="137.3831321"/>
 <node id="5926810085" visible="true" version="2" changeset="90401346" timestamp="2020-09-04T08:00:19Z" user="carrotrain" uid="11602661" lat="34.7685518" lon="137.3832835"/>
 <node id="5926810094" visible="true" version="2" changeset="90401346" timestamp="2020-09-04T08:00:19Z" user="carrotrain" uid="11602661" lat="34.7686300" lon="137.3833629"/>
 <node id="5926810102" visible="true" version="2" changeset="90401346" timestamp="2020-09-04T08:00:19Z" user="carrotrain" uid="11602661" lat="34.7688109" lon="137.3835802"/>
 <node id="5926810103" visible="true" version="2" changeset="90401346" timestamp="2020-09-04T08:00:19Z" user="carrotrain" uid="11602661" lat="34.7688028" lon="137.3835447"/>
 <node id="5926810104" visible="true" version="2" changeset="90401346" timestamp="2020-09-04T08:00:19Z" user="carrotrain" uid="11602661" lat="34.7687866" lon="137.3835016"/>
 <node id="5926810105" visible="true" version="2" changeset="90401346" timestamp="2020-09-04T08:00:19Z" user="carrotrain" uid="11602661" lat="34.7687669" lon="137.3834643"/>
 <node id="5926810106" visible="true" version="2" changeset="90401346" timestamp="2020-09-04T08:00:19Z" user="carrotrain" uid="11602661" lat="34.7687434" lon="137.3834361"/>
 <node id="5926810107" visible="true" version="2" changeset="90401346" timestamp="2020-09-04T08:00:19Z" user="carrotrain" uid="11602661" lat="34.7687169" lon="137.3834085"/>
 <node id="5926810108" visible="true" version="2" changeset="90401346" timestamp="2020-09-04T08:00:19Z" user="carrotrain" uid="11602661" lat="34.7686895" lon="137.3833842"/>
 <node id="5926810109" visible="true" version="2" changeset="90401346" timestamp="2020-09-04T08:00:19Z" user="carrotrain" uid="11602661" lat="34.7686605" lon="137.3833708"/>
 <node id="5926810110" visible="true" version="2" changeset="90401346" timestamp="2020-09-04T08:00:19Z" user="carrotrain" uid="11602661" lat="34.7686056" lon="137.3833585"/>
 <node id="7057264377" visible="true" version="1" changeset="78419148" timestamp="2019-12-14T22:50:08Z" user="K_Sakanoshita" uid="389520" lat="34.7678210" lon="137.3858437"/>
 <node id="7057264378" visible="true" version="1" changeset="78419148" timestamp="2019-12-14T22:50:08Z" user="K_Sakanoshita" uid="389520" lat="34.7678292" lon="137.3858008"/>
 <node id="7057264379" visible="true" version="1" changeset="78419148" timestamp="2019-12-14T22:50:08Z" user="K_Sakanoshita" uid="389520" lat="34.7677664" lon="137.3854926"/>
 <node id="7057264380" visible="true" version="1" changeset="78419148" timestamp="2019-12-14T22:50:08Z" user="K_Sakanoshita" uid="389520" lat="34.7679337" lon="137.3857256"/>
 <node id="7057264381" visible="true" version="1" changeset="78419148" timestamp="2019-12-14T22:50:08Z" user="K_Sakanoshita" uid="389520" lat="34.7679058" lon="137.3858719"/>
 <node id="7057264382" visible="true" version="1" changeset="78419148" timestamp="2019-12-14T22:50:08Z" user="K_Sakanoshita" uid="389520" lat="34.7682234" lon="137.3858709"/>
 <node id="7057279485" visible="true" version="1" changeset="78419148" timestamp="2019-12-14T22:50:08Z" user="K_Sakanoshita" uid="389520" lat="34.7680490" lon="137.3863594"/>
 <node id="7057279487" visible="true" version="1" changeset="78419148" timestamp="2019-12-14T22:50:08Z" user="K_Sakanoshita" uid="389520" lat="34.7683668" lon="137.3864193"/>
 <node id="7057279488" visible="true" version="1" changeset="78419148" timestamp="2019-12-14T22:50:08Z" user="K_Sakanoshita" uid="389520" lat="34.7683909" lon="137.3862865"/>
 <node id="7057279489" visible="true" version="1" changeset="78419148" timestamp="2019-12-14T22:50:08Z" user="K_Sakanoshita" uid="389520" lat="34.7683011" lon="137.3864017"/>
 <node id="7057279490" visible="true" version="1" changeset="78419148" timestamp="2019-12-14T22:50:08Z" user="K_Sakanoshita" uid="389520" lat="34.7679439" lon="137.3861765"/>
 <node id="7057279491" visible="true" version="1" changeset="78419148" timestamp="2019-12-14T22:50:08Z" user="K_Sakanoshita" uid="389520" lat="34.7679331" lon="137.3862422"/>
 <node id="7865593677" visible="true" version="1" changeset="90252059" timestamp="2020-09-01T14:48:37Z" user="carrotrain" uid="11602661" lat="34.7633672" lon="137.3855436">
  <tag k="crossing" v="marked"/>
  <tag k="highway" v="crossing"/>
 </node>
 <node id="7865593698" visible="true" version="1" changeset="90252059" timestamp="2020-09-01T14:48:37Z" user="carrotrain" uid="11602661" lat="34.7633503" lon="137.3855428">
  <tag k="crossing" v="marked"/>
  <tag k="highway" v="crossing"/>
 </node>
 <node id="7865593806" visible="true" version="1" changeset="90252059" timestamp="2020-09-01T14:48:37Z" user="carrotrain" uid="11602661" lat="34.7642971" lon="137.3855857">
  <tag k="crossing" v="marked"/>
  <tag k="highway" v="crossing"/>
 </node>
 <node id="7865593873" visible="true" version="1" changeset="90252059" timestamp="2020-09-01T14:48:37Z" user="carrotrain" uid="11602661" lat="34.7640775" lon="137.3855768">
  <tag k="crossing" v="marked"/>
  <tag k="highway" v="crossing"/>
 </node>
 <node id="7874658775" visible="true" version="1" changeset="90396618" timestamp="2020-09-04T06:43:22Z" user="carrotrain" uid="11602661" lat="34.7656831" lon="137.3900840">
  <tag k="crossing" v="marked"/>
  <tag k="highway" v="crossing"/>
 </node>
 <node id="7874658793" visible="true" version="1" changeset="90396618" timestamp="2020-09-04T06:43:22Z" user="carrotrain" uid="11602661" lat="34.7664809" lon="137.3901256">
  <tag k="crossing" v="marked"/>
  <tag k="highway" v="crossing"/>
 </node>
 <node id="7874658841" visible="true" version="1" changeset="90396618" timestamp="2020-09-04T06:43:22Z" user="carrotrain" uid="11602661" lat="34.7667830" lon="137.3830816">
  <tag k="crossing" v="marked"/>
  <tag k="highway" v="crossing"/>
 </node>
 <node id="7874658848" visible="true" version="2" changeset="90401346" timestamp="2020-09-04T08:00:19Z" user="carrotrain" uid="11602661" lat="34.7677025" lon="137.3835592"/>
 <node id="7874658851" visible="true" version="1" changeset="90396618" timestamp="2020-09-04T06:43:22Z" user="carrotrain" uid="11602661" lat="34.7677006" lon="137.3831080"/>
 <node id="7874658852" visible="true" version="1" changeset="90396618" timestamp="2020-09-04T06:43:22Z" user="carrotrain" uid="11602661" lat="34.7694123" lon="137.3831390"/>
 <node id="7874658853" visible="true" version="1" changeset="90396618" timestamp="2020-09-04T06:43:22Z" user="carrotrain" uid="11602661" lat="34.7694411" lon="137.3832092"/>
 <node id="7874658854" visible="true" version="1" changeset="90396618" timestamp="2020-09-04T06:43:22Z" user="carrotrain" uid="11602661" lat="34.7694844" lon="137.3832856"/>
 <node id="7874658855" visible="true" version="1" changeset="90396618" timestamp="2020-09-04T06:43:22Z" user="carrotrain" uid="11602661" lat="34.7695861" lon="137.3833805"/>
 <node id="7874658856" visible="true" version="1" changeset="90396618" timestamp="2020-09-04T06:43:22Z" user="carrotrain" uid="11602661" lat="34.7696039" lon="137.3838181"/>
 <node id="7874658857" visible="true" version="1" changeset="90396618" timestamp="2020-09-04T06:43:22Z" user="carrotrain" uid="11602661" lat="34.7696090" lon="137.3842278"/>
 <node id="7874658858" visible="true" version="1" changeset="90396618" timestamp="2020-09-04T06:43:22Z" user="carrotrain" uid="11602661" lat="34.7695912" lon="137.3845798"/>
 <node id="7874658859" visible="true" version="1" changeset="90396618" timestamp="2020-09-04T06:43:22Z" user="carrotrain" uid="11602661" lat="34.7695437" lon="137.3849813"/>
 <node id="7874658860" visible="true" version="2" changeset="90401346" timestamp="2020-09-04T08:00:19Z" user="carrotrain" uid="11602661" lat="34.7688000" lon="137.3831280"/>
 <node id="7874658862" visible="true" version="1" changeset="90396618" timestamp="2020-09-04T06:43:22Z" user="carrotrain" uid="11602661" lat="34.7677667" lon="137.3831092"/>
 <node id="7874658865" visible="true" version="2" changeset="90401346" timestamp="2020-09-04T08:00:19Z" user="carrotrain" uid="11602661" lat="34.7677668" lon="137.3830884"/>
 <node id="7874658884" visible="true" version="1" changeset="90396618" timestamp="2020-09-04T06:43:22Z" user="carrotrain" uid="11602661" lat="34.7695417" lon="137.3833430"/>
 <node id="7874839572" visible="true" version="1" changeset="90401346" timestamp="2020-09-04T08:00:19Z" user="carrotrain" uid="11602661" lat="34.7676494" lon="137.3841498"/>
 <node id="7874839574" visible="true" version="1" changeset="90401346" timestamp="2020-09-04T08:00:19Z" user="carrotrain" uid="11602661" lat="34.7676430" lon="137.3842168">
  <tag k="crossing" v="marked"/>
  <tag k="highway" v="crossing"/>
 </node>
 <node id="7874839575" visible="true" version="1" changeset="90401346" timestamp="2020-09-04T08:00:19Z" user="carrotrain" uid="11602661" lat="34.7677650" lon="137.3841960"/>
 <node id="7874839576" visible="true" version="1" changeset="90401346" timestamp="2020-09-04T08:00:19Z" user="carrotrain" uid="11602661" lat="34.7678481" lon="137.3849831"/>
 <node id="7874839577" visible="true" version="1" changeset="90401346" timestamp="2020-09-04T08:00:19Z" user="carrotrain" uid="11602661" lat="34.7677721" lon="137.3854038"/>
 <node id="7874839578" visible="true" version="1" changeset="90401346" timestamp="2020-09-04T08:00:19Z" user="carrotrain" uid="11602661" lat="34.7683753" lon="137.3835388"/>
 <node id="7874839579" visible="true" version="1" changeset="90401346" timestamp="2020-09-04T08:00:19Z" user="carrotrain" uid="11602661" lat="34.7683915" lon="137.3835546"/>
 <node id="7874839580" visible="true" version="1" changeset="90401346" timestamp="2020-09-04T08:00:19Z" user="carrotrain" uid="11602661" lat="34.7684283" lon="137.3836125"/>
 <node id="7874839581" visible="true" version="1" changeset="90401346" timestamp="2020-09-04T08:00:19Z" user="carrotrain" uid="11602661" lat="34.7684364" lon="137.3836368"/>
 <node id="7874839582" visible="true" version="1" changeset="90401346" timestamp="2020-09-04T08:00:19Z" user="carrotrain" uid="11602661" lat="34.7684418" lon="137.3836611"/>
 <node id="7874839583" visible="true" version="1" changeset="90401346" timestamp="2020-09-04T08:00:19Z" user="carrotrain" uid="11602661" lat="34.7684456" lon="137.3836881"/>
 <node id="7874839584" visible="true" version="1" changeset="90401346" timestamp="2020-09-04T08:00:19Z" user="carrotrain" uid="11602661" lat="34.7686066" lon="137.3832907"/>
 <node id="7874842685" visible="true" version="1" changeset="90401346" timestamp="2020-09-04T08:00:19Z" user="carrotrain" uid="11602661" lat="34.7681148" lon="137.3832262"/>
 <node id="7874842686" visible="true" version="1" changeset="90401346" timestamp="2020-09-04T08:00:19Z" user="carrotrain" uid="11602661" lat="34.7686889" lon="137.3831527"/>
 <node id="7874842691" visible="true" version="1" changeset="90401346" timestamp="2020-09-04T08:00:19Z" user="carrotrain" uid="11602661" lat="34.7677432" lon="137.3835561"/>
 <node id="7874842692" visible="true" version="1" changeset="90401346" timestamp="2020-09-04T08:00:19Z" user="carrotrain" uid="11602661" lat="34.7683784" lon="137.3838361"/>
 <node id="7874842693" visible="true" version="1" changeset="90401346" timestamp="2020-09-04T08:00:19Z" user="carrotrain" uid="11602661" lat="34.7677816" lon="137.3841090"/>
 <node id="7874842694" visible="true" version="1" changeset="90401346" timestamp="2020-09-04T08:00:19Z" user="carrotrain" uid="11602661" lat="34.7677494" lon="137.3840867"/>
 <node id="7874842695" visible="true" version="1" changeset="90401346" timestamp="2020-09-04T08:00:19Z" user="carrotrain" uid="11602661" lat="34.7677421" lon="137.3840716"/>
 <node id="7874842696" visible="true" version="1" changeset="90401346" timestamp="2020-09-04T08:00:19Z" user="carrotrain" uid="11602661" lat="34.7676711" lon="137.3831530"/>
 <node id="7874842697" visible="true" version="1" changeset="90401346" timestamp="2020-09-04T08:00:19Z" user="carrotrain" uid="11602661" lat="34.7676711" lon="137.3831120"/>
 <node id="7874842698" visible="true" version="1" changeset="90401346" timestamp="2020-09-04T08:00:19Z" user="carrotrain" uid="11602661" lat="34.7676792" lon="137.3830960"/>
 <node id="7874842699" visible="true" version="1" changeset="90401346" timestamp="2020-09-04T08:00:19Z" user="carrotrain" uid="11602661" lat="34.7676902" lon="137.3830871"/>
 <node id="7874842700" visible="true" version="1" changeset="90401346" timestamp="2020-09-04T08:00:19Z" user="carrotrain" uid="11602661" lat="34.7687741" lon="137.3831049"/>
 <node id="7874842701" visible="true" version="1" changeset="90401346" timestamp="2020-09-04T08:00:19Z" user="carrotrain" uid="11602661" lat="34.7687865" lon="137.3831112"/>
 <node id="7874842702" visible="true" version="1" changeset="90401346" timestamp="2020-09-04T08:00:19Z" user="carrotrain" uid="11602661" lat="34.7687960" lon="137.3831192"/>
 <node id="7874842703" visible="true" version="1" changeset="90401346" timestamp="2020-09-04T08:00:19Z" user="carrotrain" uid="11602661" lat="34.7688085" lon="137.3831468"/>
 <node id="7874842704" visible="true" version="1" changeset="90401346" timestamp="2020-09-04T08:00:19Z" user="carrotrain" uid="11602661" lat="34.7684209" lon="137.3835973"/>
 <node id="7874842705" visible="true" version="1" changeset="90401346" timestamp="2020-09-04T08:00:19Z" user="carrotrain" uid="11602661" lat="34.7678618" lon="137.3839454"/>
 <node id="7874842706" visible="true" version="1" changeset="90401346" timestamp="2020-09-04T08:00:19Z" user="carrotrain" uid="11602661" lat="34.7680455" lon="137.3841009"/>
 <node id="7874842707" visible="true" version="1" changeset="90401346" timestamp="2020-09-04T08:00:19Z" user="carrotrain" uid="11602661" lat="34.7683515" lon="137.3835916"/>
 <node id="7874842708" visible="true" version="1" changeset="90401346" timestamp="2020-09-04T08:00:19Z" user="carrotrain" uid="11602661" lat="34.7684034" lon="137.3835690"/>
 <node id="7874842709" visible="true" version="1" changeset="90401346" timestamp="2020-09-04T08:00:19Z" user="carrotrain" uid="11602661" lat="34.7676527" lon="137.3859122"/>
 <node id="7874842710" visible="true" version="2" changeset="90406908" timestamp="2020-09-04T09:43:53Z" user="carrotrain" uid="11602661" lat="34.7676579" lon="137.3858688"/>
 <node id="7874842711" visible="true" version="2" changeset="90406908" timestamp="2020-09-04T09:43:53Z" user="carrotrain" uid="11602661" lat="34.7676786" lon="137.3859132"/>
 <node id="7874842712" visible="true" version="1" changeset="90401346" timestamp="2020-09-04T08:00:19Z" user="carrotrain" uid="11602661" lat="34.7684102" lon="137.3861034"/>
 <node id="7874842713" visible="true" version="1" changeset="90401346" timestamp="2020-09-04T08:00:19Z" user="carrotrain" uid="11602661" lat="34.7684950" lon="137.3861211"/>
 <node id="7874842714" visible="true" version="1" changeset="90401346" timestamp="2020-09-04T08:00:19Z" user="carrotrain" uid="11602661" lat="34.7692860" lon="137.3863262"/>
 <node id="7874842715" visible="true" version="1" changeset="90401346" timestamp="2020-09-04T08:00:19Z" user="carrotrain" uid="11602661" lat="34.7694028" lon="137.3857616"/>
 <node id="7874842717" visible="true" version="1" changeset="90401346" timestamp="2020-09-04T08:00:19Z" user="carrotrain" uid="11602661" lat="34.7694088" lon="137.3857157">
  <tag k="crossing" v="marked"/>
  <tag k="highway" v="crossing"/>
 </node>
 <node id="7874842719" visible="true" version="1" changeset="90401346" timestamp="2020-09-04T08:00:19Z" user="carrotrain" uid="11602661" lat="34.7695366" lon="137.3850309">
  <tag k="crossing" v="marked"/>
  <tag k="highway" v="crossing"/>
 </node>
 <node id="7874842720" visible="true" version="1" changeset="90401346" timestamp="2020-09-04T08:00:19Z" user="carrotrain" uid="11602661" lat="34.7681561" lon="137.3845549"/>
 <node id="7874842721" visible="true" version="1" changeset="90401346" timestamp="2020-09-04T08:00:19Z" user="carrotrain" uid="11602661" lat="34.7681554" lon="137.3845321"/>
 <node id="7874842722" visible="true" version="1" changeset="90401346" timestamp="2020-09-04T08:00:19Z" user="carrotrain" uid="11602661" lat="34.7681428" lon="137.3846511"/>
 <node id="7874842723" visible="true" version="1" changeset="90401346" timestamp="2020-09-04T08:00:19Z" user="carrotrain" uid="11602661" lat="34.7681437" lon="137.3846682"/>
 <node id="7874842724" visible="true" version="1" changeset="90401346" timestamp="2020-09-04T08:00:19Z" user="carrotrain" uid="11602661" lat="34.7680993" lon="137.3846704"/>
 <node id="7874842725" visible="true" version="1" changeset="90401346" timestamp="2020-09-04T08:00:19Z" user="carrotrain" uid="11602661" lat="34.7680984" lon="137.3846549"/>
 <node id="7874842726" visible="true" version="1" changeset="90401346" timestamp="2020-09-04T08:00:19Z" user="carrotrain" uid="11602661" lat="34.7680566" lon="137.3841828"/>
 <node id="7874842727" visible="true" version="1" changeset="90401346" timestamp="2020-09-04T08:00:19Z" user="carrotrain" uid="11602661" lat="34.7684869" lon="137.3844635"/>
 <node id="7874842728" visible="true" version="1" changeset="90401346" timestamp="2020-09-04T08:00:19Z" user="carrotrain" uid="11602661" lat="34.7684865" lon="137.3845082"/>
 <node id="7874842729" visible="true" version="1" changeset="90401346" timestamp="2020-09-04T08:00:19Z" user="carrotrain" uid="11602661" lat="34.7683849" lon="137.3845089"/>
 <node id="7874842730" visible="true" version="1" changeset="90401346" timestamp="2020-09-04T08:00:19Z" user="carrotrain" uid="11602661" lat="34.7683854" lon="137.3844620"/>
 <node id="7874842731" visible="true" version="1" changeset="90401346" timestamp="2020-09-04T08:00:19Z" user="carrotrain" uid="11602661" lat="34.7682628" lon="137.3846003"/>
 <node id="7874842732" visible="true" version="1" changeset="90401346" timestamp="2020-09-04T08:00:19Z" user="carrotrain" uid="11602661" lat="34.7682641" lon="137.3846441"/>
 <node id="7874842733" visible="true" version="1" changeset="90401346" timestamp="2020-09-04T08:00:19Z" user="carrotrain" uid="11602661" lat="34.7681554" lon="137.3847809"/>
 <node id="7874842734" visible="true" version="1" changeset="90401346" timestamp="2020-09-04T08:00:19Z" user="carrotrain" uid="11602661" lat="34.7681572" lon="137.3848242"/>
 <node id="7874842735" visible="true" version="1" changeset="90401346" timestamp="2020-09-04T08:00:19Z" user="carrotrain" uid="11602661" lat="34.7680997" lon="137.3848275"/>
 <node id="7874842736" visible="true" version="1" changeset="90401346" timestamp="2020-09-04T08:00:19Z" user="carrotrain" uid="11602661" lat="34.7680979" lon="137.3847821"/>
 <node id="7874842737" visible="true" version="1" changeset="90401346" timestamp="2020-09-04T08:00:19Z" user="carrotrain" uid="11602661" lat="34.7681268" lon="137.3849799"/>
 <node id="7874842738" visible="true" version="1" changeset="90401346" timestamp="2020-09-04T08:00:19Z" user="carrotrain" uid="11602661" lat="34.7682155" lon="137.3847088"/>
 <node id="7874842739" visible="true" version="1" changeset="90401346" timestamp="2020-09-04T08:00:19Z" user="carrotrain" uid="11602661" lat="34.7681746" lon="137.3847076"/>
 <node id="7874842740" visible="true" version="1" changeset="90401346" timestamp="2020-09-04T08:00:19Z" user="carrotrain" uid="11602661" lat="34.7681740" lon="137.3847725"/>
 <node id="7874842741" visible="true" version="1" changeset="90401346" timestamp="2020-09-04T08:00:19Z" user="carrotrain" uid="11602661" lat="34.7682148" lon="137.3849304"/>
 <node id="7874842742" visible="true" version="1" changeset="90401346" timestamp="2020-09-04T08:00:19Z" user="carrotrain" uid="11602661" lat="34.7682536" lon="137.3849150"/>
 <node id="7874842743" visible="true" version="1" changeset="90401346" timestamp="2020-09-04T08:00:19Z" user="carrotrain" uid="11602661" lat="34.7682796" lon="137.3849161"/>
 <node id="7874842744" visible="true" version="1" changeset="90401346" timestamp="2020-09-04T08:00:19Z" user="carrotrain" uid="11602661" lat="34.7682575" lon="137.3849351"/>
 <node id="7874842745" visible="true" version="1" changeset="90401346" timestamp="2020-09-04T08:00:19Z" user="carrotrain" uid="11602661" lat="34.7682875" lon="137.3849352"/>
 <node id="7874842748" visible="true" version="1" changeset="90401346" timestamp="2020-09-04T08:00:19Z" user="carrotrain" uid="11602661" lat="34.7686315" lon="137.3853821"/>
 <node id="7874842749" visible="true" version="1" changeset="90401346" timestamp="2020-09-04T08:00:19Z" user="carrotrain" uid="11602661" lat="34.7685541" lon="137.3853794"/>
 <node id="7874842750" visible="true" version="1" changeset="90401346" timestamp="2020-09-04T08:00:19Z" user="carrotrain" uid="11602661" lat="34.7685519" lon="137.3855260"/>
 <node id="7874842751" visible="true" version="1" changeset="90401346" timestamp="2020-09-04T08:00:19Z" user="carrotrain" uid="11602661" lat="34.7686281" lon="137.3855260"/>
 <node id="7874842752" visible="true" version="1" changeset="90401346" timestamp="2020-09-04T08:00:19Z" user="carrotrain" uid="11602661" lat="34.7686541" lon="137.3857505"/>
 <node id="7874842753" visible="true" version="1" changeset="90401346" timestamp="2020-09-04T08:00:19Z" user="carrotrain" uid="11602661" lat="34.7686633" lon="137.3857004"/>
 <node id="7874842754" visible="true" version="1" changeset="90401346" timestamp="2020-09-04T08:00:19Z" user="carrotrain" uid="11602661" lat="34.7686061" lon="137.3856835"/>
 <node id="7874842755" visible="true" version="1" changeset="90401346" timestamp="2020-09-04T08:00:19Z" user="carrotrain" uid="11602661" lat="34.7685263" lon="137.3857213"/>
 <node id="7874842756" visible="true" version="1" changeset="90401346" timestamp="2020-09-04T08:00:19Z" user="carrotrain" uid="11602661" lat="34.7676213" lon="137.3860570"/>
 <node id="7874842758" visible="true" version="2" changeset="90406908" timestamp="2020-09-04T09:43:53Z" user="carrotrain" uid="11602661" lat="34.7676492" lon="137.3860639"/>
 <node id="7874842759" visible="true" version="2" changeset="90406908" timestamp="2020-09-04T09:43:53Z" user="carrotrain" uid="11602661" lat="34.7683950" lon="137.3862551"/>
 <node id="7875124077" visible="true" version="1" changeset="90406908" timestamp="2020-09-04T09:43:53Z" user="carrotrain" uid="11602661" lat="34.7691319" lon="137.3870307"/>
 <node id="7875124078" visible="true" version="1" changeset="90406908" timestamp="2020-09-04T09:43:53Z" user="carrotrain" uid="11602661" lat="34.7692541" lon="137.3864784"/>
 <node id="7875124079" visible="true" version="1" changeset="90406908" timestamp="2020-09-04T09:43:53Z" user="carrotrain" uid="11602661" lat="34.7684756" lon="137.3862767"/>
 <node id="7875135920" visible="true" version="1" changeset="90406908" timestamp="2020-09-04T09:43:53Z" user="carrotrain" uid="11602661" lat="34.7671021" lon="137.3880891">
  <tag k="crossing" v="marked"/>
  <tag k="highway" v="crossing"/>
 </node>
 <node id="7875135926" visible="true" version="1" changeset="90406908" timestamp="2020-09-04T09:43:53Z" user="carrotrain" uid="11602661" lat="34.7671483" lon="137.3879082">
  <tag k="crossing" v="marked"/>
  <tag k="highway" v="crossing"/>
 </node>
 <node id="7875135929" visible="true" version="1" changeset="90406908" timestamp="2020-09-04T09:43:53Z" user="carrotrain" uid="11602661" lat="34.7676634" lon="137.3859910">
  <tag k="crossing" v="marked"/>
  <tag k="highway" v="crossing"/>
 </node>
 <node id="7875135930" visible="true" version="1" changeset="90406908" timestamp="2020-09-04T09:43:53Z" user="carrotrain" uid="11602661" lat="34.7674726" lon="137.3860542"/>
 <node id="7875135931" visible="true" version="1" changeset="90406908" timestamp="2020-09-04T09:43:53Z" user="carrotrain" uid="11602661" lat="34.7675540" lon="137.3860760">
  <tag k="crossing" v="marked"/>
  <tag k="highway" v="crossing"/>
 </node>
 <node id="7875135932" visible="true" version="1" changeset="90406908" timestamp="2020-09-04T09:43:53Z" user="carrotrain" uid="11602661" lat="34.7668349" lon="137.3855799"/>
 <node id="7875135933" visible="true" version="1" changeset="90406908" timestamp="2020-09-04T09:43:53Z" user="carrotrain" uid="11602661" lat="34.7669851" lon="137.3855903"/>
 <node id="7875135934" visible="true" version="1" changeset="90406908" timestamp="2020-09-04T09:43:53Z" user="carrotrain" uid="11602661" lat="34.7669947" lon="137.3856631"/>
 <node id="7875135935" visible="true" version="1" changeset="90406908" timestamp="2020-09-04T09:43:53Z" user="carrotrain" uid="11602661" lat="34.7670063" lon="137.3856842"/>
 <node id="7875135936" visible="true" version="1" changeset="90406908" timestamp="2020-09-04T09:43:53Z" user="carrotrain" uid="11602661" lat="34.7670275" lon="137.3856960"/>
 <node id="7875135937" visible="true" version="1" changeset="90406908" timestamp="2020-09-04T09:43:53Z" user="carrotrain" uid="11602661" lat="34.7671817" lon="137.3857359"/>
 <node id="7875135938" visible="true" version="1" changeset="90406908" timestamp="2020-09-04T09:43:53Z" user="carrotrain" uid="11602661" lat="34.7672281" lon="137.3857671"/>
 <node id="7875135939" visible="true" version="1" changeset="90406908" timestamp="2020-09-04T09:43:53Z" user="carrotrain" uid="11602661" lat="34.7672514" lon="137.3858076"/>
 <node id="7875135940" visible="true" version="1" changeset="90406908" timestamp="2020-09-04T09:43:53Z" user="carrotrain" uid="11602661" lat="34.7674804" lon="137.3858645"/>
 <node id="7875135941" visible="true" version="1" changeset="90406908" timestamp="2020-09-04T09:43:53Z" user="carrotrain" uid="11602661" lat="34.7675259" lon="137.3858405"/>
 <node id="7875135942" visible="true" version="1" changeset="90406908" timestamp="2020-09-04T09:43:53Z" user="carrotrain" uid="11602661" lat="34.7675382" lon="137.3857866"/>
 <node id="7875135943" visible="true" version="1" changeset="90406908" timestamp="2020-09-04T09:43:53Z" user="carrotrain" uid="11602661" lat="34.7675222" lon="137.3856922"/>
 <node id="7875135944" visible="true" version="1" changeset="90406908" timestamp="2020-09-04T09:43:53Z" user="carrotrain" uid="11602661" lat="34.7676391" lon="137.3851378"/>
 <node id="7875135945" visible="true" version="1" changeset="90406908" timestamp="2020-09-04T09:43:53Z" user="carrotrain" uid="11602661" lat="34.7667259" lon="137.3855738"/>
 <node id="7875135946" visible="true" version="1" changeset="90406908" timestamp="2020-09-04T09:43:53Z" user="carrotrain" uid="11602661" lat="34.7667530" lon="137.3850854"/>
 <node id="7875135947" visible="true" version="1" changeset="90406908" timestamp="2020-09-04T09:43:53Z" user="carrotrain" uid="11602661" lat="34.7674988" lon="137.3850854"/>
 <node id="7875135948" visible="true" version="1" changeset="90406908" timestamp="2020-09-04T09:43:53Z" user="carrotrain" uid="11602661" lat="34.7674964" lon="137.3851378"/>
 <node id="7875135949" visible="true" version="1" changeset="90406908" timestamp="2020-09-04T09:43:53Z" user="carrotrain" uid="11602661" lat="34.7676785" lon="137.3850695"/>
 <node id="7875135950" visible="true" version="1" changeset="90406908" timestamp="2020-09-04T09:43:53Z" user="carrotrain" uid="11602661" lat="34.7674979" lon="137.3851046"/>
 <node id="7875135951" visible="true" version="1" changeset="90406908" timestamp="2020-09-04T09:43:53Z" user="carrotrain" uid="11602661" lat="34.7676579" lon="137.3851053"/>
 <node id="7875135952" visible="true" version="1" changeset="90406908" timestamp="2020-09-04T09:43:53Z" user="carrotrain" uid="11602661" lat="34.7675023" lon="137.3858529"/>
 <node id="7875135953" visible="true" version="1" changeset="90406908" timestamp="2020-09-04T09:43:53Z" user="carrotrain" uid="11602661" lat="34.7674836" lon="137.3859445">
  <tag k="crossing" v="marked"/>
  <tag k="highway" v="crossing"/>
 </node>
 <node id="7875135954" visible="true" version="1" changeset="90406908" timestamp="2020-09-04T09:43:53Z" user="carrotrain" uid="11602661" lat="34.7674724" lon="137.3859991"/>
 <node id="7875135955" visible="true" version="1" changeset="90406908" timestamp="2020-09-04T09:43:53Z" user="carrotrain" uid="11602661" lat="34.7675321" lon="137.3858132"/>
 <node id="7875135956" visible="true" version="1" changeset="90406908" timestamp="2020-09-04T09:43:53Z" user="carrotrain" uid="11602661" lat="34.7676625" lon="137.3858476"/>
 <node id="7875135957" visible="true" version="1" changeset="90406908" timestamp="2020-09-04T09:43:53Z" user="carrotrain" uid="11602661" lat="34.7676071" lon="137.3858330">
  <tag k="crossing" v="marked"/>
  <tag k="highway" v="crossing"/>
 </node>
 <node id="7875135958" visible="true" version="1" changeset="90406908" timestamp="2020-09-04T09:43:53Z" user="carrotrain" uid="11602661" lat="34.7676448" lon="137.3858429"/>
 <node id="7875135959" visible="true" version="1" changeset="90406908" timestamp="2020-09-04T09:43:53Z" user="carrotrain" uid="11602661" lat="34.7675572" lon="137.3858197"/>
 <node id="7875135960" visible="true" version="1" changeset="90406908" timestamp="2020-09-04T09:43:53Z" user="carrotrain" uid="11602661" lat="34.7671466" lon="137.3855912"/>
 <node id="7875135961" visible="true" version="1" changeset="90406908" timestamp="2020-09-04T09:43:53Z" user="carrotrain" uid="11602661" lat="34.7674863" lon="137.3855702"/>
 <node id="7875135962" visible="true" version="1" changeset="90406908" timestamp="2020-09-04T09:43:53Z" user="carrotrain" uid="11602661" lat="34.7674783" lon="137.3856237"/>
 <node id="7875135963" visible="true" version="1" changeset="90406908" timestamp="2020-09-04T09:43:53Z" user="carrotrain" uid="11602661" lat="34.7674370" lon="137.3856642"/>
 <node id="7875135964" visible="true" version="1" changeset="90406908" timestamp="2020-09-04T09:43:53Z" user="carrotrain" uid="11602661" lat="34.7673731" lon="137.3856918"/>
 <node id="7875135965" visible="true" version="1" changeset="90406908" timestamp="2020-09-04T09:43:53Z" user="carrotrain" uid="11602661" lat="34.7672931" lon="137.3856934"/>
 <node id="7875135966" visible="true" version="1" changeset="90406908" timestamp="2020-09-04T09:43:53Z" user="carrotrain" uid="11602661" lat="34.7672132" lon="137.3856626"/>
 <node id="7875135967" visible="true" version="1" changeset="90406908" timestamp="2020-09-04T09:43:53Z" user="carrotrain" uid="11602661" lat="34.7671092" lon="137.3855329"/>
 <node id="7875135968" visible="true" version="1" changeset="90406908" timestamp="2020-09-04T09:43:53Z" user="carrotrain" uid="11602661" lat="34.7670972" lon="137.3854761"/>
 <node id="7875135969" visible="true" version="1" changeset="90406908" timestamp="2020-09-04T09:43:53Z" user="carrotrain" uid="11602661" lat="34.7670879" lon="137.3854128"/>
 <node id="7875135970" visible="true" version="1" changeset="90406908" timestamp="2020-09-04T09:43:53Z" user="carrotrain" uid="11602661" lat="34.7670946" lon="137.3853642"/>
 <node id="7875135971" visible="true" version="1" changeset="90406908" timestamp="2020-09-04T09:43:53Z" user="carrotrain" uid="11602661" lat="34.7671052" lon="137.3853090"/>
 <node id="7875135972" visible="true" version="1" changeset="90406908" timestamp="2020-09-04T09:43:53Z" user="carrotrain" uid="11602661" lat="34.7671359" lon="137.3852376"/>
 <node id="7875135973" visible="true" version="1" changeset="90406908" timestamp="2020-09-04T09:43:53Z" user="carrotrain" uid="11602661" lat="34.7671732" lon="137.3851938"/>
 <node id="7875135974" visible="true" version="1" changeset="90406908" timestamp="2020-09-04T09:43:53Z" user="carrotrain" uid="11602661" lat="34.7672345" lon="137.3851484"/>
 <node id="7875135975" visible="true" version="1" changeset="90406908" timestamp="2020-09-04T09:43:53Z" user="carrotrain" uid="11602661" lat="34.7672811" lon="137.3851290"/>
 <node id="7875135976" visible="true" version="1" changeset="90406908" timestamp="2020-09-04T09:43:53Z" user="carrotrain" uid="11602661" lat="34.7673371" lon="137.3851225"/>
 <node id="7875135977" visible="true" version="1" changeset="90406908" timestamp="2020-09-04T09:43:53Z" user="carrotrain" uid="11602661" lat="34.7673851" lon="137.3851338"/>
 <node id="7875135978" visible="true" version="1" changeset="90406908" timestamp="2020-09-04T09:43:53Z" user="carrotrain" uid="11602661" lat="34.7674210" lon="137.3851500"/>
 <node id="7875135979" visible="true" version="1" changeset="90406908" timestamp="2020-09-04T09:43:53Z" user="carrotrain" uid="11602661" lat="34.7674637" lon="137.3851760"/>
 <node id="7875135980" visible="true" version="1" changeset="90406908" timestamp="2020-09-04T09:43:53Z" user="carrotrain" uid="11602661" lat="34.7675023" lon="137.3852279"/>
 <node id="7875135981" visible="true" version="1" changeset="90406908" timestamp="2020-09-04T09:43:53Z" user="carrotrain" uid="11602661" lat="34.7675010" lon="137.3853155"/>
 <node id="7875135982" visible="true" version="1" changeset="90406908" timestamp="2020-09-04T09:43:53Z" user="carrotrain" uid="11602661" lat="34.7667228" lon="137.3856334"/>
 <node id="7875135983" visible="true" version="1" changeset="90406908" timestamp="2020-09-04T09:43:53Z" user="carrotrain" uid="11602661" lat="34.7667620" lon="137.3856821"/>
 <node id="7875135984" visible="true" version="1" changeset="90406908" timestamp="2020-09-04T09:43:53Z" user="carrotrain" uid="11602661" lat="34.7667795" lon="137.3855761"/>
 <node id="7875135985" visible="true" version="1" changeset="90406908" timestamp="2020-09-04T09:43:53Z" user="carrotrain" uid="11602661" lat="34.7676821" lon="137.3850252">
  <tag k="crossing" v="marked"/>
  <tag k="highway" v="crossing"/>
 </node>
 <node id="7875135986" visible="true" version="1" changeset="90406908" timestamp="2020-09-04T09:43:53Z" user="carrotrain" uid="11602661" lat="34.7667686" lon="137.3835672">
  <tag k="crossing" v="marked"/>
  <tag k="highway" v="crossing"/>
 </node>
 <node id="7875135988" visible="true" version="1" changeset="90406908" timestamp="2020-09-04T09:43:53Z" user="carrotrain" uid="11602661" lat="34.7668200" lon="137.3836712"/>
 <node id="7875135989" visible="true" version="1" changeset="90406908" timestamp="2020-09-04T09:43:53Z" user="carrotrain" uid="11602661" lat="34.7667911" lon="137.3842833"/>
 <node id="7875135990" visible="true" version="1" changeset="90406908" timestamp="2020-09-04T09:43:53Z" user="carrotrain" uid="11602661" lat="34.7667947" lon="137.3842379">
  <tag k="crossing" v="marked"/>
  <tag k="highway" v="crossing"/>
 </node>
 <node id="7875135991" visible="true" version="1" changeset="90406908" timestamp="2020-09-04T09:43:53Z" user="carrotrain" uid="11602661" lat="34.7667782" lon="137.3846477">
  <tag k="crossing" v="marked"/>
  <tag k="highway" v="crossing"/>
 </node>
 <node id="7875135992" visible="true" version="1" changeset="90406908" timestamp="2020-09-04T09:43:53Z" user="carrotrain" uid="11602661" lat="34.7667613" lon="137.3850854"/>
 <node id="7875135993" visible="true" version="1" changeset="90406908" timestamp="2020-09-04T09:43:53Z" user="carrotrain" uid="11602661" lat="34.7667637" lon="137.3850266">
  <tag k="crossing" v="marked"/>
  <tag k="highway" v="crossing"/>
 </node>
 <node id="7875135994" visible="true" version="1" changeset="90406908" timestamp="2020-09-04T09:43:53Z" user="carrotrain" uid="11602661" lat="34.7667624" lon="137.3850571"/>
 <node id="7875135995" visible="true" version="1" changeset="90406908" timestamp="2020-09-04T09:43:53Z" user="carrotrain" uid="11602661" lat="34.7667589" lon="137.3856999"/>
 <node id="7875135996" visible="true" version="1" changeset="90406908" timestamp="2020-09-04T09:43:53Z" user="carrotrain" uid="11602661" lat="34.7667496" lon="137.3857531">
  <tag k="crossing" v="marked"/>
  <tag k="highway" v="crossing"/>
 </node>
 <node id="7875136027" visible="true" version="1" changeset="90406908" timestamp="2020-09-04T09:43:53Z" user="carrotrain" uid="11602661" lat="34.7662893" lon="137.3878697">
  <tag k="crossing" v="marked"/>
  <tag k="highway" v="crossing"/>
 </node>
 <node id="7875136035" visible="true" version="1" changeset="90406908" timestamp="2020-09-04T09:43:53Z" user="carrotrain" uid="11602661" lat="34.7663283" lon="137.3876855">
  <tag k="crossing" v="marked"/>
  <tag k="highway" v="crossing"/>
 </node>
 <node id="7875136036" visible="true" version="1" changeset="90406908" timestamp="2020-09-04T09:43:53Z" user="carrotrain" uid="11602661" lat="34.7665060" lon="137.3863636"/>
 <node id="7875136038" visible="true" version="1" changeset="90406908" timestamp="2020-09-04T09:43:53Z" user="carrotrain" uid="11602661" lat="34.7666003" lon="137.3858315"/>
 <node id="7875136039" visible="true" version="1" changeset="90406908" timestamp="2020-09-04T09:43:53Z" user="carrotrain" uid="11602661" lat="34.7665837" lon="137.3857958"/>
 <node id="7875136040" visible="true" version="1" changeset="90406908" timestamp="2020-09-04T09:43:53Z" user="carrotrain" uid="11602661" lat="34.7664308" lon="137.3857477"/>
 <node id="7875136041" visible="true" version="1" changeset="90406908" timestamp="2020-09-04T09:43:53Z" user="carrotrain" uid="11602661" lat="34.7658726" lon="137.3857291"/>
 <node id="7875136042" visible="true" version="1" changeset="90406908" timestamp="2020-09-04T09:43:53Z" user="carrotrain" uid="11602661" lat="34.7666501" lon="137.3858450">
  <tag k="crossing" v="marked"/>
  <tag k="highway" v="crossing"/>
 </node>
 <node id="7875136043" visible="true" version="1" changeset="90406908" timestamp="2020-09-04T09:43:53Z" user="carrotrain" uid="11602661" lat="34.7666807" lon="137.3858534"/>
 <node id="7875136044" visible="true" version="1" changeset="90406908" timestamp="2020-09-04T09:43:53Z" user="carrotrain" uid="11602661" lat="34.7658446" lon="137.3850667"/>
 <node id="7875136045" visible="true" version="1" changeset="90406908" timestamp="2020-09-04T09:43:53Z" user="carrotrain" uid="11602661" lat="34.7658879" lon="137.3855367"/>
 <node id="7875136046" visible="true" version="1" changeset="90406908" timestamp="2020-09-04T09:43:53Z" user="carrotrain" uid="11602661" lat="34.7659223" lon="137.3855755"/>
 <node id="7875136047" visible="true" version="1" changeset="90406908" timestamp="2020-09-04T09:43:53Z" user="carrotrain" uid="11602661" lat="34.7664219" lon="137.3855879"/>
 <node id="7875136048" visible="true" version="1" changeset="90406908" timestamp="2020-09-04T09:43:53Z" user="carrotrain" uid="11602661" lat="34.7665978" lon="137.3856298"/>
 <node id="7875136049" visible="true" version="1" changeset="90406908" timestamp="2020-09-04T09:43:53Z" user="carrotrain" uid="11602661" lat="34.7666232" lon="137.3856003"/>
 <node id="7875136050" visible="true" version="1" changeset="90406908" timestamp="2020-09-04T09:43:53Z" user="carrotrain" uid="11602661" lat="34.7666538" lon="137.3850837"/>
 <node id="7875136051" visible="true" version="1" changeset="90406908" timestamp="2020-09-04T09:43:53Z" user="carrotrain" uid="11602661" lat="34.7665439" lon="137.3857833"/>
 <node id="7875136052" visible="true" version="1" changeset="90406908" timestamp="2020-09-04T09:43:53Z" user="carrotrain" uid="11602661" lat="34.7665757" lon="137.3856245"/>
 <node id="7875136053" visible="true" version="1" changeset="90406908" timestamp="2020-09-04T09:43:53Z" user="carrotrain" uid="11602661" lat="34.7665600" lon="137.3857028">
  <tag k="crossing" v="marked"/>
  <tag k="highway" v="crossing"/>
 </node>
 <node id="7875136054" visible="true" version="1" changeset="90406908" timestamp="2020-09-04T09:43:53Z" user="carrotrain" uid="11602661" lat="34.7666609" lon="137.3850262">
  <tag k="crossing" v="marked"/>
  <tag k="highway" v="crossing"/>
 </node>
 <node id="7875136055" visible="true" version="1" changeset="90406908" timestamp="2020-09-04T09:43:53Z" user="carrotrain" uid="11602661" lat="34.7667687" lon="137.3848919"/>
 <node id="7875136056" visible="true" version="1" changeset="90406908" timestamp="2020-09-04T09:43:53Z" user="carrotrain" uid="11602661" lat="34.7666873" lon="137.3848881"/>
 <node id="7875136057" visible="true" version="1" changeset="90406908" timestamp="2020-09-04T09:43:53Z" user="carrotrain" uid="11602661" lat="34.7667229" lon="137.3848897">
  <tag k="crossing" v="marked"/>
  <tag k="highway" v="crossing"/>
 </node>
 <node id="7875136058" visible="true" version="1" changeset="90406908" timestamp="2020-09-04T09:43:53Z" user="carrotrain" uid="11602661" lat="34.7667556" lon="137.3848913"/>
 <node id="7875136059" visible="true" version="1" changeset="90406908" timestamp="2020-09-04T09:43:53Z" user="carrotrain" uid="11602661" lat="34.7667509" lon="137.3851228"/>
 <node id="7875136060" visible="true" version="1" changeset="90406908" timestamp="2020-09-04T09:43:53Z" user="carrotrain" uid="11602661" lat="34.7666516" lon="137.3851217"/>
 <node id="7875136061" visible="true" version="1" changeset="90406908" timestamp="2020-09-04T09:43:53Z" user="carrotrain" uid="11602661" lat="34.7667092" lon="137.3851223">
  <tag k="crossing" v="marked"/>
  <tag k="highway" v="crossing"/>
 </node>
 <node id="7875136062" visible="true" version="1" changeset="90406908" timestamp="2020-09-04T09:43:53Z" user="carrotrain" uid="11602661" lat="34.7667347" lon="137.3851226"/>
 <node id="7875136063" visible="true" version="1" changeset="90406908" timestamp="2020-09-04T09:43:53Z" user="carrotrain" uid="11602661" lat="34.7667239" lon="137.3856117"/>
 <node id="7875136064" visible="true" version="1" changeset="90406908" timestamp="2020-09-04T09:43:53Z" user="carrotrain" uid="11602661" lat="34.7666782" lon="137.3856065">
  <tag k="crossing" v="marked"/>
  <tag k="highway" v="crossing"/>
 </node>
 <node id="7875136065" visible="true" version="1" changeset="90406908" timestamp="2020-09-04T09:43:53Z" user="carrotrain" uid="11602661" lat="34.7667087" lon="137.3856100"/>
 <node id="7875136066" visible="true" version="1" changeset="90406908" timestamp="2020-09-04T09:43:53Z" user="carrotrain" uid="11602661" lat="34.7666722" lon="137.3848463"/>
 <node id="7875136067" visible="true" version="1" changeset="90406908" timestamp="2020-09-04T09:43:53Z" user="carrotrain" uid="11602661" lat="34.7666713" lon="137.3848555"/>
 <node id="7875136068" visible="true" version="1" changeset="90406908" timestamp="2020-09-04T09:43:53Z" user="carrotrain" uid="11602661" lat="34.7657602" lon="137.3840537"/>
 <node id="7875136081" visible="true" version="1" changeset="90406908" timestamp="2020-09-04T09:43:53Z" user="carrotrain" uid="11602661" lat="34.7659193" lon="137.3841937"/>
 <node id="7875136082" visible="true" version="1" changeset="90406908" timestamp="2020-09-04T09:43:53Z" user="carrotrain" uid="11602661" lat="34.7659574" lon="137.3842273">
  <tag k="highway" v="crossing"/>
 </node>
 <node id="7875136083" visible="true" version="1" changeset="90406908" timestamp="2020-09-04T09:43:53Z" user="carrotrain" uid="11602661" lat="34.7661627" lon="137.3844079">
  <tag k="highway" v="crossing"/>
 </node>
 <node id="7875136084" visible="true" version="1" changeset="90406908" timestamp="2020-09-04T09:43:53Z" user="carrotrain" uid="11602661" lat="34.7662509" lon="137.3844855">
  <tag k="highway" v="crossing"/>
 </node>
 <node id="7875136085" visible="true" version="1" changeset="90406908" timestamp="2020-09-04T09:43:53Z" user="carrotrain" uid="11602661" lat="34.7663981" lon="137.3846151">
  <tag k="highway" v="crossing"/>
 </node>
 <node id="7875136086" visible="true" version="1" changeset="90406908" timestamp="2020-09-04T09:43:53Z" user="carrotrain" uid="11602661" lat="34.7658836" lon="137.3840765"/>
 <node id="7875136087" visible="true" version="1" changeset="90406908" timestamp="2020-09-04T09:43:53Z" user="carrotrain" uid="11602661" lat="34.7660971" lon="137.3842625">
  <tag k="highway" v="crossing"/>
 </node>
 <node id="7875136090" visible="true" version="1" changeset="90406908" timestamp="2020-09-04T09:43:53Z" user="carrotrain" uid="11602661" lat="34.7660013" lon="137.3842659"/>
 <node id="7875136091" visible="true" version="1" changeset="90406908" timestamp="2020-09-04T09:43:53Z" user="carrotrain" uid="11602661" lat="34.7659945" lon="137.3842244"/>
 <node id="7875136092" visible="true" version="1" changeset="90406908" timestamp="2020-09-04T09:43:53Z" user="carrotrain" uid="11602661" lat="34.7667023" lon="137.3842012"/>
 <node id="7875136093" visible="true" version="1" changeset="90406908" timestamp="2020-09-04T09:43:53Z" user="carrotrain" uid="11602661" lat="34.7660512" lon="137.3842225"/>
 <node id="7875136094" visible="true" version="1" changeset="90406908" timestamp="2020-09-04T09:43:53Z" user="carrotrain" uid="11602661" lat="34.7666989" lon="137.3842736"/>
 <node id="7875136095" visible="true" version="1" changeset="90406908" timestamp="2020-09-04T09:43:53Z" user="carrotrain" uid="11602661" lat="34.7660270" lon="137.3842885"/>
 <node id="7875136096" visible="true" version="1" changeset="90406908" timestamp="2020-09-04T09:43:53Z" user="carrotrain" uid="11602661" lat="34.7666731" lon="137.3842742"/>
 <node id="7875136097" visible="true" version="1" changeset="90406908" timestamp="2020-09-04T09:43:53Z" user="carrotrain" uid="11602661" lat="34.7661244" lon="137.3842863"/>
 <node id="7875136098" visible="true" version="1" changeset="90406908" timestamp="2020-09-04T09:43:53Z" user="carrotrain" uid="11602661" lat="34.7660672" lon="137.3842876">
  <tag k="highway" v="crossing"/>
 </node>
 <node id="7875136099" visible="true" version="1" changeset="90406908" timestamp="2020-09-04T09:43:53Z" user="carrotrain" uid="11602661" lat="34.7658405" lon="137.3850149">
  <tag k="crossing" v="marked"/>
  <tag k="highway" v="crossing"/>
 </node>
 <node id="7875136100" visible="true" version="1" changeset="90406908" timestamp="2020-09-04T09:43:53Z" user="carrotrain" uid="11602661" lat="34.7657203" lon="137.3836448"/>
 <node id="7875136101" visible="true" version="1" changeset="90406908" timestamp="2020-09-04T09:43:53Z" user="carrotrain" uid="11602661" lat="34.7657551" lon="137.3840188">
  <tag k="crossing" v="marked"/>
  <tag k="highway" v="crossing"/>
 </node>
 <node id="7875136102" visible="true" version="1" changeset="90406908" timestamp="2020-09-04T09:43:53Z" user="carrotrain" uid="11602661" lat="34.7659215" lon="137.3857307"/>
 <node id="7875136103" visible="true" version="1" changeset="90406908" timestamp="2020-09-04T09:43:53Z" user="carrotrain" uid="11602661" lat="34.7659219" lon="137.3856571">
  <tag k="crossing" v="marked"/>
  <tag k="highway" v="crossing"/>
 </node>
 <node id="7875136116" visible="true" version="1" changeset="90406908" timestamp="2020-09-04T09:43:53Z" user="carrotrain" uid="11602661" lat="34.7657295" lon="137.3856494">
  <tag k="crossing" v="marked"/>
  <tag k="highway" v="crossing"/>
 </node>
 <node id="7875136128" visible="true" version="1" changeset="90406908" timestamp="2020-09-04T09:43:53Z" user="carrotrain" uid="11602661" lat="34.7657229" lon="137.3836753"/>
 <node id="7875136248" visible="true" version="1" changeset="90406908" timestamp="2020-09-04T09:43:53Z" user="carrotrain" uid="11602661" lat="34.7680993" lon="137.3882084">
  <tag k="crossing" v="marked"/>
  <tag k="highway" v="crossing"/>
 </node>
 <node id="7875136264" visible="true" version="1" changeset="90406908" timestamp="2020-09-04T09:43:53Z" user="carrotrain" uid="11602661" lat="34.7698319" lon="137.3850615">
  <tag k="crossing" v="marked"/>
  <tag k="highway" v="crossing"/>
 </node>
 <node id="7875136265" visible="true" version="1" changeset="90406908" timestamp="2020-09-04T09:43:53Z" user="carrotrain" uid="11602661" lat="34.7695547" lon="137.3848885"/>
 <node id="7875136269" visible="true" version="1" changeset="90406908" timestamp="2020-09-04T09:43:53Z" user="carrotrain" uid="11602661" lat="34.7693021" lon="137.3862484"/>
 <node id="7875136274" visible="true" version="1" changeset="90406908" timestamp="2020-09-04T09:43:53Z" user="carrotrain" uid="11602661" lat="34.7692326" lon="137.3865755"/>
 <node id="7875136281" visible="true" version="1" changeset="90406908" timestamp="2020-09-04T09:43:53Z" user="carrotrain" uid="11602661" lat="34.7709694" lon="137.3852276">
  <tag k="crossing" v="marked"/>
  <tag k="highway" v="crossing"/>
 </node>
 <node id="7875136286" visible="true" version="1" changeset="90406908" timestamp="2020-09-04T09:43:53Z" user="carrotrain" uid="11602661" lat="34.7711116" lon="137.3852543">
  <tag k="crossing" v="marked"/>
  <tag k="highway" v="crossing"/>
 </node>
 <node id="7875136319" visible="true" version="1" changeset="90406908" timestamp="2020-09-04T09:43:53Z" user="carrotrain" uid="11602661" lat="34.7701065" lon="137.3864528">
  <tag k="crossing" v="marked"/>
  <tag k="highway" v="crossing"/>
 </node>
 <node id="11379409054" visible="true" version="1" changeset="144503902" timestamp="2023-11-27T11:20:10Z" user="okadatsuneo" uid="10163840" lat="34.7674427" lon="137.3858601">
  <tag k="historic" v="memorial"/>
  <tag k="inscription" v="東海道 吉田宿 江戸まで七十三里 / 京まで五十二里"/>
  <tag k="memorial" v="stele"/>
  <tag k="name" v="東海道 吉田宿"/>
 </node>
 <node id="11379409055" visible="true" version="1" changeset="144503902" timestamp="2023-11-27T11:20:10Z" user="okadatsuneo" uid="10163840" lat="34.7666468" lon="137.3842146">
  <tag k="power" v="pole"/>
 </node>
 <node id="11379409056" visible="true" version="1" changeset="144503902" timestamp="2023-11-27T11:20:10Z" user="okadatsuneo" uid="10163840" lat="34.7667726" lon="137.3843154">
  <tag k="power" v="pole"/>
 </node>
 <node id="11379409057" visible="true" version="2" changeset="166571586" timestamp="2025-05-21T14:12:08Z" user="円周率3パーセント" uid="4827606" lat="34.7666487" lon="137.3842979">
  <tag k="amenity" v="pub"/>
  <tag k="name" v="豆の木"/>
  <tag k="wikimedia_commons" v="File:愛知県豊橋市 20241024 1404-3.jpg"/>
 </node>
 <node id="11998074875" visible="true" version="1" changeset="152971406" timestamp="2024-06-21T00:54:26Z" user="takeos" uid="4201953" lat="34.7661020" lon="137.3850750"/>
 <node id="11998074876" visible="true" version="1" changeset="152971406" timestamp="2024-06-21T00:54:26Z" user="takeos" uid="4201953" lat="34.7660962" lon="137.3852935"/>
 <node id="11998074877" visible="true" version="1" changeset="152971406" timestamp="2024-06-21T00:54:26Z" user="takeos" uid="4201953" lat="34.7664742" lon="137.3853104"/>
 <node id="11998074878" visible="true" version="1" changeset="152971406" timestamp="2024-06-21T00:54:26Z" user="takeos" uid="4201953" lat="34.7664654" lon="137.3855607"/>
 <node id="11998074879" visible="true" version="1" changeset="152971406" timestamp="2024-06-21T00:54:26Z" user="takeos" uid="4201953" lat="34.7666035" lon="137.3855669"/>
 <node id="11998074880" visible="true" version="1" changeset="152971406" timestamp="2024-06-21T00:54:26Z" user="takeos" uid="4201953" lat="34.7666275" lon="137.3850821"/>
 <node id="11998074881" visible="true" version="1" changeset="152971406" timestamp="2024-06-21T00:54:26Z" user="takeos" uid="4201953" lat="34.7664629" lon="137.3853231"/>
 <node id="11998074882" visible="true" version="1" changeset="152971406" timestamp="2024-06-21T00:54:26Z" user="takeos" uid="4201953" lat="34.7663739" lon="137.3853192"/>
 <node id="11998074883" visible="true" version="1" changeset="152971406" timestamp="2024-06-21T00:54:26Z" user="takeos" uid="4201953" lat="34.7663669" lon="137.3855568"/>
 <node id="11998074884" visible="true" version="1" changeset="152971406" timestamp="2024-06-21T00:54:26Z" user="takeos" uid="4201953" lat="34.7664559" lon="137.3855607"/>
 <node id="12441449512" visible="true" version="1" changeset="160499295" timestamp="2024-12-22T12:13:20Z" user="円周率3パーセント" uid="4827606" lat="34.7662902" lon="137.3860838"/>
 <node id="12441449513" visible="true" version="1" changeset="160499295" timestamp="2024-12-22T12:13:20Z" user="円周率3パーセント" uid="4827606" lat="34.7662818" lon="137.3861200"/>
 <node id="12441449514" visible="true" version="1" changeset="160499295" timestamp="2024-12-22T12:13:20Z" user="円周率3パーセント" uid="4827606" lat="34.7663909" lon="137.3861513"/>
 <node id="12441449515" visible="true" version="1" changeset="160499295" timestamp="2024-12-22T12:13:20Z" user="円周率3パーセント" uid="4827606" lat="34.7663923" lon="137.3861352"/>
 <node id="12441449516" visible="true" version="1" changeset="160499295" timestamp="2024-12-22T12:13:20Z" user="円周率3パーセント" uid="4827606" lat="34.7664970" lon="137.3861642"/>
 <node id="12441449517" visible="true" version="1" changeset="160499295" timestamp="2024-12-22T12:13:20Z" user="円周率3パーセント" uid="4827606" lat="34.7665014" lon="137.3861387"/>
 <node id="12441449518" visible="true" version="1" changeset="160499295" timestamp="2024-12-22T12:13:20Z" user="円周率3パーセント" uid="4827606" lat="34.7665109" lon="137.3861982"/>
 <node id="12441449519" visible="true" version="1" changeset="160499295" timestamp="2024-12-22T12:13:20Z" user="円周率3パーセント" uid="4827606" lat="34.7665018" lon="137.3862590"/>
 <node id="12441449520" visible="true" version="1" changeset="160499295" timestamp="2024-12-22T12:13:20Z" user="円周率3パーセント" uid="4827606" lat="34.7662763" lon="137.3861960"/>
 <node id="12441449521" visible="true" version="1" changeset="160499295" timestamp="2024-12-22T12:13:20Z" user="円周率3パーセント" uid="4827606" lat="34.7662778" lon="137.3861365"/>
 <node id="12441449522" visible="true" version="1" changeset="160499295" timestamp="2024-12-22T12:13:20Z" user="円周率3パーセント" uid="4827606" lat="34.7664992" lon="137.3862670"/>
 <node id="12441449523" visible="true" version="1" changeset="160499295" timestamp="2024-12-22T12:13:20Z" user="円周率3パーセント" uid="4827606" lat="34.7664246" lon="137.3862509"/>
 <node id="12441449524" visible="true" version="1" changeset="160499295" timestamp="2024-12-22T12:13:20Z" user="円周率3パーセント" uid="4827606" lat="34.7664140" lon="137.3863287"/>
 <node id="12441449525" visible="true" version="1" changeset="160499295" timestamp="2024-12-22T12:13:20Z" user="円周率3パーセント" uid="4827606" lat="34.7664735" lon="137.3863421"/>
 <node id="12441449526" visible="true" version="1" changeset="160499295" timestamp="2024-12-22T12:13:20Z" user="円周率3パーセント" uid="4827606" lat="34.7664930" lon="137.3863332"/>
 <node id="12853327477" visible="true" version="1" changeset="166571586" timestamp="2025-05-21T14:12:08Z" user="円周率3パーセント" uid="4827606" lat="34.7666999" lon="137.3838834"/>
 <node id="12853327478" visible="true" version="1" changeset="166571586" timestamp="2025-05-21T14:12:08Z" user="円周率3パーセント" uid="4827606" lat="34.7666955" lon="137.3840671"/>
 <node id="12853327479" visible="true" version="1" changeset="166571586" timestamp="2025-05-21T14:12:08Z" user="円周率3パーセント" uid="4827606" lat="34.7665486" lon="137.3840658"/>
 <node id="12853327480" visible="true" version="1" changeset="166571586" timestamp="2025-05-21T14:12:08Z" user="円周率3パーセント" uid="4827606" lat="34.7665482" lon="137.3838803"/>
 <node id="12853348181" visible="true" version="1" changeset="166571162" timestamp="2025-05-21T14:01:36Z" user="円周率3パーセント" uid="4827606" lat="34.7665738" lon="137.3858747"/>
 <node id="12853348182" visible="true" version="1" changeset="166571162" timestamp="2025-05-21T14:01:36Z" user="円周率3パーセント" uid="4827606" lat="34.7665207" lon="137.3861304"/>
 <node id="12853348183" visible="true" version="1" changeset="166571162" timestamp="2025-05-21T14:01:36Z" user="円周率3パーセント" uid="4827606" lat="34.7662895" lon="137.3860688"/>
 <node id="12853348184" visible="true" version="1" changeset="166571162" timestamp="2025-05-21T14:01:36Z" user="円周率3パーセント" uid="4827606" lat="34.7662887" lon="137.3860072"/>
 <node id="12853348185" visible="true" version="1" changeset="166571162" timestamp="2025-05-21T14:01:36Z" user="円周率3パーセント" uid="4827606" lat="34.7663368" lon="137.3860092"/>
 <node id="12853348186" visible="true" version="1" changeset="166571162" timestamp="2025-05-21T14:01:36Z" user="円周率3パーセント" uid="4827606" lat="34.7663477" lon="137.3857843"/>
 <node id="12853348187" visible="true" version="1" changeset="166571162" timestamp="2025-05-21T14:01:36Z" user="円周率3パーセント" uid="4827606" lat="34.7664186" lon="137.3857822"/>
 <node id="12853348188" visible="true" version="1" changeset="166571162" timestamp="2025-05-21T14:01:36Z" user="円周率3パーセント" uid="4827606" lat="34.7665511" lon="137.3858161"/>
 <way id="163874600" visible="true" version="9" changeset="90406908" timestamp="2020-09-04T09:43:53Z" user="carrotrain" uid="11602661">
  <nd ref="2008690763"/>
  <nd ref="2008690764"/>
  <nd ref="4394290335"/>
  <nd ref="4434480964"/>
  <nd ref="4434480966"/>
  <nd ref="4394290336"/>
  <nd ref="1755466476"/>
  <nd ref="1755466479"/>
  <nd ref="1755466480"/>
  <nd ref="4386984285"/>
  <nd ref="1755466482"/>
  <nd ref="1755466478"/>
  <nd ref="4394430416"/>
  <nd ref="7875135957"/>
  <nd ref="1755466474"/>
  <tag k="highway" v="tertiary"/>
  <tag k="maxspeed" v="40"/>
  <tag k="source" v="Bing"/>
 </way>
 <way id="163874602" visible="true" version="13" changeset="154002203" timestamp="2024-07-16T07:59:20Z" user="taketaketake" uid="4757277">
  <nd ref="4875481493"/>
  <nd ref="4875481494"/>
  <nd ref="7875136286"/>
  <nd ref="1755466512"/>
  <nd ref="7875136281"/>
  <nd ref="1755466509"/>
  <nd ref="7875136264"/>
  <nd ref="724233590"/>
  <nd ref="1755466506"/>
  <nd ref="7874842719"/>
  <nd ref="1755466498"/>
  <nd ref="1755466490"/>
  <nd ref="4386984287"/>
  <nd ref="4394431281"/>
  <nd ref="1755466482"/>
  <nd ref="7875135985"/>
  <nd ref="2008690760"/>
  <nd ref="7875135993"/>
  <nd ref="1755466454"/>
  <nd ref="7875136054"/>
  <nd ref="7875136099"/>
  <nd ref="1755466399"/>
  <tag k="highway" v="residential"/>
  <tag k="source" v="Bing"/>
 </way>
 <way id="163874642" visible="true" version="6" changeset="90401346" timestamp="2020-09-04T08:00:19Z" user="carrotrain" uid="11602661">
  <nd ref="1755466478"/>
  <nd ref="4394431273"/>
  <nd ref="1755466487"/>
  <nd ref="1755466495"/>
  <nd ref="7874842717"/>
  <nd ref="2008690780"/>
  <tag k="highway" v="residential"/>
  <tag k="oneway" v="yes"/>
  <tag k="source" v="survey"/>
  <tag k="width" v="6"/>
 </way>
 <way id="163874720" visible="true" version="7" changeset="90406908" timestamp="2020-09-04T09:43:53Z" user="carrotrain" uid="11602661">
  <nd ref="1755466479"/>
  <nd ref="4394290340"/>
  <nd ref="4386984286"/>
  <nd ref="1755466488"/>
  <nd ref="1755466490"/>
  <nd ref="1755466487"/>
  <nd ref="4417205787"/>
  <nd ref="1755466486"/>
  <nd ref="4417206115"/>
  <nd ref="1755466485"/>
  <nd ref="7875136248"/>
  <nd ref="1755466483"/>
  <tag k="highway" v="residential"/>
  <tag k="oneway" v="yes"/>
  <tag k="source" v="survey"/>
 </way>
 <way id="190273744" visible="true" version="8" changeset="90406908" timestamp="2020-09-04T09:43:53Z" user="carrotrain" uid="11602661">
  <nd ref="2008690734"/>
  <nd ref="7875136101"/>
  <nd ref="4408145685"/>
  <nd ref="7875136091"/>
  <nd ref="2008690739"/>
  <nd ref="7875136098"/>
  <nd ref="4438964538"/>
  <nd ref="4438964541"/>
  <nd ref="4438964547"/>
  <nd ref="4438815116"/>
  <nd ref="2008690749"/>
  <tag k="highway" v="residential"/>
  <tag k="oneway" v="yes"/>
  <tag k="sidewalk" v="both"/>
  <tag k="source" v="Bing, Survey, Image"/>
 </way>
 <way id="439128874" visible="true" version="6" changeset="168054583" timestamp="2025-06-24T15:21:31Z" user="円周率3パーセント" uid="4827606">
  <nd ref="1755466474"/>
  <nd ref="7875135953"/>
  <nd ref="4394443371"/>
  <nd ref="7875135996"/>
  <nd ref="1755466450"/>
  <nd ref="7875136053"/>
  <nd ref="967789245"/>
  <nd ref="7875136103"/>
  <nd ref="1755466405"/>
  <nd ref="7875136116"/>
  <nd ref="1755466366"/>
  <nd ref="7865593806"/>
  <nd ref="841896670"/>
  <nd ref="7865593873"/>
  <nd ref="7865593677"/>
  <nd ref="7865593698"/>
  <nd ref="967789170"/>
  <tag k="highway" v="tertiary"/>
  <tag k="name" v="萱町通り"/>
 </way>
 <way id="439128875" visible="true" version="7" changeset="90406908" timestamp="2020-09-04T09:43:53Z" user="carrotrain" uid="11602661">
  <nd ref="1755466474"/>
  <nd ref="7875135931"/>
  <nd ref="1755466473"/>
  <nd ref="4394451098"/>
  <nd ref="7875135926"/>
  <nd ref="734853209"/>
  <nd ref="7875135920"/>
  <nd ref="1755466462"/>
  <nd ref="2008799686"/>
  <nd ref="1755466448"/>
  <nd ref="7874658793"/>
  <nd ref="724233724"/>
  <tag k="highway" v="tertiary"/>
  <tag k="lanes" v="2"/>
  <tag k="maxspeed" v="40"/>
  <tag k="name" v="旧東海道"/>
  <tag k="source" v="Bing"/>
  <tag k="surface" v="paved"/>
 </way>
 <way id="440460261" visible="true" version="5" changeset="90401346" timestamp="2020-09-04T08:00:19Z" user="carrotrain" uid="11602661">
  <nd ref="4382004363"/>
  <nd ref="4394290354"/>
  <nd ref="4382004361"/>
  <nd ref="4394290348"/>
  <nd ref="4382004359"/>
  <nd ref="4394290345"/>
  <nd ref="4382004357"/>
  <nd ref="4382004358"/>
  <nd ref="4394290350"/>
  <nd ref="4382004360"/>
  <nd ref="4394290357"/>
  <nd ref="4382004362"/>
  <nd ref="4394290368"/>
  <nd ref="4382004364"/>
  <nd ref="4382004366"/>
  <nd ref="5926809958"/>
  <nd ref="4382004371"/>
  <nd ref="4394290384"/>
  <nd ref="4394290385"/>
  <nd ref="7874842692"/>
  <nd ref="4382004370"/>
  <nd ref="4438778545"/>
  <nd ref="4395656163"/>
  <nd ref="4395656162"/>
  <nd ref="4395656157"/>
  <nd ref="5926809961"/>
  <nd ref="4382004365"/>
  <nd ref="4394290366"/>
  <nd ref="4382004363"/>
  <tag k="landuse" v="recreation_ground"/>
 </way>
 <way id="440934978" visible="true" version="6" changeset="90406908" timestamp="2020-09-04T09:43:53Z" user="carrotrain" uid="11602661">
  <nd ref="4386984284"/>
  <nd ref="4386984283"/>
  <nd ref="4394430436"/>
  <nd ref="4386984282"/>
  <nd ref="4386984276"/>
  <nd ref="4386984278"/>
  <nd ref="4386984279"/>
  <nd ref="7875135959"/>
  <nd ref="4386984277"/>
  <nd ref="4386984272"/>
  <nd ref="4386984259"/>
  <nd ref="4386984246"/>
  <nd ref="4396390520"/>
  <nd ref="4386984217"/>
  <nd ref="4386984216"/>
  <nd ref="4396390494"/>
  <nd ref="4386984346"/>
  <nd ref="4394443368"/>
  <nd ref="4386984344"/>
  <nd ref="4386984326"/>
  <nd ref="4386984327"/>
  <nd ref="4386984323"/>
  <nd ref="7875135932"/>
  <nd ref="4386984321"/>
  <nd ref="4396389778"/>
  <nd ref="4386984325"/>
  <nd ref="7875135950"/>
  <nd ref="7875135951"/>
  <nd ref="4386984284"/>
  <tag k="leisure" v="park"/>
  <tag k="name" v="松葉公園"/>
 </way>
 <way id="440934999" visible="true" version="1" changeset="41952809" timestamp="2016-09-06T11:16:32Z" user="下り専門" uid="692002">
  <nd ref="4386984254"/>
  <nd ref="4386984253"/>
  <nd ref="4386984247"/>
  <nd ref="4386984248"/>
  <nd ref="4386984254"/>
  <tag k="building" v="yes"/>
 </way>
 <way id="440935012" visible="true" version="1" changeset="41952809" timestamp="2016-09-06T11:16:32Z" user="下り専門" uid="692002">
  <nd ref="4386984203"/>
  <nd ref="4386984205"/>
  <nd ref="4386984377"/>
  <nd ref="4386984375"/>
  <nd ref="4386984203"/>
  <tag k="building" v="yes"/>
 </way>
 <way id="440935015" visible="true" version="1" changeset="41952809" timestamp="2016-09-06T11:16:33Z" user="下り専門" uid="692002">
  <nd ref="4386984367"/>
  <nd ref="4386984368"/>
  <nd ref="4386984364"/>
  <nd ref="4386984363"/>
  <nd ref="4386984367"/>
  <tag k="building" v="yes"/>
 </way>
 <way id="440935023" visible="true" version="1" changeset="41952809" timestamp="2016-09-06T11:16:33Z" user="下り専門" uid="692002">
  <nd ref="4386984369"/>
  <nd ref="4386984370"/>
  <nd ref="4386984362"/>
  <nd ref="4386984361"/>
  <nd ref="4386984369"/>
  <tag k="building" v="yes"/>
 </way>
 <way id="440935032" visible="true" version="1" changeset="41952809" timestamp="2016-09-06T11:16:33Z" user="下り専門" uid="692002">
  <nd ref="4386984270"/>
  <nd ref="4386984269"/>
  <nd ref="4386984255"/>
  <nd ref="4386984256"/>
  <nd ref="4386984270"/>
  <tag k="building" v="yes"/>
 </way>
 <way id="440935043" visible="true" version="1" changeset="41952809" timestamp="2016-09-06T11:16:34Z" user="下り専門" uid="692002">
  <nd ref="4386984359"/>
  <nd ref="4386984360"/>
  <nd ref="4386984350"/>
  <nd ref="4386984349"/>
  <nd ref="4386984359"/>
  <tag k="building" v="yes"/>
 </way>
 <way id="440935056" visible="true" version="2" changeset="42749962" timestamp="2016-10-09T09:34:28Z" user="kamigata0" uid="254135">
  <nd ref="4386984341"/>
  <nd ref="4386984339"/>
  <nd ref="4386984337"/>
  <nd ref="4386984336"/>
  <nd ref="4386984329"/>
  <nd ref="4386984331"/>
  <nd ref="4386984341"/>
  <tag k="building" v="yes"/>
  <tag k="building:levels" v="2"/>
 </way>
 <way id="440935058" visible="true" version="1" changeset="41952809" timestamp="2016-09-06T11:16:34Z" user="下り専門" uid="692002">
  <nd ref="4386984239"/>
  <nd ref="4386984240"/>
  <nd ref="4386984234"/>
  <nd ref="4386984233"/>
  <nd ref="4386984226"/>
  <nd ref="4386984225"/>
  <nd ref="4386984239"/>
  <tag k="building" v="yes"/>
 </way>
 <way id="440935059" visible="true" version="1" changeset="41952809" timestamp="2016-09-06T11:16:34Z" user="下り専門" uid="692002">
  <nd ref="4386984209"/>
  <nd ref="4386984210"/>
  <nd ref="4386984373"/>
  <nd ref="4386984372"/>
  <nd ref="4386984379"/>
  <nd ref="4386984376"/>
  <nd ref="4386984209"/>
  <tag k="building" v="yes"/>
 </way>
 <way id="440935064" visible="true" version="5" changeset="166571586" timestamp="2025-05-21T14:12:08Z" user="円周率3パーセント" uid="4827606">
  <nd ref="4386984348"/>
  <nd ref="4386984347"/>
  <nd ref="4386984345"/>
  <nd ref="4386984343"/>
  <nd ref="4386984328"/>
  <nd ref="4386984330"/>
  <nd ref="4386984332"/>
  <nd ref="4386984348"/>
  <tag k="amenity" v="restaurant"/>
  <tag k="building" v="yes"/>
  <tag k="building:levels" v="2"/>
  <tag k="cuisine" v="noodle"/>
  <tag k="name" v="勢川本店"/>
  <tag k="opening_hours" v="11:00-19:30"/>
  <tag k="wikidata" v="Q131447730"/>
  <tag k="wikimedia_commons" v="Category:Segawa Honten"/>
 </way>
 <way id="440935066" visible="true" version="1" changeset="41952809" timestamp="2016-09-06T11:16:36Z" user="下り専門" uid="692002">
  <nd ref="4386984241"/>
  <nd ref="4386984242"/>
  <nd ref="4386984228"/>
  <nd ref="4386984227"/>
  <nd ref="4386984232"/>
  <nd ref="4386984231"/>
  <nd ref="4386984236"/>
  <nd ref="4386984235"/>
  <nd ref="4386984241"/>
  <tag k="building" v="yes"/>
 </way>
 <way id="440935074" visible="true" version="3" changeset="90406908" timestamp="2020-09-04T09:43:53Z" user="carrotrain" uid="11602661">
  <nd ref="4386984285"/>
  <nd ref="4438815172"/>
  <nd ref="7875135991"/>
  <nd ref="4386984318"/>
  <tag k="highway" v="unclassified"/>
 </way>
 <way id="440935077" visible="true" version="2" changeset="42053915" timestamp="2016-09-10T07:32:03Z" user="hayashi" uid="621319">
  <nd ref="4386984287"/>
  <nd ref="4386984286"/>
  <tag k="highway" v="residential"/>
  <tag k="oneway" v="yes"/>
 </way>
 <way id="441090416" visible="true" version="1" changeset="41969817" timestamp="2016-09-07T03:15:51Z" user="下り専門" uid="692002">
  <nd ref="4388539914"/>
  <nd ref="4388539916"/>
  <nd ref="4388539902"/>
  <nd ref="4388539903"/>
  <nd ref="4388539891"/>
  <nd ref="4388539892"/>
  <nd ref="4388539871"/>
  <nd ref="4388539870"/>
  <nd ref="4388539869"/>
  <nd ref="4388539868"/>
  <nd ref="4388539914"/>
  <tag k="building" v="yes"/>
 </way>
 <way id="441090417" visible="true" version="1" changeset="41969817" timestamp="2016-09-07T03:15:51Z" user="下り専門" uid="692002">
  <nd ref="4388539826"/>
  <nd ref="4388539834"/>
  <nd ref="4388539835"/>
  <nd ref="4388539854"/>
  <nd ref="4388539855"/>
  <nd ref="4388539856"/>
  <nd ref="4388539857"/>
  <nd ref="4388539831"/>
  <nd ref="4388539830"/>
  <nd ref="4388539827"/>
  <nd ref="4388539826"/>
  <tag k="building" v="yes"/>
 </way>
 <way id="441090418" visible="true" version="1" changeset="41969817" timestamp="2016-09-07T03:15:51Z" user="下り専門" uid="692002">
  <nd ref="4388539937"/>
  <nd ref="4388539921"/>
  <nd ref="4388539923"/>
  <nd ref="4388539917"/>
  <nd ref="4388539920"/>
  <nd ref="4388539922"/>
  <nd ref="4388539924"/>
  <nd ref="4388539918"/>
  <nd ref="4388539919"/>
  <nd ref="4388539936"/>
  <nd ref="4388539938"/>
  <nd ref="4388539937"/>
  <tag k="building" v="yes"/>
 </way>
 <way id="441090425" visible="true" version="1" changeset="41969817" timestamp="2016-09-07T03:15:52Z" user="下り専門" uid="692002">
  <nd ref="4388539864"/>
  <nd ref="4388539865"/>
  <nd ref="4388539849"/>
  <nd ref="4388539848"/>
  <nd ref="4388539864"/>
  <tag k="building" v="yes"/>
 </way>
 <way id="441090431" visible="true" version="1" changeset="41969817" timestamp="2016-09-07T03:15:52Z" user="下り専門" uid="692002">
  <nd ref="4388539906"/>
  <nd ref="4388539907"/>
  <nd ref="4388539895"/>
  <nd ref="4388539894"/>
  <nd ref="4388539906"/>
  <tag k="building" v="yes"/>
 </way>
 <way id="441090432" visible="true" version="1" changeset="41969817" timestamp="2016-09-07T03:15:52Z" user="下り専門" uid="692002">
  <nd ref="4388539276"/>
  <nd ref="4388539288"/>
  <nd ref="4388539287"/>
  <nd ref="4388539275"/>
  <nd ref="4388539276"/>
  <tag k="building" v="yes"/>
 </way>
 <way id="441090437" visible="true" version="1" changeset="41969817" timestamp="2016-09-07T03:15:52Z" user="下り専門" uid="692002">
  <nd ref="4388539840"/>
  <nd ref="4388539839"/>
  <nd ref="4388539824"/>
  <nd ref="4388539825"/>
  <nd ref="4388539840"/>
  <tag k="building" v="yes"/>
 </way>
 <way id="441090438" visible="true" version="1" changeset="41969817" timestamp="2016-09-07T03:15:52Z" user="下り専門" uid="692002">
  <nd ref="4388539822"/>
  <nd ref="4388539823"/>
  <nd ref="4388539804"/>
  <nd ref="4388539803"/>
  <nd ref="4388539822"/>
  <tag k="building" v="yes"/>
 </way>
 <way id="441090445" visible="true" version="1" changeset="41969817" timestamp="2016-09-07T03:15:52Z" user="下り専門" uid="692002">
  <nd ref="4388539817"/>
  <nd ref="4388539816"/>
  <nd ref="4388539800"/>
  <nd ref="4388539802"/>
  <nd ref="4388539817"/>
  <tag k="building" v="yes"/>
 </way>
 <way id="441090455" visible="true" version="1" changeset="41969817" timestamp="2016-09-07T03:15:53Z" user="下り専門" uid="692002">
  <nd ref="4388539844"/>
  <nd ref="4388539866"/>
  <nd ref="4388539867"/>
  <nd ref="4388539862"/>
  <nd ref="4388539863"/>
  <nd ref="4388539845"/>
  <nd ref="4388539844"/>
  <tag k="building" v="yes"/>
 </way>
 <way id="441090460" visible="true" version="1" changeset="41969817" timestamp="2016-09-07T03:15:53Z" user="下り専門" uid="692002">
  <nd ref="4388539702"/>
  <nd ref="4388539701"/>
  <nd ref="4388539694"/>
  <nd ref="4388539693"/>
  <nd ref="4388539689"/>
  <nd ref="4388539690"/>
  <nd ref="4388539702"/>
  <tag k="building" v="yes"/>
 </way>
 <way id="441090465" visible="true" version="2" changeset="42271737" timestamp="2016-09-19T14:25:20Z" user="kamigata0" uid="254135">
  <nd ref="4388539697"/>
  <nd ref="4388539703"/>
  <nd ref="4388539704"/>
  <nd ref="4388539710"/>
  <nd ref="4388539711"/>
  <nd ref="4388539709"/>
  <nd ref="4388539698"/>
  <nd ref="4388539697"/>
  <tag k="building" v="yes"/>
  <tag k="building:levels" v="3"/>
 </way>
 <way id="441090471" visible="true" version="4" changeset="166571586" timestamp="2025-05-21T14:12:08Z" user="円周率3パーセント" uid="4827606">
  <nd ref="4388539794"/>
  <nd ref="4408210680"/>
  <nd ref="4388539795"/>
  <nd ref="4388539784"/>
  <nd ref="4388539785"/>
  <nd ref="4388539716"/>
  <nd ref="4388539715"/>
  <nd ref="4388539714"/>
  <nd ref="4388539723"/>
  <nd ref="4388539794"/>
  <tag k="amenity" v="bank"/>
  <tag k="building" v="retail"/>
  <tag k="building:levels" v="2"/>
  <tag k="name" v="商工組合中央金庫豊橋支店"/>
  <tag k="note" v="National-Land Numerical Information (Public Facility) 2006, MLIT Japan"/>
  <tag k="note:ja" v="国土数値情報（公共施設データ）平成19年　国土交通省"/>
  <tag k="source" v="KSJ2"/>
  <tag k="source_ref" v="http://nlftp.mlit.go.jp/ksj/jpgis/datalist/KsjTmplt-P02-v2_0.html"/>
  <tag k="wikimedia_commons" v="File:愛知県豊橋市 商工中金 20241225 1617.jpg"/>
 </way>
 <way id="441202364" visible="true" version="1" changeset="41981506" timestamp="2016-09-07T15:11:46Z" user="torimomo" uid="328424">
  <nd ref="4389693536"/>
  <nd ref="4389693539"/>
  <nd ref="4389693543"/>
  <nd ref="4389693545"/>
  <nd ref="4389693541"/>
  <nd ref="4389693542"/>
  <nd ref="4389693548"/>
  <nd ref="4389693550"/>
  <nd ref="4389693546"/>
  <nd ref="4389693547"/>
  <nd ref="4389693555"/>
  <nd ref="4389693551"/>
  <nd ref="4389693536"/>
  <tag k="building" v="yes"/>
  <tag k="source" v="GSImaps/std"/>
 </way>
 <way id="441202366" visible="true" version="1" changeset="41981506" timestamp="2016-09-07T15:11:46Z" user="torimomo" uid="328424">
  <nd ref="4389693523"/>
  <nd ref="4389693524"/>
  <nd ref="4389693525"/>
  <nd ref="4389693526"/>
  <nd ref="4389693527"/>
  <nd ref="4389693528"/>
  <nd ref="4389693534"/>
  <nd ref="4389693531"/>
  <nd ref="4389693530"/>
  <nd ref="4389693529"/>
  <nd ref="4389693521"/>
  <nd ref="4389693522"/>
  <nd ref="4389693523"/>
  <tag k="building" v="yes"/>
  <tag k="source" v="GSImaps/std"/>
 </way>
 <way id="441202373" visible="true" version="1" changeset="41981506" timestamp="2016-09-07T15:11:46Z" user="torimomo" uid="328424">
  <nd ref="4389693564"/>
  <nd ref="4389693566"/>
  <nd ref="4389693577"/>
  <nd ref="4389693575"/>
  <nd ref="4389693564"/>
  <tag k="building" v="yes"/>
  <tag k="source" v="GSImaps/std"/>
 </way>
 <way id="441202384" visible="true" version="1" changeset="41981506" timestamp="2016-09-07T15:11:47Z" user="torimomo" uid="328424">
  <nd ref="4389693553"/>
  <nd ref="4389693557"/>
  <nd ref="4389693559"/>
  <nd ref="4389693558"/>
  <nd ref="4389693553"/>
  <tag k="building" v="yes"/>
  <tag k="source" v="GSImaps/std"/>
 </way>
 <way id="441202385" visible="true" version="1" changeset="41981506" timestamp="2016-09-07T15:11:47Z" user="torimomo" uid="328424">
  <nd ref="4389693552"/>
  <nd ref="4389693554"/>
  <nd ref="4389693560"/>
  <nd ref="4389693556"/>
  <nd ref="4389693552"/>
  <tag k="building" v="yes"/>
  <tag k="source" v="GSImaps/std"/>
 </way>
 <way id="441202397" visible="true" version="1" changeset="41981506" timestamp="2016-09-07T15:11:47Z" user="torimomo" uid="328424">
  <nd ref="4389693569"/>
  <nd ref="4389693570"/>
  <nd ref="4389693582"/>
  <nd ref="4389693581"/>
  <nd ref="4389693569"/>
  <tag k="building" v="yes"/>
  <tag k="source" v="GSImaps/std"/>
 </way>
 <way id="441202401" visible="true" version="1" changeset="41981506" timestamp="2016-09-07T15:11:47Z" user="torimomo" uid="328424">
  <nd ref="4389693519"/>
  <nd ref="4389693535"/>
  <nd ref="4389693532"/>
  <nd ref="4389693517"/>
  <nd ref="4389693519"/>
  <tag k="building" v="yes"/>
  <tag k="source" v="GSImaps/std"/>
 </way>
 <way id="441202405" visible="true" version="1" changeset="41981506" timestamp="2016-09-07T15:11:48Z" user="torimomo" uid="328424">
  <nd ref="4389693533"/>
  <nd ref="4389693538"/>
  <nd ref="4389693549"/>
  <nd ref="4389693544"/>
  <nd ref="4389693533"/>
  <tag k="building" v="yes"/>
  <tag k="source" v="GSImaps/std"/>
 </way>
 <way id="441202408" visible="true" version="1" changeset="41981506" timestamp="2016-09-07T15:11:48Z" user="torimomo" uid="328424">
  <nd ref="4389693520"/>
  <nd ref="4389693540"/>
  <nd ref="4389693537"/>
  <nd ref="4389693518"/>
  <nd ref="4389693520"/>
  <tag k="building" v="yes"/>
  <tag k="source" v="GSImaps/std"/>
 </way>
 <way id="441202416" visible="true" version="1" changeset="41981506" timestamp="2016-09-07T15:11:48Z" user="torimomo" uid="328424">
  <nd ref="4389693561"/>
  <nd ref="4389693563"/>
  <nd ref="4389693567"/>
  <nd ref="4389693568"/>
  <nd ref="4389693580"/>
  <nd ref="4389693579"/>
  <nd ref="4389693561"/>
  <tag k="building" v="yes"/>
  <tag k="source" v="GSImaps/std"/>
 </way>
 <way id="441202429" visible="true" version="1" changeset="41981506" timestamp="2016-09-07T15:11:49Z" user="torimomo" uid="328424">
  <nd ref="4389693565"/>
  <nd ref="4389693574"/>
  <nd ref="4389693573"/>
  <nd ref="4389693578"/>
  <nd ref="4389693576"/>
  <nd ref="4389693572"/>
  <nd ref="4389693571"/>
  <nd ref="4389693562"/>
  <nd ref="4389693565"/>
  <tag k="building" v="yes"/>
  <tag k="source" v="GSImaps/std"/>
 </way>
 <way id="441367742" visible="true" version="1" changeset="41993217" timestamp="2016-09-08T03:18:54Z" user="下り専門" uid="692002">
  <nd ref="4391246280"/>
  <nd ref="4391246281"/>
  <nd ref="4391246265"/>
  <nd ref="4391246264"/>
  <nd ref="4391246250"/>
  <nd ref="4391246249"/>
  <nd ref="4391246258"/>
  <nd ref="4391246257"/>
  <nd ref="4391246274"/>
  <nd ref="4391246275"/>
  <nd ref="4391246280"/>
  <tag k="building" v="yes"/>
 </way>
 <way id="441367743" visible="true" version="3" changeset="166571586" timestamp="2025-05-21T14:12:08Z" user="円周率3パーセント" uid="4827606">
  <nd ref="4391245868"/>
  <nd ref="4391245823"/>
  <nd ref="4391245815"/>
  <nd ref="4391245819"/>
  <nd ref="4391245814"/>
  <nd ref="4391245809"/>
  <nd ref="4391245811"/>
  <nd ref="4391245867"/>
  <nd ref="4391245869"/>
  <nd ref="4438815097"/>
  <nd ref="4391245866"/>
  <nd ref="4391245868"/>
  <tag k="building" v="yes"/>
  <tag k="building:levels" v="6"/>
  <tag k="name" v="カリオンビル"/>
  <tag k="wikimedia_commons" v="File:愛知県豊橋市 20241024 1403.jpg"/>
 </way>
 <way id="441367745" visible="true" version="1" changeset="41993217" timestamp="2016-09-08T03:18:55Z" user="下り専門" uid="692002">
  <nd ref="4391246173"/>
  <nd ref="4391246122"/>
  <nd ref="4391246123"/>
  <nd ref="4391246131"/>
  <nd ref="4391246130"/>
  <nd ref="4391246144"/>
  <nd ref="4391246145"/>
  <nd ref="4391246179"/>
  <nd ref="4391246177"/>
  <nd ref="4391246168"/>
  <nd ref="4391246167"/>
  <nd ref="4391246175"/>
  <nd ref="4391246173"/>
  <tag k="building" v="yes"/>
 </way>
 <way id="441367747" visible="true" version="1" changeset="41993217" timestamp="2016-09-08T03:18:55Z" user="下り専門" uid="692002">
  <nd ref="4391245833"/>
  <nd ref="4391245826"/>
  <nd ref="4391245822"/>
  <nd ref="4391245824"/>
  <nd ref="4391245833"/>
  <tag k="building" v="yes"/>
 </way>
 <way id="441367748" visible="true" version="1" changeset="41993217" timestamp="2016-09-08T03:18:55Z" user="下り専門" uid="692002">
  <nd ref="4391245817"/>
  <nd ref="4391245813"/>
  <nd ref="4391245788"/>
  <nd ref="4391245796"/>
  <nd ref="4391245817"/>
  <tag k="building" v="yes"/>
 </way>
 <way id="441367750" visible="true" version="1" changeset="41993217" timestamp="2016-09-08T03:18:55Z" user="下り専門" uid="692002">
  <nd ref="4391246284"/>
  <nd ref="4391246288"/>
  <nd ref="4391246254"/>
  <nd ref="4391246253"/>
  <nd ref="4391246284"/>
  <tag k="building" v="yes"/>
 </way>
 <way id="441367751" visible="true" version="1" changeset="41993217" timestamp="2016-09-08T03:18:55Z" user="下り専門" uid="692002">
  <nd ref="4391246216"/>
  <nd ref="4391246217"/>
  <nd ref="4391246199"/>
  <nd ref="4391246197"/>
  <nd ref="4391246216"/>
  <tag k="building" v="yes"/>
 </way>
 <way id="441367752" visible="true" version="1" changeset="41993217" timestamp="2016-09-08T03:18:55Z" user="下り専門" uid="692002">
  <nd ref="4391245849"/>
  <nd ref="4391245829"/>
  <nd ref="4391245818"/>
  <nd ref="4391245836"/>
  <nd ref="4391245849"/>
  <tag k="building" v="yes"/>
 </way>
 <way id="441367756" visible="true" version="1" changeset="41993217" timestamp="2016-09-08T03:18:55Z" user="下り専門" uid="692002">
  <nd ref="4391246309"/>
  <nd ref="4391246311"/>
  <nd ref="4391246301"/>
  <nd ref="4391246299"/>
  <nd ref="4391246309"/>
  <tag k="building" v="yes"/>
 </way>
 <way id="441367759" visible="true" version="1" changeset="41993217" timestamp="2016-09-08T03:18:55Z" user="下り専門" uid="692002">
  <nd ref="4391245807"/>
  <nd ref="4391245808"/>
  <nd ref="4391245798"/>
  <nd ref="4391245797"/>
  <nd ref="4391245807"/>
  <tag k="building" v="yes"/>
 </way>
 <way id="441367760" visible="true" version="1" changeset="41993217" timestamp="2016-09-08T03:18:55Z" user="下り専門" uid="692002">
  <nd ref="4391245871"/>
  <nd ref="4391245864"/>
  <nd ref="4391245865"/>
  <nd ref="4391245870"/>
  <nd ref="4391245871"/>
  <tag k="building" v="yes"/>
 </way>
 <way id="441367761" visible="true" version="1" changeset="41993217" timestamp="2016-09-08T03:18:55Z" user="下り専門" uid="692002">
  <nd ref="4391246095"/>
  <nd ref="4391246096"/>
  <nd ref="4391245969"/>
  <nd ref="4391245967"/>
  <nd ref="4391246095"/>
  <tag k="building" v="yes"/>
 </way>
 <way id="441367764" visible="true" version="1" changeset="41993217" timestamp="2016-09-08T03:18:55Z" user="下り専門" uid="692002">
  <nd ref="4391245878"/>
  <nd ref="4391245877"/>
  <nd ref="4391245852"/>
  <nd ref="4391245853"/>
  <nd ref="4391245878"/>
  <tag k="building" v="yes"/>
 </way>
 <way id="441367768" visible="true" version="1" changeset="41993217" timestamp="2016-09-08T03:18:56Z" user="下り専門" uid="692002">
  <nd ref="4391246324"/>
  <nd ref="4391246325"/>
  <nd ref="4391246297"/>
  <nd ref="4391246294"/>
  <nd ref="4391246324"/>
  <tag k="building" v="yes"/>
 </way>
 <way id="441367769" visible="true" version="1" changeset="41993217" timestamp="2016-09-08T03:18:56Z" user="下り専門" uid="692002">
  <nd ref="4391245841"/>
  <nd ref="4391245842"/>
  <nd ref="4391245831"/>
  <nd ref="4391245830"/>
  <nd ref="4391245841"/>
  <tag k="building" v="yes"/>
 </way>
 <way id="441367771" visible="true" version="1" changeset="41993217" timestamp="2016-09-08T03:18:56Z" user="下り専門" uid="692002">
  <nd ref="4391245834"/>
  <nd ref="4391245810"/>
  <nd ref="4391245801"/>
  <nd ref="4391245820"/>
  <nd ref="4391245834"/>
  <tag k="building" v="yes"/>
 </way>
 <way id="441367773" visible="true" version="1" changeset="41993217" timestamp="2016-09-08T03:18:56Z" user="下り専門" uid="692002">
  <nd ref="4391246307"/>
  <nd ref="4391246248"/>
  <nd ref="4391246247"/>
  <nd ref="4391246306"/>
  <nd ref="4391246307"/>
  <tag k="building" v="yes"/>
 </way>
 <way id="441367776" visible="true" version="1" changeset="41993217" timestamp="2016-09-08T03:18:56Z" user="下り専門" uid="692002">
  <nd ref="4391246270"/>
  <nd ref="4391246273"/>
  <nd ref="4391246256"/>
  <nd ref="4391246255"/>
  <nd ref="4391246270"/>
  <tag k="building" v="yes"/>
 </way>
 <way id="441367777" visible="true" version="1" changeset="41993217" timestamp="2016-09-08T03:18:56Z" user="下り専門" uid="692002">
  <nd ref="4391245922"/>
  <nd ref="4391245923"/>
  <nd ref="4391245893"/>
  <nd ref="4391245892"/>
  <nd ref="4391245922"/>
  <tag k="building" v="yes"/>
 </way>
 <way id="441367781" visible="true" version="2" changeset="42271737" timestamp="2016-09-19T14:25:19Z" user="kamigata0" uid="254135">
  <nd ref="4391245934"/>
  <nd ref="4391245935"/>
  <nd ref="4391245891"/>
  <nd ref="4391245888"/>
  <nd ref="4391245934"/>
  <tag k="building" v="yes"/>
  <tag k="building:levels" v="3"/>
 </way>
 <way id="441367783" visible="true" version="1" changeset="41993217" timestamp="2016-09-08T03:18:56Z" user="下り専門" uid="692002">
  <nd ref="4391245800"/>
  <nd ref="4391245783"/>
  <nd ref="4391245790"/>
  <nd ref="4391245816"/>
  <nd ref="4391245800"/>
  <tag k="building" v="yes"/>
 </way>
 <way id="441367785" visible="true" version="1" changeset="41993217" timestamp="2016-09-08T03:18:56Z" user="下り専門" uid="692002">
  <nd ref="4391246318"/>
  <nd ref="4391246319"/>
  <nd ref="4391246292"/>
  <nd ref="4391246289"/>
  <nd ref="4391246318"/>
  <tag k="building" v="yes"/>
 </way>
 <way id="441367786" visible="true" version="1" changeset="41993217" timestamp="2016-09-08T03:18:56Z" user="下り専門" uid="692002">
  <nd ref="4391246282"/>
  <nd ref="4391246283"/>
  <nd ref="4391246252"/>
  <nd ref="4391246251"/>
  <nd ref="4391246282"/>
  <tag k="building" v="yes"/>
 </way>
 <way id="441367788" visible="true" version="1" changeset="41993217" timestamp="2016-09-08T03:18:56Z" user="下り専門" uid="692002">
  <nd ref="4391246094"/>
  <nd ref="4391246093"/>
  <nd ref="4391245965"/>
  <nd ref="4391245966"/>
  <nd ref="4391246094"/>
  <tag k="building" v="yes"/>
 </way>
 <way id="441367791" visible="true" version="1" changeset="41993217" timestamp="2016-09-08T03:18:56Z" user="下り専門" uid="692002">
  <nd ref="4391246322"/>
  <nd ref="4391246323"/>
  <nd ref="4391246293"/>
  <nd ref="4391246287"/>
  <nd ref="4391246322"/>
  <tag k="building" v="yes"/>
 </way>
 <way id="441367792" visible="true" version="1" changeset="41993217" timestamp="2016-09-08T03:18:56Z" user="下り専門" uid="692002">
  <nd ref="4391246320"/>
  <nd ref="4391246321"/>
  <nd ref="4391246313"/>
  <nd ref="4391246312"/>
  <nd ref="4391246320"/>
  <tag k="building" v="yes"/>
 </way>
 <way id="441367794" visible="true" version="1" changeset="41993217" timestamp="2016-09-08T03:18:57Z" user="下り専門" uid="692002">
  <nd ref="4391245803"/>
  <nd ref="4391245804"/>
  <nd ref="4391245792"/>
  <nd ref="4391245791"/>
  <nd ref="4391245803"/>
  <tag k="building" v="yes"/>
 </way>
 <way id="441367796" visible="true" version="1" changeset="41993217" timestamp="2016-09-08T03:18:57Z" user="下り専門" uid="692002">
  <nd ref="4391245827"/>
  <nd ref="4391245828"/>
  <nd ref="4391245806"/>
  <nd ref="4391245805"/>
  <nd ref="4391245827"/>
  <tag k="building" v="yes"/>
 </way>
 <way id="441367797" visible="true" version="1" changeset="41993217" timestamp="2016-09-08T03:18:57Z" user="下り専門" uid="692002">
  <nd ref="4391245915"/>
  <nd ref="4391245916"/>
  <nd ref="4391245890"/>
  <nd ref="4391245889"/>
  <nd ref="4391245915"/>
  <tag k="building" v="yes"/>
 </way>
 <way id="441367798" visible="true" version="1" changeset="41993217" timestamp="2016-09-08T03:18:57Z" user="下り専門" uid="692002">
  <nd ref="4391245879"/>
  <nd ref="4391245880"/>
  <nd ref="4391245856"/>
  <nd ref="4391245855"/>
  <nd ref="4391245879"/>
  <tag k="building" v="yes"/>
 </way>
 <way id="441367805" visible="true" version="1" changeset="41993217" timestamp="2016-09-08T03:18:57Z" user="下り専門" uid="692002">
  <nd ref="4391245936"/>
  <nd ref="4391245937"/>
  <nd ref="4391245926"/>
  <nd ref="4391245925"/>
  <nd ref="4391245936"/>
  <tag k="building" v="yes"/>
 </way>
 <way id="441367808" visible="true" version="1" changeset="41993217" timestamp="2016-09-08T03:18:57Z" user="下り専門" uid="692002">
  <nd ref="4391245821"/>
  <nd ref="4391245812"/>
  <nd ref="4391245795"/>
  <nd ref="4391245802"/>
  <nd ref="4391245821"/>
  <tag k="building" v="yes"/>
 </way>
 <way id="441367809" visible="true" version="1" changeset="41993217" timestamp="2016-09-08T03:18:57Z" user="下り専門" uid="692002">
  <nd ref="4391246234"/>
  <nd ref="4391246231"/>
  <nd ref="4391246221"/>
  <nd ref="4391246222"/>
  <nd ref="4391246234"/>
  <tag k="building" v="yes"/>
 </way>
 <way id="441367812" visible="true" version="2" changeset="90401346" timestamp="2020-09-04T08:00:19Z" user="carrotrain" uid="11602661">
  <nd ref="4391246295"/>
  <nd ref="4391246296"/>
  <nd ref="4394430898"/>
  <nd ref="4394430897"/>
  <nd ref="4391246262"/>
  <nd ref="4391246295"/>
  <tag k="building" v="yes"/>
 </way>
 <way id="441367814" visible="true" version="1" changeset="41993217" timestamp="2016-09-08T03:18:57Z" user="下り専門" uid="692002">
  <nd ref="4391245860"/>
  <nd ref="4391245872"/>
  <nd ref="4391245873"/>
  <nd ref="4391245863"/>
  <nd ref="4391245840"/>
  <nd ref="4391245860"/>
  <tag k="building" v="yes"/>
 </way>
 <way id="441367816" visible="true" version="3" changeset="144503902" timestamp="2023-11-27T11:20:10Z" user="okadatsuneo" uid="10163840">
  <nd ref="4391245881"/>
  <nd ref="4391245882"/>
  <nd ref="4391245844"/>
  <nd ref="4391245843"/>
  <nd ref="4391245874"/>
  <nd ref="4391245881"/>
  <tag k="building" v="yes"/>
  <tag k="building:levels" v="2"/>
 </way>
 <way id="441367817" visible="true" version="2" changeset="42687082" timestamp="2016-10-06T15:11:17Z" user="kamigata0" uid="254135">
  <nd ref="4391246240"/>
  <nd ref="4391246241"/>
  <nd ref="4391246225"/>
  <nd ref="4391246226"/>
  <nd ref="4391246219"/>
  <nd ref="4391246218"/>
  <nd ref="4391246240"/>
  <tag k="building" v="yes"/>
  <tag k="name" v="BOLERO Azumaya"/>
 </way>
 <way id="441367819" visible="true" version="1" changeset="41993217" timestamp="2016-09-08T03:18:58Z" user="下り専門" uid="692002">
  <nd ref="4391245848"/>
  <nd ref="4391245854"/>
  <nd ref="4391245847"/>
  <nd ref="4391245859"/>
  <nd ref="4391245839"/>
  <nd ref="4391245832"/>
  <nd ref="4391245848"/>
  <tag k="building" v="yes"/>
 </way>
 <way id="441367822" visible="true" version="1" changeset="41993217" timestamp="2016-09-08T03:18:58Z" user="下り専門" uid="692002">
  <nd ref="4391245910"/>
  <nd ref="4391245911"/>
  <nd ref="4391245905"/>
  <nd ref="4391245906"/>
  <nd ref="4391245897"/>
  <nd ref="4391245896"/>
  <nd ref="4391245910"/>
  <tag k="building" v="yes"/>
 </way>
 <way id="441367823" visible="true" version="2" changeset="42271737" timestamp="2016-09-19T14:25:19Z" user="kamigata0" uid="254135">
  <nd ref="4391246116"/>
  <nd ref="4391246120"/>
  <nd ref="4391245974"/>
  <nd ref="4391245972"/>
  <nd ref="4391246090"/>
  <nd ref="4391245988"/>
  <nd ref="4391246116"/>
  <tag k="building" v="yes"/>
  <tag k="building:levels" v="2"/>
 </way>
 <way id="441367830" visible="true" version="1" changeset="41993217" timestamp="2016-09-08T03:18:58Z" user="下り専門" uid="692002">
  <nd ref="4391245875"/>
  <nd ref="4391245876"/>
  <nd ref="4391245862"/>
  <nd ref="4391245861"/>
  <nd ref="4391245858"/>
  <nd ref="4391245857"/>
  <nd ref="4391245875"/>
  <tag k="building" v="yes"/>
 </way>
 <way id="441367835" visible="true" version="1" changeset="41993217" timestamp="2016-09-08T03:18:58Z" user="下り専門" uid="692002">
  <nd ref="4391246245"/>
  <nd ref="4391246238"/>
  <nd ref="4391246239"/>
  <nd ref="4391246230"/>
  <nd ref="4391246232"/>
  <nd ref="4391246243"/>
  <nd ref="4391246246"/>
  <nd ref="4391246245"/>
  <tag k="building" v="yes"/>
 </way>
 <way id="441367837" visible="true" version="1" changeset="41993217" timestamp="2016-09-08T03:18:58Z" user="下り専門" uid="692002">
  <nd ref="4391245838"/>
  <nd ref="4391245835"/>
  <nd ref="4391245825"/>
  <nd ref="4391245850"/>
  <nd ref="4391245851"/>
  <nd ref="4391245846"/>
  <nd ref="4391245845"/>
  <nd ref="4391245837"/>
  <nd ref="4391245838"/>
  <tag k="building" v="yes"/>
 </way>
 <way id="441367838" visible="true" version="1" changeset="41993217" timestamp="2016-09-08T03:18:58Z" user="下り専門" uid="692002">
  <nd ref="4391246242"/>
  <nd ref="4391246233"/>
  <nd ref="4391246235"/>
  <nd ref="4391246228"/>
  <nd ref="4391246229"/>
  <nd ref="4391246237"/>
  <nd ref="4391246236"/>
  <nd ref="4391246244"/>
  <nd ref="4391246242"/>
  <tag k="building" v="yes"/>
 </way>
 <way id="441367839" visible="true" version="1" changeset="41993217" timestamp="2016-09-08T03:18:58Z" user="下り専門" uid="692002">
  <nd ref="4391245938"/>
  <nd ref="4391245917"/>
  <nd ref="4391245918"/>
  <nd ref="4391245912"/>
  <nd ref="4391245913"/>
  <nd ref="4391245908"/>
  <nd ref="4391245909"/>
  <nd ref="4391245939"/>
  <nd ref="4391245938"/>
  <tag k="building" v="yes"/>
 </way>
 <way id="441367840" visible="true" version="1" changeset="41993217" timestamp="2016-09-08T03:18:58Z" user="下り専門" uid="692002">
  <nd ref="4391246135"/>
  <nd ref="4391246111"/>
  <nd ref="4391246112"/>
  <nd ref="4391246098"/>
  <nd ref="4391246101"/>
  <nd ref="4391246134"/>
  <nd ref="4391246132"/>
  <nd ref="4391246138"/>
  <nd ref="4391246135"/>
  <tag k="building" v="yes"/>
 </way>
 <way id="441423341" visible="true" version="2" changeset="42271737" timestamp="2016-09-19T14:25:19Z" user="kamigata0" uid="254135">
  <nd ref="4391693903"/>
  <nd ref="4391693904"/>
  <nd ref="4391693871"/>
  <nd ref="4391693870"/>
  <nd ref="4391693903"/>
  <tag k="building" v="yes"/>
  <tag k="building:colour" v="white"/>
  <tag k="building:levels" v="2"/>
 </way>
 <way id="441423343" visible="true" version="3" changeset="90401346" timestamp="2020-09-04T08:00:19Z" user="carrotrain" uid="11602661">
  <nd ref="4391693866"/>
  <nd ref="4391693868"/>
  <nd ref="4391693841"/>
  <nd ref="7874842726"/>
  <nd ref="4391693840"/>
  <nd ref="4391693866"/>
  <tag k="building" v="office"/>
  <tag k="building:levels" v="3"/>
  <tag k="name" v="千代菊"/>
 </way>
 <way id="441423344" visible="true" version="1" changeset="42002201" timestamp="2016-09-08T11:52:58Z" user="MapQuestSolutions LLC" uid="733151">
  <nd ref="4391693952"/>
  <nd ref="4391693953"/>
  <nd ref="4391693945"/>
  <nd ref="4391693944"/>
  <nd ref="4391693952"/>
  <tag k="building" v="yes"/>
 </way>
 <way id="441423345" visible="true" version="1" changeset="42002201" timestamp="2016-09-08T11:52:58Z" user="MapQuestSolutions LLC" uid="733151">
  <nd ref="4391693940"/>
  <nd ref="4391693941"/>
  <nd ref="4391693909"/>
  <nd ref="4391693906"/>
  <nd ref="4391693940"/>
  <tag k="building" v="yes"/>
 </way>
 <way id="441423346" visible="true" version="1" changeset="42002201" timestamp="2016-09-08T11:52:58Z" user="MapQuestSolutions LLC" uid="733151">
  <nd ref="4391693867"/>
  <nd ref="4391693881"/>
  <nd ref="4391693878"/>
  <nd ref="4391693864"/>
  <nd ref="4391693867"/>
  <tag k="building" v="yes"/>
 </way>
 <way id="441423347" visible="true" version="2" changeset="42004690" timestamp="2016-09-08T13:55:19Z" user="辻 大地" uid="4143778">
  <nd ref="4391693869"/>
  <nd ref="4391693857"/>
  <nd ref="4391693848"/>
  <nd ref="4391837160"/>
  <nd ref="4391693850"/>
  <nd ref="4391693869"/>
  <tag k="building" v="yes"/>
 </way>
 <way id="441423348" visible="true" version="3" changeset="42271737" timestamp="2016-09-19T14:25:19Z" user="kamigata0" uid="254135">
  <nd ref="4391693963"/>
  <nd ref="4391693964"/>
  <nd ref="4391693949"/>
  <nd ref="4395656180"/>
  <nd ref="4395656179"/>
  <nd ref="4391693948"/>
  <nd ref="4391693963"/>
  <tag k="building" v="yes"/>
  <tag k="building:colour" v="white"/>
  <tag k="building:levels" v="6"/>
  <tag k="material" v="concrete"/>
 </way>
 <way id="441423349" visible="true" version="1" changeset="42002201" timestamp="2016-09-08T11:52:59Z" user="MapQuestSolutions LLC" uid="733151">
  <nd ref="4391693937"/>
  <nd ref="4391693923"/>
  <nd ref="4391693922"/>
  <nd ref="4391693934"/>
  <nd ref="4391693937"/>
  <tag k="building" v="yes"/>
 </way>
 <way id="441423350" visible="true" version="1" changeset="42002201" timestamp="2016-09-08T11:52:59Z" user="MapQuestSolutions LLC" uid="733151">
  <nd ref="4391693950"/>
  <nd ref="4391693951"/>
  <nd ref="4391693947"/>
  <nd ref="4391693946"/>
  <nd ref="4391693950"/>
  <tag k="building" v="yes"/>
 </way>
 <way id="441423351" visible="true" version="1" changeset="42002201" timestamp="2016-09-08T11:52:59Z" user="MapQuestSolutions LLC" uid="733151">
  <nd ref="4391693927"/>
  <nd ref="4391693924"/>
  <nd ref="4391693902"/>
  <nd ref="4391693908"/>
  <nd ref="4391693927"/>
  <tag k="building" v="yes"/>
 </way>
 <way id="441423352" visible="true" version="2" changeset="90401346" timestamp="2020-09-04T08:00:19Z" user="carrotrain" uid="11602661">
  <nd ref="4391693892"/>
  <nd ref="4391693893"/>
  <nd ref="4391693876"/>
  <nd ref="7874842744"/>
  <nd ref="7874842745"/>
  <nd ref="4391693875"/>
  <nd ref="4391693892"/>
  <tag k="building" v="yes"/>
 </way>
 <way id="441423353" visible="true" version="1" changeset="42002201" timestamp="2016-09-08T11:52:59Z" user="MapQuestSolutions LLC" uid="733151">
  <nd ref="4391693912"/>
  <nd ref="4391693913"/>
  <nd ref="4391693895"/>
  <nd ref="4391693894"/>
  <nd ref="4391693912"/>
  <tag k="building" v="yes"/>
 </way>
 <way id="441423354" visible="true" version="2" changeset="90401346" timestamp="2020-09-04T08:00:19Z" user="carrotrain" uid="11602661">
  <nd ref="4391693852"/>
  <nd ref="4391693853"/>
  <nd ref="7874842722"/>
  <nd ref="7874842723"/>
  <nd ref="7874842724"/>
  <nd ref="7874842725"/>
  <nd ref="4391693843"/>
  <nd ref="4391693842"/>
  <nd ref="7874842721"/>
  <nd ref="7874842720"/>
  <nd ref="4391693852"/>
  <tag k="building" v="yes"/>
 </way>
 <way id="441423355" visible="true" version="2" changeset="90401346" timestamp="2020-09-04T08:00:19Z" user="carrotrain" uid="11602661">
  <nd ref="4391693854"/>
  <nd ref="4391693882"/>
  <nd ref="4391693886"/>
  <nd ref="7874842731"/>
  <nd ref="7874842732"/>
  <nd ref="4391693858"/>
  <nd ref="4391693854"/>
  <tag k="building" v="yes"/>
 </way>
 <way id="441423356" visible="true" version="2" changeset="90401346" timestamp="2020-09-04T08:00:19Z" user="carrotrain" uid="11602661">
  <nd ref="4391693880"/>
  <nd ref="7874842743"/>
  <nd ref="7874842742"/>
  <nd ref="4391693879"/>
  <nd ref="7874842741"/>
  <nd ref="4391693859"/>
  <nd ref="7874842740"/>
  <nd ref="7874842739"/>
  <nd ref="7874842738"/>
  <nd ref="4391693860"/>
  <nd ref="4391693880"/>
  <tag k="building" v="yes"/>
 </way>
 <way id="441423357" visible="true" version="1" changeset="42002201" timestamp="2016-09-08T11:52:59Z" user="MapQuestSolutions LLC" uid="733151">
  <nd ref="4391693932"/>
  <nd ref="4391693933"/>
  <nd ref="4391693899"/>
  <nd ref="4391693898"/>
  <nd ref="4391693932"/>
  <tag k="building" v="yes"/>
 </way>
 <way id="441423358" visible="true" version="1" changeset="42002201" timestamp="2016-09-08T11:52:59Z" user="MapQuestSolutions LLC" uid="733151">
  <nd ref="4391693938"/>
  <nd ref="4391693939"/>
  <nd ref="4391693921"/>
  <nd ref="4391693920"/>
  <nd ref="4391693938"/>
  <tag k="building" v="yes"/>
 </way>
 <way id="441423360" visible="true" version="1" changeset="42002201" timestamp="2016-09-08T11:52:59Z" user="MapQuestSolutions LLC" uid="733151">
  <nd ref="4391693914"/>
  <nd ref="4391693916"/>
  <nd ref="4391693897"/>
  <nd ref="4391693896"/>
  <nd ref="4391693914"/>
  <tag k="building" v="yes"/>
 </way>
 <way id="441423361" visible="true" version="1" changeset="42002201" timestamp="2016-09-08T11:52:59Z" user="MapQuestSolutions LLC" uid="733151">
  <nd ref="4391693935"/>
  <nd ref="4391693936"/>
  <nd ref="4391693891"/>
  <nd ref="4391693890"/>
  <nd ref="4391693935"/>
  <tag k="building" v="yes"/>
 </way>
 <way id="441423363" visible="true" version="1" changeset="42002201" timestamp="2016-09-08T11:52:59Z" user="MapQuestSolutions LLC" uid="733151">
  <nd ref="4391693907"/>
  <nd ref="4391693910"/>
  <nd ref="4391693887"/>
  <nd ref="4391693884"/>
  <nd ref="4391693907"/>
  <tag k="building" v="yes"/>
 </way>
 <way id="441423364" visible="true" version="1" changeset="42002201" timestamp="2016-09-08T11:52:59Z" user="MapQuestSolutions LLC" uid="733151">
  <nd ref="4391693931"/>
  <nd ref="4391693930"/>
  <nd ref="4391693915"/>
  <nd ref="4391693917"/>
  <nd ref="4391693931"/>
  <tag k="building" v="yes"/>
 </way>
 <way id="441423365" visible="true" version="1" changeset="42002201" timestamp="2016-09-08T11:52:59Z" user="MapQuestSolutions LLC" uid="733151">
  <nd ref="4391693926"/>
  <nd ref="4391693925"/>
  <nd ref="4391693918"/>
  <nd ref="4391693919"/>
  <nd ref="4391693926"/>
  <tag k="building" v="yes"/>
 </way>
 <way id="441423366" visible="true" version="1" changeset="42002201" timestamp="2016-09-08T11:52:59Z" user="MapQuestSolutions LLC" uid="733151">
  <nd ref="4391693929"/>
  <nd ref="4391693928"/>
  <nd ref="4391693905"/>
  <nd ref="4391693911"/>
  <nd ref="4391693929"/>
  <tag k="building" v="yes"/>
 </way>
 <way id="441423367" visible="true" version="1" changeset="42002201" timestamp="2016-09-08T11:52:59Z" user="MapQuestSolutions LLC" uid="733151">
  <nd ref="4391693955"/>
  <nd ref="4391693957"/>
  <nd ref="4391693956"/>
  <nd ref="4391693954"/>
  <nd ref="4391693955"/>
  <tag k="building" v="yes"/>
 </way>
 <way id="441423368" visible="true" version="1" changeset="42002201" timestamp="2016-09-08T11:52:59Z" user="MapQuestSolutions LLC" uid="733151">
  <nd ref="4391693900"/>
  <nd ref="4391693901"/>
  <nd ref="4391693889"/>
  <nd ref="4391693888"/>
  <nd ref="4391693900"/>
  <tag k="building" v="yes"/>
 </way>
 <way id="441423369" visible="true" version="2" changeset="90401346" timestamp="2020-09-04T08:00:19Z" user="carrotrain" uid="11602661">
  <nd ref="4391693856"/>
  <nd ref="7874842737"/>
  <nd ref="4391693847"/>
  <nd ref="4391693846"/>
  <nd ref="4391693855"/>
  <nd ref="4391693856"/>
  <tag k="building" v="yes"/>
 </way>
 <way id="441423370" visible="true" version="1" changeset="42002201" timestamp="2016-09-08T11:52:59Z" user="MapQuestSolutions LLC" uid="733151">
  <nd ref="4391693849"/>
  <nd ref="4391693851"/>
  <nd ref="4391693845"/>
  <nd ref="4391693844"/>
  <nd ref="4391693849"/>
  <tag k="building" v="yes"/>
 </way>
 <way id="441423558" visible="true" version="1" changeset="42002267" timestamp="2016-09-08T11:55:58Z" user="MapQuestSolutions LLC" uid="733151">
  <nd ref="4391696102"/>
  <nd ref="4391696101"/>
  <nd ref="4391696097"/>
  <nd ref="4391696098"/>
  <nd ref="4391696102"/>
  <tag k="building" v="yes"/>
 </way>
 <way id="441423559" visible="true" version="1" changeset="42002267" timestamp="2016-09-08T11:55:58Z" user="MapQuestSolutions LLC" uid="733151">
  <nd ref="4391695786"/>
  <nd ref="4391695784"/>
  <nd ref="4391695781"/>
  <nd ref="4391695782"/>
  <nd ref="4391695786"/>
  <tag k="building" v="yes"/>
 </way>
 <way id="441423561" visible="true" version="1" changeset="42002267" timestamp="2016-09-08T11:55:58Z" user="MapQuestSolutions LLC" uid="733151">
  <nd ref="4391696090"/>
  <nd ref="4391696094"/>
  <nd ref="4391696093"/>
  <nd ref="4391695787"/>
  <nd ref="4391696090"/>
  <tag k="building" v="yes"/>
 </way>
 <way id="441423562" visible="true" version="1" changeset="42002267" timestamp="2016-09-08T11:55:58Z" user="MapQuestSolutions LLC" uid="733151">
  <nd ref="4391695785"/>
  <nd ref="4391695783"/>
  <nd ref="4391695779"/>
  <nd ref="4391695780"/>
  <nd ref="4391695785"/>
  <tag k="building" v="yes"/>
 </way>
 <way id="441423564" visible="true" version="1" changeset="42002267" timestamp="2016-09-08T11:55:58Z" user="MapQuestSolutions LLC" uid="733151">
  <nd ref="4391696100"/>
  <nd ref="4391696099"/>
  <nd ref="4391696095"/>
  <nd ref="4391696096"/>
  <nd ref="4391696100"/>
  <tag k="building" v="yes"/>
 </way>
 <way id="441423566" visible="true" version="1" changeset="42002267" timestamp="2016-09-08T11:55:58Z" user="MapQuestSolutions LLC" uid="733151">
  <nd ref="4391696105"/>
  <nd ref="4391696106"/>
  <nd ref="4391696104"/>
  <nd ref="4391696103"/>
  <nd ref="4391696105"/>
  <tag k="building" v="yes"/>
 </way>
 <way id="441423571" visible="true" version="1" changeset="42002267" timestamp="2016-09-08T11:55:58Z" user="MapQuestSolutions LLC" uid="733151">
  <nd ref="4391696091"/>
  <nd ref="4391696092"/>
  <nd ref="4391696089"/>
  <nd ref="4391695788"/>
  <nd ref="4391696091"/>
  <tag k="building" v="yes"/>
 </way>
 <way id="441442593" visible="true" version="1" changeset="42004690" timestamp="2016-09-08T13:55:18Z" user="辻 大地" uid="4143778">
  <nd ref="4391837167"/>
  <nd ref="4391837163"/>
  <nd ref="4391837161"/>
  <nd ref="4391837162"/>
  <nd ref="4391837167"/>
  <tag k="building" v="yes"/>
 </way>
 <way id="441442594" visible="true" version="1" changeset="42004690" timestamp="2016-09-08T13:55:18Z" user="辻 大地" uid="4143778">
  <nd ref="4391837159"/>
  <nd ref="4391837158"/>
  <nd ref="4391837156"/>
  <nd ref="4391837157"/>
  <nd ref="4391837159"/>
  <tag k="building" v="yes"/>
 </way>
 <way id="441442596" visible="true" version="2" changeset="42053762" timestamp="2016-09-10T07:18:41Z" user="hayashi" uid="621319">
  <nd ref="4391837150"/>
  <nd ref="4391837154"/>
  <nd ref="4391837155"/>
  <nd ref="4391837151"/>
  <nd ref="4391837150"/>
  <tag k="building" v="yes"/>
 </way>
 <way id="441719749" visible="true" version="4" changeset="90401346" timestamp="2020-09-04T08:00:19Z" user="carrotrain" uid="11602661">
  <nd ref="4395656163"/>
  <nd ref="4382004370"/>
  <nd ref="4394290492"/>
  <nd ref="4394290491"/>
  <nd ref="4394290388"/>
  <nd ref="4394290386"/>
  <nd ref="4394290380"/>
  <nd ref="5926809961"/>
  <nd ref="4395656157"/>
  <nd ref="4395656162"/>
  <nd ref="4395656163"/>
  <tag k="landuse" v="recreation_ground"/>
  <tag k="layer" v="1"/>
 </way>
 <way id="441719750" visible="true" version="3" changeset="42749262" timestamp="2016-10-09T08:52:31Z" user="kamigata0" uid="254135">
  <nd ref="4438778539"/>
  <nd ref="4394290373"/>
  <nd ref="4394290367"/>
  <nd ref="4394290360"/>
  <nd ref="4394290355"/>
  <nd ref="4394290351"/>
  <nd ref="4394290346"/>
  <nd ref="4394290343"/>
  <nd ref="4394290341"/>
  <nd ref="4394290342"/>
  <nd ref="4394290344"/>
  <nd ref="4394290347"/>
  <nd ref="4394290349"/>
  <nd ref="4394290353"/>
  <nd ref="4394290359"/>
  <nd ref="4394290363"/>
  <nd ref="4394290372"/>
  <nd ref="4394290375"/>
  <tag k="handrail" v="yes"/>
  <tag k="handrail:right" v="yes"/>
  <tag k="highway" v="footway"/>
  <tag k="incline" v="up"/>
  <tag k="surface" v="paved"/>
 </way>
 <way id="441719756" visible="true" version="6" changeset="90401346" timestamp="2020-09-04T08:00:19Z" user="carrotrain" uid="11602661">
  <nd ref="4394431266"/>
  <nd ref="4394431267"/>
  <nd ref="7874842758"/>
  <nd ref="7874842759"/>
  <tag k="bicycle" v="yes"/>
  <tag k="footway" v="sidewalk"/>
  <tag k="highway" v="footway"/>
 </way>
 <way id="441733181" visible="true" version="2" changeset="42082985" timestamp="2016-09-11T16:57:45Z" user="hayashi" uid="621319">
  <nd ref="4394420035"/>
  <nd ref="4394420032"/>
  <nd ref="4394420024"/>
  <nd ref="4394420026"/>
  <nd ref="4396382943"/>
  <nd ref="4394420035"/>
  <tag k="building" v="yes"/>
 </way>
 <way id="441734041" visible="true" version="2" changeset="90406908" timestamp="2020-09-04T09:43:53Z" user="carrotrain" uid="11602661">
  <nd ref="4394430416"/>
  <nd ref="4394430414"/>
  <nd ref="4394430436"/>
  <tag k="highway" v="service"/>
  <tag k="oneway" v="yes"/>
  <tag k="service" v="parking_aisle"/>
 </way>
 <way id="441734081" visible="true" version="2" changeset="90401346" timestamp="2020-09-04T08:00:19Z" user="carrotrain" uid="11602661">
  <nd ref="4394430894"/>
  <nd ref="4394430892"/>
  <nd ref="4394454687"/>
  <nd ref="4394430897"/>
  <nd ref="4394430898"/>
  <nd ref="7874839576"/>
  <nd ref="4394430896"/>
  <nd ref="4394430895"/>
  <nd ref="4394430893"/>
  <nd ref="4394430889"/>
  <nd ref="7874839575"/>
  <nd ref="4394430890"/>
  <nd ref="4394430891"/>
  <nd ref="4394430894"/>
  <tag k="area" v="yes"/>
  <tag k="highway" v="pedestrian"/>
 </way>
 <way id="441734153" visible="true" version="3" changeset="90401346" timestamp="2020-09-04T08:00:19Z" user="carrotrain" uid="11602661">
  <nd ref="4394431284"/>
  <nd ref="4394431283"/>
  <nd ref="4394431275"/>
  <nd ref="4394431276"/>
  <nd ref="7874839577"/>
  <nd ref="4394431274"/>
  <nd ref="4394431272"/>
  <nd ref="4394431270"/>
  <nd ref="4394431277"/>
  <nd ref="4394431278"/>
  <nd ref="4394431280"/>
  <nd ref="4394431279"/>
  <nd ref="4394431284"/>
  <tag k="area" v="yes"/>
  <tag k="highway" v="pedestrian"/>
 </way>
 <way id="441734155" visible="true" version="2" changeset="78419148" timestamp="2019-12-14T22:50:08Z" user="K_Sakanoshita" uid="389520">
  <nd ref="4394431082"/>
  <nd ref="4394431086"/>
  <nd ref="4394431084"/>
  <nd ref="4394431081"/>
  <nd ref="7057264379"/>
  <nd ref="4394431082"/>
  <tag k="building" v="yes"/>
 </way>
 <way id="441734197" visible="true" version="4" changeset="90406908" timestamp="2020-09-04T09:43:53Z" user="carrotrain" uid="11602661">
  <nd ref="4394431690"/>
  <nd ref="4394431692"/>
  <nd ref="7874842759"/>
  <nd ref="4394431694"/>
  <nd ref="4394431693"/>
  <nd ref="4394431480"/>
  <nd ref="4394431476"/>
  <nd ref="4396382941"/>
  <nd ref="4396382940"/>
  <nd ref="4394431473"/>
  <nd ref="4394431474"/>
  <nd ref="4394431266"/>
  <nd ref="4394431472"/>
  <nd ref="4394431475"/>
  <nd ref="7874842756"/>
  <nd ref="4394431479"/>
  <nd ref="4394431482"/>
  <nd ref="4394431690"/>
  <tag k="area" v="yes"/>
  <tag k="highway" v="pedestrian"/>
  <tag k="source" v="GSI/KIBAN 2500; NARO"/>
 </way>
 <way id="441734198" visible="true" version="3" changeset="90406908" timestamp="2020-09-04T09:43:53Z" user="carrotrain" uid="11602661">
  <nd ref="4394431689"/>
  <nd ref="4394431488"/>
  <nd ref="4394431483"/>
  <nd ref="4394431484"/>
  <nd ref="4394431696"/>
  <nd ref="4394431698"/>
  <nd ref="4394431697"/>
  <nd ref="7874842712"/>
  <nd ref="4394431695"/>
  <nd ref="4394431691"/>
  <nd ref="4394431481"/>
  <nd ref="7874842709"/>
  <nd ref="4394431478"/>
  <nd ref="4394431477"/>
  <nd ref="7875135958"/>
  <nd ref="4394431485"/>
  <nd ref="4394431486"/>
  <nd ref="4394431487"/>
  <nd ref="4394431689"/>
  <tag k="area" v="yes"/>
  <tag k="highway" v="pedestrian"/>
 </way>
 <way id="441735305" visible="true" version="3" changeset="90406908" timestamp="2020-09-04T09:43:53Z" user="carrotrain" uid="11602661">
  <nd ref="4394443376"/>
  <nd ref="4394443381"/>
  <nd ref="4394443380"/>
  <nd ref="4394443379"/>
  <nd ref="7875135954"/>
  <nd ref="4394443378"/>
  <nd ref="4394443366"/>
  <nd ref="4394443365"/>
  <nd ref="4394443363"/>
  <nd ref="7875136043"/>
  <nd ref="4394443362"/>
  <nd ref="4394443358"/>
  <nd ref="4394443359"/>
  <nd ref="4394443361"/>
  <nd ref="4394443360"/>
  <nd ref="4389693521"/>
  <nd ref="4394443364"/>
  <nd ref="4394443367"/>
  <nd ref="4394443377"/>
  <nd ref="4394443373"/>
  <nd ref="4394443372"/>
  <nd ref="4394443374"/>
  <nd ref="4394443375"/>
  <nd ref="4394443376"/>
  <tag k="area" v="yes"/>
  <tag k="highway" v="pedestrian"/>
  <tag k="source" v="GSI/KIBAN 2500; NARO"/>
 </way>
 <way id="441735306" visible="true" version="1" changeset="42053947" timestamp="2016-09-10T07:35:00Z" user="hayashi" uid="621319">
  <nd ref="4394443368"/>
  <nd ref="4394443369"/>
  <nd ref="4394443370"/>
  <nd ref="4394443371"/>
  <tag k="highway" v="service"/>
  <tag k="oneway" v="yes"/>
  <tag k="service" v="parking_aisle"/>
 </way>
 <way id="441737115" visible="true" version="2" changeset="42054339" timestamp="2016-09-10T08:01:23Z" user="hayashi" uid="621319">
  <nd ref="4394454889"/>
  <nd ref="4394454688"/>
  <nd ref="4394430894"/>
  <nd ref="4394430892"/>
  <nd ref="4394454687"/>
  <nd ref="4394454890"/>
  <nd ref="4394454889"/>
  <tag k="access" v="yes"/>
  <tag k="amenity" v="parking"/>
  <tag k="fee" v="yes"/>
  <tag k="source" v="survey"/>
 </way>
 <way id="441737153" visible="true" version="3" changeset="90401346" timestamp="2020-09-04T08:00:19Z" user="carrotrain" uid="11602661">
  <nd ref="4394430890"/>
  <nd ref="4394290340"/>
  <nd ref="4394430429"/>
  <tag k="crossing" v="marked"/>
  <tag k="footway" v="crossing"/>
  <tag k="highway" v="footway"/>
 </way>
 <way id="441737154" visible="true" version="3" changeset="90406908" timestamp="2020-09-04T09:43:53Z" user="carrotrain" uid="11602661">
  <nd ref="7874658859"/>
  <nd ref="7875136265"/>
  <nd ref="7874658858"/>
  <nd ref="7874658857"/>
  <nd ref="7874658856"/>
  <nd ref="7874658855"/>
  <nd ref="7874658884"/>
  <nd ref="4927022468"/>
  <nd ref="7874658854"/>
  <nd ref="7874658853"/>
  <nd ref="7874658852"/>
  <nd ref="1755466492"/>
  <nd ref="7874658860"/>
  <nd ref="7874658862"/>
  <nd ref="7874658851"/>
  <nd ref="4394290337"/>
  <nd ref="4394290339"/>
  <nd ref="4394430429"/>
  <tag k="footway" v="sidewalk"/>
  <tag k="highway" v="footway"/>
 </way>
 <way id="441737996" visible="true" version="2" changeset="90406908" timestamp="2020-09-04T09:43:53Z" user="carrotrain" uid="11602661">
  <nd ref="4394443359"/>
  <nd ref="4394410974"/>
  <nd ref="4394410976"/>
  <nd ref="4394410977"/>
  <nd ref="4394410978"/>
  <nd ref="7875135930"/>
  <nd ref="4394443374"/>
  <tag k="footway" v="sidewalk"/>
  <tag k="highway" v="footway"/>
 </way>
 <way id="441870049" visible="true" version="2" changeset="90401346" timestamp="2020-09-04T08:00:19Z" user="carrotrain" uid="11602661">
  <nd ref="4395656147"/>
  <nd ref="4395656142"/>
  <nd ref="4395656134"/>
  <nd ref="4395656128"/>
  <nd ref="4395656120"/>
  <nd ref="4395656113"/>
  <nd ref="4395656114"/>
  <nd ref="4395656118"/>
  <nd ref="4395656124"/>
  <nd ref="7874842705"/>
  <nd ref="4395656130"/>
  <nd ref="4395656138"/>
  <nd ref="4395656144"/>
  <nd ref="4395656149"/>
  <nd ref="4395656154"/>
  <nd ref="4395656159"/>
  <tag k="barrier" v="retaining_wall"/>
 </way>
 <way id="441870050" visible="true" version="1" changeset="42071284" timestamp="2016-09-11T05:44:41Z" user="K_Sakanoshita" uid="389520">
  <nd ref="4395656160"/>
  <nd ref="4395656156"/>
  <nd ref="4395656151"/>
  <nd ref="4395656148"/>
  <nd ref="4395656143"/>
  <nd ref="4395656135"/>
  <nd ref="4395656129"/>
  <nd ref="4395656121"/>
  <nd ref="4395656115"/>
  <nd ref="4395656116"/>
  <nd ref="4395656119"/>
  <nd ref="4395656127"/>
  <nd ref="4395656131"/>
  <nd ref="4395656139"/>
  <nd ref="4395656145"/>
  <nd ref="4395656150"/>
  <nd ref="4395656155"/>
  <nd ref="4395656158"/>
  <tag k="barrier" v="fence"/>
  <tag k="fence_type" v="railing"/>
  <tag k="height" v="1.5"/>
 </way>
 <way id="441870052" visible="true" version="3" changeset="62882190" timestamp="2018-09-24T14:12:48Z" user="Ritchy Latte" uid="5399149">
  <nd ref="4395656126"/>
  <nd ref="4395656108"/>
  <nd ref="4395656105"/>
  <nd ref="4395656103"/>
  <nd ref="4395656100"/>
  <nd ref="4395656099"/>
  <nd ref="4395656102"/>
  <nd ref="4395656104"/>
  <nd ref="4395656106"/>
  <nd ref="4395656111"/>
  <nd ref="4395656123"/>
  <nd ref="4395656132"/>
  <nd ref="4395656136"/>
  <nd ref="4434481117"/>
  <nd ref="4395656141"/>
  <nd ref="4434481131"/>
  <nd ref="4395656146"/>
  <nd ref="4434481140"/>
  <nd ref="4434481139"/>
  <nd ref="4434481137"/>
  <nd ref="4434481130"/>
  <nd ref="4434481122"/>
  <nd ref="4395656140"/>
  <nd ref="4395656133"/>
  <nd ref="4395656125"/>
  <nd ref="4395656117"/>
  <nd ref="4395656109"/>
  <nd ref="4395656110"/>
  <nd ref="4395656112"/>
  <nd ref="4395656122"/>
  <nd ref="4395656126"/>
  <tag k="landuse" v="grass"/>
 </way>
 <way id="441870053" visible="true" version="1" changeset="42071284" timestamp="2016-09-11T05:44:41Z" user="K_Sakanoshita" uid="389520">
  <nd ref="4395659113"/>
  <nd ref="4395656170"/>
  <nd ref="4395656171"/>
  <nd ref="4395659114"/>
  <nd ref="4395659113"/>
  <tag k="amenity" v="parking"/>
 </way>
 <way id="441870054" visible="true" version="2" changeset="90401346" timestamp="2020-09-04T08:00:19Z" user="carrotrain" uid="11602661">
  <nd ref="4395659125"/>
  <nd ref="4395659124"/>
  <nd ref="2153868400"/>
  <nd ref="7874842686"/>
  <nd ref="4395656187"/>
  <nd ref="5926809983"/>
  <nd ref="4395656098"/>
  <nd ref="4395656097"/>
  <nd ref="7874842691"/>
  <nd ref="4395656101"/>
  <nd ref="4395656107"/>
  <nd ref="7874842706"/>
  <nd ref="4395656168"/>
  <nd ref="4395656169"/>
  <nd ref="4395659100"/>
  <nd ref="4395659101"/>
  <nd ref="4395659110"/>
  <nd ref="4395659125"/>
  <tag k="name" v="こども未来館ココニコ"/>
  <tag k="toilets:wheelchair" v="yes"/>
  <tag k="tourism" v="museum"/>
  <tag k="wheelchair" v="yes"/>
 </way>
 <way id="441870057" visible="true" version="1" changeset="42071284" timestamp="2016-09-11T05:44:42Z" user="K_Sakanoshita" uid="389520">
  <nd ref="4395656179"/>
  <nd ref="4395656180"/>
  <nd ref="4395656174"/>
  <nd ref="4395656173"/>
  <nd ref="4395656179"/>
  <tag k="building" v="roof"/>
 </way>
 <way id="441870061" visible="true" version="4" changeset="90401346" timestamp="2020-09-04T08:00:19Z" user="carrotrain" uid="11602661">
  <nd ref="4395656159"/>
  <nd ref="4382004373"/>
  <nd ref="4394290494"/>
  <nd ref="4395656167"/>
  <nd ref="4394290492"/>
  <nd ref="4438778551"/>
  <nd ref="4438778545"/>
  <nd ref="4395656163"/>
  <nd ref="4395656162"/>
  <nd ref="4395656157"/>
  <nd ref="5926809961"/>
  <nd ref="4394290375"/>
  <nd ref="4395656158"/>
  <nd ref="4395656159"/>
  <tag k="building" v="yes"/>
  <tag k="building:levels" v="1"/>
 </way>
 <way id="441870063" visible="true" version="2" changeset="62882190" timestamp="2018-09-24T14:12:48Z" user="Ritchy Latte" uid="5399149">
  <nd ref="4394290375"/>
  <nd ref="4394290490"/>
  <nd ref="5926809971"/>
  <nd ref="5926809972"/>
  <nd ref="5926809970"/>
  <tag k="highway" v="footway"/>
  <tag k="layer" v="1"/>
  <tag k="surface" v="paved"/>
 </way>
 <way id="441951941" visible="true" version="1" changeset="42082985" timestamp="2016-09-11T16:57:45Z" user="hayashi" uid="621319">
  <nd ref="4396382944"/>
  <nd ref="4396382941"/>
  <nd ref="4396382940"/>
  <nd ref="4394420024"/>
  <nd ref="4394420026"/>
  <nd ref="4396382943"/>
  <nd ref="4396382944"/>
  <tag k="access" v="customers"/>
  <tag k="amenity" v="parking"/>
 </way>
 <way id="441952512" visible="true" version="2" changeset="90406908" timestamp="2020-09-04T09:43:53Z" user="carrotrain" uid="11602661">
  <nd ref="4386984284"/>
  <nd ref="4396390543"/>
  <nd ref="4396390542"/>
  <nd ref="7875135949"/>
  <nd ref="7875135994"/>
  <nd ref="4396389779"/>
  <nd ref="4396389776"/>
  <nd ref="7875136062"/>
  <nd ref="7875136065"/>
  <nd ref="4396389774"/>
  <nd ref="4396389775"/>
  <nd ref="4396389777"/>
  <nd ref="7875135995"/>
  <nd ref="4386984326"/>
  <nd ref="4386984327"/>
  <nd ref="4386984323"/>
  <nd ref="7875135932"/>
  <nd ref="4386984321"/>
  <nd ref="4396389778"/>
  <nd ref="4386984325"/>
  <nd ref="7875135950"/>
  <nd ref="7875135951"/>
  <nd ref="4386984284"/>
  <tag k="area" v="yes"/>
  <tag k="highway" v="pedestrian"/>
 </way>
 <way id="443192474" visible="true" version="1" changeset="42270521" timestamp="2016-09-19T13:21:54Z" user="kamigata0" uid="254135">
  <nd ref="4408145687"/>
  <nd ref="4408145889"/>
  <nd ref="4408145890"/>
  <nd ref="4408145688"/>
  <nd ref="4408145687"/>
  <tag k="amenity" v="parking"/>
  <tag k="parking" v="surface"/>
  <tag k="source" v="Bing"/>
  <tag k="surface" v="asphalt"/>
 </way>
 <way id="443198957" visible="true" version="1" changeset="42271737" timestamp="2016-09-19T14:25:18Z" user="kamigata0" uid="254135">
  <nd ref="4408210685"/>
  <nd ref="4408210684"/>
  <nd ref="4408210686"/>
  <nd ref="4408210687"/>
  <nd ref="4408210685"/>
  <tag k="building" v="yes"/>
  <tag k="building:levels" v="2"/>
  <tag k="source" v="GSI/KIBAN 2500; Bing"/>
 </way>
 <way id="443198962" visible="true" version="1" changeset="42271737" timestamp="2016-09-19T14:25:18Z" user="kamigata0" uid="254135">
  <nd ref="4408210680"/>
  <nd ref="4408210681"/>
  <nd ref="4408210688"/>
  <nd ref="4408210682"/>
  <tag k="access" v="no"/>
  <tag k="footway" v="sidewalk"/>
  <tag k="highway" v="footway"/>
  <tag k="source" v="Survey, Image"/>
 </way>
 <way id="446122416" visible="true" version="1" changeset="42687082" timestamp="2016-10-06T15:11:15Z" user="kamigata0" uid="254135">
  <nd ref="4434480922"/>
  <nd ref="4434480921"/>
  <nd ref="4434477979"/>
  <nd ref="4434477978"/>
  <nd ref="4434477977"/>
  <nd ref="4434477976"/>
  <nd ref="4434480922"/>
  <tag k="amenity" v="parking"/>
  <tag k="parking" v="surface"/>
  <tag k="source" v="MapBox"/>
  <tag k="surface" v="asphalt"/>
 </way>
 <way id="446122436" visible="true" version="2" changeset="90401346" timestamp="2020-09-04T08:00:19Z" user="carrotrain" uid="11602661">
  <nd ref="4434480953"/>
  <nd ref="4434480963"/>
  <tag k="bicycle" v="yes"/>
  <tag k="footway" v="sidewalk"/>
  <tag k="highway" v="footway"/>
 </way>
 <way id="446122438" visible="true" version="2" changeset="90401346" timestamp="2020-09-04T08:00:19Z" user="carrotrain" uid="11602661">
  <nd ref="4434480953"/>
  <nd ref="4434480961"/>
  <nd ref="4434480967"/>
  <nd ref="7874839572"/>
  <nd ref="4434480963"/>
  <nd ref="4434480965"/>
  <nd ref="4434480962"/>
  <nd ref="4434480950"/>
  <nd ref="4434480940"/>
  <nd ref="4434480953"/>
  <tag k="area" v="yes"/>
  <tag k="highway" v="pedestrian"/>
 </way>
 <way id="446639233" visible="true" version="2" changeset="90406908" timestamp="2020-09-04T09:43:53Z" user="carrotrain" uid="11602661">
  <nd ref="4438815107"/>
  <nd ref="4391245867"/>
  <nd ref="4391245869"/>
  <nd ref="4438815097"/>
  <nd ref="4391245868"/>
  <nd ref="4438815108"/>
  <nd ref="7875136066"/>
  <nd ref="4438815120"/>
  <nd ref="4438815123"/>
  <nd ref="7875136056"/>
  <nd ref="4438815121"/>
  <nd ref="4438815118"/>
  <nd ref="4438815112"/>
  <nd ref="4438815107"/>
  <tag k="area" v="yes"/>
  <tag k="highway" v="pedestrian"/>
  <tag k="surface" v="paved"/>
 </way>
 <way id="446639236" visible="true" version="3" changeset="90406908" timestamp="2020-09-04T09:43:53Z" user="carrotrain" uid="11602661">
  <nd ref="4438815112"/>
  <nd ref="4438815113"/>
  <nd ref="7875136067"/>
  <nd ref="4391245868"/>
  <nd ref="7875136085"/>
  <nd ref="7875136084"/>
  <nd ref="7875136083"/>
  <nd ref="7875136095"/>
  <nd ref="7875136090"/>
  <nd ref="7875136082"/>
  <nd ref="7875136081"/>
  <nd ref="7875136068"/>
  <nd ref="4408145673"/>
  <tag k="bicycle" v="yes"/>
  <tag k="footway" v="sidewalk"/>
  <tag k="highway" v="footway"/>
 </way>
 <way id="446639243" visible="true" version="1" changeset="42749962" timestamp="2016-10-09T09:34:27Z" user="kamigata0" uid="254135">
  <nd ref="4438815113"/>
  <nd ref="4391245866"/>
  <tag k="footway" v="sidewalk"/>
  <tag k="highway" v="footway"/>
 </way>
 <way id="446639246" visible="true" version="2" changeset="90406908" timestamp="2020-09-04T09:43:53Z" user="carrotrain" uid="11602661">
  <nd ref="4438815143"/>
  <nd ref="4438815146"/>
  <nd ref="7875135989"/>
  <nd ref="4438815154"/>
  <nd ref="4438815151"/>
  <nd ref="4438815155"/>
  <nd ref="4438815142"/>
  <nd ref="4438815139"/>
  <nd ref="4438815143"/>
  <tag k="area" v="yes"/>
  <tag k="highway" v="pedestrian"/>
  <tag k="surface" v="paved"/>
 </way>
 <way id="446639249" visible="true" version="2" changeset="90406908" timestamp="2020-09-04T09:43:53Z" user="carrotrain" uid="11602661">
  <nd ref="4438815099"/>
  <nd ref="4438815115"/>
  <nd ref="4438815124"/>
  <nd ref="7875136096"/>
  <nd ref="4438815111"/>
  <nd ref="4438815127"/>
  <nd ref="4438815130"/>
  <nd ref="4438815126"/>
  <nd ref="4438815119"/>
  <nd ref="4438815117"/>
  <nd ref="4438815110"/>
  <nd ref="4438815099"/>
  <tag k="area" v="yes"/>
  <tag k="highway" v="pedestrian"/>
  <tag k="surface" v="paved"/>
 </way>
 <way id="446639252" visible="true" version="2" changeset="90406908" timestamp="2020-09-04T09:43:53Z" user="carrotrain" uid="11602661">
  <nd ref="4438815152"/>
  <nd ref="4438815147"/>
  <nd ref="4438815145"/>
  <nd ref="4438815161"/>
  <nd ref="4438815162"/>
  <nd ref="4438815140"/>
  <nd ref="4438815136"/>
  <nd ref="7875136058"/>
  <nd ref="4438815138"/>
  <nd ref="4438815141"/>
  <nd ref="4438815152"/>
  <tag k="area" v="yes"/>
  <tag k="highway" v="pedestrian"/>
  <tag k="surface" v="paved"/>
 </way>
 <way id="446659719" visible="true" version="1" changeset="42752854" timestamp="2016-10-09T12:21:01Z" user="kamigata0" uid="254135">
  <nd ref="4438964545"/>
  <nd ref="4438964542"/>
  <nd ref="4438964544"/>
  <nd ref="4438964546"/>
  <nd ref="4438964545"/>
  <tag k="amenity" v="parking"/>
  <tag k="park_ride" v="no"/>
  <tag k="surface" v="asphalt"/>
 </way>
 <way id="446659722" visible="true" version="2" changeset="90406908" timestamp="2020-09-04T09:43:53Z" user="carrotrain" uid="11602661">
  <nd ref="4438964547"/>
  <nd ref="7875136085"/>
  <nd ref="4438964543"/>
  <tag k="highway" v="service"/>
  <tag k="service" v="parking_aisle"/>
  <tag k="surface" v="asphalt"/>
 </way>
 <way id="495809396" visible="true" version="2" changeset="90406908" timestamp="2020-09-04T09:43:53Z" user="carrotrain" uid="11602661">
  <nd ref="967789282"/>
  <nd ref="4417206160"/>
  <nd ref="1755466507"/>
  <nd ref="7875136319"/>
  <nd ref="4417206093"/>
  <nd ref="967789167"/>
  <nd ref="1763045976"/>
  <nd ref="967789156"/>
  <nd ref="1755466486"/>
  <nd ref="4417205760"/>
  <nd ref="7875135929"/>
  <nd ref="1755466474"/>
  <tag k="highway" v="tertiary"/>
  <tag k="name" v="旧東海道"/>
 </way>
 <way id="547251683" visible="true" version="2" changeset="61937115" timestamp="2018-08-24T02:02:40Z" user="Ritchy Latte" uid="5399149">
  <nd ref="5287647776"/>
  <nd ref="5287647777"/>
  <nd ref="5287647778"/>
  <nd ref="5287647775"/>
  <nd ref="5287647774"/>
  <nd ref="5287647773"/>
  <tag k="natural" v="tree_row"/>
 </way>
 <way id="547251686" visible="true" version="1" changeset="54682326" timestamp="2017-12-16T15:05:26Z" user="ONO Kentaro" uid="4109484">
  <nd ref="5287647757"/>
  <nd ref="5287647752"/>
  <nd ref="5287647751"/>
  <nd ref="5287647753"/>
  <nd ref="5287647757"/>
  <tag k="building" v="yes"/>
 </way>
 <way id="547251692" visible="true" version="1" changeset="54682326" timestamp="2017-12-16T15:05:27Z" user="ONO Kentaro" uid="4109484">
  <nd ref="5287648563"/>
  <nd ref="5287648555"/>
  <nd ref="5287648523"/>
  <nd ref="5287648528"/>
  <nd ref="5287648563"/>
  <tag k="building" v="yes"/>
 </way>
 <way id="547251696" visible="true" version="2" changeset="78419148" timestamp="2019-12-14T22:50:08Z" user="K_Sakanoshita" uid="389520">
  <nd ref="5287648154"/>
  <nd ref="5287648179"/>
  <nd ref="5287648171"/>
  <nd ref="5287648145"/>
  <nd ref="5287648154"/>
  <tag k="amenity" v="parking"/>
 </way>
 <way id="547251700" visible="true" version="1" changeset="54682326" timestamp="2017-12-16T15:05:27Z" user="ONO Kentaro" uid="4109484">
  <nd ref="5287648565"/>
  <nd ref="5287648557"/>
  <nd ref="5287648526"/>
  <nd ref="5287648532"/>
  <nd ref="5287648565"/>
  <tag k="building" v="yes"/>
 </way>
 <way id="547251702" visible="true" version="2" changeset="78419148" timestamp="2019-12-14T22:50:08Z" user="K_Sakanoshita" uid="389520">
  <nd ref="7057264381"/>
  <nd ref="5287648122"/>
  <nd ref="5287647801"/>
  <nd ref="5287647803"/>
  <nd ref="7057264381"/>
  <tag k="building" v="yes"/>
 </way>
 <way id="547251706" visible="true" version="1" changeset="54682326" timestamp="2017-12-16T15:05:27Z" user="ONO Kentaro" uid="4109484">
  <nd ref="5287647767"/>
  <nd ref="5287647763"/>
  <nd ref="5287647761"/>
  <nd ref="5287647762"/>
  <nd ref="5287647767"/>
  <tag k="building" v="yes"/>
 </way>
 <way id="547251709" visible="true" version="2" changeset="78419148" timestamp="2019-12-14T22:50:08Z" user="K_Sakanoshita" uid="389520">
  <nd ref="5287648123"/>
  <nd ref="7057279491"/>
  <nd ref="7057279490"/>
  <nd ref="5287648143"/>
  <nd ref="5287648140"/>
  <nd ref="5287647819"/>
  <nd ref="5287648123"/>
  <tag k="building" v="yes"/>
 </way>
 <way id="547251711" visible="true" version="1" changeset="54682326" timestamp="2017-12-16T15:05:28Z" user="ONO Kentaro" uid="4109484">
  <nd ref="5287648366"/>
  <nd ref="5287648377"/>
  <nd ref="5287648369"/>
  <nd ref="5287648356"/>
  <nd ref="5287648366"/>
  <tag k="building" v="yes"/>
 </way>
 <way id="547251713" visible="true" version="1" changeset="54682326" timestamp="2017-12-16T15:05:28Z" user="ONO Kentaro" uid="4109484">
  <nd ref="5287647768"/>
  <nd ref="5287647765"/>
  <nd ref="5287647758"/>
  <nd ref="5287647760"/>
  <nd ref="5287647768"/>
  <tag k="building" v="yes"/>
 </way>
 <way id="547251724" visible="true" version="1" changeset="54682326" timestamp="2017-12-16T15:05:28Z" user="ONO Kentaro" uid="4109484">
  <nd ref="5287647764"/>
  <nd ref="5287647766"/>
  <nd ref="5287647759"/>
  <nd ref="5287647756"/>
  <nd ref="5287647764"/>
  <tag k="amenity" v="toilets"/>
  <tag k="building" v="yes"/>
 </way>
 <way id="547251727" visible="true" version="1" changeset="54682326" timestamp="2017-12-16T15:05:28Z" user="ONO Kentaro" uid="4109484">
  <nd ref="5287648348"/>
  <nd ref="5287648364"/>
  <nd ref="5287648354"/>
  <nd ref="5287648340"/>
  <nd ref="5287648348"/>
  <tag k="building" v="yes"/>
 </way>
 <way id="547251731" visible="true" version="1" changeset="54682326" timestamp="2017-12-16T15:05:29Z" user="ONO Kentaro" uid="4109484">
  <nd ref="5287648199"/>
  <nd ref="5287648216"/>
  <nd ref="5287648207"/>
  <nd ref="5287648190"/>
  <nd ref="5287648199"/>
  <tag k="building" v="yes"/>
 </way>
 <way id="547251738" visible="true" version="2" changeset="78419148" timestamp="2019-12-14T22:50:08Z" user="K_Sakanoshita" uid="389520">
  <nd ref="5287648200"/>
  <nd ref="7057279485"/>
  <nd ref="5287648174"/>
  <nd ref="5287648182"/>
  <nd ref="5287648200"/>
  <tag k="building" v="yes"/>
 </way>
 <way id="547251739" visible="true" version="1" changeset="54682326" timestamp="2017-12-16T15:05:29Z" user="ONO Kentaro" uid="4109484">
  <nd ref="5287648387"/>
  <nd ref="5287648384"/>
  <nd ref="5287648371"/>
  <nd ref="5287648373"/>
  <nd ref="5287648387"/>
  <tag k="building" v="yes"/>
 </way>
 <way id="547251741" visible="true" version="1" changeset="54682326" timestamp="2017-12-16T15:05:29Z" user="ONO Kentaro" uid="4109484">
  <nd ref="5287648211"/>
  <nd ref="5287648206"/>
  <nd ref="5287648192"/>
  <nd ref="5287648198"/>
  <nd ref="5287648211"/>
  <tag k="building" v="yes"/>
 </way>
 <way id="547251744" visible="true" version="1" changeset="54682326" timestamp="2017-12-16T15:05:29Z" user="ONO Kentaro" uid="4109484">
  <nd ref="5287648360"/>
  <nd ref="5287648381"/>
  <nd ref="5287648375"/>
  <nd ref="5287648352"/>
  <nd ref="5287648360"/>
  <tag k="building" v="yes"/>
 </way>
 <way id="547251752" visible="true" version="2" changeset="90401346" timestamp="2020-09-04T08:00:19Z" user="carrotrain" uid="11602661">
  <nd ref="5287648540"/>
  <nd ref="7874842754"/>
  <nd ref="7874842753"/>
  <nd ref="7874842752"/>
  <nd ref="5287648597"/>
  <nd ref="5287648592"/>
  <nd ref="5287648537"/>
  <nd ref="7874842755"/>
  <nd ref="5287648540"/>
  <tag k="building" v="yes"/>
 </way>
 <way id="547251754" visible="true" version="1" changeset="54682326" timestamp="2017-12-16T15:05:30Z" user="ONO Kentaro" uid="4109484">
  <nd ref="5287648139"/>
  <nd ref="5287648135"/>
  <nd ref="5287647807"/>
  <nd ref="5287647809"/>
  <nd ref="5287648139"/>
  <tag k="building" v="yes"/>
 </way>
 <way id="547251759" visible="true" version="1" changeset="54682326" timestamp="2017-12-16T15:05:30Z" user="ONO Kentaro" uid="4109484">
  <nd ref="5287647770"/>
  <nd ref="5287647772"/>
  <nd ref="5287647771"/>
  <nd ref="5287647769"/>
  <nd ref="5287647770"/>
  <tag k="building" v="yes"/>
 </way>
 <way id="547251760" visible="true" version="1" changeset="54682326" timestamp="2017-12-16T15:05:30Z" user="ONO Kentaro" uid="4109484">
  <nd ref="5287648220"/>
  <nd ref="5287648345"/>
  <nd ref="5287648335"/>
  <nd ref="5287648208"/>
  <nd ref="5287648220"/>
  <tag k="building" v="yes"/>
 </way>
 <way id="547251764" visible="true" version="1" changeset="54682326" timestamp="2017-12-16T15:05:30Z" user="ONO Kentaro" uid="4109484">
  <nd ref="5287648588"/>
  <nd ref="5287648610"/>
  <nd ref="5287648603"/>
  <nd ref="5287648574"/>
  <nd ref="5287648588"/>
  <tag k="building" v="yes"/>
 </way>
 <way id="547251766" visible="true" version="1" changeset="54682326" timestamp="2017-12-16T15:05:31Z" user="ONO Kentaro" uid="4109484">
  <nd ref="5287648196"/>
  <nd ref="5287648184"/>
  <nd ref="5287648167"/>
  <nd ref="5287648178"/>
  <nd ref="5287648196"/>
  <tag k="building" v="yes"/>
 </way>
 <way id="547251768" visible="true" version="1" changeset="54682326" timestamp="2017-12-16T15:05:31Z" user="ONO Kentaro" uid="4109484">
  <nd ref="5287648177"/>
  <nd ref="5287648168"/>
  <nd ref="5287648134"/>
  <nd ref="5287648141"/>
  <nd ref="5287648177"/>
  <tag k="building" v="yes"/>
 </way>
 <way id="547251770" visible="true" version="2" changeset="78419148" timestamp="2019-12-14T22:50:08Z" user="K_Sakanoshita" uid="389520">
  <nd ref="7057279488"/>
  <nd ref="7057279487"/>
  <nd ref="7057279489"/>
  <nd ref="5287648370"/>
  <nd ref="7057279488"/>
  <tag k="building" v="yes"/>
 </way>
 <way id="547251772" visible="true" version="2" changeset="78419148" timestamp="2019-12-14T22:50:08Z" user="K_Sakanoshita" uid="389520">
  <nd ref="7057264380"/>
  <nd ref="5287648127"/>
  <nd ref="7057264377"/>
  <nd ref="7057264378"/>
  <nd ref="5287647804"/>
  <nd ref="5287647808"/>
  <nd ref="7057264380"/>
  <tag k="building" v="yes"/>
 </way>
 <way id="547251781" visible="true" version="1" changeset="54682326" timestamp="2017-12-16T15:05:31Z" user="ONO Kentaro" uid="4109484">
  <nd ref="5287647784"/>
  <nd ref="5287647786"/>
  <nd ref="5287647802"/>
  <nd ref="5287647798"/>
  <nd ref="5287647784"/>
  <tag k="building" v="yes"/>
 </way>
 <way id="547251785" visible="true" version="1" changeset="54682326" timestamp="2017-12-16T15:05:32Z" user="ONO Kentaro" uid="4109484">
  <nd ref="5287648610"/>
  <nd ref="5287648740"/>
  <nd ref="5287648737"/>
  <nd ref="5287648606"/>
  <nd ref="5287648610"/>
  <tag k="building" v="yes"/>
 </way>
 <way id="547251788" visible="true" version="1" changeset="54682326" timestamp="2017-12-16T15:05:32Z" user="ONO Kentaro" uid="4109484">
  <nd ref="5287647794"/>
  <nd ref="5287647806"/>
  <nd ref="5287647805"/>
  <nd ref="5287647793"/>
  <nd ref="5287647794"/>
  <tag k="building" v="yes"/>
 </way>
 <way id="755542753" visible="true" version="1" changeset="78419148" timestamp="2019-12-14T22:50:08Z" user="K_Sakanoshita" uid="389520">
  <nd ref="5287648330"/>
  <nd ref="5287648339"/>
  <nd ref="7057264382"/>
  <nd ref="5287648368"/>
  <nd ref="5287648361"/>
  <nd ref="5287648343"/>
  <nd ref="5287648330"/>
  <tag k="building" v="yes"/>
 </way>
 <way id="844182960" visible="true" version="1" changeset="90401346" timestamp="2020-09-04T08:00:19Z" user="carrotrain" uid="11602661">
  <nd ref="4438815169"/>
  <nd ref="7874839574"/>
  <nd ref="4434480963"/>
  <tag k="crossing" v="marked"/>
  <tag k="footway" v="crossing"/>
  <tag k="highway" v="footway"/>
 </way>
 <way id="844182961" visible="true" version="1" changeset="90401346" timestamp="2020-09-04T08:00:19Z" user="carrotrain" uid="11602661">
  <nd ref="4394430896"/>
  <nd ref="4394430890"/>
  <tag k="bicycle" v="yes"/>
  <tag k="footway" v="sidewalk"/>
  <tag k="highway" v="footway"/>
 </way>
 <way id="844182962" visible="true" version="1" changeset="90401346" timestamp="2020-09-04T08:00:19Z" user="carrotrain" uid="11602661">
  <nd ref="4394431280"/>
  <nd ref="4394431281"/>
  <nd ref="4394430896"/>
  <tag k="bicycle" v="yes"/>
  <tag k="crossing" v="marked"/>
  <tag k="footway" v="crossing"/>
  <tag k="highway" v="footway"/>
 </way>
 <way id="844182963" visible="true" version="1" changeset="90401346" timestamp="2020-09-04T08:00:19Z" user="carrotrain" uid="11602661">
  <nd ref="4394290381"/>
  <nd ref="7874839578"/>
  <nd ref="7874839579"/>
  <nd ref="7874842708"/>
  <nd ref="4394290489"/>
  <nd ref="4395656166"/>
  <nd ref="7874842704"/>
  <nd ref="7874839580"/>
  <nd ref="7874839581"/>
  <nd ref="7874839582"/>
  <nd ref="7874839583"/>
  <nd ref="4395656167"/>
  <nd ref="4394290494"/>
  <nd ref="4382004373"/>
  <nd ref="4395659101"/>
  <nd ref="4395659110"/>
  <nd ref="4395659111"/>
  <nd ref="5926810102"/>
  <nd ref="5926810103"/>
  <nd ref="5926810104"/>
  <nd ref="5926810105"/>
  <nd ref="5926810106"/>
  <nd ref="5926810107"/>
  <nd ref="5926810108"/>
  <nd ref="5926810109"/>
  <nd ref="5926810094"/>
  <nd ref="5926810110"/>
  <nd ref="7874839584"/>
  <nd ref="5926810085"/>
  <nd ref="5926809976"/>
  <nd ref="7874842685"/>
  <nd ref="4394290382"/>
  <nd ref="4394290381"/>
  <tag k="building" v="yes"/>
  <tag k="name" v="こども未来館ココニコ"/>
 </way>
 <way id="844182964" visible="true" version="1" changeset="90401346" timestamp="2020-09-04T08:00:19Z" user="carrotrain" uid="11602661">
  <nd ref="4395656107"/>
  <nd ref="7874842693"/>
  <nd ref="4394430429"/>
  <nd ref="7874842694"/>
  <nd ref="7874842695"/>
  <nd ref="7874658848"/>
  <nd ref="7874842696"/>
  <nd ref="4394430418"/>
  <nd ref="7874842697"/>
  <nd ref="7874842698"/>
  <nd ref="7874842699"/>
  <nd ref="7874658865"/>
  <nd ref="7874842700"/>
  <nd ref="7874842701"/>
  <nd ref="7874842702"/>
  <nd ref="7874658860"/>
  <nd ref="7874842703"/>
  <nd ref="2153868400"/>
  <nd ref="4395656098"/>
  <nd ref="4395656097"/>
  <nd ref="7874842691"/>
  <nd ref="4395656101"/>
  <nd ref="4395656107"/>
  <tag k="area" v="yes"/>
  <tag k="highway" v="pedestrian"/>
 </way>
 <way id="844182965" visible="true" version="1" changeset="90401346" timestamp="2020-09-04T08:00:19Z" user="carrotrain" uid="11602661">
  <nd ref="5926809983"/>
  <nd ref="5926809982"/>
  <nd ref="4394290370"/>
  <nd ref="4394290365"/>
  <nd ref="4394290362"/>
  <nd ref="4394290364"/>
  <nd ref="4394290369"/>
  <nd ref="4394290381"/>
  <nd ref="7874839578"/>
  <nd ref="7874839579"/>
  <nd ref="4395656165"/>
  <nd ref="7874842708"/>
  <nd ref="4394290489"/>
  <nd ref="4395656166"/>
  <nd ref="7874842704"/>
  <nd ref="7874842707"/>
  <nd ref="4382004371"/>
  <nd ref="5926809958"/>
  <nd ref="4382004366"/>
  <nd ref="4438778539"/>
  <nd ref="4434481139"/>
  <nd ref="4434481140"/>
  <nd ref="4395656146"/>
  <nd ref="4434481131"/>
  <nd ref="4395656141"/>
  <nd ref="4434481117"/>
  <nd ref="4395656136"/>
  <nd ref="4395656132"/>
  <nd ref="4395656123"/>
  <nd ref="4395656111"/>
  <nd ref="4395656106"/>
  <nd ref="4395656104"/>
  <nd ref="4395656102"/>
  <nd ref="4395656099"/>
  <nd ref="4395656100"/>
  <nd ref="4395656103"/>
  <nd ref="4395656105"/>
  <nd ref="4395656108"/>
  <nd ref="4395656126"/>
  <nd ref="7874842705"/>
  <nd ref="4395656130"/>
  <nd ref="4395656138"/>
  <nd ref="4395656144"/>
  <nd ref="4395656149"/>
  <nd ref="4395656154"/>
  <nd ref="4395656159"/>
  <nd ref="7874842706"/>
  <nd ref="4395656107"/>
  <nd ref="4395656101"/>
  <nd ref="7874842691"/>
  <nd ref="4395656097"/>
  <nd ref="4395656098"/>
  <nd ref="5926809983"/>
  <tag k="area" v="yes"/>
  <tag k="highway" v="pedestrian"/>
 </way>
 <way id="844182966" visible="true" version="1" changeset="90401346" timestamp="2020-09-04T08:00:19Z" user="carrotrain" uid="11602661">
  <nd ref="4394431274"/>
  <nd ref="4394431280"/>
  <tag k="bicycle" v="yes"/>
  <tag k="footway" v="sidewalk"/>
  <tag k="highway" v="footway"/>
 </way>
 <way id="844182967" visible="true" version="1" changeset="90401346" timestamp="2020-09-04T08:00:19Z" user="carrotrain" uid="11602661">
  <nd ref="4394431487"/>
  <nd ref="4394431273"/>
  <nd ref="4394431274"/>
  <tag k="bicycle" v="yes"/>
  <tag k="crossing" v="marked"/>
  <tag k="footway" v="crossing"/>
  <tag k="highway" v="footway"/>
 </way>
 <way id="844182968" visible="true" version="2" changeset="90406908" timestamp="2020-09-04T09:43:53Z" user="carrotrain" uid="11602661">
  <nd ref="7874842712"/>
  <nd ref="7874842711"/>
  <nd ref="7874842710"/>
  <nd ref="7875135956"/>
  <nd ref="4394431487"/>
  <tag k="bicycle" v="yes"/>
  <tag k="footway" v="sidewalk"/>
  <tag k="highway" v="footway"/>
 </way>
 <way id="844182969" visible="true" version="1" changeset="90401346" timestamp="2020-09-04T08:00:19Z" user="carrotrain" uid="11602661">
  <nd ref="7874842712"/>
  <nd ref="4417205787"/>
  <nd ref="7874842713"/>
  <tag k="crossing" v="marked"/>
  <tag k="footway" v="crossing"/>
  <tag k="highway" v="footway"/>
 </way>
 <way id="844182970" visible="true" version="2" changeset="90406908" timestamp="2020-09-04T09:43:53Z" user="carrotrain" uid="11602661">
  <nd ref="7874842713"/>
  <nd ref="7874842714"/>
  <nd ref="7875136269"/>
  <nd ref="7874842715"/>
  <tag k="footway" v="sidewalk"/>
  <tag k="highway" v="footway"/>
 </way>
 <way id="844182974" visible="true" version="1" changeset="90401346" timestamp="2020-09-04T08:00:19Z" user="carrotrain" uid="11602661">
  <nd ref="7874842727"/>
  <nd ref="7874842728"/>
  <nd ref="7874842729"/>
  <nd ref="7874842730"/>
  <nd ref="7874842727"/>
  <tag k="building" v="yes"/>
 </way>
 <way id="844182975" visible="true" version="1" changeset="90401346" timestamp="2020-09-04T08:00:19Z" user="carrotrain" uid="11602661">
  <nd ref="7874842733"/>
  <nd ref="7874842734"/>
  <nd ref="7874842735"/>
  <nd ref="7874842736"/>
  <nd ref="7874842733"/>
  <tag k="building" v="yes"/>
 </way>
 <way id="844182976" visible="true" version="1" changeset="90401346" timestamp="2020-09-04T08:00:19Z" user="carrotrain" uid="11602661">
  <nd ref="7874842748"/>
  <nd ref="7874842749"/>
  <nd ref="7874842750"/>
  <nd ref="7874842751"/>
  <nd ref="7874842748"/>
  <tag k="building" v="yes"/>
 </way>
 <way id="844182977" visible="true" version="2" changeset="90406908" timestamp="2020-09-04T09:43:53Z" user="carrotrain" uid="11602661">
  <nd ref="7874842758"/>
  <nd ref="4394431479"/>
  <nd ref="7875135929"/>
  <nd ref="4394431481"/>
  <nd ref="7874842711"/>
  <tag k="bicycle" v="yes"/>
  <tag k="crossing" v="marked"/>
  <tag k="footway" v="crossing"/>
  <tag k="highway" v="footway"/>
 </way>
 <way id="844220528" visible="true" version="1" changeset="90406908" timestamp="2020-09-04T09:43:53Z" user="carrotrain" uid="11602661">
  <nd ref="7875124077"/>
  <nd ref="7875136274"/>
  <nd ref="7875124078"/>
  <nd ref="7875124079"/>
  <tag k="footway" v="sidewalk"/>
  <tag k="highway" v="footway"/>
 </way>
 <way id="844220530" visible="true" version="1" changeset="90406908" timestamp="2020-09-04T09:43:53Z" user="carrotrain" uid="11602661">
  <nd ref="7875124079"/>
  <nd ref="4417206115"/>
  <nd ref="7874842759"/>
  <tag k="crossing" v="marked"/>
  <tag k="footway" v="crossing"/>
  <tag k="highway" v="footway"/>
 </way>
 <way id="844220555" visible="true" version="1" changeset="90406908" timestamp="2020-09-04T09:43:53Z" user="carrotrain" uid="11602661">
  <nd ref="4394431267"/>
  <nd ref="4394431475"/>
  <nd ref="7875135931"/>
  <nd ref="4394443381"/>
  <nd ref="7875135930"/>
  <tag k="crossing" v="marked"/>
  <tag k="footway" v="crossing"/>
  <tag k="highway" v="footway"/>
 </way>
 <way id="844220556" visible="true" version="1" changeset="90406908" timestamp="2020-09-04T09:43:53Z" user="carrotrain" uid="11602661">
  <nd ref="7875135949"/>
  <nd ref="7875135951"/>
  <nd ref="7875135944"/>
  <nd ref="7875135948"/>
  <nd ref="7875135950"/>
  <nd ref="7875135947"/>
  <nd ref="7875135992"/>
  <nd ref="7875135946"/>
  <nd ref="7875136059"/>
  <nd ref="7875135945"/>
  <nd ref="7875135984"/>
  <nd ref="7875135932"/>
  <nd ref="7875135933"/>
  <nd ref="7875135934"/>
  <nd ref="7875135935"/>
  <nd ref="7875135936"/>
  <nd ref="7875135937"/>
  <nd ref="7875135938"/>
  <nd ref="7875135939"/>
  <nd ref="7875135940"/>
  <nd ref="7875135952"/>
  <nd ref="7875135941"/>
  <nd ref="7875135955"/>
  <nd ref="7875135942"/>
  <nd ref="7875135943"/>
  <nd ref="7875135944"/>
  <tag k="footway" v="sidewalk"/>
  <tag k="highway" v="footway"/>
 </way>
 <way id="844220557" visible="true" version="1" changeset="90406908" timestamp="2020-09-04T09:43:53Z" user="carrotrain" uid="11602661">
  <nd ref="4394410977"/>
  <nd ref="7875135954"/>
  <nd ref="7875135953"/>
  <nd ref="7875135952"/>
  <tag k="crossing" v="marked"/>
  <tag k="footway" v="crossing"/>
  <tag k="highway" v="footway"/>
 </way>
 <way id="844220558" visible="true" version="1" changeset="90406908" timestamp="2020-09-04T09:43:53Z" user="carrotrain" uid="11602661">
  <nd ref="7875135955"/>
  <nd ref="7875135959"/>
  <nd ref="7875135957"/>
  <nd ref="7875135958"/>
  <nd ref="7875135956"/>
  <tag k="crossing" v="marked"/>
  <tag k="footway" v="crossing"/>
  <tag k="highway" v="footway"/>
 </way>
 <way id="844220559" visible="true" version="1" changeset="90406908" timestamp="2020-09-04T09:43:53Z" user="carrotrain" uid="11602661">
  <nd ref="7875135933"/>
  <nd ref="7875135960"/>
  <tag k="highway" v="footway"/>
 </way>
 <way id="844220560" visible="true" version="1" changeset="90406908" timestamp="2020-09-04T09:43:53Z" user="carrotrain" uid="11602661">
  <nd ref="7875135961"/>
  <nd ref="7875135962"/>
  <nd ref="7875135963"/>
  <nd ref="7875135964"/>
  <nd ref="7875135965"/>
  <nd ref="7875135966"/>
  <nd ref="7875135960"/>
  <nd ref="7875135967"/>
  <nd ref="7875135968"/>
  <nd ref="7875135969"/>
  <nd ref="7875135970"/>
  <nd ref="7875135971"/>
  <nd ref="7875135972"/>
  <nd ref="7875135973"/>
  <nd ref="7875135974"/>
  <nd ref="7875135975"/>
  <nd ref="7875135976"/>
  <nd ref="7875135977"/>
  <nd ref="7875135978"/>
  <nd ref="7875135979"/>
  <nd ref="7875135980"/>
  <nd ref="7875135981"/>
  <tag k="highway" v="footway"/>
 </way>
 <way id="844220561" visible="true" version="1" changeset="90406908" timestamp="2020-09-04T09:43:53Z" user="carrotrain" uid="11602661">
  <nd ref="7875135945"/>
  <nd ref="7875136063"/>
  <nd ref="7875135982"/>
  <nd ref="7875135983"/>
  <nd ref="7875135984"/>
  <tag k="footway" v="sidewalk"/>
  <tag k="highway" v="footway"/>
 </way>
 <way id="844220562" visible="true" version="1" changeset="90406908" timestamp="2020-09-04T09:43:53Z" user="carrotrain" uid="11602661">
  <nd ref="7875135949"/>
  <nd ref="7875135985"/>
  <nd ref="4438815170"/>
  <tag k="crossing" v="marked"/>
  <tag k="footway" v="crossing"/>
  <tag k="highway" v="footway"/>
 </way>
 <way id="844220563" visible="true" version="1" changeset="90406908" timestamp="2020-09-04T09:43:53Z" user="carrotrain" uid="11602661">
  <nd ref="4438815173"/>
  <nd ref="4438815172"/>
  <nd ref="4438815171"/>
  <tag k="crossing" v="marked"/>
  <tag k="footway" v="crossing"/>
  <tag k="highway" v="footway"/>
 </way>
 <way id="844220564" visible="true" version="1" changeset="90406908" timestamp="2020-09-04T09:43:53Z" user="carrotrain" uid="11602661">
  <nd ref="4438815171"/>
  <nd ref="4438815169"/>
  <tag k="footway" v="sidewalk"/>
  <tag k="highway" v="footway"/>
 </way>
 <way id="844220569" visible="true" version="1" changeset="90406908" timestamp="2020-09-04T09:43:53Z" user="carrotrain" uid="11602661">
  <nd ref="7875135988"/>
  <nd ref="4438815156"/>
  <nd ref="4438815153"/>
  <tag k="footway" v="sidewalk"/>
  <tag k="highway" v="footway"/>
 </way>
 <way id="844220570" visible="true" version="1" changeset="90406908" timestamp="2020-09-04T09:43:53Z" user="carrotrain" uid="11602661">
  <nd ref="4438815153"/>
  <nd ref="7875135990"/>
  <nd ref="7875135989"/>
  <tag k="crossing" v="marked"/>
  <tag k="footway" v="crossing"/>
  <tag k="highway" v="footway"/>
 </way>
 <way id="844220571" visible="true" version="1" changeset="90406908" timestamp="2020-09-04T09:43:53Z" user="carrotrain" uid="11602661">
  <nd ref="7875135989"/>
  <nd ref="4438815142"/>
  <tag k="footway" v="sidewalk"/>
  <tag k="highway" v="footway"/>
 </way>
 <way id="844220572" visible="true" version="1" changeset="90406908" timestamp="2020-09-04T09:43:53Z" user="carrotrain" uid="11602661">
  <nd ref="4438815142"/>
  <nd ref="7875135991"/>
  <nd ref="4438815141"/>
  <tag k="crossing" v="marked"/>
  <tag k="footway" v="crossing"/>
  <tag k="highway" v="footway"/>
 </way>
 <way id="844220573" visible="true" version="1" changeset="90406908" timestamp="2020-09-04T09:43:53Z" user="carrotrain" uid="11602661">
  <nd ref="4438815141"/>
  <nd ref="7875136055"/>
  <nd ref="4438815140"/>
  <nd ref="4438815162"/>
  <nd ref="4438815164"/>
  <nd ref="4438815170"/>
  <nd ref="4438815175"/>
  <nd ref="4438815173"/>
  <tag k="footway" v="sidewalk"/>
  <tag k="highway" v="footway"/>
 </way>
 <way id="844220574" visible="true" version="1" changeset="90406908" timestamp="2020-09-04T09:43:53Z" user="carrotrain" uid="11602661">
  <nd ref="4438815140"/>
  <nd ref="7875135993"/>
  <nd ref="7875135994"/>
  <nd ref="7875135992"/>
  <tag k="crossing" v="marked"/>
  <tag k="footway" v="crossing"/>
  <tag k="highway" v="footway"/>
 </way>
 <way id="844220575" visible="true" version="1" changeset="90406908" timestamp="2020-09-04T09:43:53Z" user="carrotrain" uid="11602661">
  <nd ref="7875135983"/>
  <nd ref="7875135995"/>
  <nd ref="7875135996"/>
  <nd ref="4394443366"/>
  <nd ref="4394410976"/>
  <tag k="crossing" v="marked"/>
  <tag k="footway" v="crossing"/>
  <tag k="highway" v="footway"/>
 </way>
 <way id="844220584" visible="true" version="2" changeset="144503902" timestamp="2023-11-27T11:20:10Z" user="okadatsuneo" uid="10163840">
  <nd ref="1756125646"/>
  <nd ref="2008690752"/>
  <nd ref="7874658841"/>
  <nd ref="7875135986"/>
  <nd ref="2008690751"/>
  <nd ref="1755466456"/>
  <nd ref="4386984318"/>
  <nd ref="2008690749"/>
  <nd ref="7875136057"/>
  <nd ref="1755466454"/>
  <nd ref="7875136061"/>
  <nd ref="7875136064"/>
  <nd ref="1755466450"/>
  <nd ref="7875136042"/>
  <nd ref="1755466446"/>
  <nd ref="7875136035"/>
  <nd ref="1755466433"/>
  <nd ref="7875136027"/>
  <nd ref="2008690741"/>
  <nd ref="1755466419"/>
  <nd ref="1755466407"/>
  <nd ref="7874658775"/>
  <nd ref="1755466396"/>
  <tag k="highway" v="unclassified"/>
  <tag k="oneway" v="yes"/>
  <tag k="oneway:bicycle" v="no"/>
  <tag k="source" v="Bing"/>
 </way>
 <way id="844220596" visible="true" version="1" changeset="90406908" timestamp="2020-09-04T09:43:53Z" user="carrotrain" uid="11602661">
  <nd ref="7875136036"/>
  <nd ref="7875136038"/>
  <nd ref="7875136039"/>
  <nd ref="7875136051"/>
  <nd ref="7875136040"/>
  <nd ref="7875136102"/>
  <nd ref="7875136041"/>
  <tag k="footway" v="sidewalk"/>
  <tag k="highway" v="footway"/>
 </way>
 <way id="844220597" visible="true" version="1" changeset="90406908" timestamp="2020-09-04T09:43:53Z" user="carrotrain" uid="11602661">
  <nd ref="4394410974"/>
  <nd ref="7875136043"/>
  <nd ref="7875136042"/>
  <nd ref="7875136038"/>
  <tag k="crossing" v="marked"/>
  <tag k="footway" v="crossing"/>
  <tag k="highway" v="footway"/>
 </way>
 <way id="844220598" visible="true" version="1" changeset="90406908" timestamp="2020-09-04T09:43:53Z" user="carrotrain" uid="11602661">
  <nd ref="7875136044"/>
  <nd ref="7875136045"/>
  <nd ref="7875136046"/>
  <nd ref="7875136047"/>
  <nd ref="7875136052"/>
  <nd ref="7875136048"/>
  <nd ref="7875136049"/>
  <nd ref="7875136060"/>
  <nd ref="7875136050"/>
  <tag k="footway" v="sidewalk"/>
  <tag k="highway" v="footway"/>
 </way>
 <way id="844220599" visible="true" version="1" changeset="90406908" timestamp="2020-09-04T09:43:53Z" user="carrotrain" uid="11602661">
  <nd ref="7875136051"/>
  <nd ref="7875136053"/>
  <nd ref="7875136052"/>
  <tag k="crossing" v="marked"/>
  <tag k="footway" v="crossing"/>
  <tag k="highway" v="footway"/>
 </way>
 <way id="844220600" visible="true" version="1" changeset="90406908" timestamp="2020-09-04T09:43:53Z" user="carrotrain" uid="11602661">
  <nd ref="7875136050"/>
  <nd ref="7875136054"/>
  <nd ref="4438815112"/>
  <tag k="crossing" v="marked"/>
  <tag k="footway" v="crossing"/>
  <tag k="highway" v="footway"/>
 </way>
 <way id="844220601" visible="true" version="1" changeset="90406908" timestamp="2020-09-04T09:43:53Z" user="carrotrain" uid="11602661">
  <nd ref="4438815117"/>
  <nd ref="7875136094"/>
  <nd ref="4438815127"/>
  <tag k="bicycle" v="yes"/>
  <tag k="footway" v="sidewalk"/>
  <tag k="highway" v="footway"/>
 </way>
 <way id="844220602" visible="true" version="3" changeset="145905610" timestamp="2024-01-05T04:46:29Z" user="TheBlueRobin" uid="9617447">
  <nd ref="4438815129"/>
  <nd ref="7875136092"/>
  <nd ref="4438815132"/>
  <tag k="bicycle" v="yes"/>
  <tag k="check_date:surface" v="2024-01-05"/>
  <tag k="footway" v="sidewalk"/>
  <tag k="highway" v="footway"/>
  <tag k="surface" v="paving_stones"/>
 </way>
 <way id="844220603" visible="true" version="1" changeset="90406908" timestamp="2020-09-04T09:43:53Z" user="carrotrain" uid="11602661">
  <nd ref="7875136067"/>
  <nd ref="7875136066"/>
  <nd ref="4438815116"/>
  <nd ref="4438815117"/>
  <tag k="crossing" v="marked"/>
  <tag k="footway" v="crossing"/>
  <tag k="highway" v="footway"/>
 </way>
 <way id="844220604" visible="true" version="1" changeset="90406908" timestamp="2020-09-04T09:43:53Z" user="carrotrain" uid="11602661">
  <nd ref="4438815127"/>
  <nd ref="4438815128"/>
  <nd ref="4438815129"/>
  <tag k="crossing" v="marked"/>
  <tag k="footway" v="crossing"/>
  <tag k="highway" v="footway"/>
 </way>
 <way id="844220605" visible="true" version="1" changeset="90406908" timestamp="2020-09-04T09:43:53Z" user="carrotrain" uid="11602661">
  <nd ref="4438815113"/>
  <nd ref="7875136056"/>
  <nd ref="7875136057"/>
  <nd ref="7875136058"/>
  <nd ref="7875136055"/>
  <tag k="crossing" v="marked"/>
  <tag k="footway" v="crossing"/>
  <tag k="highway" v="footway"/>
 </way>
 <way id="844220606" visible="true" version="1" changeset="90406908" timestamp="2020-09-04T09:43:53Z" user="carrotrain" uid="11602661">
  <nd ref="7875136059"/>
  <nd ref="7875136062"/>
  <nd ref="7875136061"/>
  <nd ref="7875136060"/>
  <tag k="crossing" v="marked"/>
  <tag k="footway" v="crossing"/>
  <tag k="highway" v="footway"/>
 </way>
 <way id="844220607" visible="true" version="1" changeset="90406908" timestamp="2020-09-04T09:43:53Z" user="carrotrain" uid="11602661">
  <nd ref="7875136049"/>
  <nd ref="7875136064"/>
  <nd ref="7875136065"/>
  <nd ref="7875136063"/>
  <tag k="crossing" v="marked"/>
  <tag k="footway" v="crossing"/>
  <tag k="highway" v="footway"/>
 </way>
 <way id="844220608" visible="true" version="2" changeset="144503902" timestamp="2023-11-27T11:20:10Z" user="okadatsuneo" uid="10163840">
  <nd ref="2008690739"/>
  <nd ref="7875136087"/>
  <nd ref="4438815128"/>
  <nd ref="1755466456"/>
  <nd ref="7875135990"/>
  <nd ref="4408210682"/>
  <nd ref="7874839574"/>
  <nd ref="1755466480"/>
  <tag k="highway" v="residential"/>
  <tag k="oneway" v="yes"/>
  <tag k="oneway:bicycle" v="no"/>
  <tag k="sidewalk" v="both"/>
  <tag k="source" v="Bing, Survey, Image"/>
 </way>
 <way id="844220611" visible="true" version="1" changeset="90406908" timestamp="2020-09-04T09:43:53Z" user="carrotrain" uid="11602661">
  <nd ref="7875136091"/>
  <nd ref="7875136093"/>
  <nd ref="7875136092"/>
  <tag k="footway" v="sidewalk"/>
  <tag k="highway" v="footway"/>
 </way>
 <way id="844220612" visible="true" version="1" changeset="90406908" timestamp="2020-09-04T09:43:53Z" user="carrotrain" uid="11602661">
  <nd ref="7875136094"/>
  <nd ref="7875136096"/>
  <nd ref="7875136097"/>
  <nd ref="7875136098"/>
  <nd ref="7875136095"/>
  <tag k="footway" v="sidewalk"/>
  <tag k="highway" v="footway"/>
 </way>
 <way id="844220615" visible="true" version="1" changeset="90406908" timestamp="2020-09-04T09:43:53Z" user="carrotrain" uid="11602661">
  <nd ref="7875136100"/>
  <nd ref="7875136128"/>
  <nd ref="4438815094"/>
  <nd ref="4438815095"/>
  <nd ref="7875136086"/>
  <nd ref="7875136093"/>
  <nd ref="7875136087"/>
  <nd ref="7875136097"/>
  <nd ref="4438815099"/>
  <nd ref="4438815117"/>
  <tag k="bicycle" v="yes"/>
  <tag k="footway" v="sidewalk"/>
  <tag k="highway" v="footway"/>
 </way>
 <way id="1227132020" visible="true" version="1" changeset="144503902" timestamp="2023-11-27T11:20:10Z" user="okadatsuneo" uid="10163840">
  <nd ref="11379409055"/>
  <nd ref="11379409056"/>
  <nd ref="4408210679"/>
  <nd ref="4408210683"/>
  <tag k="power" v="minor_line"/>
 </way>
 <way id="1294625871" visible="true" version="1" changeset="152971406" timestamp="2024-06-21T00:54:26Z" user="takeos" uid="4201953">
  <nd ref="11998074875"/>
  <nd ref="11998074876"/>
  <nd ref="11998074877"/>
  <nd ref="11998074878"/>
  <nd ref="11998074879"/>
  <nd ref="11998074880"/>
  <nd ref="11998074875"/>
  <tag k="amenity" v="parking"/>
  <tag k="parking" v="multi-storey"/>
 </way>
 <way id="1294625872" visible="true" version="1" changeset="152971406" timestamp="2024-06-21T00:54:26Z" user="takeos" uid="4201953">
  <nd ref="11998074881"/>
  <nd ref="11998074882"/>
  <nd ref="11998074883"/>
  <nd ref="11998074884"/>
  <nd ref="11998074881"/>
  <tag k="amenity" v="parking"/>
  <tag k="parking" v="surface"/>
 </way>
 <way id="1344778788" visible="true" version="1" changeset="160499295" timestamp="2024-12-22T12:13:20Z" user="円周率3パーセント" uid="4827606">
  <nd ref="12441449512"/>
  <nd ref="12441449513"/>
  <nd ref="12441449514"/>
  <nd ref="12441449515"/>
  <nd ref="12441449516"/>
  <nd ref="12441449517"/>
  <nd ref="12441449512"/>
  <tag k="building" v="yes"/>
 </way>
 <way id="1344778789" visible="true" version="1" changeset="160499295" timestamp="2024-12-22T12:13:20Z" user="円周率3パーセント" uid="4827606">
  <nd ref="12441449518"/>
  <nd ref="12441449519"/>
  <nd ref="12441449520"/>
  <nd ref="12441449521"/>
  <nd ref="12441449518"/>
  <tag k="building" v="yes"/>
 </way>
 <way id="1344778790" visible="true" version="1" changeset="160499295" timestamp="2024-12-22T12:13:20Z" user="円周率3パーセント" uid="4827606">
  <nd ref="12441449522"/>
  <nd ref="12441449523"/>
  <nd ref="12441449524"/>
  <nd ref="12441449525"/>
  <nd ref="12441449526"/>
  <nd ref="12441449522"/>
  <tag k="building" v="yes"/>
 </way>
 <way id="1388539163" visible="true" version="1" changeset="166571162" timestamp="2025-05-21T14:01:36Z" user="円周率3パーセント" uid="4827606">
  <nd ref="12853348181"/>
  <nd ref="12853348182"/>
  <nd ref="12853348183"/>
  <nd ref="12853348184"/>
  <nd ref="12853348185"/>
  <nd ref="12853348186"/>
  <nd ref="12853348187"/>
  <nd ref="12853348188"/>
  <nd ref="12853348181"/>
  <tag k="amenity" v="parking"/>
 </way>
 <way id="1388541025" visible="true" version="1" changeset="166571586" timestamp="2025-05-21T14:12:08Z" user="円周率3パーセント" uid="4827606">
  <nd ref="12853327477"/>
  <nd ref="12853327478"/>
  <nd ref="12853327479"/>
  <nd ref="12853327480"/>
  <nd ref="12853327477"/>
  <tag k="amenity" v="parking"/>
 </way>
 <relation id="4567451" visible="true" version="39" changeset="176174835" timestamp="2025-12-20T10:55:12Z" user="chiho_kang" uid="10604125">
  <member type="node" ref="569005441" role="label"/>
  <member type="node" ref="5865491192" role="subarea"/>
  <member type="node" ref="5865491193" role="subarea"/>
  <member type="node" ref="5865491197" role="subarea"/>
  <member type="node" ref="5865491194" role="subarea"/>
  <member type="node" ref="5865491196" role="subarea"/>
  <member type="node" ref="5865491195" role="subarea"/>
  <member type="node" ref="5865491190" role="subarea"/>
  <member type="node" ref="5865491191" role="subarea"/>
  <member type="node" ref="5865491189" role="subarea"/>
  <member type="node" ref="5865432433" role="subarea"/>
  <member type="node" ref="5865432432" role="subarea"/>
  <member type="node" ref="5865432431" role="subarea"/>
  <member type="node" ref="5865432434" role="subarea"/>
  <member type="node" ref="5865432436" role="subarea"/>
  <member type="node" ref="5865432435" role="subarea"/>
  <member type="node" ref="5865432437" role="subarea"/>
  <member type="node" ref="5865432438" role="subarea"/>
  <member type="node" ref="5865432439" role="subarea"/>
  <member type="node" ref="5865432441" role="subarea"/>
  <member type="node" ref="5865432440" role="subarea"/>
  <member type="node" ref="5865432448" role="subarea"/>
  <member type="node" ref="5865432449" role="subarea"/>
  <member type="node" ref="5865491188" role="subarea"/>
  <member type="node" ref="5865491187" role="subarea"/>
  <member type="node" ref="5865491185" role="subarea"/>
  <member type="node" ref="5865491186" role="subarea"/>
  <member type="node" ref="5865490484" role="subarea"/>
  <member type="node" ref="5865432450" role="subarea"/>
  <member type="node" ref="5855170862" role="subarea"/>
  <member type="node" ref="5855170861" role="subarea"/>
  <member type="node" ref="5866047332" role="subarea"/>
  <member type="node" ref="5855170826" role="subarea"/>
  <member type="node" ref="5855170828" role="subarea"/>
  <member type="node" ref="5855170829" role="subarea"/>
  <member type="node" ref="5856762498" role="subarea"/>
  <member type="node" ref="5855170830" role="subarea"/>
  <member type="node" ref="5865432451" role="subarea"/>
  <member type="node" ref="5865432455" role="subarea"/>
  <member type="node" ref="5865432454" role="subarea"/>
  <member type="node" ref="5865432456" role="subarea"/>
  <member type="node" ref="5866047337" role="subarea"/>
  <member type="node" ref="5865432453" role="subarea"/>
  <member type="node" ref="5866047336" role="subarea"/>
  <member type="node" ref="5866047335" role="subarea"/>
  <member type="node" ref="5866047334" role="subarea"/>
  <member type="node" ref="5866047333" role="subarea"/>
  <member type="node" ref="5855170858" role="subarea"/>
  <member type="node" ref="5855170825" role="subarea"/>
  <member type="node" ref="5855170853" role="subarea"/>
  <member type="node" ref="5855170848" role="subarea"/>
  <member type="node" ref="5855170847" role="subarea"/>
  <member type="node" ref="5855170846" role="subarea"/>
  <member type="node" ref="5855170849" role="subarea"/>
  <member type="node" ref="7877204176" role="subarea"/>
  <member type="node" ref="5855170841" role="subarea"/>
  <member type="node" ref="5855170843" role="subarea"/>
  <member type="node" ref="5855170842" role="subarea"/>
  <member type="node" ref="5855170835" role="subarea"/>
  <member type="node" ref="5855170837" role="subarea"/>
  <member type="node" ref="5855170834" role="subarea"/>
  <member type="node" ref="5855170836" role="subarea"/>
  <member type="node" ref="5639016508" role="subarea"/>
  <member type="node" ref="5639016509" role="subarea"/>
  <member type="node" ref="5639016506" role="subarea"/>
  <member type="node" ref="5639016507" role="subarea"/>
  <member type="node" ref="5639016504" role="subarea"/>
  <member type="node" ref="966588019" role="subarea"/>
  <member type="node" ref="5639016511" role="subarea"/>
  <member type="node" ref="796665703" role="subarea"/>
  <member type="node" ref="5639016510" role="subarea"/>
  <member type="node" ref="5855170831" role="subarea"/>
  <member type="node" ref="5856762497" role="subarea"/>
  <member type="node" ref="5639016475" role="subarea"/>
  <member type="node" ref="5639016505" role="subarea"/>
  <member type="node" ref="5639016512" role="subarea"/>
  <member type="node" ref="5639016476" role="subarea"/>
  <member type="node" ref="5639016477" role="subarea"/>
  <member type="node" ref="5639016488" role="subarea"/>
  <member type="node" ref="5639016486" role="subarea"/>
  <member type="node" ref="5866047331" role="subarea"/>
  <member type="node" ref="5866047329" role="subarea"/>
  <member type="node" ref="5866047328" role="subarea"/>
  <member type="node" ref="5856762496" role="subarea"/>
  <member type="node" ref="5866047330" role="subarea"/>
  <member type="node" ref="5866047327" role="subarea"/>
  <member type="node" ref="5866047326" role="subarea"/>
  <member type="node" ref="5866047325" role="subarea"/>
  <member type="node" ref="5866047319" role="subarea"/>
  <member type="node" ref="5866047324" role="subarea"/>
  <member type="node" ref="5866047323" role="subarea"/>
  <member type="node" ref="5866047322" role="subarea"/>
  <member type="node" ref="5866047321" role="subarea"/>
  <member type="node" ref="5866047320" role="subarea"/>
  <member type="node" ref="5866047318" role="subarea"/>
  <member type="node" ref="5866047314" role="subarea"/>
  <member type="node" ref="5866047309" role="subarea"/>
  <member type="node" ref="5866047308" role="subarea"/>
  <member type="node" ref="5866047304" role="subarea"/>
  <member type="node" ref="5866046563" role="subarea"/>
  <member type="node" ref="5866046584" role="subarea"/>
  <member type="node" ref="5866046558" role="subarea"/>
  <member type="node" ref="5855170863" role="subarea"/>
  <member type="node" ref="5855170864" role="subarea"/>
  <member type="node" ref="5855170822" role="subarea"/>
  <member type="node" ref="5855170865" role="subarea"/>
  <member type="node" ref="5855170873" role="subarea"/>
  <member type="node" ref="5855170872" role="subarea"/>
  <member type="node" ref="5855170820" role="subarea"/>
  <member type="node" ref="5855170819" role="subarea"/>
  <member type="node" ref="5855170818" role="subarea"/>
  <member type="node" ref="5855170821" role="subarea"/>
  <member type="node" ref="5855170817" role="subarea"/>
  <member type="node" ref="5855170879" role="subarea"/>
  <member type="node" ref="5855170877" role="subarea"/>
  <member type="node" ref="5855170875" role="subarea"/>
  <member type="node" ref="5855170882" role="subarea"/>
  <member type="node" ref="5855170880" role="subarea"/>
  <member type="node" ref="5855170874" role="subarea"/>
  <member type="node" ref="5855170876" role="subarea"/>
  <member type="node" ref="5855170878" role="subarea"/>
  <member type="node" ref="5855170884" role="subarea"/>
  <member type="node" ref="5855170883" role="subarea"/>
  <member type="node" ref="5855170795" role="subarea"/>
  <member type="node" ref="5855170794" role="subarea"/>
  <member type="node" ref="5855170800" role="subarea"/>
  <member type="node" ref="5855170798" role="subarea"/>
  <member type="node" ref="5855170799" role="subarea"/>
  <member type="node" ref="5855170801" role="subarea"/>
  <member type="node" ref="5855170797" role="subarea"/>
  <member type="node" ref="5855170796" role="subarea"/>
  <member type="node" ref="5855170881" role="subarea"/>
  <member type="node" ref="5855170802" role="subarea"/>
  <member type="node" ref="5855170804" role="subarea"/>
  <member type="node" ref="5855170803" role="subarea"/>
  <member type="node" ref="5855170807" role="subarea"/>
  <member type="node" ref="5855170805" role="subarea"/>
  <member type="node" ref="5855170806" role="subarea"/>
  <member type="node" ref="5855170813" role="subarea"/>
  <member type="node" ref="5855170816" role="subarea"/>
  <member type="node" ref="5855170814" role="subarea"/>
  <member type="node" ref="5855170815" role="subarea"/>
  <member type="node" ref="5855170792" role="subarea"/>
  <member type="node" ref="5855170791" role="subarea"/>
  <member type="node" ref="5855170790" role="subarea"/>
  <member type="node" ref="5856261763" role="subarea"/>
  <member type="node" ref="5856261764" role="subarea"/>
  <member type="node" ref="5856261765" role="subarea"/>
  <member type="node" ref="5856261762" role="subarea"/>
  <member type="node" ref="5856261767" role="subarea"/>
  <member type="node" ref="5856261766" role="subarea"/>
  <member type="node" ref="5856261740" role="subarea"/>
  <member type="node" ref="5856261739" role="subarea"/>
  <member type="node" ref="5856261734" role="subarea"/>
  <member type="node" ref="5856261760" role="subarea"/>
  <member type="node" ref="5856261747" role="subarea"/>
  <member type="node" ref="5856261748" role="subarea"/>
  <member type="node" ref="5856762501" role="subarea"/>
  <member type="node" ref="5856261761" role="subarea"/>
  <member type="node" ref="5856261759" role="subarea"/>
  <member type="node" ref="5856261758" role="subarea"/>
  <member type="node" ref="5856261749" role="subarea"/>
  <member type="node" ref="5856261743" role="subarea"/>
  <member type="node" ref="5856261744" role="subarea"/>
  <member type="node" ref="5856261733" role="subarea"/>
  <member type="node" ref="5856261736" role="subarea"/>
  <member type="node" ref="5856261737" role="subarea"/>
  <member type="node" ref="5856261738" role="subarea"/>
  <member type="node" ref="5856261735" role="subarea"/>
  <member type="node" ref="5856261729" role="subarea"/>
  <member type="node" ref="5856261730" role="subarea"/>
  <member type="node" ref="5856261728" role="subarea"/>
  <member type="node" ref="5856762499" role="subarea"/>
  <member type="node" ref="5856762500" role="subarea"/>
  <member type="node" ref="5856261726" role="subarea"/>
  <member type="node" ref="5856261727" role="subarea"/>
  <member type="node" ref="5856261724" role="subarea"/>
  <member type="node" ref="5856261723" role="subarea"/>
  <member type="node" ref="5856261722" role="subarea"/>
  <member type="node" ref="5856261753" role="subarea"/>
  <member type="node" ref="5856261757" role="subarea"/>
  <member type="node" ref="5856261752" role="subarea"/>
  <member type="node" ref="5856261741" role="subarea"/>
  <member type="node" ref="5856261756" role="subarea"/>
  <member type="node" ref="5856261755" role="subarea"/>
  <member type="node" ref="5856261754" role="subarea"/>
  <member type="node" ref="5856261742" role="subarea"/>
  <member type="node" ref="1916861106" role="subarea"/>
  <member type="node" ref="1947169701" role="subarea"/>
  <member type="node" ref="1916861103" role="subarea"/>
  <member type="node" ref="5856261732" role="subarea"/>
  <member type="node" ref="5856261731" role="subarea"/>
  <member type="node" ref="5856261716" role="subarea"/>
  <member type="node" ref="5856261725" role="subarea"/>
  <member type="node" ref="5856261720" role="subarea"/>
  <member type="node" ref="5856261721" role="subarea"/>
  <member type="node" ref="5856261719" role="subarea"/>
  <member type="node" ref="5856261717" role="subarea"/>
  <member type="node" ref="5856261718" role="subarea"/>
  <member type="node" ref="5866633065" role="subarea"/>
  <member type="node" ref="5866633064" role="subarea"/>
  <member type="node" ref="5866633063" role="subarea"/>
  <member type="node" ref="5866633062" role="subarea"/>
  <member type="node" ref="5866633070" role="subarea"/>
  <member type="node" ref="5866633069" role="subarea"/>
  <member type="node" ref="5866633067" role="subarea"/>
  <member type="node" ref="5866633066" role="subarea"/>
  <member type="node" ref="5866633061" role="subarea"/>
  <member type="node" ref="5866633043" role="subarea"/>
  <member type="node" ref="5866633039" role="subarea"/>
  <member type="node" ref="5866633019" role="subarea"/>
  <member type="node" ref="5866633038" role="subarea"/>
  <member type="node" ref="5866633050" role="subarea"/>
  <member type="node" ref="5866633049" role="subarea"/>
  <member type="node" ref="5866633048" role="subarea"/>
  <member type="node" ref="5866633047" role="subarea"/>
  <member type="node" ref="5866633046" role="subarea"/>
  <member type="node" ref="5866633045" role="subarea"/>
  <member type="node" ref="5866633060" role="subarea"/>
  <member type="node" ref="5866633059" role="subarea"/>
  <member type="node" ref="5866633058" role="subarea"/>
  <member type="node" ref="5866633057" role="subarea"/>
  <member type="node" ref="5866633056" role="subarea"/>
  <member type="node" ref="5866633055" role="subarea"/>
  <member type="node" ref="5866633044" role="subarea"/>
  <member type="node" ref="5866633054" role="subarea"/>
  <member type="node" ref="5866633053" role="subarea"/>
  <member type="node" ref="5866633037" role="subarea"/>
  <member type="node" ref="5866633036" role="subarea"/>
  <member type="node" ref="5866633035" role="subarea"/>
  <member type="node" ref="5866633033" role="subarea"/>
  <member type="node" ref="5866633034" role="subarea"/>
  <member type="node" ref="5866633032" role="subarea"/>
  <member type="node" ref="5866633031" role="subarea"/>
  <member type="node" ref="5866633030" role="subarea"/>
  <member type="node" ref="5866633022" role="subarea"/>
  <member type="node" ref="5866633021" role="subarea"/>
  <member type="node" ref="5866633020" role="subarea"/>
  <member type="node" ref="5866633018" role="subarea"/>
  <member type="node" ref="5866633017" role="subarea"/>
  <member type="node" ref="5866633016" role="subarea"/>
  <member type="node" ref="5866633015" role="subarea"/>
  <member type="node" ref="5866633014" role="subarea"/>
  <member type="node" ref="5866633013" role="subarea"/>
  <member type="node" ref="5866633012" role="subarea"/>
  <member type="node" ref="5866633051" role="subarea"/>
  <member type="node" ref="5866633052" role="subarea"/>
  <member type="way" ref="326904840" role="outer"/>
  <member type="way" ref="1422643718" role="outer"/>
  <member type="way" ref="326904830" role="outer"/>
  <member type="way" ref="1422643717" role="outer"/>
  <member type="way" ref="340374146" role="outer"/>
  <member type="way" ref="546800759" role="outer"/>
  <member type="way" ref="1320747317" role="outer"/>
  <member type="way" ref="44963523" role="outer"/>
  <member type="way" ref="339103901" role="outer"/>
  <member type="way" ref="339103900" role="outer"/>
  <member type="way" ref="326900300" role="outer"/>
  <member type="way" ref="339103895" role="outer"/>
  <member type="way" ref="326906460" role="outer"/>
  <member type="way" ref="339103894" role="outer"/>
  <member type="way" ref="452385282" role="outer"/>
  <member type="way" ref="449791732" role="outer"/>
  <member type="way" ref="326906459" role="outer"/>
  <member type="relation" ref="8611730" role="subarea"/>
  <member type="relation" ref="8611817" role="subarea"/>
  <member type="relation" ref="8611818" role="subarea"/>
  <member type="relation" ref="8613745" role="subarea"/>
  <member type="relation" ref="8611816" role="subarea"/>
  <member type="relation" ref="8611815" role="subarea"/>
  <member type="relation" ref="8613746" role="subarea"/>
  <member type="relation" ref="8613744" role="subarea"/>
  <member type="relation" ref="8610965" role="subarea"/>
  <member type="relation" ref="8610958" role="subarea"/>
  <member type="relation" ref="8610964" role="subarea"/>
  <member type="relation" ref="8610963" role="subarea"/>
  <member type="relation" ref="8610962" role="subarea"/>
  <member type="relation" ref="8610961" role="subarea"/>
  <member type="relation" ref="8610960" role="subarea"/>
  <member type="relation" ref="8610967" role="subarea"/>
  <member type="relation" ref="8593534" role="subarea"/>
  <member type="relation" ref="8610959" role="subarea"/>
  <member type="relation" ref="8610957" role="subarea"/>
  <member type="relation" ref="8613743" role="subarea"/>
  <member type="relation" ref="8613742" role="subarea"/>
  <member type="relation" ref="8613741" role="subarea"/>
  <member type="relation" ref="8613739" role="subarea"/>
  <member type="relation" ref="8613738" role="subarea"/>
  <member type="relation" ref="8613740" role="subarea"/>
  <member type="relation" ref="8613735" role="subarea"/>
  <member type="relation" ref="8613734" role="subarea"/>
  <member type="relation" ref="8613733" role="subarea"/>
  <member type="relation" ref="8613737" role="subarea"/>
  <member type="relation" ref="8613736" role="subarea"/>
  <member type="relation" ref="8610966" role="subarea"/>
  <member type="relation" ref="8610898" role="subarea"/>
  <member type="relation" ref="8610968" role="subarea"/>
  <member type="relation" ref="8593533" role="subarea"/>
  <member type="relation" ref="8610956" role="subarea"/>
  <member type="relation" ref="8616634" role="subarea"/>
  <member type="relation" ref="8616633" role="subarea"/>
  <member type="relation" ref="8616632" role="subarea"/>
  <tag k="admin_level" v="7"/>
  <tag k="boundary" v="administrative"/>
  <tag k="name" v="豊橋市"/>
  <tag k="name:en" v="Toyohashi"/>
  <tag k="name:fr" v="Toyohashi"/>
  <tag k="name:it" v="Toyohashi"/>
  <tag k="name:ja" v="豊橋市"/>
  <tag k="name:ja-Hira" v="とよはしし"/>
  <tag k="name:ja-Latn" v="Toyohashi-shi"/>
  <tag k="name:ko" v="도요하시시"/>
  <tag k="name:th" v="โทโยฮาชิ"/>
  <tag k="name:zh" v="豐橋市"/>
  <tag k="name:zh-Hans" v="丰桥市"/>
  <tag k="name:zh-Hant" v="豐橋市"/>
  <tag k="population" v="374589"/>
  <tag k="ref" v="232017"/>
  <tag k="source" v="KSJ2/N03"/>
  <tag k="source:population" v="http://www.pref.aichi.jp/toukei/"/>
  <tag k="type" v="boundary"/>
  <tag k="wikidata" v="Q336431"/>
  <tag k="wikipedia" v="ja:豊橋市"/>
 </relation>
 <relation id="5185746" visible="true" version="516" changeset="185113858" timestamp="2026-07-04T22:22:18Z" user="ka1niya" uid="24104609">
  <member type="node" ref="6110379777" role=""/>
  <member type="node" ref="6110379776" role=""/>
  <member type="node" ref="6110379763" role=""/>
  <member type="node" ref="11017050258" role=""/>
  <member type="node" ref="6110379759" role=""/>
  <member type="node" ref="6110379762" role=""/>
  <member type="node" ref="6110379755" role=""/>
  <member type="node" ref="11016188138" role=""/>
  <member type="node" ref="11016188139" role=""/>
  <member type="node" ref="6110379753" role=""/>
  <member type="node" ref="11014869379" role=""/>
  <member type="node" ref="6110379751" role=""/>
  <member type="node" ref="6110379750" role=""/>
  <member type="node" ref="11011302233" role=""/>
  <member type="node" ref="6110379752" role=""/>
  <member type="node" ref="11011302246" role=""/>
  <member type="node" ref="6110379746" role=""/>
  <member type="node" ref="6110379744" role=""/>
  <member type="node" ref="11011302247" role=""/>
  <member type="node" ref="11011272105" role=""/>
  <member type="node" ref="6110379743" role=""/>
  <member type="node" ref="6110379742" role=""/>
  <member type="node" ref="5470324775" role=""/>
  <member type="node" ref="7140581358" role=""/>
  <member type="node" ref="3542021029" role=""/>
  <member type="node" ref="3542021030" role=""/>
  <member type="node" ref="2656018983" role=""/>
  <member type="node" ref="2656018985" role=""/>
  <member type="node" ref="868559941" role=""/>
  <member type="node" ref="712605482" role=""/>
  <member type="node" ref="718401862" role=""/>
  <member type="node" ref="3739819709" role=""/>
  <member type="node" ref="3656044775" role=""/>
  <member type="node" ref="2642316809" role=""/>
  <member type="node" ref="3810907180" role=""/>
  <member type="node" ref="2640384666" role=""/>
  <member type="node" ref="4620650306" role=""/>
  <member type="node" ref="4644151743" role=""/>
  <member type="node" ref="4644151741" role=""/>
  <member type="node" ref="4652538486" role=""/>
  <member type="node" ref="5389805455" role=""/>
  <member type="node" ref="4662881653" role=""/>
  <member type="node" ref="4659818069" role=""/>
  <member type="node" ref="4662881651" role=""/>
  <member type="node" ref="4662881649" role=""/>
  <member type="node" ref="4662881648" role=""/>
  <member type="node" ref="2752859740" role=""/>
  <member type="node" ref="5025491849" role=""/>
  <member type="node" ref="2817350265" role=""/>
  <member type="node" ref="4662967610" role=""/>
  <member type="node" ref="6110379741" role=""/>
  <member type="node" ref="5026013757" role=""/>
  <member type="node" ref="5473097677" role=""/>
  <member type="node" ref="5470358734" role=""/>
  <member type="node" ref="5470356290" role=""/>
  <member type="node" ref="3307006050" role=""/>
  <member type="node" ref="3480274135" role=""/>
  <member type="node" ref="5026013765" role=""/>
  <member type="node" ref="4662967612" role=""/>
  <member type="node" ref="2204257143" role=""/>
  <member type="node" ref="4662967613" role=""/>
  <member type="node" ref="4662967614" role=""/>
  <member type="node" ref="4662881650" role=""/>
  <member type="node" ref="4662881652" role=""/>
  <member type="node" ref="4652538484" role=""/>
  <member type="node" ref="4652538485" role=""/>
  <member type="node" ref="4641775632" role=""/>
  <member type="node" ref="4641769077" role=""/>
  <member type="node" ref="4609008041" role=""/>
  <member type="node" ref="5026549585" role=""/>
  <member type="node" ref="4609044106" role=""/>
  <member type="node" ref="4620676732" role=""/>
  <member type="node" ref="4625393480" role=""/>
  <member type="node" ref="4641638305" role=""/>
  <member type="node" ref="4659624345" role=""/>
  <member type="node" ref="4683488598" role=""/>
  <member type="node" ref="4668078086" role=""/>
  <member type="node" ref="4688907376" role=""/>
  <member type="node" ref="4695345419" role=""/>
  <member type="node" ref="8409670149" role="guidepost"/>
  <member type="node" ref="8409754827" role="guidepost"/>
  <member type="node" ref="4871010869" role="guidepost"/>
  <member type="node" ref="8409754834" role="guidepost"/>
  <member type="node" ref="8409754835" role="guidepost"/>
  <member type="node" ref="8409754836" role="guidepost"/>
  <member type="node" ref="8409754841" role="guidepost"/>
  <member type="node" ref="8409754842" role="guidepost"/>
  <member type="node" ref="8409754843" role="guidepost"/>
  <member type="node" ref="8409754851" role="guidepost"/>
  <member type="node" ref="6398609256" role="site"/>
  <member type="node" ref="12553478088" role="guidepost"/>
  <member type="node" ref="12566683262" role="guidepost"/>
  <member type="node" ref="12884444898" role="guidepost"/>
  <member type="way" ref="1379030748" role=""/>
  <member type="way" ref="1329871288" role=""/>
  <member type="way" ref="990200721" role=""/>
  <member type="way" ref="514503755" role=""/>
  <member type="way" ref="1241916540" role=""/>
  <member type="way" ref="258863054" role=""/>
  <member type="way" ref="310050124" role=""/>
  <member type="way" ref="968666308" role=""/>
  <member type="way" ref="1241505791" role=""/>
  <member type="way" ref="258863043" role=""/>
  <member type="way" ref="271979236" role=""/>
  <member type="way" ref="1165519046" role=""/>
  <member type="way" ref="993380119" role=""/>
  <member type="way" ref="993380118" role=""/>
  <member type="way" ref="993380120" role=""/>
  <member type="way" ref="1461971378" role=""/>
  <member type="way" ref="885505242" role=""/>
  <member type="way" ref="265346004" role=""/>
  <member type="way" ref="885505241" role=""/>
  <member type="way" ref="888068937" role=""/>
  <member type="way" ref="888068949" role=""/>
  <member type="way" ref="888068940" role=""/>
  <member type="way" ref="888068945" role=""/>
  <member type="way" ref="568498792" role=""/>
  <member type="way" ref="1090871095" role=""/>
  <member type="way" ref="315233375" role=""/>
  <member type="way" ref="682394960" role=""/>
  <member type="way" ref="682394958" role=""/>
  <member type="way" ref="610169999" role=""/>
  <member type="way" ref="1030288625" role=""/>
  <member type="way" ref="1121250885" role=""/>
  <member type="way" ref="4853657" role=""/>
  <member type="way" ref="854239336" role=""/>
  <member type="way" ref="929013759" role=""/>
  <member type="way" ref="929013758" role="forward"/>
  <member type="way" ref="253812421" role=""/>
  <member type="way" ref="837311012" role=""/>
  <member type="way" ref="894593243" role=""/>
  <member type="way" ref="211774041" role=""/>
  <member type="way" ref="667962675" role=""/>
  <member type="way" ref="538982927" role=""/>
  <member type="way" ref="1090618167" role=""/>
  <member type="way" ref="568498791" role=""/>
  <member type="way" ref="269150813" role=""/>
  <member type="way" ref="538982924" role=""/>
  <member type="way" ref="1143901792" role=""/>
  <member type="way" ref="1031976627" role=""/>
  <member type="way" ref="1031963665" role=""/>
  <member type="way" ref="152413923" role=""/>
  <member type="way" ref="23815146" role=""/>
  <member type="way" ref="690601675" role=""/>
  <member type="way" ref="690601674" role=""/>
  <member type="way" ref="631239772" role=""/>
  <member type="way" ref="550689176" role=""/>
  <member type="way" ref="631239774" role=""/>
  <member type="way" ref="550689174" role=""/>
  <member type="way" ref="631239775" role=""/>
  <member type="way" ref="23814983" role=""/>
  <member type="way" ref="631239773" role=""/>
  <member type="way" ref="196380156" role=""/>
  <member type="way" ref="23815145" role=""/>
  <member type="way" ref="196380142" role=""/>
  <member type="way" ref="538982925" role=""/>
  <member type="way" ref="1031976632" role=""/>
  <member type="way" ref="1139284718" role=""/>
  <member type="way" ref="1139284719" role=""/>
  <member type="way" ref="538982926" role=""/>
  <member type="way" ref="1070720653" role=""/>
  <member type="way" ref="1026056857" role=""/>
  <member type="way" ref="1090618166" role=""/>
  <member type="way" ref="196380141" role=""/>
  <member type="way" ref="667962674" role=""/>
  <member type="way" ref="253812422" role=""/>
  <member type="way" ref="253812423" role=""/>
  <member type="way" ref="261065065" role=""/>
  <member type="way" ref="854239334" role=""/>
  <member type="way" ref="4848932" role=""/>
  <member type="way" ref="253812419" role=""/>
  <member type="way" ref="610169996" role=""/>
  <member type="way" ref="1030288627" role=""/>
  <member type="way" ref="682394953" role=""/>
  <member type="way" ref="682394956" role=""/>
  <member type="way" ref="315233374" role=""/>
  <member type="way" ref="1464261330" role=""/>
  <member type="way" ref="656235283" role=""/>
  <member type="way" ref="656235284" role=""/>
  <member type="way" ref="265345994" role=""/>
  <member type="way" ref="1090871222" role=""/>
  <member type="way" ref="1090871224" role=""/>
  <member type="way" ref="888068943" role=""/>
  <member type="way" ref="888068938" role=""/>
  <member type="way" ref="888068947" role=""/>
  <member type="way" ref="1236468582" role=""/>
  <member type="way" ref="265345998" role=""/>
  <member type="way" ref="885505240" role=""/>
  <member type="way" ref="885505238" role=""/>
  <member type="way" ref="993380121" role=""/>
  <member type="way" ref="1091492082" role=""/>
  <member type="way" ref="993380116" role=""/>
  <member type="way" ref="993380122" role=""/>
  <member type="way" ref="258834775" role=""/>
  <member type="way" ref="1379886132" role=""/>
  <member type="way" ref="258834780" role=""/>
  <member type="way" ref="1241505792" role=""/>
  <member type="way" ref="258863047" role=""/>
  <member type="way" ref="968666306" role=""/>
  <member type="way" ref="390735627" role=""/>
  <member type="way" ref="1241916535" role=""/>
  <member type="way" ref="1241916534" role=""/>
  <member type="way" ref="828705051" role=""/>
  <member type="way" ref="828705049" role=""/>
  <member type="way" ref="221320430" role=""/>
  <member type="way" ref="1036333552" role=""/>
  <member type="way" ref="1036333551" role=""/>
  <member type="way" ref="1037166407" role=""/>
  <member type="way" ref="1302982192" role=""/>
  <member type="way" ref="393529404" role=""/>
  <member type="way" ref="27524473" role=""/>
  <member type="way" ref="514429268" role=""/>
  <member type="way" ref="220708876" role=""/>
  <member type="way" ref="1066610260" role=""/>
  <member type="way" ref="670888325" role=""/>
  <member type="way" ref="164216684" role=""/>
  <member type="way" ref="164216682" role=""/>
  <member type="way" ref="91562466" role=""/>
  <member type="way" ref="1091736618" role=""/>
  <member type="way" ref="1091736620" role=""/>
  <member type="way" ref="1091736060" role=""/>
  <member type="way" ref="1091735462" role=""/>
  <member type="way" ref="1091735465" role=""/>
  <member type="way" ref="74452192" role=""/>
  <member type="way" ref="1091735470" role=""/>
  <member type="way" ref="1091735469" role=""/>
  <member type="way" ref="514429271" role=""/>
  <member type="way" ref="93320119" role=""/>
  <member type="way" ref="990200717" role=""/>
  <member type="way" ref="1148248346" role=""/>
  <member type="way" ref="27524604" role=""/>
  <member type="way" ref="231315422" role=""/>
  <member type="way" ref="231315419" role=""/>
  <member type="way" ref="514429266" role=""/>
  <member type="way" ref="1037166398" role=""/>
  <member type="way" ref="393529400" role=""/>
  <member type="way" ref="393529405" role=""/>
  <member type="way" ref="1072960949" role=""/>
  <member type="way" ref="828705047" role=""/>
  <member type="way" ref="1072960952" role=""/>
  <member type="way" ref="1072960954" role=""/>
  <member type="way" ref="1072960953" role=""/>
  <member type="way" ref="828705046" role=""/>
  <member type="way" ref="514429265" role=""/>
  <member type="way" ref="220708882" role=""/>
  <member type="way" ref="39800798" role=""/>
  <member type="way" ref="38094725" role=""/>
  <member type="way" ref="220708877" role=""/>
  <member type="way" ref="234091412" role=""/>
  <member type="way" ref="360125981" role=""/>
  <member type="way" ref="164024534" role=""/>
  <member type="way" ref="164024533" role=""/>
  <member type="way" ref="1069791891" role=""/>
  <member type="way" ref="1039833082" role=""/>
  <member type="way" ref="514429262" role=""/>
  <member type="way" ref="990200721" role=""/>
  <member type="way" ref="990200719" role=""/>
  <member type="way" ref="174252676" role=""/>
  <member type="way" ref="27524639" role=""/>
  <member type="way" ref="514429260" role=""/>
  <member type="way" ref="1039833077" role=""/>
  <member type="way" ref="1039808261" role=""/>
  <member type="way" ref="1107089946" role=""/>
  <member type="way" ref="451278411" role=""/>
  <member type="way" ref="451278389" role=""/>
  <member type="way" ref="262946959" role=""/>
  <member type="way" ref="114957664" role=""/>
  <member type="way" ref="114957934" role=""/>
  <member type="way" ref="895804508" role=""/>
  <member type="way" ref="114957650" role=""/>
  <member type="way" ref="1073072906" role=""/>
  <member type="way" ref="1073072905" role=""/>
  <member type="way" ref="1039911768" role=""/>
  <member type="way" ref="1073072902" role=""/>
  <member type="way" ref="174252675" role=""/>
  <member type="way" ref="1182616503" role=""/>
  <member type="way" ref="514429258" role=""/>
  <member type="way" ref="451278414" role=""/>
  <member type="way" ref="1039808263" role=""/>
  <member type="way" ref="1107089947" role=""/>
  <member type="way" ref="1039833694" role=""/>
  <member type="way" ref="1039833693" role=""/>
  <member type="way" ref="451278367" role=""/>
  <member type="way" ref="455898152" role=""/>
  <member type="way" ref="1098745740" role=""/>
  <member type="way" ref="689110946" role=""/>
  <member type="way" ref="1390840140" role=""/>
  <member type="way" ref="265139661" role=""/>
  <member type="way" ref="86305504" role=""/>
  <member type="way" ref="151458489" role=""/>
  <member type="way" ref="686815228" role=""/>
  <member type="way" ref="1185829669" role=""/>
  <member type="way" ref="1103996725" role=""/>
  <member type="way" ref="151458492" role=""/>
  <member type="way" ref="80916746" role=""/>
  <member type="way" ref="80916740" role=""/>
  <member type="way" ref="1150425010" role=""/>
  <member type="way" ref="169245053" role=""/>
  <member type="way" ref="1184734358" role=""/>
  <member type="way" ref="169245047" role=""/>
  <member type="way" ref="1382159776" role=""/>
  <member type="way" ref="114032358" role=""/>
  <member type="way" ref="86306776" role=""/>
  <member type="way" ref="964983853" role=""/>
  <member type="way" ref="964983854" role=""/>
  <member type="way" ref="1186113305" role=""/>
  <member type="way" ref="124988388" role=""/>
  <member type="way" ref="1186117517" role=""/>
  <member type="way" ref="1186117514" role=""/>
  <member type="way" ref="81181477" role=""/>
  <member type="way" ref="1509890105" role=""/>
  <member type="way" ref="1186117513" role=""/>
  <member type="way" ref="967040868" role=""/>
  <member type="way" ref="81181451" role=""/>
  <member type="way" ref="307397587" role=""/>
  <member type="way" ref="967040869" role=""/>
  <member type="way" ref="59538126" role=""/>
  <member type="way" ref="1225374033" role=""/>
  <member type="way" ref="59538124" role=""/>
  <member type="way" ref="81179091" role=""/>
  <member type="way" ref="514429256" role=""/>
  <member type="way" ref="181557966" role=""/>
  <member type="way" ref="1225374852" role=""/>
  <member type="way" ref="82276301" role=""/>
  <member type="way" ref="722000957" role=""/>
  <member type="way" ref="34003597" role=""/>
  <member type="way" ref="722000959" role=""/>
  <member type="way" ref="722000958" role=""/>
  <member type="way" ref="722000960" role=""/>
  <member type="way" ref="722000956" role=""/>
  <member type="way" ref="202501613" role=""/>
  <member type="way" ref="34003598" role=""/>
  <member type="way" ref="568498795" role=""/>
  <member type="way" ref="28016956" role=""/>
  <member type="way" ref="685047827" role=""/>
  <member type="way" ref="685047828" role=""/>
  <member type="way" ref="685047833" role=""/>
  <member type="way" ref="685047834" role=""/>
  <member type="way" ref="28016946" role=""/>
  <member type="way" ref="28016944" role=""/>
  <member type="way" ref="568498796" role=""/>
  <member type="way" ref="1460286346" role=""/>
  <member type="way" ref="1460286347" role=""/>
  <member type="way" ref="437901309" role=""/>
  <member type="way" ref="438000664" role=""/>
  <member type="way" ref="28016951" role=""/>
  <member type="way" ref="28010419" role=""/>
  <member type="way" ref="28016948" role=""/>
  <member type="way" ref="307397552" role=""/>
  <member type="way" ref="685047837" role=""/>
  <member type="way" ref="685047831" role=""/>
  <member type="way" ref="685047832" role=""/>
  <member type="way" ref="685047838" role=""/>
  <member type="way" ref="685047839" role=""/>
  <member type="way" ref="628212544" role=""/>
  <member type="way" ref="28016947" role=""/>
  <member type="way" ref="28016943" role=""/>
  <member type="way" ref="306326877" role=""/>
  <member type="way" ref="1460286349" role=""/>
  <member type="way" ref="1460286348" role=""/>
  <member type="way" ref="514429250" role=""/>
  <member type="way" ref="125629261" role=""/>
  <member type="way" ref="304612794" role=""/>
  <member type="way" ref="87661640" role=""/>
  <member type="way" ref="835168857" role=""/>
  <member type="way" ref="272692170" role=""/>
  <member type="way" ref="514429246" role=""/>
  <member type="way" ref="87681359" role=""/>
  <member type="way" ref="427798579" role=""/>
  <member type="way" ref="87681490" role=""/>
  <member type="way" ref="87681510" role=""/>
  <member type="way" ref="87681394" role=""/>
  <member type="way" ref="87681414" role=""/>
  <member type="way" ref="158497660" role=""/>
  <member type="way" ref="158497656" role=""/>
  <member type="way" ref="78599510" role=""/>
  <member type="way" ref="80247541" role=""/>
  <member type="way" ref="87662161" role=""/>
  <member type="way" ref="835168869" role=""/>
  <member type="way" ref="835168868" role=""/>
  <member type="way" ref="87662166" role=""/>
  <member type="way" ref="368194829" role=""/>
  <member type="way" ref="297137936" role=""/>
  <member type="way" ref="297831488" role=""/>
  <member type="way" ref="297831489" role=""/>
  <member type="way" ref="514381673" role=""/>
  <member type="way" ref="678707542" role=""/>
  <member type="way" ref="34621009" role=""/>
  <member type="way" ref="300897356" role=""/>
  <member type="way" ref="300896117" role=""/>
  <member type="way" ref="158497671" role=""/>
  <member type="way" ref="162412321" role=""/>
  <member type="way" ref="162412323" role=""/>
  <member type="way" ref="162743243" role=""/>
  <member type="way" ref="282471508" role=""/>
  <member type="way" ref="162407247" role=""/>
  <member type="way" ref="162145044" role=""/>
  <member type="way" ref="162145041" role=""/>
  <member type="way" ref="161655430" role=""/>
  <member type="way" ref="282471507" role=""/>
  <member type="way" ref="38096608" role=""/>
  <member type="way" ref="161655436" role=""/>
  <member type="way" ref="288038134" role=""/>
  <member type="way" ref="292023454" role=""/>
  <member type="way" ref="905492349" role=""/>
  <member type="way" ref="815006257" role=""/>
  <member type="way" ref="815006256" role=""/>
  <member type="way" ref="368086440" role=""/>
  <member type="way" ref="815006258" role=""/>
  <member type="way" ref="161440484" role=""/>
  <member type="way" ref="60050671" role=""/>
  <member type="way" ref="55444817" role=""/>
  <member type="way" ref="161433181" role=""/>
  <member type="way" ref="161433176" role=""/>
  <member type="way" ref="60050669" role=""/>
  <member type="way" ref="158906092" role=""/>
  <member type="way" ref="388399716" role=""/>
  <member type="way" ref="396347776" role=""/>
  <member type="way" ref="377084412" role=""/>
  <member type="way" ref="396347777" role=""/>
  <member type="way" ref="115769319" role=""/>
  <member type="way" ref="282471510" role=""/>
  <member type="way" ref="161955323" role=""/>
  <member type="way" ref="282471512" role=""/>
  <member type="way" ref="161955325" role=""/>
  <member type="way" ref="1516948912" role=""/>
  <member type="way" ref="282471513" role=""/>
  <member type="way" ref="164936910" role=""/>
  <member type="way" ref="164936907" role=""/>
  <member type="way" ref="164936647" role=""/>
  <member type="way" ref="514381669" role=""/>
  <member type="way" ref="164939982" role=""/>
  <member type="way" ref="306228683" role=""/>
  <member type="way" ref="164939986" role=""/>
  <member type="way" ref="514381666" role=""/>
  <member type="way" ref="280695602" role=""/>
  <member type="way" ref="280695603" role=""/>
  <member type="way" ref="286898406" role=""/>
  <member type="way" ref="280672999" role=""/>
  <member type="way" ref="280672998" role=""/>
  <member type="way" ref="165740841" role=""/>
  <member type="way" ref="161586234" role=""/>
  <member type="way" ref="285221034" role=""/>
  <member type="way" ref="270279498" role=""/>
  <member type="way" ref="270279497" role=""/>
  <member type="way" ref="209111447" role=""/>
  <member type="way" ref="209111461" role=""/>
  <member type="way" ref="334819100" role=""/>
  <member type="way" ref="218701525" role=""/>
  <member type="way" ref="236058753" role=""/>
  <member type="way" ref="277230646" role=""/>
  <member type="way" ref="949944145" role=""/>
  <member type="way" ref="892784586" role=""/>
  <member type="way" ref="949944803" role=""/>
  <member type="way" ref="236058763" role=""/>
  <member type="way" ref="254465454" role=""/>
  <member type="way" ref="254465463" role=""/>
  <member type="way" ref="279759461" role=""/>
  <member type="way" ref="192335102" role=""/>
  <member type="way" ref="287296329" role=""/>
  <member type="way" ref="1191333446" role=""/>
  <member type="way" ref="154892461" role=""/>
  <member type="way" ref="232966906" role=""/>
  <member type="way" ref="154892434" role=""/>
  <member type="way" ref="1053627059" role=""/>
  <member type="way" ref="1053627060" role=""/>
  <member type="way" ref="160105553" role=""/>
  <member type="way" ref="389340405" role=""/>
  <member type="way" ref="211096288" role=""/>
  <member type="way" ref="160105578" role=""/>
  <member type="way" ref="160105576" role=""/>
  <member type="way" ref="26321729" role=""/>
  <member type="way" ref="26321728" role=""/>
  <member type="way" ref="254468062" role=""/>
  <member type="way" ref="1053627062" role=""/>
  <member type="way" ref="1053627061" role=""/>
  <member type="way" ref="232966910" role=""/>
  <member type="way" ref="154892453" role=""/>
  <member type="way" ref="287296330" role=""/>
  <member type="way" ref="514374992" role=""/>
  <member type="way" ref="192335103" role=""/>
  <member type="way" ref="281812278" role=""/>
  <member type="way" ref="277214730" role=""/>
  <member type="way" ref="514374991" role=""/>
  <member type="way" ref="142779830" role=""/>
  <member type="way" ref="209707863" role=""/>
  <member type="way" ref="209707864" role=""/>
  <member type="way" ref="27423939" role=""/>
  <member type="way" ref="514374989" role=""/>
  <member type="way" ref="231407117" role=""/>
  <member type="way" ref="209747510" role=""/>
  <member type="way" ref="27496039" role=""/>
  <member type="way" ref="210336713" role=""/>
  <member type="way" ref="786406124" role=""/>
  <member type="way" ref="1393017135" role=""/>
  <member type="way" ref="210336714" role=""/>
  <member type="way" ref="618449409" role=""/>
  <member type="way" ref="835139532" role=""/>
  <member type="way" ref="61651243" role=""/>
  <member type="way" ref="514374987" role=""/>
  <member type="way" ref="64746361" role=""/>
  <member type="way" ref="618449413" role=""/>
  <member type="way" ref="64746367" role=""/>
  <member type="way" ref="267936696" role=""/>
  <member type="way" ref="229865316" role=""/>
  <member type="way" ref="211871570" role=""/>
  <member type="way" ref="211871573" role=""/>
  <member type="way" ref="618449416" role=""/>
  <member type="way" ref="27495632" role=""/>
  <member type="way" ref="254778897" role=""/>
  <member type="way" ref="267930771" role=""/>
  <member type="way" ref="267930769" role=""/>
  <member type="way" ref="621420119" role=""/>
  <member type="way" ref="259362612" role=""/>
  <member type="way" ref="821657973" role=""/>
  <member type="way" ref="202636102" role=""/>
  <member type="way" ref="355253350" role=""/>
  <member type="way" ref="254778875" role=""/>
  <member type="way" ref="758841827" role=""/>
  <member type="way" ref="758841828" role=""/>
  <member type="way" ref="231411107" role=""/>
  <member type="way" ref="582200496" role=""/>
  <member type="way" ref="514374978" role=""/>
  <member type="way" ref="1035132622" role=""/>
  <member type="way" ref="514374980" role=""/>
  <member type="way" ref="1306987032" role=""/>
  <member type="way" ref="1306987033" role=""/>
  <member type="way" ref="514374981" role=""/>
  <member type="way" ref="514374977" role=""/>
  <member type="way" ref="231411103" role=""/>
  <member type="way" ref="262982573" role=""/>
  <member type="way" ref="303159479" role=""/>
  <member type="way" ref="514374967" role=""/>
  <member type="way" ref="270244268" role=""/>
  <member type="way" ref="67168148" role=""/>
  <member type="way" ref="308807331" role=""/>
  <member type="way" ref="254813607" role=""/>
  <member type="way" ref="308807346" role=""/>
  <member type="way" ref="514369058" role=""/>
  <member type="way" ref="688113782" role=""/>
  <member type="way" ref="688113768" role=""/>
  <member type="way" ref="308807357" role=""/>
  <member type="way" ref="277498351" role=""/>
  <member type="way" ref="393987407" role=""/>
  <member type="way" ref="475445882" role=""/>
  <member type="way" ref="514369056" role=""/>
  <member type="way" ref="39671154" role=""/>
  <member type="way" ref="514369046" role=""/>
  <member type="way" ref="308807332" role=""/>
  <member type="way" ref="975830471" role=""/>
  <member type="way" ref="975830473" role=""/>
  <member type="way" ref="307653904" role=""/>
  <member type="way" ref="1038020651" role=""/>
  <member type="way" ref="307653908" role=""/>
  <member type="way" ref="307653905" role=""/>
  <member type="way" ref="975830470" role=""/>
  <member type="way" ref="975830474" role=""/>
  <member type="way" ref="307653903" role=""/>
  <member type="way" ref="1038020650" role=""/>
  <member type="way" ref="67168137" role=""/>
  <member type="way" ref="1041599322" role=""/>
  <member type="way" ref="1041599321" role=""/>
  <member type="way" ref="67166205" role=""/>
  <member type="way" ref="514369045" role=""/>
  <member type="way" ref="1365974553" role=""/>
  <member type="way" ref="189961557" role=""/>
  <member type="way" ref="308807326" role=""/>
  <member type="way" ref="514369040" role=""/>
  <member type="way" ref="40068528" role=""/>
  <member type="way" ref="308807323" role=""/>
  <member type="way" ref="514369041" role=""/>
  <member type="way" ref="514369042" role=""/>
  <member type="way" ref="1270600282" role=""/>
  <member type="way" ref="185565606" role=""/>
  <member type="way" ref="185565604" role=""/>
  <member type="way" ref="1270600271" role=""/>
  <member type="way" ref="185565605" role=""/>
  <member type="way" ref="514365577" role=""/>
  <member type="way" ref="197635449" role=""/>
  <member type="way" ref="197635451" role=""/>
  <member type="way" ref="43443146" role=""/>
  <member type="way" ref="379457677" role=""/>
  <member type="way" ref="379457676" role=""/>
  <member type="way" ref="577323805" role=""/>
  <member type="way" ref="577323804" role=""/>
  <member type="way" ref="1038832071" role=""/>
  <member type="way" ref="197783348" role=""/>
  <member type="way" ref="1038663513" role=""/>
  <member type="way" ref="208936512" role=""/>
  <member type="way" ref="1259808542" role=""/>
  <member type="way" ref="308807325" role=""/>
  <member type="way" ref="308807324" role=""/>
  <member type="way" ref="197662669" role=""/>
  <member type="way" ref="1038031728" role=""/>
  <member type="way" ref="197664390" role=""/>
  <member type="way" ref="1038031726" role=""/>
  <member type="way" ref="197664377" role=""/>
  <member type="way" ref="514365557" role=""/>
  <member type="way" ref="222970350" role=""/>
  <member type="way" ref="514365559" role=""/>
  <member type="way" ref="197748510" role=""/>
  <member type="way" ref="822837174" role=""/>
  <member type="way" ref="822837173" role=""/>
  <member type="way" ref="308807322" role=""/>
  <member type="way" ref="822837163" role=""/>
  <member type="way" ref="822837164" role=""/>
  <member type="way" ref="197634494" role=""/>
  <member type="way" ref="514365576" role=""/>
  <member type="way" ref="226039673" role=""/>
  <member type="way" ref="42717144" role=""/>
  <member type="way" ref="514043850" role=""/>
  <member type="way" ref="226039351" role=""/>
  <member type="way" ref="226039159" role=""/>
  <member type="way" ref="270593631" role=""/>
  <member type="way" ref="379459572" role=""/>
  <member type="way" ref="379459570" role=""/>
  <member type="way" ref="197747308" role=""/>
  <member type="way" ref="514043848" role=""/>
  <member type="way" ref="62217809" role=""/>
  <member type="way" ref="550346837" role=""/>
  <member type="way" ref="550346831" role=""/>
  <member type="way" ref="550346832" role=""/>
  <member type="way" ref="514043845" role=""/>
  <member type="way" ref="550346833" role=""/>
  <member type="way" ref="550346834" role=""/>
  <member type="way" ref="550346835" role=""/>
  <member type="way" ref="1509737213" role=""/>
  <member type="way" ref="550346836" role=""/>
  <member type="way" ref="49577381" role=""/>
  <member type="way" ref="975332660" role=""/>
  <member type="way" ref="975332661" role=""/>
  <member type="way" ref="514043843" role=""/>
  <member type="way" ref="226039562" role=""/>
  <member type="way" ref="226039442" role=""/>
  <member type="way" ref="1158755600" role=""/>
  <member type="way" ref="1158755601" role=""/>
  <member type="way" ref="130431285" role=""/>
  <member type="way" ref="1158755599" role=""/>
  <member type="way" ref="1158755598" role=""/>
  <member type="way" ref="975326967" role=""/>
  <member type="way" ref="514043840" role=""/>
  <member type="way" ref="514043836" role=""/>
  <member type="way" ref="514043838" role=""/>
  <member type="way" ref="242345835" role=""/>
  <member type="way" ref="724858577" role=""/>
  <member type="way" ref="332834327" role=""/>
  <member type="way" ref="724858578" role=""/>
  <member type="way" ref="23735463" role=""/>
  <member type="way" ref="118554602" role=""/>
  <member type="way" ref="118554604" role=""/>
  <member type="way" ref="1224810082" role=""/>
  <member type="way" ref="1224810083" role=""/>
  <member type="way" ref="1224810081" role=""/>
  <member type="way" ref="1224810077" role=""/>
  <member type="way" ref="1224810076" role=""/>
  <member type="way" ref="1224810079" role=""/>
  <member type="way" ref="1224810078" role=""/>
  <member type="way" ref="1224810080" role=""/>
  <member type="way" ref="1224810070" role=""/>
  <member type="way" ref="1224810069" role=""/>
  <member type="way" ref="130423396" role=""/>
  <member type="way" ref="130423392" role=""/>
  <member type="way" ref="1224810064" role=""/>
  <member type="way" ref="1224810063" role=""/>
  <member type="way" ref="368287352" role=""/>
  <member type="way" ref="1224810058" role=""/>
  <member type="way" ref="130423400" role=""/>
  <member type="way" ref="130423364" role=""/>
  <member type="way" ref="514042856" role=""/>
  <member type="way" ref="697801425" role=""/>
  <member type="way" ref="514042857" role=""/>
  <member type="way" ref="697801422" role=""/>
  <member type="way" ref="204344915" role=""/>
  <member type="way" ref="514042854" role=""/>
  <member type="way" ref="562121593" role=""/>
  <member type="way" ref="130423568" role=""/>
  <member type="way" ref="130424411" role=""/>
  <member type="way" ref="130431537" role=""/>
  <member type="way" ref="562121591" role=""/>
  <member type="way" ref="514042852" role=""/>
  <member type="way" ref="459359299" role=""/>
  <member type="way" ref="514042850" role=""/>
  <member type="way" ref="130423403" role=""/>
  <member type="way" ref="130423384" role=""/>
  <member type="way" ref="1341627245" role=""/>
  <member type="way" ref="1341627244" role=""/>
  <member type="way" ref="1341627243" role=""/>
  <member type="way" ref="1341627242" role=""/>
  <member type="way" ref="1341627241" role=""/>
  <member type="way" ref="1341627240" role=""/>
  <member type="way" ref="130430784" role=""/>
  <member type="way" ref="1341627239" role=""/>
  <member type="way" ref="1341627237" role=""/>
  <member type="way" ref="1341627236" role=""/>
  <member type="way" ref="1341627235" role=""/>
  <member type="way" ref="1341627234" role=""/>
  <member type="way" ref="1341627233" role=""/>
  <member type="way" ref="1341627232" role=""/>
  <member type="way" ref="1341627238" role=""/>
  <member type="way" ref="1341627231" role=""/>
  <member type="way" ref="1341627230" role=""/>
  <member type="way" ref="514042848" role=""/>
  <member type="way" ref="130424463" role=""/>
  <member type="way" ref="327550707" role=""/>
  <member type="way" ref="130431397" role=""/>
  <member type="way" ref="327550669" role=""/>
  <member type="way" ref="1414598437" role=""/>
  <member type="way" ref="327550688" role=""/>
  <member type="way" ref="1225011140" role=""/>
  <member type="way" ref="327550667" role=""/>
  <member type="way" ref="514042846" role=""/>
  <member type="way" ref="514042845" role=""/>
  <member type="way" ref="252842316" role=""/>
  <member type="way" ref="34124013" role=""/>
  <member type="way" ref="514042843" role=""/>
  <member type="way" ref="39869034" role=""/>
  <member type="way" ref="514042841" role=""/>
  <member type="way" ref="496651365" role=""/>
  <member type="way" ref="1213962998" role=""/>
  <member type="way" ref="1213962997" role=""/>
  <member type="way" ref="1436154701" role=""/>
  <member type="way" ref="1436154700" role=""/>
  <member type="way" ref="327708979" role=""/>
  <member type="way" ref="514042839" role=""/>
  <member type="way" ref="303443449" role=""/>
  <member type="way" ref="252966161" role=""/>
  <member type="way" ref="975955045" role=""/>
  <member type="way" ref="126017123" role=""/>
  <member type="way" ref="34059480" role=""/>
  <member type="way" ref="70541509" role=""/>
  <member type="way" ref="835163798" role=""/>
  <member type="way" ref="550998990" role=""/>
  <member type="way" ref="550998991" role=""/>
  <member type="way" ref="514042835" role=""/>
  <member type="way" ref="1494846702" role=""/>
  <member type="way" ref="1494846704" role=""/>
  <member type="way" ref="327550665" role=""/>
  <member type="way" ref="514042811" role=""/>
  <member type="way" ref="514042817" role=""/>
  <member type="way" ref="1494846700" role=""/>
  <member type="way" ref="603951103" role=""/>
  <member type="way" ref="174573595" role=""/>
  <member type="way" ref="177922810" role=""/>
  <member type="way" ref="514042800" role=""/>
  <member type="way" ref="70541510" role=""/>
  <member type="way" ref="514042797" role=""/>
  <member type="way" ref="514042795" role=""/>
  <member type="way" ref="327550677" role=""/>
  <member type="way" ref="775147403" role=""/>
  <member type="way" ref="514042794" role=""/>
  <member type="way" ref="113360422" role=""/>
  <member type="way" ref="70542399" role=""/>
  <member type="way" ref="603951096" role=""/>
  <member type="way" ref="514042791" role=""/>
  <member type="way" ref="603951094" role=""/>
  <member type="way" ref="1351435362" role=""/>
  <member type="way" ref="775535842" role=""/>
  <member type="way" ref="775535849" role=""/>
  <member type="way" ref="775535850" role=""/>
  <member type="way" ref="775535853" role=""/>
  <member type="way" ref="775535856" role=""/>
  <member type="way" ref="514042789" role=""/>
  <member type="way" ref="404572514" role=""/>
  <member type="way" ref="1447332988" role=""/>
  <member type="way" ref="211096298" role=""/>
  <member type="way" ref="31962673" role=""/>
  <member type="way" ref="603939550" role=""/>
  <member type="way" ref="308670737" role=""/>
  <member type="way" ref="603939557" role=""/>
  <member type="way" ref="603939556" role=""/>
  <member type="way" ref="514042781" role=""/>
  <member type="way" ref="70542573" role=""/>
  <member type="way" ref="514042784" role=""/>
  <member type="way" ref="70542574" role=""/>
  <member type="way" ref="514042785" role=""/>
  <member type="way" ref="70542401" role=""/>
  <member type="way" ref="974549264" role=""/>
  <member type="way" ref="974549263" role=""/>
  <member type="way" ref="514042790" role=""/>
  <member type="way" ref="378689728" role=""/>
  <member type="way" ref="409553689" role=""/>
  <member type="way" ref="514042776" role=""/>
  <member type="way" ref="113359502" role=""/>
  <member type="way" ref="70542571" role=""/>
  <member type="way" ref="113359284" role=""/>
  <member type="way" ref="201102855" role=""/>
  <member type="way" ref="514042778" role=""/>
  <member type="way" ref="348332546" role=""/>
  <member type="way" ref="348332545" role=""/>
  <member type="way" ref="308670705" role=""/>
  <member type="way" ref="35906404" role=""/>
  <member type="way" ref="276687909" role=""/>
  <member type="way" ref="173386929" role=""/>
  <member type="way" ref="173387757" role=""/>
  <member type="way" ref="514042774" role=""/>
  <member type="way" ref="352410499" role=""/>
  <member type="way" ref="173387758" role=""/>
  <member type="way" ref="126384350" role=""/>
  <member type="way" ref="62259790" role=""/>
  <member type="way" ref="283907475" role=""/>
  <member type="way" ref="409553690" role=""/>
  <member type="way" ref="378689730" role=""/>
  <member type="way" ref="411063559" role=""/>
  <member type="way" ref="411063556" role=""/>
  <member type="way" ref="1306187276" role=""/>
  <member type="way" ref="126207412" role=""/>
  <member type="way" ref="605871999" role=""/>
  <member type="way" ref="126207139" role=""/>
  <member type="way" ref="1093716915" role=""/>
  <member type="way" ref="1093716913" role=""/>
  <member type="way" ref="126207413" role=""/>
  <member type="way" ref="1306260042" role=""/>
  <member type="way" ref="1306260041" role=""/>
  <member type="way" ref="331825012" role=""/>
  <member type="way" ref="35907270" role=""/>
  <member type="way" ref="514042771" role=""/>
  <member type="way" ref="1478807658" role=""/>
  <member type="way" ref="514042770" role=""/>
  <member type="way" ref="154140868" role=""/>
  <member type="way" ref="514042768" role=""/>
  <member type="way" ref="1040484624" role=""/>
  <member type="way" ref="514042767" role=""/>
  <member type="way" ref="154140814" role=""/>
  <member type="way" ref="154119283" role=""/>
  <member type="way" ref="514042766" role=""/>
  <member type="way" ref="358242233" role=""/>
  <member type="way" ref="514042764" role=""/>
  <member type="way" ref="154133563" role=""/>
  <member type="way" ref="514042759" role=""/>
  <member type="way" ref="154119287" role=""/>
  <member type="way" ref="154140813" role=""/>
  <member type="way" ref="1012396727" role=""/>
  <member type="way" ref="1238744306" role=""/>
  <member type="way" ref="1012396726" role=""/>
  <member type="way" ref="1238744305" role=""/>
  <member type="way" ref="1341477431" role=""/>
  <member type="way" ref="324118746" role=""/>
  <member type="way" ref="154119272" role=""/>
  <member type="way" ref="36726087" role=""/>
  <member type="way" ref="514042756" role=""/>
  <member type="way" ref="1231279458" role=""/>
  <member type="way" ref="1343675568" role=""/>
  <member type="way" ref="514042755" role=""/>
  <member type="way" ref="98408487" role=""/>
  <member type="way" ref="1231260831" role=""/>
  <member type="way" ref="1340198728" role=""/>
  <member type="way" ref="514042753" role=""/>
  <member type="way" ref="1343433954" role=""/>
  <member type="way" ref="1343433953" role=""/>
  <member type="way" ref="1343433956" role=""/>
  <member type="way" ref="154126433" role=""/>
  <member type="way" ref="154125463" role=""/>
  <member type="way" ref="1434810229" role=""/>
  <member type="way" ref="154126545" role=""/>
  <member type="way" ref="154133166" role=""/>
  <member type="way" ref="360064374" role=""/>
  <member type="way" ref="1434985860" role=""/>
  <member type="way" ref="421326334" role=""/>
  <member type="way" ref="1434985862" role=""/>
  <member type="way" ref="514042751" role=""/>
  <member type="way" ref="421326333" role=""/>
  <member type="way" ref="1343433964" role=""/>
  <member type="way" ref="758605712" role=""/>
  <member type="way" ref="758605713" role=""/>
  <member type="way" ref="763124841" role=""/>
  <member type="way" ref="763124843" role=""/>
  <member type="way" ref="1434810225" role=""/>
  <member type="way" ref="98408483" role=""/>
  <member type="way" ref="1332785036" role=""/>
  <member type="way" ref="1332785037" role=""/>
  <member type="way" ref="360072442" role=""/>
  <member type="way" ref="1343433968" role=""/>
  <member type="way" ref="1343433969" role=""/>
  <member type="way" ref="514042750" role=""/>
  <member type="way" ref="1343433962" role=""/>
  <member type="way" ref="1343433961" role=""/>
  <member type="way" ref="154125363" role=""/>
  <member type="way" ref="514042748" role=""/>
  <member type="way" ref="748918130" role=""/>
  <member type="way" ref="1332622300" role=""/>
  <member type="way" ref="1332622306" role=""/>
  <member type="way" ref="1332622305" role=""/>
  <member type="way" ref="1332622307" role=""/>
  <member type="way" ref="1332622303" role=""/>
  <member type="way" ref="1332622310" role=""/>
  <member type="way" ref="154119706" role=""/>
  <member type="way" ref="365950151" role=""/>
  <member type="way" ref="513960139" role=""/>
  <member type="way" ref="281568380" role=""/>
  <member type="way" ref="281568393" role=""/>
  <member type="way" ref="366318281" role=""/>
  <member type="way" ref="366318307" role=""/>
  <member type="way" ref="154124442" role=""/>
  <member type="way" ref="763016652" role=""/>
  <member type="way" ref="1329891430" role=""/>
  <member type="way" ref="154126429" role=""/>
  <member type="way" ref="1329891431" role=""/>
  <member type="way" ref="366318246" role=""/>
  <member type="way" ref="1329891435" role=""/>
  <member type="way" ref="1329891434" role=""/>
  <member type="way" ref="1329891433" role=""/>
  <member type="way" ref="1329891432" role=""/>
  <member type="way" ref="1330058969" role=""/>
  <member type="way" ref="513960137" role=""/>
  <member type="way" ref="154128097" role=""/>
  <member type="way" ref="166755844" role=""/>
  <member type="way" ref="513960135" role=""/>
  <member type="way" ref="1329891439" role=""/>
  <member type="way" ref="273511080" role=""/>
  <member type="way" ref="499621119" role=""/>
  <member type="way" ref="499621120" role=""/>
  <member type="way" ref="273511058" role=""/>
  <member type="way" ref="273511061" role=""/>
  <member type="way" ref="835084872" role=""/>
  <member type="way" ref="835084873" role=""/>
  <member type="way" ref="273511059" role=""/>
  <member type="way" ref="513948991" role=""/>
  <member type="way" ref="444883580" role=""/>
  <member type="way" ref="444883581" role=""/>
  <member type="way" ref="849787673" role=""/>
  <member type="way" ref="849787672" role=""/>
  <member type="way" ref="849787671" role=""/>
  <member type="way" ref="849787670" role=""/>
  <member type="way" ref="425579170" role=""/>
  <member type="way" ref="425579169" role=""/>
  <member type="way" ref="36850980" role=""/>
  <member type="way" ref="1329871277" role=""/>
  <member type="way" ref="513948989" role=""/>
  <member type="way" ref="150871005" role=""/>
  <member type="way" ref="1329824910" role=""/>
  <member type="way" ref="1329824909" role=""/>
  <member type="way" ref="150871001" role=""/>
  <member type="way" ref="1329824919" role=""/>
  <member type="way" ref="513948987" role=""/>
  <member type="way" ref="1329824949" role=""/>
  <member type="way" ref="1329824948" role=""/>
  <member type="way" ref="1481165171" role=""/>
  <member type="way" ref="1329824945" role=""/>
  <member type="way" ref="1329824944" role=""/>
  <member type="way" ref="372671674" role=""/>
  <member type="way" ref="1329824958" role=""/>
  <member type="way" ref="1329824957" role=""/>
  <member type="way" ref="1329824976" role=""/>
  <member type="way" ref="1329824975" role=""/>
  <member type="way" ref="1329824989" role=""/>
  <member type="way" ref="1329824988" role=""/>
  <member type="way" ref="1329824986" role=""/>
  <member type="way" ref="1329824985" role=""/>
  <member type="way" ref="372728387" role=""/>
  <member type="way" ref="513944144" role=""/>
  <member type="way" ref="372736377" role=""/>
  <member type="way" ref="267201402" role=""/>
  <member type="way" ref="166754519" role=""/>
  <member type="way" ref="166754794" role=""/>
  <member type="way" ref="372736360" role=""/>
  <member type="way" ref="166760230" role=""/>
  <member type="way" ref="166758487" role=""/>
  <member type="way" ref="1329808250" role=""/>
  <member type="way" ref="513944143" role=""/>
  <member type="way" ref="372783475" role=""/>
  <member type="way" ref="372783480" role=""/>
  <member type="way" ref="513944141" role=""/>
  <member type="way" ref="150372262" role=""/>
  <member type="way" ref="1329800296" role=""/>
  <member type="way" ref="1329800287" role=""/>
  <member type="way" ref="1329800288" role=""/>
  <member type="way" ref="1329800297" role=""/>
  <member type="way" ref="1329800294" role=""/>
  <member type="way" ref="1329800295" role=""/>
  <member type="way" ref="1243425202" role=""/>
  <member type="way" ref="372840788" role=""/>
  <member type="way" ref="1481165173" role=""/>
  <member type="way" ref="604546681" role=""/>
  <member type="way" ref="1505512826" role=""/>
  <member type="way" ref="513944138" role=""/>
  <member type="way" ref="128479201" role=""/>
  <member type="way" ref="131229299" role=""/>
  <member type="way" ref="131229306" role=""/>
  <member type="way" ref="36963013" role=""/>
  <member type="way" ref="36963018" role=""/>
  <member type="way" ref="36963019" role=""/>
  <member type="way" ref="172011771" role=""/>
  <member type="way" ref="642984736" role=""/>
  <member type="way" ref="172011750" role=""/>
  <member type="way" ref="142909839" role=""/>
  <member type="way" ref="172269906" role=""/>
  <member type="way" ref="166768066" role=""/>
  <member type="way" ref="513944135" role=""/>
  <member type="way" ref="167562301" role=""/>
  <member type="way" ref="172269918" role=""/>
  <member type="way" ref="247995470" role=""/>
  <member type="way" ref="247995472" role=""/>
  <member type="way" ref="110010057" role=""/>
  <member type="way" ref="128502577" role=""/>
  <member type="way" ref="36963026" role=""/>
  <member type="way" ref="211096305" role=""/>
  <member type="way" ref="513944137" role=""/>
  <member type="way" ref="125742423" role=""/>
  <member type="way" ref="128504927" role=""/>
  <member type="way" ref="513944129" role=""/>
  <member type="way" ref="167748861" role=""/>
  <member type="way" ref="167749335" role=""/>
  <member type="way" ref="167748927" role=""/>
  <member type="way" ref="167747753" role=""/>
  <member type="way" ref="168664953" role=""/>
  <member type="way" ref="168664955" role=""/>
  <member type="way" ref="167747921" role=""/>
  <member type="way" ref="167749138" role=""/>
  <member type="way" ref="166766841" role=""/>
  <member type="way" ref="307518968" role=""/>
  <member type="way" ref="513944130" role=""/>
  <member type="way" ref="128595183" role=""/>
  <member type="way" ref="513944132" role=""/>
  <member type="way" ref="172783144" role=""/>
  <member type="way" ref="202387985" role=""/>
  <member type="way" ref="92837455" role=""/>
  <member type="way" ref="92837449" role=""/>
  <member type="way" ref="513866148" role=""/>
  <member type="way" ref="513866138" role=""/>
  <member type="way" ref="374725130" role=""/>
  <member type="way" ref="216908819" role=""/>
  <member type="way" ref="125735508" role=""/>
  <member type="way" ref="125735511" role=""/>
  <member type="way" ref="173112350" role=""/>
  <member type="way" ref="513866151" role=""/>
  <member type="way" ref="125730744" role=""/>
  <member type="way" ref="172639634" role=""/>
  <member type="way" ref="513866118" role=""/>
  <member type="way" ref="125080779" role=""/>
  <member type="way" ref="125730019" role=""/>
  <member type="way" ref="135490851" role=""/>
  <member type="way" ref="93332307" role=""/>
  <member type="way" ref="162813688" role=""/>
  <member type="way" ref="125147466" role=""/>
  <member type="way" ref="135861790" role=""/>
  <member type="way" ref="173553617" role=""/>
  <member type="way" ref="173553618" role=""/>
  <member type="way" ref="135861789" role=""/>
  <member type="way" ref="513866116" role=""/>
  <member type="way" ref="513866114" role=""/>
  <member type="way" ref="43150068" role=""/>
  <member type="way" ref="162813695" role=""/>
  <member type="way" ref="162813686" role=""/>
  <member type="way" ref="162813696" role=""/>
  <member type="way" ref="162813690" role=""/>
  <member type="way" ref="162813682" role=""/>
  <member type="way" ref="125577673" role=""/>
  <member type="way" ref="513866102" role=""/>
  <member type="way" ref="128171484" role=""/>
  <member type="way" ref="128247530" role=""/>
  <member type="way" ref="128247535" role=""/>
  <member type="way" ref="170056151" role=""/>
  <member type="way" ref="125147474" role=""/>
  <member type="way" ref="125080767" role=""/>
  <member type="way" ref="125080789" role=""/>
  <member type="way" ref="170056171" role=""/>
  <member type="way" ref="170056173" role=""/>
  <member type="way" ref="170056149" role=""/>
  <member type="way" ref="79191905" role=""/>
  <member type="way" ref="125587915" role=""/>
  <member type="way" ref="43150017" role=""/>
  <member type="way" ref="513866029" role=""/>
  <member type="way" ref="128176350" role=""/>
  <member type="way" ref="139639850" role=""/>
  <member type="way" ref="513837385" role=""/>
  <member type="way" ref="222616112" role=""/>
  <member type="way" ref="513837384" role=""/>
  <member type="way" ref="385602489" role=""/>
  <member type="way" ref="128181620" role=""/>
  <member type="way" ref="201068617" role=""/>
  <member type="way" ref="128180005" role=""/>
  <member type="way" ref="129732473" role=""/>
  <member type="way" ref="590789978" role=""/>
  <member type="way" ref="129732471" role=""/>
  <member type="way" ref="590789977" role=""/>
  <member type="way" ref="128180004" role=""/>
  <member type="way" ref="128178252" role=""/>
  <member type="way" ref="126645699" role=""/>
  <member type="way" ref="126645628" role=""/>
  <member type="way" ref="126656876" role=""/>
  <member type="way" ref="590450916" role=""/>
  <member type="way" ref="126657671" role=""/>
  <member type="way" ref="513837380" role=""/>
  <member type="way" ref="1294901786" role=""/>
  <member type="way" ref="513837376" role=""/>
  <member type="way" ref="513837375" role=""/>
  <member type="way" ref="126656218" role=""/>
  <member type="way" ref="590450917" role=""/>
  <member type="way" ref="126644688" role=""/>
  <member type="way" ref="260569400" role=""/>
  <member type="way" ref="126644692" role=""/>
  <member type="way" ref="259709526" role=""/>
  <member type="way" ref="126655182" role=""/>
  <member type="way" ref="126650825" role=""/>
  <member type="way" ref="367083484" role=""/>
  <member type="way" ref="513825422" role=""/>
  <member type="way" ref="590450915" role=""/>
  <member type="way" ref="126645454" role=""/>
  <member type="way" ref="513825421" role=""/>
  <member type="way" ref="126644698" role=""/>
  <member type="way" ref="92860358" role=""/>
  <member type="way" ref="126644312" role=""/>
  <member type="way" ref="513825410" role=""/>
  <member type="way" ref="513825409" role=""/>
  <member type="way" ref="513825411" role=""/>
  <member type="way" ref="126644262" role=""/>
  <member type="way" ref="1237402037" role=""/>
  <member type="way" ref="126644249" role=""/>
  <member type="way" ref="126644325" role=""/>
  <member type="way" ref="513825408" role=""/>
  <member type="way" ref="126653647" role=""/>
  <member type="way" ref="126647527" role=""/>
  <member type="way" ref="513825406" role=""/>
  <member type="way" ref="126657434" role=""/>
  <member type="way" ref="126645351" role=""/>
  <member type="way" ref="126648353" role=""/>
  <member type="way" ref="126652397" role=""/>
  <member type="way" ref="126653732" role=""/>
  <member type="way" ref="126647857" role=""/>
  <member type="way" ref="126655379" role=""/>
  <member type="way" ref="126654096" role=""/>
  <member type="way" ref="126653054" role=""/>
  <member type="way" ref="126652064" role=""/>
  <member type="way" ref="126652813" role=""/>
  <member type="way" ref="126654918" role=""/>
  <member type="way" ref="126656781" role=""/>
  <member type="way" ref="126651199" role=""/>
  <member type="way" ref="126653557" role=""/>
  <member type="way" ref="126647350" role=""/>
  <member type="way" ref="1535146130" role=""/>
  <member type="way" ref="126644956" role=""/>
  <member type="way" ref="126644991" role=""/>
  <member type="way" ref="126644940" role=""/>
  <member type="way" ref="126644857" role=""/>
  <member type="way" ref="126654078" role=""/>
  <member type="way" ref="126655796" role=""/>
  <member type="way" ref="126651837" role=""/>
  <member type="way" ref="126652719" role=""/>
  <member type="way" ref="126648301" role=""/>
  <member type="way" ref="126654704" role=""/>
  <member type="way" ref="126651863" role=""/>
  <member type="way" ref="126655794" role=""/>
  <member type="way" ref="126657174" role=""/>
  <member type="way" ref="126648757" role=""/>
  <member type="way" ref="126651659" role=""/>
  <member type="way" ref="126650175" role=""/>
  <member type="way" ref="126649872" role=""/>
  <member type="way" ref="126645273" role=""/>
  <member type="way" ref="1535291596" role=""/>
  <member type="way" ref="581217560" role=""/>
  <member type="way" ref="581217566" role=""/>
  <member type="way" ref="126654191" role=""/>
  <member type="way" ref="126652116" role=""/>
  <member type="way" ref="345660950" role=""/>
  <member type="way" ref="345660951" role=""/>
  <member type="way" ref="35210944" role=""/>
  <member type="way" ref="513825404" role=""/>
  <member type="way" ref="559970894" role=""/>
  <member type="way" ref="590908538" role=""/>
  <member type="way" ref="162648293" role=""/>
  <member type="way" ref="391372812" role=""/>
  <member type="way" ref="590908537" role=""/>
  <member type="way" ref="162932602" role=""/>
  <member type="way" ref="35210112" role=""/>
  <member type="way" ref="552530363" role=""/>
  <member type="way" ref="41381840" role=""/>
  <member type="way" ref="28875246" role=""/>
  <member type="way" ref="552512198" role=""/>
  <member type="way" ref="552512199" role=""/>
  <member type="way" ref="331026107" role=""/>
  <member type="way" ref="338087385" role=""/>
  <member type="way" ref="391852764" role=""/>
  <member type="way" ref="137307402" role=""/>
  <member type="way" ref="164660041" role=""/>
  <member type="way" ref="165365747" role=""/>
  <member type="way" ref="137306348" role=""/>
  <member type="way" ref="137306361" role=""/>
  <member type="way" ref="137216092" role=""/>
  <member type="way" ref="137216091" role=""/>
  <member type="way" ref="35209694" role=""/>
  <member type="way" ref="200704007" role=""/>
  <member type="way" ref="261476640" role=""/>
  <member type="way" ref="164880196" role=""/>
  <member type="way" ref="1268360653" role=""/>
  <member type="way" ref="262492670" role=""/>
  <member type="way" ref="1323519577" role=""/>
  <member type="way" ref="262492669" role=""/>
  <member type="way" ref="513812252" role=""/>
  <member type="way" ref="164880183" role=""/>
  <member type="way" ref="197155104" role=""/>
  <member type="way" ref="402334965" role=""/>
  <member type="way" ref="1272161304" role=""/>
  <member type="way" ref="1272161305" role=""/>
  <member type="way" ref="513812247" role=""/>
  <member type="way" ref="197155052" role=""/>
  <member type="way" ref="197154715" role=""/>
  <member type="way" ref="197154784" role=""/>
  <member type="way" ref="197158303" role=""/>
  <member type="way" ref="197159648" role=""/>
  <member type="way" ref="1272161312" role=""/>
  <member type="way" ref="1272161313" role=""/>
  <member type="way" ref="197155374" role=""/>
  <member type="way" ref="513812245" role=""/>
  <member type="way" ref="513812246" role=""/>
  <member type="way" ref="513812244" role=""/>
  <member type="way" ref="513812243" role=""/>
  <member type="way" ref="1372606581" role=""/>
  <member type="way" ref="1372606580" role=""/>
  <member type="way" ref="393529573" role=""/>
  <member type="way" ref="394632493" role=""/>
  <member type="way" ref="394632492" role=""/>
  <member type="way" ref="681517073" role=""/>
  <member type="way" ref="681517074" role=""/>
  <member type="way" ref="513812234" role=""/>
  <member type="way" ref="33912911" role=""/>
  <member type="way" ref="428939426" role=""/>
  <member type="way" ref="513812232" role=""/>
  <member type="way" ref="58366806" role=""/>
  <member type="way" ref="1272025016" role=""/>
  <member type="way" ref="1272025015" role=""/>
  <member type="way" ref="1272025019" role=""/>
  <member type="way" ref="1272025018" role=""/>
  <member type="way" ref="513812230" role=""/>
  <member type="way" ref="118136316" role=""/>
  <member type="way" ref="1497280553" role=""/>
  <member type="way" ref="198292435" role=""/>
  <member type="way" ref="198292437" role=""/>
  <member type="way" ref="183597586" role=""/>
  <member type="way" ref="58199345" role=""/>
  <member type="way" ref="183690777" role=""/>
  <member type="way" ref="183690804" role=""/>
  <member type="way" ref="513812228" role=""/>
  <member type="way" ref="118136298" role=""/>
  <member type="way" ref="198303205" role=""/>
  <member type="way" ref="513812225" role=""/>
  <member type="way" ref="1372535593" role=""/>
  <member type="way" ref="513812223" role=""/>
  <member type="way" ref="1374826588" role=""/>
  <member type="way" ref="513812224" role=""/>
  <member type="way" ref="1374826589" role=""/>
  <member type="way" ref="1374826591" role=""/>
  <member type="way" ref="198299811" role=""/>
  <member type="way" ref="1374826595" role=""/>
  <member type="way" ref="118136295" role=""/>
  <member type="way" ref="513812220" role=""/>
  <member type="way" ref="447849626" role=""/>
  <member type="way" ref="183689364" role=""/>
  <member type="way" ref="200408426" role=""/>
  <member type="way" ref="1395937309" role=""/>
  <member type="way" ref="1395937310" role=""/>
  <member type="way" ref="263817160" role=""/>
  <member type="way" ref="1395937308" role=""/>
  <member type="way" ref="183690803" role=""/>
  <member type="way" ref="1395937288" role=""/>
  <member type="way" ref="379586471" role=""/>
  <member type="way" ref="379586472" role=""/>
  <member type="way" ref="513812219" role=""/>
  <member type="way" ref="449151541" role=""/>
  <member type="way" ref="683027214" role=""/>
  <member type="way" ref="1219680340" role=""/>
  <member type="way" ref="38770732" role=""/>
  <member type="way" ref="198306828" role=""/>
  <member type="way" ref="413317726" role=""/>
  <member type="way" ref="413317720" role=""/>
  <member type="way" ref="198306831" role=""/>
  <member type="way" ref="198306830" role=""/>
  <member type="way" ref="36709305" role=""/>
  <member type="way" ref="262509063" role=""/>
  <member type="way" ref="398619841" role=""/>
  <member type="way" ref="1358283198" role=""/>
  <member type="way" ref="1358283199" role=""/>
  <member type="way" ref="398619840" role=""/>
  <member type="way" ref="36709829" role=""/>
  <member type="way" ref="513812218" role=""/>
  <member type="way" ref="513812217" role=""/>
  <member type="way" ref="184526982" role=""/>
  <member type="way" ref="513812216" role=""/>
  <member type="way" ref="36712057" role=""/>
  <member type="way" ref="399041612" role=""/>
  <member type="way" ref="399041604" role=""/>
  <member type="way" ref="513812212" role=""/>
  <member type="way" ref="513812211" role=""/>
  <member type="way" ref="1150409316" role=""/>
  <member type="way" ref="1150409317" role=""/>
  <member type="way" ref="184529547" role=""/>
  <member type="way" ref="184527490" role=""/>
  <member type="way" ref="184534411" role=""/>
  <member type="way" ref="184526966" role=""/>
  <member type="way" ref="184526967" role=""/>
  <member type="way" ref="184526983" role=""/>
  <member type="way" ref="263925987" role=""/>
  <member type="way" ref="754822042" role=""/>
  <member type="way" ref="184535982" role=""/>
  <member type="way" ref="513812208" role=""/>
  <member type="way" ref="262519283" role=""/>
  <member type="way" ref="262519279" role=""/>
  <member type="way" ref="262520841" role=""/>
  <member type="way" ref="1380258520" role=""/>
  <member type="way" ref="262520840" role=""/>
  <member type="way" ref="34088969" role=""/>
  <member type="way" ref="400013423" role=""/>
  <member type="way" ref="513812207" role=""/>
  <member type="way" ref="1264099724" role=""/>
  <member type="way" ref="180942873" role=""/>
  <member type="way" ref="183707503" role=""/>
  <member type="way" ref="513812206" role=""/>
  <member type="way" ref="180937894" role=""/>
  <member type="way" ref="180944216" role=""/>
  <member type="way" ref="183707745" role=""/>
  <member type="way" ref="180937818" role=""/>
  <member type="way" ref="180939499" role=""/>
  <member type="way" ref="180947673" role=""/>
  <member type="way" ref="455886395" role=""/>
  <member type="way" ref="32981875" role=""/>
  <member type="way" ref="180936258" role=""/>
  <member type="way" ref="455886393" role=""/>
  <member type="way" ref="180943705" role=""/>
  <member type="way" ref="183706646" role=""/>
  <member type="way" ref="180935856" role=""/>
  <member type="way" ref="262416069" role=""/>
  <member type="way" ref="262416068" role=""/>
  <member type="way" ref="262416067" role=""/>
  <member type="way" ref="180935870" role=""/>
  <member type="way" ref="262414795" role=""/>
  <member type="way" ref="180935869" role=""/>
  <member type="way" ref="180938173" role=""/>
  <member type="way" ref="405241093" role=""/>
  <member type="way" ref="180935996" role=""/>
  <member type="way" ref="173497242" role=""/>
  <member type="way" ref="173497256" role=""/>
  <member type="way" ref="180936002" role=""/>
  <member type="way" ref="405241117" role=""/>
  <member type="way" ref="455721780" role=""/>
  <member type="way" ref="405241161" role=""/>
  <member type="way" ref="455721782" role=""/>
  <member type="way" ref="405241077" role=""/>
  <member type="way" ref="455721778" role=""/>
  <member type="way" ref="188014687" role=""/>
  <member type="way" ref="186587171" role=""/>
  <member type="way" ref="186587367" role=""/>
  <member type="way" ref="189791373" role=""/>
  <member type="way" ref="754760836" role=""/>
  <member type="way" ref="754760837" role=""/>
  <member type="way" ref="259757345" role=""/>
  <member type="way" ref="259757346" role=""/>
  <member type="way" ref="263203446" role=""/>
  <member type="way" ref="263203449" role=""/>
  <member type="way" ref="167712621" role=""/>
  <member type="way" ref="167712620" role=""/>
  <member type="way" ref="167712622" role=""/>
  <member type="way" ref="207301405" role=""/>
  <member type="way" ref="175698687" role=""/>
  <member type="way" ref="207301404" role=""/>
  <member type="way" ref="288289044" role=""/>
  <member type="way" ref="545994655" role=""/>
  <member type="way" ref="545994654" role=""/>
  <member type="way" ref="194382901" role=""/>
  <member type="way" ref="288289043" role=""/>
  <member type="way" ref="37191725" role=""/>
  <member type="way" ref="187783574" role=""/>
  <member type="way" ref="1212187094" role=""/>
  <member type="way" ref="85109549" role=""/>
  <member type="way" ref="37191727" role=""/>
  <member type="way" ref="286474467" role=""/>
  <member type="way" ref="85109532" role=""/>
  <member type="way" ref="448717686" role=""/>
  <member type="way" ref="448717688" role=""/>
  <member type="way" ref="448717687" role=""/>
  <member type="way" ref="323953017" role=""/>
  <member type="way" ref="448717685" role=""/>
  <member type="way" ref="222585471" role=""/>
  <member type="way" ref="261842973" role=""/>
  <member type="way" ref="1098296704" role=""/>
  <member type="way" ref="261842975" role=""/>
  <member type="way" ref="189960649" role=""/>
  <member type="way" ref="262235270" role=""/>
  <member type="way" ref="1227589746" role=""/>
  <member type="way" ref="1095571200" role=""/>
  <member type="way" ref="846683144" role=""/>
  <member type="way" ref="1184637507" role=""/>
  <member type="way" ref="1184637506" role=""/>
  <member type="way" ref="841348177" role=""/>
  <member type="way" ref="1243693274" role=""/>
  <member type="way" ref="1388234101" role=""/>
  <member type="way" ref="1388234102" role=""/>
  <member type="way" ref="839769849" role=""/>
  <member type="way" ref="1341804937" role=""/>
  <member type="way" ref="188308665" role=""/>
  <member type="way" ref="969551528" role=""/>
  <member type="way" ref="969551527" role=""/>
  <member type="way" ref="1069942140" role=""/>
  <member type="way" ref="189960664" role=""/>
  <member type="way" ref="186589816" role=""/>
  <member type="way" ref="1070282066" role=""/>
  <member type="way" ref="186589817" role=""/>
  <member type="way" ref="679472465" role=""/>
  <member type="way" ref="31929634" role=""/>
  <member type="way" ref="448717682" role=""/>
  <member type="way" ref="31900982" role=""/>
  <member type="way" ref="175669438" role=""/>
  <member type="way" ref="175667272" role=""/>
  <member type="way" ref="439140825" role=""/>
  <member type="way" ref="439140824" role=""/>
  <member type="way" ref="175671058" role=""/>
  <member type="way" ref="175671329" role=""/>
  <member type="way" ref="1191692427" role=""/>
  <member type="way" ref="1191692426" role=""/>
  <member type="way" ref="175669865" role=""/>
  <member type="way" ref="175666711" role=""/>
  <member type="way" ref="175666688" role=""/>
  <member type="way" ref="175670007" role=""/>
  <member type="way" ref="561400056" role=""/>
  <member type="way" ref="175666595" role=""/>
  <member type="way" ref="175669227" role=""/>
  <member type="way" ref="439140818" role=""/>
  <member type="way" ref="191021797" role=""/>
  <member type="way" ref="1534822383" role=""/>
  <member type="way" ref="172374274" role=""/>
  <member type="way" ref="1534822382" role=""/>
  <member type="way" ref="83804956" role=""/>
  <member type="way" ref="439140816" role=""/>
  <member type="way" ref="439128889" role=""/>
  <member type="way" ref="261806889" role=""/>
  <member type="way" ref="1486073478" role=""/>
  <member type="way" ref="1486073477" role=""/>
  <member type="way" ref="1530960782" role=""/>
  <member type="way" ref="1531319097" role=""/>
  <member type="way" ref="261806887" role=""/>
  <member type="way" ref="190273757" role=""/>
  <member type="way" ref="844163709" role=""/>
  <member type="way" ref="99699004" role=""/>
  <member type="way" ref="439140814" role=""/>
  <member type="way" ref="439140815" role=""/>
  <member type="way" ref="191030953" role=""/>
  <member type="way" ref="1530959738" role=""/>
  <member type="way" ref="1213458398" role=""/>
  <member type="way" ref="1213458399" role=""/>
  <member type="way" ref="191030963" role=""/>
  <member type="way" ref="58416834" role=""/>
  <member type="way" ref="1534808968" role=""/>
  <member type="way" ref="1530959735" role=""/>
  <member type="way" ref="189648867" role=""/>
  <member type="way" ref="58416841" role=""/>
  <member type="way" ref="58416846" role=""/>
  <member type="way" ref="58416839" role=""/>
  <member type="way" ref="58416861" role=""/>
  <member type="way" ref="192046769" role=""/>
  <member type="way" ref="192047021" role=""/>
  <member type="way" ref="261806890" role=""/>
  <member type="way" ref="261806888" role=""/>
  <member type="way" ref="1486053072" role=""/>
  <member type="way" ref="1486053071" role=""/>
  <member type="way" ref="1530959730" role=""/>
  <member type="way" ref="439128887" role=""/>
  <member type="way" ref="189648870" role=""/>
  <member type="way" ref="439128883" role=""/>
  <member type="way" ref="190273751" role=""/>
  <member type="way" ref="190038953" role=""/>
  <member type="way" ref="439128878" role=""/>
  <member type="way" ref="163874663" role=""/>
  <member type="way" ref="439128876" role=""/>
  <member type="way" ref="439128875" role=""/>
  <member type="way" ref="495809396" role=""/>
  <member type="way" ref="439128872" role=""/>
  <member type="way" ref="439128873" role=""/>
  <member type="way" ref="439128870" role=""/>
  <member type="way" ref="98724341" role=""/>
  <member type="way" ref="189196136" role=""/>
  <member type="way" ref="189196138" role=""/>
  <member type="way" ref="844163651" role=""/>
  <member type="way" ref="844163649" role=""/>
  <member type="way" ref="844163650" role=""/>
  <member type="way" ref="189196139" role=""/>
  <member type="way" ref="189196135" role=""/>
  <member type="way" ref="189196137" role=""/>
  <member type="way" ref="98724340" role=""/>
  <member type="way" ref="189196134" role=""/>
  <member type="way" ref="185264906" role=""/>
  <member type="way" ref="185264903" role=""/>
  <member type="way" ref="185264904" role=""/>
  <member type="way" ref="378535551" role=""/>
  <member type="way" ref="378535550" role=""/>
  <member type="way" ref="603273043" role=""/>
  <member type="way" ref="603273049" role=""/>
  <member type="way" ref="185264907" role=""/>
  <member type="way" ref="1435791224" role=""/>
  <member type="way" ref="1435791223" role=""/>
  <member type="way" ref="208179879" role=""/>
  <member type="way" ref="208179880" role=""/>
  <member type="way" ref="207256319" role=""/>
  <member type="way" ref="207256318" role=""/>
  <member type="way" ref="207256317" role=""/>
  <member type="way" ref="207256320" role=""/>
  <member type="way" ref="439128869" role=""/>
  <member type="way" ref="400909448" role=""/>
  <member type="way" ref="381218063" role=""/>
  <member type="way" ref="381218068" role=""/>
  <member type="way" ref="381201476" role=""/>
  <member type="way" ref="472845046" role=""/>
  <member type="way" ref="207255949" role=""/>
  <member type="way" ref="439128867" role=""/>
  <member type="way" ref="262154453" role=""/>
  <member type="way" ref="439128848" role=""/>
  <member type="way" ref="379398400" role=""/>
  <member type="way" ref="439128849" role=""/>
  <member type="way" ref="402980577" role=""/>
  <member type="way" ref="1216411688" role=""/>
  <member type="way" ref="1216411687" role=""/>
  <member type="way" ref="439128851" role=""/>
  <member type="way" ref="209699471" role=""/>
  <member type="way" ref="209699472" role=""/>
  <member type="way" ref="156491456" role=""/>
  <member type="way" ref="209722909" role=""/>
  <member type="way" ref="156491460" role=""/>
  <member type="way" ref="156491417" role=""/>
  <member type="way" ref="637801096" role=""/>
  <member type="way" ref="637801092" role=""/>
  <member type="way" ref="439128852" role=""/>
  <member type="way" ref="637801105" role=""/>
  <member type="way" ref="637801109" role=""/>
  <member type="way" ref="439128854" role=""/>
  <member type="way" ref="207134788" role=""/>
  <member type="way" ref="207134787" role=""/>
  <member type="way" ref="164074157" role=""/>
  <member type="way" ref="107301425" role=""/>
  <member type="way" ref="75040072" role=""/>
  <member type="way" ref="1365017198" role=""/>
  <member type="way" ref="1365017197" role=""/>
  <member type="way" ref="439128857" role=""/>
  <member type="way" ref="114677908" role=""/>
  <member type="way" ref="439128858" role=""/>
  <member type="way" ref="463384675" role=""/>
  <member type="way" ref="128649400" role=""/>
  <member type="way" ref="128647319" role=""/>
  <member type="way" ref="128644715" role=""/>
  <member type="way" ref="128642322" role=""/>
  <member type="way" ref="128645087" role=""/>
  <member type="way" ref="128644060" role=""/>
  <member type="way" ref="128645101" role=""/>
  <member type="way" ref="128647527" role=""/>
  <member type="way" ref="474508319" role=""/>
  <member type="way" ref="128642416" role=""/>
  <member type="way" ref="262154450" role=""/>
  <member type="way" ref="88209795" role=""/>
  <member type="way" ref="439128824" role=""/>
  <member type="way" ref="439128823" role=""/>
  <member type="way" ref="128640294" role=""/>
  <member type="way" ref="128644301" role=""/>
  <member type="way" ref="128649264" role=""/>
  <member type="way" ref="128646587" role=""/>
  <member type="way" ref="128647594" role=""/>
  <member type="way" ref="128642956" role=""/>
  <member type="way" ref="128645091" role=""/>
  <member type="way" ref="128644543" role=""/>
  <member type="way" ref="128644641" role=""/>
  <member type="way" ref="439128822" role=""/>
  <member type="way" ref="128638864" role=""/>
  <member type="way" ref="128638850" role=""/>
  <member type="way" ref="1410089426" role=""/>
  <member type="way" ref="1410089425" role=""/>
  <member type="way" ref="128647461" role=""/>
  <member type="way" ref="128645018" role=""/>
  <member type="way" ref="128639515" role=""/>
  <member type="way" ref="128647378" role=""/>
  <member type="way" ref="439005791" role=""/>
  <member type="way" ref="439005792" role=""/>
  <member type="way" ref="128641821" role=""/>
  <member type="way" ref="128641888" role=""/>
  <member type="way" ref="128641259" role=""/>
  <member type="way" ref="43273593" role=""/>
  <member type="way" ref="128649262" role=""/>
  <member type="way" ref="128642729" role=""/>
  <member type="way" ref="53647205" role=""/>
  <member type="way" ref="334493733" role=""/>
  <member type="way" ref="699020346" role=""/>
  <member type="way" ref="439005786" role=""/>
  <member type="way" ref="435735084" role=""/>
  <member type="way" ref="439005788" role=""/>
  <member type="way" ref="128646334" role=""/>
  <member type="way" ref="128646075" role=""/>
  <member type="way" ref="128646492" role=""/>
  <member type="way" ref="128648421" role=""/>
  <member type="way" ref="128647295" role=""/>
  <member type="way" ref="128648370" role=""/>
  <member type="way" ref="128644048" role=""/>
  <member type="way" ref="128646668" role=""/>
  <member type="way" ref="128648272" role=""/>
  <member type="way" ref="439005782" role=""/>
  <member type="way" ref="439005781" role=""/>
  <member type="way" ref="128649445" role=""/>
  <member type="way" ref="1454668796" role=""/>
  <member type="way" ref="128644180" role=""/>
  <member type="way" ref="439005779" role=""/>
  <member type="way" ref="128647622" role=""/>
  <member type="way" ref="462901298" role=""/>
  <member type="way" ref="128641818" role=""/>
  <member type="way" ref="439005777" role=""/>
  <member type="way" ref="436516869" role=""/>
  <member type="way" ref="128710797" role=""/>
  <member type="way" ref="439005776" role=""/>
  <member type="way" ref="128713983" role=""/>
  <member type="way" ref="128718875" role=""/>
  <member type="way" ref="128710491" role=""/>
  <member type="way" ref="439005775" role=""/>
  <member type="way" ref="439005773" role=""/>
  <member type="way" ref="439009691" role=""/>
  <member type="way" ref="128712513" role=""/>
  <member type="way" ref="439005770" role=""/>
  <member type="way" ref="439005769" role=""/>
  <member type="way" ref="128710234" role=""/>
  <member type="way" ref="128714738" role=""/>
  <member type="way" ref="435752445" role=""/>
  <member type="way" ref="128710943" role=""/>
  <member type="way" ref="439009694" role=""/>
  <member type="way" ref="439005761" role=""/>
  <member type="way" ref="128712666" role=""/>
  <member type="way" ref="439005764" role=""/>
  <member type="way" ref="229393205" role=""/>
  <member type="way" ref="439005758" role=""/>
  <member type="way" ref="439005753" role=""/>
  <member type="way" ref="128719800" role=""/>
  <member type="way" ref="128718774" role=""/>
  <member type="way" ref="128720782" role=""/>
  <member type="way" ref="128720338" role=""/>
  <member type="way" ref="128718615" role=""/>
  <member type="way" ref="466549986" role=""/>
  <member type="way" ref="714128551" role=""/>
  <member type="way" ref="128714510" role=""/>
  <member type="way" ref="128716873" role=""/>
  <member type="way" ref="128719309" role=""/>
  <member type="way" ref="128715072" role=""/>
  <member type="way" ref="128716465" role=""/>
  <member type="way" ref="128710790" role=""/>
  <member type="way" ref="128717321" role=""/>
  <member type="way" ref="128710997" role=""/>
  <member type="way" ref="128721551" role=""/>
  <member type="way" ref="128720056" role=""/>
  <member type="way" ref="128710501" role=""/>
  <member type="way" ref="128721289" role=""/>
  <member type="way" ref="128709722" role=""/>
  <member type="way" ref="439005741" role=""/>
  <member type="way" ref="128708800" role=""/>
  <member type="way" ref="128708795" role=""/>
  <member type="way" ref="439005745" role=""/>
  <member type="way" ref="439005743" role=""/>
  <member type="way" ref="379642491" role=""/>
  <member type="way" ref="379642492" role=""/>
  <member type="way" ref="375775947" role=""/>
  <member type="way" ref="375775946" role=""/>
  <member type="way" ref="375775950" role=""/>
  <member type="way" ref="375775949" role=""/>
  <member type="way" ref="375775951" role=""/>
  <member type="way" ref="1054377604" role=""/>
  <member type="way" ref="1054377605" role=""/>
  <member type="way" ref="32900511" role=""/>
  <member type="way" ref="421988695" role=""/>
  <member type="way" ref="1181141434" role=""/>
  <member type="way" ref="421988694" role=""/>
  <member type="way" ref="144747181" role=""/>
  <member type="way" ref="1091131114" role=""/>
  <member type="way" ref="403107688" role=""/>
  <member type="way" ref="32900455" role=""/>
  <member type="way" ref="439005740" role=""/>
  <member type="way" ref="120132589" role=""/>
  <member type="way" ref="601579179" role=""/>
  <member type="way" ref="62642177" role=""/>
  <member type="way" ref="439005737" role=""/>
  <member type="way" ref="117807457" role=""/>
  <member type="way" ref="37060414" role=""/>
  <member type="way" ref="438085373" role=""/>
  <member type="way" ref="184101854" role=""/>
  <member type="way" ref="270792951" role=""/>
  <member type="way" ref="1181077633" role=""/>
  <member type="way" ref="1181077634" role=""/>
  <member type="way" ref="184100697" role=""/>
  <member type="way" ref="184100486" role=""/>
  <member type="way" ref="438085368" role=""/>
  <member type="way" ref="438085359" role=""/>
  <member type="way" ref="269488574" role=""/>
  <member type="way" ref="269488576" role=""/>
  <member type="way" ref="438085355" role=""/>
  <member type="way" ref="160941342" role=""/>
  <member type="way" ref="438085343" role=""/>
  <member type="way" ref="438085369" role=""/>
  <member type="way" ref="438085367" role=""/>
  <member type="way" ref="32684692" role=""/>
  <member type="way" ref="439009704" role=""/>
  <member type="way" ref="99462485" role=""/>
  <member type="way" ref="269143744" role=""/>
  <member type="way" ref="117809099" role=""/>
  <member type="way" ref="438085352" role=""/>
  <member type="way" ref="160940616" role=""/>
  <member type="way" ref="523585522" role=""/>
  <member type="way" ref="523585521" role=""/>
  <member type="way" ref="144111295" role=""/>
  <member type="way" ref="144112285" role=""/>
  <member type="way" ref="118899073" role=""/>
  <member type="way" ref="437844969" role=""/>
  <member type="way" ref="144111047" role=""/>
  <member type="way" ref="144111065" role=""/>
  <member type="way" ref="144111051" role=""/>
  <member type="way" ref="144111068" role=""/>
  <member type="way" ref="1180383951" role=""/>
  <member type="way" ref="500382583" role=""/>
  <member type="way" ref="437844968" role=""/>
  <member type="way" ref="425647138" role=""/>
  <member type="way" ref="425647134" role=""/>
  <member type="way" ref="437844967" role=""/>
  <member type="way" ref="144245405" role=""/>
  <member type="way" ref="437844965" role=""/>
  <member type="way" ref="49459342" role=""/>
  <member type="way" ref="51062628" role=""/>
  <member type="way" ref="437844960" role=""/>
  <member type="way" ref="437844961" role=""/>
  <member type="way" ref="437844962" role=""/>
  <member type="way" ref="437844963" role=""/>
  <member type="way" ref="1253965972" role=""/>
  <member type="way" ref="182164927" role=""/>
  <member type="way" ref="1253965971" role=""/>
  <member type="way" ref="98288563" role=""/>
  <member type="way" ref="1225871753" role=""/>
  <member type="way" ref="1225871752" role=""/>
  <member type="way" ref="183680258" role=""/>
  <member type="way" ref="183680259" role=""/>
  <member type="way" ref="425365821" role=""/>
  <member type="way" ref="425365822" role=""/>
  <member type="way" ref="1176286997" role=""/>
  <member type="way" ref="1176286996" role=""/>
  <member type="way" ref="48890393" role=""/>
  <member type="way" ref="288584437" role=""/>
  <member type="way" ref="48890347" role=""/>
  <member type="way" ref="146628286" role=""/>
  <member type="way" ref="849235984" role=""/>
  <member type="way" ref="48891242" role=""/>
  <member type="way" ref="49395291" role=""/>
  <member type="way" ref="437835273" role=""/>
  <member type="way" ref="149827814" role=""/>
  <member type="way" ref="149827821" role=""/>
  <member type="way" ref="57091388" role=""/>
  <member type="way" ref="142663084" role=""/>
  <member type="way" ref="142591773" role=""/>
  <member type="way" ref="160566328" role=""/>
  <member type="way" ref="174239178" role=""/>
  <member type="way" ref="437812326" role=""/>
  <member type="way" ref="1173696047" role=""/>
  <member type="way" ref="163403354" role=""/>
  <member type="way" ref="1173696048" role=""/>
  <member type="way" ref="437812325" role=""/>
  <member type="way" ref="437812324" role=""/>
  <member type="way" ref="140690110" role=""/>
  <member type="way" ref="437812321" role=""/>
  <member type="way" ref="126223046" role=""/>
  <member type="way" ref="1102286736" role=""/>
  <member type="way" ref="1102286737" role=""/>
  <member type="way" ref="126222040" role=""/>
  <member type="way" ref="126222052" role=""/>
  <member type="way" ref="164989098" role=""/>
  <member type="way" ref="165004204" role=""/>
  <member type="way" ref="164993866" role=""/>
  <member type="way" ref="165004619" role=""/>
  <member type="way" ref="165007329" role=""/>
  <member type="way" ref="165002108" role=""/>
  <member type="way" ref="437796018" role=""/>
  <member type="way" ref="548389578" role=""/>
  <member type="way" ref="165006856" role=""/>
  <member type="way" ref="1104824749" role=""/>
  <member type="way" ref="437730677" role=""/>
  <member type="way" ref="437730676" role=""/>
  <member type="way" ref="437730673" role=""/>
  <member type="way" ref="165004322" role=""/>
  <member type="way" ref="164991898" role=""/>
  <member type="way" ref="1106489349" role=""/>
  <member type="way" ref="165005293" role=""/>
  <member type="way" ref="437730658" role=""/>
  <member type="way" ref="26214743" role=""/>
  <member type="way" ref="164992208" role=""/>
  <member type="way" ref="164993340" role=""/>
  <member type="way" ref="165000906" role=""/>
  <member type="way" ref="164992167" role=""/>
  <member type="way" ref="165009045" role=""/>
  <member type="way" ref="165005440" role=""/>
  <member type="way" ref="164999166" role=""/>
  <member type="way" ref="1314344520" role=""/>
  <member type="way" ref="1314344521" role=""/>
  <member type="way" ref="164988745" role=""/>
  <member type="way" ref="437709368" role=""/>
  <member type="way" ref="943729802" role=""/>
  <member type="way" ref="165006060" role=""/>
  <member type="way" ref="164994432" role=""/>
  <member type="way" ref="165005778" role=""/>
  <member type="way" ref="165010259" role=""/>
  <member type="way" ref="164993005" role=""/>
  <member type="way" ref="437730641" role=""/>
  <member type="way" ref="437730643" role=""/>
  <member type="way" ref="134423671" role=""/>
  <member type="way" ref="437730646" role=""/>
  <member type="way" ref="1094440716" role=""/>
  <member type="way" ref="437730644" role=""/>
  <member type="way" ref="437730653" role=""/>
  <member type="way" ref="1475205971" role=""/>
  <member type="way" ref="437730652" role=""/>
  <member type="way" ref="165007662" role=""/>
  <member type="way" ref="164998664" role=""/>
  <member type="way" ref="164997301" role=""/>
  <member type="way" ref="961150858" role=""/>
  <member type="way" ref="165006745" role=""/>
  <member type="way" ref="165002151" role=""/>
  <member type="way" ref="1265029346" role=""/>
  <member type="way" ref="1265029347" role=""/>
  <member type="way" ref="437709341" role=""/>
  <member type="way" ref="437536378" role=""/>
  <member type="way" ref="437709343" role=""/>
  <member type="way" ref="1265029348" role=""/>
  <member type="way" ref="1265029345" role=""/>
  <member type="way" ref="164993586" role=""/>
  <member type="way" ref="437536379" role=""/>
  <member type="way" ref="437536380" role=""/>
  <member type="way" ref="175241534" role=""/>
  <member type="way" ref="437536375" role=""/>
  <member type="way" ref="255355299" role=""/>
  <member type="way" ref="175237672" role=""/>
  <member type="way" ref="175248848" role=""/>
  <member type="way" ref="175239178" role=""/>
  <member type="way" ref="175244443" role=""/>
  <member type="way" ref="175231144" role=""/>
  <member type="way" ref="175232585" role=""/>
  <member type="way" ref="175253204" role=""/>
  <member type="way" ref="175229507" role=""/>
  <member type="way" ref="175234901" role=""/>
  <member type="way" ref="175234359" role=""/>
  <member type="way" ref="175252746" role=""/>
  <member type="way" ref="437536371" role=""/>
  <member type="way" ref="727444009" role=""/>
  <member type="way" ref="727444010" role=""/>
  <member type="way" ref="437536362" role=""/>
  <member type="way" ref="437536370" role=""/>
  <member type="way" ref="437536369" role=""/>
  <member type="way" ref="175233568" role=""/>
  <member type="way" ref="175253375" role=""/>
  <member type="way" ref="437536366" role=""/>
  <member type="way" ref="437536367" role=""/>
  <member type="way" ref="175250447" role=""/>
  <member type="way" ref="437536374" role=""/>
  <member type="way" ref="175228437" role=""/>
  <member type="way" ref="175227421" role=""/>
  <member type="way" ref="26214774" role=""/>
  <member type="way" ref="73244519" role=""/>
  <member type="way" ref="437536363" role=""/>
  <member type="way" ref="175252051" role=""/>
  <member type="way" ref="175238121" role=""/>
  <member type="way" ref="175240903" role=""/>
  <member type="way" ref="175246371" role=""/>
  <member type="way" ref="175253850" role=""/>
  <member type="way" ref="175249379" role=""/>
  <member type="way" ref="175248782" role="excursion"/>
  <member type="way" ref="175248782" role="excursion"/>
  <member type="way" ref="175234476" role="alternative"/>
  <member type="way" ref="632685432" role="alternative"/>
  <member type="way" ref="632685430" role="alternative"/>
  <member type="way" ref="632685431" role="alternative"/>
  <member type="way" ref="1165383728" role="alternative"/>
  <member type="way" ref="175246920" role="alternative"/>
  <member type="way" ref="632685466" role="alternative"/>
  <member type="way" ref="632685467" role="alternative"/>
  <member type="way" ref="1165383726" role="excursion"/>
  <member type="way" ref="1165383726" role="excursion"/>
  <member type="way" ref="73244502" role=""/>
  <member type="way" ref="175249001" role=""/>
  <member type="way" ref="175253824" role=""/>
  <member type="way" ref="175242193" role=""/>
  <member type="way" ref="175237063" role=""/>
  <member type="way" ref="175230486" role=""/>
  <member type="way" ref="929157621" role=""/>
  <member type="way" ref="929157620" role=""/>
  <member type="way" ref="175242993" role="alternative"/>
  <member type="way" ref="73244487" role="alternative"/>
  <member type="way" ref="73244518" role="alternative"/>
  <member type="way" ref="73244522" role="alternative"/>
  <member type="way" ref="437536360" role="alternative"/>
  <member type="way" ref="73244507" role=""/>
  <member type="way" ref="73236612" role=""/>
  <member type="way" ref="380983024" role=""/>
  <member type="way" ref="67360747" role=""/>
  <member type="way" ref="67360751" role=""/>
  <member type="way" ref="255351364" role=""/>
  <member type="way" ref="437536357" role=""/>
  <member type="way" ref="430414579" role=""/>
  <member type="way" ref="430414580" role=""/>
  <member type="way" ref="72867564" role=""/>
  <member type="way" ref="437536356" role=""/>
  <member type="way" ref="201264131" role=""/>
  <member type="way" ref="380652945" role=""/>
  <member type="way" ref="380652944" role=""/>
  <member type="way" ref="72867554" role=""/>
  <member type="way" ref="67362095" role=""/>
  <member type="way" ref="437536349" role=""/>
  <member type="way" ref="589360720" role=""/>
  <member type="way" ref="67359173" role=""/>
  <member type="way" ref="1165318962" role=""/>
  <member type="way" ref="73223015" role=""/>
  <member type="way" ref="73225563" role=""/>
  <member type="way" ref="73223021" role=""/>
  <member type="way" ref="73223026" role=""/>
  <member type="way" ref="73223016" role=""/>
  <member type="way" ref="797575950" role=""/>
  <member type="way" ref="73223017" role=""/>
  <member type="way" ref="201263981" role=""/>
  <member type="way" ref="201260428" role=""/>
  <member type="way" ref="201263872" role=""/>
  <member type="way" ref="201263409" role=""/>
  <member type="way" ref="201263697" role=""/>
  <member type="way" ref="201264067" role="excursion"/>
  <member type="way" ref="201264067" role="excursion"/>
  <member type="way" ref="201261914" role="alternative"/>
  <member type="way" ref="201263610" role="alternative"/>
  <member type="way" ref="304242163" role="alternative"/>
  <member type="way" ref="201260467" role=""/>
  <member type="way" ref="201264230" role=""/>
  <member type="way" ref="201261819" role=""/>
  <member type="way" ref="563801216" role=""/>
  <member type="way" ref="201263580" role=""/>
  <member type="way" ref="201261227" role=""/>
  <member type="way" ref="201260402" role=""/>
  <member type="way" ref="201261087" role=""/>
  <member type="way" ref="201261915" role=""/>
  <member type="way" ref="201261800" role=""/>
  <member type="way" ref="437536344" role=""/>
  <member type="way" ref="201264758" role=""/>
  <member type="way" ref="201264760" role=""/>
  <member type="way" ref="1122272402" role=""/>
  <member type="way" ref="175368699" role=""/>
  <member type="way" ref="350033363" role=""/>
  <member type="way" ref="201260272" role=""/>
  <member type="way" ref="201262090" role=""/>
  <member type="way" ref="32742024" role=""/>
  <member type="way" ref="201261168" role=""/>
  <member type="way" ref="201261958" role=""/>
  <member type="way" ref="201260963" role=""/>
  <member type="way" ref="350033460" role=""/>
  <member type="way" ref="350033461" role=""/>
  <member type="way" ref="201261009" role=""/>
  <member type="way" ref="350033457" role=""/>
  <member type="way" ref="1023560059" role=""/>
  <member type="way" ref="1023560061" role=""/>
  <member type="way" ref="201260344" role=""/>
  <member type="way" ref="201260353" role=""/>
  <member type="way" ref="201264658" role=""/>
  <member type="way" ref="201262223" role=""/>
  <member type="way" ref="201262771" role=""/>
  <member type="way" ref="201264558" role=""/>
  <member type="way" ref="201262156" role=""/>
  <member type="way" ref="201262315" role=""/>
  <member type="way" ref="201260805" role=""/>
  <member type="way" ref="201260852" role=""/>
  <member type="way" ref="201261999" role=""/>
  <member type="way" ref="1020429884" role=""/>
  <member type="way" ref="940640161" role=""/>
  <member type="way" ref="288809123" role=""/>
  <member type="way" ref="288809122" role=""/>
  <member type="way" ref="288809129" role=""/>
  <member type="way" ref="288809132" role=""/>
  <member type="way" ref="288809142" role=""/>
  <member type="way" ref="1385719977" role=""/>
  <member type="way" ref="1385719978" role=""/>
  <member type="way" ref="1000313806" role=""/>
  <member type="way" ref="1000313807" role=""/>
  <member type="way" ref="125166056" role=""/>
  <member type="way" ref="1000313809" role=""/>
  <member type="way" ref="1159978036" role=""/>
  <member type="way" ref="201261588" role=""/>
  <member type="way" ref="201261051" role=""/>
  <member type="way" ref="1159978034" role=""/>
  <member type="way" ref="1159978035" role=""/>
  <member type="way" ref="201260457" role=""/>
  <member type="way" ref="1159978031" role=""/>
  <member type="way" ref="1159978030" role=""/>
  <member type="way" ref="1160079417" role=""/>
  <member type="way" ref="32741990" role=""/>
  <member type="way" ref="1385719979" role=""/>
  <member type="way" ref="1385719980" role=""/>
  <member type="way" ref="125241988" role=""/>
  <member type="way" ref="379766276" role=""/>
  <member type="way" ref="350033390" role=""/>
  <member type="way" ref="379766280" role=""/>
  <member type="way" ref="379766281" role=""/>
  <member type="way" ref="1000313825" role=""/>
  <member type="way" ref="1000313826" role=""/>
  <member type="way" ref="125166274" role=""/>
  <member type="way" ref="125166283" role=""/>
  <member type="way" ref="125166287" role=""/>
  <member type="way" ref="350033382" role=""/>
  <member type="way" ref="125242321" role=""/>
  <member type="way" ref="125242322" role=""/>
  <member type="way" ref="125242095" role=""/>
  <member type="way" ref="125242156" role=""/>
  <member type="way" ref="125242235" role=""/>
  <member type="way" ref="349795959" role=""/>
  <member type="way" ref="349795953" role=""/>
  <member type="way" ref="125242230" role=""/>
  <member type="way" ref="125242080" role=""/>
  <member type="way" ref="125242069" role=""/>
  <member type="way" ref="125242231" role=""/>
  <member type="way" ref="125242225" role=""/>
  <member type="way" ref="125242219" role=""/>
  <member type="way" ref="125242243" role=""/>
  <member type="way" ref="125242228" role=""/>
  <member type="way" ref="125242288" role=""/>
  <member type="way" ref="125242289" role=""/>
  <member type="way" ref="125242296" role=""/>
  <member type="way" ref="125242245" role=""/>
  <member type="way" ref="1014520299" role=""/>
  <member type="way" ref="1014520298" role=""/>
  <member type="way" ref="125242327" role=""/>
  <member type="way" ref="125242303" role=""/>
  <member type="way" ref="125242324" role=""/>
  <member type="way" ref="1014520302" role=""/>
  <member type="way" ref="1014520303" role=""/>
  <member type="way" ref="125308123" role=""/>
  <member type="way" ref="349795949" role=""/>
  <member type="way" ref="125305734" role=""/>
  <member type="way" ref="125305822" role=""/>
  <member type="way" ref="125305814" role="excursion"/>
  <member type="way" ref="349795946" role="excursion"/>
  <member type="way" ref="349795940" role="excursion"/>
  <member type="way" ref="349795940" role="excursion"/>
  <member type="way" ref="349795946" role="excursion"/>
  <member type="way" ref="125305814" role="excursion"/>
  <member type="way" ref="125305597" role="alternative"/>
  <member type="way" ref="1158575544" role="alternative"/>
  <member type="way" ref="677560097" role="alternative"/>
  <member type="way" ref="125305821" role="alternative"/>
  <member type="way" ref="1157941050" role="alternative"/>
  <member type="way" ref="125305678" role="alternative"/>
  <member type="way" ref="125305668" role="alternative"/>
  <member type="way" ref="125305628" role="alternative"/>
  <member type="way" ref="125305614" role="alternative"/>
  <member type="way" ref="125305697" role="alternative"/>
  <member type="way" ref="125305589" role="alternative"/>
  <member type="way" ref="347977643" role="excursion"/>
  <member type="way" ref="125305600" role="excursion"/>
  <member type="way" ref="1157941053" role="excursion"/>
  <member type="way" ref="1157941053" role="excursion"/>
  <member type="way" ref="125305600" role="excursion"/>
  <member type="way" ref="347977643" role="excursion"/>
  <member type="way" ref="349795939" role=""/>
  <member type="way" ref="125464467" role=""/>
  <member type="way" ref="125464469" role=""/>
  <member type="way" ref="125464517" role=""/>
  <member type="way" ref="125464508" role=""/>
  <member type="way" ref="125464494" role=""/>
  <member type="way" ref="125464513" role=""/>
  <member type="way" ref="125464502" role=""/>
  <member type="way" ref="125464519" role=""/>
  <member type="way" ref="125464454" role=""/>
  <member type="way" ref="125621668" role=""/>
  <member type="way" ref="125621688" role=""/>
  <member type="way" ref="125623051" role=""/>
  <member type="way" ref="125623560" role=""/>
  <member type="way" ref="125622250" role=""/>
  <member type="way" ref="125622124" role=""/>
  <member type="way" ref="125623288" role=""/>
  <member type="way" ref="125623500" role=""/>
  <member type="way" ref="125621879" role=""/>
  <member type="way" ref="125623085" role=""/>
  <member type="way" ref="125623625" role=""/>
  <member type="way" ref="125622098" role=""/>
  <member type="way" ref="125623453" role=""/>
  <member type="way" ref="125623369" role=""/>
  <member type="way" ref="125622968" role=""/>
  <member type="way" ref="125342469" role=""/>
  <member type="way" ref="125342203" role=""/>
  <member type="way" ref="125342065" role=""/>
  <member type="way" ref="347977642" role=""/>
  <member type="way" ref="125342375" role=""/>
  <member type="way" ref="125341882" role=""/>
  <member type="way" ref="125342584" role=""/>
  <member type="way" ref="125342601" role=""/>
  <member type="way" ref="125342506" role=""/>
  <member type="way" ref="125342489" role=""/>
  <member type="way" ref="125342521" role=""/>
  <member type="way" ref="125342389" role=""/>
  <member type="way" ref="125341826" role=""/>
  <member type="way" ref="725948961" role=""/>
  <member type="way" ref="841145477" role=""/>
  <member type="way" ref="841145476" role=""/>
  <member type="way" ref="330895447" role=""/>
  <member type="way" ref="125462943" role=""/>
  <member type="way" ref="125462957" role=""/>
  <member type="way" ref="125462904" role=""/>
  <member type="way" ref="125462896" role=""/>
  <member type="way" ref="125463006" role=""/>
  <member type="way" ref="125463030" role=""/>
  <member type="way" ref="125463015" role=""/>
  <member type="way" ref="439009717" role=""/>
  <member type="way" ref="125462946" role=""/>
  <member type="way" ref="125463005" role=""/>
  <member type="way" ref="125462966" role=""/>
  <member type="way" ref="125462997" role=""/>
  <member type="way" ref="125462951" role=""/>
  <member type="way" ref="125463019" role=""/>
  <member type="way" ref="125462987" role=""/>
  <member type="way" ref="125462937" role=""/>
  <member type="way" ref="125463018" role=""/>
  <member type="way" ref="125463021" role=""/>
  <member type="way" ref="249161232" role=""/>
  <member type="way" ref="262032712" role=""/>
  <member type="way" ref="125458293" role=""/>
  <member type="way" ref="125457808" role=""/>
  <member type="way" ref="249161229" role=""/>
  <member type="way" ref="125458951" role=""/>
  <member type="way" ref="125457547" role=""/>
  <member type="way" ref="125458350" role=""/>
  <member type="way" ref="125458589" role=""/>
  <member type="way" ref="125458715" role=""/>
  <member type="way" ref="125458416" role=""/>
  <member type="way" ref="125457498" role=""/>
  <member type="way" ref="125458511" role=""/>
  <member type="way" ref="125457673" role=""/>
  <member type="way" ref="1223545302" role=""/>
  <member type="way" ref="1223545303" role=""/>
  <member type="way" ref="1021313446" role=""/>
  <member type="way" ref="125457608" role=""/>
  <member type="way" ref="1021313445" role=""/>
  <member type="way" ref="125457565" role=""/>
  <member type="way" ref="125458725" role=""/>
  <member type="way" ref="125457534" role=""/>
  <member type="way" ref="125457519" role=""/>
  <member type="way" ref="125457840" role=""/>
  <member type="way" ref="125458614" role=""/>
  <member type="way" ref="125457787" role=""/>
  <member type="way" ref="125458710" role=""/>
  <member type="way" ref="125458625" role=""/>
  <member type="way" ref="125457616" role=""/>
  <member type="way" ref="125301535" role=""/>
  <member type="way" ref="125301472" role=""/>
  <member type="way" ref="125301426" role=""/>
  <member type="way" ref="125301455" role=""/>
  <member type="way" ref="125301475" role=""/>
  <member type="way" ref="1021316870" role=""/>
  <member type="way" ref="1021316871" role=""/>
  <member type="way" ref="125301448" role=""/>
  <member type="way" ref="125301467" role=""/>
  <member type="way" ref="125301428" role=""/>
  <member type="way" ref="125301497" role=""/>
  <member type="way" ref="125301601" role=""/>
  <member type="way" ref="267023461" role=""/>
  <member type="way" ref="267023460" role=""/>
  <member type="way" ref="267023466" role="alternative"/>
  <member type="way" ref="125301360" role="alternative"/>
  <member type="way" ref="125301365" role="alternative"/>
  <member type="way" ref="1052436755" role="alternative"/>
  <member type="way" ref="1052436754" role="alternative"/>
  <member type="way" ref="1158575546" role="alternative"/>
  <member type="way" ref="1158575547" role="alternative"/>
  <member type="way" ref="638624579" role="alternative"/>
  <member type="way" ref="638624584" role="alternative"/>
  <member type="way" ref="638624586" role="alternative"/>
  <member type="way" ref="638624585" role="alternative"/>
  <member type="way" ref="638624581" role="alternative"/>
  <member type="way" ref="638624582" role="alternative"/>
  <member type="way" ref="638624583" role="alternative"/>
  <member type="way" ref="638624573" role="alternative"/>
  <member type="way" ref="647726539" role="alternative"/>
  <member type="way" ref="647726540" role="alternative"/>
  <member type="way" ref="638624574" role="alternative"/>
  <member type="way" ref="1158575549" role="alternative"/>
  <member type="way" ref="121667235" role="alternative"/>
  <member type="way" ref="121664205" role="alternative"/>
  <member type="way" ref="121667308" role="excursion"/>
  <member type="way" ref="121667308" role="excursion"/>
  <member type="way" ref="121665405" role=""/>
  <member type="way" ref="121663986" role=""/>
  <member type="way" ref="121666084" role=""/>
  <member type="way" ref="121663912" role=""/>
  <member type="way" ref="121665890" role=""/>
  <member type="way" ref="121664759" role=""/>
  <member type="way" ref="121664083" role=""/>
  <member type="way" ref="121666449" role=""/>
  <member type="way" ref="760454556" role=""/>
  <member type="way" ref="121666918" role=""/>
  <member type="way" ref="121667106" role=""/>
  <member type="way" ref="121665335" role=""/>
  <member type="way" ref="121664941" role=""/>
  <member type="way" ref="121664573" role=""/>
  <member type="way" ref="121665435" role=""/>
  <member type="way" ref="121667271" role=""/>
  <member type="way" ref="121666482" role=""/>
  <member type="way" ref="121667076" role=""/>
  <member type="way" ref="121666511" role=""/>
  <member type="way" ref="121664677" role=""/>
  <member type="way" ref="121665823" role=""/>
  <member type="way" ref="121667131" role=""/>
  <member type="way" ref="121666743" role=""/>
  <member type="way" ref="121664293" role=""/>
  <member type="way" ref="121663991" role=""/>
  <member type="way" ref="121664907" role=""/>
  <member type="way" ref="121664553" role=""/>
  <member type="way" ref="1235116342" role=""/>
  <member type="way" ref="1235116343" role=""/>
  <member type="way" ref="121666023" role=""/>
  <member type="way" ref="121664105" role=""/>
  <member type="way" ref="121666244" role=""/>
  <member type="way" ref="121667225" role=""/>
  <member type="way" ref="121665515" role=""/>
  <member type="way" ref="121666795" role=""/>
  <member type="way" ref="121667017" role=""/>
  <member type="way" ref="121666713" role=""/>
  <member type="way" ref="121665767" role=""/>
  <member type="way" ref="121666596" role=""/>
  <member type="way" ref="121665341" role=""/>
  <member type="way" ref="121666543" role=""/>
  <member type="way" ref="121665425" role=""/>
  <member type="way" ref="121666628" role=""/>
  <member type="way" ref="121663864" role=""/>
  <member type="way" ref="121666536" role=""/>
  <member type="way" ref="121666988" role=""/>
  <member type="way" ref="121664332" role=""/>
  <member type="way" ref="121666603" role=""/>
  <member type="way" ref="121666285" role=""/>
  <member type="way" ref="121666873" role=""/>
  <member type="way" ref="121666526" role=""/>
  <member type="way" ref="121666919" role=""/>
  <member type="way" ref="121664318" role=""/>
  <member type="way" ref="121666518" role=""/>
  <member type="way" ref="121666228" role=""/>
  <member type="way" ref="121666706" role=""/>
  <member type="way" ref="121666041" role=""/>
  <member type="way" ref="121665361" role=""/>
  <member type="way" ref="121665098" role=""/>
  <member type="way" ref="121665731" role=""/>
  <member type="way" ref="121666878" role=""/>
  <member type="way" ref="121666818" role=""/>
  <member type="way" ref="361084474" role=""/>
  <member type="way" ref="121663842" role=""/>
  <member type="way" ref="668212003" role=""/>
  <member type="way" ref="668212004" role=""/>
  <member type="way" ref="361084476" role=""/>
  <member type="way" ref="121663860" role=""/>
  <member type="way" ref="121665196" role=""/>
  <member type="way" ref="121665015" role=""/>
  <member type="way" ref="121180246" role=""/>
  <member type="way" ref="121179367" role=""/>
  <member type="way" ref="121179309" role=""/>
  <member type="way" ref="121180441" role=""/>
  <member type="way" ref="121180512" role=""/>
  <member type="way" ref="121181741" role=""/>
  <member type="way" ref="121180629" role=""/>
  <member type="way" ref="439009727" role=""/>
  <member type="way" ref="121181319" role=""/>
  <member type="way" ref="121179333" role=""/>
  <member type="way" ref="121181807" role=""/>
  <member type="way" ref="121179234" role=""/>
  <member type="way" ref="121181863" role=""/>
  <member type="way" ref="121181911" role=""/>
  <member type="way" ref="121179311" role=""/>
  <member type="way" ref="121181675" role=""/>
  <member type="way" ref="121180727" role=""/>
  <member type="way" ref="121181484" role=""/>
  <member type="way" ref="121181416" role=""/>
  <member type="way" ref="121181356" role=""/>
  <member type="way" ref="121179014" role=""/>
  <member type="way" ref="121179007" role=""/>
  <member type="way" ref="121182679" role=""/>
  <member type="way" ref="121179016" role=""/>
  <member type="way" ref="121179005" role=""/>
  <member type="way" ref="903760733" role=""/>
  <member type="way" ref="121373390" role=""/>
  <member type="way" ref="904728749" role=""/>
  <member type="way" ref="904728748" role=""/>
  <member type="way" ref="1154427047" role=""/>
  <member type="way" ref="958605352" role=""/>
  <member type="way" ref="121373543" role=""/>
  <member type="way" ref="904881042" role=""/>
  <member type="way" ref="121367309" role=""/>
  <member type="way" ref="486761174" role=""/>
  <member type="way" ref="699832369" role=""/>
  <member type="way" ref="760861625" role=""/>
  <member type="way" ref="699832370" role=""/>
  <member type="way" ref="121372832" role=""/>
  <member type="way" ref="121369545" role=""/>
  <member type="way" ref="121368130" role=""/>
  <member type="way" ref="121368862" role=""/>
  <member type="way" ref="121372129" role=""/>
  <member type="way" ref="121370055" role=""/>
  <member type="way" ref="121371527" role=""/>
  <member type="way" ref="121369732" role=""/>
  <member type="way" ref="121373482" role=""/>
  <member type="way" ref="121372855" role=""/>
  <member type="way" ref="121371329" role=""/>
  <member type="way" ref="361084522" role=""/>
  <member type="way" ref="361084524" role=""/>
  <member type="way" ref="361084523" role=""/>
  <member type="way" ref="760743670" role=""/>
  <member type="way" ref="794593268" role=""/>
  <member type="way" ref="760743676" role=""/>
  <member type="way" ref="121370859" role=""/>
  <member type="way" ref="732644869" role=""/>
  <member type="way" ref="121371354" role=""/>
  <member type="way" ref="544695125" role=""/>
  <member type="way" ref="121372871" role=""/>
  <member type="way" ref="351577327" role=""/>
  <member type="way" ref="121373297" role=""/>
  <member type="way" ref="121372134" role=""/>
  <member type="way" ref="760858194" role=""/>
  <member type="way" ref="760858195" role=""/>
  <member type="way" ref="121372850" role=""/>
  <member type="way" ref="1330322325" role=""/>
  <member type="way" ref="1330322324" role=""/>
  <member type="way" ref="121367561" role=""/>
  <member type="way" ref="760858197" role=""/>
  <member type="way" ref="121373084" role=""/>
  <member type="way" ref="121368505" role=""/>
  <member type="way" ref="121373031" role=""/>
  <member type="way" ref="121372148" role=""/>
  <member type="way" ref="121367559" role=""/>
  <member type="way" ref="121372699" role=""/>
  <member type="way" ref="361084528" role=""/>
  <member type="way" ref="121373105" role=""/>
  <member type="way" ref="121368228" role=""/>
  <member type="way" ref="121373280" role=""/>
  <member type="way" ref="760858215" role=""/>
  <member type="way" ref="760858216" role=""/>
  <member type="way" ref="121372603" role=""/>
  <member type="way" ref="122330641" role=""/>
  <member type="way" ref="760858217" role=""/>
  <member type="way" ref="122330635" role=""/>
  <member type="way" ref="122330718" role=""/>
  <member type="way" ref="122330695" role=""/>
  <member type="way" ref="122330726" role=""/>
  <member type="way" ref="122336725" role=""/>
  <member type="way" ref="122336812" role=""/>
  <member type="way" ref="122336718" role=""/>
  <member type="way" ref="329628584" role=""/>
  <member type="way" ref="122336857" role=""/>
  <member type="way" ref="122201835" role=""/>
  <member type="way" ref="122201978" role=""/>
  <member type="way" ref="122201763" role=""/>
  <member type="way" ref="689167737" role=""/>
  <member type="way" ref="689167736" role=""/>
  <member type="way" ref="122201894" role=""/>
  <member type="way" ref="122201931" role=""/>
  <member type="way" ref="122201762" role=""/>
  <member type="way" ref="122201723" role=""/>
  <member type="way" ref="681623610" role=""/>
  <member type="way" ref="681623609" role=""/>
  <member type="way" ref="361084530" role=""/>
  <member type="way" ref="361084531" role=""/>
  <member type="way" ref="1100645719" role=""/>
  <member type="way" ref="439009734" role=""/>
  <member type="way" ref="474730867" role=""/>
  <member type="way" ref="122325196" role=""/>
  <member type="way" ref="122325193" role=""/>
  <member type="way" ref="122325192" role=""/>
  <member type="way" ref="122325197" role=""/>
  <member type="way" ref="32904319" role=""/>
  <member type="way" ref="1038924027" role=""/>
  <member type="way" ref="32953375" role=""/>
  <member type="way" ref="647801035" role=""/>
  <member type="way" ref="647801034" role=""/>
  <member type="way" ref="647801033" role=""/>
  <member type="way" ref="647801031" role=""/>
  <member type="way" ref="681576941" role=""/>
  <member type="way" ref="681576936" role=""/>
  <member type="way" ref="61794766" role=""/>
  <member type="way" ref="559596287" role=""/>
  <member type="way" ref="121504180" role=""/>
  <member type="way" ref="648723352" role=""/>
  <member type="way" ref="648723354" role=""/>
  <member type="way" ref="121774976" role=""/>
  <member type="way" ref="121774966" role=""/>
  <member type="way" ref="121504298" role=""/>
  <member type="way" ref="121504126" role=""/>
  <member type="way" ref="121503797" role=""/>
  <member type="way" ref="121503925" role=""/>
  <member type="way" ref="121504085" role=""/>
  <member type="way" ref="760652479" role=""/>
  <member type="way" ref="61794774" role=""/>
  <member type="way" ref="121503525" role=""/>
  <member type="way" ref="656499653" role=""/>
  <member type="way" ref="656499650" role=""/>
  <member type="way" ref="760652478" role=""/>
  <member type="way" ref="61794768" role=""/>
  <member type="way" ref="760652476" role=""/>
  <member type="way" ref="760652477" role=""/>
  <member type="way" ref="361084540" role=""/>
  <member type="way" ref="760454553" role=""/>
  <member type="way" ref="361084541" role=""/>
  <member type="way" ref="270862484" role=""/>
  <member type="way" ref="270862498" role=""/>
  <member type="way" ref="121503212" role=""/>
  <member type="way" ref="605563731" role=""/>
  <member type="way" ref="156473154" role=""/>
  <member type="way" ref="683638312" role=""/>
  <member type="way" ref="760669196" role=""/>
  <member type="way" ref="760669195" role=""/>
  <member type="way" ref="605563732" role=""/>
  <member type="way" ref="683638309" role=""/>
  <member type="way" ref="683638310" role=""/>
  <member type="way" ref="683638311" role=""/>
  <member type="way" ref="446424411" role=""/>
  <member type="way" ref="446424412" role=""/>
  <member type="way" ref="446424416" role=""/>
  <member type="way" ref="446424413" role=""/>
  <member type="way" ref="446424414" role=""/>
  <member type="way" ref="446424415" role=""/>
  <member type="way" ref="893622428" role=""/>
  <member type="way" ref="893622427" role=""/>
  <member type="way" ref="760669188" role=""/>
  <member type="way" ref="33847111" role=""/>
  <member type="way" ref="361084551" role=""/>
  <member type="way" ref="361084546" role=""/>
  <member type="way" ref="361084548" role=""/>
  <member type="way" ref="361084547" role=""/>
  <member type="way" ref="950033476" role=""/>
  <member type="way" ref="950033477" role=""/>
  <member type="way" ref="1022778504" role=""/>
  <member type="way" ref="1022778503" role=""/>
  <member type="way" ref="1022778505" role=""/>
  <member type="way" ref="1022778508" role=""/>
  <member type="way" ref="1022778510" role=""/>
  <member type="way" ref="1022778509" role=""/>
  <member type="way" ref="760669186" role=""/>
  <member type="way" ref="760669185" role=""/>
  <member type="way" ref="27014536" role=""/>
  <member type="way" ref="1225584364" role=""/>
  <member type="way" ref="760669184" role=""/>
  <member type="way" ref="1225584363" role=""/>
  <member type="way" ref="760669183" role=""/>
  <member type="way" ref="361084554" role=""/>
  <member type="way" ref="80238907" role=""/>
  <member type="way" ref="508338355" role=""/>
  <member type="way" ref="760677489" role=""/>
  <member type="way" ref="760677488" role=""/>
  <member type="way" ref="760677487" role=""/>
  <member type="way" ref="1245594543" role=""/>
  <member type="way" ref="760677486" role=""/>
  <member type="way" ref="760677485" role=""/>
  <member type="way" ref="375791386" role=""/>
  <member type="way" ref="760677481" role=""/>
  <member type="way" ref="760454554" role=""/>
  <member type="way" ref="552717288" role=""/>
  <member type="way" ref="361084555" role=""/>
  <member type="way" ref="552717283" role=""/>
  <member type="way" ref="625917355" role=""/>
  <member type="way" ref="552717291" role=""/>
  <member type="way" ref="273673321" role=""/>
  <member type="way" ref="28402285" role=""/>
  <member type="way" ref="1498121796" role=""/>
  <member type="way" ref="190883135" role=""/>
  <member type="way" ref="190883139" role=""/>
  <member type="way" ref="1225611250" role=""/>
  <member type="way" ref="199311761" role=""/>
  <member type="way" ref="966474540" role=""/>
  <member type="way" ref="296062479" role=""/>
  <member type="way" ref="753466518" role=""/>
  <member type="way" ref="27794392" role=""/>
  <member type="way" ref="27794399" role=""/>
  <member type="way" ref="361084556" role=""/>
  <member type="way" ref="1219680346" role="site"/>
  <member type="way" ref="1351504857" role=""/>
  <member type="way" ref="1472012423" role=""/>
  <member type="way" ref="1472012422" role=""/>
  <member type="way" ref="678605061" role=""/>
  <member type="way" ref="678605062" role=""/>
  <member type="relation" ref="6531503" role=""/>
  <member type="relation" ref="6545331" role=""/>
  <tag k="from" v="日本橋"/>
  <tag k="name" v="旧東海道"/>
  <tag k="name:en" v="Old Tokaido"/>
  <tag k="name:es" v="Antigua Tokaido"/>
  <tag k="name:fr" v="Tōkaidō"/>
  <tag k="name:ja-Hira" v="きゅうとうかいどう"/>
  <tag k="name:ja-Latn" v="Kyū Tōkaidō"/>
  <tag k="name:ko" v="구 도카이도"/>
  <tag k="network" v="JP:Gokaido"/>
  <tag k="route" v="road"/>
  <tag k="to" v="三条大橋"/>
  <tag k="type" v="route"/>
  <tag k="wikidata" v="Q963514"/>
  <tag k="wikimedia_commons" v="Category:Tōkaidō (road)"/>
  <tag k="wikipedia" v="ja:東海道"/>
 </relation>
 <relation id="8610963" visible="true" version="2" changeset="125616025" timestamp="2022-08-31T14:44:54Z" user="user_8101879" uid="8101879">
  <member type="node" ref="5864648580" role="admin_centre"/>
  <member type="node" ref="5855170855" role="subarea"/>
  <member type="node" ref="5855170854" role="subarea"/>
  <member type="node" ref="5855170823" role="subarea"/>
  <tag k="admin_level" v="9"/>
  <tag k="boundary" v="administrative"/>
  <tag k="fixme" v="boundary without borders"/>
  <tag k="name" v="松葉町"/>
  <tag k="type" v="boundary"/>
 </relation>
 <relation id="10354847" visible="true" version="7" changeset="167151528" timestamp="2025-06-03T20:20:48Z" user="bananapan" uid="10833184">
  <member type="relation" ref="5185746" role="road"/>
  <member type="relation" ref="54496" role="road"/>
  <member type="relation" ref="9561988" role="road"/>
  <member type="node" ref="12566683262" role="guidepost"/>
  <member type="node" ref="12884444898" role="guidepost"/>
  <tag k="historic" v="road"/>
  <tag k="name" v="五街道"/>
  <tag k="network" v="nwn"/>
  <tag k="route" v="road"/>
  <tag k="type" v="route"/>
  <tag k="wikidata" v="Q1195921"/>
  <tag k="wikipedia" v="ja:五街道"/>
 </relation>
 <relation id="11580027" visible="true" version="1" changeset="90406908" timestamp="2020-09-04T09:43:53Z" user="carrotrain" uid="11602661">
  <member type="way" ref="163874600" role="from"/>
  <member type="way" ref="163874600" role="to"/>
  <tag k="restriction" v="no_u_turn"/>
  <tag k="type" v="restriction"/>
 </relation>
 <relation id="11580028" visible="true" version="1" changeset="90406908" timestamp="2020-09-04T09:43:53Z" user="carrotrain" uid="11602661">
  <member type="way" ref="163874600" role="from"/>
  <member type="way" ref="441734041" role="to"/>
  <tag k="restriction" v="no_right_turn"/>
  <tag k="type" v="restriction"/>
 </relation>
</osm>
