time_s,avg_waiting_time,max_waiting_time,throughput,conflict_count
1.0,0.0,0.0,0,0
2.0,0.0,0.0,0,0
3.0,0.0,0.0,0,0
4.0,0.0,0.0,0,0
5.0,0.0,0.0,0,0
6.0,0.0,0.0,0,0
7.0,0.0,0.0,0,0
8.0,0.0,0.0,0,0
9.0,0.0,0.0,0,0
10.0,0.0,0.0,0,0
11.0,0.0,0.0,0,0
12.0,0.0,0.0,0,0
13.0,0.0,0.0,0,0
14.0,0.14285714285714285,1.0,0,0
15.0,0.25,2.0,0,0
16.0,0.0,0.0,0,0
17.0,0.0,0.0,0,0
18.0,0.0,0.0,0,0
19.0,0.0,0.0,0,0
20.0,0.0,0.0,0,0
21.0,0.0,0.0,0,0
22.0,0.09090909090909091,1.0,0,0
23.0,0.16666666666666666,2.0,0,1
24.0,0.0,0.0,0,1
25.0,0.0,0.0,0,1
26.0,0.0,0.0,0,1
27.0,0.07692307692307693,1.0,0,1
28.0,0.0,0.0,0,1
29.0,0.0,0.0,0,1
30.0,0.0,0.0,0,1
31.0,0.0,0.0,0,1
32.0,0.0,0.0,0,1
33.0,0.0,0.0,0,1
34.0,0.0,0.0,0,1
35.0,0.058823529411764705,1.0,0,1
36.0,0.11764705882352941,2.0,0,1
37.0,0.05555555555555555,1.0,0,1
38.0,0.11764705882352941,2.0,0,1
39.0,0.2222222222222222,3.0,0,1
40.0,0.3888888888888889,4.0,0,1
41.0,0.2631578947368421,3.0,0,1
42.0,0.15789473684210525,3.0,0,1
43.0,0.0,0.0,0,1
44.0,0.0,0.0,0,1
45.0,0.0,0.0,0,1
46.0,0.047619047619047616,1.0,0,1
47.0,0.09523809523809523,2.0,0,1
48.0,0.13636363636363635,3.0,0,1
49.0,0.17391304347826086,4.0,0,1
50.0,0.2608695652173913,5.0,0,1
51.0,0.3333333333333333,6.0,0,1
52.0,0.43478260869565216,7.0,0,1
53.0,0.5217391304347826,8.0,0,1
54.0,0.0,0.0,0,1
55.0,0.0,0.0,0,1
56.0,0.0,0.0,0,1
57.0,0.0,0.0,0,1
58.0,0.047619047619047616,1.0,0,1
59.0,0.13043478260869565,2.0,0,1
60.0,0.21739130434782608,3.0,0,1
61.0,0.0,0.0,0,1
62.0,0.0,0.0,0,1
63.0,0.0,0.0,0,1
64.0,0.0,0.0,0,1
65.0,0.0,0.0,0,1
66.0,0.07692307692307693,1.0,0,1
67.0,0.07692307692307693,2.0,0,1
68.0,0.11538461538461539,3.0,0,2
69.0,0.18518518518518517,4.0,0,2
70.0,0.07407407407407407,2.0,0,2
71.0,0.0,0.0,0,2
72.0,0.0,0.0,0,2
73.0,0.0,0.0,0,2
74.0,0.0,0.0,0,2
75.0,0.0,0.0,0,2
76.0,0.0,0.0,0,2
77.0,0.0,0.0,0,2
78.0,0.0,0.0,0,2
79.0,0.0,0.0,0,2
80.0,0.0,0.0,0,2
81.0,0.041666666666666664,1.0,0,2
82.0,0.125,2.0,0,2
83.0,0.16666666666666666,3.0,0,2
84.0,0.2608695652173913,4.0,0,2
85.0,0.3333333333333333,5.0,0,2
86.0,0.43478260869565216,6.0,0,2
87.0,0.5217391304347826,7.0,0,2
88.0,0.6818181818181818,8.0,0,2
89.0,0.782608695652174,9.0,0,2
90.0,1.0,10.0,0,2
91.0,0.6818181818181818,11.0,0,2
92.0,0.5454545454545454,12.0,0,2
93.0,0.0,0.0,0,2
94.0,0.045454545454545456,1.0,0,2
95.0,0.09090909090909091,2.0,0,2
96.0,0.0,0.0,0,2
97.0,0.0,0.0,0,2
98.0,0.0,0.0,0,2
99.0,0.0,0.0,0,2
100.0,0.0,0.0,0,2
101.0,0.0,0.0,0,2
102.0,0.0,0.0,0,2
103.0,0.0,0.0,0,2
104.0,0.0,0.0,0,2
105.0,0.0,0.0,0,2
106.0,0.0,0.0,0,2
107.0,0.0,0.0,0,2
108.0,0.05,1.0,0,2
109.0,0.0,0.0,0,2
110.0,0.0,0.0,0,2
111.0,0.0,0.0,0,2
112.0,0.0,0.0,0,2
113.0,0.0,0.0,0,2
114.0,0.05,1.0,0,2
115.0,0.09090909090909091,2.0,0,2
116.0,0.13636363636363635,3.0,0,2
117.0,0.22727272727272727,4.0,0,2
118.0,0.30434782608695654,5.0,0,2
119.0,0.375,6.0,0,2
120.0,0.4583333333333333,7.0,0,2
121.0,0.2,5.0,0,2
122.0,0.0,0.0,0,2
123.0,0.0,0.0,0,2
124.0,0.0,0.0,0,3
125.0,0.0,0.0,0,4
126.0,0.0,0.0,0,4
127.0,0.04,1.0,0,4
128.0,0.0,0.0,0,4
129.0,0.0,0.0,0,4
130.0,0.0,0.0,0,4
131.0,0.0,0.0,0,4
132.0,0.0,0.0,0,4
133.0,0.0,0.0,0,4
134.0,0.04,1.0,0,4
135.0,0.11538461538461539,2.0,0,4
136.0,0.08,2.0,0,4
137.0,0.11538461538461539,3.0,0,4
138.0,0.0,0.0,0,4
139.0,0.0,0.0,0,4
140.0,0.0,0.0,0,4
141.0,0.0,0.0,0,4
142.0,0.0,0.0,0,4
143.0,0.0,0.0,0,4
144.0,0.0,0.0,0,4
145.0,0.0,0.0,0,4
146.0,0.0,0.0,0,4
147.0,0.037037037037037035,1.0,0,4
148.0,0.07142857142857142,2.0,0,4
149.0,0.10714285714285714,3.0,0,4
150.0,0.19230769230769232,4.0,0,4
151.0,0.28,5.0,0,4
152.0,0.4090909090909091,6.0,0,4
153.0,0.5217391304347826,7.0,0,4
154.0,0.7272727272727273,8.0,0,4
155.0,0.8695652173913043,9.0,0,4
156.0,1.0434782608695652,10.0,0,4
157.0,1.1666666666666667,11.0,0,4
158.0,1.391304347826087,12.0,0,4
159.0,1.3043478260869565,13.0,0,4
160.0,1.4782608695652173,14.0,0,4
161.0,1.5833333333333333,15.0,0,5
162.0,1.826086956521739,16.0,0,5
163.0,1.9583333333333333,17.0,0,5
164.0,2.1666666666666665,18.0,0,5
165.0,2.375,19.0,0,5
166.0,2.4166666666666665,20.0,0,6
167.0,2.52,21.0,0,6
168.0,2.72,22.0,0,6
169.0,2.0,20.0,0,6
170.0,1.375,18.0,0,6
171.0,0.7083333333333334,12.0,0,6
172.0,0.2608695652173913,6.0,0,6
173.0,0.30434782608695654,7.0,0,6
174.0,0.34782608695652173,8.0,0,6
175.0,0.391304347826087,9.0,0,6
176.0,0.43478260869565216,10.0,0,6
177.0,0.4583333333333333,11.0,0,6
178.0,0.5,12.0,0,6
179.0,0.52,13.0,0,6
180.0,0.56,14.0,0,6
181.0,0.6,15.0,0,6
182.0,0.7083333333333334,16.0,0,6
183.0,0.8,17.0,0,6
184.0,1.0454545454545454,18.0,0,6
185.0,1.2380952380952381,19.0,0,6
186.0,1.380952380952381,20.0,0,6
187.0,1.4545454545454546,21.0,0,6
188.0,1.5909090909090908,22.0,0,6
189.0,1.7272727272727273,23.0,0,6
190.0,1.8636363636363635,24.0,0,6
191.0,2.0,25.0,0,6
192.0,1.0,11.0,0,6
193.0,0.5238095238095238,11.0,0,6
194.0,0.0,0.0,0,6
195.0,0.0,0.0,0,6
196.0,0.0,0.0,0,6
197.0,0.0,0.0,0,6
198.0,0.1,1.0,0,6
199.0,0.18181818181818182,2.0,0,6
200.0,0.36363636363636365,3.0,0,6
201.0,0.5454545454545454,4.0,0,6
202.0,0.6956521739130435,5.0,0,6
203.0,0.6666666666666666,6.0,0,6
204.0,0.9047619047619048,7.0,0,6
205.0,1.0454545454545454,8.0,0,6
206.0,1.2272727272727273,9.0,0,6
207.0,1.391304347826087,10.0,0,6
208.0,1.608695652173913,11.0,0,6
209.0,1.75,12.0,0,6
210.0,2.0434782608695654,13.0,0,6
211.0,2.260869565217391,14.0,0,6
212.0,2.5217391304347827,15.0,0,6
213.0,2.6666666666666665,16.0,0,6
214.0,2.9166666666666665,17.0,0,6
215.0,2.32,18.0,0,6
216.0,2.56,19.0,0,6
217.0,2.6153846153846154,20.0,0,6
218.0,2.08,19.0,0,6
219.0,1.48,15.0,0,6
220.0,0.36,9.0,0,6
221.0,0.0,0.0,0,6
222.0,0.038461538461538464,1.0,0,6
223.0,0.12,2.0,0,6
224.0,0.20833333333333334,3.0,0,6
225.0,0.28,4.0,0,6
226.0,0.16,4.0,0,6
227.0,0.0,0.0,0,6
228.0,0.041666666666666664,1.0,0,6
229.0,0.08333333333333333,2.0,0,6
230.0,0.13636363636363635,3.0,0,6
231.0,0.17391304347826086,4.0,0,6
232.0,0.0,0.0,0,6
233.0,0.043478260869565216,1.0,0,6
234.0,0.08695652173913043,2.0,0,6
235.0,0.125,3.0,0,6
236.0,0.18181818181818182,4.0,0,6
237.0,0.22727272727272727,5.0,0,6
238.0,0.2857142857142857,6.0,0,6
239.0,0.3181818181818182,7.0,0,6
240.0,0.36363636363636365,8.0,0,6
241.0,0.4090909090909091,9.0,0,6
242.0,0.43478260869565216,10.0,0,6
243.0,0.4583333333333333,11.0,0,6
244.0,0.5652173913043478,12.0,0,6
245.0,0.09090909090909091,2.0,0,6
246.0,0.0,0.0,0,6
247.0,0.0,0.0,0,6
248.0,0.043478260869565216,1.0,0,6
249.0,0.08695652173913043,2.0,0,6
250.0,0.0,0.0,0,6
251.0,0.0,0.0,0,6
252.0,0.041666666666666664,1.0,0,6
253.0,0.0,0.0,0,6
254.0,0.041666666666666664,1.0,0,6
255.0,0.08695652173913043,2.0,0,6
256.0,0.13043478260869565,3.0,0,6
257.0,0.16666666666666666,4.0,0,6
258.0,0.20833333333333334,5.0,0,6
259.0,0.25,6.0,0,6
260.0,0.2916666666666667,7.0,0,6
261.0,0.3333333333333333,8.0,0,6
262.0,0.391304347826087,9.0,0,6
263.0,0.4782608695652174,10.0,0,6
264.0,0.6666666666666666,11.0,0,6
265.0,0.8095238095238095,12.0,0,6
266.0,1.0,13.0,0,6
267.0,1.0869565217391304,14.0,0,6
268.0,0.6363636363636364,6.0,0,6
269.0,0.7391304347826086,7.0,0,6
270.0,0.8333333333333334,8.0,0,6
271.0,1.0454545454545454,9.0,0,6
272.0,0.9090909090909091,10.0,0,6
273.0,0.9130434782608695,11.0,0,6
274.0,1.0434782608695652,12.0,0,6
275.0,1.0416666666666667,13.0,0,6
276.0,1.125,14.0,0,6
277.0,1.16,15.0,0,6
278.0,1.2916666666666667,16.0,0,6
279.0,1.375,17.0,0,6
280.0,1.4583333333333333,18.0,0,6
281.0,1.48,19.0,0,6
282.0,1.625,20.0,0,6
283.0,1.7083333333333333,21.0,0,6
284.0,1.8695652173913044,22.0,0,6
285.0,0.9565217391304348,22.0,0,6
286.0,0.0,0.0,0,6
287.0,0.0,0.0,0,6
288.0,0.0,0.0,0,6
289.0,0.0,0.0,0,6
290.0,0.04,1.0,0,6
291.0,0.08333333333333333,2.0,0,6
292.0,0.12,3.0,0,6
293.0,0.04,1.0,0,6
294.0,0.043478260869565216,1.0,0,6
295.0,0.08695652173913043,2.0,0,6
296.0,0.13043478260869565,3.0,0,6
297.0,0.16666666666666666,4.0,0,6
298.0,0.20833333333333334,5.0,0,6
299.0,0.3076923076923077,6.0,0,6
300.0,0.4230769230769231,7.0,0,6
301.0,0.5185185185185185,8.0,0,6
302.0,0.6538461538461539,9.0,0,6
303.0,0.5769230769230769,10.0,0,6
304.0,0.68,11.0,0,6
305.0,0.5,12.0,0,6
306.0,0.5769230769230769,13.0,0,6
307.0,0.1111111111111111,3.0,0,6
308.0,0.0,0.0,0,6
309.0,0.0,0.0,0,6
310.0,0.0,0.0,0,6
311.0,0.0,0.0,0,6
312.0,0.0,0.0,0,6
313.0,0.034482758620689655,1.0,0,6
314.0,0.06896551724137931,2.0,0,6
315.0,0.10344827586206896,3.0,0,7
316.0,0.13793103448275862,4.0,0,7
317.0,0.19230769230769232,5.0,0,7
318.0,0.2692307692307692,6.0,0,7
319.0,0.36,7.0,0,7
320.0,0.46153846153846156,8.0,0,7
321.0,0.5555555555555556,9.0,0,7
322.0,0.6666666666666666,10.0,0,7
323.0,0.7857142857142857,11.0,0,7
324.0,0.9285714285714286,12.0,0,7
325.0,1.0344827586206897,13.0,0,7
326.0,1.2413793103448276,14.0,0,7
327.0,1.4482758620689655,15.0,0,7
328.0,1.6551724137931034,16.0,0,7
329.0,1.2333333333333334,12.0,0,7
330.0,0.8,11.0,0,7
331.0,0.4838709677419355,9.0,0,7
332.0,0.23333333333333334,7.0,0,7
333.0,0.0,0.0,0,7
334.0,0.0,0.0,0,7
335.0,0.0,0.0,0,7
336.0,0.06666666666666667,1.0,0,7
337.0,0.06896551724137931,2.0,0,7
338.0,0.10714285714285714,3.0,0,7
339.0,0.14285714285714285,4.0,0,7
340.0,0.17857142857142858,5.0,0,7
341.0,0.0,0.0,0,7
342.0,0.0,0.0,0,7
343.0,0.0,0.0,0,7
344.0,0.0,0.0,0,7
345.0,0.0,0.0,0,7
346.0,0.0,0.0,0,7
347.0,0.0,0.0,0,7
348.0,0.0,0.0,0,7
349.0,0.0,0.0,0,7
350.0,0.0,0.0,0,7
351.0,0.0,0.0,0,7
352.0,0.0,0.0,0,7
353.0,0.034482758620689655,1.0,0,7
354.0,0.07142857142857142,2.0,0,7
355.0,0.14285714285714285,3.0,0,7
356.0,0.21428571428571427,4.0,0,7
357.0,0.2857142857142857,5.0,0,7
358.0,0.0,0.0,0,7
359.0,0.0,0.0,0,7
360.0,0.0,0.0,0,7
361.0,0.0,0.0,0,7
362.0,0.0,0.0,0,7
363.0,0.0,0.0,0,7
364.0,0.0,0.0,0,7
365.0,0.0,0.0,0,7
366.0,0.0,0.0,0,7
367.0,0.034482758620689655,1.0,0,7
368.0,0.06896551724137931,2.0,0,8
369.0,0.10714285714285714,3.0,0,8
370.0,0.14814814814814814,4.0,0,8
371.0,0.2222222222222222,5.0,0,8
372.0,0.27586206896551724,6.0,0,8
373.0,0.3448275862068966,7.0,0,8
374.0,0.43333333333333335,8.0,0,8
375.0,0.5666666666666667,9.0,0,8
376.0,0.6774193548387096,10.0,0,8
377.0,0.78125,11.0,0,8
378.0,0.9354838709677419,12.0,0,8
379.0,1.096774193548387,13.0,0,8
380.0,0.8333333333333334,10.0,0,8
381.0,0.6206896551724138,8.0,0,8
382.0,0.4642857142857143,8.0,0,8
383.0,0.39285714285714285,9.0,0,8
384.0,0.0,0.0,0,9
385.0,0.0,0.0,0,10
386.0,0.0,0.0,0,10
387.0,0.0,0.0,0,10
388.0,0.037037037037037035,1.0,0,11
389.0,0.0,0.0,0,12
390.0,0.0,0.0,0,12
391.0,0.038461538461538464,1.0,0,13
392.0,0.07407407407407407,2.0,0,13
393.0,0.0,0.0,0,13
394.0,0.0,0.0,0,13
395.0,0.0,0.0,0,13
396.0,0.0,0.0,0,13
397.0,0.038461538461538464,1.0,0,13
398.0,0.07692307692307693,2.0,0,13
399.0,0.1111111111111111,3.0,0,14
400.0,0.14814814814814814,4.0,0,14
401.0,0.18518518518518517,5.0,0,14
402.0,0.23076923076923078,6.0,0,14
403.0,0.25925925925925924,7.0,0,14
404.0,0.0,0.0,0,14
405.0,0.0,0.0,0,14
406.0,0.0,0.0,0,14
407.0,0.0,0.0,0,14
408.0,0.0,0.0,0,14
409.0,0.0,0.0,0,14
410.0,0.0,0.0,0,15
411.0,0.038461538461538464,1.0,0,16
412.0,0.07407407407407407,2.0,0,16
413.0,0.1111111111111111,3.0,0,16
414.0,0.15384615384615385,4.0,0,16
415.0,0.18518518518518517,5.0,0,16
416.0,0.2222222222222222,6.0,0,16
417.0,0.25925925925925924,7.0,0,17
418.0,0.3333333333333333,8.0,0,18
419.0,0.36,9.0,0,18
420.0,0.4583333333333333,10.0,0,18
421.0,0.56,11.0,0,18
422.0,0.56,12.0,0,18
423.0,0.7083333333333334,13.0,0,18
424.0,0.64,14.0,0,18
425.0,0.75,15.0,0,19
426.0,0.16666666666666666,4.0,0,19
427.0,0.0,0.0,0,19
428.0,0.041666666666666664,1.0,0,19
429.0,0.08,2.0,0,19
430.0,0.12,3.0,0,19
431.0,0.15384615384615385,4.0,0,19
432.0,0.23076923076923078,5.0,0,19
433.0,0.36,6.0,0,19
434.0,0.5217391304347826,7.0,0,19
435.0,0.5,8.0,0,19
436.0,0.5833333333333334,9.0,0,19
437.0,0.64,10.0,0,19
438.0,0.75,11.0,0,19
439.0,0.8,12.0,0,19
440.0,0.9166666666666666,13.0,0,19
441.0,0.96,14.0,0,19
442.0,0.44,11.0,0,19
443.0,0.0,0.0,0,19
444.0,0.0,0.0,0,19
445.0,0.0,0.0,0,19
446.0,0.0,0.0,0,19
447.0,0.041666666666666664,1.0,0,19
448.0,0.041666666666666664,1.0,0,19
449.0,0.0,0.0,0,19
450.0,0.0,0.0,0,20
451.0,0.0,0.0,0,20
452.0,0.0,0.0,0,20
453.0,0.047619047619047616,1.0,0,20
454.0,0.09523809523809523,2.0,0,20
455.0,0.0,0.0,0,20
456.0,0.0,0.0,0,20
457.0,0.045454545454545456,1.0,0,20
458.0,0.08695652173913043,2.0,0,20
459.0,0.0,0.0,0,20
460.0,0.041666666666666664,1.0,0,20
461.0,0.043478260869565216,1.0,0,20
462.0,0.09090909090909091,2.0,0,20
463.0,0.13636363636363635,3.0,0,20
464.0,0.0,0.0,0,20
465.0,0.0,0.0,0,20
466.0,0.0,0.0,0,20
467.0,0.045454545454545456,1.0,0,20
468.0,0.09090909090909091,2.0,0,20
469.0,0.13636363636363635,3.0,0,20
470.0,0.05,1.0,0,20
471.0,0.0,0.0,0,20
472.0,0.0,0.0,0,20
473.0,0.0,0.0,0,20
474.0,0.0,0.0,0,20
475.0,0.0,0.0,0,20
476.0,0.0,0.0,0,20
477.0,0.0,0.0,0,20
478.0,0.0,0.0,0,20
479.0,0.0,0.0,0,20
480.0,0.0,0.0,0,20
481.0,0.0,0.0,0,20
482.0,0.0,0.0,0,20
483.0,0.0,0.0,0,20
484.0,0.0,0.0,0,20
485.0,0.058823529411764705,1.0,0,20
486.0,0.1875,2.0,0,20
487.0,0.3125,3.0,0,20
488.0,0.4375,4.0,0,20
489.0,0.0,0.0,0,20
490.0,0.0,0.0,0,20
491.0,0.05555555555555555,1.0,0,20
492.0,0.1111111111111111,2.0,0,20
493.0,0.0,0.0,0,20
494.0,0.0,0.0,0,20
495.0,0.0,0.0,0,20
496.0,0.0,0.0,0,20
497.0,0.0,0.0,0,20
498.0,0.0,0.0,0,20
499.0,0.0,0.0,0,20
500.0,0.0,0.0,0,20
501.0,0.0,0.0,0,20
502.0,0.05,1.0,0,20
503.0,0.1,2.0,0,20
504.0,0.14285714285714285,3.0,0,20
505.0,0.0,0.0,0,20
506.0,0.0,0.0,0,20
507.0,0.0,0.0,0,20
508.0,0.0,0.0,0,20
509.0,0.0,0.0,0,20
510.0,0.0,0.0,0,20
511.0,0.0,0.0,0,20
512.0,0.0,0.0,0,20
513.0,0.0,0.0,0,20
514.0,0.0,0.0,0,20
515.0,0.0,0.0,0,20
516.0,0.0,0.0,0,20
517.0,0.0,0.0,0,20
518.0,0.0,0.0,0,20
519.0,0.0,0.0,0,20
520.0,0.0,0.0,0,20
521.0,0.0,0.0,0,20
522.0,0.0,0.0,0,20
523.0,0.0,0.0,0,20
524.0,0.0,0.0,0,21
525.0,0.0,0.0,0,21
526.0,0.041666666666666664,1.0,0,21
527.0,0.08333333333333333,2.0,0,21
528.0,0.13043478260869565,3.0,0,21
529.0,0.16666666666666666,4.0,0,22
530.0,0.2916666666666667,5.0,0,22
531.0,0.4,6.0,0,22
532.0,0.52,7.0,0,23
533.0,0.6153846153846154,8.0,0,23
534.0,0.7307692307692307,9.0,0,23
535.0,0.8148148148148148,10.0,0,23
536.0,0.9259259259259259,11.0,0,23
537.0,1.0357142857142858,12.0,0,23
538.0,0.7857142857142857,13.0,0,25
539.0,0.8571428571428571,14.0,0,25
540.0,0.896551724137931,15.0,0,25
541.0,0.9333333333333333,16.0,0,25
542.0,1.0344827586206897,17.0,0,25
543.0,1.103448275862069,18.0,0,25
544.0,1.1724137931034482,19.0,0,25
545.0,1.2413793103448276,20.0,0,25
546.0,1.3928571428571428,21.0,0,26
547.0,1.5357142857142858,22.0,0,26
548.0,1.6785714285714286,23.0,0,26
549.0,1.7586206896551724,24.0,0,26
550.0,1.0344827586206897,21.0,0,26
551.0,0.3793103448275862,6.0,0,26
552.0,0.20689655172413793,6.0,0,26
553.0,0.0,0.0,0,26
554.0,0.0,0.0,0,26
555.0,0.0,0.0,0,26
556.0,0.0,0.0,0,26
557.0,0.0,0.0,0,26
558.0,0.0,0.0,0,26
559.0,0.0,0.0,0,27
560.0,0.06451612903225806,1.0,0,27
561.0,0.13333333333333333,2.0,0,27
562.0,0.23333333333333334,3.0,0,27
563.0,0.3333333333333333,4.0,0,27
564.0,0.43333333333333335,5.0,0,27
565.0,0.5666666666666667,6.0,0,27
566.0,0.7333333333333333,7.0,0,27
567.0,0.8709677419354839,8.0,0,27
568.0,1.032258064516129,9.0,0,27
569.0,1.15625,10.0,0,27
570.0,1.032258064516129,11.0,0,27
571.0,0.9,12.0,0,27
572.0,0.7419354838709677,13.0,0,27
573.0,0.8125,14.0,0,27
574.0,0.9354838709677419,15.0,0,27
575.0,1.032258064516129,16.0,0,27
576.0,1.15625,17.0,0,27
577.0,1.2121212121212122,18.0,0,27
578.0,1.28125,19.0,0,27
579.0,1.375,20.0,0,27
580.0,1.5161290322580645,21.0,0,27
581.0,1.6666666666666667,22.0,0,28
582.0,1.7666666666666666,23.0,0,28
583.0,1.8064516129032258,24.0,0,28
584.0,1.903225806451613,25.0,0,28
585.0,2.0,26.0,0,28
586.0,2.1666666666666665,27.0,0,29
587.0,2.2666666666666666,28.0,0,30
588.0,2.5357142857142856,29.0,0,30
589.0,2.5517241379310347,30.0,0,30
590.0,2.6551724137931036,31.0,0,31
591.0,2.6666666666666665,32.0,0,31
592.0,2.8620689655172415,33.0,0,31
593.0,2.8666666666666667,34.0,0,32
594.0,3.0,35.0,0,32
595.0,3.2413793103448274,36.0,0,32
596.0,3.4482758620689653,37.0,0,32
597.0,2.3448275862068964,32.0,0,32
598.0,1.4137931034482758,29.0,0,32
599.0,0.4666666666666667,6.0,0,32
600.0,0.3333333333333333,5.0,0,32
601.0,0.4,6.0,0,32
602.0,0.3103448275862069,5.0,0,32
603.0,0.2413793103448276,3.0,0,32
604.0,0.39285714285714285,4.0,0,32
605.0,0.3076923076923077,5.0,0,32
606.0,0.23076923076923078,6.0,0,32
607.0,0.2692307692307692,7.0,0,32
608.0,0.34782608695652173,8.0,0,32
609.0,0.36,9.0,0,32
610.0,0.4,10.0,0,32
611.0,0.5,11.0,0,32
612.0,0.6153846153846154,12.0,0,32
613.0,0.7692307692307693,13.0,0,32
614.0,0.8333333333333334,14.0,0,32
615.0,0.96,15.0,0,32
616.0,1.0833333333333333,16.0,0,32
617.0,1.2083333333333333,17.0,0,32
618.0,1.3333333333333333,18.0,0,32
619.0,1.3461538461538463,19.0,0,32
620.0,1.52,20.0,0,32
621.0,1.5769230769230769,21.0,0,32
622.0,1.6923076923076923,22.0,0,32
623.0,1.92,23.0,0,32
624.0,2.0,24.0,0,32
625.0,1.4642857142857142,25.0,0,32
626.0,1.1851851851851851,26.0,0,32
627.0,1.1111111111111112,27.0,0,32
628.0,1.1923076923076923,28.0,0,32
629.0,1.36,29.0,0,32
630.0,0.15384615384615385,4.0,0,32
631.0,0.18518518518518517,5.0,0,32
632.0,0.2222222222222222,6.0,0,32
633.0,0.25925925925925924,7.0,0,32
634.0,0.32,8.0,0,32
635.0,0.36,9.0,0,32
636.0,0.38461538461538464,10.0,0,32
637.0,0.5,11.0,0,32
638.0,0.625,12.0,0,32
639.0,0.72,13.0,0,32
640.0,0.84,14.0,0,32
641.0,0.7307692307692307,15.0,0,32
642.0,0.7777777777777778,16.0,0,32
643.0,0.8571428571428571,17.0,0,32
644.0,0.8928571428571429,18.0,0,32
645.0,1.0,19.0,0,32
646.0,1.0740740740740742,20.0,0,32
647.0,1.1071428571428572,21.0,0,32
648.0,1.1785714285714286,22.0,0,32
649.0,1.25,23.0,0,32
650.0,1.3214285714285714,24.0,0,32
651.0,1.3448275862068966,25.0,0,32
652.0,1.5,26.0,0,32
653.0,1.7307692307692308,27.0,0,32
654.0,1.1923076923076923,28.0,0,32
655.0,1.2222222222222223,29.0,0,32
656.0,1.2962962962962963,30.0,0,32
657.0,1.3214285714285714,31.0,0,32
658.0,1.3928571428571428,32.0,0,32
659.0,1.4137931034482758,33.0,0,32
660.0,1.5357142857142858,34.0,0,32
661.0,1.6071428571428572,35.0,0,32
662.0,1.8076923076923077,36.0,0,32
663.0,1.96,37.0,0,32
664.0,2.04,38.0,0,32
665.0,2.0384615384615383,39.0,0,32
666.0,2.1153846153846154,40.0,0,32
667.0,2.1923076923076925,41.0,0,32
668.0,2.4,42.0,0,32
669.0,2.52,43.0,0,32
670.0,2.68,44.0,0,32
671.0,2.76,45.0,0,32
672.0,2.769230769230769,46.0,0,32
673.0,2.7777777777777777,47.0,0,32
674.0,2.888888888888889,48.0,0,32
675.0,3.037037037037037,49.0,0,32
676.0,3.185185185185185,50.0,0,32
677.0,3.25,51.0,0,32
678.0,3.357142857142857,52.0,0,32
679.0,3.4482758620689653,53.0,0,32
680.0,3.586206896551724,54.0,0,32
681.0,3.7586206896551726,55.0,0,32
682.0,3.9655172413793105,56.0,0,32
683.0,4.033333333333333,57.0,0,32
684.0,4.233333333333333,58.0,0,32
685.0,4.433333333333334,59.0,0,32
686.0,4.633333333333334,60.0,0,32
687.0,4.67741935483871,61.0,0,32
688.0,4.870967741935484,62.0,0,32
689.0,3.032258064516129,38.0,0,32
690.0,2.103448275862069,23.0,0,32
691.0,1.4,17.0,0,32
692.0,1.5333333333333334,18.0,0,32
693.0,1.0,15.0,0,32
694.0,0.5806451612903226,13.0,0,32
695.0,0.25806451612903225,6.0,0,32
696.0,0.12903225806451613,2.0,0,32
697.0,0.22580645161290322,3.0,0,32
698.0,0.3225806451612903,4.0,0,32
699.0,0.4375,5.0,0,32
700.0,0.6129032258064516,6.0,0,32
701.0,0.78125,7.0,0,32
702.0,0.96875,8.0,0,32
703.0,1.1875,9.0,0,32
704.0,1.4516129032258065,10.0,0,32
705.0,1.6774193548387097,11.0,0,32
706.0,1.9666666666666666,12.0,0,32
707.0,2.129032258064516,13.0,0,32
708.0,2.433333333333333,14.0,0,32
709.0,2.5806451612903225,15.0,0,32
710.0,2.9,16.0,0,32
711.0,3.1333333333333333,17.0,0,32
712.0,2.8333333333333335,18.0,0,32
713.0,2.4516129032258065,19.0,0,32
714.0,2.2333333333333334,20.0,0,32
715.0,2.3548387096774195,21.0,0,32
716.0,2.066666666666667,22.0,0,32
717.0,1.8,23.0,0,32
718.0,1.0357142857142858,18.0,0,32
719.0,0.5357142857142857,8.0,0,32
720.0,0.21428571428571427,4.0,0,32
721.0,0.1724137931034483,5.0,0,32
722.0,0.20689655172413793,6.0,0,32
723.0,0.25,7.0,0,32
724.0,0.0,0.0,0,32
725.0,0.0,0.0,0,32
726.0,0.0,0.0,0,32
727.0,0.037037037037037035,1.0,0,33
728.0,0.08,2.0,0,34
729.0,0.11538461538461539,3.0,0,34
730.0,0.21739130434782608,4.0,0,34
731.0,0.08695652173913043,2.0,0,34
732.0,0.13043478260869565,3.0,0,34
733.0,0.0,0.0,0,34
734.0,0.0,0.0,0,34
735.0,0.0,0.0,0,34
736.0,0.047619047619047616,1.0,0,34
737.0,0.09090909090909091,2.0,0,34
738.0,0.13636363636363635,3.0,0,34
739.0,0.17391304347826086,4.0,0,34
740.0,0.2727272727272727,5.0,0,34
741.0,0.3333333333333333,6.0,0,34
742.0,0.125,3.0,0,34
743.0,0.0,0.0,0,34
744.0,0.0,0.0,0,34
745.0,0.0,0.0,0,34
746.0,0.0,0.0,0,34
747.0,0.0,0.0,0,34
748.0,0.0,0.0,0,34
749.0,0.0,0.0,0,34
750.0,0.0,0.0,0,34
751.0,0.0,0.0,0,34
752.0,0.0,0.0,0,34
753.0,0.0,0.0,0,34
754.0,0.0,0.0,0,34
755.0,0.0,0.0,0,34
756.0,0.0,0.0,0,34
757.0,0.0,0.0,0,34
758.0,0.0,0.0,0,34
759.0,0.0,0.0,0,34
760.0,0.0,0.0,0,34
761.0,0.043478260869565216,1.0,0,34
762.0,0.08695652173913043,2.0,0,34
763.0,0.16666666666666666,3.0,0,34
764.0,0.08695652173913043,2.0,0,34
765.0,0.16666666666666666,3.0,0,34
766.0,0.25,4.0,0,34
767.0,0.34782608695652173,5.0,0,34
768.0,0.4782608695652174,6.0,0,34
769.0,0.2916666666666667,5.0,0,34
770.0,0.25,6.0,0,34
771.0,0.28,7.0,0,34
772.0,0.32,8.0,0,34
773.0,0.34615384615384615,9.0,0,34
774.0,0.38461538461538464,10.0,0,34
775.0,0.4230769230769231,11.0,0,34
776.0,0.46153846153846156,12.0,0,34
777.0,0.5,13.0,0,34
778.0,0.5384615384615384,14.0,0,34
779.0,0.5357142857142857,15.0,0,34
780.0,0.6153846153846154,16.0,0,34
781.0,0.6538461538461539,17.0,0,34
782.0,0.72,18.0,0,34
783.0,0.76,19.0,0,34
784.0,0.8,20.0,0,34
785.0,0.875,21.0,0,34
786.0,0.9166666666666666,22.0,0,34
787.0,0.92,23.0,0,34
788.0,1.0434782608695652,24.0,0,34
789.0,1.0869565217391304,25.0,0,34
790.0,1.1818181818181819,26.0,0,34
791.0,1.173913043478261,27.0,0,34
792.0,1.2173913043478262,28.0,0,34
793.0,1.2083333333333333,29.0,0,34
794.0,1.25,30.0,0,34
795.0,1.2916666666666667,31.0,0,34
796.0,1.3333333333333333,32.0,0,34
797.0,1.375,33.0,0,34
798.0,1.4782608695652173,34.0,0,34
799.0,1.5217391304347827,35.0,0,34
800.0,1.565217391304348,36.0,0,34
801.0,1.4615384615384615,37.0,0,34
802.0,1.5769230769230769,38.0,0,34
803.0,1.6923076923076923,39.0,0,34
804.0,1.88,40.0,0,34
805.0,0.36,5.0,0,34
806.0,0.4583333333333333,6.0,0,34
807.0,0.5416666666666666,7.0,0,34
808.0,0.34782608695652173,8.0,0,35
809.0,0.391304347826087,9.0,0,35
810.0,0.47619047619047616,10.0,0,35
811.0,0.55,11.0,0,35
812.0,0.65,12.0,0,35
813.0,0.6190476190476191,13.0,0,35
814.0,0.6363636363636364,14.0,0,35
815.0,0.6521739130434783,15.0,0,35
816.0,0.6956521739130435,16.0,0,35
817.0,0.75,17.0,0,35
818.0,0.8695652173913043,18.0,0,35
819.0,0.9166666666666666,19.0,0,35
820.0,1.0,20.0,0,35
821.0,0.20833333333333334,5.0,0,35
822.0,0.25,6.0,0,35
823.0,0.2916666666666667,7.0,0,35
824.0,0.391304347826087,8.0,0,35
825.0,0.5217391304347826,9.0,0,35
826.0,0.6521739130434783,10.0,0,36
827.0,0.6521739130434783,11.0,0,36
828.0,0.6666666666666666,12.0,0,36
829.0,0.5416666666666666,13.0,0,36
830.0,0.6086956521739131,14.0,0,36
831.0,0.625,15.0,0,36
832.0,0.7272727272727273,16.0,0,36
833.0,0.7391304347826086,17.0,0,36
834.0,0.782608695652174,18.0,0,36
835.0,0.7916666666666666,19.0,0,36
836.0,0.8333333333333334,20.0,0,36
837.0,0.875,21.0,0,36
838.0,0.9166666666666666,22.0,0,36
839.0,0.92,23.0,0,36
840.0,0.9615384615384616,24.0,0,36
841.0,1.0384615384615385,25.0,0,36
842.0,1.1153846153846154,26.0,0,36
843.0,1.1923076923076923,27.0,0,36
844.0,1.32,28.0,0,36
845.0,1.4583333333333333,29.0,0,36
846.0,1.48,30.0,0,36
847.0,1.6956521739130435,31.0,0,36
848.0,1.7826086956521738,32.0,0,36
849.0,0.4,10.0,0,36
850.0,0.0,0.0,0,36
851.0,0.0,0.0,0,36
852.0,0.0,0.0,0,36
853.0,0.04,1.0,0,36
854.0,0.08,2.0,0,36
855.0,0.1111111111111111,3.0,0,36
856.0,0.15384615384615385,4.0,0,36
857.0,0.0,0.0,0,36
858.0,0.0,0.0,0,36
859.0,0.0,0.0,0,36
860.0,0.0,0.0,0,36
861.0,0.0,0.0,0,36
862.0,0.0,0.0,0,36
863.0,0.0,0.0,0,36
864.0,0.0,0.0,0,36
865.0,0.0,0.0,0,36
866.0,0.0,0.0,0,36
867.0,0.0,0.0,0,36
868.0,0.0,0.0,0,36
869.0,0.03571428571428571,1.0,0,36
870.0,0.07142857142857142,2.0,0,36
871.0,0.10714285714285714,3.0,0,36
872.0,0.14285714285714285,4.0,0,36
873.0,0.1724137931034483,5.0,0,36
874.0,0.25,6.0,0,36
875.0,0.2413793103448276,7.0,0,36
876.0,0.2857142857142857,8.0,0,36
877.0,0.38461538461538464,9.0,0,36
878.0,0.5,10.0,0,36
879.0,0.5925925925925926,11.0,0,36
880.0,0.76,12.0,0,36
881.0,0.88,13.0,0,36
882.0,1.0416666666666667,14.0,0,36
883.0,1.2173913043478262,15.0,0,36
884.0,1.3478260869565217,16.0,0,36
885.0,1.6666666666666667,17.0,0,36
886.0,1.45,18.0,0,36
887.0,0.6190476190476191,10.0,0,36
888.0,0.19047619047619047,4.0,0,36
889.0,0.22727272727272727,5.0,0,36
890.0,0.2857142857142857,6.0,0,36
891.0,0.3181818181818182,7.0,0,36
892.0,0.4090909090909091,8.0,0,36
893.0,0.5454545454545454,9.0,0,36
894.0,0.7142857142857143,10.0,0,36
895.0,0.9,11.0,0,36
896.0,1.1,12.0,0,36
897.0,1.2857142857142858,13.0,0,36
898.0,1.5238095238095237,14.0,0,36
899.0,1.6818181818181819,15.0,0,36
900.0,1.9090909090909092,16.0,0,36
901.0,2.0434782608695654,17.0,0,36
902.0,2.3636363636363638,18.0,0,36
903.0,2.7142857142857144,19.0,0,36
904.0,2.8181818181818183,20.0,0,36
905.0,3.0454545454545454,21.0,0,36
906.0,3.272727272727273,22.0,0,36
907.0,3.2083333333333335,23.0,0,36
908.0,3.4166666666666665,24.0,0,36
909.0,3.625,25.0,0,36
910.0,3.0416666666666665,26.0,0,36
911.0,2.4166666666666665,27.0,0,36
912.0,1.6923076923076923,28.0,0,36
913.0,1.88,29.0,0,36
914.0,2.0,30.0,0,36
915.0,2.076923076923077,31.0,0,36
916.0,2.24,32.0,0,36
917.0,1.0833333333333333,21.0,0,36
918.0,0.25,6.0,0,36
919.0,0.2916666666666667,7.0,0,36
920.0,0.391304347826087,8.0,0,36
921.0,0.5217391304347826,9.0,0,36
922.0,0.5217391304347826,10.0,0,36
923.0,0.5833333333333334,11.0,0,37
924.0,0.6666666666666666,12.0,0,37
925.0,0.75,13.0,0,37
926.0,0.8333333333333334,14.0,0,37
927.0,0.2916666666666667,7.0,0,37
928.0,0.34782608695652173,8.0,0,37
929.0,0.375,9.0,0,37
930.0,0.4166666666666667,10.0,0,37
931.0,0.4583333333333333,11.0,0,37
932.0,0.48,12.0,0,37
933.0,0.0,0.0,0,37
934.0,0.0,0.0,0,37
935.0,0.0,0.0,0,37
936.0,0.0,0.0,0,37
937.0,0.0,0.0,0,37
938.0,0.0,0.0,0,38
939.0,0.0,0.0,0,38
940.0,0.0,0.0,0,38
941.0,0.0,0.0,0,38
942.0,0.0,0.0,0,38
943.0,0.0,0.0,0,38
944.0,0.0,0.0,0,38
945.0,0.0,0.0,0,38
946.0,0.045454545454545456,1.0,0,38
947.0,0.09523809523809523,2.0,0,38
948.0,0.13636363636363635,3.0,0,38
949.0,0.0,0.0,0,38
950.0,0.0,0.0,0,38
951.0,0.0,0.0,0,38
952.0,0.0,0.0,0,38
953.0,0.0,0.0,0,38
954.0,0.0,0.0,0,38
955.0,0.0,0.0,0,38
956.0,0.0,0.0,0,38
957.0,0.0,0.0,0,38
958.0,0.0,0.0,0,38
959.0,0.0,0.0,0,38
960.0,0.0,0.0,0,38
961.0,0.0,0.0,0,39
962.0,0.0,0.0,0,40
963.0,0.041666666666666664,1.0,0,40
964.0,0.08333333333333333,2.0,0,40
965.0,0.04,1.0,0,40
966.0,0.04,1.0,0,40
967.0,0.0,0.0,0,40
968.0,0.0,0.0,0,40
969.0,0.0,0.0,0,40
970.0,0.0,0.0,0,40
971.0,0.0,0.0,0,40
972.0,0.0,0.0,0,40
973.0,0.037037037037037035,1.0,0,40
974.0,0.08,2.0,0,40
975.0,0.16,3.0,0,40
976.0,0.24,4.0,0,40
977.0,0.2,5.0,0,40
978.0,0.28,6.0,0,41
979.0,0.34615384615384615,7.0,0,42
980.0,0.44,8.0,0,42
981.0,0.52,9.0,0,42
982.0,0.6,10.0,0,42
983.0,0.6538461538461539,11.0,0,42
984.0,0.7307692307692307,12.0,0,42
985.0,0.8076923076923077,13.0,0,43
986.0,1.0,14.0,0,43
987.0,1.1304347826086956,15.0,0,43
988.0,1.2608695652173914,16.0,0,43
989.0,1.375,17.0,0,43
990.0,1.5416666666666667,18.0,0,43
991.0,1.64,19.0,0,43
992.0,1.8,20.0,0,43
993.0,1.96,21.0,0,43
994.0,1.9583333333333333,22.0,0,43
995.0,2.0,23.0,0,43
996.0,2.12,24.0,0,43
997.0,2.28,25.0,0,43
998.0,2.3461538461538463,26.0,0,43
999.0,2.4074074074074074,27.0,0,43
1000.0,2.6538461538461537,28.0,0,43
1001.0,2.7037037037037037,29.0,0,43
1002.0,2.8518518518518516,30.0,0,43
1003.0,2.7777777777777777,31.0,0,43
1004.0,2.925925925925926,32.0,0,43
1005.0,2.9642857142857144,33.0,0,43
1006.0,3.107142857142857,34.0,0,43
1007.0,2.0357142857142856,30.0,0,43
1008.0,1.3793103448275863,31.0,0,43
1009.0,1.25,32.0,0,43
1010.0,1.2142857142857142,33.0,0,43
1011.0,1.2,34.0,0,43
1012.0,1.3,35.0,0,43
1013.0,1.3666666666666667,36.0,0,43
1014.0,1.5714285714285714,37.0,0,43
1015.0,1.6785714285714286,38.0,0,44
1016.0,1.8571428571428572,39.0,0,44
1017.0,1.9310344827586208,40.0,0,44
1018.0,2.0714285714285716,41.0,0,44
1019.0,2.2142857142857144,42.0,0,44
1020.0,2.357142857142857,43.0,0,44
1021.0,2.5,44.0,0,44
1022.0,2.740740740740741,45.0,0,44
1023.0,1.1428571428571428,14.0,0,44
1024.0,0.7142857142857143,12.0,0,44
1025.0,0.35714285714285715,9.0,0,44
1026.0,0.10714285714285714,2.0,0,44
1027.0,0.10714285714285714,3.0,0,44
1028.0,0.14814814814814814,4.0,0,44
1029.0,0.03571428571428571,1.0,0,44
1030.0,0.0,0.0,0,44
1031.0,0.0,0.0,0,44
1032.0,0.0,0.0,0,44
1033.0,0.0,0.0,0,44
1034.0,0.0,0.0,0,44
1035.0,0.0,0.0,0,44
1036.0,0.0,0.0,0,44
1037.0,0.038461538461538464,1.0,0,44
1038.0,0.08333333333333333,2.0,0,44
1039.0,0.12,3.0,0,44
1040.0,0.16666666666666666,4.0,0,44
1041.0,0.24,5.0,0,44
1042.0,0.25,6.0,0,44
1043.0,0.3333333333333333,7.0,0,44
1044.0,0.43478260869565216,8.0,0,44
1045.0,0.5217391304347826,9.0,0,44
1046.0,0.6086956521739131,10.0,0,44
1047.0,0.64,11.0,0,44
1048.0,0.24,6.0,0,44
1049.0,0.0,0.0,0,45
1050.0,0.0,0.0,0,46
1051.0,0.0,0.0,0,46
1052.0,0.0,0.0,0,46
1053.0,0.0,0.0,0,47
1054.0,0.0,0.0,0,48
1055.0,0.0,0.0,0,50
1056.0,0.0,0.0,0,50
1057.0,0.0,0.0,0,50
1058.0,0.0,0.0,0,50
1059.0,0.0,0.0,0,50
1060.0,0.0,0.0,0,50
1061.0,0.0,0.0,0,50
1062.0,0.0,0.0,0,50
1063.0,0.0,0.0,0,50
1064.0,0.0,0.0,0,50
1065.0,0.0,0.0,0,50
1066.0,0.0,0.0,0,50
1067.0,0.0,0.0,0,50
1068.0,0.0,0.0,0,50
1069.0,0.0,0.0,0,50
1070.0,0.0,0.0,0,50
1071.0,0.0,0.0,0,50
1072.0,0.0,0.0,0,50
1073.0,0.0,0.0,0,50
1074.0,0.0,0.0,0,50
1075.0,0.0,0.0,0,50
1076.0,0.0,0.0,0,50
1077.0,0.0,0.0,0,50
1078.0,0.0,0.0,0,50
1079.0,0.0,0.0,0,50
1080.0,0.045454545454545456,1.0,0,50
1081.0,0.09090909090909091,2.0,0,50
1082.0,0.13636363636363635,3.0,0,50
1083.0,0.17391304347826086,4.0,0,50
1084.0,0.0,0.0,0,50
1085.0,0.0,0.0,0,50
1086.0,0.0,0.0,0,51
1087.0,0.0,0.0,0,51
1088.0,0.0,0.0,0,51
1089.0,0.0,0.0,0,51
1090.0,0.0,0.0,0,51
1091.0,0.0,0.0,0,51
1092.0,0.0,0.0,0,51
1093.0,0.0,0.0,0,51
1094.0,0.0,0.0,0,51
1095.0,0.0,0.0,0,51
1096.0,0.0,0.0,0,51
1097.0,0.0,0.0,0,51
1098.0,0.0,0.0,0,51
1099.0,0.0,0.0,0,51
1100.0,0.0,0.0,0,51
1101.0,0.0,0.0,0,51
1102.0,0.0,0.0,0,51
1103.0,0.0,0.0,0,51
1104.0,0.0,0.0,0,51
1105.0,0.0,0.0,0,51
1106.0,0.04,1.0,0,51
1107.0,0.04,1.0,0,51
1108.0,0.08333333333333333,2.0,0,51
1109.0,0.12,3.0,0,51
1110.0,0.2,4.0,0,51
1111.0,0.28,5.0,0,51
1112.0,0.12,3.0,0,51
1113.0,0.038461538461538464,1.0,0,51
1114.0,0.08,2.0,0,51
1115.0,0.16666666666666666,3.0,0,51
1116.0,0.25,4.0,0,51
1117.0,0.32,5.0,0,51
1118.0,0.4166666666666667,6.0,0,51
1119.0,0.5217391304347826,7.0,0,51
1120.0,0.6086956521739131,8.0,0,51
1121.0,0.6666666666666666,9.0,0,51
1122.0,0.782608695652174,10.0,0,51
1123.0,0.9090909090909091,11.0,0,51
1124.0,0.9565217391304348,12.0,0,51
1125.0,1.0,13.0,0,51
1126.0,1.1304347826086956,14.0,0,51
1127.0,0.5416666666666666,13.0,0,51
1128.0,0.0,0.0,0,51
1129.0,0.0,0.0,0,51
1130.0,0.0,0.0,0,51
1131.0,0.0,0.0,0,51
1132.0,0.04,1.0,0,51
1133.0,0.0,0.0,0,51
1134.0,0.0,0.0,0,51
1135.0,0.0,0.0,0,51
1136.0,0.0,0.0,0,51
1137.0,0.0,0.0,0,51
1138.0,0.0,0.0,0,51
1139.0,0.0,0.0,0,51
1140.0,0.0,0.0,0,51
1141.0,0.0,0.0,0,51
1142.0,0.0,0.0,0,51
1143.0,0.041666666666666664,1.0,0,51
1144.0,0.041666666666666664,1.0,0,51
1145.0,0.08333333333333333,2.0,0,51
1146.0,0.125,3.0,0,51
1147.0,0.16666666666666666,4.0,0,51
1148.0,0.20833333333333334,5.0,0,51
1149.0,0.23076923076923078,6.0,0,51
1150.0,0.2692307692307692,7.0,0,51
1151.0,0.2962962962962963,8.0,0,51
1152.0,0.3333333333333333,9.0,0,51
1153.0,0.4074074074074074,10.0,0,51
1154.0,0.48148148148148145,11.0,0,51
1155.0,0.6153846153846154,12.0,0,51
1156.0,0.7307692307692307,13.0,0,51
1157.0,0.8148148148148148,14.0,0,51
1158.0,0.7037037037037037,15.0,0,51
1159.0,0.5925925925925926,16.0,0,51
1160.0,0.6538461538461539,17.0,0,51
1161.0,0.72,18.0,0,51
1162.0,0.7307692307692307,19.0,0,51
1163.0,0.7407407407407407,20.0,0,51
1164.0,0.7777777777777778,21.0,0,51
1165.0,0.8148148148148148,22.0,0,51
1166.0,0.8518518518518519,23.0,0,51
1167.0,0.8571428571428571,24.0,0,51
1168.0,0.8928571428571429,25.0,0,51
1169.0,0.9285714285714286,26.0,0,51
1170.0,0.9642857142857143,27.0,0,51
1171.0,0.9333333333333333,28.0,0,51
1172.0,0.9666666666666667,29.0,0,51
1173.0,1.0344827586206897,30.0,0,51
1174.0,0.037037037037037035,1.0,0,51
1175.0,0.0,0.0,0,51
1176.0,0.0,0.0,0,51
1177.0,0.0,0.0,0,51
1178.0,0.0,0.0,0,51
1179.0,0.0,0.0,0,51
1180.0,0.045454545454545456,1.0,0,51
1181.0,0.09090909090909091,2.0,0,52
1182.0,0.0,0.0,0,52
1183.0,0.0,0.0,0,52
1184.0,0.0,0.0,0,52
1185.0,0.0,0.0,0,52
1186.0,0.0,0.0,0,52
1187.0,0.047619047619047616,1.0,0,52
1188.0,0.09523809523809523,2.0,0,52
1189.0,0.0,0.0,0,52
1190.0,0.0,0.0,0,52
1191.0,0.0,0.0,0,52
1192.0,0.0,0.0,0,52
1193.0,0.0,0.0,0,52
1194.0,0.047619047619047616,1.0,0,52
1195.0,0.0,0.0,0,52
1196.0,0.0,0.0,0,52
1197.0,0.0,0.0,0,52
1198.0,0.0,0.0,0,52
1199.0,0.0,0.0,0,52
1200.0,0.0,0.0,0,52
1201.0,0.0,0.0,0,52
1202.0,0.0,0.0,0,52
1203.0,0.0,0.0,0,52
1204.0,0.0,0.0,0,52
1205.0,0.0,0.0,0,52
1206.0,0.0,0.0,0,52
1207.0,0.0,0.0,0,52
1208.0,0.0,0.0,0,52
1209.0,0.0,0.0,0,52
1210.0,0.0,0.0,0,52
1211.0,0.0,0.0,0,52
1212.0,0.05,1.0,0,52
1213.0,0.1,2.0,0,52
1214.0,0.15,3.0,0,52
1215.0,0.19047619047619047,4.0,0,52
1216.0,0.23809523809523808,5.0,0,52
1217.0,0.2857142857142857,6.0,0,52
1218.0,0.0,0.0,0,52
1219.0,0.047619047619047616,1.0,0,53
1220.0,0.09523809523809523,2.0,0,53
1221.0,0.14285714285714285,3.0,0,53
1222.0,0.2,4.0,0,53
1223.0,0.23809523809523808,5.0,0,53
1224.0,0.3,6.0,0,53
1225.0,0.35,7.0,0,53
1226.0,0.38095238095238093,8.0,0,53
1227.0,0.42857142857142855,9.0,0,53
1228.0,0.047619047619047616,1.0,0,53
1229.0,0.09523809523809523,2.0,0,53
1230.0,0.045454545454545456,1.0,0,53
1231.0,0.08695652173913043,2.0,0,53
1232.0,0.13043478260869565,3.0,0,53
1233.0,0.17391304347826086,4.0,0,53
1234.0,0.21739130434782608,5.0,0,53
1235.0,0.3181818181818182,6.0,0,53
1236.0,0.4090909090909091,7.0,0,53
1237.0,0.4583333333333333,8.0,0,53
1238.0,0.5416666666666666,9.0,0,53
1239.0,0.6956521739130435,10.0,0,53
1240.0,0.391304347826087,6.0,0,53
1241.0,0.20833333333333334,3.0,0,53
1242.0,0.13043478260869565,3.0,0,53
1243.0,0.22727272727272727,4.0,0,53
1244.0,0.3333333333333333,5.0,0,53
1245.0,0.14285714285714285,3.0,0,53
1246.0,0.0,0.0,0,53
1247.0,0.0,0.0,0,53
1248.0,0.0,0.0,0,53
1249.0,0.0,0.0,0,53
1250.0,0.0,0.0,0,53
1251.0,0.0,0.0,0,53
1252.0,0.0,0.0,0,53
1253.0,0.045454545454545456,1.0,0,53
1254.0,0.09090909090909091,2.0,0,53
1255.0,0.13636363636363635,3.0,0,53
1256.0,0.17391304347826086,4.0,0,53
1257.0,0.21739130434782608,5.0,0,53
1258.0,0.2727272727272727,6.0,0,53
1259.0,0.30434782608695654,7.0,0,53
1260.0,0.36363636363636365,8.0,0,53
1261.0,0.391304347826087,9.0,0,53
1262.0,0.43478260869565216,10.0,0,53
1263.0,0.4583333333333333,11.0,0,53
1264.0,0.5,12.0,0,53
1265.0,0.5416666666666666,13.0,0,53
1266.0,0.6521739130434783,14.0,0,53
1267.0,0.6,15.0,0,53
1268.0,0.64,16.0,0,53
1269.0,0.68,17.0,0,53
1270.0,0.0,0.0,0,53
1271.0,0.038461538461538464,1.0,0,53
1272.0,0.07407407407407407,2.0,0,53
1273.0,0.14285714285714285,3.0,0,53
1274.0,0.24,4.0,0,53
1275.0,0.32,5.0,0,53
1276.0,0.16666666666666666,4.0,0,53
1277.0,0.0,0.0,0,54
1278.0,0.0,0.0,0,54
1279.0,0.0,0.0,0,54
1280.0,0.0,0.0,0,54
1281.0,0.0,0.0,0,54
1282.0,0.0,0.0,0,54
1283.0,0.0,0.0,0,55
1284.0,0.0,0.0,0,55
1285.0,0.0,0.0,0,55
1286.0,0.0,0.0,0,56
1287.0,0.0,0.0,0,56
1288.0,0.0,0.0,0,56
1289.0,0.0,0.0,0,56
1290.0,0.047619047619047616,1.0,0,56
1291.0,0.09090909090909091,2.0,0,56
1292.0,0.19047619047619047,3.0,0,56
1293.0,0.3181818181818182,4.0,0,57
1294.0,0.5,5.0,0,57
1295.0,0.6521739130434783,6.0,0,57
1296.0,0.8260869565217391,7.0,0,57
1297.0,0.9583333333333334,8.0,0,57
1298.0,1.1666666666666667,9.0,0,57
1299.0,1.32,10.0,0,57
1300.0,1.625,11.0,0,57
1301.0,1.7307692307692308,12.0,0,57
1302.0,1.5384615384615385,13.0,0,57
1303.0,1.3076923076923077,14.0,0,57
1304.0,0.7407407407407407,15.0,0,57
1305.0,0.8571428571428571,16.0,0,57
1306.0,1.0,17.0,0,57
1307.0,1.1428571428571428,18.0,0,57
1308.0,1.3333333333333333,19.0,0,57
1309.0,1.2962962962962963,20.0,0,57
1310.0,1.3571428571428572,21.0,0,57
1311.0,1.4482758620689655,22.0,0,57
1312.0,1.5862068965517242,23.0,0,57
1313.0,1.7586206896551724,24.0,0,57
1314.0,1.9310344827586208,25.0,0,57
1315.0,1.8275862068965518,26.0,0,57
1316.0,1.9310344827586208,27.0,0,57
1317.0,1.9666666666666666,28.0,0,57
1318.0,2.1,29.0,0,57
1319.0,2.2333333333333334,30.0,0,57
1320.0,2.2903225806451615,31.0,0,57
1321.0,2.21875,32.0,0,57
1322.0,2.3125,33.0,0,57
1323.0,1.3333333333333333,24.0,0,57
1324.0,0.6666666666666666,20.0,0,57
1325.0,0.09090909090909091,3.0,0,57
1326.0,0.0,0.0,0,57
1327.0,0.0,0.0,0,57
1328.0,0.0,0.0,0,57
1329.0,0.0,0.0,0,58
1330.0,0.0,0.0,0,58
1331.0,0.0,0.0,0,58
1332.0,0.03571428571428571,1.0,0,58
1333.0,0.07692307692307693,2.0,0,58
1334.0,0.11538461538461539,3.0,0,58
1335.0,0.17391304347826086,4.0,0,58
1336.0,0.21739130434782608,5.0,0,58
1337.0,0.25,6.0,0,58
1338.0,0.2692307692307692,7.0,0,58
1339.0,0.3076923076923077,8.0,0,58
1340.0,0.34615384615384615,9.0,0,58
1341.0,0.4,10.0,0,58
1342.0,0.4583333333333333,11.0,0,58
1343.0,0.48,12.0,0,58
1344.0,0.52,13.0,0,58
1345.0,0.5384615384615384,14.0,0,58
1346.0,0.7083333333333334,15.0,0,58
1347.0,0.8260869565217391,16.0,0,58
1348.0,0.9166666666666666,17.0,0,58
1349.0,1.04,18.0,0,58
1350.0,1.25,19.0,0,58
1351.0,1.2608695652173914,20.0,0,58
1352.0,1.3333333333333333,21.0,0,58
1353.0,1.5,22.0,0,58
1354.0,1.6,23.0,0,58
1355.0,1.7894736842105263,24.0,0,58
1356.0,0.5789473684210527,11.0,0,58
1357.0,0.0,0.0,0,58
1358.0,0.0,0.0,0,58
1359.0,0.0,0.0,0,58
1360.0,0.0,0.0,0,58
1361.0,0.0,0.0,0,58
1362.0,0.0,0.0,0,58
1363.0,0.0,0.0,0,58
1364.0,0.0,0.0,0,58
1365.0,0.0,0.0,0,58
1366.0,0.0,0.0,0,58
1367.0,0.0,0.0,0,58
1368.0,0.0,0.0,0,58
1369.0,0.0,0.0,0,58
1370.0,0.0,0.0,0,58
1371.0,0.0,0.0,0,58
1372.0,0.0,0.0,0,58
1373.0,0.0,0.0,0,58
1374.0,0.0,0.0,0,58
1375.0,0.0,0.0,0,58
1376.0,0.0,0.0,0,58
1377.0,0.0,0.0,0,58
1378.0,0.0,0.0,0,58
1379.0,0.0,0.0,0,58
1380.0,0.0,0.0,0,58
1381.0,0.0,0.0,0,58
1382.0,0.0,0.0,0,58
1383.0,0.0,0.0,0,58
1384.0,0.0,0.0,0,58
1385.0,0.0,0.0,0,58
1386.0,0.0,0.0,0,59
1387.0,0.045454545454545456,1.0,0,60
1388.0,0.09090909090909091,2.0,0,60
1389.0,0.13043478260869565,3.0,0,60
1390.0,0.0,0.0,0,60
1391.0,0.041666666666666664,1.0,0,60
1392.0,0.08333333333333333,2.0,0,60
1393.0,0.12,3.0,0,60
1394.0,0.16,4.0,0,60
1395.0,0.23076923076923078,5.0,0,60
1396.0,0.34782608695652173,6.0,0,60
1397.0,0.5,7.0,0,60
1398.0,0.25,4.0,0,60
1399.0,0.32,5.0,0,60
1400.0,0.4166666666666667,6.0,0,60
1401.0,0.52,7.0,0,60
1402.0,0.68,8.0,0,60
1403.0,0.8076923076923077,9.0,0,60
1404.0,1.0,10.0,0,60
1405.0,1.28,11.0,0,60
1406.0,0.96,10.0,0,60
1407.0,0.72,7.0,0,60
1408.0,0.625,7.0,0,61
1409.0,0.52,8.0,0,62
1410.0,0.5833333333333334,9.0,0,62
1411.0,0.72,10.0,0,62
1412.0,0.88,11.0,0,62
1413.0,1.04,12.0,0,63
1414.0,1.2,13.0,0,64
1415.0,0.7692307692307693,9.0,0,65
1416.0,0.8846153846153846,10.0,0,65
1417.0,1.0,11.0,0,65
1418.0,1.2692307692307692,12.0,0,66
1419.0,1.56,13.0,0,66
1420.0,1.8,14.0,0,66
1421.0,2.12,15.0,0,66
1422.0,2.44,16.0,0,66
1423.0,2.6923076923076925,17.0,0,67
1424.0,2.3461538461538463,15.0,0,68
1425.0,2.0,15.0,0,68
1426.0,1.7407407407407407,10.0,0,68
1427.0,1.25,10.0,0,68
1428.0,0.7037037037037037,8.0,0,68
1429.0,0.2962962962962963,7.0,0,68
1430.0,0.0,0.0,0,68
1431.0,0.038461538461538464,1.0,0,68
1432.0,0.11538461538461539,2.0,0,68
1433.0,0.19230769230769232,3.0,0,68
1434.0,0.3076923076923077,4.0,0,68
1435.0,0.46153846153846156,5.0,0,69
1436.0,0.6153846153846154,6.0,0,70
1437.0,0.7692307692307693,7.0,0,70
1438.0,1.0869565217391304,8.0,0,70
1439.0,1.12,9.0,0,70
1440.0,1.28,10.0,0,70
1441.0,1.3846153846153846,11.0,0,70
1442.0,1.5384615384615385,12.0,0,70
1443.0,1.6666666666666667,13.0,0,70
1444.0,1.92,14.0,0,70
1445.0,1.48,14.0,0,70
1446.0,1.0,13.0,0,70
1447.0,0.5833333333333334,13.0,0,70
1448.0,0.08333333333333333,2.0,0,70
1449.0,0.0,0.0,0,70
1450.0,0.0,0.0,0,70
1451.0,0.0,0.0,0,70
1452.0,0.0,0.0,0,70
1453.0,0.0,0.0,0,70
1454.0,0.0,0.0,0,70
1455.0,0.0,0.0,0,70
1456.0,0.05,1.0,0,70
1457.0,0.09090909090909091,2.0,0,70
1458.0,0.18181818181818182,3.0,0,70
1459.0,0.2727272727272727,4.0,0,70
1460.0,0.391304347826087,5.0,0,70
1461.0,0.5,6.0,0,70
1462.0,0.6521739130434783,7.0,0,70
1463.0,0.782608695652174,8.0,0,70
1464.0,0.9130434782608695,9.0,0,70
1465.0,0.56,8.0,0,70
1466.0,0.28,7.0,0,70
1467.0,0.0,0.0,0,70
1468.0,0.0,0.0,0,70
1469.0,0.04,1.0,0,70
1470.0,0.08,2.0,0,70
1471.0,0.0,0.0,0,70
1472.0,0.0,0.0,0,70
1473.0,0.0,0.0,0,70
1474.0,0.0,0.0,0,70
1475.0,0.0,0.0,0,70
1476.0,0.0,0.0,0,70
1477.0,0.0,0.0,0,70
1478.0,0.0,0.0,0,70
1479.0,0.0,0.0,0,70
1480.0,0.0,0.0,0,70
1481.0,0.0,0.0,0,70
1482.0,0.0,0.0,0,70
1483.0,0.0,0.0,0,70
1484.0,0.0,0.0,0,70
1485.0,0.0,0.0,0,70
1486.0,0.0,0.0,0,70
1487.0,0.0,0.0,0,70
1488.0,0.0,0.0,0,70
1489.0,0.0,0.0,0,70
1490.0,0.0,0.0,0,70
1491.0,0.0,0.0,0,70
1492.0,0.0,0.0,0,70
1493.0,0.043478260869565216,1.0,0,70
1494.0,0.13043478260869565,2.0,0,70
1495.0,0.09090909090909091,2.0,0,70
1496.0,0.13636363636363635,3.0,0,70
1497.0,0.19047619047619047,4.0,0,70
1498.0,0.23809523809523808,5.0,0,70
1499.0,0.2727272727272727,6.0,0,70
1500.0,0.045454545454545456,1.0,0,70
1501.0,0.08695652173913043,2.0,0,70
1502.0,0.13636363636363635,3.0,0,70
1503.0,0.22727272727272727,4.0,0,70
1504.0,0.30434782608695654,5.0,0,70
1505.0,0.391304347826087,6.0,0,70
1506.0,0.5217391304347826,7.0,0,70
1507.0,0.6956521739130435,8.0,0,70
1508.0,0.391304347826087,6.0,0,70
1509.0,0.5217391304347826,7.0,0,70
1510.0,0.55,8.0,0,70
1511.0,0.6666666666666666,9.0,0,70
1512.0,0.85,10.0,0,70
1513.0,0.9090909090909091,11.0,0,70
1514.0,1.1363636363636365,12.0,0,70
1515.0,1.3043478260869565,13.0,0,70
1516.0,1.4583333333333333,14.0,0,70
1517.0,1.6,15.0,0,70
1518.0,1.7307692307692308,16.0,0,70
1519.0,1.8888888888888888,17.0,0,70
1520.0,2.230769230769231,18.0,0,70
1521.0,2.4444444444444446,19.0,0,70
1522.0,2.740740740740741,20.0,0,70
1523.0,3.074074074074074,21.0,0,70
1524.0,3.4074074074074074,22.0,0,70
1525.0,2.7857142857142856,18.0,0,70
1526.0,2.392857142857143,16.0,0,70
1527.0,2.0689655172413794,17.0,0,70
1528.0,2.357142857142857,18.0,0,70
1529.0,2.25,19.0,0,70
1530.0,2.6923076923076925,20.0,0,70
1531.0,2.5185185185185186,21.0,0,70
1532.0,2.923076923076923,22.0,0,70
1533.0,3.111111111111111,23.0,0,70
1534.0,2.6153846153846154,21.0,0,70
1535.0,1.962962962962963,17.0,0,70
1536.0,1.5555555555555556,16.0,0,70
1537.0,1.1071428571428572,9.0,0,70
1538.0,0.9629629629629629,9.0,0,70
1539.0,0.8518518518518519,10.0,0,70
1540.0,1.1153846153846154,11.0,0,70
1541.0,1.2962962962962963,12.0,0,70
1542.0,1.1111111111111112,13.0,0,71
1543.0,1.1851851851851851,14.0,0,71
1544.0,1.037037037037037,15.0,0,71
1545.0,0.8928571428571429,16.0,0,71
1546.0,0.6071428571428571,17.0,0,71
1547.0,0.6666666666666666,18.0,0,72
1548.0,0.8,19.0,0,73
1549.0,0.8518518518518519,20.0,0,73
1550.0,1.037037037037037,21.0,0,73
1551.0,0.32142857142857145,4.0,0,73
1552.0,0.25925925925925924,4.0,0,73
1553.0,0.35714285714285715,5.0,0,73
1554.0,0.4642857142857143,6.0,0,73
1555.0,0.5714285714285714,7.0,0,74
1556.0,0.7037037037037037,8.0,0,75
1557.0,0.8461538461538461,9.0,0,75
1558.0,1.0,10.0,0,75
1559.0,1.12,11.0,0,75
1560.0,1.3333333333333333,12.0,0,75
1561.0,1.44,13.0,0,75
1562.0,1.48,14.0,0,75
1563.0,1.5384615384615385,15.0,0,75
1564.0,1.72,16.0,0,75
1565.0,1.7692307692307692,17.0,0,75
1566.0,2.0416666666666665,18.0,0,75
1567.0,2.08,19.0,0,75
1568.0,2.2,20.0,0,75
1569.0,2.32,21.0,0,75
1570.0,2.48,22.0,0,75
1571.0,2.5384615384615383,23.0,0,75
1572.0,2.8,24.0,0,75
1573.0,2.96,25.0,0,75
1574.0,3.25,26.0,0,75
1575.0,3.28,27.0,0,75
1576.0,2.4166666666666665,27.0,0,75
1577.0,2.5416666666666665,28.0,0,75
1578.0,2.782608695652174,29.0,0,75
1579.0,2.7916666666666665,30.0,0,75
1580.0,2.9166666666666665,31.0,0,75
1581.0,2.96,32.0,0,75
1582.0,1.92,33.0,0,75
1583.0,0.6538461538461539,14.0,0,75
1584.0,0.19230769230769232,4.0,0,75
1585.0,0.3076923076923077,5.0,0,75
1586.0,0.4444444444444444,6.0,0,75
1587.0,0.5925925925925926,7.0,0,75
1588.0,0.48148148148148145,5.0,0,75
1589.0,0.5555555555555556,6.0,0,75
1590.0,0.6666666666666666,7.0,0,75
1591.0,0.75,8.0,0,75
1592.0,0.9615384615384616,9.0,0,75
1593.0,1.1153846153846154,10.0,0,75
1594.0,1.3076923076923077,11.0,0,75
1595.0,1.48,12.0,0,75
1596.0,1.64,13.0,0,75
1597.0,1.7307692307692308,14.0,0,75
1598.0,1.8846153846153846,15.0,0,75
1599.0,1.962962962962963,16.0,0,75
1600.0,1.8461538461538463,17.0,0,75
1601.0,1.8888888888888888,18.0,0,75
1602.0,2.0,19.0,0,75
1603.0,2.0357142857142856,20.0,0,75
1604.0,2.2222222222222223,21.0,0,75
1605.0,2.3333333333333335,22.0,0,75
1606.0,2.4444444444444446,23.0,0,75
1607.0,1.8148148148148149,24.0,0,75
1608.0,1.75,25.0,0,75
1609.0,1.7586206896551724,26.0,0,75
1610.0,1.9642857142857142,27.0,0,75
1611.0,2.0344827586206895,28.0,0,75
1612.0,2.1724137931034484,29.0,0,75
1613.0,2.310344827586207,30.0,0,75
1614.0,2.5357142857142856,31.0,0,75
1615.0,2.5357142857142856,32.0,0,75
1616.0,2.6785714285714284,33.0,0,75
1617.0,2.857142857142857,34.0,0,75
1618.0,2.9285714285714284,35.0,0,75
1619.0,3.0,36.0,0,75
1620.0,2.7,37.0,0,75
1621.0,2.6,38.0,0,75
1622.0,2.8275862068965516,39.0,0,75
1623.0,2.8666666666666667,40.0,0,75
1624.0,3.033333333333333,41.0,0,75
1625.0,3.1333333333333333,42.0,0,75
1626.0,3.2666666666666666,43.0,0,75
1627.0,3.5172413793103448,44.0,0,75
1628.0,3.6551724137931036,45.0,0,75
1629.0,3.6666666666666665,46.0,0,75
1630.0,2.2333333333333334,46.0,0,75
1631.0,0.7419354838709677,13.0,0,75
1632.0,0.3548387096774194,11.0,0,75
1633.0,0.03125,1.0,0,75
1634.0,0.13333333333333333,2.0,0,75
1635.0,0.2,3.0,0,76
1636.0,0.3333333333333333,4.0,0,76
1637.0,0.5,5.0,0,76
1638.0,0.7,6.0,0,76
1639.0,0.9666666666666667,7.0,0,76
1640.0,1.2666666666666666,8.0,0,76
1641.0,1.2258064516129032,8.0,0,77
1642.0,1.0,9.0,0,77
1643.0,0.6875,10.0,0,77
1644.0,0.59375,11.0,0,77
1645.0,0.6774193548387096,12.0,0,78
1646.0,0.7419354838709677,13.0,0,78
1647.0,0.7575757575757576,14.0,0,78
1648.0,0.5,15.0,0,78
1649.0,0.5666666666666667,16.0,0,78
1650.0,0.6666666666666666,17.0,0,78
1651.0,0.7666666666666667,18.0,0,78
1652.0,0.9,19.0,0,78
1653.0,1.064516129032258,20.0,0,78
1654.0,0.5806451612903226,6.0,0,78
1655.0,0.5806451612903226,7.0,0,78
1656.0,0.26666666666666666,4.0,0,78
1657.0,0.12903225806451613,2.0,0,79
1658.0,0.0967741935483871,1.0,0,80
1659.0,0.1875,2.0,0,81
1660.0,0.22580645161290322,3.0,0,81
1661.0,0.3225806451612903,4.0,0,81
1662.0,0.41935483870967744,5.0,0,81
1663.0,0.3225806451612903,5.0,0,81
1664.0,0.22580645161290322,6.0,0,81
1665.0,0.03125,1.0,0,81
1666.0,0.06451612903225806,2.0,0,81
1667.0,0.13333333333333333,3.0,0,81
1668.0,0.2,4.0,0,81
1669.0,0.2,5.0,0,81
1670.0,0.20689655172413793,6.0,0,81
1671.0,0.27586206896551724,7.0,0,81
1672.0,0.3448275862068966,8.0,0,82
1673.0,0.48148148148148145,9.0,0,82
1674.0,0.5925925925925926,10.0,0,82
1675.0,0.7142857142857143,11.0,0,82
1676.0,0.9259259259259259,12.0,0,82
1677.0,1.1538461538461537,13.0,0,82
1678.0,0.7307692307692307,8.0,0,82
1679.0,0.46153846153846156,7.0,0,82
1680.0,0.23076923076923078,6.0,0,82
1681.0,0.0,0.0,0,82
1682.0,0.038461538461538464,1.0,0,82
1683.0,0.1111111111111111,2.0,0,82
1684.0,0.19230769230769232,3.0,0,82
1685.0,0.2692307692307692,4.0,0,82
1686.0,0.375,5.0,0,82
1687.0,0.4583333333333333,6.0,0,82
1688.0,0.5416666666666666,7.0,0,82
1689.0,0.6521739130434783,8.0,0,82
1690.0,0.7727272727272727,9.0,0,82
1691.0,0.8695652173913043,10.0,0,82
1692.0,1.0,11.0,0,82
1693.0,1.125,12.0,0,82
1694.0,1.2272727272727273,13.0,0,82
1695.0,1.2727272727272727,14.0,0,82
1696.0,0.6086956521739131,14.0,0,82
1697.0,0.625,15.0,0,82
1698.0,0.6666666666666666,16.0,0,82
1699.0,0.7391304347826086,17.0,0,82
1700.0,0.782608695652174,18.0,0,82
1701.0,0.8260869565217391,19.0,0,82
1702.0,0.8695652173913043,20.0,0,82
1703.0,0.9166666666666666,21.0,0,82
1704.0,1.0434782608695652,22.0,0,82
1705.0,1.173913043478261,23.0,0,82
1706.0,1.3636363636363635,24.0,0,82
1707.0,1.4782608695652173,25.0,0,82
1708.0,1.6521739130434783,26.0,0,82
1709.0,1.75,27.0,0,82
1710.0,1.9166666666666667,28.0,0,82
1711.0,1.875,29.0,0,82
1712.0,2.0869565217391304,30.0,0,82
1713.0,2.3636363636363638,31.0,0,82
1714.0,2.6363636363636362,32.0,0,82
1715.0,2.909090909090909,33.0,0,82
1716.0,3.1818181818181817,34.0,0,82
1717.0,3.130434782608696,35.0,0,82
1718.0,3.0869565217391304,36.0,0,82
1719.0,3.4545454545454546,37.0,0,82
1720.0,3.6818181818181817,38.0,0,82
1721.0,3.5833333333333335,39.0,0,82
1722.0,3.7916666666666665,40.0,0,82
1723.0,3.84,41.0,0,82
1724.0,4.25,42.0,0,82
1725.0,4.32,43.0,0,83
1726.0,4.56,44.0,0,84
1727.0,4.615384615384615,45.0,0,84
1728.0,4.846153846153846,46.0,0,84
1729.0,5.28,47.0,0,84
1730.0,5.52,48.0,0,84
1731.0,5.538461538461538,49.0,0,84
1732.0,6.0,50.0,0,84
1733.0,6.038461538461538,51.0,0,84
1734.0,4.3076923076923075,32.0,0,84
1735.0,3.3461538461538463,33.0,0,84
1736.0,3.8333333333333335,34.0,0,84
1737.0,3.88,35.0,0,84
1738.0,4.25,36.0,0,84
1739.0,4.458333333333333,37.0,0,84
1740.0,4.869565217391305,38.0,0,84
1741.0,4.875,39.0,0,85
1742.0,5.083333333333333,40.0,0,85
1743.0,5.291666666666667,41.0,0,85
1744.0,3.9565217391304346,31.0,0,85
1745.0,2.6666666666666665,27.0,0,85
1746.0,1.608695652173913,23.0,0,85
1747.0,0.625,15.0,0,85
1748.0,0.6666666666666666,16.0,0,85
1749.0,0.7083333333333334,17.0,0,85
1750.0,0.75,18.0,0,85
1751.0,0.76,19.0,0,85
1752.0,0.8333333333333334,20.0,0,85
1753.0,0.84,21.0,0,85
1754.0,0.92,22.0,0,85
1755.0,1.0416666666666667,23.0,0,86
1756.0,1.125,24.0,0,86
1757.0,1.1153846153846154,25.0,0,86
1758.0,1.1923076923076923,26.0,0,86
1759.0,1.2692307692307692,27.0,0,86
1760.0,1.3461538461538463,28.0,0,86
1761.0,1.4230769230769231,29.0,0,86
1762.0,1.5,30.0,0,86
1763.0,1.5769230769230769,31.0,0,86
1764.0,1.6538461538461537,32.0,0,86
1765.0,1.88,33.0,0,86
1766.0,2.08,34.0,0,86
1767.0,2.230769230769231,35.0,0,86
1768.0,2.3846153846153846,36.0,0,86
1769.0,2.4814814814814814,37.0,0,86
1770.0,1.2592592592592593,17.0,0,86
1771.0,1.1428571428571428,18.0,0,86
1772.0,0.6071428571428571,8.0,0,86
1773.0,0.3793103448275862,9.0,0,86
1774.0,0.3793103448275862,10.0,0,86
1775.0,0.3793103448275862,11.0,0,86
1776.0,0.4482758620689655,12.0,0,86
1777.0,0.06896551724137931,2.0,0,86
1778.0,0.14285714285714285,3.0,0,86
1779.0,0.20689655172413793,4.0,0,86
1780.0,0.3333333333333333,5.0,0,86
1781.0,0.14285714285714285,4.0,0,86
1782.0,0.07407407407407407,1.0,0,86
1783.0,0.14285714285714285,2.0,0,86
1784.0,0.2222222222222222,3.0,0,86
1785.0,0.2857142857142857,4.0,0,86
1786.0,0.39285714285714285,5.0,0,86
1787.0,0.5384615384615384,6.0,0,86
1788.0,0.6296296296296297,7.0,0,86
1789.0,0.7407407407407407,8.0,0,86
1790.0,0.8888888888888888,9.0,0,86
1791.0,0.9285714285714286,10.0,0,86
1792.0,0.6666666666666666,11.0,0,86
1793.0,0.7407407407407407,12.0,0,86
1794.0,0.8148148148148148,13.0,0,86
1795.0,0.8888888888888888,14.0,0,86
1796.0,0.9629629629629629,15.0,0,86
1797.0,1.0,16.0,0,87
1798.0,1.0714285714285714,17.0,0,87
1799.0,1.103448275862069,18.0,0,87
1800.0,1.206896551724138,19.0,0,87
1801.0,0.7586206896551724,20.0,0,87
1802.0,0.10714285714285714,3.0,0,87
1803.0,0.0,0.0,0,87
1804.0,0.0,0.0,0,87
1805.0,0.0,0.0,0,87
1806.0,0.04,1.0,0,87
1807.0,0.08,2.0,0,87
1808.0,0.12,3.0,0,87
1809.0,0.19230769230769232,4.0,0,87
1810.0,0.2,5.0,0,87
1811.0,0.23076923076923078,6.0,0,87
1812.0,0.2692307692307692,7.0,0,88
1813.0,0.0,0.0,0,89
1814.0,0.037037037037037035,1.0,0,89
1815.0,0.07692307692307693,2.0,0,89
1816.0,0.15384615384615385,3.0,0,89
1817.0,0.25925925925925924,4.0,0,89
1818.0,0.37037037037037035,5.0,0,89
1819.0,0.11538461538461539,3.0,0,89
1820.0,0.0,0.0,0,89
1821.0,0.0,0.0,0,89
1822.0,0.0,0.0,0,89
1823.0,0.0,0.0,0,89
1824.0,0.043478260869565216,1.0,0,89
1825.0,0.125,2.0,0,89
1826.0,0.125,3.0,0,89
1827.0,0.16,4.0,0,89
1828.0,0.20833333333333334,5.0,0,89
1829.0,0.24,6.0,0,90
1830.0,0.28,7.0,0,90
1831.0,0.3076923076923077,8.0,0,90
1832.0,0.34615384615384615,9.0,0,90
1833.0,0.37037037037037035,10.0,0,90
1834.0,0.4583333333333333,11.0,0,90
1835.0,0.52,12.0,0,90
1836.0,0.5416666666666666,13.0,0,90
1837.0,0.625,14.0,0,90
1838.0,0.08333333333333333,2.0,0,90
1839.0,0.12,3.0,0,90
1840.0,0.16666666666666666,4.0,0,90
1841.0,0.2,5.0,0,90
1842.0,0.25,6.0,0,90
1843.0,0.0,0.0,0,90
1844.0,0.0,0.0,0,90
1845.0,0.0,0.0,0,90
1846.0,0.0,0.0,0,90
1847.0,0.0,0.0,0,90
1848.0,0.043478260869565216,1.0,0,90
1849.0,0.13043478260869565,2.0,0,90
1850.0,0.13043478260869565,2.0,0,90
1851.0,0.21739130434782608,3.0,0,90
1852.0,0.30434782608695654,4.0,0,90
1853.0,0.43478260869565216,5.0,0,90
1854.0,0.5,6.0,0,90
1855.0,0.7272727272727273,7.0,0,90
1856.0,0.9090909090909091,8.0,0,90
1857.0,1.0434782608695652,9.0,0,90
1858.0,1.2727272727272727,10.0,0,90
1859.0,1.173913043478261,11.0,0,90
1860.0,1.3636363636363635,12.0,0,90
1861.0,1.5,13.0,0,92
1862.0,1.7619047619047619,14.0,0,92
1863.0,1.7826086956521738,15.0,0,92
1864.0,2.0454545454545454,16.0,0,92
1865.0,2.227272727272727,17.0,0,92
1866.0,2.409090909090909,18.0,0,92
1867.0,2.5217391304347827,19.0,0,92
1868.0,2.652173913043478,20.0,0,92
1869.0,1.8333333333333333,20.0,0,92
1870.0,1.1304347826086956,17.0,0,92
1871.0,0.4,10.0,0,92
1872.0,0.4583333333333333,11.0,0,92
1873.0,0.5,12.0,0,92
1874.0,0.5652173913043478,13.0,0,92
1875.0,0.5833333333333334,14.0,0,92
1876.0,0.6521739130434783,15.0,0,92
1877.0,0.7391304347826086,16.0,0,92
1878.0,0.8260869565217391,17.0,0,92
1879.0,0.13043478260869565,3.0,0,92
1880.0,0.0,0.0,0,92
1881.0,0.0,0.0,0,92
1882.0,0.043478260869565216,1.0,0,92
1883.0,0.0,0.0,0,92
1884.0,0.041666666666666664,1.0,0,92
1885.0,0.0,0.0,0,92
1886.0,0.041666666666666664,1.0,0,93
1887.0,0.08333333333333333,2.0,0,94
1888.0,0.13043478260869565,3.0,0,94
1889.0,0.18181818181818182,4.0,0,94
1890.0,0.23809523809523808,5.0,0,94
1891.0,0.3333333333333333,6.0,0,94
1892.0,0.3888888888888889,7.0,0,94
1893.0,0.0,0.0,0,94
1894.0,0.0,0.0,0,94
1895.0,0.0,0.0,0,94
1896.0,0.0,0.0,0,94
1897.0,0.0,0.0,0,94
1898.0,0.0,0.0,0,94
1899.0,0.05263157894736842,1.0,0,94
1900.0,0.1111111111111111,2.0,0,94
1901.0,0.15789473684210525,3.0,0,94
1902.0,0.2,4.0,0,94
1903.0,0.0,0.0,0,94
1904.0,0.0,0.0,0,94
1905.0,0.0,0.0,0,94
1906.0,0.05,1.0,0,94
1907.0,0.09090909090909091,2.0,0,94
1908.0,0.18181818181818182,3.0,0,94
1909.0,0.2608695652173913,4.0,0,94
1910.0,0.36363636363636365,5.0,0,94
1911.0,0.43478260869565216,6.0,0,94
1912.0,0.5454545454545454,7.0,0,94
1913.0,0.6086956521739131,8.0,0,94
1914.0,0.3181818181818182,7.0,0,94
1915.0,0.0,0.0,0,94
1916.0,0.0,0.0,0,94
1917.0,0.0,0.0,0,94
1918.0,0.0,0.0,0,94
1919.0,0.0,0.0,0,94
1920.0,0.0,0.0,0,94
1921.0,0.0,0.0,0,94
1922.0,0.047619047619047616,1.0,0,94
1923.0,0.09523809523809523,2.0,0,94
1924.0,0.13636363636363635,3.0,0,94
1925.0,0.19047619047619047,4.0,0,94
1926.0,0.23809523809523808,5.0,0,94
1927.0,0.2727272727272727,6.0,0,94
1928.0,0.3333333333333333,7.0,0,94
1929.0,0.4,8.0,0,94
1930.0,0.0,0.0,0,94
1931.0,0.0,0.0,0,94
1932.0,0.0,0.0,0,94
1933.0,0.0,0.0,0,94
1934.0,0.0,0.0,0,94
1935.0,0.045454545454545456,1.0,0,94
1936.0,0.09523809523809523,2.0,0,94
1937.0,0.05,1.0,0,94
1938.0,0.1,2.0,0,94
1939.0,0.0,0.0,0,94
1940.0,0.0,0.0,0,94
1941.0,0.0,0.0,0,94
1942.0,0.0,0.0,0,94
1943.0,0.0,0.0,0,94
1944.0,0.047619047619047616,1.0,0,94
1945.0,0.0,0.0,0,94
1946.0,0.0,0.0,0,94
1947.0,0.0,0.0,0,94
1948.0,0.0,0.0,0,94
1949.0,0.0,0.0,0,94
1950.0,0.0,0.0,0,94
1951.0,0.0,0.0,0,94
1952.0,0.0,0.0,0,94
1953.0,0.0,0.0,0,94
1954.0,0.0,0.0,0,94
1955.0,0.0,0.0,0,94
1956.0,0.05,1.0,0,94
1957.0,0.09523809523809523,2.0,0,94
1958.0,0.14285714285714285,3.0,0,94
1959.0,0.18181818181818182,4.0,0,94
1960.0,0.23809523809523808,5.0,0,94
1961.0,0.2857142857142857,6.0,0,94
1962.0,0.3333333333333333,7.0,0,94
1963.0,0.38095238095238093,8.0,0,94
1964.0,0.45,9.0,0,94
1965.0,0.47619047619047616,10.0,0,94
1966.0,0.5,11.0,0,94
1967.0,0.5454545454545454,12.0,0,94
1968.0,0.5652173913043478,13.0,0,94
1969.0,0.5833333333333334,14.0,0,94
1970.0,0.0,0.0,0,94
1971.0,0.0,0.0,0,94
1972.0,0.0,0.0,0,94
1973.0,0.0,0.0,0,94
1974.0,0.0,0.0,0,95
1975.0,0.0,0.0,0,95
1976.0,0.0,0.0,0,95
1977.0,0.0,0.0,0,95
1978.0,0.0,0.0,0,95
1979.0,0.0,0.0,0,96
1980.0,0.0,0.0,0,97
1981.0,0.0,0.0,0,97
1982.0,0.0,0.0,0,97
1983.0,0.0,0.0,0,97
1984.0,0.0,0.0,0,97
1985.0,0.0,0.0,0,97
1986.0,0.0,0.0,0,97
1987.0,0.038461538461538464,1.0,0,97
1988.0,0.08,2.0,0,97
1989.0,0.11538461538461539,3.0,0,97
1990.0,0.16666666666666666,4.0,0,97
1991.0,0.2,5.0,0,97
1992.0,0.25,6.0,0,97
1993.0,0.28,7.0,0,97
1994.0,0.36,8.0,0,97
1995.0,0.4230769230769231,9.0,0,97
1996.0,0.5769230769230769,10.0,0,97
1997.0,0.6666666666666666,11.0,0,97
1998.0,0.37037037037037035,5.0,0,97
1999.0,0.4074074074074074,6.0,0,97
2000.0,0.48148148148148145,7.0,0,97
2001.0,0.5925925925925926,8.0,0,97
2002.0,0.7307692307692307,9.0,0,97
2003.0,0.9166666666666666,10.0,0,97
2004.0,1.0416666666666667,11.0,0,97
2005.0,1.1666666666666667,12.0,0,97
2006.0,1.4090909090909092,13.0,0,97
2007.0,1.4166666666666667,14.0,0,97
2008.0,1.6521739130434783,15.0,0,97
2009.0,1.0833333333333333,13.0,0,97
2010.0,0.7391304347826086,14.0,0,97
2011.0,0.8260869565217391,15.0,0,97
2012.0,0.21739130434782608,5.0,0,97
2013.0,0.2916666666666667,6.0,0,97
2014.0,0.08695652173913043,2.0,0,97
2015.0,0.0,0.0,0,97
2016.0,0.0,0.0,0,97
2017.0,0.0,0.0,0,97
2018.0,0.0,0.0,0,97
2019.0,0.0,0.0,0,97
2020.0,0.0,0.0,0,97
2021.0,0.0,0.0,0,97
2022.0,0.0,0.0,0,97
2023.0,0.0,0.0,0,97
2024.0,0.0,0.0,0,97
2025.0,0.0,0.0,0,97
2026.0,0.041666666666666664,1.0,0,97
2027.0,0.08,2.0,0,97
2028.0,0.125,3.0,0,98
2029.0,0.15384615384615385,4.0,0,98
2030.0,0.2,5.0,0,98
2031.0,0.24,6.0,0,98
2032.0,0.28,7.0,0,98
2033.0,0.3076923076923077,8.0,0,98
2034.0,0.3333333333333333,9.0,0,98
2035.0,0.38461538461538464,10.0,0,98
2036.0,0.0,0.0,0,98
2037.0,0.04,1.0,0,98
2038.0,0.12,2.0,0,98
2039.0,0.07692307692307693,2.0,0,98
2040.0,0.12,3.0,0,98
2041.0,0.16,4.0,0,98
2042.0,0.0,0.0,0,98
2043.0,0.0,0.0,0,98
2044.0,0.0,0.0,0,98
2045.0,0.0,0.0,0,98
2046.0,0.0,0.0,0,98
2047.0,0.0,0.0,0,98
2048.0,0.0,0.0,0,98
2049.0,0.0,0.0,0,98
2050.0,0.0,0.0,0,98
2051.0,0.037037037037037035,1.0,0,98
2052.0,0.14814814814814814,2.0,0,98
2053.0,0.12,3.0,0,98
2054.0,0.16,4.0,0,98
2055.0,0.19230769230769232,5.0,0,98
2056.0,0.25,6.0,0,98
2057.0,0.30434782608695654,7.0,0,98
2058.0,0.36363636363636365,8.0,0,98
2059.0,0.4090909090909091,9.0,0,98
2060.0,0.0,0.0,0,98
2061.0,0.043478260869565216,1.0,0,98
2062.0,0.17391304347826086,2.0,0,98
2063.0,0.21739130434782608,3.0,0,98
2064.0,0.13043478260869565,3.0,0,98
2065.0,0.0,0.0,0,99
2066.0,0.0,0.0,0,99
2067.0,0.0,0.0,0,99
2068.0,0.0,0.0,0,99
2069.0,0.0,0.0,0,99
2070.0,0.0,0.0,0,99
2071.0,0.0,0.0,0,99
2072.0,0.0,0.0,0,99
2073.0,0.0,0.0,0,99
2074.0,0.0,0.0,0,99
2075.0,0.0,0.0,0,99
2076.0,0.0,0.0,0,99
2077.0,0.0,0.0,0,99
2078.0,0.0,0.0,0,99
2079.0,0.0,0.0,0,99
2080.0,0.0,0.0,0,99
2081.0,0.0,0.0,0,99
2082.0,0.0,0.0,0,99
2083.0,0.0,0.0,0,99
2084.0,0.0,0.0,0,99
2085.0,0.0,0.0,0,99
2086.0,0.058823529411764705,1.0,0,99
2087.0,0.1111111111111111,2.0,0,99
2088.0,0.16666666666666666,3.0,0,99
2089.0,0.2222222222222222,4.0,0,99
2090.0,0.3333333333333333,5.0,0,99
2091.0,0.4444444444444444,6.0,0,99
2092.0,0.5882352941176471,7.0,0,99
2093.0,0.631578947368421,8.0,0,99
2094.0,0.7368421052631579,9.0,0,99
2095.0,0.8421052631578947,10.0,0,99
2096.0,0.35,7.0,0,99
2097.0,0.0,0.0,0,99
2098.0,0.0,0.0,0,99
2099.0,0.045454545454545456,1.0,0,99
2100.0,0.09090909090909091,2.0,0,99
2101.0,0.13043478260869565,3.0,0,99
2102.0,0.17391304347826086,4.0,0,99
2103.0,0.22727272727272727,5.0,0,99
2104.0,0.2727272727272727,6.0,0,99
2105.0,0.30434782608695654,7.0,0,99
2106.0,0.34782608695652173,8.0,0,99
2107.0,0.0,0.0,0,99
2108.0,0.0,0.0,0,99
2109.0,0.0,0.0,0,99
2110.0,0.0,0.0,0,99
2111.0,0.0,0.0,0,99
2112.0,0.0,0.0,0,99
2113.0,0.0,0.0,0,99
2114.0,0.0,0.0,0,100
2115.0,0.0,0.0,0,101
2116.0,0.043478260869565216,1.0,0,101
2117.0,0.0,0.0,0,101
2118.0,0.0,0.0,0,101
2119.0,0.043478260869565216,1.0,0,101
2120.0,0.13043478260869565,2.0,0,101
2121.0,0.08695652173913043,2.0,0,101
2122.0,0.13043478260869565,3.0,0,101
2123.0,0.17391304347826086,4.0,0,101
2124.0,0.21739130434782608,5.0,0,101
2125.0,0.2727272727272727,6.0,0,101
2126.0,0.3181818181818182,7.0,0,101
2127.0,0.36363636363636365,8.0,0,101
2128.0,0.4090909090909091,9.0,0,101
2129.0,0.45454545454545453,10.0,0,101
2130.0,0.55,11.0,0,101
2131.0,0.5454545454545454,12.0,0,101
2132.0,0.6190476190476191,13.0,0,101
2133.0,0.6666666666666666,14.0,0,101
2134.0,0.75,15.0,0,101
2135.0,0.7272727272727273,16.0,0,101
2136.0,0.7727272727272727,17.0,0,101
2137.0,0.9523809523809523,18.0,0,101
2138.0,1.0952380952380953,19.0,0,101
2139.0,1.2,20.0,0,101
2140.0,1.3333333333333333,21.0,0,101
2141.0,1.5238095238095237,22.0,0,101
2142.0,0.6666666666666666,6.0,0,101
2143.0,0.3333333333333333,4.0,0,101
2144.0,0.2857142857142857,3.0,0,101
2145.0,0.2857142857142857,3.0,0,101
2146.0,0.3157894736842105,4.0,0,101
2147.0,0.47368421052631576,5.0,0,101
2148.0,0.631578947368421,6.0,0,101
2149.0,0.6,7.0,0,103
2150.0,0.7,8.0,0,104
2151.0,0.7619047619047619,9.0,0,105
2152.0,0.9473684210526315,10.0,0,105
2153.0,1.0,11.0,0,105
2154.0,1.1,12.0,0,105
2155.0,0.5238095238095238,11.0,0,105
2156.0,0.0,0.0,0,105
2157.0,0.0,0.0,0,105
2158.0,0.0,0.0,0,105
2159.0,0.0,0.0,0,106
2160.0,0.0,0.0,0,106
2161.0,0.0,0.0,0,106
2162.0,0.0,0.0,0,106
2163.0,0.047619047619047616,1.0,0,107
2164.0,0.1,2.0,0,108
2165.0,0.14285714285714285,3.0,0,108
2166.0,0.2,4.0,0,108
2167.0,0.25,5.0,0,108
2168.0,0.3,6.0,0,108
2169.0,0.35,7.0,0,108
2170.0,0.38095238095238093,8.0,0,108
2171.0,0.4090909090909091,9.0,0,108
2172.0,0.47619047619047616,10.0,0,108
2173.0,0.5238095238095238,11.0,0,108
2174.0,0.5714285714285714,12.0,0,108
2175.0,0.6190476190476191,13.0,0,108
2176.0,0.6666666666666666,14.0,0,108
2177.0,0.6818181818181818,15.0,0,108
2178.0,0.8181818181818182,16.0,0,108
2179.0,0.9545454545454546,17.0,0,108
2180.0,0.2727272727272727,3.0,0,108
2181.0,0.16666666666666666,4.0,0,108
2182.0,0.25,5.0,0,108
2183.0,0.3333333333333333,6.0,0,108
2184.0,0.4782608695652174,7.0,0,108
2185.0,0.6086956521739131,8.0,0,108
2186.0,0.7391304347826086,9.0,0,108
2187.0,0.4166666666666667,6.0,0,108
2188.0,0.25,5.0,0,108
2189.0,0.08,2.0,0,108
2190.0,0.0,0.0,0,108
2191.0,0.04,1.0,0,108
2192.0,0.0,0.0,0,108
2193.0,0.045454545454545456,1.0,0,108
2194.0,0.14285714285714285,2.0,0,108
2195.0,0.09090909090909091,2.0,0,108
2196.0,0.045454545454545456,1.0,0,108
2197.0,0.043478260869565216,1.0,0,108
2198.0,0.08695652173913043,2.0,0,108
2199.0,0.125,3.0,0,108
2200.0,0.16666666666666666,4.0,0,108
2201.0,0.24,5.0,0,108
2202.0,0.25,6.0,0,108
2203.0,0.28,7.0,0,108
2204.0,0.4090909090909091,8.0,0,108
2205.0,0.4782608695652174,9.0,0,108
2206.0,0.6666666666666666,10.0,0,108
2207.0,0.7727272727272727,11.0,0,108
2208.0,0.7727272727272727,12.0,0,108
2209.0,0.95,13.0,0,108
2210.0,0.3333333333333333,7.0,0,108
2211.0,0.045454545454545456,1.0,0,108
2212.0,0.09090909090909091,2.0,0,108
2213.0,0.13043478260869565,3.0,0,108
2214.0,0.17391304347826086,4.0,0,108
2215.0,0.21739130434782608,5.0,0,108
2216.0,0.2608695652173913,6.0,0,108
2217.0,0.3333333333333333,7.0,0,108
2218.0,0.43478260869565216,8.0,0,108
2219.0,0.5416666666666666,9.0,0,108
2220.0,0.6666666666666666,10.0,0,109
2221.0,0.7916666666666666,11.0,0,109
2222.0,0.4166666666666667,6.0,0,109
2223.0,0.48,7.0,0,109
2224.0,0.5833333333333334,8.0,0,109
2225.0,0.6666666666666666,9.0,0,109
2226.0,0.782608695652174,10.0,0,109
2227.0,0.8,11.0,0,109
2228.0,0.92,12.0,0,109
2229.0,0.9230769230769231,13.0,0,109
2230.0,1.0,14.0,0,109
2231.0,1.037037037037037,15.0,0,109
2232.0,1.1111111111111112,16.0,0,109
2233.0,1.1851851851851851,17.0,0,109
2234.0,1.2592592592592593,18.0,0,109
2235.0,1.2857142857142858,19.0,0,109
2236.0,1.3928571428571428,20.0,0,109
2237.0,1.5,21.0,0,109
2238.0,1.5517241379310345,22.0,0,109
2239.0,1.6,23.0,0,110
2240.0,1.793103448275862,24.0,0,110
2241.0,1.8666666666666667,25.0,0,110
2242.0,2.0,26.0,0,110
2243.0,2.096774193548387,27.0,0,111
2244.0,2.2666666666666666,28.0,0,112
2245.0,2.4,29.0,0,112
2246.0,2.6206896551724137,30.0,0,112
2247.0,2.962962962962963,31.0,0,112
2248.0,3.0357142857142856,32.0,0,112
2249.0,3.103448275862069,33.0,0,112
2250.0,3.5185185185185186,34.0,0,112
2251.0,3.607142857142857,35.0,0,112
2252.0,3.8214285714285716,36.0,0,112
2253.0,4.035714285714286,37.0,0,112
2254.0,4.423076923076923,38.0,0,112
2255.0,4.444444444444445,39.0,0,112
2256.0,4.464285714285714,40.0,0,112
2257.0,4.482758620689655,41.0,0,112
2258.0,4.655172413793103,42.0,0,112
2259.0,4.666666666666667,43.0,0,112
2260.0,5.103448275862069,44.0,0,112
2261.0,5.2,45.0,0,112
2262.0,4.533333333333333,46.0,0,112
2263.0,3.064516129032258,45.0,0,112
2264.0,1.7741935483870968,27.0,0,112
2265.0,1.7741935483870968,28.0,0,112
2266.0,2.0,29.0,0,112
2267.0,2.03125,30.0,0,112
2268.0,2.161290322580645,31.0,0,112
2269.0,1.3666666666666667,22.0,0,112
2270.0,0.8275862068965517,11.0,0,112
2271.0,0.5666666666666667,6.0,0,112
2272.0,0.7333333333333333,7.0,0,112
2273.0,0.8709677419354839,8.0,0,112
2274.0,1.1,9.0,0,112
2275.0,0.8333333333333334,10.0,0,112
2276.0,0.7333333333333333,11.0,0,112
2277.0,0.8064516129032258,12.0,0,112
2278.0,0.9,13.0,0,112
2279.0,1.0344827586206897,14.0,0,112
2280.0,1.2142857142857142,15.0,0,112
2281.0,1.3448275862068966,16.0,0,113
2282.0,0.8275862068965517,13.0,0,114
2283.0,0.4482758620689655,10.0,0,114
2284.0,0.1724137931034483,4.0,0,114
2285.0,0.06666666666666667,2.0,0,114
2286.0,0.10344827586206896,3.0,0,114
2287.0,0.0,0.0,0,115
2288.0,0.0,0.0,0,115
2289.0,0.034482758620689655,1.0,0,115
2290.0,0.06896551724137931,2.0,0,115
2291.0,0.10344827586206896,3.0,0,115
2292.0,0.14285714285714285,4.0,0,115
2293.0,0.1724137931034483,5.0,0,115
2294.0,0.2222222222222222,6.0,0,115
2295.0,0.32,7.0,0,115
2296.0,0.4,8.0,0,115
2297.0,0.5,9.0,0,115
2298.0,0.5833333333333334,10.0,0,115
2299.0,0.20833333333333334,5.0,0,115
2300.0,0.0,0.0,0,115
2301.0,0.041666666666666664,1.0,0,115
2302.0,0.08695652173913043,2.0,0,115
2303.0,0.0,0.0,0,115
2304.0,0.0,0.0,0,115
2305.0,0.0,0.0,0,115
2306.0,0.0,0.0,0,115
2307.0,0.0,0.0,0,115
2308.0,0.04,1.0,0,115
2309.0,0.07692307692307693,2.0,0,115
2310.0,0.12,3.0,0,115
2311.0,0.17391304347826086,4.0,0,115
2312.0,0.2608695652173913,5.0,0,115
2313.0,0.3333333333333333,6.0,0,115
2314.0,0.43478260869565216,7.0,0,115
2315.0,0.5,8.0,0,115
2316.0,0.5833333333333334,9.0,0,115
2317.0,0.68,10.0,0,115
2318.0,0.8333333333333334,11.0,0,115
2319.0,0.9583333333333334,12.0,0,115
2320.0,1.1304347826086956,13.0,0,115
2321.0,1.25,14.0,0,115
2322.0,1.25,15.0,0,115
2323.0,1.32,16.0,0,115
2324.0,1.56,17.0,0,115
2325.0,1.7307692307692308,18.0,0,115
2326.0,2.0,19.0,0,115
2327.0,2.074074074074074,20.0,0,115
2328.0,2.3333333333333335,21.0,0,116
2329.0,2.5,22.0,0,116
2330.0,2.75,23.0,0,116
2331.0,2.8461538461538463,24.0,0,116
2332.0,2.740740740740741,25.0,0,116
2333.0,1.9642857142857142,22.0,0,116
2334.0,1.3571428571428572,14.0,0,116
2335.0,1.1071428571428572,15.0,0,116
2336.0,1.1923076923076923,16.0,0,116
2337.0,1.1111111111111112,17.0,0,116
2338.0,1.1111111111111112,18.0,0,116
2339.0,1.1851851851851851,19.0,0,116
2340.0,1.3461538461538463,20.0,0,116
2341.0,1.4444444444444444,21.0,0,116
2342.0,1.12,22.0,0,116
2343.0,1.2307692307692308,23.0,0,116
2344.0,1.1923076923076923,24.0,0,116
2345.0,1.3076923076923077,25.0,0,116
2346.0,1.28,26.0,0,116
2347.0,1.36,27.0,0,116
2348.0,1.44,28.0,0,116
2349.0,1.6,29.0,0,116
2350.0,1.7307692307692308,30.0,0,117
2351.0,1.8518518518518519,31.0,0,118
2352.0,1.8888888888888888,32.0,0,118
2353.0,1.8888888888888888,33.0,0,118
2354.0,2.0,34.0,0,118
2355.0,2.111111111111111,35.0,0,118
2356.0,2.259259259259259,36.0,0,118
2357.0,2.25,37.0,0,118
2358.0,2.357142857142857,38.0,0,118
2359.0,2.3793103448275863,39.0,0,118
2360.0,2.5172413793103448,40.0,0,118
2361.0,2.6551724137931036,41.0,0,118
2362.0,2.793103448275862,42.0,0,118
2363.0,3.0357142857142856,43.0,0,118
2364.0,3.1785714285714284,44.0,0,118
2365.0,1.7142857142857142,25.0,0,118
2366.0,0.9259259259259259,18.0,0,118
2367.0,0.2962962962962963,8.0,0,118
2368.0,0.0,0.0,0,118
2369.0,0.0,0.0,0,118
2370.0,0.0,0.0,0,118
2371.0,0.0,0.0,0,118
2372.0,0.0,0.0,0,118
2373.0,0.0,0.0,0,118
2374.0,0.0,0.0,0,118
2375.0,0.0,0.0,0,118
2376.0,0.0,0.0,0,118
2377.0,0.0,0.0,0,118
2378.0,0.0,0.0,0,118
2379.0,0.0,0.0,0,118
2380.0,0.0,0.0,0,118
2381.0,0.0,0.0,0,118
2382.0,0.0,0.0,0,118
2383.0,0.0,0.0,0,118
2384.0,0.0,0.0,0,118
2385.0,0.0,0.0,0,118
2386.0,0.0,0.0,0,118
2387.0,0.0,0.0,0,118
2388.0,0.0,0.0,0,118
2389.0,0.0,0.0,0,118
2390.0,0.0,0.0,0,118
2391.0,0.0,0.0,0,118
2392.0,0.0,0.0,0,118
2393.0,0.05263157894736842,1.0,0,118
2394.0,0.10526315789473684,2.0,0,118
2395.0,0.2,3.0,0,118
2396.0,0.3,4.0,0,118
2397.0,0.14285714285714285,3.0,0,118
2398.0,0.0,0.0,0,118
2399.0,0.0,0.0,0,118
2400.0,0.0,0.0,0,118
2401.0,0.043478260869565216,1.0,0,118
2402.0,0.09090909090909091,2.0,0,118
2403.0,0.13043478260869565,3.0,0,118
2404.0,0.17391304347826086,4.0,0,118
2405.0,0.0,0.0,0,118
2406.0,0.0,0.0,0,118
2407.0,0.0,0.0,0,118
2408.0,0.0,0.0,0,118
2409.0,0.043478260869565216,1.0,0,118
2410.0,0.08695652173913043,2.0,0,118
2411.0,0.13043478260869565,3.0,0,118
2412.0,0.17391304347826086,4.0,0,118
2413.0,0.22727272727272727,5.0,0,118
2414.0,0.2608695652173913,6.0,0,118
2415.0,0.2916666666666667,7.0,0,118
2416.0,0.375,8.0,0,118
2417.0,0.44,9.0,0,118
2418.0,0.52,10.0,0,118
2419.0,0.64,11.0,0,118
2420.0,0.76,12.0,0,118
2421.0,0.88,13.0,0,118
2422.0,1.0416666666666667,14.0,0,118
2423.0,0.52,8.0,0,118
2424.0,0.25,6.0,0,118
2425.0,0.0,0.0,0,118
2426.0,0.0,0.0,0,118
2427.0,0.0,0.0,0,118
2428.0,0.0,0.0,0,118
2429.0,0.0,0.0,0,118
2430.0,0.0,0.0,0,118
2431.0,0.0,0.0,0,118
2432.0,0.0,0.0,0,118
2433.0,0.0,0.0,0,118
2434.0,0.0,0.0,0,118
2435.0,0.0,0.0,0,118
2436.0,0.0,0.0,0,118
2437.0,0.0,0.0,0,118
2438.0,0.0,0.0,0,118
2439.0,0.0,0.0,0,119
2440.0,0.0,0.0,0,119
2441.0,0.0,0.0,0,119
2442.0,0.0,0.0,0,119
2443.0,0.0,0.0,0,119
2444.0,0.0,0.0,0,119
2445.0,0.0,0.0,0,119
2446.0,0.0,0.0,0,119
2447.0,0.0,0.0,0,120
2448.0,0.0,0.0,0,120
2449.0,0.0,0.0,0,120
2450.0,0.0,0.0,0,120
2451.0,0.0,0.0,0,120
2452.0,0.0,0.0,0,120
2453.0,0.0,0.0,0,120
2454.0,0.0,0.0,0,120
2455.0,0.0,0.0,0,120
2456.0,0.047619047619047616,1.0,0,120
2457.0,0.09523809523809523,2.0,0,120
2458.0,0.14285714285714285,3.0,0,120
2459.0,0.19047619047619047,4.0,0,120
2460.0,0.23809523809523808,5.0,0,120
2461.0,0.0,0.0,0,120
2462.0,0.0,0.0,0,120
2463.0,0.0,0.0,0,120
2464.0,0.0,0.0,0,120
2465.0,0.0,0.0,0,120
2466.0,0.05555555555555555,1.0,0,120
2467.0,0.1,2.0,0,120
2468.0,0.15789473684210525,3.0,0,120
2469.0,0.2,4.0,0,120
2470.0,0.25,5.0,0,120
2471.0,0.2857142857142857,6.0,0,120
2472.0,0.0,0.0,0,120
2473.0,0.0,0.0,0,120
2474.0,0.0,0.0,0,120
2475.0,0.047619047619047616,1.0,0,120
2476.0,0.0,0.0,0,120
2477.0,0.0,0.0,0,120
2478.0,0.0,0.0,0,120
2479.0,0.0,0.0,0,120
2480.0,0.0,0.0,0,120
2481.0,0.0,0.0,0,120
2482.0,0.0,0.0,0,120
2483.0,0.0,0.0,0,120
2484.0,0.043478260869565216,1.0,0,120
2485.0,0.08695652173913043,2.0,0,120
2486.0,0.13043478260869565,3.0,0,120
2487.0,0.22727272727272727,4.0,0,120
2488.0,0.3181818181818182,5.0,0,120
2489.0,0.30434782608695654,6.0,0,120
2490.0,0.391304347826087,7.0,0,120
2491.0,0.4782608695652174,8.0,0,120
2492.0,0.4090909090909091,9.0,0,120
2493.0,0.43478260869565216,10.0,0,120
2494.0,0.4782608695652174,11.0,0,120
2495.0,0.5652173913043478,12.0,0,120
2496.0,0.6521739130434783,13.0,0,120
2497.0,0.7391304347826086,14.0,0,120
2498.0,0.8260869565217391,15.0,0,120
2499.0,0.0,0.0,0,120
2500.0,0.0,0.0,0,120
2501.0,0.0,0.0,0,120
2502.0,0.043478260869565216,1.0,0,120
2503.0,0.08333333333333333,2.0,0,120
2504.0,0.21739130434782608,3.0,0,120
2505.0,0.13043478260869565,2.0,0,120
2506.0,0.0,0.0,0,120
2507.0,0.041666666666666664,1.0,0,120
2508.0,0.08695652173913043,2.0,0,120
2509.0,0.16666666666666666,3.0,0,120
2510.0,0.16666666666666666,4.0,0,120
2511.0,0.20833333333333334,5.0,0,120
2512.0,0.2916666666666667,6.0,0,120
2513.0,0.4090909090909091,7.0,0,120
2514.0,0.4090909090909091,8.0,0,120
2515.0,0.4782608695652174,9.0,0,120
2516.0,0.43478260869565216,10.0,0,120
2517.0,0.44,11.0,0,120
2518.0,0.48,12.0,0,120
2519.0,0.56,13.0,0,120
2520.0,0.0,0.0,0,120
2521.0,0.0,0.0,0,120
2522.0,0.0,0.0,0,120
2523.0,0.041666666666666664,1.0,0,120
2524.0,0.08333333333333333,2.0,0,120
2525.0,0.125,3.0,0,120
2526.0,0.0,0.0,0,120
2527.0,0.0,0.0,0,120
2528.0,0.0,0.0,0,120
2529.0,0.0,0.0,0,120
2530.0,0.0,0.0,0,120
2531.0,0.0,0.0,0,120
2532.0,0.04,1.0,0,120
2533.0,0.11538461538461539,2.0,0,120
2534.0,0.20833333333333334,3.0,0,120
2535.0,0.16666666666666666,4.0,0,120
2536.0,0.20833333333333334,5.0,0,120
2537.0,0.24,6.0,0,120
2538.0,0.28,7.0,0,120
2539.0,0.32,8.0,0,120
2540.0,0.391304347826087,9.0,0,120
2541.0,0.4166666666666667,10.0,0,120
2542.0,0.4782608695652174,11.0,0,120
2543.0,0.5454545454545454,12.0,0,120
2544.0,0.7,13.0,0,120
2545.0,0.8421052631578947,14.0,0,120
2546.0,1.0,15.0,0,120
2547.0,1.1,16.0,0,120
2548.0,1.2380952380952381,17.0,0,120
2549.0,1.3636363636363635,18.0,0,120
2550.0,1.5454545454545454,19.0,0,120
2551.0,1.6521739130434783,20.0,0,120
2552.0,1.9090909090909092,21.0,0,120
2553.0,1.4090909090909092,22.0,0,120
2554.0,1.1363636363636365,23.0,0,120
2555.0,1.0869565217391304,24.0,0,120
2556.0,1.1363636363636365,25.0,0,120
2557.0,0.0,0.0,0,120
2558.0,0.09523809523809523,1.0,0,120
2559.0,0.18181818181818182,2.0,0,120
2560.0,0.13636363636363635,3.0,0,120
2561.0,0.18181818181818182,4.0,0,120
2562.0,0.0,0.0,0,120
2563.0,0.0,0.0,0,120
2564.0,0.0,0.0,0,120
2565.0,0.0,0.0,0,120
2566.0,0.0,0.0,0,120
2567.0,0.0,0.0,0,120
2568.0,0.0,0.0,0,120
2569.0,0.0,0.0,0,120
2570.0,0.047619047619047616,1.0,0,120
2571.0,0.09090909090909091,2.0,0,120
2572.0,0.13043478260869565,3.0,0,120
2573.0,0.17391304347826086,4.0,0,120
2574.0,0.21739130434782608,5.0,0,120
2575.0,0.2608695652173913,6.0,0,120
2576.0,0.3181818181818182,7.0,0,120
2577.0,0.36363636363636365,8.0,0,120
2578.0,0.391304347826087,9.0,0,120
2579.0,0.43478260869565216,10.0,0,120
2580.0,0.4782608695652174,11.0,0,120
2581.0,0.5,12.0,0,120
2582.0,0.5416666666666666,13.0,0,120
2583.0,0.5833333333333334,14.0,0,120
2584.0,0.6818181818181818,15.0,0,120
2585.0,0.7272727272727273,16.0,0,120
2586.0,0.7727272727272727,17.0,0,120
2587.0,0.8571428571428571,18.0,0,120
2588.0,0.9047619047619048,19.0,0,120
2589.0,0.9090909090909091,20.0,0,120
2590.0,0.9545454545454546,21.0,0,120
2591.0,0.0,0.0,0,120
2592.0,0.0,0.0,0,120
2593.0,0.0,0.0,0,120
2594.0,0.0,0.0,0,120
2595.0,0.0,0.0,0,120
2596.0,0.0,0.0,0,120
2597.0,0.0,0.0,0,120
2598.0,0.0,0.0,0,120
2599.0,0.0,0.0,0,120
2600.0,0.0,0.0,0,120
2601.0,0.0,0.0,0,120
2602.0,0.0,0.0,0,120
2603.0,0.0,0.0,0,120
2604.0,0.0,0.0,0,120
2605.0,0.0,0.0,0,120
2606.0,0.0,0.0,0,120
2607.0,0.0,0.0,0,120
2608.0,0.0,0.0,0,120
2609.0,0.0,0.0,0,120
2610.0,0.0,0.0,0,120
2611.0,0.0,0.0,0,120
2612.0,0.0,0.0,0,120
2613.0,0.0,0.0,0,120
2614.0,0.0,0.0,0,120
2615.0,0.0,0.0,0,120
2616.0,0.0,0.0,0,120
2617.0,0.0,0.0,0,120
2618.0,0.0,0.0,0,120
2619.0,0.0,0.0,0,120
2620.0,0.0,0.0,0,120
2621.0,0.0,0.0,0,121
2622.0,0.0,0.0,0,122
2623.0,0.0,0.0,0,122
2624.0,0.0,0.0,0,122
2625.0,0.0,0.0,0,122
2626.0,0.0,0.0,0,122
2627.0,0.0,0.0,0,122
2628.0,0.0,0.0,0,122
2629.0,0.0,0.0,0,122
2630.0,0.043478260869565216,1.0,0,122
2631.0,0.08333333333333333,2.0,0,122
2632.0,0.16666666666666666,3.0,0,122
2633.0,0.25,4.0,0,122
2634.0,0.20833333333333334,5.0,0,122
2635.0,0.25,6.0,0,122
2636.0,0.0,0.0,0,122
2637.0,0.0,0.0,0,122
2638.0,0.0,0.0,0,122
2639.0,0.0,0.0,0,122
2640.0,0.0,0.0,0,122
2641.0,0.0,0.0,0,122
2642.0,0.0,0.0,0,122
2643.0,0.0,0.0,0,122
2644.0,0.0,0.0,0,122
2645.0,0.0,0.0,0,122
2646.0,0.0,0.0,0,122
2647.0,0.0,0.0,0,122
2648.0,0.0,0.0,0,122
2649.0,0.0,0.0,0,122
2650.0,0.0,0.0,0,122
2651.0,0.0,0.0,0,122
2652.0,0.0,0.0,0,122
2653.0,0.038461538461538464,1.0,0,122
2654.0,0.07692307692307693,2.0,0,122
2655.0,0.0,0.0,0,122
2656.0,0.0,0.0,0,122
2657.0,0.0,0.0,0,122
2658.0,0.045454545454545456,1.0,0,122
2659.0,0.09090909090909091,2.0,0,122
2660.0,0.19047619047619047,3.0,0,122
2661.0,0.2727272727272727,4.0,0,122
2662.0,0.4090909090909091,5.0,0,122
2663.0,0.5217391304347826,6.0,0,122
2664.0,0.6521739130434783,7.0,0,122
2665.0,0.75,8.0,0,122
2666.0,0.875,9.0,0,122
2667.0,1.0,10.0,0,122
2668.0,1.16,11.0,0,122
2669.0,1.375,12.0,0,122
2670.0,1.5416666666666667,13.0,0,122
2671.0,1.64,14.0,0,123
2672.0,1.56,15.0,0,123
2673.0,1.6153846153846154,16.0,0,123
2674.0,1.7307692307692308,17.0,0,123
2675.0,1.8461538461538463,18.0,0,123
2676.0,1.9615384615384615,19.0,0,123
2677.0,2.0,20.0,0,123
2678.0,2.111111111111111,21.0,0,123
2679.0,2.142857142857143,22.0,0,123
2680.0,2.3333333333333335,23.0,0,123
2681.0,2.5384615384615383,24.0,0,123
2682.0,2.6538461538461537,25.0,0,123
2683.0,2.88,26.0,0,123
2684.0,1.92,25.0,0,123
2685.0,0.9615384615384616,24.0,0,123
2686.0,0.11538461538461539,2.0,0,123
2687.0,0.16,3.0,0,123
2688.0,0.25,4.0,0,123
2689.0,0.45454545454545453,5.0,0,123
2690.0,0.6363636363636364,6.0,0,123
2691.0,0.6818181818181818,7.0,0,123
2692.0,0.8571428571428571,8.0,0,123
2693.0,0.6666666666666666,9.0,0,123
2694.0,0.55,10.0,0,123
2695.0,0.5238095238095238,11.0,0,123
2696.0,0.0,0.0,0,123
2697.0,0.0,0.0,0,123
2698.0,0.0,0.0,0,123
2699.0,0.0,0.0,0,123
2700.0,0.0,0.0,0,123
2701.0,0.0,0.0,0,123
2702.0,0.0,0.0,0,123
2703.0,0.0,0.0,0,123
2704.0,0.0,0.0,0,123
2705.0,0.0,0.0,0,123
2706.0,0.0,0.0,0,123
2707.0,0.0,0.0,0,123
2708.0,0.0,0.0,0,124
2709.0,0.0,0.0,0,124
2710.0,0.0,0.0,0,124
2711.0,0.0,0.0,0,124
2712.0,0.0,0.0,0,124
2713.0,0.0,0.0,0,125
2714.0,0.0,0.0,0,125
2715.0,0.0,0.0,0,125
2716.0,0.0,0.0,0,126
2717.0,0.0,0.0,0,127
2718.0,0.047619047619047616,1.0,0,128
2719.0,0.0,0.0,0,129
2720.0,0.0,0.0,0,129
2721.0,0.0,0.0,0,129
2722.0,0.0,0.0,0,129
2723.0,0.0,0.0,0,129
2724.0,0.0,0.0,0,129
2725.0,0.0,0.0,0,129
2726.0,0.047619047619047616,1.0,0,129
2727.0,0.09523809523809523,2.0,0,129
2728.0,0.14285714285714285,3.0,0,129
2729.0,0.22727272727272727,4.0,0,129
2730.0,0.36363636363636365,5.0,0,129
2731.0,0.5,6.0,0,129
2732.0,0.6086956521739131,7.0,0,129
2733.0,0.75,8.0,0,129
2734.0,0.9166666666666666,9.0,0,129
2735.0,1.1304347826086956,10.0,0,129
2736.0,0.8695652173913043,8.0,0,129
2737.0,1.0416666666666667,9.0,0,129
2738.0,1.3478260869565217,10.0,0,129
2739.0,1.6818181818181819,11.0,0,129
2740.0,1.7727272727272727,12.0,0,129
2741.0,1.7727272727272727,13.0,0,129
2742.0,1.625,14.0,0,129
2743.0,1.72,15.0,0,129
2744.0,1.24,15.0,0,129
2745.0,1.3076923076923077,16.0,0,129
2746.0,1.4230769230769231,17.0,0,129
2747.0,1.5384615384615385,18.0,0,129
2748.0,1.6538461538461537,19.0,0,129
2749.0,1.7407407407407407,20.0,0,129
2750.0,2.0,21.0,0,129
2751.0,2.1923076923076925,22.0,0,129
2752.0,2.269230769230769,23.0,0,129
2753.0,2.3703703703703702,24.0,0,129
2754.0,2.6538461538461537,25.0,0,129
2755.0,2.740740740740741,26.0,0,129
2756.0,3.037037037037037,27.0,0,129
2757.0,3.2142857142857144,28.0,0,129
2758.0,3.6296296296296298,29.0,0,129
2759.0,3.8214285714285716,30.0,0,129
2760.0,4.142857142857143,31.0,0,129
2761.0,4.103448275862069,32.0,0,129
2762.0,4.379310344827586,33.0,0,129
2763.0,4.821428571428571,34.0,0,129
2764.0,5.107142857142857,35.0,0,129
2765.0,5.241379310344827,36.0,0,129
2766.0,5.75,37.0,0,129
2767.0,6.296296296296297,38.0,0,129
2768.0,6.62962962962963,39.0,0,130
2769.0,6.714285714285714,40.0,0,130
2770.0,7.071428571428571,41.0,0,130
2771.0,7.206896551724138,42.0,0,130
2772.0,7.586206896551724,43.0,0,130
2773.0,8.0,44.0,0,130
2774.0,7.266666666666667,45.0,0,130
2775.0,5.366666666666666,43.0,0,130
2776.0,4.266666666666667,36.0,0,130
2777.0,4.483870967741935,37.0,0,130
2778.0,4.806451612903226,38.0,0,130
2779.0,4.533333333333333,39.0,0,130
2780.0,4.6,40.0,0,130
2781.0,4.516129032258065,41.0,0,130
2782.0,4.625,42.0,0,130
2783.0,4.151515151515151,43.0,0,130
2784.0,3.9393939393939394,44.0,0,130
2785.0,4.21875,45.0,0,130
2786.0,4.548387096774194,46.0,0,130
2787.0,4.741935483870968,47.0,0,130
2788.0,4.8125,48.0,0,130
2789.0,4.735294117647059,49.0,0,130
2790.0,4.9411764705882355,50.0,0,130
2791.0,5.303030303030303,51.0,0,130
2792.0,5.515151515151516,52.0,0,130
2793.0,5.71875,53.0,0,130
2794.0,6.096774193548387,54.0,0,130
2795.0,6.125,55.0,0,130
2796.0,6.548387096774194,56.0,0,130
2797.0,6.838709677419355,57.0,0,130
2798.0,7.366666666666666,58.0,0,130
2799.0,7.419354838709677,59.0,0,130
2800.0,7.580645161290323,60.0,0,130
2801.0,7.870967741935484,61.0,0,130
2802.0,6.67741935483871,62.0,0,130
2803.0,5.225806451612903,63.0,0,130
2804.0,5.225806451612903,64.0,0,130
2805.0,5.15625,65.0,0,130
2806.0,5.28125,66.0,0,130
2807.0,5.375,67.0,0,130
2808.0,5.53125,68.0,0,130
2809.0,5.870967741935484,69.0,0,130
2810.0,5.666666666666667,70.0,0,130
2811.0,5.032258064516129,71.0,0,130
2812.0,4.032258064516129,72.0,0,130
2813.0,1.71875,43.0,0,130
2814.0,0.43333333333333335,13.0,0,130
2815.0,0.4827586206896552,14.0,0,130
2816.0,0.5555555555555556,15.0,0,130
2817.0,0.0,0.0,0,130
2818.0,0.0,0.0,0,130
2819.0,0.0,0.0,0,130
2820.0,0.03571428571428571,1.0,0,130
2821.0,0.0,0.0,0,130
2822.0,0.0,0.0,0,130
2823.0,0.03571428571428571,1.0,0,130
2824.0,0.10714285714285714,2.0,0,130
2825.0,0.1724137931034483,3.0,0,130
2826.0,0.10344827586206896,3.0,0,130
2827.0,0.14814814814814814,4.0,0,130
2828.0,0.19230769230769232,5.0,0,130
2829.0,0.2222222222222222,6.0,0,130
2830.0,0.2962962962962963,7.0,0,131
2831.0,0.35714285714285715,8.0,0,131
2832.0,0.42857142857142855,9.0,0,131
2833.0,0.5,10.0,0,131
2834.0,0.5714285714285714,11.0,0,131
2835.0,0.6428571428571429,12.0,0,131
2836.0,0.7142857142857143,13.0,0,131
2837.0,0.8518518518518519,14.0,0,131
2838.0,0.9629629629629629,15.0,0,131
2839.0,1.0740740740740742,16.0,0,131
2840.0,1.28,17.0,0,131
2841.0,1.3461538461538463,18.0,0,131
2842.0,1.4615384615384615,19.0,0,131
2843.0,1.5185185185185186,20.0,0,131
2844.0,1.6296296296296295,21.0,0,131
2845.0,1.2916666666666667,22.0,0,131
2846.0,0.92,23.0,0,131
2847.0,0.96,24.0,0,131
2848.0,1.1363636363636365,25.0,0,131
2849.0,1.1304347826086956,26.0,0,131
2850.0,1.173913043478261,27.0,0,131
2851.0,1.1666666666666667,28.0,0,131
2852.0,1.2608695652173914,29.0,0,131
2853.0,1.25,30.0,0,131
2854.0,1.2916666666666667,31.0,0,131
2855.0,1.3333333333333333,32.0,0,131
2856.0,1.32,33.0,0,131
2857.0,1.3076923076923077,34.0,0,131
2858.0,1.44,35.0,0,131
2859.0,1.5384615384615385,36.0,0,131
2860.0,1.6923076923076923,37.0,0,131
2861.0,1.7777777777777777,38.0,0,131
2862.0,2.12,39.0,0,131
2863.0,2.269230769230769,40.0,0,131
2864.0,2.230769230769231,41.0,0,131
2865.0,0.5185185185185185,7.0,0,131
2866.0,0.14814814814814814,4.0,0,131
2867.0,0.19230769230769232,5.0,0,131
2868.0,0.0,0.0,0,131
2869.0,0.0,0.0,0,131
2870.0,0.0,0.0,0,131
2871.0,0.037037037037037035,1.0,0,131
2872.0,0.07407407407407407,2.0,0,131
2873.0,0.15384615384615385,3.0,0,131
2874.0,0.24,4.0,0,131
2875.0,0.3076923076923077,5.0,0,131
2876.0,0.37037037037037035,6.0,0,131
2877.0,0.2222222222222222,5.0,0,131
2878.0,0.08,2.0,0,131
2879.0,0.0,0.0,0,131
2880.0,0.0,0.0,0,132
2881.0,0.041666666666666664,1.0,0,132
2882.0,0.08695652173913043,2.0,0,132
2883.0,0.0,0.0,0,132
2884.0,0.0,0.0,0,132
2885.0,0.0,0.0,0,132
2886.0,0.0,0.0,0,132
2887.0,0.04,1.0,0,132
2888.0,0.0,0.0,0,132
2889.0,0.0,0.0,0,132
2890.0,0.0,0.0,0,132
2891.0,0.0,0.0,0,132
2892.0,0.043478260869565216,1.0,0,132
2893.0,0.08333333333333333,2.0,0,132
2894.0,0.13043478260869565,3.0,0,132
2895.0,0.16666666666666666,4.0,0,132
2896.0,0.20833333333333334,5.0,0,132
2897.0,0.2916666666666667,6.0,0,132
2898.0,0.4090909090909091,7.0,0,132
2899.0,0.4583333333333333,8.0,0,132
2900.0,0.5909090909090909,9.0,0,132
2901.0,0.6521739130434783,10.0,0,132
2902.0,0.30434782608695654,6.0,0,132
2903.0,0.08695652173913043,2.0,0,132
2904.0,0.0,0.0,0,132
2905.0,0.08333333333333333,1.0,0,132
2906.0,0.17391304347826086,2.0,0,133
2907.0,0.13636363636363635,3.0,0,133
2908.0,0.18181818181818182,4.0,0,133
2909.0,0.21739130434782608,5.0,0,133
2910.0,0.25,6.0,0,133
2911.0,0.0,0.0,0,133
2912.0,0.0,0.0,0,133
2913.0,0.0,0.0,0,133
2914.0,0.0,0.0,0,133
2915.0,0.043478260869565216,1.0,0,133
2916.0,0.08695652173913043,2.0,0,133
2917.0,0.125,3.0,0,133
2918.0,0.0,0.0,0,133
2919.0,0.043478260869565216,1.0,0,133
2920.0,0.13043478260869565,2.0,0,133
2921.0,0.18181818181818182,3.0,0,133
2922.0,0.2608695652173913,4.0,0,133
2923.0,0.36363636363636365,5.0,0,133
2924.0,0.2727272727272727,6.0,0,133
2925.0,0.30434782608695654,7.0,0,133
2926.0,0.34782608695652173,8.0,0,133
2927.0,0.0,0.0,0,133
2928.0,0.045454545454545456,1.0,0,133
2929.0,0.08695652173913043,2.0,0,133
2930.0,0.13043478260869565,3.0,0,133
2931.0,0.18181818181818182,4.0,0,133
2932.0,0.21739130434782608,5.0,0,133
2933.0,0.25,6.0,0,133
2934.0,0.0,0.0,0,133
2935.0,0.0,0.0,0,133
2936.0,0.0,0.0,0,133
2937.0,0.0,0.0,0,133
2938.0,0.0,0.0,0,133
2939.0,0.0,0.0,0,133
2940.0,0.0,0.0,0,133
2941.0,0.0,0.0,0,133
2942.0,0.0,0.0,0,133
2943.0,0.0,0.0,0,133
2944.0,0.0,0.0,0,133
2945.0,0.07692307692307693,1.0,0,133
2946.0,0.08,2.0,0,133
2947.0,0.12,3.0,0,133
2948.0,0.16666666666666666,4.0,0,133
2949.0,0.0,0.0,0,133
2950.0,0.0,0.0,0,133
2951.0,0.0,0.0,0,133
2952.0,0.0,0.0,0,133
2953.0,0.0,0.0,0,133
2954.0,0.0,0.0,0,133
2955.0,0.038461538461538464,1.0,0,133
2956.0,0.0,0.0,0,133
2957.0,0.0,0.0,0,133
2958.0,0.0,0.0,0,133
2959.0,0.0,0.0,0,133
2960.0,0.0,0.0,0,133
2961.0,0.0,0.0,0,133
2962.0,0.0,0.0,0,133
2963.0,0.0,0.0,0,133
2964.0,0.0,0.0,0,133
2965.0,0.0,0.0,0,133
2966.0,0.0,0.0,0,133
2967.0,0.0,0.0,0,133
2968.0,0.0,0.0,0,133
2969.0,0.0,0.0,0,133
2970.0,0.05,1.0,0,133
2971.0,0.0,0.0,0,133
2972.0,0.0,0.0,0,133
2973.0,0.0,0.0,0,133
2974.0,0.0,0.0,0,133
2975.0,0.0,0.0,0,133
2976.0,0.0,0.0,0,133
2977.0,0.0,0.0,0,133
2978.0,0.0,0.0,0,133
2979.0,0.05,1.0,0,133
2980.0,0.0,0.0,0,133
2981.0,0.0,0.0,0,133
2982.0,0.0,0.0,0,133
2983.0,0.05263157894736842,1.0,0,133
2984.0,0.0,0.0,0,133
2985.0,0.0,0.0,0,133
2986.0,0.0,0.0,0,133
2987.0,0.0,0.0,0,133
2988.0,0.0,0.0,0,133
2989.0,0.0,0.0,0,133
2990.0,0.0,0.0,0,133
2991.0,0.0,0.0,0,133
2992.0,0.045454545454545456,1.0,0,133
2993.0,0.08695652173913043,2.0,0,133
2994.0,0.13043478260869565,3.0,0,134
2995.0,0.16666666666666666,4.0,0,134
2996.0,0.2727272727272727,5.0,0,134
2997.0,0.36363636363636365,6.0,0,134
2998.0,0.5,7.0,0,134
2999.0,0.3181818181818182,4.0,0,134
3000.0,0.18181818181818182,3.0,0,134
3001.0,0.09523809523809523,2.0,0,134
3002.0,0.14285714285714285,3.0,0,134
3003.0,0.047619047619047616,1.0,0,134
3004.0,0.09523809523809523,2.0,0,134
3005.0,0.18181818181818182,3.0,0,134
3006.0,0.09090909090909091,2.0,0,134
3007.0,0.13043478260869565,3.0,0,134
3008.0,0.25,4.0,0,134
3009.0,0.3333333333333333,5.0,0,134
3010.0,0.47619047619047616,6.0,0,134
3011.0,0.4090909090909091,7.0,0,134
3012.0,0.5,8.0,0,134
3013.0,0.5652173913043478,9.0,0,134
3014.0,0.6521739130434783,10.0,0,134
3015.0,0.68,11.0,0,134
3016.0,0.76,12.0,0,134
3017.0,0.88,13.0,0,134
3018.0,1.0,14.0,0,134
3019.0,1.1666666666666667,15.0,0,134
3020.0,1.2916666666666667,16.0,0,134
3021.0,1.4,17.0,0,134
3022.0,1.56,18.0,0,134
3023.0,1.5384615384615385,19.0,0,134
3024.0,1.7307692307692308,20.0,0,134
3025.0,2.0833333333333335,21.0,0,134
3026.0,2.391304347826087,22.0,0,134
3027.0,1.875,23.0,0,134
3028.0,0.7916666666666666,19.0,0,134
3029.0,0.041666666666666664,1.0,0,134
3030.0,0.13043478260869565,2.0,0,134
3031.0,0.21739130434782608,3.0,0,135
3032.0,0.30434782608695654,4.0,0,135
3033.0,0.42857142857142855,5.0,0,136
3034.0,0.5238095238095238,6.0,0,136
3035.0,0.5909090909090909,7.0,0,136
3036.0,0.6521739130434783,8.0,0,136
3037.0,0.7083333333333334,9.0,0,136
3038.0,0.7916666666666666,10.0,0,136
3039.0,0.875,11.0,0,136
3040.0,1.0,12.0,0,136
3041.0,1.0416666666666667,13.0,0,136
3042.0,1.125,14.0,0,136
3043.0,1.2083333333333333,15.0,0,136
3044.0,1.2916666666666667,16.0,0,136
3045.0,1.36,17.0,0,136
3046.0,1.48,18.0,0,136
3047.0,1.5384615384615385,19.0,0,136
3048.0,1.6923076923076923,20.0,0,136
3049.0,1.8461538461538463,21.0,0,136
3050.0,2.0384615384615383,22.0,0,136
3051.0,2.230769230769231,23.0,0,136
3052.0,2.0,24.0,0,136
3053.0,1.96,25.0,0,136
3054.0,2.125,26.0,0,137
3055.0,2.2083333333333335,27.0,0,138
3056.0,2.3333333333333335,28.0,0,138
3057.0,2.5652173913043477,29.0,0,138
3058.0,2.6956521739130435,30.0,0,138
3059.0,2.7083333333333335,31.0,0,138
3060.0,1.5,31.0,0,138
3061.0,0.041666666666666664,1.0,0,138
3062.0,0.0,0.0,0,138
3063.0,0.0,0.0,0,139
3064.0,0.0,0.0,0,139
3065.0,0.041666666666666664,1.0,0,139
3066.0,0.0,0.0,0,139
3067.0,0.0,0.0,0,139
3068.0,0.0,0.0,0,139
3069.0,0.0,0.0,0,140
3070.0,0.0,0.0,0,141
3071.0,0.0,0.0,0,141
3072.0,0.041666666666666664,1.0,0,141
3073.0,0.0,0.0,0,141
3074.0,0.0,0.0,0,141
3075.0,0.0,0.0,0,141
3076.0,0.0,0.0,0,141
3077.0,0.0,0.0,0,141
3078.0,0.038461538461538464,1.0,0,141
3079.0,0.07407407407407407,2.0,0,141
3080.0,0.1111111111111111,3.0,0,141
3081.0,0.14285714285714285,4.0,0,141
3082.0,0.18518518518518517,5.0,0,141
3083.0,0.21428571428571427,6.0,0,141
3084.0,0.2692307692307692,7.0,0,141
3085.0,0.2962962962962963,8.0,0,141
3086.0,0.34615384615384615,9.0,0,141
3087.0,0.37037037037037035,10.0,0,141
3088.0,0.4074074074074074,11.0,0,141
3089.0,0.42857142857142855,12.0,0,141
3090.0,0.5,13.0,0,141
3091.0,0.0,0.0,0,141
3092.0,0.0,0.0,0,141
3093.0,0.0,0.0,0,141
3094.0,0.0,0.0,0,141
3095.0,0.0,0.0,0,141
3096.0,0.0,0.0,0,141
3097.0,0.0,0.0,0,141
3098.0,0.0,0.0,0,141
3099.0,0.041666666666666664,1.0,0,141
3100.0,0.08333333333333333,2.0,0,141
3101.0,0.125,3.0,0,141
3102.0,0.16666666666666666,4.0,0,142
3103.0,0.19230769230769232,5.0,0,142
3104.0,0.2692307692307692,6.0,0,143
3105.0,0.34615384615384615,7.0,0,143
3106.0,0.4583333333333333,8.0,0,143
3107.0,0.5416666666666666,9.0,0,143
3108.0,0.64,10.0,0,144
3109.0,0.8,11.0,0,144
3110.0,0.5,7.0,0,145
3111.0,0.44,8.0,0,145
3112.0,0.5416666666666666,9.0,0,145
3113.0,0.6521739130434783,10.0,0,145
3114.0,0.8181818181818182,11.0,0,145
3115.0,0.9130434782608695,12.0,0,145
3116.0,0.34782608695652173,8.0,0,145
3117.0,0.0,0.0,0,146
3118.0,0.045454545454545456,1.0,0,146
3119.0,0.08695652173913043,2.0,0,146
3120.0,0.13043478260869565,3.0,0,146
3121.0,0.16666666666666666,4.0,0,146
3122.0,0.20833333333333334,5.0,0,147
3123.0,0.041666666666666664,1.0,0,148
3124.0,0.0,0.0,0,148
3125.0,0.0,0.0,0,148
3126.0,0.0,0.0,0,149
3127.0,0.0,0.0,0,150
3128.0,0.0,0.0,0,151
3129.0,0.0,0.0,0,151
3130.0,0.0,0.0,0,151
3131.0,0.0,0.0,0,151
3132.0,0.0,0.0,0,152
3133.0,0.0,0.0,0,152
3134.0,0.0,0.0,0,152
3135.0,0.0,0.0,0,152
3136.0,0.0,0.0,0,152
3137.0,0.0,0.0,0,152
3138.0,0.0,0.0,0,152
3139.0,0.0,0.0,0,152
3140.0,0.0,0.0,0,152
3141.0,0.043478260869565216,1.0,0,152
3142.0,0.08695652173913043,2.0,0,152
3143.0,0.125,3.0,0,152
3144.0,0.16666666666666666,4.0,0,152
3145.0,0.20833333333333334,5.0,0,152
3146.0,0.0,0.0,0,152
3147.0,0.0,0.0,0,152
3148.0,0.0,0.0,0,152
3149.0,0.0,0.0,0,152
3150.0,0.0,0.0,0,152
3151.0,0.045454545454545456,1.0,0,152
3152.0,0.08695652173913043,2.0,0,152
3153.0,0.13636363636363635,3.0,0,152
3154.0,0.18181818181818182,4.0,0,152
3155.0,0.22727272727272727,5.0,0,152
3156.0,0.2608695652173913,6.0,0,152
3157.0,0.0,0.0,0,152
3158.0,0.0,0.0,0,152
3159.0,0.0,0.0,0,152
3160.0,0.0,0.0,0,152
3161.0,0.0,0.0,0,152
3162.0,0.0,0.0,0,152
3163.0,0.0,0.0,0,152
3164.0,0.0,0.0,0,152
3165.0,0.0,0.0,0,152
3166.0,0.0,0.0,0,152
3167.0,0.0,0.0,0,152
3168.0,0.0,0.0,0,152
3169.0,0.0,0.0,0,152
3170.0,0.0,0.0,0,152
3171.0,0.047619047619047616,1.0,0,152
3172.0,0.09523809523809523,2.0,0,152
3173.0,0.15,3.0,0,152
3174.0,0.21052631578947367,4.0,0,152
3175.0,0.25,5.0,0,152
3176.0,0.3,6.0,0,152
3177.0,0.35,7.0,0,152
3178.0,0.4,8.0,0,152
3179.0,0.42857142857142855,9.0,0,152
3180.0,0.47619047619047616,10.0,0,152
3181.0,0.0,0.0,0,152
3182.0,0.0,0.0,0,152
3183.0,0.0,0.0,0,152
3184.0,0.0,0.0,0,152
3185.0,0.0,0.0,0,152
3186.0,0.0,0.0,0,152
3187.0,0.0,0.0,0,152
3188.0,0.0,0.0,0,152
3189.0,0.0,0.0,0,152
3190.0,0.0,0.0,0,152
3191.0,0.0,0.0,0,152
3192.0,0.0,0.0,0,152
3193.0,0.0,0.0,0,152
3194.0,0.0,0.0,0,152
3195.0,0.0,0.0,0,152
3196.0,0.0,0.0,0,152
3197.0,0.0,0.0,0,152
3198.0,0.0,0.0,0,152
3199.0,0.047619047619047616,1.0,0,152
3200.0,0.1,2.0,0,152
3201.0,0.14285714285714285,3.0,0,152
3202.0,0.23809523809523808,4.0,0,152
3203.0,0.3181818181818182,5.0,0,152
3204.0,0.45454545454545453,6.0,0,152
3205.0,0.6190476190476191,7.0,0,152
3206.0,0.7619047619047619,8.0,0,152
3207.0,0.9047619047619048,9.0,0,152
3208.0,0.6,7.0,0,152
3209.0,0.6666666666666666,8.0,0,152
3210.0,0.0,0.0,0,152
3211.0,0.0,0.0,0,152
3212.0,0.0,0.0,0,152
3213.0,0.0,0.0,0,152
3214.0,0.0,0.0,0,152
3215.0,0.0,0.0,0,152
3216.0,0.0,0.0,0,152
3217.0,0.0,0.0,0,152
3218.0,0.0,0.0,0,152
3219.0,0.0,0.0,0,152
3220.0,0.0,0.0,0,152
3221.0,0.0,0.0,0,152
3222.0,0.0,0.0,0,152
3223.0,0.0,0.0,0,152
3224.0,0.0,0.0,0,152
3225.0,0.0,0.0,0,152
3226.0,0.0,0.0,0,152
3227.0,0.0,0.0,0,152
3228.0,0.0,0.0,0,152
3229.0,0.0,0.0,0,152
3230.0,0.0,0.0,0,152
3231.0,0.0,0.0,0,152
3232.0,0.05555555555555555,1.0,0,152
3233.0,0.10526315789473684,2.0,0,152
3234.0,0.16666666666666666,3.0,0,152
3235.0,0.0,0.0,0,152
3236.0,0.0,0.0,0,152
3237.0,0.0,0.0,0,152
3238.0,0.0,0.0,0,152
3239.0,0.05,1.0,0,152
3240.0,0.1,2.0,0,152
3241.0,0.14285714285714285,3.0,0,152
3242.0,0.19047619047619047,4.0,0,152
3243.0,0.0,0.0,0,152
3244.0,0.0,0.0,0,152
3245.0,0.0,0.0,0,152
3246.0,0.0,0.0,0,152
3247.0,0.0,0.0,0,152
3248.0,0.0,0.0,0,152
3249.0,0.0,0.0,0,152
3250.0,0.0,0.0,0,152
3251.0,0.0,0.0,0,153
3252.0,0.043478260869565216,1.0,0,153
3253.0,0.08333333333333333,2.0,0,153
3254.0,0.125,3.0,0,153
3255.0,0.16666666666666666,4.0,0,153
3256.0,0.20833333333333334,5.0,0,153
3257.0,0.23076923076923078,6.0,0,153
3258.0,0.25925925925925924,7.0,0,153
3259.0,0.2857142857142857,8.0,0,153
3260.0,0.37037037037037035,9.0,0,153
3261.0,0.07407407407407407,2.0,0,153
3262.0,0.14814814814814814,3.0,0,153
3263.0,0.2222222222222222,4.0,0,153
3264.0,0.2962962962962963,5.0,0,153
3265.0,0.3448275862068966,6.0,0,153
3266.0,0.4482758620689655,7.0,0,153
3267.0,0.2,6.0,0,153
3268.0,0.0,0.0,0,153
3269.0,0.0,0.0,0,153
3270.0,0.0,0.0,0,153
3271.0,0.0,0.0,0,153
3272.0,0.0,0.0,0,153
3273.0,0.0,0.0,0,153
3274.0,0.0,0.0,0,153
3275.0,0.0,0.0,0,153
3276.0,0.0,0.0,0,153
3277.0,0.0,0.0,0,153
3278.0,0.0,0.0,0,153
3279.0,0.034482758620689655,1.0,0,153
3280.0,0.07142857142857142,2.0,0,153
3281.0,0.10714285714285714,3.0,0,153
3282.0,0.19230769230769232,4.0,0,153
3283.0,0.28,5.0,0,153
3284.0,0.125,3.0,0,153
3285.0,0.16,4.0,0,153
3286.0,0.20833333333333334,5.0,0,153
3287.0,0.23076923076923078,6.0,0,153
3288.0,0.28,7.0,0,153
3289.0,0.04,1.0,0,153
3290.0,0.08333333333333333,1.0,0,153
3291.0,0.045454545454545456,1.0,0,153
3292.0,0.05,1.0,0,153
3293.0,0.0,0.0,0,153
3294.0,0.0,0.0,0,153
3295.0,0.0,0.0,0,153
3296.0,0.0,0.0,0,153
3297.0,0.0,0.0,0,153
3298.0,0.0,0.0,0,153
3299.0,0.0,0.0,0,153
3300.0,0.0,0.0,0,153
3301.0,0.0,0.0,0,153
3302.0,0.0,0.0,0,153
3303.0,0.0,0.0,0,153
3304.0,0.0,0.0,0,153
3305.0,0.0,0.0,0,153
3306.0,0.0,0.0,0,153
3307.0,0.0,0.0,0,153
3308.0,0.0,0.0,0,153
3309.0,0.0,0.0,0,153
3310.0,0.0,0.0,0,153
3311.0,0.0,0.0,0,153
3312.0,0.0,0.0,0,153
3313.0,0.047619047619047616,1.0,0,153
3314.0,0.0,0.0,0,153
3315.0,0.0,0.0,0,153
3316.0,0.0,0.0,0,153
3317.0,0.0,0.0,0,153
3318.0,0.045454545454545456,1.0,0,153
3319.0,0.14285714285714285,2.0,0,153
3320.0,0.1,2.0,0,153
3321.0,0.2,3.0,0,153
3322.0,0.35,4.0,0,153
3323.0,0.45454545454545453,5.0,0,153
3324.0,0.5909090909090909,6.0,0,153
3325.0,0.5652173913043478,7.0,0,153
3326.0,0.7272727272727273,8.0,0,153
3327.0,0.8260869565217391,9.0,0,153
3328.0,0.9565217391304348,10.0,0,153
3329.0,1.0833333333333333,11.0,0,153
3330.0,1.3043478260869565,12.0,0,153
3331.0,1.5217391304347827,13.0,0,153
3332.0,1.6666666666666667,14.0,0,153
3333.0,1.9166666666666667,15.0,0,153
3334.0,2.1666666666666665,16.0,0,153
3335.0,2.36,17.0,0,153
3336.0,2.64,18.0,0,153
3337.0,2.8461538461538463,19.0,0,153
3338.0,3.1538461538461537,20.0,0,153
3339.0,3.259259259259259,21.0,0,153
3340.0,3.6923076923076925,22.0,0,153
3341.0,3.8518518518518516,23.0,0,153
3342.0,4.037037037037037,24.0,0,153
3343.0,4.178571428571429,25.0,0,153
3344.0,4.464285714285714,26.0,0,153
3345.0,4.586206896551724,27.0,0,153
3346.0,5.035714285714286,28.0,0,153
3347.0,3.75,27.0,0,153
3348.0,3.074074074074074,24.0,0,153
3349.0,2.25,21.0,0,153
3350.0,2.576923076923077,22.0,0,153
3351.0,1.7777777777777777,21.0,0,153
3352.0,1.8888888888888888,22.0,0,153
3353.0,2.0,23.0,0,153
3354.0,2.230769230769231,24.0,0,153
3355.0,2.423076923076923,25.0,0,154
3356.0,2.6153846153846154,26.0,0,155
3357.0,2.7037037037037037,27.0,0,155
3358.0,2.6538461538461537,28.0,0,155
3359.0,2.6666666666666665,29.0,0,155
3360.0,1.7307692307692308,26.0,0,155
3361.0,0.8461538461538461,20.0,0,155
3362.0,0.08,2.0,0,155
3363.0,0.0,0.0,0,155
3364.0,0.037037037037037035,1.0,0,155
3365.0,0.11538461538461539,2.0,0,155
3366.0,0.07692307692307693,1.0,0,155
3367.0,0.037037037037037035,1.0,0,155
3368.0,0.0,0.0,0,155
3369.0,0.0,0.0,0,155
3370.0,0.07142857142857142,1.0,0,155
3371.0,0.13793103448275862,2.0,0,155
3372.0,0.14285714285714285,2.0,0,155
3373.0,0.10344827586206896,3.0,0,155
3374.0,0.14285714285714285,4.0,0,155
3375.0,0.18518518518518517,5.0,0,155
3376.0,0.23076923076923078,6.0,0,155
3377.0,0.2692307692307692,7.0,0,155
3378.0,0.3076923076923077,8.0,0,155
3379.0,0.038461538461538464,1.0,0,155
3380.0,0.07692307692307693,2.0,0,155
3381.0,0.0,0.0,0,155
3382.0,0.0,0.0,0,155
3383.0,0.06896551724137931,1.0,0,155
3384.0,0.1724137931034483,2.0,0,155
3385.0,0.17857142857142858,3.0,0,155
3386.0,0.27586206896551724,4.0,0,155
3387.0,0.39285714285714285,5.0,0,155
3388.0,0.5,6.0,0,155
3389.0,0.5862068965517241,7.0,0,155
3390.0,0.6896551724137931,8.0,0,155
3391.0,0.5384615384615384,7.0,0,155
3392.0,0.3076923076923077,8.0,0,155
3393.0,0.0,0.0,0,155
3394.0,0.0,0.0,0,155
3395.0,0.0,0.0,0,155
3396.0,0.0,0.0,0,155
3397.0,0.0,0.0,0,155
3398.0,0.0,0.0,0,155
3399.0,0.0,0.0,0,155
3400.0,0.0,0.0,0,155
3401.0,0.0,0.0,0,155
3402.0,0.0,0.0,0,155
3403.0,0.0,0.0,0,155
3404.0,0.04,1.0,0,155
3405.0,0.0,0.0,0,155
3406.0,0.0,0.0,0,155
3407.0,0.0,0.0,0,155
3408.0,0.041666666666666664,1.0,0,155
3409.0,0.08695652173913043,2.0,0,155
3410.0,0.13043478260869565,3.0,0,155
3411.0,0.0,0.0,0,155
3412.0,0.0,0.0,0,155
3413.0,0.038461538461538464,1.0,0,155
3414.0,0.08,2.0,0,155
3415.0,0.12,3.0,0,155
3416.0,0.16,4.0,0,155
3417.0,0.0,0.0,0,155
3418.0,0.038461538461538464,1.0,0,155
3419.0,0.0,0.0,0,155
3420.0,0.0,0.0,0,155
3421.0,0.0,0.0,0,155
3422.0,0.0,0.0,0,155
3423.0,0.0,0.0,0,155
3424.0,0.0,0.0,0,155
3425.0,0.043478260869565216,1.0,0,155
3426.0,0.0,0.0,0,155
3427.0,0.0,0.0,0,155
3428.0,0.0,0.0,0,155
3429.0,0.0,0.0,0,155
3430.0,0.0,0.0,0,155
3431.0,0.0,0.0,0,155
3432.0,0.0,0.0,0,155
3433.0,0.0,0.0,0,155
3434.0,0.0,0.0,0,155
3435.0,0.0,0.0,0,155
3436.0,0.0,0.0,0,155
3437.0,0.0,0.0,0,155
3438.0,0.0,0.0,0,155
3439.0,0.0,0.0,0,155
3440.0,0.04,1.0,0,155
3441.0,0.07407407407407407,2.0,0,155
3442.0,0.11538461538461539,3.0,0,155
3443.0,0.14814814814814814,4.0,0,155
3444.0,0.2,5.0,0,155
3445.0,0.24,6.0,0,155
3446.0,0.375,7.0,0,155
3447.0,0.4166666666666667,8.0,0,155
3448.0,0.5,9.0,0,155
3449.0,0.44,10.0,0,155
3450.0,0.56,11.0,0,155
3451.0,0.0,0.0,0,155
3452.0,0.0,0.0,0,155
3453.0,0.0,0.0,0,155
3454.0,0.0,0.0,0,155
3455.0,0.041666666666666664,1.0,0,155
3456.0,0.045454545454545456,1.0,0,155
3457.0,0.09090909090909091,2.0,0,155
3458.0,0.13043478260869565,3.0,0,155
3459.0,0.0,0.0,0,155
3460.0,0.043478260869565216,1.0,0,155
3461.0,0.0,0.0,0,155
3462.0,0.0,0.0,0,155
3463.0,0.0,0.0,0,155
3464.0,0.0,0.0,0,155
3465.0,0.0,0.0,0,155
3466.0,0.0,0.0,0,155
3467.0,0.045454545454545456,1.0,0,155
3468.0,0.09090909090909091,2.0,0,155
3469.0,0.13043478260869565,3.0,0,155
3470.0,0.17391304347826086,4.0,0,155
3471.0,0.25,5.0,0,155
3472.0,0.3333333333333333,6.0,0,155
3473.0,0.4166666666666667,7.0,0,155
3474.0,0.5,8.0,0,155
3475.0,0.625,9.0,0,155
3476.0,0.75,10.0,0,155
3477.0,0.28,7.0,0,155
3478.0,0.04,1.0,0,155
3479.0,0.0,0.0,0,155
3480.0,0.0,0.0,0,155
3481.0,0.0,0.0,0,155
3482.0,0.0,0.0,0,155
3483.0,0.0,0.0,0,155
3484.0,0.043478260869565216,1.0,0,155
3485.0,0.08333333333333333,2.0,0,155
3486.0,0.17391304347826086,3.0,0,155
3487.0,0.25,4.0,0,155
3488.0,0.34782608695652173,5.0,0,155
3489.0,0.45454545454545453,6.0,0,155
3490.0,0.5454545454545454,7.0,0,155
3491.0,0.6086956521739131,8.0,0,155
3492.0,0.7272727272727273,9.0,0,155
3493.0,0.95,10.0,0,155
3494.0,1.1,11.0,0,155
3495.0,1.25,12.0,0,155
3496.0,1.3333333333333333,13.0,0,155
3497.0,1.55,14.0,0,155
3498.0,1.7,15.0,0,155
3499.0,1.7619047619047619,16.0,0,155
3500.0,1.9047619047619047,17.0,0,155
3501.0,1.9545454545454546,18.0,0,155
3502.0,2.090909090909091,19.0,0,155
3503.0,2.227272727272727,20.0,0,155
3504.0,2.3636363636363638,21.0,0,155
3505.0,2.5,22.0,0,155
3506.0,1.8,21.0,0,155
3507.0,0.1,2.0,0,155
3508.0,0.2,3.0,0,155
3509.0,0.19047619047619047,4.0,0,156
3510.0,0.23809523809523808,5.0,0,156
3511.0,0.3181818181818182,6.0,0,156
3512.0,0.13636363636363635,2.0,0,158
3513.0,0.22727272727272727,3.0,0,159
3514.0,0.18181818181818182,3.0,0,160
3515.0,0.2608695652173913,4.0,0,160
3516.0,0.34782608695652173,5.0,0,160
3517.0,0.43478260869565216,6.0,0,160
3518.0,0.5217391304347826,7.0,0,160
3519.0,0.625,8.0,0,160
3520.0,0.75,9.0,0,160
3521.0,0.48,8.0,0,161
3522.0,0.28,4.0,0,161
3523.0,0.2,3.0,0,161
3524.0,0.2692307692307692,4.0,0,161
3525.0,0.3333333333333333,5.0,0,161
3526.0,0.4074074074074074,6.0,0,161
3527.0,0.48148148148148145,7.0,0,161
3528.0,0.5555555555555556,8.0,0,161
3529.0,0.6296296296296297,9.0,0,161
3530.0,0.7307692307692307,10.0,0,161
3531.0,0.75,11.0,0,161
3532.0,0.8518518518518519,12.0,0,161
3533.0,0.5,12.0,0,161
3534.0,0.1111111111111111,2.0,0,161
3535.0,0.10714285714285714,3.0,0,161
3536.0,0.17857142857142858,4.0,0,161
3537.0,0.2413793103448276,5.0,0,161
3538.0,0.39285714285714285,6.0,0,161
3539.0,0.5517241379310345,7.0,0,161
3540.0,0.6071428571428571,8.0,0,162
3541.0,0.8148148148148148,9.0,0,163
3542.0,1.0,10.0,0,163
3543.0,1.037037037037037,11.0,0,163
3544.0,1.1785714285714286,12.0,0,163
3545.0,0.8620689655172413,10.0,0,163
3546.0,0.6428571428571429,9.0,0,163
3547.0,0.41379310344827586,7.0,0,163
3548.0,0.1724137931034483,5.0,0,163
3549.0,0.0,0.0,0,163
3550.0,0.03571428571428571,1.0,0,164
3551.0,0.034482758620689655,1.0,0,165
3552.0,0.0,0.0,0,165
3553.0,0.0,0.0,0,165
3554.0,0.0,0.0,0,165
3555.0,0.0,0.0,0,165
3556.0,0.03571428571428571,1.0,0,165
3557.0,0.07142857142857142,2.0,0,166
3558.0,0.1111111111111111,3.0,0,166
3559.0,0.14285714285714285,4.0,0,166
3560.0,0.17857142857142858,5.0,0,166
3561.0,0.2413793103448276,6.0,0,166
3562.0,0.3103448275862069,7.0,0,166
3563.0,0.26666666666666666,8.0,0,166
3564.0,0.3,9.0,0,167
3565.0,0.3870967741935484,10.0,0,168
3566.0,0.5172413793103449,11.0,0,168
3567.0,0.6551724137931034,12.0,0,168
3568.0,0.7931034482758621,13.0,0,168
3569.0,0.8,14.0,0,168
3570.0,0.9310344827586207,15.0,0,168
3571.0,1.0689655172413792,16.0,0,168
3572.0,1.206896551724138,17.0,0,168
3573.0,1.4642857142857142,18.0,0,168
3574.0,1.6206896551724137,19.0,0,168
3575.0,1.8620689655172413,20.0,0,168
3576.0,2.103448275862069,21.0,0,168
3577.0,1.6206896551724137,13.0,0,168
3578.0,1.3793103448275863,14.0,0,168
3579.0,1.1333333333333333,15.0,0,168
3580.0,1.1,16.0,0,168
3581.0,1.1935483870967742,17.0,0,168
3582.0,1.4,18.0,0,168
3583.0,1.6206896551724137,19.0,0,168
3584.0,1.2142857142857142,12.0,0,168
3585.0,0.9642857142857143,13.0,0,168
3586.0,0.8571428571428571,14.0,0,168
3587.0,0.42857142857142855,8.0,0,168
3588.0,0.35714285714285715,9.0,0,168
3589.0,0.4482758620689655,10.0,0,168
3590.0,0.5357142857142857,11.0,0,168
3591.0,0.6551724137931034,12.0,0,168
3592.0,0.8148148148148148,13.0,0,168
3593.0,0.8888888888888888,14.0,0,168
3594.0,1.0,15.0,0,168
3595.0,0.8620689655172413,16.0,0,168
3596.0,0.9285714285714286,17.0,0,168
3597.0,1.0,18.0,0,168
3598.0,0.48148148148148145,9.0,0,168
3599.0,0.35714285714285715,10.0,0,168
3600.0,0.42857142857142855,11.0,0,168
3601.0,0.5,12.0,0,168
3602.0,0.5714285714285714,13.0,0,168
3603.0,0.6428571428571429,14.0,0,168
3604.0,0.7777777777777778,15.0,0,168
3605.0,0.8888888888888888,16.0,0,168
3606.0,1.0384615384615385,17.0,0,168
3607.0,1.1538461538461537,18.0,0,168
3608.0,1.2692307692307692,19.0,0,168
3609.0,1.44,20.0,0,168
3610.0,1.625,21.0,0,168
3611.0,1.75,22.0,0,168
3612.0,1.9565217391304348,23.0,0,168
3613.0,2.1818181818181817,24.0,0,168
3614.0,2.3181818181818183,25.0,0,168
3615.0,0.7272727272727273,16.0,0,168
3616.0,0.0,0.0,0,168
3617.0,0.0,0.0,0,168
3618.0,0.0,0.0,0,168
3619.0,0.05,1.0,0,168
3620.0,0.0,0.0,0,168
3621.0,0.05555555555555555,1.0,0,168
3622.0,0.13333333333333333,2.0,0,168
3623.0,0.0,0.0,0,168
3624.0,0.0,0.0,0,168
3625.0,0.0,0.0,0,168
3626.0,0.0,0.0,0,168
3627.0,0.0,0.0,0,168
3628.0,0.0,0.0,0,168
3629.0,0.0,0.0,0,168
3630.0,0.0,0.0,0,168
3631.0,0.0,0.0,0,168
3632.0,0.0,0.0,0,168
3633.0,0.0,0.0,0,168
3634.0,0.0,0.0,0,168
3635.0,0.0,0.0,0,168
3636.0,0.0,0.0,0,168
3637.0,0.0,0.0,0,168
3638.0,0.0,0.0,0,168
3639.0,0.0,0.0,0,168
3640.0,0.0,0.0,0,168
3641.0,0.0,0.0,0,168
3642.0,0.0,0.0,0,168
3643.0,0.0,0.0,0,168
3644.0,0.0,0.0,0,168
3645.0,0.0,0.0,0,168
3646.0,0.0,0.0,0,168
3647.0,0.0,0.0,0,168
3648.0,0.0,0.0,0,168
3649.0,0.0,0.0,0,168
3650.0,0.0,0.0,0,168
3651.0,0.0,0.0,0,168
3652.0,0.0,0.0,0,168
3653.0,0.0,0.0,0,168
3654.0,0.0,0.0,0,168
3655.0,0.0,0.0,0,168
3656.0,0.0,0.0,0,168
3657.0,0.0,0.0,0,168
3658.0,0.0,0.0,0,168
3659.0,0.0,0.0,0,168
3660.0,0.0,0.0,0,168
3661.0,0.0,0.0,0,168
3662.0,0.0,0.0,0,168
3663.0,0.0,0.0,0,168
3664.0,0.0,0.0,0,168
3665.0,0.0,0.0,0,168
3666.0,0.0,0.0,0,168
3667.0,0.0,0.0,0,168
3668.0,0.0,0.0,0,168
3669.0,0.0,0.0,0,168
3670.0,0.0,0.0,0,168
3671.0,0.0,0.0,0,168
3672.0,0.0,0.0,0,168
3673.0,0.0,0.0,0,168
3674.0,0,0,0,168
