step,sim_time,active_vehicles,arrived_vehicles,mean_waiting_time_sec,mean_speed_m_s
1,0.1,3,0,0.0,14.0
2,0.2,3,0,0.0,13.94
3,0.3,3,0,0.0,13.98
4,0.4,3,0,0.0,13.9
5,0.5,3,0,0.0,13.93
6,0.6,3,0,0.0,13.93
7,0.7,3,1,0.0,12.62
8,0.8,3,0,0.0,12.61
9,0.9,2,1,0.0,13.95
10,1.0,4,0,0.0,11.81
11,1.1,4,0,0.0,11.81
12,1.2,4,0,0.0,11.84
13,1.3,4,0,0.0,11.9
14,1.4,4,0,0.0,11.92
15,1.5,4,0,0.0,11.95
16,1.6,4,0,0.0,11.95
17,1.7,4,0,0.0,11.96
18,1.8,4,0,0.0,11.94
19,1.9,4,0,0.0,11.94
20,2.0,4,0,0.0,11.94
21,2.1,4,0,0.0,11.94
22,2.2,4,0,0.0,11.93
23,2.3,4,0,0.0,11.96
24,2.4,4,0,0.0,11.97
25,2.5,4,0,0.0,11.94
26,2.6,4,0,0.0,11.93
27,2.7,4,0,0.0,11.97
28,2.8,4,0,0.0,11.94
29,2.9,4,0,0.0,11.93
30,3.0,4,0,0.0,11.95
31,3.1,4,0,0.0,11.95
32,3.2,4,0,0.0,11.95
33,3.3,4,0,0.0,11.95
34,3.4,4,0,0.0,11.96
35,3.5,4,0,0.0,11.96
36,3.6,3,1,0.0,11.3
37,3.7,3,0,0.0,11.29
38,3.8,3,0,0.0,11.3
39,3.9,3,0,0.0,11.27
40,4.0,3,0,0.0,11.31
41,4.1,3,0,0.0,11.3
42,4.2,3,0,0.0,11.27
43,4.3,3,0,0.0,11.3
44,4.4,3,0,0.0,11.3
45,4.5,3,0,0.0,11.27
46,4.6,3,0,0.0,11.3
47,4.7,3,0,0.0,11.31
48,4.8,3,0,0.0,11.29
49,4.9,3,0,0.0,11.3
50,5.0,3,0,0.0,11.3
51,5.1,4,0,0.0,11.97
52,5.2,4,0,0.0,11.95
53,5.3,3,1,0.0,12.59
54,5.4,3,0,0.0,12.62
55,5.5,3,0,0.0,12.59
56,5.6,3,0,0.0,12.65
57,5.7,2,1,0.0,11.98
58,5.8,3,0,0.0,12.06
59,5.9,3,0,0.0,12.06
60,6.0,3,0,0.0,12.05
61,6.1,3,0,0.0,12.02
62,6.2,3,0,0.0,12.03
63,6.3,3,0,0.0,12.06
64,6.4,3,0,0.0,12.03
65,6.5,3,0,0.0,12.08
66,6.6,3,0,0.0,12.05
67,6.7,3,0,0.0,12.04
68,6.8,3,0,0.0,12.04
69,6.9,3,0,0.0,12.09
70,7.0,3,0,0.0,12.07
71,7.1,3,0,0.0,12.05
72,7.2,3,0,0.0,12.01
73,7.3,3,0,0.0,12.05
74,7.4,3,0,0.0,12.03
75,7.5,3,0,0.0,12.05
76,7.6,3,0,0.0,12.07
77,7.7,3,0,0.0,12.02
78,7.8,3,0,0.0,12.01
79,7.9,3,0,0.0,12.04
80,8.0,3,0,0.0,12.05
81,8.1,3,0,0.0,12.08
82,8.2,3,0,0.0,12.04
83,8.3,3,0,0.0,12.04
84,8.4,3,0,0.0,12.07
85,8.5,3,0,0.0,12.06
86,8.6,3,0,0.0,12.04
87,8.7,3,0,0.0,12.07
88,8.8,4,0,0.0,12.29
89,8.9,4,0,0.0,12.26
90,9.0,4,0,0.0,12.27
91,9.1,4,0,0.0,12.28
92,9.2,4,0,0.0,12.26
93,9.3,3,1,0.0,11.7
94,9.4,3,0,0.0,11.74
95,9.5,3,0,0.0,11.71
96,9.6,3,0,0.0,11.75
97,9.7,3,0,0.0,11.7
98,9.8,3,0,0.0,11.72
99,9.9,3,0,0.0,11.74
100,10.0,3,0,0.0,11.74
101,10.1,4,0,0.0,11.8
102,10.2,4,0,0.0,11.77
103,10.3,4,0,0.0,11.77
104,10.4,4,0,0.0,11.76
105,10.5,4,0,0.0,11.74
106,10.6,4,0,0.0,11.74
107,10.7,4,0,0.0,11.76
108,10.8,3,1,0.0,11.73
109,10.9,3,0,0.0,11.76
110,11.0,3,0,0.0,11.74
111,11.1,3,0,0.0,11.72
112,11.2,3,0,0.0,11.7
113,11.3,3,0,0.0,11.71
114,11.4,3,0,0.0,11.71
115,11.5,4,0,0.0,12.31
116,11.6,4,0,0.0,12.29
117,11.7,4,0,0.0,12.26
118,11.8,4,0,0.0,12.27
119,11.9,4,0,0.0,12.31
120,12.0,4,0,0.0,12.27
121,12.1,4,0,0.0,12.29
122,12.2,4,0,0.0,12.25
123,12.3,4,0,0.0,12.24
124,12.4,4,0,0.0,12.25
125,12.5,3,1,0.0,12.06
126,12.6,3,0,0.0,12.01
127,12.7,3,0,0.0,12.05
128,12.8,3,0,0.0,12.01
129,12.9,3,0,0.0,12.01
130,13.0,3,0,0.0,12.08
131,13.1,3,0,0.0,12.09
132,13.2,2,1,0.0,13.1
133,13.3,2,0,0.0,13.1
134,13.4,2,0,0.0,13.14
135,13.5,2,0,0.0,13.14
136,13.6,2,0,0.0,13.1
137,13.7,2,0,0.0,13.14
138,13.8,2,0,0.0,13.09
139,13.9,2,0,0.0,13.11
140,14.0,2,0,0.0,13.1
141,14.1,2,0,0.0,13.04
142,14.2,2,0,0.0,13.11
143,14.3,2,0,0.0,13.12
144,14.4,2,0,0.0,13.05
145,14.5,2,0,0.0,13.13
146,14.6,2,0,0.0,13.09
147,14.7,2,0,0.0,13.09
148,14.8,2,0,0.0,13.04
149,14.9,2,0,0.0,13.11
150,15.0,2,0,0.0,13.13
151,15.1,3,0,0.0,13.42
152,15.2,3,0,0.0,13.38
153,15.3,3,0,0.0,13.37
154,15.4,3,0,0.0,13.36
155,15.5,3,0,0.0,13.41
156,15.6,3,0,0.0,13.39
157,15.7,2,1,0.0,13.08
158,15.8,2,0,0.0,13.06
159,15.9,2,0,0.0,13.1
160,16.0,2,0,0.0,13.07
161,16.1,2,0,0.0,13.09
162,16.2,1,1,0.0,13.87
163,16.3,1,0,0.0,13.92
164,16.4,1,0,0.0,13.98
165,16.5,1,0,0.0,13.92
166,16.6,1,0,0.0,13.9
167,16.7,1,0,0.0,13.94
168,16.8,1,0,0.0,13.92
169,16.9,1,0,0.0,13.9
170,17.0,1,0,0.0,13.9
171,17.1,1,0,0.0,13.87
172,17.2,2,0,0.0,13.96
173,17.3,2,0,0.0,13.95
174,17.4,2,0,0.0,13.93
175,17.5,3,0,0.0,13.95
176,17.6,3,0,0.0,13.96
177,17.7,3,0,0.0,13.91
178,17.8,3,0,0.0,13.94
179,17.9,3,0,0.0,13.93
180,18.0,3,0,0.0,13.93
181,18.1,3,0,0.0,13.94
182,18.2,3,0,0.0,13.89
183,18.3,3,0,0.0,13.95
184,18.4,3,0,0.0,13.9
185,18.5,3,0,0.0,13.95
186,18.6,3,0,0.0,13.91
187,18.7,3,0,0.0,13.94
188,18.8,3,0,0.0,13.9
189,18.9,3,0,0.0,13.92
190,19.0,3,0,0.0,13.91
191,19.1,3,0,0.0,13.94
192,19.2,3,0,0.0,13.96
193,19.3,3,0,0.0,13.95
194,19.4,3,0,0.0,13.92
195,19.5,3,0,0.0,13.92
196,19.6,3,0,0.0,13.95
197,19.7,3,0,0.0,13.92
198,19.8,3,0,0.0,13.92
199,19.9,3,0,0.0,13.92
200,20.0,3,0,0.0,13.93
201,20.1,4,0,0.0,13.88
202,20.2,4,0,0.0,13.87
203,20.3,4,0,0.0,13.87
204,20.4,4,0,0.0,13.87
205,20.5,4,0,0.0,13.88
206,20.6,4,0,0.0,13.88
207,20.7,2,2,0.0,13.93
208,20.8,2,0,0.0,13.94
209,20.9,2,0,0.0,13.89
210,21.0,1,1,0.0,13.97
211,21.1,1,0,0.0,13.88
212,21.2,1,0,0.0,13.9
213,21.3,1,0,0.0,13.91
214,21.4,1,0,0.0,13.95
215,21.5,1,0,0.0,13.97
216,21.6,1,0,0.0,13.88
217,21.7,1,0,0.0,13.92
218,21.8,1,0,0.0,13.93
219,21.9,1,0,0.0,13.99
220,22.0,1,0,0.0,13.93
221,22.1,1,0,0.0,13.89
222,22.2,1,0,0.0,13.97
223,22.3,1,0,0.0,13.94
224,22.4,1,0,0.0,13.98
225,22.5,1,0,0.0,13.92
226,22.6,1,0,0.0,13.95
227,22.7,1,0,0.0,14.0
228,22.8,1,0,0.0,13.93
229,22.9,2,0,0.0,13.43
230,23.0,2,0,0.0,13.41
231,23.1,2,0,0.0,13.39
232,23.2,2,0,0.0,13.38
233,23.3,2,0,0.0,13.42
234,23.4,2,0,0.0,13.37
235,23.5,2,0,0.0,13.43
236,23.6,2,0,0.0,13.39
237,23.7,2,0,0.0,13.38
238,23.8,2,0,0.0,13.35
239,23.9,2,0,0.0,13.37
240,24.0,2,0,0.0,13.4
241,24.1,2,0,0.0,13.33
242,24.2,2,0,0.0,13.33
243,24.3,2,0,0.0,13.38
244,24.4,2,0,0.0,13.36
245,24.5,2,0,0.0,13.32
246,24.6,2,0,0.0,13.35
247,24.7,2,0,0.0,13.41
248,24.8,2,0,0.0,13.37
249,24.9,2,0,0.0,13.35
250,25.0,3,0,0.0,12.98
251,25.1,3,0,0.0,12.94
252,25.2,3,0,0.0,12.96
253,25.3,3,0,0.0,12.96
254,25.4,3,0,0.0,12.91
255,25.5,3,0,0.0,12.97
256,25.6,2,1,0.0,13.4
257,25.7,2,0,0.0,13.4
258,25.8,2,0,0.0,13.34
259,25.9,2,0,0.0,13.36
260,26.0,2,0,0.0,13.43
261,26.1,2,0,0.0,13.32
262,26.2,3,0,0.0,13.28
263,26.3,3,0,0.0,13.24
264,26.4,2,1,0.0,12.9
265,26.5,2,0,0.0,12.9
266,26.6,2,0,0.0,12.92
267,26.7,2,0,0.0,12.92
268,26.8,2,0,0.0,12.9
269,26.9,2,0,0.0,12.92
270,27.0,2,0,0.0,12.89
271,27.1,2,0,0.0,12.86
272,27.2,2,0,0.0,12.91
273,27.3,2,0,0.0,12.91
274,27.4,2,0,0.0,12.88
275,27.5,2,0,0.0,12.9
276,27.6,2,0,0.0,12.95
277,27.7,2,0,0.0,12.93
278,27.8,2,0,0.0,12.95
279,27.9,2,0,0.0,12.93
280,28.0,2,0,0.0,12.89
281,28.1,2,0,0.0,12.89
282,28.2,2,0,0.0,12.92
283,28.3,2,0,0.0,12.89
284,28.4,2,0,0.0,12.94
285,28.5,4,0,0.0,12.46
286,28.6,4,0,0.0,12.42
287,28.7,3,1,0.0,13.27
288,28.8,3,0,0.0,13.27
289,28.9,3,0,0.0,13.24
290,29.0,3,0,0.0,13.25
291,29.1,3,0,0.0,13.28
292,29.2,3,0,0.0,13.25
293,29.3,3,0,0.0,13.28
294,29.4,3,0,0.0,13.3
295,29.5,3,0,0.0,13.25
296,29.6,3,0,0.0,13.23
297,29.7,3,0,0.0,13.27
298,29.8,3,0,0.0,13.26
299,29.9,2,1,0.0,13.35
300,30.0,3,0,0.0,13.58
301,30.1,3,0,0.0,13.58
302,30.2,3,0,0.0,13.57
303,30.3,3,0,0.0,13.55
304,30.4,3,0,0.0,13.57
305,30.5,3,0,0.0,13.57
306,30.6,2,1,0.0,13.4
307,30.7,2,0,0.0,13.4
308,30.8,2,0,0.0,13.36
309,30.9,2,0,0.0,13.37
310,31.0,2,0,0.0,13.35
311,31.1,2,0,0.0,13.4
312,31.2,2,0,0.0,13.33
313,31.3,2,0,0.0,13.37
314,31.4,2,0,0.0,13.36
315,31.5,2,0,0.0,13.4
316,31.6,2,0,0.0,13.4
317,31.7,2,0,0.0,13.38
318,31.8,2,0,0.0,13.41
319,31.9,2,0,0.0,13.37
320,32.0,2,0,0.0,13.35
321,32.1,2,0,0.0,13.39
322,32.2,2,0,0.0,13.4
323,32.3,2,0,0.0,13.42
324,32.4,2,0,0.0,13.35
325,32.5,2,0,0.0,13.35
326,32.6,2,0,0.0,13.35
327,32.7,2,0,0.0,13.41
328,32.8,2,0,0.0,13.32
329,32.9,1,1,0.0,13.96
330,33.0,1,0,0.0,13.9
331,33.1,1,0,0.0,13.9
332,33.2,1,0,0.0,13.92
333,33.3,1,0,0.0,13.97
334,33.4,1,0,0.0,13.89
335,33.5,1,0,0.0,13.96
336,33.6,1,0,0.0,13.96
337,33.7,1,0,0.0,13.94
338,33.8,1,0,0.0,13.92
339,33.9,1,0,0.0,13.94
340,34.0,1,0,0.0,13.91
341,34.1,1,0,0.0,13.99
342,34.2,2,0,0.0,13.98
343,34.3,2,0,0.0,13.96
344,34.4,2,0,0.0,13.91
345,34.5,2,0,0.0,13.93
346,34.6,2,0,0.0,13.94
347,34.7,2,0,0.0,13.88
348,34.8,2,0,0.0,13.91
349,34.9,3,0,0.0,13.79
350,35.0,4,0,0.0,13.39
351,35.1,4,0,0.0,13.4
352,35.2,4,0,0.0,13.38
353,35.3,4,0,0.0,13.39
354,35.4,4,0,0.0,13.4
355,35.5,4,0,0.0,13.4
356,35.6,3,1,0.0,13.81
357,35.7,3,0,0.0,13.8
358,35.8,3,0,0.0,13.76
359,35.9,3,0,0.0,13.8
360,36.0,3,0,0.0,13.78
361,36.1,3,0,0.0,13.81
362,36.2,3,0,0.0,13.82
363,36.3,3,0,0.0,13.79
364,36.4,3,0,0.0,13.78
365,36.5,3,0,0.0,13.78
366,36.6,3,0,0.0,13.8
367,36.7,3,0,0.0,13.8
368,36.8,3,0,0.0,13.81
369,36.9,3,0,0.0,13.82
370,37.0,3,0,0.0,13.8
371,37.1,3,0,0.0,13.82
372,37.2,3,0,0.0,13.78
373,37.3,3,0,0.0,13.8
374,37.4,3,0,0.0,13.78
375,37.5,3,0,0.0,13.76
376,37.6,3,0,0.0,13.8
377,37.7,2,1,0.0,13.67
378,37.8,2,0,0.0,13.66
379,37.9,2,0,0.0,13.74
380,38.0,2,0,0.0,13.69
381,38.1,2,0,0.0,13.73
382,38.2,2,0,0.0,13.76
383,38.3,2,0,0.0,13.74
384,38.4,2,0,0.0,13.75
385,38.5,1,1,0.0,13.9
386,38.6,1,0,0.0,13.88
387,38.7,1,0,0.0,13.88
388,38.8,1,0,0.0,13.9
389,38.9,1,0,0.0,13.95
390,39.0,1,0,0.0,13.94
391,39.1,1,0,0.0,13.88
392,39.2,1,0,0.0,13.97
393,39.3,1,0,0.0,13.99
394,39.4,1,0,0.0,13.89
395,39.5,1,0,0.0,13.96
396,39.6,1,0,0.0,13.91
397,39.7,1,0,0.0,13.99
398,39.8,1,0,0.0,13.93
399,39.9,2,0,0.0,12.68
400,40.0,3,0,0.0,12.52
401,40.1,3,0,0.0,12.44
402,40.2,3,0,0.0,12.45
403,40.3,3,0,0.0,12.43
404,40.4,3,0,0.0,12.44
405,40.5,3,0,0.0,12.44
406,40.6,2,1,0.0,12.66
407,40.7,2,0,0.0,12.67
408,40.8,2,0,0.0,12.71
409,40.9,2,0,0.0,12.65
410,41.0,2,0,0.0,12.69
411,41.1,2,0,0.0,12.72
412,41.2,2,0,0.0,12.66
413,41.3,2,0,0.0,12.69
414,41.4,2,0,0.0,12.69
415,41.5,2,0,0.0,12.73
416,41.6,2,0,0.0,12.68
417,41.7,2,0,0.0,12.66
418,41.8,2,0,0.0,12.64
419,41.9,2,0,0.0,12.67
420,42.0,3,0,0.0,11.78
421,42.1,3,0,0.0,11.8
422,42.2,3,0,0.0,11.75
423,42.3,3,0,0.0,11.77
424,42.4,3,0,0.0,11.79
425,42.5,3,0,0.0,11.79
426,42.6,3,0,0.0,11.79
427,42.7,3,0,0.0,11.77
428,42.8,3,0,0.0,11.78
429,42.9,3,0,0.0,11.79
430,43.0,3,0,0.0,11.78
431,43.1,3,0,0.0,11.75
432,43.2,3,0,0.0,11.77
433,43.3,3,0,0.0,11.75
434,43.4,2,1,0.0,10.7
435,43.5,2,0,0.0,10.68
436,43.6,3,0,0.0,11.49
437,43.7,3,0,0.0,11.49
438,43.8,3,0,0.0,11.49
439,43.9,3,0,0.0,11.52
440,44.0,3,0,0.0,11.48
441,44.1,3,0,0.0,11.49
442,44.2,3,0,0.0,11.51
443,44.3,3,0,0.0,11.47
444,44.4,3,0,0.0,11.48
445,44.5,3,0,0.0,11.48
446,44.6,3,0,0.0,11.46
447,44.7,3,0,0.0,11.53
448,44.8,3,0,0.0,11.48
449,44.9,3,0,0.0,11.49
450,45.0,4,0,0.0,12.12
451,45.1,4,0,0.0,12.09
452,45.2,4,0,0.0,12.11
453,45.3,4,0,0.0,12.13
454,45.4,4,0,0.0,12.08
455,45.5,4,0,0.0,12.1
456,45.6,4,1,0.0,11.86
457,45.7,4,0,0.0,11.87
458,45.8,4,0,0.0,11.81
459,45.9,4,0,0.0,11.82
460,46.0,4,0,0.0,11.84
461,46.1,4,0,0.0,11.83
462,46.2,4,0,0.0,11.83
463,46.3,4,0,0.0,11.83
464,46.4,4,0,0.0,11.81
465,46.5,4,0,0.0,11.81
466,46.6,4,0,0.0,11.81
467,46.7,4,0,0.0,11.82
468,46.8,4,0,0.0,11.83
469,46.9,4,0,0.0,11.83
470,47.0,4,0,0.0,11.81
471,47.1,4,0,0.0,11.85
472,47.2,4,0,0.0,11.81
473,47.3,3,1,0.0,11.41
474,47.4,3,0,0.0,11.41
475,47.5,3,0,0.0,11.44
476,47.6,3,0,0.0,11.41
477,47.7,3,0,0.0,11.43
478,47.8,3,0,0.0,11.4
479,47.9,3,0,0.0,11.44
480,48.0,3,0,0.0,11.41
481,48.1,3,0,0.0,11.44
482,48.2,3,0,0.0,11.4
483,48.3,3,0,0.0,11.42
484,48.4,3,0,0.0,11.37
485,48.5,3,0,0.0,11.4
486,48.6,3,0,0.0,11.43
487,48.7,3,0,0.0,11.37
488,48.8,3,0,0.0,11.38
489,48.9,3,0,0.0,11.35
490,49.0,3,0,0.0,11.31
491,49.1,3,0,0.0,11.3
492,49.2,3,0,0.0,11.29
493,49.3,3,0,0.0,11.26
494,49.4,3,0,0.0,11.24
495,49.5,3,0,0.0,11.22
496,49.6,3,0,0.0,11.21
497,49.7,3,0,0.0,11.18
498,49.8,3,0,0.0,11.14
499,49.9,4,0,0.0,11.86
500,50.0,4,0,0.0,11.83
501,50.1,4,0,0.0,11.81
502,50.2,4,0,0.0,11.8
503,50.3,4,0,0.0,11.75
504,50.4,4,0,0.0,11.78
505,50.5,3,1,0.0,11.04
506,50.6,3,0,0.0,11.0
507,50.7,3,0,0.0,10.99
508,50.8,3,0,0.0,11.0
509,50.9,3,0,0.0,10.98
510,51.0,3,0,0.0,10.94
511,51.1,2,1,0.0,10.7
512,51.2,2,0,0.0,10.71
513,51.3,3,0,0.0,11.77
514,51.4,3,0,0.0,11.73
515,51.5,3,0,0.0,11.71
516,51.6,3,0,0.0,11.74
517,51.7,3,0,0.0,11.69
518,51.8,3,0,0.0,11.73
519,51.9,3,0,0.0,11.65
520,52.0,3,0,0.0,11.64
521,52.1,3,0,0.0,11.62
522,52.2,3,0,0.0,11.65
523,52.3,4,0,0.0,12.24
524,52.4,4,0,0.0,12.19
525,52.5,4,0,0.0,12.17
526,52.6,4,0,0.0,12.17
527,52.7,4,0,0.0,12.17
528,52.8,4,0,0.0,12.16
529,52.9,4,0,0.0,12.16
530,53.0,4,0,0.0,12.18
531,53.1,4,0,0.0,12.12
532,53.2,4,0,0.0,12.14
533,53.3,4,0,0.0,12.14
534,53.4,4,0,0.0,12.12
535,53.5,4,0,0.0,12.13
536,53.6,4,0,0.0,12.11
537,53.7,4,0,0.0,12.09
538,53.8,4,0,0.0,12.11
539,53.9,4,0,0.0,12.09
540,54.0,4,0,0.0,12.1
541,54.1,4,0,0.0,12.07
542,54.2,3,1,0.0,12.81
543,54.3,3,0,0.0,12.84
544,54.4,3,0,0.0,12.9
545,54.5,3,0,0.0,12.96
546,54.6,3,0,0.0,13.06
547,54.7,3,0,0.0,13.08
548,54.8,3,0,0.0,13.15
549,54.9,4,0,0.0,13.41
550,55.0,4,0,0.0,13.47
551,55.1,4,0,0.0,13.5
552,55.2,4,0,0.0,13.56
553,55.3,4,0,0.0,13.57
554,55.4,4,0,0.0,13.65
555,55.5,3,1,0.0,13.57
556,55.6,3,0,0.0,13.58
557,55.7,3,0,0.0,13.61
558,55.8,2,1,0.0,13.37
559,55.9,2,0,0.0,13.43
560,56.0,2,0,0.0,13.36
561,56.1,2,0,0.0,13.42
562,56.2,2,0,0.0,13.43
563,56.3,1,1,0.0,13.98
564,56.4,1,0,0.0,13.89
565,56.5,1,0,0.0,13.89
566,56.6,1,0,0.0,13.9
567,56.7,1,0,0.0,13.99
568,56.8,2,0,0.0,11.97
569,56.9,3,0,0.0,12.65
570,57.0,2,1,0.0,13.92
571,57.1,2,0,0.0,13.93
572,57.2,2,0,0.0,13.93
573,57.3,2,0,0.0,13.97
574,57.4,2,0,0.0,13.92
575,57.5,2,0,0.0,13.93
576,57.6,2,0,0.0,13.97
577,57.7,2,0,0.0,13.93
578,57.8,2,0,0.0,13.96
579,57.9,2,0,0.0,13.95
580,58.0,2,0,0.0,13.92
581,58.1,2,0,0.0,13.96
582,58.2,2,0,0.0,13.96
583,58.3,2,0,0.0,13.94
584,58.4,2,0,0.0,13.92
585,58.5,2,0,0.0,13.92
586,58.6,2,0,0.0,13.95
587,58.7,2,0,0.0,13.94
588,58.8,2,0,0.0,13.94
589,58.9,2,0,0.0,13.94
590,59.0,2,0,0.0,13.97
591,59.1,2,0,0.0,13.97
592,59.2,2,0,0.0,13.95
593,59.3,2,0,0.0,13.94
594,59.4,2,0,0.0,13.9
595,59.5,2,0,0.0,13.94
596,59.6,2,0,0.0,13.94
597,59.7,2,0,0.0,13.96
598,59.8,2,0,0.0,13.93
599,59.9,3,0,0.0,13.79
600,60.0,3,0,0.0,13.77
601,60.1,3,0,0.0,13.79
602,60.2,3,0,0.0,13.8
603,60.3,3,0,0.0,13.81
604,60.4,3,0,0.0,13.72
605,60.5,1,2,0.0,13.88
606,60.6,1,0,0.0,13.97
607,60.7,1,0,0.0,13.94
608,60.8,1,0,0.0,13.94
609,60.9,1,0,0.0,13.9
610,61.0,2,0,0.0,13.97
611,61.1,2,0,0.0,13.94
612,61.2,2,0,0.0,13.9
613,61.3,2,0,0.0,13.98
614,61.4,2,0,0.0,13.89
615,61.5,2,0,0.0,13.99
616,61.6,2,0,0.0,13.96
617,61.7,2,0,0.0,13.97
618,61.8,2,0,0.0,13.93
619,61.9,2,0,0.0,13.91
620,62.0,2,0,0.0,13.96
621,62.1,2,0,0.0,13.9
622,62.2,2,0,0.0,13.92
623,62.3,2,0,0.0,13.9
624,62.4,2,0,0.0,13.94
625,62.5,2,0,0.0,13.9
626,62.6,3,0,0.0,13.94
627,62.7,3,0,0.0,13.96
628,62.8,3,0,0.0,13.95
629,62.9,3,0,0.0,13.97
630,63.0,3,0,0.0,13.94
631,63.1,3,0,0.0,13.94
632,63.2,3,0,0.0,13.92
633,63.3,3,0,0.0,13.94
634,63.4,3,0,0.0,13.97
635,63.5,3,0,0.0,13.95
636,63.6,3,0,0.0,13.96
637,63.7,3,0,0.0,13.92
638,63.8,3,0,0.0,13.95
639,63.9,3,0,0.0,13.92
640,64.0,3,0,0.0,13.89
641,64.1,3,0,0.0,13.92
642,64.2,3,0,0.0,13.94
643,64.3,3,0,0.0,13.93
644,64.4,3,0,0.0,13.96
645,64.5,2,1,0.0,13.95
646,64.6,2,0,0.0,13.92
647,64.7,2,0,0.0,13.91
648,64.8,2,0,0.0,13.93
649,64.9,3,0,0.0,13.43
650,65.0,3,0,0.0,13.46
651,65.1,3,0,0.0,13.43
652,65.2,3,0,0.0,13.4
653,65.3,3,0,0.0,13.41
654,65.4,3,0,0.0,13.45
655,65.5,2,1,0.0,13.96
656,65.6,2,0,0.0,13.95
657,65.7,2,0,0.0,13.93
658,65.8,2,0,0.0,13.92
659,65.9,2,0,0.0,13.89
660,66.0,2,0,0.0,13.91
661,66.1,1,1,0.0,13.99
662,66.2,1,0,0.0,13.94
663,66.3,1,0,0.0,14.0
664,66.4,1,0,0.0,13.95
665,66.5,1,0,0.0,13.94
666,66.6,1,0,0.0,13.96
667,66.7,1,0,0.0,13.98
668,66.8,1,0,0.0,13.95
669,66.9,1,0,0.0,13.96
670,67.0,1,0,0.0,13.96
671,67.1,1,0,0.0,13.88
672,67.2,1,0,0.0,13.88
673,67.3,1,0,0.0,13.97
674,67.4,1,0,0.0,13.93
675,67.5,1,0,0.0,13.9
676,67.6,1,0,0.0,13.9
677,67.7,1,0,0.0,13.95
678,67.8,1,0,0.0,13.89
679,67.9,1,0,0.0,13.98
680,68.0,1,0,0.0,13.99
681,68.1,1,0,0.0,13.99
682,68.2,1,0,0.0,13.97
683,68.3,2,0,0.0,13.97
684,68.4,2,0,0.0,13.89
685,68.5,2,0,0.0,13.96
686,68.6,2,0,0.0,13.94
687,68.7,2,0,0.0,13.88
688,68.8,2,0,0.0,13.99
689,68.9,2,0,0.0,13.94
690,69.0,2,0,0.0,13.93
691,69.1,2,0,0.0,13.94
692,69.2,2,0,0.0,13.96
693,69.3,2,0,0.0,13.96
694,69.4,2,0,0.0,13.97
695,69.5,2,0,0.0,13.94
696,69.6,2,0,0.0,13.88
697,69.7,3,0,0.0,13.71
698,69.8,3,0,0.0,13.67
699,69.9,4,0,0.0,13.8
700,70.0,4,0,0.0,13.76
701,70.1,4,0,0.0,13.71
702,70.2,4,0,0.0,13.81
703,70.3,4,0,0.0,13.72
704,70.4,4,0,0.0,13.74
705,70.5,3,1,0.0,13.73
706,70.6,3,0,0.0,13.74
707,70.7,3,0,0.0,13.73
708,70.8,3,0,0.0,13.74
709,70.9,3,0,0.0,13.74
710,71.0,3,0,0.0,13.73
711,71.1,3,0,0.0,13.7
712,71.2,3,0,0.0,13.69
713,71.3,3,0,0.0,13.67
714,71.4,3,0,0.0,13.69
715,71.5,3,0,0.0,13.74
716,71.6,3,0,0.0,13.71
717,71.7,3,0,0.0,13.72
718,71.8,2,1,0.0,13.56
719,71.9,2,0,0.0,13.6
720,72.0,2,0,0.0,13.59
721,72.1,2,0,0.0,13.57
722,72.2,2,0,0.0,13.6
723,72.3,2,0,0.0,13.61
724,72.4,2,0,0.0,13.57
725,72.5,2,0,0.0,13.61
726,72.6,2,0,0.0,13.61
727,72.7,2,0,0.0,13.57
728,72.8,2,0,0.0,13.57
729,72.9,2,0,0.0,13.54
730,73.0,2,0,0.0,13.56
731,73.1,2,0,0.0,13.61
732,73.2,2,0,0.0,13.62
733,73.3,1,1,0.0,13.99
734,73.4,1,0,0.0,13.9
735,73.5,1,0,0.0,13.9
736,73.6,1,0,0.0,13.88
737,73.7,1,0,0.0,13.87
738,73.8,1,0,0.0,13.87
739,73.9,1,0,0.0,13.94
740,74.0,2,0,0.0,13.97
741,74.1,2,0,0.0,13.9
742,74.2,2,0,0.0,13.94
743,74.3,2,0,0.0,13.97
744,74.4,2,0,0.0,13.93
745,74.5,2,0,0.0,13.95
746,74.6,2,0,0.0,13.98
747,74.7,2,0,0.0,13.9
748,74.8,3,0,0.0,13.96
749,74.9,3,0,0.0,13.92
750,75.0,3,0,0.0,13.91
751,75.1,3,0,0.0,13.93
752,75.2,3,0,0.0,13.97
753,75.3,3,0,0.0,13.95
754,75.4,2,1,0.0,13.97
755,75.5,2,0,0.0,13.92
756,75.6,2,0,0.0,13.93
757,75.7,2,0,0.0,13.94
758,75.8,2,0,0.0,13.93
759,75.9,2,0,0.0,13.93
760,76.0,2,0,0.0,13.92
761,76.1,2,0,0.0,13.96
762,76.2,2,0,0.0,13.94
763,76.3,2,0,0.0,13.94
764,76.4,2,0,0.0,13.98
765,76.5,2,0,0.0,13.94
766,76.6,2,0,0.0,13.93
767,76.7,2,0,0.0,13.97
768,76.8,2,0,0.0,13.93
769,76.9,2,0,0.0,13.94
770,77.0,2,0,0.0,13.93
771,77.1,2,0,0.0,13.92
772,77.2,2,0,0.0,13.97
773,77.3,2,0,0.0,13.9
774,77.4,2,0,0.0,13.94
775,77.5,1,1,0.0,13.94
776,77.6,1,0,0.0,13.9
777,77.7,1,0,0.0,13.9
778,77.8,1,0,0.0,13.94
779,77.9,1,0,0.0,13.95
780,78.0,1,0,0.0,13.99
781,78.1,1,0,0.0,13.92
782,78.2,1,0,0.0,13.87
783,78.3,1,0,0.0,13.97
784,78.4,2,0,0.0,13.96
785,78.5,2,0,0.0,13.97
786,78.6,2,0,0.0,13.91
787,78.7,2,0,0.0,13.93
788,78.8,2,0,0.0,13.9
789,78.9,2,0,0.0,13.98
790,79.0,2,0,0.0,13.94
791,79.1,2,0,0.0,13.99
792,79.2,2,0,0.0,13.93
793,79.3,2,0,0.0,13.95
794,79.4,2,0,0.0,13.97
795,79.5,2,0,0.0,13.96
796,79.6,3,0,0.0,13.88
797,79.7,3,0,0.0,13.87
798,79.8,4,0,0.0,13.54
799,79.9,4,0,0.0,13.54
800,80.0,4,0,0.0,13.53
801,80.1,4,0,0.0,13.52
802,80.2,4,0,0.0,13.57
803,80.3,4,0,0.0,13.54
804,80.4,3,1,0.0,13.89
805,80.5,3,0,0.0,13.86
806,80.6,3,0,0.0,13.9
807,80.7,3,0,0.0,13.89
808,80.8,3,0,0.0,13.89
809,80.9,3,0,0.0,13.86
810,81.0,3,0,0.0,13.9
811,81.1,3,0,0.0,13.9
812,81.2,3,0,0.0,13.87
813,81.3,3,0,0.0,13.85
814,81.4,3,0,0.0,13.9
815,81.5,3,0,0.0,13.87
816,81.6,3,0,0.0,13.88
817,81.7,3,0,0.0,13.89
818,81.8,3,0,0.0,13.9
819,81.9,2,1,0.0,13.87
820,82.0,2,0,0.0,13.87
821,82.1,2,0,0.0,13.89
822,82.2,2,0,0.0,13.88
823,82.3,2,0,0.0,13.87
824,82.4,2,0,0.0,13.86
825,82.5,2,0,0.0,13.89
826,82.6,2,0,0.0,13.87
827,82.7,2,0,0.0,13.87
828,82.8,2,0,0.0,13.86
829,82.9,2,0,0.0,13.87
830,83.0,2,0,0.0,13.85
831,83.1,2,0,0.0,13.88
832,83.2,1,1,0.0,13.78
833,83.3,1,0,0.0,13.85
834,83.4,1,0,0.0,13.73
835,83.5,1,0,0.0,13.73
836,83.6,1,0,0.0,13.78
837,83.7,1,0,0.0,13.81
838,83.8,1,0,0.0,13.78
839,83.9,2,0,0.0,11.9
840,84.0,2,0,0.0,11.86
841,84.1,2,0,0.0,11.89
842,84.2,2,0,0.0,11.84
843,84.3,2,0,0.0,11.87
844,84.4,2,0,0.0,11.9
845,84.5,2,0,0.0,11.9
846,84.6,2,0,0.0,11.89
847,84.7,2,0,0.0,11.9
848,84.8,3,0,0.0,11.86
849,84.9,3,0,0.0,11.82
850,85.0,3,0,0.0,11.82
851,85.1,3,0,0.0,11.82
852,85.2,3,0,0.0,11.86
853,85.3,4,0,0.0,11.12
854,85.4,4,0,0.0,11.12
855,85.5,4,1,0.0,10.66
856,85.6,4,0,0.0,10.71
857,85.7,3,1,0.0,10.93
858,85.8,3,0,0.0,10.94
859,85.9,3,0,0.0,10.94
860,86.0,3,0,0.0,10.99
861,86.1,3,0,0.0,10.97
862,86.2,3,0,0.0,10.96
863,86.3,3,0,0.0,10.98
864,86.4,3,0,0.0,11.03
865,86.5,3,0,0.0,10.99
866,86.6,3,0,0.0,11.03
867,86.7,3,0,0.0,11.04
868,86.8,3,0,0.0,11.03
869,86.9,3,0,0.0,11.05
870,87.0,3,0,0.0,11.04
871,87.1,4,0,0.0,11.81
872,87.2,4,0,0.0,11.77
873,87.3,4,0,0.0,11.75
874,87.4,4,0,0.0,11.8
875,87.5,4,0,0.0,11.8
876,87.6,4,0,0.0,11.78
877,87.7,4,0,0.0,11.81
878,87.8,4,0,0.0,11.8
879,87.9,4,0,0.0,11.79
880,88.0,4,0,0.0,11.79
881,88.1,4,0,0.0,11.8
882,88.2,4,0,0.0,11.81
883,88.3,4,0,0.0,11.81
884,88.4,4,0,0.0,11.82
885,88.5,4,0,0.0,11.82
886,88.6,4,0,0.0,11.8
887,88.7,4,0,0.0,11.83
888,88.8,4,0,0.0,11.81
889,88.9,3,1,0.0,11.15
890,89.0,3,0,0.0,11.17
891,89.1,3,0,0.0,11.2
892,89.2,3,0,0.0,11.17
893,89.3,3,0,0.0,11.18
894,89.4,3,0,0.0,11.2
895,89.5,3,0,0.0,11.21
896,89.6,3,0,0.0,11.19
897,89.7,3,0,0.0,11.19
898,89.8,4,0,0.0,11.91
899,89.9,4,0,0.0,11.88
900,90.0,4,0,0.0,11.91
901,90.1,4,0,0.0,11.89
902,90.2,4,0,0.0,11.89
903,90.3,4,0,0.0,11.89
904,90.4,3,1,0.0,11.22
905,90.5,3,0,0.0,11.2
906,90.6,2,1,0.0,9.85
907,90.7,2,0,0.0,9.91
908,90.8,2,0,0.0,9.86
909,90.9,2,0,0.0,9.86
910,91.0,3,0,0.0,11.26
911,91.1,3,0,0.0,11.24
912,91.2,3,0,0.0,11.19
913,91.3,3,0,0.0,11.21
914,91.4,3,0,0.0,11.22
915,91.5,3,0,0.0,11.21
916,91.6,3,0,0.0,11.25
917,91.7,3,0,0.0,11.22
918,91.8,3,0,0.0,11.21
919,91.9,3,0,0.0,11.2
920,92.0,3,0,0.0,11.21
921,92.1,3,0,0.0,11.23
922,92.2,3,0,0.0,11.23
923,92.3,3,0,0.0,11.26
924,92.4,3,0,0.0,11.21
925,92.5,3,0,0.0,11.24
926,92.6,3,0,0.0,11.23
927,92.7,3,0,0.0,11.25
928,92.8,3,0,0.0,11.26
929,92.9,3,0,0.0,11.24
930,93.0,3,0,0.0,11.25
931,93.1,3,0,0.0,11.23
932,93.2,3,0,0.0,11.26
933,93.3,3,0,0.0,11.25
934,93.4,3,0,0.0,11.23
935,93.5,3,0,0.0,11.23
936,93.6,3,0,0.0,11.28
937,93.7,3,0,0.0,11.24
938,93.8,3,0,0.0,11.21
939,93.9,3,0,0.0,11.23
940,94.0,3,0,0.0,11.25
941,94.1,3,0,0.0,11.28
942,94.2,3,0,0.0,11.2
943,94.3,3,0,0.0,11.28
944,94.4,3,0,0.0,11.29
945,94.5,3,0,0.0,11.27
946,94.6,3,0,0.0,11.24
947,94.7,3,0,0.0,11.24
948,94.8,4,0,0.0,11.89
949,94.9,4,0,0.0,11.87
950,95.0,4,0,0.0,11.87
951,95.1,4,0,0.0,11.88
952,95.2,4,0,0.0,11.88
953,95.3,4,0,0.0,11.91
954,95.4,3,1,0.0,11.25
955,95.5,3,0,0.0,11.24
956,95.6,3,0,0.0,11.24
957,95.7,3,0,0.0,11.27
958,95.8,4,0,0.0,11.58
959,95.9,4,0,0.0,11.57
960,96.0,4,0,0.0,11.54
961,96.1,3,1,0.0,12.04
962,96.2,3,0,0.0,12.11
963,96.3,3,0,0.0,12.18
964,96.4,3,0,0.0,12.2
965,96.5,3,0,0.0,12.28
966,96.6,3,0,0.0,12.38
967,96.7,4,0,0.0,12.8
968,96.8,4,0,0.0,12.85
969,96.9,4,0,0.0,12.89
970,97.0,4,0,0.0,12.96
971,97.1,4,0,0.0,12.96
972,97.2,4,0,0.0,13.05
973,97.3,4,0,0.0,13.09
974,97.4,4,0,0.0,13.13
975,97.5,4,0,0.0,13.2
976,97.6,4,0,0.0,13.29
977,97.7,4,0,0.0,13.29
978,97.8,4,0,0.0,13.33
979,97.9,4,0,0.0,13.38
980,98.0,4,0,0.0,13.43
981,98.1,3,1,0.0,13.4
982,98.2,3,0,0.0,13.43
983,98.3,3,0,0.0,13.41
984,98.4,3,0,0.0,13.38
985,98.5,3,0,0.0,13.42
986,98.6,3,0,0.0,13.38
987,98.7,3,0,0.0,13.41
988,98.8,3,0,0.0,13.44
989,98.9,3,0,0.0,13.42
990,99.0,3,0,0.0,13.43
991,99.1,3,0,0.0,13.4
992,99.2,3,0,0.0,13.42
993,99.3,3,0,0.0,13.4
994,99.4,3,0,0.0,13.39
995,99.5,3,0,0.0,13.41
996,99.6,3,0,0.0,13.42
997,99.7,3,1,0.0,13.92
998,99.8,3,0,0.0,13.91
999,99.9,3,0,0.0,13.93
1000,100.0,3,0,0.0,13.92
1001,100.1,4,0,0.0,12.93
1002,100.2,3,1,0.0,12.61
1003,100.3,2,1,0.0,11.96
1004,100.4,2,0,0.0,11.93
1005,100.5,2,0,0.0,11.99
1006,100.6,2,0,0.0,11.97
1007,100.7,2,0,0.0,11.98
1008,100.8,2,0,0.0,11.93
1009,100.9,2,0,0.0,11.96
1010,101.0,2,0,0.0,11.97
1011,101.1,2,0,0.0,11.97
1012,101.2,2,0,0.0,11.96
1013,101.3,2,0,0.0,11.92
1014,101.4,2,0,0.0,11.96
1015,101.5,2,0,0.0,11.98
1016,101.6,2,0,0.0,11.98
1017,101.7,2,0,0.0,11.97
1018,101.8,2,0,0.0,11.96
1019,101.9,2,0,0.0,11.97
1020,102.0,2,0,0.0,11.98
1021,102.1,2,0,0.0,11.94
1022,102.2,2,0,0.0,11.94
1023,102.3,2,0,0.0,11.99
1024,102.4,3,0,0.0,12.64
1025,102.5,3,0,0.0,12.6
1026,102.6,3,0,0.0,12.62
1027,102.7,3,0,0.0,12.59
1028,102.8,3,0,0.0,12.6
1029,102.9,3,0,0.0,12.59
1030,103.0,3,0,0.0,12.57
1031,103.1,3,0,0.0,12.64
1032,103.2,3,0,0.0,12.61
1033,103.3,3,0,0.0,12.58
1034,103.4,3,0,0.0,12.63
1035,103.5,3,0,0.0,12.62
1036,103.6,3,0,0.0,12.59
1037,103.7,3,0,0.0,12.62
1038,103.8,3,0,0.0,12.64
1039,103.9,3,0,0.0,12.64
1040,104.0,3,0,0.0,12.6
1041,104.1,3,0,0.0,12.6
1042,104.2,3,0,0.0,12.62
1043,104.3,3,0,0.0,12.63
1044,104.4,2,1,0.0,13.92
1045,104.5,3,0,0.0,13.95
1046,104.6,3,0,0.0,13.95
1047,104.7,4,0,0.0,13.91
1048,104.8,4,0,0.0,13.93
1049,104.9,4,0,0.0,13.97
1050,105.0,4,0,0.0,13.94
1051,105.1,4,0,0.0,13.96
1052,105.2,4,0,0.0,13.91
1053,105.3,3,1,0.0,13.93
1054,105.4,3,0,0.0,13.9
1055,105.5,3,0,0.0,13.88
1056,105.6,3,0,0.0,13.98
1057,105.7,3,0,0.0,13.89
1058,105.8,3,0,0.0,13.93
1059,105.9,2,1,0.0,13.89
1060,106.0,2,0,0.0,13.93
1061,106.1,2,0,0.0,13.94
1062,106.2,2,0,0.0,13.93
1063,106.3,2,0,0.0,13.98
1064,106.4,2,0,0.0,13.92
1065,106.5,2,0,0.0,13.99
1066,106.6,2,0,0.0,13.93
1067,106.7,2,0,0.0,13.93
1068,106.8,2,0,0.0,13.9
1069,106.9,2,0,0.0,13.98
1070,107.0,2,0,0.0,13.93
1071,107.1,2,0,0.0,13.88
1072,107.2,2,0,0.0,13.91
1073,107.3,2,0,0.0,13.97
1074,107.4,2,0,0.0,13.95
1075,107.5,2,0,0.0,13.98
1076,107.6,2,0,0.0,13.97
1077,107.7,2,0,0.0,13.94
1078,107.8,2,0,0.0,13.92
1079,107.9,2,0,0.0,13.97
1080,108.0,2,1,0.0,13.82
1081,108.1,2,0,0.0,13.79
1082,108.2,2,0,0.0,13.75
1083,108.3,2,0,0.0,13.79
1084,108.4,2,0,0.0,13.77
1085,108.5,2,0,0.0,13.81
1086,108.6,2,0,0.0,13.81
1087,108.7,2,0,0.0,13.78
1088,108.8,2,0,0.0,13.83
1089,108.9,2,0,0.0,13.79
1090,109.0,2,0,0.0,13.74
1091,109.1,2,0,0.0,13.82
1092,109.2,2,0,0.0,13.76
1093,109.3,2,0,0.0,13.8
1094,109.4,2,0,0.0,13.81
1095,109.5,2,0,0.0,13.8
1096,109.6,2,0,0.0,13.79
1097,109.7,3,0,0.0,13.56
1098,109.8,3,0,0.0,13.54
1099,109.9,3,0,0.0,13.46
1100,110.0,3,0,0.0,13.48
1101,110.1,3,0,0.0,13.5
1102,110.2,3,0,0.0,13.5
1103,110.3,2,1,0.0,13.8
1104,110.4,2,0,0.0,13.79
1105,110.5,2,0,0.0,13.77
1106,110.6,2,0,0.0,13.77
1107,110.7,2,0,0.0,13.79
1108,110.8,2,0,0.0,13.79
1109,110.9,2,0,0.0,13.76
1110,111.0,2,0,0.0,13.77
1111,111.1,2,0,0.0,13.77
1112,111.2,2,0,0.0,13.77
1113,111.3,2,0,0.0,13.75
1114,111.4,2,0,0.0,13.76
1115,111.5,2,0,0.0,13.76
1116,111.6,1,1,0.0,13.59
1117,111.7,1,0,0.0,13.61
1118,111.8,1,0,0.0,13.63
1119,111.9,1,0,0.0,13.65
1120,112.0,1,0,0.0,13.7
1121,112.1,1,0,0.0,13.68
1122,112.2,1,0,0.0,13.64
1123,112.3,1,0,0.0,13.58
1124,112.4,1,0,0.0,13.68
1125,112.5,1,0,0.0,13.68
1126,112.6,1,0,0.0,13.68
1127,112.7,1,0,0.0,13.62
1128,112.8,1,0,0.0,13.59
1129,112.9,1,0,0.0,13.65
1130,113.0,1,0,0.0,13.71
1131,113.1,1,0,0.0,13.61
1132,113.2,2,0,0.0,12.92
1133,113.3,2,0,0.0,12.93
1134,113.4,2,0,0.0,12.92
1135,113.5,3,0,0.0,11.92
1136,113.6,3,0,0.0,11.93
1137,113.7,3,1,0.0,12.84
1138,113.8,3,0,0.0,12.8
1139,113.9,3,0,0.0,12.82
1140,114.0,3,0,0.0,12.84
1141,114.1,3,0,0.0,12.83
1142,114.2,3,0,0.0,12.82
1143,114.3,3,0,0.0,12.8
1144,114.4,3,0,0.0,12.85
1145,114.5,3,0,0.0,12.81
1146,114.6,3,0,0.0,12.8
1147,114.7,4,0,0.0,13.13
1148,114.8,4,0,0.0,13.1
1149,114.9,4,0,0.0,13.14
1150,115.0,4,0,0.0,13.11
1151,115.1,4,0,0.0,13.11
1152,115.2,4,0,0.0,13.12
1153,115.3,3,1,0.0,12.81
1154,115.4,3,0,0.0,12.82
1155,115.5,3,0,0.0,12.85
1156,115.6,3,0,0.0,12.82
1157,115.7,3,0,0.0,12.81
1158,115.8,3,0,0.0,12.78
1159,115.9,3,0,0.0,12.82
1160,116.0,3,0,0.0,12.82
1161,116.1,3,0,0.0,12.87
1162,116.2,3,0,0.0,12.82
1163,116.3,3,0,0.0,12.84
1164,116.4,3,0,0.0,12.8
1165,116.5,3,0,0.0,12.82
1166,116.6,3,0,0.0,12.84
1167,116.7,3,0,0.0,12.85
1168,116.8,3,0,0.0,12.81
1169,116.9,3,0,0.0,12.8
1170,117.0,3,0,0.0,12.84
1171,117.1,3,0,0.0,12.83
1172,117.2,2,1,0.0,13.15
1173,117.3,2,0,0.0,13.17
1174,117.4,1,1,0.0,12.64
1175,117.5,1,0,0.0,12.6
1176,117.6,1,0,0.0,12.66
1177,117.7,1,0,0.0,12.7
1178,117.8,1,0,0.0,12.61
1179,117.9,1,0,0.0,12.67
1180,118.0,1,0,0.0,12.69
1181,118.1,1,0,0.0,12.66
1182,118.2,1,0,0.0,12.66
1183,118.3,1,0,0.0,12.65
1184,118.4,1,0,0.0,12.65
1185,118.5,1,0,0.0,12.65
1186,118.6,1,0,0.0,12.58
1187,118.7,1,0,0.0,12.63
1188,118.8,1,0,0.0,12.65
1189,118.9,1,0,0.0,12.6
1190,119.0,1,0,0.0,12.61
1191,119.1,1,0,0.0,12.66
1192,119.2,1,0,0.0,12.62
1193,119.3,1,0,0.0,12.7
1194,119.4,2,0,0.0,13.3
1195,119.5,2,0,0.0,13.29
1196,119.6,3,0,0.0,13.52
1197,119.7,3,0,0.0,13.5
1198,119.8,3,0,0.0,13.48
1199,119.9,3,0,0.0,13.51
1200,120.0,3,0,0.0,13.46
1201,120.1,3,0,0.0,13.52
1202,120.2,2,1,0.0,13.28
1203,120.3,2,0,0.0,13.31
1204,120.4,2,0,0.0,13.23
1205,120.5,2,0,0.0,13.32
1206,120.6,2,0,0.0,13.25
1207,120.7,2,0,0.0,13.28
1208,120.8,2,0,0.0,13.28
1209,120.9,2,0,0.0,13.34
1210,121.0,2,0,0.0,13.28
1211,121.1,2,0,0.0,13.27
1212,121.2,2,0,0.0,13.31
1213,121.3,2,0,0.0,13.27
1214,121.4,2,0,0.0,13.26
1215,121.5,2,0,0.0,13.28
1216,121.6,2,0,0.0,13.31
1217,121.7,2,0,0.0,13.32
1218,121.8,2,0,0.0,13.27
1219,121.9,3,0,0.0,13.37
1220,122.0,3,0,0.0,13.35
1221,122.1,3,0,0.0,13.39
1222,122.2,3,0,0.0,13.36
1223,122.3,3,0,0.0,13.35
1224,122.4,3,0,0.0,13.31
1225,122.5,3,0,0.0,13.34
1226,122.6,3,0,0.0,13.34
1227,122.7,3,0,0.0,13.34
1228,122.8,3,0,0.0,13.33
1229,122.9,3,0,0.0,13.36
1230,123.0,3,0,0.0,13.34
1231,123.1,3,0,0.0,13.34
1232,123.2,3,0,0.0,13.34
1233,123.3,3,0,0.0,13.36
1234,123.4,3,0,0.0,13.31
1235,123.5,3,0,0.0,13.33
1236,123.6,3,0,0.0,13.38
1237,123.7,3,0,0.0,13.33
1238,123.8,2,1,0.0,13.71
1239,123.9,2,0,0.0,13.71
1240,124.0,2,0,0.0,13.67
1241,124.1,2,0,0.0,13.74
1242,124.2,2,0,0.0,13.72
1243,124.3,2,0,0.0,13.67
1244,124.4,2,0,0.0,13.68
1245,124.5,2,0,0.0,13.7
1246,124.6,3,0,0.0,13.49
1247,124.7,3,0,0.0,13.45
1248,124.8,3,0,0.0,13.42
1249,124.9,3,0,0.0,13.46
1250,125.0,3,0,0.0,13.47
1251,125.1,4,0,0.0,13.58
1252,125.2,3,1,0.0,13.8
1253,125.3,3,0,0.0,13.77
1254,125.4,3,0,0.0,13.77
1255,125.5,2,1,0.0,13.92
1256,125.6,2,0,0.0,13.95
1257,125.7,2,0,0.0,13.94
1258,125.8,2,0,0.0,13.91
1259,125.9,2,0,0.0,13.98
1260,126.0,3,0,0.0,12.55
1261,126.1,3,0,0.0,12.48
1262,126.2,3,0,0.0,12.56
1263,126.3,3,0,0.0,12.57
1264,126.4,3,0,0.0,12.59
1265,126.5,3,0,0.0,12.6
1266,126.6,3,0,0.0,12.61
1267,126.7,3,0,0.0,12.6
1268,126.8,3,0,0.0,12.62
1269,126.9,3,0,0.0,12.63
1270,127.0,3,0,0.0,12.62
1271,127.1,3,0,0.0,12.61
1272,127.2,3,0,0.0,12.61
1273,127.3,3,0,0.0,12.6
1274,127.4,3,0,0.0,12.6
1275,127.5,3,0,0.0,12.63
1276,127.6,3,0,0.0,12.63
1277,127.7,3,0,0.0,12.6
1278,127.8,3,0,0.0,12.63
1279,127.9,3,0,0.0,12.61
1280,128.0,3,0,0.0,12.61
1281,128.1,3,0,0.0,12.58
1282,128.2,3,0,0.0,12.62
1283,128.3,3,0,0.0,12.62
1284,128.4,3,0,0.0,12.64
1285,128.5,3,0,0.0,12.63
1286,128.6,2,1,0.0,11.93
1287,128.7,2,0,0.0,11.94
1288,128.8,2,0,0.0,11.94
1289,128.9,2,0,0.0,11.93
1290,129.0,2,0,0.0,11.93
1291,129.1,2,0,0.0,11.92
1292,129.2,2,0,0.0,11.93
1293,129.3,2,0,0.0,11.98
1294,129.4,2,0,0.0,11.94
1295,129.5,2,0,0.0,11.98
1296,129.6,3,0,0.0,12.53
1297,129.7,3,0,0.0,12.51
1298,129.8,3,0,0.0,12.5
1299,129.9,3,0,0.0,12.53
1300,130.0,3,0,0.0,12.5
1301,130.1,3,0,0.0,12.5
1302,130.2,2,1,0.0,11.94
1303,130.3,2,0,0.0,11.92
1304,130.4,2,0,0.0,11.96
1305,130.5,2,0,0.0,11.93
1306,130.6,3,0,0.0,12.65
1307,130.7,4,0,0.0,12.88
1308,130.8,4,0,0.0,12.88
1309,130.9,4,0,0.0,12.87
1310,131.0,4,0,0.0,12.82
1311,131.1,4,0,0.0,12.86
1312,131.2,4,0,0.0,12.83
1313,131.3,4,0,0.0,12.86
1314,131.4,4,0,0.0,12.84
1315,131.5,4,0,0.0,12.86
1316,131.6,4,0,0.0,12.88
1317,131.7,4,0,0.0,12.85
1318,131.8,4,0,0.0,12.86
1319,131.9,4,0,0.0,12.88
1320,132.0,4,0,0.0,12.84
1321,132.1,4,0,0.0,12.87
1322,132.2,4,0,0.0,12.83
1323,132.3,4,0,0.0,12.87
1324,132.4,4,0,0.0,12.83
1325,132.5,4,0,0.0,12.83
1326,132.6,4,0,0.0,12.85
1327,132.7,4,0,0.0,12.84
1328,132.8,4,0,0.0,12.85
1329,132.9,4,0,0.0,12.84
1330,133.0,4,0,0.0,12.87
1331,133.1,4,0,0.0,12.81
1332,133.2,4,0,0.0,12.85
1333,133.3,4,0,0.0,12.87
1334,133.4,4,0,0.0,12.88
1335,133.5,4,0,0.0,12.86
1336,133.6,4,0,0.0,12.84
1337,133.7,4,0,0.0,12.87
1338,133.8,4,0,0.0,12.86
1339,133.9,4,0,0.0,12.85
1340,134.0,4,0,0.0,12.86
1341,134.1,3,1,0.0,12.51
1342,134.2,3,0,0.0,12.5
1343,134.3,2,1,0.0,11.76
1344,134.4,2,0,0.0,11.74
1345,134.5,2,0,0.0,11.76
1346,134.6,3,0,0.0,12.5
1347,134.7,3,0,0.0,12.48
1348,134.8,3,0,0.0,12.48
1349,134.9,3,0,0.0,12.49
1350,135.0,3,0,0.0,12.51
1351,135.1,3,0,0.0,12.5
1352,135.2,2,1,0.0,11.79
1353,135.3,2,0,0.0,11.76
1354,135.4,2,0,0.0,11.81
1355,135.5,2,0,0.0,11.75
1356,135.6,2,0,0.0,11.68
1357,135.7,2,0,0.0,11.68
1358,135.8,2,0,0.0,11.63
1359,135.9,2,0,0.0,11.55
1360,136.0,2,0,0.0,11.58
1361,136.1,2,0,0.0,11.5
1362,136.2,2,0,0.0,11.47
1363,136.3,2,0,0.0,11.41
1364,136.4,3,0,0.0,12.25
1365,136.5,3,0,0.0,12.21
1366,136.6,3,0,0.0,12.16
1367,136.7,3,0,0.0,12.16
1368,136.8,3,0,0.0,12.13
1369,136.9,3,0,0.0,12.08
1370,137.0,3,0,0.0,12.09
1371,137.1,3,0,0.0,12.08
1372,137.2,3,0,0.0,12.07
1373,137.3,3,0,0.0,12.03
1374,137.4,3,0,0.0,12.01
1375,137.5,3,0,0.0,12.01
1376,137.6,3,0,0.0,11.99
1377,137.7,3,0,0.0,11.93
1378,137.8,3,0,0.0,11.88
1379,137.9,3,0,0.0,11.94
1380,138.0,3,0,0.0,11.91
1381,138.1,3,0,0.0,11.87
1382,138.2,2,1,0.0,12.82
1383,138.3,2,0,0.0,12.91
1384,138.4,2,0,0.0,13.03
1385,138.5,2,0,0.0,13.1
1386,138.6,2,0,0.0,13.21
1387,138.7,2,0,0.0,13.28
1388,138.8,2,0,0.0,13.34
1389,138.9,2,0,0.0,13.44
1390,139.0,2,0,0.0,13.51
1391,139.1,2,0,0.0,13.63
1392,139.2,2,0,0.0,13.71
1393,139.3,3,0,0.0,13.82
1394,139.4,3,0,0.0,13.8
1395,139.5,3,0,0.0,13.8
1396,139.6,4,0,0.0,13.81
1397,139.7,4,0,0.0,13.8
1398,139.8,4,0,0.0,13.82
1399,139.9,4,0,0.0,13.81
1400,140.0,4,0,0.0,13.84
1401,140.1,4,0,0.0,13.83
1402,140.2,3,1,0.0,13.79
1403,140.3,3,0,0.0,13.83
1404,140.4,2,1,0.0,13.96
1405,140.5,2,0,0.0,13.95
1406,140.6,2,0,0.0,13.93
1407,140.7,2,0,0.0,13.96
1408,140.8,2,0,0.0,13.91
1409,140.9,2,0,0.0,13.94
1410,141.0,2,0,0.0,13.93
1411,141.1,2,0,0.0,13.88
1412,141.2,2,0,0.0,13.93
1413,141.3,2,0,0.0,13.93
1414,141.4,2,0,0.0,13.96
1415,141.5,2,0,0.0,13.96
1416,141.6,2,0,0.0,13.93
1417,141.7,2,0,0.0,13.93
1418,141.8,2,0,0.0,13.89
1419,141.9,3,0,0.0,12.64
1420,142.0,3,0,0.0,12.61
1421,142.1,3,1,0.0,13.75
1422,142.2,3,0,0.0,13.78
1423,142.3,3,0,0.0,13.7
1424,142.4,3,0,0.0,13.77
1425,142.5,3,0,0.0,13.74
1426,142.6,3,0,0.0,13.78
1427,142.7,3,0,0.0,13.73
1428,142.8,2,1,0.0,13.64
1429,142.9,2,0,0.0,13.71
1430,143.0,2,0,0.0,13.66
1431,143.1,2,0,0.0,13.64
1432,143.2,2,0,0.0,13.63
1433,143.3,2,0,0.0,13.69
1434,143.4,2,0,0.0,13.68
1435,143.5,2,0,0.0,13.7
1436,143.6,2,0,0.0,13.63
1437,143.7,2,0,0.0,13.68
1438,143.8,2,0,0.0,13.64
1439,143.9,2,0,0.0,13.66
1440,144.0,2,0,0.0,13.62
1441,144.1,2,0,0.0,13.62
1442,144.2,2,0,0.0,13.68
1443,144.3,2,0,0.0,13.68
1444,144.4,2,0,0.0,13.71
1445,144.5,3,0,0.0,13.78
1446,144.6,3,0,0.0,13.77
1447,144.7,3,0,0.0,13.71
1448,144.8,3,0,0.0,13.74
1449,144.9,3,0,0.0,13.77
1450,145.0,3,0,0.0,13.78
1451,145.1,2,1,0.0,13.64
1452,145.2,2,0,0.0,13.66
1453,145.3,2,0,0.0,13.6
1454,145.4,2,0,0.0,13.66
1455,145.5,2,0,0.0,13.64
1456,145.6,1,1,0.0,13.43
1457,145.7,1,0,0.0,13.37
1458,145.8,1,0,0.0,13.32
1459,145.9,1,0,0.0,13.37
1460,146.0,1,0,0.0,13.4
1461,146.1,1,0,0.0,13.39
1462,146.2,1,0,0.0,13.39
1463,146.3,1,0,0.0,13.34
1464,146.4,1,0,0.0,13.43
1465,146.5,1,0,0.0,13.32
1466,146.6,1,0,0.0,13.38
1467,146.7,1,0,0.0,13.38
1468,146.8,1,0,0.0,13.34
1469,146.9,1,0,0.0,13.42
1470,147.0,1,0,0.0,13.31
1471,147.1,1,0,0.0,13.36
1472,147.2,1,0,0.0,13.36
1473,147.3,1,0,0.0,13.37
1474,147.4,1,0,0.0,13.39
1475,147.5,1,0,0.0,13.38
1476,147.6,1,0,0.0,13.38
1477,147.7,1,0,0.0,13.34
1478,147.8,2,0,0.0,13.45
1479,147.9,2,0,0.0,13.4
1480,148.0,3,0,0.0,13.59
1481,148.1,3,0,0.0,13.59
1482,148.2,3,0,0.0,13.55
1483,148.3,3,0,0.0,13.6
1484,148.4,3,0,0.0,13.59
1485,148.5,3,0,0.0,13.57
1486,148.6,3,0,0.0,13.6
1487,148.7,3,0,0.0,13.56
1488,148.8,3,0,0.0,13.54
1489,148.9,3,0,0.0,13.56
1490,149.0,3,0,0.0,13.56
1491,149.1,3,0,0.0,13.54
1492,149.2,3,0,0.0,13.6
1493,149.3,3,0,0.0,13.55
1494,149.4,3,0,0.0,13.56
1495,149.5,4,0,0.0,13.68
1496,149.6,4,0,0.0,13.65
1497,149.7,4,0,0.0,13.68
1498,149.8,4,0,0.0,13.65
1499,149.9,4,0,0.0,13.66
1500,150.0,4,0,0.0,13.63
1501,150.1,3,1,0.0,13.55
1502,150.2,3,0,0.0,13.53
1503,150.3,3,0,0.0,13.59
1504,150.4,3,0,0.0,13.6
1505,150.5,3,0,0.0,13.56
1506,150.6,3,0,0.0,13.57
1507,150.7,3,0,0.0,13.55
1508,150.8,3,0,0.0,13.56
1509,150.9,3,0,0.0,13.56
1510,151.0,3,0,0.0,13.58
1511,151.1,3,0,0.0,13.56
1512,151.2,3,0,0.0,13.55
1513,151.3,3,0,0.0,13.56
1514,151.4,3,0,0.0,13.58
1515,151.5,2,1,0.0,13.38
1516,151.6,2,0,0.0,13.41
1517,151.7,1,1,0.0,13.51
1518,151.8,1,0,0.0,13.54
1519,151.9,1,0,0.0,13.44
1520,152.0,1,0,0.0,13.5
1521,152.1,1,0,0.0,13.5
1522,152.2,1,0,0.0,13.55
1523,152.3,1,0,0.0,13.44
1524,152.4,1,0,0.0,13.47
1525,152.5,1,0,0.0,13.51
1526,152.6,1,0,0.0,13.46
1527,152.7,1,0,0.0,13.45
1528,152.8,1,0,0.0,13.5
1529,152.9,1,0,0.0,13.52
1530,153.0,1,0,0.0,13.52
1531,153.1,1,0,0.0,13.53
1532,153.2,1,0,0.0,13.47
1533,153.3,1,0,0.0,13.5
1534,153.4,1,0,0.0,13.48
1535,153.5,2,0,0.0,13.72
1536,153.6,2,0,0.0,13.69
1537,153.7,2,0,0.0,13.71
1538,153.8,2,0,0.0,13.75
1539,153.9,2,0,0.0,13.72
1540,154.0,2,0,0.0,13.72
1541,154.1,2,0,0.0,13.72
1542,154.2,2,0,0.0,13.69
1543,154.3,2,0,0.0,13.72
1544,154.4,2,0,0.0,13.67
1545,154.5,3,0,0.0,13.81
1546,154.6,3,0,0.0,13.76
1547,154.7,3,0,0.0,13.78
1548,154.8,3,0,0.0,13.76
1549,154.9,3,0,0.0,13.79
1550,155.0,3,0,0.0,13.74
1551,155.1,2,1,0.0,13.67
1552,155.2,2,0,0.0,13.69
1553,155.3,2,0,0.0,13.69
1554,155.4,2,0,0.0,13.67
1555,155.5,2,0,0.0,13.68
1556,155.6,2,0,0.0,13.74
1557,155.7,2,0,0.0,13.67
1558,155.8,2,0,0.0,13.75
1559,155.9,2,0,0.0,13.75
1560,156.0,2,0,0.0,13.68
1561,156.1,2,0,0.0,13.74
1562,156.2,2,0,0.0,13.7
1563,156.3,2,0,0.0,13.68
1564,156.4,2,0,0.0,13.73
1565,156.5,2,0,0.0,13.67
1566,156.6,2,0,0.0,13.71
1567,156.7,3,0,0.0,13.8
1568,156.8,3,0,0.0,13.77
1569,156.9,3,0,0.0,13.77
1570,157.0,3,0,0.0,13.78
1571,157.1,3,0,0.0,13.79
1572,157.2,3,0,0.0,13.8
1573,157.3,2,1,0.0,13.91
1574,157.4,2,0,0.0,13.89
1575,157.5,2,0,0.0,13.92
1576,157.6,2,0,0.0,13.97
1577,157.7,2,0,0.0,13.88
1578,157.8,2,0,0.0,13.91
1579,157.9,2,0,0.0,13.94
1580,158.0,2,0,0.0,13.93
1581,158.1,2,0,0.0,13.89
1582,158.2,2,0,0.0,13.91
1583,158.3,2,0,0.0,13.9
1584,158.4,2,0,0.0,13.95
1585,158.5,2,0,0.0,13.98
1586,158.6,2,0,0.0,13.95
1587,158.7,2,0,0.0,13.96
1588,158.8,2,0,0.0,13.97
1589,158.9,2,0,0.0,13.9
1590,159.0,2,0,0.0,13.88
1591,159.1,3,0,0.0,13.4
1592,159.2,3,0,0.0,13.39
1593,159.3,3,0,0.0,13.41
1594,159.4,3,0,0.0,13.42
1595,159.5,4,0,0.0,12.95
1596,159.6,4,0,0.0,12.91
1597,159.7,4,0,0.0,12.92
1598,159.8,4,0,0.0,12.94
1599,159.9,4,0,0.0,12.92
1600,160.0,4,0,0.0,12.92
1601,160.1,4,0,0.0,12.92
1602,160.2,2,2,0.0,13.15
1603,160.3,2,0,0.0,13.12
1604,160.4,2,0,0.0,13.13
1605,160.5,2,0,0.0,13.14
1606,160.6,2,0,0.0,13.07
1607,160.7,2,0,0.0,13.13
1608,160.8,2,0,0.0,13.13
1609,160.9,2,0,0.0,13.1
1610,161.0,2,0,0.0,13.09
1611,161.1,2,0,0.0,13.17
1612,161.2,2,0,0.0,13.12
1613,161.3,2,0,0.0,13.11
1614,161.4,2,0,0.0,13.14
1615,161.5,2,0,0.0,13.13
1616,161.6,2,0,0.0,13.13
1617,161.7,2,0,0.0,13.09
1618,161.8,2,0,0.0,13.15
1619,161.9,2,0,0.0,13.1
1620,162.0,2,0,0.0,13.12
1621,162.1,2,0,0.0,13.13
1622,162.2,2,0,0.0,13.1
1623,162.3,2,0,0.0,13.14
1624,162.4,2,0,0.0,13.08
1625,162.5,2,0,0.0,13.12
1626,162.6,2,0,0.0,13.15
1627,162.7,1,1,0.0,12.39
1628,162.8,1,0,0.0,12.28
1629,162.9,1,0,0.0,12.36
1630,163.0,1,0,0.0,12.28
1631,163.1,1,0,0.0,12.26
1632,163.2,1,0,0.0,12.29
1633,163.3,1,0,0.0,12.37
1634,163.4,1,0,0.0,12.38
1635,163.5,1,0,0.0,12.27
1636,163.6,1,0,0.0,12.36
1637,163.7,1,0,0.0,12.33
1638,163.8,1,0,0.0,12.28
1639,163.9,1,0,0.0,12.36
1640,164.0,1,0,0.0,12.37
1641,164.1,1,0,0.0,12.34
1642,164.2,1,0,0.0,12.38
1643,164.3,1,0,0.0,12.26
1644,164.4,1,0,0.0,12.32
1645,164.5,2,0,0.0,12.55
1646,164.6,2,0,0.0,12.5
1647,164.7,2,0,0.0,12.49
1648,164.8,3,0,0.0,13.0
1649,164.9,3,0,0.0,12.95
1650,165.0,3,0,0.0,12.98
1651,165.1,2,1,0.0,13.14
1652,165.2,2,0,0.0,13.14
1653,165.3,2,0,0.0,13.15
1654,165.4,3,0,0.0,13.39
1655,165.5,3,0,0.0,13.37
1656,165.6,3,0,0.0,13.38
1657,165.7,3,0,0.0,13.42
1658,165.8,3,0,0.0,13.38
1659,165.9,3,0,0.0,13.4
1660,166.0,3,0,0.0,13.41
1661,166.1,3,0,0.0,13.4
1662,166.2,3,0,0.0,13.41
1663,166.3,3,0,0.0,13.4
1664,166.4,3,0,0.0,13.41
1665,166.5,3,0,0.0,13.39
1666,166.6,3,0,0.0,13.41
1667,166.7,3,0,0.0,13.39
1668,166.8,3,0,0.0,13.37
1669,166.9,3,0,0.0,13.39
1670,167.0,3,0,0.0,13.4
1671,167.1,3,0,0.0,13.37
1672,167.2,3,0,0.0,13.43
1673,167.3,3,0,0.0,13.43
1674,167.4,3,0,0.0,13.38
1675,167.5,3,0,0.0,13.41
1676,167.6,4,0,0.0,12.58
1677,167.7,4,0,0.0,12.53
1678,167.8,4,0,0.0,12.57
1679,167.9,4,0,0.0,12.53
1680,168.0,4,0,0.0,12.56
1681,168.1,4,0,0.0,12.56
1682,168.2,4,0,0.0,12.55
1683,168.3,4,0,0.0,12.52
1684,168.4,4,0,0.0,12.52
1685,168.5,4,0,0.0,12.56
1686,168.6,4,0,0.0,12.54
1687,168.7,4,0,0.0,12.55
1688,168.8,4,0,0.0,12.57
1689,168.9,3,1,0.0,12.08
1690,169.0,3,0,0.0,12.07
1691,169.1,3,0,0.0,12.05
1692,169.2,3,0,0.0,12.07
1693,169.3,3,0,0.0,12.1
1694,169.4,4,0,0.0,12.21
1695,169.5,3,1,0.0,12.13
1696,169.6,3,0,0.0,12.15
1697,169.7,3,0,0.0,12.11
1698,169.8,3,0,0.0,12.11
1699,169.9,3,0,0.0,12.15
1700,170.0,2,1,0.0,11.99
1701,170.1,2,0,0.0,11.94
1702,170.2,3,0,0.0,11.31
1703,170.3,3,0,0.0,11.28
1704,170.4,2,1,0.0,11.99
1705,170.5,3,0,0.0,12.43
1706,170.6,3,0,0.0,12.41
1707,170.7,3,0,0.0,12.37
1708,170.8,3,0,0.0,12.34
1709,170.9,3,0,0.0,12.34
1710,171.0,3,0,0.0,12.3
1711,171.1,3,0,0.0,12.22
1712,171.2,3,0,0.0,12.23
1713,171.3,3,0,0.0,12.23
1714,171.4,3,0,0.0,12.21
1715,171.5,3,0,0.0,12.18
1716,171.6,3,0,0.0,12.16
1717,171.7,3,0,0.0,12.1
1718,171.8,3,0,0.0,12.08
1719,171.9,3,0,0.0,12.05
1720,172.0,3,0,0.0,12.05
1721,172.1,3,0,0.0,12.03
1722,172.2,3,0,0.0,12.02
1723,172.3,3,0,0.0,11.97
1724,172.4,3,0,0.0,11.96
1725,172.5,3,0,0.0,11.97
1726,172.6,3,0,0.0,11.94
1727,172.7,3,0,0.0,11.94
1728,172.8,3,0,0.0,11.91
1729,172.9,3,0,0.0,11.89
1730,173.0,3,0,0.0,11.88
1731,173.1,3,0,0.0,11.83
1732,173.2,3,0,0.0,11.83
1733,173.3,3,0,0.0,11.82
1734,173.4,3,0,0.0,11.82
1735,173.5,3,0,0.0,11.77
1736,173.6,3,0,0.0,11.78
1737,173.7,3,0,0.0,11.77
1738,173.8,3,0,0.0,11.75
1739,173.9,3,0,0.0,11.74
1740,174.0,2,1,0.0,10.62
1741,174.1,3,0,0.0,11.76
1742,174.2,3,0,0.0,11.69
1743,174.3,3,0,0.0,11.7
1744,174.4,4,0,0.0,12.06
1745,174.5,4,0,0.0,12.06
1746,174.6,4,0,0.0,12.05
1747,174.7,4,0,0.0,12.03
1748,174.8,4,0,0.0,12.01
1749,174.9,4,0,0.0,12.02
1750,175.0,3,1,0.0,11.64
1751,175.1,3,0,0.0,11.58
1752,175.2,3,0,0.0,11.59
1753,175.3,3,0,0.0,11.58
1754,175.4,3,0,0.0,11.56
1755,175.5,3,0,0.0,11.55
1756,175.6,3,0,0.0,11.54
1757,175.7,3,0,0.0,11.57
1758,175.8,3,0,0.0,11.54
1759,175.9,3,0,0.0,11.53
1760,176.0,3,0,0.0,11.51
1761,176.1,3,0,0.0,11.51
1762,176.2,4,0,0.0,11.99
1763,176.3,4,0,0.0,11.98
1764,176.4,4,0,0.0,11.97
1765,176.5,4,0,0.0,11.95
1766,176.6,4,0,0.0,11.98
1767,176.7,4,0,0.0,11.97
1768,176.8,4,0,0.0,11.94
1769,176.9,4,0,0.0,11.95
1770,177.0,4,0,0.0,11.92
1771,177.1,4,0,0.0,11.94
1772,177.2,4,0,0.0,11.96
1773,177.3,4,0,0.0,11.93
1774,177.4,4,0,0.0,11.96
1775,177.5,4,0,0.0,11.94
1776,177.6,3,1,0.0,11.22
1777,177.7,3,0,0.0,11.26
1778,177.8,3,0,0.0,11.22
1779,177.9,3,0,0.0,11.22
1780,178.0,3,0,0.0,11.22
1781,178.1,3,0,0.0,11.24
1782,178.2,3,0,0.0,11.21
1783,178.3,3,0,0.0,11.2
1784,178.4,3,0,0.0,11.24
1785,178.5,3,0,0.0,11.24
1786,178.6,3,0,0.0,11.19
1787,178.7,3,0,0.0,11.18
1788,178.8,3,0,0.0,11.2
1789,178.9,3,0,0.0,11.19
1790,179.0,3,0,0.0,11.19
1791,179.1,3,0,0.0,11.24
1792,179.2,3,0,0.0,11.22
1793,179.3,3,0,0.0,11.18
1794,179.4,4,0,0.0,11.72
1795,179.5,4,0,0.0,11.69
1796,179.6,4,0,0.0,11.7
1797,179.7,4,0,0.0,11.68
1798,179.8,3,1,0.0,12.27
1799,179.9,3,0,0.0,12.27
1800,180.0,2,1,0.0,11.99
1801,180.1,2,0,0.0,12.03
1802,180.2,2,0,0.0,12.16
1803,180.3,2,0,0.0,12.26
1804,180.4,2,0,0.0,12.35
1805,180.5,2,0,0.0,12.41
1806,180.6,2,0,0.0,12.51
1807,180.7,2,0,0.0,12.64
1808,180.8,2,0,0.0,12.75
1809,180.9,2,0,0.0,12.9
1810,181.0,2,0,0.0,12.97
1811,181.1,2,0,0.0,13.11
1812,181.2,2,0,0.0,13.19
1813,181.3,2,0,0.0,13.24
1814,181.4,2,0,0.0,13.39
1815,181.5,2,0,0.0,13.5
1816,181.6,2,0,0.0,13.52
1817,181.7,2,0,0.0,13.65
1818,181.8,2,1,0.0,12.89
1819,181.9,2,0,0.0,12.91
1820,182.0,2,0,0.0,12.85
1821,182.1,2,0,0.0,12.87
1822,182.2,2,0,0.0,12.87
1823,182.3,2,0,0.0,12.86
1824,182.4,2,0,0.0,12.91
1825,182.5,2,0,0.0,12.86
1826,182.6,2,0,0.0,12.86
1827,182.7,2,0,0.0,12.91
1828,182.8,3,0,0.0,13.24
1829,182.9,3,0,0.0,13.2
1830,183.0,3,0,0.0,13.24
1831,183.1,3,0,0.0,13.24
1832,183.2,3,0,0.0,13.2
1833,183.3,3,0,0.0,13.21
1834,183.4,3,0,0.0,13.24
1835,183.5,3,0,0.0,13.2
1836,183.6,3,0,0.0,13.19
1837,183.7,3,0,0.0,13.23
1838,183.8,3,0,0.0,13.25
1839,183.9,3,0,0.0,13.2
1840,184.0,3,0,0.0,13.25
1841,184.1,3,0,0.0,13.19
1842,184.2,3,0,0.0,13.19
1843,184.3,3,0,0.0,13.2
1844,184.4,4,0,0.0,13.43
1845,184.5,4,0,0.0,13.43
1846,184.6,4,0,0.0,13.41
1847,184.7,4,0,0.0,13.38
1848,184.8,4,0,0.0,13.39
1849,184.9,4,0,0.0,13.38
1850,185.0,3,1,0.0,13.22
1851,185.1,3,0,0.0,13.24
1852,185.2,3,0,0.0,13.25
1853,185.3,3,0,0.0,13.19
1854,185.4,3,0,0.0,13.21
1855,185.5,3,0,0.0,13.27
1856,185.6,3,0,0.0,13.2
1857,185.7,2,1,0.0,13.19
1858,185.8,2,0,0.0,13.09
1859,185.9,2,0,0.0,13.2
1860,186.0,2,0,0.0,13.14
1861,186.1,2,0,0.0,13.13
1862,186.2,2,0,0.0,13.17
1863,186.3,1,1,0.0,12.34
1864,186.4,1,0,0.0,12.33
1865,186.5,1,0,0.0,12.34
1866,186.6,1,0,0.0,12.41
1867,186.7,1,0,0.0,12.32
1868,186.8,1,0,0.0,12.31
1869,186.9,1,0,0.0,12.38
1870,187.0,1,0,0.0,12.35
1871,187.1,1,0,0.0,12.38
1872,187.2,1,0,0.0,12.4
1873,187.3,1,0,0.0,12.36
1874,187.4,1,0,0.0,12.37
1875,187.5,2,0,0.0,13.15
1876,187.6,2,0,0.0,13.19
1877,187.7,2,0,0.0,13.09
1878,187.8,2,0,0.0,13.14
1879,187.9,2,0,0.0,13.17
1880,188.0,2,0,0.0,13.1
1881,188.1,2,0,0.0,13.12
1882,188.2,2,0,0.0,13.17
1883,188.3,2,0,0.0,13.16
1884,188.4,2,0,0.0,13.17
1885,188.5,2,0,0.0,13.16
1886,188.6,2,0,0.0,13.11
1887,188.7,2,0,0.0,13.17
1888,188.8,2,0,0.0,13.15
1889,188.9,2,0,0.0,13.12
1890,189.0,2,0,0.0,13.12
1891,189.1,2,0,0.0,13.15
1892,189.2,2,0,0.0,13.11
1893,189.3,2,0,0.0,13.16
1894,189.4,3,0,0.0,13.42
1895,189.5,3,0,0.0,13.4
1896,189.6,3,0,0.0,13.45
1897,189.7,3,0,0.0,13.43
1898,189.8,3,0,0.0,13.38
1899,189.9,3,0,0.0,13.39
1900,190.0,2,1,0.0,13.1
1901,190.1,2,0,0.0,13.14
1902,190.2,2,0,0.0,13.14
1903,190.3,2,0,0.0,13.2
1904,190.4,2,0,0.0,13.13
1905,190.5,2,0,0.0,13.11
1906,190.6,2,0,0.0,13.19
1907,190.7,2,0,0.0,13.13
1908,190.8,2,0,0.0,13.1
1909,190.9,2,0,0.0,13.16
1910,191.0,2,0,0.0,13.15
1911,191.1,2,0,0.0,13.14
1912,191.2,2,0,0.0,13.12
1913,191.3,2,0,0.0,13.14
1914,191.4,2,0,0.0,13.14
1915,191.5,3,0,0.0,13.19
1916,191.6,3,0,0.0,13.22
1917,191.7,3,0,0.0,13.18
1918,191.8,3,0,0.0,13.18
1919,191.9,3,0,0.0,13.19
1920,192.0,3,0,0.0,13.19
1921,192.1,2,1,0.0,13.6
1922,192.2,2,0,0.0,13.6
1923,192.3,2,0,0.0,13.57
1924,192.4,2,0,0.0,13.56
1925,192.5,2,0,0.0,13.6
1926,192.6,2,0,0.0,13.57
1927,192.7,2,0,0.0,13.64
1928,192.8,2,0,0.0,13.61
1929,192.9,2,0,0.0,13.59
1930,193.0,2,0,0.0,13.59
1931,193.1,2,0,0.0,13.64
1932,193.2,3,0,0.0,13.35
1933,193.3,3,0,0.0,13.33
1934,193.4,3,0,0.0,13.35
1935,193.5,3,0,0.0,13.35
1936,193.6,3,0,0.0,13.31
1937,193.7,3,0,0.0,13.32
1938,193.8,3,0,0.0,13.37
1939,193.9,3,0,0.0,13.31
1940,194.0,3,0,0.0,13.35
1941,194.1,3,0,0.0,13.33
1942,194.2,3,0,0.0,13.33
1943,194.3,4,0,0.0,13.03
1944,194.4,4,0,0.0,13.0
1945,194.5,4,0,0.0,13.0
1946,194.6,4,0,0.0,12.98
1947,194.7,4,0,0.0,13.0
1948,194.8,4,0,0.0,12.98
1949,194.9,3,1,0.0,13.31
1950,195.0,3,0,0.0,13.3
1951,195.1,2,1,0.0,13.4
1952,195.2,2,0,0.0,13.35
1953,195.3,2,0,0.0,13.35
1954,195.4,2,0,0.0,13.4
1955,195.5,2,0,0.0,13.4
1956,195.6,2,0,0.0,13.36
1957,195.7,2,0,0.0,13.35
1958,195.8,2,0,0.0,13.36
1959,195.9,2,0,0.0,13.36
1960,196.0,2,0,0.0,13.43
1961,196.1,2,0,0.0,13.38
1962,196.2,2,0,0.0,13.32
1963,196.3,2,0,0.0,13.41
1964,196.4,2,0,0.0,13.39
1965,196.5,2,0,0.0,13.38
1966,196.6,2,0,0.0,13.41
1967,196.7,1,1,0.0,12.84
1968,196.8,1,0,0.0,12.8
1969,196.9,1,0,0.0,12.83
1970,197.0,1,0,0.0,12.77
1971,197.1,1,0,0.0,12.81
1972,197.2,1,0,0.0,12.77
1973,197.3,1,0,0.0,12.85
1974,197.4,1,0,0.0,12.88
1975,197.5,1,0,0.0,12.84
1976,197.6,1,0,0.0,12.86
1977,197.7,1,0,0.0,12.78
1978,197.8,1,0,0.0,12.77
1979,197.9,1,0,0.0,12.76
1980,198.0,1,0,0.0,12.77
1981,198.1,1,0,0.0,12.84
1982,198.2,1,0,0.0,12.79
1983,198.3,1,0,0.0,12.88
1984,198.4,1,0,0.0,12.82
1985,198.5,1,0,0.0,12.79
1986,198.6,2,0,0.0,11.39
1987,198.7,2,0,0.0,11.37
1988,198.8,1,1,0.0,12.81
1989,198.9,2,0,0.0,13.41
1990,199.0,2,0,0.0,13.33
1991,199.1,2,0,0.0,13.38
1992,199.2,2,0,0.0,13.35
1993,199.3,3,0,0.0,13.59
1994,199.4,3,0,0.0,13.57
1995,199.5,3,0,0.0,13.53
1996,199.6,3,0,0.0,13.57
1997,199.7,3,0,0.0,13.56
1998,199.8,3,0,0.0,13.54
1999,199.9,2,1,0.0,13.38
2000,200.0,2,0,0.0,13.4
2001,200.1,3,0,0.0,12.24
2002,200.2,3,0,0.0,12.25
2003,200.3,3,0,0.0,12.23
2004,200.4,3,0,0.0,12.24
2005,200.5,3,0,0.0,12.26
2006,200.6,3,0,0.0,12.25
2007,200.7,3,0,0.0,12.24
2008,200.8,3,0,0.0,12.23
2009,200.9,4,0,0.0,10.83
2010,201.0,4,0,0.0,10.86
2011,201.1,4,0,0.0,10.9
2012,201.2,4,0,0.0,10.93
2013,201.3,4,0,0.0,10.98
2014,201.4,4,0,0.0,11.0
2015,201.5,4,0,0.0,11.0
2016,201.6,4,0,0.0,11.02
2017,201.7,4,0,0.0,11.01
2018,201.8,4,0,0.0,11.05
2019,201.9,4,0,0.0,11.1
2020,202.0,4,0,0.0,11.1
2021,202.1,4,0,0.0,11.15
2022,202.2,4,0,0.0,11.16
2023,202.3,4,0,0.0,11.16
2024,202.4,4,0,0.0,11.2
2025,202.5,4,0,0.0,11.23
2026,202.6,4,0,0.0,11.23
2027,202.7,4,0,0.0,11.22
2028,202.8,4,0,0.0,11.23
2029,202.9,4,0,0.0,11.26
2030,203.0,4,0,0.0,11.3
2031,203.1,4,0,0.0,11.31
2032,203.2,3,1,0.0,10.82
2033,203.3,3,0,0.0,10.83
2034,203.4,3,0,0.0,10.84
2035,203.5,3,0,0.0,10.85
2036,203.6,3,0,0.0,10.91
2037,203.7,3,0,0.0,10.9
2038,203.8,3,0,0.0,10.9
2039,203.9,3,0,0.0,10.93
2040,204.0,3,0,0.0,10.93
2041,204.1,3,0,0.0,10.94
2042,204.2,3,0,0.0,10.96
2043,204.3,4,0,0.0,11.72
2044,204.4,3,1,0.0,12.31
2045,204.5,3,0,0.0,12.41
2046,204.6,4,0,0.0,12.78
2047,204.7,4,0,0.0,12.8
2048,204.8,4,0,0.0,12.83
2049,204.9,3,1,0.0,12.59
2050,205.0,3,0,0.0,12.63
2051,205.1,3,0,0.0,12.73
2052,205.2,3,0,0.0,12.78
2053,205.3,3,0,0.0,12.86
2054,205.4,3,0,0.0,12.93
2055,205.5,3,0,0.0,12.98
2056,205.6,3,0,0.0,13.07
2057,205.7,3,0,0.0,13.13
2058,205.8,3,0,0.0,13.23
2059,205.9,3,0,0.0,13.28
2060,206.0,3,0,0.0,13.33
2061,206.1,3,0,0.0,13.42
2062,206.2,2,1,0.0,13.79
2063,206.3,2,0,0.0,13.83
2064,206.4,2,0,0.0,13.79
2065,206.5,2,0,0.0,13.78
2066,206.6,2,0,0.0,13.8
2067,206.7,2,0,0.0,13.84
2068,206.8,2,0,0.0,13.83
2069,206.9,2,0,0.0,13.8
2070,207.0,2,0,0.0,13.8
2071,207.1,2,0,0.0,13.83
2072,207.2,2,0,0.0,13.78
2073,207.3,2,0,0.0,13.85
2074,207.4,2,0,0.0,13.8
2075,207.5,2,0,0.0,13.77
2076,207.6,2,0,0.0,13.81
2077,207.7,2,0,0.0,13.8
2078,207.8,2,0,0.0,13.85
2079,207.9,2,0,0.0,13.81
2080,208.0,2,0,0.0,13.82
2081,208.1,1,1,0.0,13.71
2082,208.2,1,0,0.0,13.7
2083,208.3,1,0,0.0,13.69
2084,208.4,1,0,0.0,13.76
2085,208.5,1,0,0.0,13.65
2086,208.6,1,0,0.0,13.72
2087,208.7,1,0,0.0,13.74
2088,208.8,1,0,0.0,13.67
2089,208.9,2,0,0.0,13.88
2090,209.0,2,0,0.0,13.84
2091,209.1,2,0,0.0,13.81
2092,209.2,2,0,0.0,13.82
2093,209.3,3,0,0.0,13.58
2094,209.4,4,0,0.0,12.69
2095,209.5,4,0,0.0,12.66
2096,209.6,4,0,0.0,12.65
2097,209.7,4,0,0.0,12.65
2098,209.8,4,0,0.0,12.67
2099,209.9,3,1,0.0,12.57
2100,210.0,3,0,0.0,12.51
2101,210.1,3,0,0.0,12.53
2102,210.2,4,0,0.0,11.09
2103,210.3,4,0,0.0,11.09
2104,210.4,4,0,0.0,11.12
2105,210.5,4,0,0.0,11.12
2106,210.6,4,0,0.0,11.18
2107,210.7,4,0,0.0,11.19
2108,210.8,4,0,0.0,11.21
2109,210.9,4,0,0.0,11.27
2110,211.0,4,0,0.0,11.29
2111,211.1,4,0,0.0,11.36
2112,211.2,4,0,0.0,11.32
2113,211.3,4,0,0.0,11.34
2114,211.4,4,0,0.0,11.36
2115,211.5,4,0,0.0,11.37
2116,211.6,4,0,0.0,11.44
2117,211.7,4,0,0.0,11.41
2118,211.8,4,0,0.0,11.43
2119,211.9,4,0,0.0,11.45
2120,212.0,4,0,0.0,11.47
2121,212.1,4,0,0.0,11.46
2122,212.2,4,0,0.0,11.51
2123,212.3,4,0,0.0,11.5
2124,212.4,3,1,0.0,10.75
2125,212.5,3,0,0.0,10.79
2126,212.6,3,0,0.0,10.77
2127,212.7,3,0,0.0,10.77
2128,212.8,3,0,0.0,10.79
2129,212.9,3,0,0.0,10.79
2130,213.0,3,0,0.0,10.77
2131,213.1,3,0,0.0,10.83
2132,213.2,3,0,0.0,10.82
2133,213.3,3,0,0.0,10.88
2134,213.4,3,0,0.0,10.86
2135,213.5,3,0,0.0,10.9
2136,213.6,3,0,0.0,10.89
2137,213.7,3,0,0.0,10.89
2138,213.8,3,0,0.0,10.93
2139,213.9,2,1,0.0,9.53
2140,214.0,2,0,0.0,9.53
2141,214.1,2,0,0.0,9.53
2142,214.2,3,0,0.0,11.05
2143,214.3,3,0,0.0,11.04
2144,214.4,3,0,0.0,11.02
2145,214.5,3,0,0.0,11.08
2146,214.6,3,0,0.0,11.06
2147,214.7,3,0,0.0,11.03
2148,214.8,2,1,0.0,9.64
2149,214.9,2,0,0.0,9.66
2150,215.0,2,0,0.0,9.69
2151,215.1,2,0,0.0,9.72
2152,215.2,2,0,0.0,9.65
2153,215.3,2,0,0.0,9.72
2154,215.4,2,0,0.0,9.69
2155,215.5,2,0,0.0,9.72
2156,215.6,2,0,0.0,9.76
2157,215.7,2,0,0.0,9.77
2158,215.8,2,0,0.0,9.75
2159,215.9,3,0,0.0,11.17
2160,216.0,3,0,0.0,11.13
2161,216.1,3,0,0.0,11.15
2162,216.2,3,0,0.0,11.17
2163,216.3,3,0,0.0,11.18
2164,216.4,3,0,0.0,11.18
2165,216.5,3,0,0.0,11.2
2166,216.6,3,0,0.0,11.17
2167,216.7,3,0,0.0,11.16
2168,216.8,3,0,0.0,11.16
2169,216.9,3,0,0.0,11.16
2170,217.0,3,0,0.0,11.19
2171,217.1,3,0,0.0,11.2
2172,217.2,3,0,0.0,11.17
2173,217.3,3,0,0.0,11.18
2174,217.4,3,0,0.0,11.22
2175,217.5,4,0,0.0,11.91
2176,217.6,4,0,0.0,11.87
2177,217.7,4,0,0.0,11.9
2178,217.8,4,0,0.0,11.91
2179,217.9,4,0,0.0,11.9
2180,218.0,4,0,0.0,11.9
2181,218.1,4,0,0.0,11.88
2182,218.2,4,0,0.0,11.9
2183,218.3,4,0,0.0,11.89
2184,218.4,4,0,0.0,11.88
2185,218.5,4,0,0.0,11.89
2186,218.6,4,0,0.0,11.94
2187,218.7,4,0,0.0,11.93
2188,218.8,4,0,0.0,11.89
2189,218.9,4,0,0.0,11.91
2190,219.0,4,0,0.0,11.93
2191,219.1,4,0,0.0,11.93
2192,219.2,5,0,0.0,12.32
2193,219.3,5,0,0.0,12.32
2194,219.4,5,0,0.0,12.35
2195,219.5,5,0,0.0,12.29
2196,219.6,5,0,0.0,12.31
2197,219.7,5,0,0.0,12.33
2198,219.8,4,1,0.0,11.89
2199,219.9,4,0,0.0,11.93
2200,220.0,4,0,0.0,11.94
2201,220.1,4,0,0.0,11.92
2202,220.2,4,0,0.0,11.88
2203,220.3,4,0,0.0,11.86
2204,220.4,4,0,0.0,11.86
2205,220.5,4,0,0.0,11.85
2206,220.6,4,0,0.0,11.79
2207,220.7,4,0,0.0,11.78
2208,220.8,4,0,0.0,11.77
2209,220.9,4,0,0.0,11.74
2210,221.0,3,1,0.0,10.96
2211,221.1,3,0,0.0,10.98
2212,221.2,3,0,0.0,10.93
2213,221.3,3,0,0.0,10.95
2214,221.4,3,0,0.0,10.88
2215,221.5,3,0,0.0,10.86
2216,221.6,3,1,0.0,11.34
2217,221.7,3,0,0.0,11.35
2218,221.8,3,0,0.0,11.41
2219,221.9,3,0,0.0,11.49
2220,222.0,3,0,0.0,11.59
2221,222.1,3,0,0.0,11.75
2222,222.2,3,0,0.0,11.82
2223,222.3,3,0,0.0,11.96
2224,222.4,3,0,0.0,12.06
2225,222.5,3,0,0.0,12.19
2226,222.6,3,0,0.0,12.3
2227,222.7,3,0,0.0,12.41
2228,222.8,3,0,0.0,12.55
2229,222.9,3,0,0.0,12.65
2230,223.0,3,0,0.0,12.77
2231,223.1,3,0,0.0,12.83
2232,223.2,3,0,0.0,12.91
2233,223.3,3,0,0.0,12.95
2234,223.4,3,0,0.0,13.02
2235,223.5,2,1,0.0,12.64
2236,223.6,2,0,0.0,12.67
2237,223.7,2,0,0.0,12.64
2238,223.8,2,0,0.0,12.67
2239,223.9,2,0,0.0,12.62
2240,224.0,2,0,0.0,12.62
2241,224.1,2,0,0.0,12.62
2242,224.2,3,0,0.0,13.1
2243,224.3,3,0,0.0,13.03
2244,224.4,3,0,0.0,13.08
2245,224.5,3,0,0.0,13.06
2246,224.6,3,0,0.0,13.11
2247,224.7,3,0,0.0,13.07
2248,224.8,2,1,0.0,12.62
2249,224.9,2,0,0.0,12.69
2250,225.0,2,0,0.0,12.63
2251,225.1,2,0,0.0,12.63
2252,225.2,1,1,0.0,11.41
2253,225.3,1,0,0.0,11.38
2254,225.4,1,0,0.0,11.32
2255,225.5,1,0,0.0,11.38
2256,225.6,1,0,0.0,11.31
2257,225.7,1,0,0.0,11.36
2258,225.8,1,0,0.0,11.32
2259,225.9,1,0,0.0,11.37
2260,226.0,1,0,0.0,11.31
2261,226.1,1,0,0.0,11.29
2262,226.2,2,0,0.0,12.68
2263,226.3,2,0,0.0,12.6
2264,226.4,2,0,0.0,12.63
2265,226.5,2,0,0.0,12.68
2266,226.6,2,0,0.0,12.64
2267,226.7,2,0,0.0,12.64
2268,226.8,2,0,0.0,12.7
2269,226.9,3,0,0.0,11.77
2270,227.0,3,0,0.0,11.72
2271,227.1,2,1,0.0,12.59
2272,227.2,2,0,0.0,12.63
2273,227.3,3,0,0.0,13.1
2274,227.4,3,0,0.0,13.09
2275,227.5,3,0,0.0,13.05
2276,227.6,3,0,0.0,13.09
2277,227.7,3,0,0.0,13.05
2278,227.8,3,0,0.0,13.07
2279,227.9,3,0,0.0,13.08
2280,228.0,3,0,0.0,13.08
2281,228.1,3,0,0.0,13.09
2282,228.2,3,0,0.0,13.1
2283,228.3,3,0,0.0,13.08
2284,228.4,3,0,0.0,13.06
2285,228.5,3,0,0.0,13.08
2286,228.6,3,0,0.0,13.09
2287,228.7,3,0,0.0,13.05
2288,228.8,3,0,0.0,13.05
2289,228.9,3,0,0.0,13.09
2290,229.0,3,0,0.0,13.04
2291,229.1,3,0,0.0,13.1
2292,229.2,4,0,0.0,13.18
2293,229.3,4,0,0.0,13.12
2294,229.4,4,0,0.0,13.12
2295,229.5,4,0,0.0,13.15
2296,229.6,4,0,0.0,13.09
2297,229.7,3,1,0.0,12.86
2298,229.8,2,1,0.0,12.63
2299,229.9,2,0,0.0,12.63
2300,230.0,2,0,0.0,12.65
2301,230.1,2,0,0.0,12.63
2302,230.2,2,0,0.0,12.64
2303,230.3,2,0,0.0,12.66
2304,230.4,2,0,0.0,12.64
2305,230.5,2,0,0.0,12.67
2306,230.6,2,0,0.0,12.63
2307,230.7,2,0,0.0,12.62
2308,230.8,2,0,0.0,12.66
2309,230.9,2,0,0.0,12.6
2310,231.0,2,0,0.0,12.67
2311,231.1,2,0,0.0,12.67
2312,231.2,2,0,0.0,12.65
2313,231.3,2,0,0.0,12.63
2314,231.4,2,0,0.0,12.66
2315,231.5,2,0,0.0,12.66
2316,231.6,2,0,0.0,12.62
2317,231.7,2,0,0.0,12.62
2318,231.8,2,0,0.0,12.66
2319,231.9,2,0,0.0,12.63
2320,232.0,2,0,0.0,12.62
2321,232.1,2,0,0.0,12.7
2322,232.2,2,0,0.0,12.66
2323,232.3,2,0,0.0,12.67
2324,232.4,2,0,0.0,12.64
2325,232.5,2,0,0.0,12.65
2326,232.6,2,0,0.0,12.64
2327,232.7,2,0,0.0,12.63
2328,232.8,1,1,0.0,13.95
2329,232.9,2,0,0.0,13.97
2330,233.0,2,0,0.0,13.98
2331,233.1,2,0,0.0,13.93
2332,233.2,2,0,0.0,13.92
2333,233.3,2,0,0.0,13.96
2334,233.4,2,0,0.0,13.89
2335,233.5,2,0,0.0,13.9
2336,233.6,2,0,0.0,13.94
2337,233.7,2,0,0.0,13.89
2338,233.8,2,0,0.0,13.92
2339,233.9,2,0,0.0,13.94
2340,234.0,2,0,0.0,13.94
2341,234.1,2,0,0.0,13.96
2342,234.2,3,0,0.0,13.95
2343,234.3,3,0,0.0,13.97
2344,234.4,3,0,0.0,13.94
2345,234.5,3,0,0.0,13.93
2346,234.6,3,0,0.0,13.92
2347,234.7,3,0,0.0,13.92
2348,234.8,2,1,0.0,13.94
2349,234.9,3,0,0.0,13.93
2350,235.0,3,0,0.0,13.93
2351,235.1,3,0,0.0,13.97
2352,235.2,3,0,0.0,13.93
2353,235.3,3,0,0.0,13.96
2354,235.4,3,0,0.0,13.96
2355,235.5,3,0,0.0,13.91
2356,235.6,3,0,0.0,13.94
2357,235.7,3,0,0.0,13.92
2358,235.8,3,0,0.0,13.99
2359,235.9,3,0,0.0,13.93
2360,236.0,3,0,0.0,13.92
2361,236.1,3,0,0.0,13.97
2362,236.2,3,0,0.0,13.95
2363,236.3,3,0,0.0,13.95
2364,236.4,3,0,0.0,13.96
2365,236.5,2,1,0.0,13.92
2366,236.6,2,0,0.0,13.89
2367,236.7,2,0,0.0,13.92
2368,236.8,2,0,0.0,13.95
2369,236.9,2,0,0.0,13.97
2370,237.0,2,0,0.0,13.95
2371,237.1,2,0,0.0,13.94
2372,237.2,2,0,0.0,13.99
2373,237.3,2,0,0.0,13.9
2374,237.4,2,0,0.0,13.93
2375,237.5,2,0,0.0,13.92
2376,237.6,2,0,0.0,13.92
2377,237.7,2,0,0.0,13.94
2378,237.8,2,0,0.0,13.9
2379,237.9,2,0,0.0,13.95
2380,238.0,2,0,0.0,13.97
2381,238.1,2,0,0.0,13.94
2382,238.2,2,0,0.0,13.9
2383,238.3,2,0,0.0,13.94
2384,238.4,1,1,0.0,13.87
2385,238.5,1,0,0.0,13.98
2386,238.6,2,0,0.0,13.99
2387,238.7,2,0,0.0,13.92
2388,238.8,2,0,0.0,13.93
2389,238.9,2,0,0.0,13.92
2390,239.0,2,0,0.0,13.94
2391,239.1,3,0,0.0,13.96
2392,239.2,3,0,0.0,13.93
2393,239.3,3,0,0.0,13.95
2394,239.4,3,0,0.0,13.98
2395,239.5,3,0,0.0,13.95
2396,239.6,3,0,0.0,13.97
2397,239.7,2,1,0.0,13.93
2398,239.8,2,0,0.0,13.92
2399,239.9,2,0,0.0,13.93
2400,240.0,2,0,0.0,13.95
2401,240.1,2,0,0.0,13.94
2402,240.2,2,0,0.0,13.93
2403,240.3,2,0,0.0,13.97
2404,240.4,2,0,0.0,13.95
2405,240.5,2,0,0.0,13.95
2406,240.6,2,0,0.0,13.96
2407,240.7,2,0,0.0,13.89
2408,240.8,2,0,0.0,13.94
2409,240.9,2,0,0.0,13.94
2410,241.0,2,0,0.0,13.97
2411,241.1,2,0,0.0,13.88
2412,241.2,2,0,0.0,13.97
2413,241.3,2,0,0.0,13.91
2414,241.4,2,0,0.0,13.96
2415,241.5,2,0,0.0,13.93
2416,241.6,2,0,0.0,13.94
2417,241.7,2,0,0.0,13.93
2418,241.8,2,0,0.0,13.94
2419,241.9,2,0,0.0,13.95
2420,242.0,2,0,0.0,13.94
2421,242.1,1,1,0.0,13.98
2422,242.2,1,0,0.0,13.98
2423,242.3,1,0,0.0,13.98
2424,242.4,1,0,0.0,13.93
2425,242.5,1,0,0.0,13.92
2426,242.6,1,0,0.0,13.91
2427,242.7,1,0,0.0,13.89
2428,242.8,1,0,0.0,13.99
2429,242.9,1,0,0.0,13.99
2430,243.0,1,0,0.0,13.98
2431,243.1,1,0,0.0,13.9
2432,243.2,1,0,0.0,13.88
2433,243.3,1,0,0.0,13.9
2434,243.4,1,0,0.0,13.95
2435,243.5,1,0,0.0,13.89
2436,243.6,2,0,0.0,13.94
2437,243.7,2,0,0.0,13.94
2438,243.8,2,0,0.0,13.91
2439,243.9,2,0,0.0,13.9
2440,244.0,2,0,0.0,13.94
2441,244.1,3,0,0.0,13.67
2442,244.2,3,0,0.0,13.63
2443,244.3,4,0,0.0,13.73
2444,244.4,4,0,0.0,13.73
2445,244.5,4,0,0.0,13.73
2446,244.6,4,0,0.0,13.73
2447,244.7,3,1,0.0,13.92
2448,244.8,3,0,0.0,13.89
2449,244.9,3,0,0.0,13.91
2450,245.0,3,0,0.0,13.92
2451,245.1,3,0,0.0,13.92
2452,245.2,3,0,0.0,13.95
2453,245.3,3,0,0.0,13.92
2454,245.4,3,0,0.0,13.94
2455,245.5,3,0,0.0,13.92
2456,245.6,3,0,0.0,13.94
2457,245.7,3,0,0.0,13.92
2458,245.8,3,0,0.0,13.92
2459,245.9,3,0,0.0,13.93
2460,246.0,3,0,0.0,13.97
2461,246.1,3,0,0.0,13.89
2462,246.2,3,0,0.0,13.89
2463,246.3,3,0,0.0,13.93
2464,246.4,3,0,0.0,13.93
2465,246.5,3,0,0.0,13.92
2466,246.6,3,0,0.0,13.89
2467,246.7,3,0,0.0,13.9
2468,246.8,3,0,0.0,13.9
2469,246.9,3,0,0.0,13.91
2470,247.0,3,0,0.0,13.89
2471,247.1,2,1,0.0,13.95
2472,247.2,2,0,0.0,13.97
2473,247.3,2,0,0.0,13.92
2474,247.4,2,0,0.0,13.93
2475,247.5,2,0,0.0,13.91
2476,247.6,2,0,0.0,13.94
2477,247.7,2,0,0.0,13.94
2478,247.8,1,1,0.0,13.99
2479,247.9,1,0,0.0,13.99
2480,248.0,1,0,0.0,13.91
2481,248.1,1,0,0.0,14.0
2482,248.2,1,0,0.0,13.99
2483,248.3,1,0,0.0,13.94
2484,248.4,1,0,0.0,13.9
2485,248.5,1,0,0.0,13.97
2486,248.6,1,0,0.0,13.9
2487,248.7,1,0,0.0,13.94
2488,248.8,1,0,0.0,13.96
2489,248.9,1,0,0.0,13.88
2490,249.0,1,0,0.0,13.98
2491,249.1,2,0,0.0,13.99
2492,249.2,2,0,0.0,13.94
2493,249.3,2,0,0.0,13.96
2494,249.4,2,0,0.0,13.98
2495,249.5,2,0,0.0,13.92
2496,249.6,2,0,0.0,13.92
2497,249.7,1,1,0.0,13.9
2498,249.8,1,0,0.0,13.89
2499,249.9,1,0,0.0,13.96
2500,250.0,2,0,0.0,13.48
2501,250.1,2,0,0.0,13.42
2502,250.2,2,0,0.0,13.46
2503,250.3,2,0,0.0,13.45
2504,250.4,2,0,0.0,13.47
2505,250.5,2,0,0.0,13.42
2506,250.6,2,0,0.0,13.44
2507,250.7,2,0,0.0,13.47
2508,250.8,2,0,0.0,13.44
2509,250.9,2,0,0.0,13.46
2510,251.0,2,0,0.0,13.41
2511,251.1,2,0,0.0,13.4
2512,251.2,2,0,0.0,13.48
2513,251.3,3,0,0.0,12.31
2514,251.4,3,0,0.0,12.26
2515,251.5,3,0,0.0,12.27
2516,251.6,3,0,0.0,12.31
2517,251.7,3,0,0.0,12.3
2518,251.8,3,0,0.0,12.28
2519,251.9,3,0,0.0,12.29
2520,252.0,3,0,0.0,12.26
2521,252.1,3,0,0.0,12.27
2522,252.2,3,0,0.0,12.27
2523,252.3,4,0,0.0,11.79
2524,252.4,4,0,0.0,11.77
2525,252.5,4,0,0.0,11.75
2526,252.6,4,0,0.0,11.74
2527,252.7,4,0,0.0,11.74
2528,252.8,4,0,0.0,11.73
2529,252.9,4,0,0.0,11.76
2530,253.0,4,0,0.0,11.73
2531,253.1,4,0,0.0,11.77
2532,253.2,4,0,0.0,11.75
2533,253.3,4,0,0.0,11.75
2534,253.4,4,0,0.0,11.77
2535,253.5,3,1,0.0,10.97
2536,253.6,3,0,0.0,11.02
2537,253.7,3,0,0.0,10.99
2538,253.8,3,0,0.0,11.01
2539,253.9,3,0,0.0,11.0
2540,254.0,3,0,0.0,10.99
2541,254.1,4,0,0.0,11.76
2542,254.2,4,0,0.0,11.72
2543,254.3,4,0,0.0,11.73
2544,254.4,4,0,0.0,11.75
2545,254.5,4,0,0.0,11.76
2546,254.6,4,0,0.0,11.76
2547,254.7,3,1,0.0,11.01
2548,254.8,3,0,0.0,11.04
2549,254.9,3,0,0.0,11.0
2550,255.0,3,0,0.0,11.03
2551,255.1,3,0,0.0,11.03
2552,255.2,3,0,0.0,11.01
2553,255.3,4,0,0.0,10.76
2554,255.4,4,0,0.0,10.74
2555,255.5,3,1,0.0,11.05
2556,255.6,3,0,0.0,11.02
2557,255.7,4,0,0.0,11.74
2558,255.8,4,0,0.0,11.73
2559,255.9,4,0,0.0,11.74
2560,256.0,4,0,0.0,11.71
2561,256.1,4,0,0.0,11.73
2562,256.2,4,0,0.0,11.72
2563,256.3,4,0,0.0,11.71
2564,256.4,4,0,0.0,11.73
2565,256.5,4,0,0.0,11.72
2566,256.6,4,0,0.0,11.73
2567,256.7,4,0,0.0,11.71
2568,256.8,4,0,0.0,11.73
2569,256.9,4,0,0.0,11.74
2570,257.0,3,1,0.0,12.24
2571,257.1,3,0,0.0,12.25
2572,257.2,3,0,0.0,12.28
2573,257.3,3,0,0.0,12.26
2574,257.4,3,0,0.0,12.25
2575,257.5,3,0,0.0,12.27
2576,257.6,3,0,0.0,12.26
2577,257.7,3,0,0.0,12.28
2578,257.8,3,0,0.0,12.24
2579,257.9,3,0,0.0,12.29
2580,258.0,3,0,0.0,12.26
2581,258.1,3,0,0.0,12.28
2582,258.2,3,0,0.0,12.24
2583,258.3,3,0,0.0,12.25
2584,258.4,3,0,0.0,12.25
2585,258.5,3,0,0.0,12.28
2586,258.6,3,0,0.0,12.26
2587,258.7,3,0,0.0,12.27
2588,258.8,3,0,0.0,12.27
2589,258.9,3,0,0.0,12.25
2590,259.0,3,0,0.0,12.25
2591,259.1,4,0,0.0,12.53
2592,259.2,4,0,0.0,12.49
2593,259.3,4,0,0.0,12.49
2594,259.4,4,0,0.0,12.47
2595,259.5,4,0,0.0,12.42
2596,259.6,4,0,0.0,12.43
2597,259.7,3,1,0.0,12.07
2598,259.8,3,0,0.0,12.04
2599,259.9,2,1,0.0,11.56
2600,260.0,2,0,0.0,11.51
2601,260.1,2,0,0.0,11.48
2602,260.2,2,0,0.0,11.41
2603,260.3,2,0,0.0,11.39
2604,260.4,2,0,0.0,11.31
2605,260.5,2,0,0.0,11.29
2606,260.6,2,0,0.0,11.23
2607,260.7,2,0,0.0,11.23
2608,260.8,2,0,0.0,11.22
2609,260.9,2,0,0.0,11.17
2610,261.0,3,0,0.0,12.07
2611,261.1,3,0,0.0,12.03
2612,261.2,3,0,0.0,12.04
2613,261.3,4,0,0.0,12.38
2614,261.4,4,0,0.0,12.33
2615,261.5,4,0,0.0,12.33
2616,261.6,4,0,0.0,12.29
2617,261.7,4,0,0.0,12.28
2618,261.8,4,0,0.0,12.27
2619,261.9,4,0,0.0,12.28
2620,262.0,4,0,0.0,12.23
2621,262.1,4,0,0.0,12.24
2622,262.2,4,0,0.0,12.24
2623,262.3,4,0,0.0,12.22
2624,262.4,4,0,0.0,12.18
2625,262.5,4,0,0.0,12.16
2626,262.6,4,0,0.0,12.18
2627,262.7,4,0,0.0,12.17
2628,262.8,4,0,0.0,12.15
2629,262.9,4,0,0.0,12.15
2630,263.0,4,0,0.0,12.12
2631,263.1,4,0,0.0,12.08
2632,263.2,4,0,0.0,12.1
2633,263.3,4,0,0.0,12.1
2634,263.4,4,0,0.0,12.08
2635,263.5,3,1,0.0,12.76
2636,263.6,3,0,0.0,12.87
2637,263.7,3,0,0.0,12.97
2638,263.8,3,0,0.0,13.01
2639,263.9,3,0,0.0,13.06
2640,264.0,4,0,0.0,13.38
2641,264.1,4,0,0.0,13.39
2642,264.2,4,0,0.0,13.46
2643,264.3,4,0,0.0,13.48
2644,264.4,4,0,0.0,13.52
2645,264.5,3,1,0.0,13.49
2646,264.6,2,1,0.0,13.35
2647,264.7,2,0,0.0,13.45
2648,264.8,2,0,0.0,13.56
2649,264.9,2,0,0.0,13.6
2650,265.0,2,0,0.0,13.62
2651,265.1,2,0,0.0,13.55
2652,265.2,2,0,0.0,13.57
2653,265.3,2,0,0.0,13.59
2654,265.4,2,0,0.0,13.58
2655,265.5,2,0,0.0,13.6
2656,265.6,1,1,0.0,13.35
2657,265.7,1,0,0.0,13.29
2658,265.8,1,0,0.0,13.32
2659,265.9,1,0,0.0,13.35
2660,266.0,1,0,0.0,13.31
2661,266.1,1,0,0.0,13.31
2662,266.2,1,0,0.0,13.36
2663,266.3,1,0,0.0,13.35
2664,266.4,1,0,0.0,13.36
2665,266.5,1,0,0.0,13.29
2666,266.6,1,0,0.0,13.35
2667,266.7,1,0,0.0,13.26
2668,266.8,1,0,0.0,13.36
2669,266.9,1,0,0.0,13.33
2670,267.0,2,0,0.0,13.64
2671,267.1,2,0,0.0,13.59
2672,267.2,2,0,0.0,13.66
2673,267.3,2,0,0.0,13.6
2674,267.4,2,0,0.0,13.58
2675,267.5,2,0,0.0,13.62
2676,267.6,2,0,0.0,13.62
2677,267.7,2,0,0.0,13.59
2678,267.8,2,0,0.0,13.61
2679,267.9,2,0,0.0,13.64
2680,268.0,2,0,0.0,13.59
2681,268.1,2,0,0.0,13.65
2682,268.2,2,0,0.0,13.61
2683,268.3,2,0,0.0,13.58
2684,268.4,2,0,0.0,13.6
2685,268.5,2,0,0.0,13.64
2686,268.6,2,0,0.0,13.6
2687,268.7,2,0,0.0,13.64
2688,268.8,2,0,0.0,13.66
2689,268.9,2,0,0.0,13.66
2690,269.0,3,0,0.0,13.39
2691,269.1,3,0,0.0,13.34
2692,269.2,3,0,0.0,13.4
2693,269.3,3,0,0.0,13.4
2694,269.4,3,0,0.0,13.36
2695,269.5,3,0,0.0,13.35
2696,269.6,2,1,0.0,13.64
2697,269.7,3,0,0.0,13.75
2698,269.8,3,0,0.0,13.74
2699,269.9,3,0,0.0,13.73
2700,270.0,3,0,0.0,13.73
2701,270.1,3,0,0.0,13.7
2702,270.2,3,0,0.0,13.75
2703,270.3,3,0,0.0,13.71
2704,270.4,3,0,0.0,13.76
2705,270.5,3,0,0.0,13.71
2706,270.6,3,0,0.0,13.73
2707,270.7,3,0,0.0,13.74
2708,270.8,3,0,0.0,13.75
2709,270.9,2,1,0.0,13.95
2710,271.0,2,0,0.0,13.96
2711,271.1,2,0,0.0,13.91
2712,271.2,2,0,0.0,13.95
2713,271.3,2,0,0.0,13.93
2714,271.4,2,0,0.0,13.98
2715,271.5,2,0,0.0,13.95
2716,271.6,2,0,0.0,13.96
2717,271.7,2,0,0.0,13.93
2718,271.8,2,0,0.0,13.92
2719,271.9,2,0,0.0,13.94
2720,272.0,2,0,0.0,13.95
2721,272.1,2,0,0.0,13.93
2722,272.2,2,0,0.0,13.95
2723,272.3,2,0,0.0,13.93
2724,272.4,2,0,0.0,13.98
2725,272.5,2,0,0.0,13.95
2726,272.6,2,0,0.0,13.96
2727,272.7,3,0,0.0,13.98
2728,272.8,3,0,0.0,13.89
2729,272.9,3,0,0.0,13.97
2730,273.0,3,0,0.0,13.94
2731,273.1,3,0,0.0,13.93
2732,273.2,2,1,0.0,13.98
2733,273.3,2,0,0.0,13.9
2734,273.4,2,0,0.0,13.96
2735,273.5,2,0,0.0,13.9
2736,273.6,2,0,0.0,13.89
2737,273.7,2,0,0.0,13.89
2738,273.8,2,0,0.0,13.94
2739,273.9,2,0,0.0,13.9
2740,274.0,3,0,0.0,13.97
2741,274.1,3,0,0.0,13.9
2742,274.2,3,0,0.0,13.9
2743,274.3,3,0,0.0,13.94
2744,274.4,3,0,0.0,13.97
2745,274.5,3,0,0.0,13.96
2746,274.6,2,1,0.0,13.91
2747,274.7,2,0,0.0,13.98
2748,274.8,2,0,0.0,13.91
2749,274.9,2,0,0.0,13.93
2750,275.0,2,0,0.0,13.93
2751,275.1,2,0,0.0,13.96
2752,275.2,2,0,0.0,13.91
2753,275.3,2,0,0.0,13.93
2754,275.4,2,0,0.0,13.93
2755,275.5,2,0,0.0,13.92
2756,275.6,2,0,0.0,13.98
2757,275.7,2,0,0.0,13.94
2758,275.8,2,0,0.0,13.93
2759,275.9,2,0,0.0,13.97
2760,276.0,2,0,0.0,13.91
2761,276.1,2,0,0.0,13.89
2762,276.2,1,1,0.0,13.94
2763,276.3,1,0,0.0,13.87
2764,276.4,1,0,0.0,13.91
2765,276.5,1,0,0.0,13.95
2766,276.6,1,0,0.0,13.94
2767,276.7,1,0,0.0,13.95
2768,276.8,1,0,0.0,13.94
2769,276.9,1,0,0.0,13.94
2770,277.0,1,0,0.0,13.95
2771,277.1,1,0,0.0,13.97
2772,277.2,1,0,0.0,13.93
2773,277.3,1,0,0.0,13.94
2774,277.4,1,0,0.0,13.99
2775,277.5,1,0,0.0,13.94
2776,277.6,1,0,0.0,13.96
2777,277.7,1,0,0.0,13.9
2778,277.8,1,0,0.0,13.89
2779,277.9,1,0,0.0,13.97
2780,278.0,1,0,0.0,13.88
2781,278.1,1,0,0.0,13.87
2782,278.2,1,0,0.0,13.99
2783,278.3,1,0,0.0,13.88
2784,278.4,3,0,0.0,13.51
2785,278.5,3,0,0.0,13.48
2786,278.6,3,0,0.0,13.53
2787,278.7,3,0,0.0,13.49
2788,278.8,3,0,0.0,13.46
2789,278.9,3,0,0.0,13.44
2790,279.0,4,0,0.0,13.6
2791,279.1,4,0,0.0,13.59
2792,279.2,4,0,0.0,13.61
2793,279.3,4,0,0.0,13.58
2794,279.4,4,0,0.0,13.59
2795,279.5,4,0,0.0,13.62
2796,279.6,3,1,0.0,13.49
2797,279.7,3,0,0.0,13.49
2798,279.8,3,0,0.0,13.49
2799,279.9,3,0,0.0,13.49
2800,280.0,3,0,0.0,13.49
2801,280.1,3,0,0.0,13.49
2802,280.2,3,0,0.0,13.48
2803,280.3,3,0,0.0,13.48
2804,280.4,3,0,0.0,13.51
2805,280.5,3,0,0.0,13.49
2806,280.6,3,0,0.0,13.5
2807,280.7,3,0,0.0,13.46
2808,280.8,3,0,0.0,13.47
2809,280.9,3,0,0.0,13.47
2810,281.0,3,0,0.0,13.49
2811,281.1,3,0,0.0,13.51
2812,281.2,3,0,0.0,13.49
2813,281.3,3,0,0.0,13.45
2814,281.4,3,0,0.0,13.51
2815,281.5,3,0,0.0,13.49
2816,281.6,3,0,0.0,13.5
2817,281.7,3,0,0.0,13.51
2818,281.8,3,0,0.0,13.46
2819,281.9,2,1,0.0,13.27
2820,282.0,2,0,0.0,13.22
2821,282.1,2,0,0.0,13.24
2822,282.2,1,1,0.0,13.92
2823,282.3,1,0,0.0,13.96
2824,282.4,1,0,0.0,13.91
2825,282.5,1,0,0.0,13.99
2826,282.6,1,0,0.0,14.0
2827,282.7,1,0,0.0,13.98
2828,282.8,1,0,0.0,13.99
2829,282.9,1,0,0.0,13.96
2830,283.0,1,0,0.0,13.92
2831,283.1,1,0,0.0,13.94
2832,283.2,1,0,0.0,13.94
2833,283.3,1,0,0.0,13.89
2834,283.4,1,0,0.0,13.99
2835,283.5,1,0,0.0,13.99
2836,283.6,2,0,0.0,11.98
2837,283.7,2,0,0.0,11.96
2838,283.8,1,1,0.0,13.99
2839,283.9,1,0,0.0,13.94
2840,284.0,3,0,0.0,13.91
2841,284.1,3,0,0.0,13.88
2842,284.2,3,0,0.0,13.87
2843,284.3,3,0,0.0,13.89
2844,284.4,3,0,0.0,13.84
2845,284.5,3,0,0.0,13.86
2846,284.6,2,1,0.0,13.81
2847,284.7,2,0,0.0,13.81
2848,284.8,2,0,0.0,13.84
2849,284.9,2,0,0.0,13.83
2850,285.0,2,0,0.0,13.82
2851,285.1,2,0,0.0,13.83
2852,285.2,2,0,0.0,13.87
2853,285.3,2,0,0.0,13.8
2854,285.4,2,0,0.0,13.83
2855,285.5,2,0,0.0,13.79
2856,285.6,2,0,0.0,13.87
2857,285.7,2,0,0.0,13.84
2858,285.8,2,0,0.0,13.84
2859,285.9,2,0,0.0,13.85
2860,286.0,2,0,0.0,13.83
2861,286.1,2,0,0.0,13.84
2862,286.2,2,0,0.0,13.83
2863,286.3,2,0,0.0,13.82
2864,286.4,2,0,0.0,13.81
2865,286.5,2,0,0.0,13.81
2866,286.6,2,0,0.0,13.83
2867,286.7,2,0,0.0,13.84
2868,286.8,2,0,0.0,13.83
2869,286.9,2,0,0.0,13.85
2870,287.0,2,0,0.0,13.79
2871,287.1,3,0,0.0,13.9
2872,287.2,3,0,0.0,13.88
2873,287.3,3,0,0.0,13.87
2874,287.4,3,0,0.0,13.85
2875,287.5,3,0,0.0,13.86
2876,287.6,2,1,0.0,13.84
2877,287.7,2,0,0.0,13.82
2878,287.8,2,0,0.0,13.84
2879,287.9,2,0,0.0,13.83
2880,288.0,2,0,0.0,13.79
2881,288.1,2,0,0.0,13.83
2882,288.2,2,0,0.0,13.83
2883,288.3,2,0,0.0,13.86
2884,288.4,2,0,0.0,13.8
2885,288.5,2,0,0.0,13.85
2886,288.6,2,0,0.0,13.85
2887,288.7,2,0,0.0,13.8
2888,288.8,2,0,0.0,13.83
2889,288.9,3,0,0.0,13.89
2890,289.0,3,0,0.0,13.86
2891,289.1,3,0,0.0,13.86
2892,289.2,3,0,0.0,13.83
2893,289.3,3,0,0.0,13.89
2894,289.4,3,0,0.0,13.86
2895,289.5,2,1,0.0,13.8
2896,289.6,2,0,0.0,13.82
2897,289.7,3,0,0.0,13.46
2898,289.8,3,0,0.0,13.4
2899,289.9,3,0,0.0,13.45
2900,290.0,3,0,0.0,13.42
2901,290.1,3,0,0.0,13.44
2902,290.2,3,0,0.0,13.44
2903,290.3,3,0,0.0,13.44
2904,290.4,3,0,0.0,13.44
2905,290.5,3,0,0.0,13.45
2906,290.6,2,1,0.0,13.13
2907,290.7,2,0,0.0,13.18
2908,290.8,2,0,0.0,13.17
2909,290.9,2,0,0.0,13.19
2910,291.0,2,0,0.0,13.14
2911,291.1,2,0,0.0,13.16
2912,291.2,2,0,0.0,13.2
2913,291.3,2,0,0.0,13.2
2914,291.4,2,0,0.0,13.2
2915,291.5,2,0,0.0,13.19
2916,291.6,2,0,0.0,13.18
2917,291.7,2,0,0.0,13.14
2918,291.8,2,0,0.0,13.21
2919,291.9,2,0,0.0,13.17
2920,292.0,2,0,0.0,13.18
2921,292.1,2,0,0.0,13.12
2922,292.2,2,0,0.0,13.21
2923,292.3,2,0,0.0,13.16
2924,292.4,2,0,0.0,13.17
2925,292.5,2,0,0.0,13.19
2926,292.6,2,0,0.0,13.17
2927,292.7,2,0,0.0,13.23
2928,292.8,2,0,0.0,13.14
2929,292.9,2,0,0.0,13.18
2930,293.0,2,0,0.0,13.21
2931,293.1,2,0,0.0,13.21
2932,293.2,3,0,0.0,12.11
2933,293.3,2,1,0.0,11.33
2934,293.4,2,0,0.0,11.34
2935,293.5,2,0,0.0,11.28
2936,293.6,2,0,0.0,11.27
2937,293.7,2,0,0.0,11.27
2938,293.8,2,0,0.0,11.31
2939,293.9,3,0,0.0,12.21
2940,294.0,3,0,0.0,12.18
2941,294.1,3,0,0.0,12.19
2942,294.2,3,0,0.0,12.19
2943,294.3,3,0,0.0,12.17
2944,294.4,3,0,0.0,12.2
2945,294.5,2,1,0.0,11.28
2946,294.6,2,0,0.0,11.34
2947,294.7,2,0,0.0,11.3
2948,294.8,2,0,0.0,11.32
2949,294.9,2,0,0.0,11.31
2950,295.0,2,0,0.0,11.3
2951,295.1,2,0,0.0,11.28
2952,295.2,2,0,0.0,11.29
2953,295.3,2,0,0.0,11.29
2954,295.4,3,0,0.0,11.35
2955,295.5,3,0,0.0,11.32
2956,295.6,3,0,0.0,11.33
2957,295.7,3,0,0.0,11.31
2958,295.8,4,0,0.0,11.73
2959,295.9,4,0,0.0,11.7
2960,296.0,4,0,0.0,11.71
2961,296.1,4,0,0.0,11.68
2962,296.2,4,0,0.0,11.71
2963,296.3,4,0,0.0,11.66
2964,296.4,4,0,0.0,11.67
2965,296.5,4,0,0.0,11.66
2966,296.6,4,0,0.0,11.63
2967,296.7,4,0,0.0,11.65
2968,296.8,4,0,0.0,11.61
2969,296.9,4,0,0.0,11.63
2970,297.0,4,0,0.0,11.61
2971,297.1,4,0,0.0,11.62
2972,297.2,4,0,0.0,11.6
2973,297.3,4,0,0.0,11.61
2974,297.4,4,0,0.0,11.6
2975,297.5,4,0,0.0,11.6
2976,297.6,4,0,0.0,11.61
2977,297.7,4,0,0.0,11.57
2978,297.8,4,0,0.0,11.56
2979,297.9,4,0,0.0,11.57
2980,298.0,4,0,0.0,11.55
2981,298.1,4,0,0.0,11.55
2982,298.2,4,0,0.0,11.53
2983,298.3,4,0,0.0,11.57
2984,298.4,4,0,0.0,11.53
2985,298.5,4,0,0.0,11.53
2986,298.6,4,0,0.0,11.56
2987,298.7,4,0,0.0,11.52
2988,298.8,4,0,0.0,11.51
2989,298.9,5,0,0.0,12.02
2990,299.0,5,0,0.0,11.98
2991,299.1,5,0,0.0,11.98
2992,299.2,5,0,0.0,11.99
2993,299.3,5,0,0.0,11.95
2994,299.4,5,0,0.0,11.97
2995,299.5,3,2,0.0,11.0
2996,299.6,3,0,0.0,11.0
2997,299.7,3,0,0.0,10.99
2998,299.8,2,1,0.0,10.2
2999,299.9,2,0,0.0,10.16
3000,300.0,2,0,0.0,10.13
3001,300.1,3,0,0.0,10.08
3002,300.2,3,0,0.0,10.06
3003,300.3,3,0,0.0,10.07
3004,300.4,3,0,0.0,10.08
3005,300.5,3,0,0.0,10.09
3006,300.6,3,0,0.0,10.06
3007,300.7,3,0,0.0,10.07
3008,300.8,3,0,0.0,10.07
3009,300.9,3,0,0.0,10.05
3010,301.0,3,0,0.0,10.07
3011,301.1,4,0,0.0,10.63
3012,301.2,4,0,0.0,10.63
3013,301.3,4,0,0.0,10.63
3014,301.4,4,0,0.0,10.63
3015,301.5,4,0,0.0,10.62
3016,301.6,4,0,0.0,10.64
3017,301.7,4,0,0.0,10.62
3018,301.8,4,0,0.0,10.62
3019,301.9,4,0,0.0,10.62
3020,302.0,4,0,0.0,10.63
3021,302.1,4,0,0.0,10.6
3022,302.2,4,0,0.0,10.63
3023,302.3,4,0,0.0,10.59
3024,302.4,4,0,0.0,10.63
3025,302.5,4,0,0.0,10.62
3026,302.6,4,0,0.0,10.59
3027,302.7,4,0,0.0,10.61
3028,302.8,4,0,0.0,10.59
3029,302.9,4,0,0.0,10.57
3030,303.0,4,0,0.0,10.59
3031,303.1,4,0,0.0,10.58
3032,303.2,4,0,0.0,10.58
3033,303.3,4,0,0.0,10.61
3034,303.4,4,0,0.0,10.62
3035,303.5,4,0,0.0,10.59
3036,303.6,4,0,0.0,10.57
3037,303.7,4,0,0.0,10.59
3038,303.8,4,0,0.0,10.59
3039,303.9,5,0,0.0,11.26
3040,304.0,5,0,0.0,11.24
3041,304.1,5,0,0.0,11.24
3042,304.2,5,0,0.0,11.26
3043,304.3,5,0,0.0,11.25
3044,304.4,4,1,0.0,11.58
3045,304.5,4,1,0.0,11.4
3046,304.6,4,0,0.0,11.39
3047,304.7,4,0,0.0,11.36
3048,304.8,4,0,0.0,11.41
3049,304.9,4,0,0.0,11.37
3050,305.0,4,0,0.0,11.36
3051,305.1,4,0,0.0,11.4
3052,305.2,4,0,0.0,11.41
3053,305.3,4,0,0.0,11.39
3054,305.4,3,1,0.0,11.82
3055,305.5,3,0,0.0,11.91
3056,305.6,3,0,0.0,11.94
3057,305.7,3,0,0.0,12.03
3058,305.8,3,0,0.0,12.14
3059,305.9,3,0,0.0,12.2
3060,306.0,3,0,0.0,12.26
3061,306.1,3,0,0.0,12.37
3062,306.2,3,0,0.0,12.39
3063,306.3,3,0,0.0,12.45
3064,306.4,3,0,0.0,12.52
3065,306.5,3,0,0.0,12.58
3066,306.6,3,0,0.0,12.67
3067,306.7,3,0,0.0,12.69
3068,306.8,4,0,0.0,12.77
3069,306.9,4,0,0.0,12.82
3070,307.0,4,0,0.0,12.87
3071,307.1,4,0,0.0,12.93
3072,307.2,4,0,0.0,12.96
3073,307.3,3,1,0.0,12.74
3074,307.4,3,0,0.0,12.73
3075,307.5,3,0,0.0,12.73
3076,307.6,3,0,0.0,12.74
3077,307.7,3,0,0.0,12.74
3078,307.8,3,0,0.0,12.7
3079,307.9,3,0,0.0,12.76
3080,308.0,3,0,0.0,12.77
3081,308.1,3,0,0.0,12.76
3082,308.2,2,1,0.0,12.52
3083,308.3,2,0,0.0,12.5
3084,308.4,2,0,0.0,12.48
3085,308.5,2,0,0.0,12.5
3086,308.6,2,0,0.0,12.52
3087,308.7,2,0,0.0,12.47
3088,308.8,3,0,0.0,13.01
3089,308.9,3,0,0.0,12.97
3090,309.0,3,0,0.0,12.98
3091,309.1,3,0,0.0,12.98
3092,309.2,3,0,0.0,12.97
3093,309.3,3,0,0.0,13.0
3094,309.4,2,1,0.0,12.53
3095,309.5,2,0,0.0,12.52
3096,309.6,2,0,0.0,12.53
3097,309.7,2,0,0.0,12.5
3098,309.8,2,0,0.0,12.5
3099,309.9,2,0,0.0,12.49
3100,310.0,2,0,0.0,12.55
3101,310.1,2,0,0.0,12.5
3102,310.2,2,0,0.0,12.53
3103,310.3,2,0,0.0,12.55
3104,310.4,2,0,0.0,12.53
3105,310.5,2,0,0.0,12.54
3106,310.6,2,0,0.0,12.5
3107,310.7,2,0,0.0,12.52
3108,310.8,2,0,0.0,12.51
3109,310.9,2,0,0.0,12.52
3110,311.0,2,0,0.0,12.53
3111,311.1,2,0,0.0,12.48
3112,311.2,2,0,0.0,12.56
3113,311.3,2,0,0.0,12.53
3114,311.4,1,1,0.0,12.76
3115,311.5,1,0,0.0,12.66
3116,311.6,1,0,0.0,12.76
3117,311.7,1,0,0.0,12.65
3118,311.8,1,0,0.0,12.7
3119,311.9,1,0,0.0,12.71
3120,312.0,2,0,0.0,11.35
3121,312.1,2,0,0.0,11.3
3122,312.2,1,1,0.0,12.71
3123,312.3,1,0,0.0,12.72
3124,312.4,2,0,0.0,13.34
3125,312.5,2,0,0.0,13.28
3126,312.6,2,0,0.0,13.34
3127,312.7,2,0,0.0,13.28
3128,312.8,2,0,0.0,13.29
3129,312.9,2,0,0.0,13.32
3130,313.0,2,0,0.0,13.36
3131,313.1,2,0,0.0,13.31
3132,313.2,3,0,0.0,13.55
3133,313.3,3,0,0.0,13.54
3134,313.4,3,0,0.0,13.51
3135,313.5,3,0,0.0,13.55
3136,313.6,3,0,0.0,13.57
3137,313.7,3,0,0.0,13.56
3138,313.8,4,0,0.0,13.62
3139,313.9,4,0,0.0,13.64
3140,314.0,4,0,0.0,13.62
3141,314.1,4,0,0.0,13.66
3142,314.2,4,0,0.0,13.64
3143,314.3,4,0,0.0,13.62
3144,314.4,3,1,0.0,13.52
3145,314.5,3,0,0.0,13.49
3146,314.6,3,0,0.0,13.53
3147,314.7,3,0,0.0,13.51
3148,314.8,3,0,0.0,13.52
3149,314.9,3,0,0.0,13.52
3150,315.0,3,0,0.0,13.56
3151,315.1,3,0,0.0,13.51
3152,315.2,3,0,0.0,13.56
3153,315.3,3,0,0.0,13.51
3154,315.4,3,0,0.0,13.53
3155,315.5,3,0,0.0,13.54
3156,315.6,3,0,0.0,13.53
3157,315.7,3,0,0.0,13.54
3158,315.8,3,0,0.0,13.53
3159,315.9,3,0,0.0,13.52
3160,316.0,3,0,0.0,13.53
3161,316.1,3,0,0.0,13.56
3162,316.2,3,0,0.0,13.54
3163,316.3,3,0,0.0,13.53
3164,316.4,3,0,0.0,13.54
3165,316.5,3,0,0.0,13.5
3166,316.6,3,0,0.0,13.57
3167,316.7,2,1,0.0,13.32
3168,316.8,1,1,0.0,13.92
3169,316.9,1,0,0.0,13.92
3170,317.0,1,0,0.0,13.93
3171,317.1,1,0,0.0,13.94
3172,317.2,1,0,0.0,13.91
3173,317.3,1,0,0.0,13.9
3174,317.4,1,0,0.0,13.96
3175,317.5,1,0,0.0,13.92
3176,317.6,1,0,0.0,13.92
3177,317.7,1,0,0.0,13.98
3178,317.8,1,0,0.0,13.95
3179,317.9,1,0,0.0,13.99
3180,318.0,1,0,0.0,13.98
3181,318.1,2,0,0.0,13.96
3182,318.2,2,0,0.0,13.96
3183,318.3,2,0,0.0,13.96
3184,318.4,2,0,0.0,13.92
3185,318.5,2,0,0.0,13.94
3186,318.6,2,0,0.0,13.93
3187,318.7,2,0,0.0,13.94
3188,318.8,3,0,0.0,13.99
3189,318.9,3,0,0.0,13.9
3190,319.0,3,0,0.0,13.9
3191,319.1,3,0,0.0,13.93
3192,319.2,3,0,0.0,13.93
3193,319.3,3,0,0.0,13.95
3194,319.4,2,1,0.0,13.96
3195,319.5,2,0,0.0,13.93
3196,319.6,2,0,0.0,13.93
3197,319.7,2,0,0.0,13.95
3198,319.8,2,0,0.0,13.93
3199,319.9,2,0,0.0,13.92
3200,320.0,2,0,0.0,13.89
3201,320.1,2,0,0.0,13.96
3202,320.2,2,0,0.0,13.92
3203,320.3,2,0,0.0,13.94
3204,320.4,2,0,0.0,13.88
3205,320.5,2,0,0.0,13.92
3206,320.6,2,0,0.0,13.99
3207,320.7,2,0,0.0,13.93
3208,320.8,2,0,0.0,13.91
3209,320.9,2,0,0.0,13.95
3210,321.0,2,0,0.0,13.97
3211,321.1,2,0,0.0,13.93
3212,321.2,2,0,0.0,13.98
3213,321.3,2,0,0.0,13.97
3214,321.4,2,0,0.0,13.91
3215,321.5,2,0,0.0,13.93
3216,321.6,1,1,0.0,13.99
3217,321.7,1,0,0.0,13.89
3218,321.8,1,0,0.0,14.0
3219,321.9,2,0,0.0,13.96
3220,322.0,2,0,0.0,13.95
3221,322.1,2,0,0.0,13.9
3222,322.2,2,0,0.0,13.9
3223,322.3,2,0,0.0,13.96
3224,322.4,2,0,0.0,13.99
3225,322.5,2,0,0.0,13.93
3226,322.6,2,0,0.0,13.95
3227,322.7,2,0,0.0,13.95
3228,322.8,2,0,0.0,13.88
3229,322.9,2,0,0.0,13.92
3230,323.0,2,0,0.0,13.9
3231,323.1,2,0,0.0,13.92
3232,323.2,2,0,0.0,13.95
3233,323.3,2,0,0.0,13.92
3234,323.4,2,0,0.0,13.9
3235,323.5,2,0,0.0,13.9
3236,323.6,2,0,0.0,13.95
3237,323.7,2,0,0.0,13.92
3238,323.8,4,0,0.0,13.4
3239,323.9,4,0,0.0,13.4
3240,324.0,4,0,0.0,13.36
3241,324.1,4,0,0.0,13.39
3242,324.2,4,0,0.0,13.41
3243,324.3,4,0,0.0,13.38
3244,324.4,3,1,0.0,13.54
3245,324.5,3,0,0.0,13.52
3246,324.6,3,0,0.0,13.5
3247,324.7,3,0,0.0,13.49
3248,324.8,3,0,0.0,13.52
3249,324.9,3,0,0.0,13.52
3250,325.0,3,0,0.0,13.51
3251,325.1,3,0,0.0,13.49
3252,325.2,3,0,0.0,13.47
3253,325.3,3,0,0.0,13.5
3254,325.4,2,1,0.0,13.33
3255,325.5,2,0,0.0,13.3
3256,325.6,2,0,0.0,13.33
3257,325.7,2,0,0.0,13.27
3258,325.8,2,0,0.0,13.28
3259,325.9,2,0,0.0,13.26
3260,326.0,2,0,0.0,13.28
3261,326.1,2,0,0.0,13.35
3262,326.2,2,0,0.0,13.28
3263,326.3,2,0,0.0,13.34
3264,326.4,2,0,0.0,13.3
3265,326.5,2,0,0.0,13.3
3266,326.6,2,0,0.0,13.28
3267,326.7,2,0,0.0,13.27
3268,326.8,2,0,0.0,13.28
3269,326.9,2,0,0.0,13.34
3270,327.0,2,0,0.0,13.27
3271,327.1,2,0,0.0,13.32
3272,327.2,2,0,0.0,13.35
3273,327.3,1,1,0.0,12.62
3274,327.4,1,0,0.0,12.69
3275,327.5,1,0,0.0,12.68
3276,327.6,1,0,0.0,12.61
3277,327.7,1,0,0.0,12.62
3278,327.8,1,0,0.0,12.67
3279,327.9,1,0,0.0,12.71
3280,328.0,1,0,0.0,12.7
3281,328.1,1,0,0.0,12.71
3282,328.2,1,0,0.0,12.61
3283,328.3,1,0,0.0,12.61
3284,328.4,1,0,0.0,12.7
3285,328.5,1,0,0.0,12.64
3286,328.6,1,0,0.0,12.69
3287,328.7,1,0,0.0,12.72
3288,328.8,2,0,0.0,13.35
3289,328.9,2,0,0.0,13.29
3290,329.0,2,0,0.0,13.3
3291,329.1,2,0,0.0,13.28
3292,329.2,2,0,0.0,13.32
3293,329.3,2,0,0.0,13.3
3294,329.4,1,1,0.0,12.72
3295,329.5,2,0,0.0,12.53
3296,329.6,2,0,0.0,12.48
3297,329.7,2,0,0.0,12.5
3298,329.8,2,0,0.0,12.48
3299,329.9,2,0,0.0,12.5
3300,330.0,2,0,0.0,12.44
3301,330.1,2,0,0.0,12.5
3302,330.2,2,0,0.0,12.46
3303,330.3,2,0,0.0,12.5
3304,330.4,2,0,0.0,12.51
3305,330.5,2,0,0.0,12.48
3306,330.6,3,0,0.0,12.85
3307,330.7,3,0,0.0,12.79
3308,330.8,3,0,0.0,12.77
3309,330.9,3,0,0.0,12.77
3310,331.0,3,0,0.0,12.76
3311,331.1,3,0,0.0,12.8
3312,331.2,3,0,0.0,12.79
3313,331.3,3,0,0.0,12.81
3314,331.4,3,0,0.0,12.79
3315,331.5,3,0,0.0,12.84
3316,331.6,3,0,0.0,12.78
3317,331.7,3,0,0.0,12.82
3318,331.8,3,0,0.0,12.78
3319,331.9,3,0,0.0,12.82
3320,332.0,3,0,0.0,12.82
3321,332.1,3,0,0.0,12.83
3322,332.2,3,0,0.0,12.81
3323,332.3,3,0,0.0,12.76
3324,332.4,3,0,0.0,12.82
3325,332.5,3,0,0.0,12.79
3326,332.6,3,0,0.0,12.81
3327,332.7,3,0,0.0,12.8
3328,332.8,3,0,0.0,12.81
3329,332.9,3,0,0.0,12.8
3330,333.0,3,0,0.0,12.83
3331,333.1,3,0,0.0,12.84
3332,333.2,3,0,0.0,12.79
3333,333.3,3,0,0.0,12.79
3334,333.4,3,0,0.0,12.86
3335,333.5,3,0,0.0,12.77
3336,333.6,3,0,0.0,12.83
3337,333.7,4,0,0.0,12.96
3338,333.8,4,0,0.0,12.95
3339,333.9,3,1,0.0,13.05
3340,334.0,3,0,0.0,13.08
3341,334.1,3,0,0.0,13.08
3342,334.2,2,1,0.0,12.84
3343,334.3,1,1,0.0,12.31
3344,334.4,1,0,0.0,12.28
3345,334.5,1,0,0.0,12.35
3346,334.6,1,0,0.0,12.31
3347,334.7,1,0,0.0,12.34
3348,334.8,1,0,0.0,12.33
3349,334.9,1,0,0.0,12.29
3350,335.0,2,0,0.0,11.16
3351,335.1,2,0,0.0,11.13
3352,335.2,2,0,0.0,11.1
3353,335.3,2,0,0.0,11.12
3354,335.4,2,0,0.0,11.14
3355,335.5,2,0,0.0,11.18
3356,335.6,2,0,0.0,11.15
3357,335.7,2,0,0.0,11.11
3358,335.8,3,0,0.0,9.69
3359,335.9,3,0,0.0,9.66
3360,336.0,3,0,0.0,9.75
3361,336.1,3,0,0.0,9.73
3362,336.2,3,0,0.0,9.8
3363,336.3,3,0,0.0,9.8
3364,336.4,3,0,0.0,9.91
3365,336.5,3,0,0.0,9.91
3366,336.6,3,0,0.0,9.93
3367,336.7,3,0,0.0,9.96
3368,336.8,3,0,0.0,9.99
3369,336.9,3,0,0.0,10.02
3370,337.0,3,0,0.0,10.02
3371,337.1,3,0,0.0,10.08
3372,337.2,3,0,0.0,10.13
3373,337.3,3,0,0.0,10.11
3374,337.4,3,0,0.0,10.15
3375,337.5,3,0,0.0,10.13
3376,337.6,3,0,0.0,10.19
3377,337.7,3,0,0.0,10.17
3378,337.8,3,0,0.0,10.24
3379,337.9,3,0,0.0,10.26
3380,338.0,3,0,0.0,10.25
3381,338.1,3,0,0.0,10.26
3382,338.2,3,0,0.0,10.32
3383,338.3,3,0,0.0,10.3
3384,338.4,3,0,0.0,10.34
3385,338.5,3,0,0.0,10.33
3386,338.6,3,0,0.0,10.33
3387,338.7,4,0,0.0,11.31
3388,338.8,4,0,0.0,11.28
3389,338.9,4,0,0.0,11.28
3390,339.0,4,0,0.0,11.29
3391,339.1,4,0,0.0,11.31
3392,339.2,4,0,0.0,11.3
3393,339.3,4,1,0.0,11.33
3394,339.4,4,0,0.0,11.33
3395,339.5,4,0,0.0,11.36
3396,339.6,4,0,0.0,11.34
3397,339.7,4,0,0.0,11.34
3398,339.8,4,0,0.0,11.34
3399,339.9,3,1,0.0,11.04
3400,340.0,3,0,0.0,11.04
3401,340.1,3,0,0.0,11.09
3402,340.2,3,0,0.0,11.11
3403,340.3,4,0,0.0,10.8
3404,340.4,4,0,0.0,10.8
3405,340.5,3,1,0.0,11.09
3406,340.6,3,0,0.0,11.12
3407,340.7,3,0,0.0,11.11
3408,340.8,4,0,0.0,11.27
3409,340.9,4,0,0.0,11.25
3410,341.0,4,0,0.0,11.26
3411,341.1,4,0,0.0,11.27
3412,341.2,4,0,0.0,11.26
3413,341.3,4,0,0.0,11.27
3414,341.4,4,0,0.0,11.24
3415,341.5,4,0,0.0,11.27
3416,341.6,4,0,0.0,11.3
3417,341.7,4,0,0.0,11.25
3418,341.8,4,0,0.0,11.27
3419,341.9,4,0,0.0,11.26
3420,342.0,4,0,0.0,11.26
3421,342.1,4,0,0.0,11.31
3422,342.2,4,0,0.0,11.27
3423,342.3,4,0,0.0,11.27
3424,342.4,4,0,0.0,11.31
3425,342.5,4,0,0.0,11.3
3426,342.6,4,0,0.0,11.3
3427,342.7,4,0,0.0,11.34
3428,342.8,3,1,0.0,10.42
3429,342.9,3,0,0.0,10.43
3430,343.0,3,0,0.0,10.43
3431,343.1,3,0,0.0,10.45
3432,343.2,3,0,0.0,10.41
3433,343.3,3,0,0.0,10.42
3434,343.4,3,0,0.0,10.44
3435,343.5,3,0,0.0,10.42
3436,343.6,3,0,0.0,10.4
3437,343.7,4,0,0.0,11.34
3438,343.8,4,0,0.0,11.34
3439,343.9,4,0,0.0,11.34
3440,344.0,4,0,0.0,11.31
3441,344.1,4,0,0.0,11.32
3442,344.2,4,0,0.0,11.36
3443,344.3,3,1,0.0,10.46
3444,344.4,3,0,0.0,10.45
3445,344.5,3,0,0.0,10.49
3446,344.6,3,0,0.0,10.47
3447,344.7,3,0,0.0,10.44
3448,344.8,3,0,0.0,10.48
3449,344.9,3,0,0.0,10.5
3450,345.0,3,0,0.0,10.48
3451,345.1,3,0,0.0,10.5
3452,345.2,3,0,0.0,10.5
3453,345.3,3,0,0.0,10.5
3454,345.4,3,0,0.0,10.49
3455,345.5,3,0,0.0,10.51
3456,345.6,3,0,0.0,10.5
3457,345.7,3,0,0.0,10.48
3458,345.8,3,0,0.0,10.47
3459,345.9,3,0,0.0,10.49
3460,346.0,3,0,0.0,10.45
3461,346.1,3,0,0.0,10.46
3462,346.2,3,0,0.0,10.49
3463,346.3,3,0,0.0,10.48
3464,346.4,3,0,0.0,10.48
3465,346.5,4,0,0.0,10.9
3466,346.6,4,0,0.0,10.88
3467,346.7,4,0,0.0,10.87
3468,346.8,4,0,0.0,10.87
3469,346.9,4,0,0.0,10.86
3470,347.0,4,0,0.0,10.85
3471,347.1,4,0,0.0,10.86
3472,347.2,3,1,0.0,11.23
3473,347.3,3,0,0.0,11.28
3474,347.4,3,0,0.0,11.3
3475,347.5,3,0,0.0,11.35
3476,347.6,3,0,0.0,11.45
3477,347.7,3,0,0.0,11.45
3478,347.8,3,0,0.0,11.56
3479,347.9,3,0,0.0,11.62
3480,348.0,4,0,0.0,12.29
3481,348.1,4,0,0.0,12.35
3482,348.2,4,0,0.0,12.37
3483,348.3,4,0,0.0,12.41
3484,348.4,4,0,0.0,12.44
3485,348.5,4,0,0.0,12.53
3486,348.6,4,0,0.0,12.54
3487,348.7,5,0,0.0,12.37
3488,348.8,5,0,0.0,12.37
3489,348.9,5,0,0.0,12.38
3490,349.0,5,0,0.0,12.37
3491,349.1,5,0,0.0,12.38
3492,349.2,4,1,0.0,12.27
3493,349.3,4,0,0.0,12.28
3494,349.4,3,1,0.0,12.53
3495,349.5,3,0,0.0,12.56
3496,349.6,3,0,0.0,12.56
3497,349.7,3,0,0.0,12.52
3498,349.8,3,0,0.0,12.52
3499,349.9,3,0,0.0,12.53
3500,350.0,3,0,0.0,12.57
3501,350.1,3,0,0.0,12.53
3502,350.2,3,0,0.0,12.48
3503,350.3,3,0,0.0,12.53
3504,350.4,3,0,0.0,12.55
3505,350.5,3,0,0.0,12.57
3506,350.6,3,0,0.0,12.53
3507,350.7,3,0,0.0,12.56
3508,350.8,3,0,0.0,12.54
3509,350.9,3,0,0.0,12.51
3510,351.0,3,0,0.0,12.51
3511,351.1,3,0,0.0,12.54
3512,351.2,3,0,0.0,12.53
3513,351.3,3,0,0.0,12.55
3514,351.4,3,0,0.0,12.54
3515,351.5,2,1,0.0,11.87
3516,351.6,2,0,0.0,11.8
3517,351.7,2,0,0.0,11.87
3518,351.8,1,1,0.0,12.07
3519,351.9,1,0,0.0,12.0
3520,352.0,1,0,0.0,12.1
3521,352.1,1,0,0.0,12.03
3522,352.2,2,0,0.0,12.58
3523,352.3,2,0,0.0,12.64
3524,352.4,2,0,0.0,12.58
3525,352.5,2,0,0.0,12.56
3526,352.6,2,0,0.0,12.58
3527,352.7,2,0,0.0,12.56
3528,352.8,2,0,0.0,12.58
3529,352.9,2,0,0.0,12.57
3530,353.0,2,0,0.0,12.55
3531,353.1,2,0,0.0,12.58
3532,353.2,2,0,0.0,12.55
3533,353.3,2,0,0.0,12.57
3534,353.4,2,0,0.0,12.58
3535,353.5,2,0,0.0,12.54
3536,353.6,2,0,0.0,12.57
3537,353.7,3,0,0.0,12.44
3538,353.8,3,0,0.0,12.38
3539,353.9,3,0,0.0,12.39
3540,354.0,3,0,0.0,12.4
3541,354.1,3,0,0.0,12.4
3542,354.2,3,0,0.0,12.38
3543,354.3,2,1,0.0,12.54
3544,354.4,2,0,0.0,12.61
3545,354.5,2,0,0.0,12.59
3546,354.6,2,0,0.0,12.56
3547,354.7,2,0,0.0,12.61
3548,354.8,2,0,0.0,12.59
3549,354.9,2,0,0.0,12.53
3550,355.0,2,0,0.0,12.63
3551,355.1,2,0,0.0,12.61
3552,355.2,2,0,0.0,12.53
3553,355.3,2,0,0.0,12.55
3554,355.4,2,0,0.0,12.56
3555,355.5,2,0,0.0,12.58
3556,355.6,2,0,0.0,12.62
3557,355.7,2,0,0.0,12.63
3558,355.8,2,0,0.0,12.56
3559,355.9,2,0,0.0,12.57
3560,356.0,2,0,0.0,12.62
3561,356.1,2,0,0.0,12.54
3562,356.2,2,0,0.0,12.57
3563,356.3,2,0,0.0,12.63
3564,356.4,2,0,0.0,12.56
3565,356.5,2,0,0.0,12.59
3566,356.6,2,0,0.0,12.6
3567,356.7,3,0,0.0,13.07
3568,356.8,3,0,0.0,12.98
3569,356.9,3,0,0.0,13.07
3570,357.0,3,0,0.0,13.01
3571,357.1,2,1,0.0,13.53
3572,357.2,2,0,0.0,13.49
3573,357.3,2,0,0.0,13.55
3574,357.4,2,0,0.0,13.53
3575,357.5,2,0,0.0,13.48
3576,357.6,2,0,0.0,13.48
3577,357.7,2,0,0.0,13.5
3578,357.8,2,0,0.0,13.52
3579,357.9,3,0,0.0,13.68
3580,358.0,3,0,0.0,13.63
3581,358.1,3,0,0.0,13.61
3582,358.2,3,0,0.0,13.61
3583,358.3,3,0,0.0,13.64
3584,358.4,3,0,0.0,13.64
3585,358.5,3,0,0.0,13.66
3586,358.6,4,0,0.0,13.77
3587,358.7,4,0,0.0,13.74
3588,358.8,4,0,0.0,13.75
3589,358.9,4,0,0.0,13.77
3590,359.0,4,0,0.0,13.73
3591,359.1,4,0,0.0,13.71
3592,359.2,3,1,0.0,13.66
3593,359.3,3,0,0.0,13.65
3594,359.4,3,0,0.0,13.65
3595,359.5,3,0,0.0,13.68
3596,359.6,3,0,0.0,13.66
3597,359.7,3,0,0.0,13.7
3598,359.8,3,0,0.0,13.64
3599,359.9,3,0,0.0,13.66
3600,360.0,3,0,0.0,13.65
3601,360.1,3,0,0.0,13.64
3602,360.2,2,1,0.0,13.48
3603,360.3,2,0,0.0,13.55
3604,360.4,2,0,0.0,13.5
3605,360.5,2,0,0.0,13.5
3606,360.6,2,0,0.0,13.47
3607,360.7,2,0,0.0,13.56
3608,360.8,2,0,0.0,13.48
3609,360.9,2,0,0.0,13.51
3610,361.0,2,0,0.0,13.49
3611,361.1,2,0,0.0,13.5
3612,361.2,2,0,0.0,13.52
3613,361.3,2,0,0.0,13.48
3614,361.4,2,0,0.0,13.55
3615,361.5,2,0,0.0,13.53
3616,361.6,2,0,0.0,13.54
3617,361.7,2,0,0.0,13.51
3618,361.8,2,0,0.0,13.55
3619,361.9,1,1,0.0,13.9
3620,362.0,1,0,0.0,13.97
3621,362.1,1,0,0.0,13.89
3622,362.2,1,0,0.0,13.89
3623,362.3,1,0,0.0,13.98
3624,362.4,1,0,0.0,13.98
3625,362.5,1,0,0.0,13.89
3626,362.6,1,0,0.0,13.96
3627,362.7,1,0,0.0,13.89
3628,362.8,1,0,0.0,13.97
3629,362.9,1,0,0.0,13.91
3630,363.0,1,0,0.0,13.99
3631,363.1,1,0,0.0,13.9
3632,363.2,1,0,0.0,13.94
3633,363.3,1,0,0.0,13.96
3634,363.4,1,0,0.0,13.96
3635,363.5,2,0,0.0,13.97
3636,363.6,3,0,0.0,13.91
3637,363.7,3,0,0.0,13.89
3638,363.8,3,0,0.0,13.92
3639,363.9,3,0,0.0,13.93
3640,364.0,3,0,0.0,13.92
3641,364.1,3,0,0.0,13.92
3642,364.2,2,1,0.0,13.99
3643,364.3,2,0,0.0,13.97
3644,364.4,2,0,0.0,13.93
3645,364.5,2,0,0.0,13.94
3646,364.6,2,0,0.0,13.93
3647,364.7,2,0,0.0,13.94
3648,364.8,2,0,0.0,13.97
3649,364.9,2,0,0.0,13.95
3650,365.0,2,0,0.0,13.94
3651,365.1,2,0,0.0,13.94
3652,365.2,2,0,0.0,13.9
3653,365.3,2,0,0.0,13.95
3654,365.4,3,0,0.0,13.77
3655,365.5,3,0,0.0,13.76
3656,365.6,3,0,0.0,13.76
3657,365.7,3,0,0.0,13.78
3658,365.8,3,0,0.0,13.77
3659,365.9,3,0,0.0,13.79
3660,366.0,3,0,0.0,13.79
3661,366.1,3,0,0.0,13.78
3662,366.2,3,0,0.0,13.76
3663,366.3,3,0,0.0,13.76
3664,366.4,3,0,0.0,13.77
3665,366.5,3,0,0.0,13.81
3666,366.6,3,0,0.0,13.75
3667,366.7,3,0,0.0,13.79
3668,366.8,3,0,0.0,13.75
3669,366.9,3,0,0.0,13.8
3670,367.0,3,0,0.0,13.76
3671,367.1,2,1,0.0,13.67
3672,367.2,2,0,0.0,13.66
3673,367.3,2,0,0.0,13.67
3674,367.4,2,0,0.0,13.68
3675,367.5,2,0,0.0,13.68
3676,367.6,2,0,0.0,13.69
3677,367.7,2,0,0.0,13.71
3678,367.8,2,0,0.0,13.72
3679,367.9,2,0,0.0,13.66
3680,368.0,2,0,0.0,13.66
3681,368.1,2,0,0.0,13.69
3682,368.2,2,0,0.0,13.7
3683,368.3,2,0,0.0,13.68
3684,368.4,2,0,0.0,13.69
3685,368.5,2,0,0.0,13.64
3686,368.6,3,0,0.0,13.56
3687,368.7,3,0,0.0,13.55
3688,368.8,3,0,0.0,13.57
3689,368.9,3,0,0.0,13.56
3690,369.0,2,1,0.0,13.61
3691,369.1,2,0,0.0,13.66
3692,369.2,3,1,0.0,12.63
3693,369.3,3,0,0.0,12.61
3694,369.4,2,1,0.0,13.92
3695,369.5,2,0,0.0,13.92
3696,369.6,2,0,0.0,13.93
3697,369.7,2,0,0.0,13.95
3698,369.8,2,0,0.0,13.97
3699,369.9,2,0,0.0,13.92
3700,370.0,2,0,0.0,13.9
3701,370.1,2,0,0.0,13.91
3702,370.2,2,0,0.0,13.95
3703,370.3,2,0,0.0,13.88
3704,370.4,2,0,0.0,13.9
3705,370.5,2,0,0.0,13.92
3706,370.6,2,0,0.0,13.92
3707,370.7,2,0,0.0,13.9
3708,370.8,2,0,0.0,13.94
3709,370.9,2,0,0.0,13.91
3710,371.0,2,0,0.0,13.9
3711,371.1,2,0,0.0,13.96
3712,371.2,2,0,0.0,13.9
3713,371.3,2,0,0.0,13.91
3714,371.4,2,0,0.0,13.93
3715,371.5,2,0,0.0,13.92
3716,371.6,2,0,0.0,13.93
3717,371.7,2,0,0.0,14.0
3718,371.8,2,0,0.0,13.93
3719,371.9,2,0,0.0,13.91
3720,372.0,2,0,0.0,13.92
3721,372.1,2,0,0.0,13.96
3722,372.2,2,0,0.0,13.94
3723,372.3,2,0,0.0,13.95
3724,372.4,2,0,0.0,13.92
3725,372.5,2,0,0.0,13.93
3726,372.6,2,0,0.0,13.95
3727,372.7,1,1,0.0,13.96
3728,372.8,1,0,0.0,13.92
3729,372.9,1,0,0.0,13.99
3730,373.0,1,0,0.0,13.97
3731,373.1,1,0,0.0,13.91
3732,373.2,1,0,0.0,13.95
3733,373.3,1,0,0.0,13.89
3734,373.4,1,0,0.0,13.92
3735,373.5,1,0,0.0,13.98
3736,373.6,2,0,0.0,13.99
3737,373.7,2,0,0.0,13.91
3738,373.8,2,0,0.0,13.98
3739,373.9,2,0,0.0,13.92
3740,374.0,2,0,0.0,13.92
3741,374.1,3,0,0.0,13.92
3742,374.2,2,1,0.0,13.92
3743,374.3,2,0,0.0,13.95
3744,374.4,2,0,0.0,13.93
3745,374.5,2,0,0.0,13.86
3746,374.6,2,0,0.0,13.89
3747,374.7,2,0,0.0,13.93
3748,374.8,2,0,0.0,13.84
3749,374.9,3,0,0.0,13.93
3750,375.0,3,0,0.0,13.92
3751,375.1,3,0,0.0,13.89
3752,375.2,3,0,0.0,13.93
3753,375.3,3,0,0.0,13.93
3754,375.4,3,0,0.0,13.91
3755,375.5,3,0,0.0,13.93
3756,375.6,3,0,0.0,13.92
3757,375.7,3,0,0.0,13.89
3758,375.8,3,0,0.0,13.95
3759,375.9,3,0,0.0,13.91
3760,376.0,3,0,0.0,13.89
3761,376.1,3,0,0.0,13.95
3762,376.2,3,0,0.0,13.89
3763,376.3,3,0,0.0,13.91
3764,376.4,3,0,0.0,13.95
3765,376.5,3,0,0.0,13.94
3766,376.6,3,0,0.0,13.93
3767,376.7,3,0,0.0,13.88
3768,376.8,3,0,0.0,13.87
3769,376.9,4,0,0.0,12.94
3770,377.0,4,0,0.0,12.92
3771,377.1,4,0,0.0,12.9
3772,377.2,4,0,0.0,12.95
3773,377.3,4,0,0.0,12.92
3774,377.4,4,0,0.0,12.91
3775,377.5,4,0,0.0,12.97
3776,377.6,3,1,0.0,12.6
3777,377.7,3,0,0.0,12.62
3778,377.8,3,0,0.0,12.65
3779,377.9,3,0,0.0,12.61
3780,378.0,3,0,0.0,12.62
3781,378.1,3,0,0.0,12.63
3782,378.2,3,0,0.0,12.62
3783,378.3,3,0,0.0,12.63
3784,378.4,2,1,0.0,11.95
3785,378.5,2,0,0.0,11.93
3786,378.6,3,0,0.0,12.63
3787,378.7,3,0,0.0,12.64
3788,378.8,3,0,0.0,12.61
3789,378.9,3,0,0.0,12.62
3790,379.0,3,0,0.0,12.63
3791,379.1,3,0,0.0,12.6
3792,379.2,2,1,0.0,11.95
3793,379.3,2,0,0.0,11.97
3794,379.4,2,0,0.0,11.97
3795,379.5,2,0,0.0,11.95
3796,379.6,2,0,0.0,11.95
3797,379.7,2,0,0.0,11.95
3798,379.8,2,0,0.0,11.93
3799,379.9,2,0,0.0,11.95
3800,380.0,2,0,0.0,11.94
3801,380.1,2,0,0.0,11.94
3802,380.2,2,0,0.0,11.99
3803,380.3,2,0,0.0,11.92
3804,380.4,2,0,0.0,11.93
3805,380.5,2,0,0.0,11.92
3806,380.6,3,0,0.0,12.46
3807,380.7,3,0,0.0,12.46
3808,380.8,3,0,0.0,12.42
3809,380.9,3,0,0.0,12.41
3810,381.0,3,0,0.0,12.41
3811,381.1,3,0,0.0,12.46
3812,381.2,3,0,0.0,12.45
3813,381.3,3,0,0.0,12.45
3814,381.4,3,0,0.0,12.43
3815,381.5,3,0,0.0,12.45
3816,381.6,3,0,0.0,12.45
3817,381.7,3,0,0.0,12.45
3818,381.8,3,0,0.0,12.45
3819,381.9,3,0,0.0,12.42
3820,382.0,3,0,0.0,12.45
3821,382.1,3,0,0.0,12.44
3822,382.2,3,0,0.0,12.44
3823,382.3,3,0,0.0,12.42
3824,382.4,3,0,0.0,12.44
3825,382.5,3,0,0.0,12.42
3826,382.6,3,0,0.0,12.46
3827,382.7,3,0,0.0,12.45
3828,382.8,4,0,0.0,12.8
3829,382.9,4,0,0.0,12.78
3830,383.0,4,0,0.0,12.82
3831,383.1,4,0,0.0,12.79
3832,383.2,4,0,0.0,12.74
3833,383.3,4,0,0.0,12.7
3834,383.4,4,0,0.0,12.69
3835,383.5,5,0,0.0,12.94
3836,383.6,5,0,0.0,12.92
3837,383.7,5,0,0.0,12.9
3838,383.8,5,0,0.0,12.89
3839,383.9,5,0,0.0,12.91
3840,384.0,5,0,0.0,12.86
3841,384.1,3,2,0.0,12.11
3842,384.2,3,0,0.0,12.11
3843,384.3,3,0,0.0,12.06
3844,384.4,3,0,0.0,12.07
3845,384.5,3,0,0.0,12.02
3846,384.6,3,0,0.0,12.01
3847,384.7,3,0,0.0,12.02
3848,384.8,3,0,0.0,11.97
3849,384.9,3,0,0.0,11.94
3850,385.0,3,0,0.0,11.96
3851,385.1,3,0,0.0,11.91
3852,385.2,3,0,0.0,11.92
3853,385.3,3,0,0.0,11.91
3854,385.4,3,0,0.0,11.84
3855,385.5,3,0,0.0,11.84
3856,385.6,3,0,0.0,11.83
3857,385.7,3,0,0.0,11.82
3858,385.8,3,0,0.0,11.8
3859,385.9,3,0,0.0,11.82
3860,386.0,3,0,0.0,11.78
3861,386.1,3,0,0.0,11.76
3862,386.2,3,0,0.0,11.76
3863,386.3,3,1,0.0,11.3
3864,386.4,3,0,0.0,11.28
3865,386.5,3,0,0.0,11.27
3866,386.6,3,0,0.0,11.24
3867,386.7,3,0,0.0,11.23
3868,386.8,3,0,0.0,11.22
3869,386.9,3,0,0.0,11.21
3870,387.0,3,0,0.0,11.2
3871,387.1,3,0,0.0,11.21
3872,387.2,3,0,0.0,11.19
3873,387.3,3,0,0.0,11.17
3874,387.4,3,0,0.0,11.17
3875,387.5,3,0,0.0,11.16
3876,387.6,3,0,0.0,11.13
3877,387.7,3,0,0.0,11.15
3878,387.8,3,0,0.0,11.14
3879,387.9,3,0,0.0,11.1
3880,388.0,3,0,0.0,11.11
3881,388.1,3,0,0.0,11.13
3882,388.2,3,0,0.0,11.08
3883,388.3,3,0,0.0,11.05
3884,388.4,3,0,0.0,11.08
3885,388.5,4,0,0.0,11.76
3886,388.6,4,0,0.0,11.73
3887,388.7,4,0,0.0,11.74
3888,388.8,4,0,0.0,11.7
3889,388.9,4,0,0.0,11.75
3890,389.0,4,0,0.0,11.73
3891,389.1,2,2,0.0,11.6
3892,389.2,2,0,0.0,11.66
3893,389.3,2,0,0.0,11.77
3894,389.4,2,0,0.0,11.86
3895,389.5,2,0,0.0,12.0
3896,389.6,2,0,0.0,12.11
3897,389.7,2,0,0.0,12.23
3898,389.8,2,0,0.0,12.34
3899,389.9,2,0,0.0,12.4
3900,390.0,2,0,0.0,12.54
3901,390.1,2,0,0.0,12.57
3902,390.2,2,0,0.0,12.71
3903,390.3,2,0,0.0,12.74
3904,390.4,2,0,0.0,12.84
3905,390.5,2,0,0.0,12.94
3906,390.6,2,0,0.0,12.96
3907,390.7,2,0,0.0,12.99
3908,390.8,2,0,0.0,12.96
3909,390.9,2,0,0.0,13.0
3910,391.0,2,0,0.0,13.0
3911,391.1,1,1,0.0,12.53
3912,391.2,1,0,0.0,12.54
3913,391.3,1,0,0.0,12.53
3914,391.4,1,0,0.0,12.61
3915,391.5,2,0,0.0,13.29
3916,391.6,2,0,0.0,13.28
3917,391.7,2,0,0.0,13.27
3918,391.8,2,0,0.0,13.26
3919,391.9,3,0,0.0,12.7
3920,392.0,3,0,0.0,12.71
3921,392.1,3,0,0.0,12.7
3922,392.2,3,0,0.0,12.67
3923,392.3,3,0,0.0,12.7
3924,392.4,3,0,0.0,12.68
3925,392.5,3,0,0.0,12.7
3926,392.6,3,0,0.0,12.69
3927,392.7,3,0,0.0,12.73
3928,392.8,3,0,0.0,12.72
3929,392.9,3,0,0.0,12.64
3930,393.0,3,0,0.0,12.66
3931,393.1,3,0,0.0,12.68
3932,393.2,3,0,0.0,12.7
3933,393.3,3,0,0.0,12.68
3934,393.4,3,0,0.0,12.66
3935,393.5,4,0,0.0,13.04
3936,393.6,4,0,0.0,13.0
3937,393.7,4,0,0.0,13.0
3938,393.8,4,0,0.0,12.97
3939,393.9,4,0,0.0,13.0
3940,394.0,4,0,0.0,13.02
3941,394.1,3,1,0.0,12.67
3942,394.2,3,0,0.0,12.67
3943,394.3,3,0,0.0,12.74
3944,394.4,3,0,0.0,12.7
3945,394.5,3,0,0.0,12.7
3946,394.6,3,0,0.0,12.68
3947,394.7,3,0,0.0,12.69
3948,394.8,3,0,0.0,12.69
3949,394.9,3,0,0.0,12.7
3950,395.0,2,1,0.0,12.04
3951,395.1,2,0,0.0,12.03
3952,395.2,2,0,0.0,12.03
3953,395.3,2,0,0.0,12.07
3954,395.4,2,0,0.0,12.08
3955,395.5,2,0,0.0,12.04
3956,395.6,2,0,0.0,12.02
3957,395.7,2,0,0.0,12.09
3958,395.8,2,0,0.0,12.05
3959,395.9,2,0,0.0,12.04
3960,396.0,2,0,0.0,12.07
3961,396.1,2,0,0.0,12.02
3962,396.2,2,0,0.0,12.08
3963,396.3,2,0,0.0,12.1
3964,396.4,1,1,0.0,11.57
3965,396.5,1,0,0.0,11.53
3966,396.6,1,0,0.0,11.56
3967,396.7,1,0,0.0,11.53
3968,396.8,1,0,0.0,11.51
3969,396.9,1,0,0.0,11.53
3970,397.0,2,0,0.0,10.75
3971,397.1,2,0,0.0,10.74
3972,397.2,1,1,0.0,11.49
3973,397.3,1,0,0.0,11.56
3974,397.4,1,0,0.0,11.57
3975,397.5,1,0,0.0,11.53
3976,397.6,2,0,0.0,12.52
3977,397.7,2,0,0.0,12.46
3978,397.8,2,0,0.0,12.48
3979,397.9,2,0,0.0,12.46
3980,398.0,2,0,0.0,12.46
3981,398.1,2,0,0.0,12.47
3982,398.2,2,0,0.0,12.48
3983,398.3,2,0,0.0,12.45
3984,398.4,2,0,0.0,12.43
3985,398.5,3,0,0.0,13.0
3986,398.6,3,0,0.0,12.97
3987,398.7,3,0,0.0,12.97
3988,398.8,3,0,0.0,12.95
3989,398.9,3,0,0.0,12.97
3990,399.0,3,0,0.0,12.96
3991,399.1,2,1,0.0,12.51
3992,399.2,2,0,0.0,12.46
3993,399.3,2,0,0.0,12.47
3994,399.4,2,0,0.0,12.48
3995,399.5,2,0,0.0,12.5
3996,399.6,2,0,0.0,12.51
3997,399.7,2,0,0.0,12.43
3998,399.8,2,0,0.0,12.47
3999,399.9,2,0,0.0,12.48
4000,400.0,2,0,0.0,12.46
4001,400.1,3,0,0.0,11.62
4002,400.2,3,0,0.0,11.66
4003,400.3,3,0,0.0,11.63
4004,400.4,3,0,0.0,11.62
4005,400.5,3,0,0.0,11.61
4006,400.6,3,0,0.0,11.62
4007,400.7,3,0,0.0,11.63
4008,400.8,3,0,0.0,11.61
4009,400.9,4,0,0.0,10.44
4010,401.0,4,0,0.0,10.4
4011,401.1,4,0,0.0,10.43
4012,401.2,4,0,0.0,10.46
4013,401.3,4,0,0.0,10.5
4014,401.4,4,0,0.0,10.52
4015,401.5,4,0,0.0,10.57
4016,401.6,4,0,0.0,10.58
4017,401.7,4,0,0.0,10.62
4018,401.8,4,0,0.0,10.59
4019,401.9,4,0,0.0,10.65
4020,402.0,4,0,0.0,10.66
4021,402.1,4,0,0.0,10.71
4022,402.2,4,0,0.0,10.69
4023,402.3,4,0,0.0,10.73
4024,402.4,4,0,0.0,10.75
4025,402.5,4,0,0.0,10.75
4026,402.6,4,0,0.0,10.78
4027,402.7,4,0,0.0,10.79
4028,402.8,4,0,0.0,10.84
4029,402.9,4,0,0.0,10.83
4030,403.0,3,1,0.0,10.62
4031,403.1,3,0,0.0,10.6
4032,403.2,3,0,0.0,10.65
4033,403.3,4,0,0.0,11.43
4034,403.4,5,0,0.0,11.97
4035,403.5,5,0,0.0,11.95
4036,403.6,5,0,0.0,11.97
4037,403.7,5,0,0.0,11.96
4038,403.8,5,0,0.0,11.97
4039,403.9,5,0,0.0,11.96
4040,404.0,4,1,0.0,11.49
4041,404.1,4,0,0.0,11.51
4042,404.2,4,0,0.0,11.57
4043,404.3,4,0,0.0,11.51
4044,404.4,3,1,0.0,12.11
4045,404.5,3,0,0.0,12.18
4046,404.6,3,0,0.0,12.24
4047,404.7,3,0,0.0,12.28
4048,404.8,3,0,0.0,12.38
4049,404.9,3,0,0.0,12.45
4050,405.0,3,0,0.0,12.52
4051,405.1,3,0,0.0,12.59
4052,405.2,3,0,0.0,12.62
4053,405.3,3,0,0.0,12.65
4054,405.4,3,0,0.0,12.71
4055,405.5,3,0,0.0,12.8
4056,405.6,3,0,0.0,12.91
4057,405.7,3,0,0.0,12.95
4058,405.8,3,0,0.0,13.01
4059,405.9,3,0,0.0,13.09
4060,406.0,3,0,0.0,13.18
4061,406.1,3,0,0.0,13.24
4062,406.2,2,1,0.0,13.54
4063,406.3,2,0,0.0,13.57
4064,406.4,2,0,0.0,13.56
4065,406.5,2,0,0.0,13.57
4066,406.6,2,0,0.0,13.63
4067,406.7,2,0,0.0,13.57
4068,406.8,2,0,0.0,13.52
4069,406.9,2,0,0.0,13.58
4070,407.0,2,0,0.0,13.61
4071,407.1,1,1,0.0,13.71
4072,407.2,1,0,0.0,13.74
4073,407.3,1,0,0.0,13.77
4074,407.4,1,0,0.0,13.72
4075,407.5,1,0,0.0,13.8
4076,407.6,1,0,0.0,13.77
4077,407.7,1,0,0.0,13.77
4078,407.8,1,0,0.0,13.72
4079,407.9,1,0,0.0,13.7
4080,408.0,1,0,0.0,13.73
4081,408.1,1,0,0.0,13.81
4082,408.2,1,0,0.0,13.8
4083,408.3,1,0,0.0,13.76
4084,408.4,2,0,0.0,13.9
4085,408.5,2,0,0.0,13.81
4086,408.6,2,0,0.0,13.87
4087,408.7,2,0,0.0,13.87
4088,408.8,2,0,0.0,13.84
4089,408.9,3,0,0.0,13.74
4090,409.0,3,1,0.0,13.71
4091,409.1,3,0,0.0,13.69
4092,409.2,3,0,0.0,13.66
4093,409.3,3,0,0.0,13.68
4094,409.4,3,0,0.0,13.72
4095,409.5,3,0,0.0,13.72
4096,409.6,3,0,0.0,13.68
4097,409.7,3,0,0.0,13.74
4098,409.8,3,0,0.0,13.72
4099,409.9,3,0,0.0,13.69
4100,410.0,3,0,0.0,13.7
4101,410.1,3,0,0.0,13.68
4102,410.2,3,0,0.0,13.67
4103,410.3,3,0,0.0,13.68
4104,410.4,3,0,0.0,13.67
4105,410.5,3,0,0.0,13.68
4106,410.6,3,0,0.0,13.7
4107,410.7,3,0,0.0,13.69
4108,410.8,3,0,0.0,13.72
4109,410.9,3,0,0.0,13.71
4110,411.0,3,0,0.0,13.67
4111,411.1,3,0,0.0,13.7
4112,411.2,3,0,0.0,13.69
4113,411.3,3,0,0.0,13.73
4114,411.4,3,0,0.0,13.68
4115,411.5,3,0,0.0,13.74
4116,411.6,3,0,0.0,13.7
4117,411.7,3,0,0.0,13.74
4118,411.8,3,0,0.0,13.68
4119,411.9,3,0,0.0,13.71
4120,412.0,3,0,0.0,13.66
4121,412.1,3,0,0.0,13.67
4122,412.2,3,0,0.0,13.71
4123,412.3,3,0,0.0,13.73
4124,412.4,3,0,0.0,13.68
4125,412.5,2,1,0.0,13.87
4126,412.6,1,1,0.0,13.89
4127,412.7,1,0,0.0,13.92
4128,412.8,1,0,0.0,13.95
4129,412.9,1,0,0.0,13.93
4130,413.0,1,0,0.0,13.98
4131,413.1,1,0,0.0,13.98
4132,413.2,1,0,0.0,13.88
4133,413.3,1,0,0.0,13.89
4134,413.4,2,0,0.0,13.33
4135,413.5,2,0,0.0,13.28
4136,413.6,2,0,0.0,13.24
4137,413.7,2,0,0.0,13.27
4138,413.8,2,0,0.0,13.26
4139,413.9,2,0,0.0,13.26
4140,414.0,1,1,0.0,13.93
4141,414.1,1,0,0.0,13.98
4142,414.2,1,0,0.0,13.9
4143,414.3,1,0,0.0,13.99
4144,414.4,1,0,0.0,13.93
4145,414.5,1,0,0.0,13.89
4146,414.6,2,0,0.0,13.61
4147,414.7,2,0,0.0,13.53
4148,414.8,2,0,0.0,13.63
4149,414.9,2,0,0.0,13.58
4150,415.0,2,0,0.0,13.54
4151,415.1,2,0,0.0,13.56
4152,415.2,2,0,0.0,13.61
4153,415.3,2,0,0.0,13.62
4154,415.4,2,0,0.0,13.61
4155,415.5,2,0,0.0,13.59
4156,415.6,2,0,0.0,13.61
4157,415.7,2,0,0.0,13.58
4158,415.8,2,0,0.0,13.57
4159,415.9,2,0,0.0,13.64
4160,416.0,2,0,0.0,13.54
4161,416.1,2,0,0.0,13.58
4162,416.2,2,0,0.0,13.55
4163,416.3,2,0,0.0,13.56
4164,416.4,2,0,0.0,13.58
4165,416.5,2,0,0.0,13.61
4166,416.6,2,0,0.0,13.62
4167,416.7,2,0,0.0,13.57
4168,416.8,2,0,0.0,13.55
4169,416.9,2,0,0.0,13.54
4170,417.0,2,0,0.0,13.61
4171,417.1,2,0,0.0,13.61
4172,417.2,2,0,0.0,13.59
4173,417.3,2,0,0.0,13.62
4174,417.4,2,0,0.0,13.6
4175,417.5,2,0,0.0,13.62
4176,417.6,3,0,0.0,13.73
4177,417.7,3,0,0.0,13.7
4178,417.8,3,0,0.0,13.68
4179,417.9,3,0,0.0,13.72
4180,418.0,3,0,0.0,13.7
4181,418.1,3,0,0.0,13.72
4182,418.2,2,1,0.0,13.6
4183,418.3,2,0,0.0,13.57
4184,418.4,3,0,0.0,13.15
4185,418.5,3,0,0.0,13.16
4186,418.6,3,0,0.0,13.13
4187,418.7,4,0,0.0,12.35
4188,418.8,4,0,0.0,12.36
4189,418.9,4,0,0.0,12.36
4190,419.0,3,1,0.0,12.37
4191,419.1,3,0,0.0,12.38
4192,419.2,3,0,0.0,12.39
4193,419.3,3,0,0.0,12.39
4194,419.4,3,0,0.0,12.4
4195,419.5,3,0,0.0,12.39
4196,419.6,3,0,0.0,12.39
4197,419.7,3,0,0.0,12.39
4198,419.8,3,0,0.0,12.37
4199,419.9,3,0,0.0,12.4
4200,420.0,3,0,0.0,12.39
4201,420.1,3,0,0.0,12.37
4202,420.2,3,0,0.0,12.37
4203,420.3,4,0,0.0,11.7
4204,420.4,4,0,0.0,11.67
4205,420.5,4,0,0.0,11.66
4206,420.6,4,0,0.0,11.69
4207,420.7,4,0,0.0,11.67
4208,420.8,4,0,0.0,11.71
4209,420.9,4,0,0.0,11.72
4210,421.0,4,0,0.0,11.72
4211,421.1,3,1,0.0,10.95
4212,421.2,3,0,0.0,10.97
4213,421.3,3,0,0.0,10.94
4214,421.4,3,0,0.0,10.93
4215,421.5,3,0,0.0,10.98
4216,421.6,3,0,0.0,10.94
4217,421.7,3,0,0.0,10.95
4218,421.8,3,0,0.0,10.98
4219,421.9,3,0,0.0,11.0
4220,422.0,3,0,0.0,10.97
4221,422.1,3,0,0.0,10.95
4222,422.2,3,0,0.0,10.98
4223,422.3,3,0,0.0,11.02
4224,422.4,3,0,0.0,10.98
4225,422.5,3,0,0.0,10.98
4226,422.6,3,0,0.0,11.01
4227,422.7,3,0,0.0,11.01
4228,422.8,3,0,0.0,11.04
4229,422.9,3,0,0.0,10.99
4230,423.0,3,0,0.0,11.03
4231,423.1,3,0,0.0,11.01
4232,423.2,3,0,0.0,11.05
4233,423.3,3,0,0.0,11.01
4234,423.4,4,0,0.0,11.58
4235,423.5,4,0,0.0,11.56
4236,423.6,4,0,0.0,11.56
4237,423.7,4,0,0.0,11.58
4238,423.8,4,0,0.0,11.55
4239,423.9,4,0,0.0,11.56
4240,424.0,3,1,0.0,11.02
4241,424.1,3,0,0.0,11.01
4242,424.2,2,1,0.0,9.93
4243,424.3,2,0,0.0,9.91
4244,424.4,2,0,0.0,9.93
4245,424.5,2,0,0.0,9.91
4246,424.6,2,0,0.0,9.87
4247,424.7,2,0,0.0,9.93
4248,424.8,2,0,0.0,9.9
4249,424.9,2,0,0.0,9.93
4250,425.0,2,0,0.0,9.95
4251,425.1,2,0,0.0,9.91
4252,425.2,2,0,0.0,9.95
4253,425.3,3,0,0.0,9.93
4254,425.4,3,0,0.0,9.94
4255,425.5,2,1,0.0,9.93
4256,425.6,2,0,0.0,9.94
4257,425.7,2,0,0.0,9.94
4258,425.8,2,0,0.0,9.96
4259,425.9,2,0,0.0,9.91
4260,426.0,3,0,0.0,11.12
4261,426.1,3,0,0.0,11.09
4262,426.2,3,0,0.0,11.11
4263,426.3,4,0,0.0,11.77
4264,426.4,4,0,0.0,11.73
4265,426.5,4,0,0.0,11.77
4266,426.6,4,0,0.0,11.72
4267,426.7,4,0,0.0,11.72
4268,426.8,4,0,0.0,11.76
4269,426.9,4,0,0.0,11.77
4270,427.0,4,0,0.0,11.73
4271,427.1,4,0,0.0,11.74
4272,427.2,4,0,0.0,11.74
4273,427.3,4,0,0.0,11.74
4274,427.4,4,0,0.0,11.73
4275,427.5,4,0,0.0,11.75
4276,427.6,4,0,0.0,11.75
4277,427.7,4,0,0.0,11.76
4278,427.8,4,0,0.0,11.74
4279,427.9,4,0,0.0,11.71
4280,428.0,4,0,0.0,11.73
4281,428.1,4,0,0.0,11.77
4282,428.2,4,0,0.0,11.77
4283,428.3,5,0,0.0,12.2
4284,428.4,5,0,0.0,12.18
4285,428.5,5,0,0.0,12.19
4286,428.6,5,0,0.0,12.18
4287,428.7,5,0,0.0,12.17
4288,428.8,5,0,0.0,12.21
4289,428.9,4,1,0.0,11.74
4290,429.0,4,0,0.0,11.76
4291,429.1,4,0,0.0,11.73
4292,429.2,4,0,0.0,11.76
4293,429.3,4,0,0.0,11.76
4294,429.4,4,0,0.0,11.74
4295,429.5,4,0,0.0,11.73
4296,429.6,4,0,0.0,11.75
4297,429.7,4,0,0.0,11.76
4298,429.8,3,1,0.0,11.16
4299,429.9,3,0,0.0,11.15
4300,430.0,3,0,0.0,11.14
4301,430.1,3,0,0.0,11.13
4302,430.2,3,0,0.0,11.12
4303,430.3,3,0,0.0,11.11
4304,430.4,3,0,0.0,11.14
4305,430.5,3,0,0.0,11.12
4306,430.6,3,0,0.0,11.11
4307,430.7,3,0,0.0,11.1
4308,430.8,3,0,0.0,11.12
4309,430.9,2,1,0.0,11.67
4310,431.0,2,0,0.0,11.8
4311,431.1,2,0,0.0,11.82
4312,431.2,2,0,0.0,11.95
4313,431.3,2,0,0.0,12.09
4314,431.4,2,0,0.0,12.16
4315,431.5,2,0,0.0,12.25
4316,431.6,2,0,0.0,12.37
4317,431.7,3,0,0.0,12.97
4318,431.8,3,0,0.0,13.03
4319,431.9,3,0,0.0,13.08
4320,432.0,3,0,0.0,13.14
4321,432.1,3,0,0.0,13.2
4322,432.2,3,0,0.0,13.27
4323,432.3,3,0,0.0,13.3
4324,432.4,3,0,0.0,13.33
4325,432.5,3,0,0.0,13.44
4326,432.6,3,0,0.0,13.52
4327,432.7,3,0,0.0,13.57
4328,432.8,2,1,0.0,13.68
4329,432.9,2,0,0.0,13.68
4330,433.0,2,0,0.0,13.66
4331,433.1,2,0,0.0,13.7
4332,433.2,2,0,0.0,13.69
4333,433.3,3,0,0.0,13.59
4334,433.4,3,0,0.0,13.59
4335,433.5,3,0,0.0,13.61
4336,433.6,3,0,0.0,13.62
4337,433.7,3,0,0.0,13.58
4338,433.8,3,0,0.0,13.58
4339,433.9,2,1,0.0,13.67
4340,434.0,2,0,0.0,13.67
4341,434.1,2,0,0.0,13.67
4342,434.2,2,0,0.0,13.67
4343,434.3,2,0,0.0,13.7
4344,434.4,2,0,0.0,13.68
4345,434.5,2,0,0.0,13.62
4346,434.6,2,0,0.0,13.69
4347,434.7,2,0,0.0,13.71
4348,434.8,2,0,0.0,13.62
4349,434.9,3,0,0.0,13.77
4350,435.0,3,0,0.0,13.75
4351,435.1,3,0,0.0,13.77
4352,435.2,3,0,0.0,13.74
4353,435.3,3,0,0.0,13.73
4354,435.4,3,0,0.0,13.79
4355,435.5,2,1,0.0,13.89
4356,435.6,2,0,0.0,13.97
4357,435.7,2,0,0.0,13.98
4358,435.8,2,0,0.0,13.91
4359,435.9,2,0,0.0,13.96
4360,436.0,2,0,0.0,13.89
4361,436.1,2,0,0.0,13.95
4362,436.2,2,0,0.0,13.96
4363,436.3,2,0,0.0,13.94
4364,436.4,2,0,0.0,13.91
4365,436.5,2,0,0.0,13.92
4366,436.6,2,0,0.0,13.93
4367,436.7,2,0,0.0,13.91
4368,436.8,2,0,0.0,13.89
4369,436.9,2,0,0.0,13.94
4370,437.0,2,0,0.0,13.92
4371,437.1,2,0,0.0,13.88
4372,437.2,2,0,0.0,13.92
4373,437.3,2,0,0.0,13.98
4374,437.4,3,0,0.0,13.96
4375,437.5,3,0,0.0,13.92
4376,437.6,3,0,0.0,13.96
4377,437.7,3,0,0.0,13.96
4378,437.8,3,0,0.0,13.98
4379,437.9,3,0,0.0,13.9
4380,438.0,3,0,0.0,13.9
4381,438.1,3,0,0.0,13.94
4382,438.2,3,0,0.0,13.91
4383,438.3,4,0,0.0,13.95
4384,438.4,3,1,0.0,13.9
4385,438.5,3,0,0.0,13.95
4386,438.6,3,0,0.0,13.95
4387,438.7,3,0,0.0,13.88
4388,438.8,3,0,0.0,13.94
4389,438.9,2,1,0.0,13.95
4390,439.0,2,0,0.0,13.93
4391,439.1,2,0,0.0,13.92
4392,439.2,2,0,0.0,13.95
4393,439.3,2,0,0.0,13.92
4394,439.4,2,0,0.0,13.91
4395,439.5,2,0,0.0,13.94
4396,439.6,2,0,0.0,14.0
4397,439.7,2,0,0.0,13.99
4398,439.8,2,0,0.0,13.95
4399,439.9,2,0,0.0,13.94
4400,440.0,2,0,0.0,13.92
4401,440.1,2,0,0.0,13.91
4402,440.2,2,0,0.0,13.96
4403,440.3,2,0,0.0,13.98
4404,440.4,2,0,0.0,13.94
4405,440.5,2,0,0.0,13.96
4406,440.6,2,0,0.0,13.98
4407,440.7,2,0,0.0,13.95
4408,440.8,2,0,0.0,13.95
4409,440.9,1,1,0.0,13.98
4410,441.0,1,0,0.0,13.88
4411,441.1,1,0,0.0,13.87
4412,441.2,1,0,0.0,13.98
4413,441.3,1,0,0.0,13.88
4414,441.4,1,0,0.0,13.94
4415,441.5,1,0,0.0,13.92
4416,441.6,1,0,0.0,13.95
4417,441.7,1,0,0.0,13.95
4418,441.8,1,0,0.0,13.89
4419,441.9,1,0,0.0,13.96
4420,442.0,1,0,0.0,13.89
4421,442.1,1,0,0.0,13.94
4422,442.2,1,0,0.0,13.93
4423,442.3,1,0,0.0,13.99
4424,442.4,1,0,0.0,13.95
4425,442.5,1,0,0.0,13.88
4426,442.6,1,0,0.0,13.97
4427,442.7,1,0,0.0,13.89
4428,442.8,1,0,0.0,13.88
4429,442.9,1,0,0.0,13.88
4430,443.0,2,0,0.0,13.47
4431,443.1,2,0,0.0,13.38
4432,443.2,2,0,0.0,13.43
4433,443.3,3,0,0.0,13.02
4434,443.4,3,0,0.0,12.99
4435,443.5,3,0,0.0,12.99
4436,443.6,4,0,0.0,13.2
4437,443.7,4,0,0.0,13.16
4438,443.8,4,0,0.0,13.15
4439,443.9,3,1,0.0,13.47
4440,444.0,3,0,0.0,13.51
4441,444.1,3,0,0.0,13.48
4442,444.2,3,0,0.0,13.49
4443,444.3,3,0,0.0,13.46
4444,444.4,3,0,0.0,13.47
4445,444.5,3,0,0.0,13.52
4446,444.6,3,0,0.0,13.51
4447,444.7,3,0,0.0,13.45
4448,444.8,3,0,0.0,13.51
4449,444.9,3,0,0.0,13.53
4450,445.0,3,0,0.0,13.5
4451,445.1,3,0,0.0,13.53
4452,445.2,3,0,0.0,13.47
4453,445.3,3,0,0.0,13.51
4454,445.4,3,0,0.0,13.51
4455,445.5,3,0,0.0,13.48
4456,445.6,3,0,0.0,13.45
4457,445.7,3,0,0.0,13.53
4458,445.8,3,0,0.0,13.49
4459,445.9,3,0,0.0,13.48
4460,446.0,3,0,0.0,13.49
4461,446.1,3,0,0.0,13.49
4462,446.2,3,0,0.0,13.5
4463,446.3,3,0,0.0,13.45
4464,446.4,3,0,0.0,13.52
4465,446.5,3,0,0.0,13.47
4466,446.6,2,1,0.0,13.24
4467,446.7,2,0,0.0,13.29
4468,446.8,2,0,0.0,13.21
4469,446.9,2,0,0.0,13.32
4470,447.0,2,0,0.0,13.27
4471,447.1,1,1,0.0,12.9
4472,447.2,1,0,0.0,12.85
4473,447.3,1,0,0.0,12.87
4474,447.4,1,0,0.0,12.89
4475,447.5,1,0,0.0,12.86
4476,447.6,1,0,0.0,12.94
4477,447.7,1,0,0.0,12.87
4478,447.8,1,0,0.0,12.93
4479,447.9,1,0,0.0,12.88
4480,448.0,1,0,0.0,12.88
4481,448.1,1,0,0.0,12.85
4482,448.2,1,0,0.0,12.88
4483,448.3,2,0,0.0,13.24
4484,448.4,2,0,0.0,13.2
4485,448.5,2,0,0.0,13.16
4486,448.6,2,0,0.0,13.25
4487,448.7,3,0,0.0,12.85
4488,448.8,3,0,0.0,12.87
4489,448.9,2,1,0.0,12.51
4490,449.0,2,0,0.0,12.51
4491,449.1,2,0,0.0,12.5
4492,449.2,2,0,0.0,12.53
4493,449.3,2,0,0.0,12.48
4494,449.4,2,0,0.0,12.51
4495,449.5,2,0,0.0,12.51
4496,449.6,2,0,0.0,12.5
4497,449.7,2,0,0.0,12.52
4498,449.8,2,0,0.0,12.52
4499,449.9,2,0,0.0,12.47
4500,450.0,2,0,0.0,12.5
4501,450.1,2,0,0.0,12.54
4502,450.2,2,0,0.0,12.5
4503,450.3,2,0,0.0,12.54
4504,450.4,2,0,0.0,12.52
4505,450.5,2,0,0.0,12.51
4506,450.6,2,0,0.0,12.51
4507,450.7,2,0,0.0,12.51
4508,450.8,2,0,0.0,12.52
4509,450.9,2,0,0.0,12.55
4510,451.0,2,0,0.0,12.53
4511,451.1,2,0,0.0,12.49
4512,451.2,2,0,0.0,12.51
4513,451.3,2,0,0.0,12.52
4514,451.4,2,0,0.0,12.48
4515,451.5,2,0,0.0,12.49
4516,451.6,2,0,0.0,12.48
4517,451.7,2,0,0.0,12.54
4518,451.8,2,0,0.0,12.48
4519,451.9,2,0,0.0,12.54
4520,452.0,2,0,0.0,12.54
4521,452.1,2,0,0.0,12.5
4522,452.2,2,0,0.0,12.52
4523,452.3,3,0,0.0,11.6
4524,452.4,3,0,0.0,11.58
4525,452.5,3,0,0.0,11.6
4526,452.6,3,0,0.0,11.6
4527,452.7,3,0,0.0,11.62
4528,452.8,3,0,0.0,11.64
4529,452.9,2,1,0.0,10.94
4530,453.0,2,0,0.0,10.97
4531,453.1,2,0,0.0,10.91
4532,453.2,3,0,0.0,11.74
4533,453.3,3,0,0.0,11.77
4534,453.4,3,0,0.0,11.76
4535,453.5,3,0,0.0,11.75
4536,453.6,3,0,0.0,11.79
4537,453.7,3,0,0.0,11.73
4538,453.8,3,1,0.0,10.64
4539,453.9,3,0,0.0,10.64
4540,454.0,2,1,0.0,10.95
4541,454.1,2,0,0.0,10.98
4542,454.2,2,0,0.0,10.97
4543,454.3,2,0,0.0,10.97
4544,454.4,3,0,0.0,12.0
4545,454.5,3,0,0.0,11.95
4546,454.6,3,0,0.0,11.95
4547,454.7,3,0,0.0,11.95
4548,454.8,3,0,0.0,11.97
4549,454.9,3,0,0.0,11.95
4550,455.0,3,0,0.0,11.96
4551,455.1,3,0,0.0,11.96
4552,455.2,3,0,0.0,11.96
4553,455.3,3,0,0.0,11.96
4554,455.4,3,0,0.0,11.96
4555,455.5,3,0,0.0,11.93
4556,455.6,3,0,0.0,11.93
4557,455.7,3,0,0.0,11.99
4558,455.8,3,0,0.0,11.97
4559,455.9,3,0,0.0,11.94
4560,456.0,3,0,0.0,11.93
4561,456.1,3,0,0.0,11.93
4562,456.2,3,0,0.0,11.93
4563,456.3,3,0,0.0,11.97
4564,456.4,3,0,0.0,11.95
4565,456.5,3,0,0.0,11.96
4566,456.6,3,0,0.0,11.96
4567,456.7,3,0,0.0,11.94
4568,456.8,3,0,0.0,11.99
4569,456.9,3,0,0.0,12.01
4570,457.0,3,0,0.0,11.94
4571,457.1,3,0,0.0,11.95
4572,457.2,2,1,0.0,13.05
4573,457.3,2,0,0.0,13.04
4574,457.4,2,0,0.0,13.02
4575,457.5,2,0,0.0,13.0
4576,457.6,2,0,0.0,13.01
4577,457.7,2,0,0.0,13.04
4578,457.8,2,0,0.0,13.05
4579,457.9,2,0,0.0,13.02
4580,458.0,2,0,0.0,13.02
4581,458.1,2,0,0.0,13.03
4582,458.2,3,0,0.0,12.56
4583,458.3,3,0,0.0,12.54
4584,458.4,3,0,0.0,12.55
4585,458.5,3,0,0.0,12.53
4586,458.6,3,0,0.0,12.56
4587,458.7,3,0,0.0,12.52
4588,458.8,3,0,0.0,12.59
4589,458.9,2,1,0.0,13.05
4590,459.0,2,0,0.0,13.01
4591,459.1,2,0,0.0,13.03
4592,459.2,1,1,0.0,14.0
4593,459.3,1,0,0.0,13.96
4594,459.4,1,0,0.0,13.94
4595,459.5,1,0,0.0,13.95
4596,459.6,1,0,0.0,13.91
4597,459.7,1,0,0.0,13.94
4598,459.8,1,0,0.0,13.94
4599,459.9,1,0,0.0,13.91
4600,460.0,1,0,0.0,14.0
4601,460.1,2,0,0.0,12.22
4602,460.2,2,0,0.0,12.18
4603,460.3,2,0,0.0,12.1
4604,460.4,2,0,0.0,12.17
4605,460.5,2,0,0.0,12.15
4606,460.6,2,0,0.0,12.14
4607,460.7,2,0,0.0,12.19
4608,460.8,2,0,0.0,12.15
4609,460.9,2,0,0.0,12.14
4610,461.0,3,0,0.0,12.77
4611,461.1,3,0,0.0,12.75
4612,461.2,3,0,0.0,12.74
4613,461.3,3,0,0.0,12.76
4614,461.4,4,0,0.0,11.25
4615,461.5,4,0,0.0,11.29
4616,461.6,4,0,0.0,11.27
4617,461.7,4,0,0.0,11.32
4618,461.8,4,0,0.0,11.35
4619,461.9,4,0,0.0,11.38
4620,462.0,4,0,0.0,11.39
4621,462.1,4,0,0.0,11.41
4622,462.2,4,0,0.0,11.44
4623,462.3,4,0,0.0,11.46
4624,462.4,4,0,0.0,11.5
4625,462.5,4,0,0.0,11.51
4626,462.6,4,0,0.0,11.52
4627,462.7,4,0,0.0,11.56
4628,462.8,4,0,0.0,11.6
4629,462.9,4,0,0.0,11.59
4630,463.0,4,0,0.0,11.62
4631,463.1,4,0,0.0,11.66
4632,463.2,5,0,0.0,12.03
4633,463.3,5,0,0.0,11.99
4634,463.4,5,0,0.0,12.0
4635,463.5,5,0,0.0,12.04
4636,463.6,4,1,0.0,11.55
4637,463.7,4,0,0.0,11.57
4638,463.8,3,1,0.0,11.02
4639,463.9,3,0,0.0,11.06
4640,464.0,3,0,0.0,11.08
4641,464.1,3,0,0.0,11.15
4642,464.2,3,0,0.0,11.11
4643,464.3,3,0,0.0,11.12
4644,464.4,3,0,0.0,11.13
4645,464.5,2,1,0.0,9.71
4646,464.6,2,0,0.0,9.79
4647,464.7,2,0,0.0,9.78
4648,464.8,2,0,0.0,9.82
4649,464.9,2,0,0.0,9.88
4650,465.0,2,0,0.0,9.9
4651,465.1,2,0,0.0,9.93
4652,465.2,2,0,0.0,9.93
4653,465.3,2,0,0.0,9.93
4654,465.4,2,0,0.0,9.95
4655,465.5,2,0,0.0,9.98
4656,465.6,2,0,0.0,9.95
4657,465.7,3,0,0.0,11.29
4658,465.8,3,0,0.0,11.32
4659,465.9,3,0,0.0,11.31
4660,466.0,3,0,0.0,11.33
4661,466.1,3,0,0.0,11.3
4662,466.2,3,0,0.0,11.28
4663,466.3,3,0,0.0,11.31
4664,466.4,3,0,0.0,11.3
4665,466.5,3,0,0.0,11.37
4666,466.6,3,0,0.0,11.35
4667,466.7,3,0,0.0,11.36
4668,466.8,3,0,0.0,11.39
4669,466.9,3,0,0.0,11.37
4670,467.0,3,0,0.0,11.35
4671,467.1,3,0,0.0,11.29
4672,467.2,3,0,0.0,11.28
4673,467.3,3,0,0.0,11.25
4674,467.4,3,0,0.0,11.22
4675,467.5,3,0,0.0,11.22
4676,467.6,3,0,0.0,11.18
4677,467.7,3,0,0.0,11.13
4678,467.8,3,0,0.0,11.14
4679,467.9,3,0,0.0,11.14
4680,468.0,3,0,0.0,11.1
4681,468.1,3,0,0.0,11.05
4682,468.2,4,0,0.0,11.65
4683,468.3,4,0,0.0,11.62
4684,468.4,4,0,0.0,11.61
4685,468.5,4,0,0.0,11.57
4686,468.6,4,0,0.0,11.53
4687,468.7,4,0,0.0,11.55
4688,468.8,3,1,0.0,10.96
4689,468.9,3,0,0.0,10.9
4690,469.0,3,0,0.0,10.87
4691,469.1,3,0,0.0,10.85
4692,469.2,3,0,0.0,10.86
4693,469.3,3,0,0.0,10.85
4694,469.4,3,0,0.0,10.81
4695,469.5,3,0,0.0,10.81
4696,469.6,3,0,0.0,10.77
4697,469.7,4,0,0.0,11.49
4698,469.8,4,0,0.0,11.44
4699,469.9,4,0,0.0,11.4
4700,470.0,4,0,0.0,11.41
4701,470.1,4,0,0.0,11.38
4702,470.2,4,0,0.0,11.39
4703,470.3,4,0,0.0,11.36
4704,470.4,4,0,0.0,11.35
4705,470.5,4,0,0.0,11.33
4706,470.6,4,0,0.0,11.3
4707,470.7,4,0,0.0,11.32
4708,470.8,4,0,0.0,11.31
4709,470.9,4,0,0.0,11.33
4710,471.0,4,0,0.0,11.29
4711,471.1,4,0,0.0,11.31
4712,471.2,4,0,0.0,11.28
4713,471.3,4,0,0.0,11.28
4714,471.4,5,0,0.0,11.55
4715,471.5,5,0,0.0,11.54
4716,471.6,5,0,0.0,11.54
4717,471.7,5,0,0.0,11.52
4718,471.8,5,0,0.0,11.51
4719,471.9,5,0,0.0,11.53
4720,472.0,5,0,0.0,11.51
4721,472.1,5,0,0.0,11.48
4722,472.2,5,0,0.0,11.48
4723,472.3,5,0,0.0,11.5
4724,472.4,4,1,0.0,11.74
4725,472.5,4,0,0.0,11.77
4726,472.6,4,0,0.0,11.74
4727,472.7,4,0,0.0,11.73
4728,472.8,4,0,0.0,11.73
4729,472.9,4,0,0.0,11.72
4730,473.0,4,0,0.0,11.7
4731,473.1,4,0,0.0,11.71
4732,473.2,5,0,0.0,12.05
4733,473.3,4,1,0.0,11.62
4734,473.4,4,0,0.0,11.63
4735,473.5,4,0,0.0,11.66
4736,473.6,4,0,0.0,11.61
4737,473.7,4,0,0.0,11.65
4738,473.8,3,1,0.0,11.08
4739,473.9,3,0,0.0,11.06
4740,474.0,3,0,0.0,11.02
4741,474.1,3,0,0.0,10.99
4742,474.2,3,0,0.0,11.01
4743,474.3,2,1,0.0,11.55
4744,474.4,2,0,0.0,11.63
4745,474.5,2,0,0.0,11.73
4746,474.6,2,0,0.0,11.8
4747,474.7,2,0,0.0,11.87
4748,474.8,2,0,0.0,11.96
4749,474.9,2,0,0.0,12.08
4750,475.0,2,0,0.0,12.1
4751,475.1,2,0,0.0,12.19
4752,475.2,2,0,0.0,12.3
4753,475.3,2,0,0.0,12.39
4754,475.4,2,0,0.0,12.52
4755,475.5,2,0,0.0,12.64
4756,475.6,2,0,0.0,12.74
4757,475.7,2,0,0.0,12.83
4758,475.8,2,0,0.0,12.87
4759,475.9,2,0,0.0,13.0
4760,476.0,2,0,0.0,13.1
4761,476.1,2,0,0.0,13.19
4762,476.2,2,0,0.0,13.28
4763,476.3,1,1,0.0,12.65
4764,476.4,1,0,0.0,12.61
4765,476.5,1,0,0.0,12.62
4766,476.6,1,0,0.0,12.65
4767,476.7,1,0,0.0,12.6
4768,476.8,1,0,0.0,12.67
4769,476.9,1,0,0.0,12.65
4770,477.0,1,0,0.0,12.7
4771,477.1,2,0,0.0,13.34
4772,477.2,2,0,0.0,13.27
4773,477.3,2,0,0.0,13.26
4774,477.4,2,0,0.0,13.31
4775,477.5,2,0,0.0,13.33
4776,477.6,2,0,0.0,13.3
4777,477.7,2,0,0.0,13.27
4778,477.8,2,0,0.0,13.27
4779,477.9,2,0,0.0,13.28
4780,478.0,2,0,0.0,13.34
4781,478.1,3,0,0.0,13.35
4782,478.2,3,0,0.0,13.31
4783,478.3,3,0,0.0,13.36
4784,478.4,4,0,0.0,13.02
4785,478.5,4,0,0.0,13.02
4786,478.6,4,0,0.0,13.0
4787,478.7,3,1,0.0,12.81
4788,478.8,3,0,0.0,12.84
4789,478.9,3,0,0.0,12.88
4790,479.0,3,0,0.0,12.86
4791,479.1,3,0,0.0,12.84
4792,479.2,3,0,0.0,12.86
4793,479.3,3,0,0.0,12.85
4794,479.4,3,0,0.0,12.82
4795,479.5,3,0,0.0,12.86
4796,479.6,3,0,0.0,12.84
4797,479.7,3,0,0.0,12.82
4798,479.8,3,0,0.0,12.83
4799,479.9,3,0,0.0,12.86
4800,480.0,3,0,0.0,12.85
4801,480.1,3,0,0.0,12.85
4802,480.2,3,0,0.0,12.87
4803,480.3,3,0,0.0,12.81
4804,480.4,3,0,0.0,12.85
4805,480.5,3,0,0.0,12.89
4806,480.6,3,0,0.0,12.88
4807,480.7,3,0,0.0,12.83
4808,480.8,3,0,0.0,12.83
4809,480.9,3,0,0.0,12.84
4810,481.0,3,0,0.0,12.88
4811,481.1,3,0,0.0,12.83
4812,481.2,3,0,0.0,12.84
4813,481.3,3,0,0.0,12.84
4814,481.4,3,0,0.0,12.87
4815,481.5,2,1,0.0,12.99
4816,481.6,2,0,0.0,12.92
4817,481.7,2,0,0.0,12.98
4818,481.8,2,0,0.0,12.93
4819,481.9,2,0,0.0,12.93
4820,482.0,3,0,0.0,11.98
4821,482.1,3,0,0.0,11.97
4822,482.2,2,1,0.0,12.94
4823,482.3,2,0,0.0,13.0
4824,482.4,1,1,0.0,13.9
4825,482.5,1,0,0.0,13.95
4826,482.6,1,0,0.0,13.96
4827,482.7,1,0,0.0,13.94
4828,482.8,2,0,0.0,13.8
4829,482.9,2,0,0.0,13.76
4830,483.0,2,0,0.0,13.74
4831,483.1,3,0,0.0,13.12
4832,483.2,3,0,0.0,13.07
4833,483.3,3,0,0.0,13.1
4834,483.4,3,0,0.0,13.08
4835,483.5,3,0,0.0,13.09
4836,483.6,3,0,0.0,13.12
4837,483.7,3,0,0.0,13.14
4838,483.8,2,1,0.0,13.74
4839,483.9,2,0,0.0,13.75
4840,484.0,2,0,0.0,13.79
4841,484.1,2,0,0.0,13.7
4842,484.2,2,0,0.0,13.79
4843,484.3,2,0,0.0,13.77
4844,484.4,2,0,0.0,13.74
4845,484.5,2,0,0.0,13.76
4846,484.6,2,0,0.0,13.71
4847,484.7,2,0,0.0,13.73
4848,484.8,2,0,0.0,13.73
4849,484.9,2,0,0.0,13.73
4850,485.0,2,0,0.0,13.73
4851,485.1,2,0,0.0,13.72
4852,485.2,2,0,0.0,13.76
4853,485.3,2,0,0.0,13.76
4854,485.4,2,0,0.0,13.77
4855,485.5,2,0,0.0,13.71
4856,485.6,2,0,0.0,13.74
4857,485.7,2,0,0.0,13.79
4858,485.8,2,0,0.0,13.72
4859,485.9,2,0,0.0,13.76
4860,486.0,2,0,0.0,13.73
4861,486.1,2,0,0.0,13.78
4862,486.2,2,0,0.0,13.73
4863,486.3,1,1,0.0,13.53
4864,486.4,1,0,0.0,13.56
4865,486.5,1,0,0.0,13.57
4866,486.6,1,0,0.0,13.54
4867,486.7,1,0,0.0,13.61
4868,486.8,1,0,0.0,13.61
4869,486.9,1,0,0.0,13.6
4870,487.0,1,0,0.0,13.54
4871,487.1,2,0,0.0,13.57
4872,487.2,2,0,0.0,13.55
4873,487.3,2,0,0.0,13.46
4874,487.4,2,0,0.0,13.51
4875,487.5,2,0,0.0,13.46
4876,487.6,2,0,0.0,13.52
4877,487.7,2,0,0.0,13.48
4878,487.8,2,0,0.0,13.48
4879,487.9,2,0,0.0,13.48
4880,488.0,2,0,0.0,13.5
4881,488.1,3,0,0.0,13.03
4882,488.2,3,0,0.0,13.04
4883,488.3,3,0,0.0,13.01
4884,488.4,3,0,0.0,13.04
4885,488.5,4,0,0.0,13.24
4886,488.6,4,0,0.0,13.23
4887,488.7,3,1,0.0,13.69
4888,488.8,3,0,0.0,13.68
4889,488.9,3,0,0.0,13.66
4890,489.0,3,0,0.0,13.62
4891,489.1,3,0,0.0,13.66
4892,489.2,3,0,0.0,13.69
4893,489.3,3,0,0.0,13.63
4894,489.4,3,0,0.0,13.62
4895,489.5,3,0,0.0,13.65
4896,489.6,3,0,0.0,13.65
4897,489.7,3,0,0.0,13.65
4898,489.8,3,0,0.0,13.66
4899,489.9,3,0,0.0,13.62
4900,490.0,3,0,0.0,13.65
4901,490.1,3,0,0.0,13.66
4902,490.2,3,0,0.0,13.66
4903,490.3,3,0,0.0,13.65
4904,490.4,3,0,0.0,13.68
4905,490.5,3,0,0.0,13.64
4906,490.6,3,0,0.0,13.67
4907,490.7,2,1,0.0,13.72
4908,490.8,2,0,0.0,13.76
4909,490.9,2,0,0.0,13.75
4910,491.0,2,0,0.0,13.72
4911,491.1,2,0,0.0,13.78
4912,491.2,2,0,0.0,13.8
4913,491.3,2,0,0.0,13.73
4914,491.4,2,0,0.0,13.76
4915,491.5,2,0,0.0,13.72
4916,491.6,2,0,0.0,13.74
4917,491.7,2,0,0.0,13.7
4918,491.8,2,0,0.0,13.72
4919,491.9,2,0,0.0,13.71
4920,492.0,2,0,0.0,13.77
4921,492.1,2,0,0.0,13.74
4922,492.2,1,1,0.0,13.96
4923,492.3,1,0,0.0,13.95
4924,492.4,1,0,0.0,14.0
4925,492.5,1,0,0.0,13.96
4926,492.6,1,0,0.0,13.92
4927,492.7,1,0,0.0,13.95
4928,492.8,1,0,0.0,13.96
4929,492.9,1,0,0.0,13.94
4930,493.0,1,0,0.0,13.93
4931,493.1,2,0,0.0,13.82
4932,493.2,2,0,0.0,13.81
4933,493.3,2,0,0.0,13.81
4934,493.4,2,0,0.0,13.8
4935,493.5,2,0,0.0,13.83
4936,493.6,2,0,0.0,13.84
4937,493.7,1,1,0.0,13.93
4938,493.8,1,0,0.0,13.88
4939,493.9,1,0,0.0,13.94
4940,494.0,1,0,0.0,13.97
4941,494.1,2,0,0.0,13.7
4942,494.2,2,0,0.0,13.68
4943,494.3,2,0,0.0,13.66
4944,494.4,2,0,0.0,13.68
4945,494.5,2,0,0.0,13.72
4946,494.6,2,0,0.0,13.65
4947,494.7,2,0,0.0,13.62
4948,494.8,2,0,0.0,13.71
4949,494.9,2,0,0.0,13.67
4950,495.0,2,0,0.0,13.67
4951,495.1,2,0,0.0,13.64
4952,495.2,2,0,0.0,13.67
4953,495.3,2,0,0.0,13.61
4954,495.4,2,0,0.0,13.66
4955,495.5,2,0,0.0,13.65
4956,495.6,2,0,0.0,13.64
4957,495.7,2,0,0.0,13.64
4958,495.8,3,0,0.0,13.69
4959,495.9,3,0,0.0,13.68
4960,496.0,3,0,0.0,13.7
4961,496.1,3,0,0.0,13.68
4962,496.2,3,0,0.0,13.68
4963,496.3,3,0,0.0,13.67
4964,496.4,3,0,0.0,13.67
4965,496.5,3,0,0.0,13.68
4966,496.6,3,0,0.0,13.72
4967,496.7,3,0,0.0,13.66
4968,496.8,3,0,0.0,13.69
4969,496.9,3,0,0.0,13.66
4970,497.0,3,0,0.0,13.72
4971,497.1,3,0,0.0,13.66
4972,497.2,3,0,0.0,13.69
4973,497.3,3,0,0.0,13.71
4974,497.4,3,0,0.0,13.65
4975,497.5,3,0,0.0,13.71
4976,497.6,3,0,0.0,13.71
4977,497.7,2,1,0.0,13.51
4978,497.8,2,0,0.0,13.53
4979,497.9,2,0,0.0,13.53
4980,498.0,3,0,0.0,13.73
4981,498.1,3,0,0.0,13.72
4982,498.2,3,0,0.0,13.69
4983,498.3,3,0,0.0,13.66
4984,498.4,3,0,0.0,13.68
4985,498.5,3,0,0.0,13.68
4986,498.6,2,1,0.0,13.6
4987,498.7,2,0,0.0,13.57
4988,498.8,2,0,0.0,13.56
4989,498.9,2,0,0.0,13.52
4990,499.0,2,0,0.0,13.61
4991,499.1,2,0,0.0,13.54
4992,499.2,2,0,0.0,13.55
4993,499.3,1,1,0.0,13.44
4994,499.4,1,0,0.0,13.42
4995,499.5,1,0,0.0,13.42
4996,499.6,1,0,0.0,13.43
4997,499.7,1,0,0.0,13.38
4998,499.8,2,0,0.0,13.26
4999,499.9,2,0,0.0,13.25
5000,500.0,2,0,0.0,13.21
5001,500.1,3,0,0.0,12.16
5002,500.2,3,0,0.0,12.14
5003,500.3,3,0,0.0,12.17
5004,500.4,3,0,0.0,12.15
5005,500.5,3,0,0.0,12.15
5006,500.6,3,0,0.0,12.12
5007,500.7,3,0,0.0,12.15
5008,500.8,3,0,0.0,12.15
5009,500.9,3,0,0.0,12.15
5010,501.0,3,0,0.0,12.14
5011,501.1,3,0,0.0,12.15
5012,501.2,3,0,0.0,12.15
5013,501.3,3,0,0.0,12.14
5014,501.4,3,0,0.0,12.13
5015,501.5,3,0,0.0,12.17
5016,501.6,3,0,0.0,12.14
5017,501.7,3,0,0.0,12.15
5018,501.8,3,0,0.0,12.13
5019,501.9,3,0,0.0,12.12
5020,502.0,3,0,0.0,12.17
5021,502.1,3,0,0.0,12.15
5022,502.2,3,0,0.0,12.14
5023,502.3,3,0,0.0,12.17
5024,502.4,3,0,0.0,12.17
5025,502.5,4,0,0.0,11.62
5026,502.6,4,0,0.0,11.59
5027,502.7,4,0,0.0,11.62
5028,502.8,4,0,0.0,11.62
5029,502.9,4,0,0.0,11.6
5030,503.0,5,0,0.0,12.07
5031,503.1,5,0,0.0,12.07
5032,503.2,5,0,0.0,12.08
5033,503.3,5,0,0.0,12.05
5034,503.4,5,0,0.0,12.09
5035,503.5,5,0,0.0,12.06
5036,503.6,3,2,0.0,11.02
5037,503.7,3,0,0.0,10.98
5038,503.8,3,0,0.0,11.02
5039,503.9,3,0,0.0,11.0
5040,504.0,3,0,0.0,11.02
5041,504.1,3,0,0.0,11.01
5042,504.2,3,0,0.0,11.01
5043,504.3,3,0,0.0,11.03
5044,504.4,2,1,0.0,11.51
5045,504.5,3,0,0.0,12.23
5046,504.6,3,0,0.0,12.19
5047,504.7,3,0,0.0,12.23
5048,504.8,3,0,0.0,12.2
5049,504.9,3,0,0.0,12.23
5050,505.0,3,0,0.0,12.19
5051,505.1,3,0,0.0,12.2
5052,505.2,3,0,0.0,12.2
5053,505.3,3,0,0.0,12.21
5054,505.4,3,0,0.0,12.18
5055,505.5,4,0,0.0,12.25
5056,505.6,4,0,0.0,12.21
5057,505.7,4,0,0.0,12.23
5058,505.8,4,0,0.0,12.23
5059,505.9,4,0,0.0,12.18
5060,506.0,4,0,0.0,12.23
5061,506.1,4,0,0.0,12.21
5062,506.2,4,0,0.0,12.2
5063,506.3,4,0,0.0,12.2
5064,506.4,4,0,0.0,12.2
5065,506.5,4,0,0.0,12.21
5066,506.6,4,0,0.0,12.2
5067,506.7,4,0,0.0,12.21
5068,506.8,4,0,0.0,12.21
5069,506.9,4,0,0.0,12.22
5070,507.0,4,0,0.0,12.21
5071,507.1,4,0,0.0,12.23
5072,507.2,4,0,0.0,12.22
5073,507.3,4,0,0.0,12.22
5074,507.4,4,0,0.0,12.21
5075,507.5,4,0,0.0,12.23
5076,507.6,4,0,0.0,12.21
5077,507.7,4,0,0.0,12.23
5078,507.8,4,0,0.0,12.21
5079,507.9,4,0,0.0,12.2
5080,508.0,5,0,0.0,12.54
5081,508.1,4,1,0.0,12.23
5082,508.2,4,0,0.0,12.26
5083,508.3,4,0,0.0,12.22
5084,508.4,4,0,0.0,12.2
5085,508.5,4,0,0.0,12.18
5086,508.6,3,1,0.0,11.62
5087,508.7,3,0,0.0,11.57
5088,508.8,3,0,0.0,11.53
5089,508.9,3,0,0.0,11.54
5090,509.0,3,0,0.0,11.52
5091,509.1,3,0,0.0,11.48
5092,509.2,3,0,0.0,11.51
5093,509.3,3,0,0.0,11.51
5094,509.4,3,0,0.0,11.46
5095,509.5,3,0,0.0,11.48
5096,509.6,2,1,0.0,10.63
5097,509.7,2,0,0.0,10.59
5098,509.8,2,0,0.0,10.63
5099,509.9,2,0,0.0,10.54
5100,510.0,2,0,0.0,10.56
5101,510.1,2,0,0.0,10.58
5102,510.2,2,0,0.0,10.51
5103,510.3,2,0,0.0,10.48
5104,510.4,3,0,0.0,10.35
5105,510.5,3,0,0.0,10.31
5106,510.6,2,1,0.0,10.44
5107,510.7,2,0,0.0,10.48
5108,510.8,2,0,0.0,10.41
5109,510.9,2,0,0.0,10.44
5110,511.0,2,0,0.0,10.46
5111,511.1,2,0,0.0,10.38
5112,511.2,3,0,0.0,11.39
5113,511.3,3,0,0.0,11.4
5114,511.4,3,0,0.0,11.35
5115,511.5,3,0,0.0,11.35
5116,511.6,3,0,0.0,11.35
5117,511.7,3,0,0.0,11.35
5118,511.8,3,0,0.0,11.34
5119,511.9,3,0,0.0,11.33
5120,512.0,3,0,0.0,11.33
5121,512.1,3,0,0.0,11.31
5122,512.2,3,0,0.0,11.32
5123,512.3,3,0,0.0,11.28
5124,512.4,3,0,0.0,11.28
5125,512.5,3,0,0.0,11.31
5126,512.6,3,0,0.0,11.3
5127,512.7,3,0,0.0,11.25
5128,512.8,3,0,0.0,11.28
5129,512.9,3,0,0.0,11.27
5130,513.0,4,0,0.0,11.8
5131,513.1,4,0,0.0,11.81
5132,513.2,5,0,0.0,12.25
5133,513.3,5,0,0.0,12.22
5134,513.4,5,0,0.0,12.22
5135,513.5,5,0,0.0,12.22
5136,513.6,4,1,0.0,11.89
5137,513.7,4,0,0.0,11.94
5138,513.8,4,0,0.0,11.95
5139,513.9,4,0,0.0,11.91
5140,514.0,4,0,0.0,11.94
5141,514.1,4,0,0.0,11.9
5142,514.2,4,0,0.0,11.89
5143,514.3,4,0,0.0,11.92
5144,514.4,4,0,0.0,11.91
5145,514.5,4,0,0.0,11.89
5146,514.6,4,0,0.0,11.9
5147,514.7,3,1,0.0,12.5
5148,514.8,3,0,0.0,12.58
5149,514.9,3,0,0.0,12.58
5150,515.0,3,0,0.0,12.64
5151,515.1,3,0,0.0,12.75
5152,515.2,3,0,0.0,12.83
5153,515.3,3,0,0.0,12.85
5154,515.4,3,0,0.0,12.99
5155,515.5,3,0,0.0,13.04
5156,515.6,3,0,0.0,13.06
5157,515.7,3,0,0.0,13.16
5158,515.8,3,0,0.0,13.21
5159,515.9,3,0,0.0,13.22
5160,516.0,3,0,0.0,13.22
5161,516.1,3,0,0.0,13.23
5162,516.2,3,0,0.0,13.2
5163,516.3,3,0,0.0,13.22
5164,516.4,3,0,0.0,13.2
5165,516.5,3,0,0.0,13.23
5166,516.6,3,0,0.0,13.18
5167,516.7,1,2,0.0,13.46
5168,516.8,2,0,0.0,13.72
5169,516.9,2,0,0.0,13.63
5170,517.0,2,0,0.0,13.67
5171,517.1,2,0,0.0,13.68
5172,517.2,2,0,0.0,13.66
5173,517.3,2,0,0.0,13.68
5174,517.4,2,0,0.0,13.7
5175,517.5,2,0,0.0,13.66
5176,517.6,2,0,0.0,13.68
5177,517.7,2,0,0.0,13.66
5178,517.8,2,0,0.0,13.67
5179,517.9,2,0,0.0,13.68
5180,518.0,3,0,0.0,13.81
5181,518.1,3,0,0.0,13.77
5182,518.2,3,0,0.0,13.78
5183,518.3,3,0,0.0,13.74
5184,518.4,3,0,0.0,13.79
5185,518.5,3,0,0.0,13.73
5186,518.6,2,1,0.0,13.68
5187,518.7,2,0,0.0,13.67
5188,518.8,2,0,0.0,13.63
5189,518.9,2,0,0.0,13.65
5190,519.0,2,0,0.0,13.67
5191,519.1,2,0,0.0,13.64
5192,519.2,2,0,0.0,13.63
5193,519.3,2,0,0.0,13.71
5194,519.4,2,0,0.0,13.7
5195,519.5,2,0,0.0,13.66
5196,519.6,2,0,0.0,13.7
5197,519.7,2,0,0.0,13.7
5198,519.8,2,0,0.0,13.66
5199,519.9,2,0,0.0,13.61
5200,520.0,2,0,0.0,13.65
5201,520.1,2,0,0.0,13.71
5202,520.2,2,0,0.0,13.67
5203,520.3,2,0,0.0,13.7
5204,520.4,2,0,0.0,13.69
5205,520.5,2,0,0.0,13.61
5206,520.6,2,0,0.0,13.66
5207,520.7,1,1,0.0,13.97
5208,520.8,1,0,0.0,13.87
5209,520.9,1,0,0.0,13.91
5210,521.0,1,0,0.0,13.92
5211,521.1,1,0,0.0,13.99
5212,521.2,1,0,0.0,13.94
5213,521.3,1,0,0.0,13.88
5214,521.4,1,0,0.0,13.88
5215,521.5,1,0,0.0,13.99
5216,521.6,1,0,0.0,13.99
5217,521.7,1,0,0.0,13.94
5218,521.8,1,0,0.0,13.9
5219,521.9,2,0,0.0,13.65
5220,522.0,2,0,0.0,13.56
5221,522.1,2,0,0.0,13.64
5222,522.2,2,0,0.0,13.66
5223,522.3,2,0,0.0,13.59
5224,522.4,2,0,0.0,13.58
5225,522.5,3,0,0.0,13.73
5226,522.6,3,0,0.0,13.73
5227,522.7,3,0,0.0,13.71
5228,522.8,3,0,0.0,13.75
5229,522.9,4,0,0.0,13.69
5230,523.0,4,0,0.0,13.67
5231,523.1,4,0,0.0,13.67
5232,523.2,4,0,0.0,13.72
5233,523.3,4,0,0.0,13.66
5234,523.4,4,0,0.0,13.69
5235,523.5,3,1,0.0,13.72
5236,523.6,3,0,0.0,13.77
5237,523.7,3,0,0.0,13.76
5238,523.8,3,0,0.0,13.73
5239,523.9,3,0,0.0,13.71
5240,524.0,3,0,0.0,13.74
5241,524.1,3,0,0.0,13.72
5242,524.2,3,0,0.0,13.71
5243,524.3,3,0,0.0,13.69
5244,524.4,3,0,0.0,13.75
5245,524.5,3,0,0.0,13.74
5246,524.6,3,0,0.0,13.73
5247,524.7,3,0,0.0,13.75
5248,524.8,3,0,0.0,13.73
5249,524.9,3,0,0.0,13.75
5250,525.0,3,0,0.0,13.71
5251,525.1,3,0,0.0,13.72
5252,525.2,3,0,0.0,13.74
5253,525.3,3,0,0.0,13.74
5254,525.4,3,0,0.0,13.73
5255,525.5,2,1,0.0,13.94
5256,525.6,2,0,0.0,13.9
5257,525.7,2,0,0.0,13.9
5258,525.8,2,0,0.0,13.93
5259,525.9,2,0,0.0,13.93
5260,526.0,1,1,0.0,13.89
5261,526.1,1,0,0.0,13.94
5262,526.2,1,0,0.0,13.92
5263,526.3,1,0,0.0,13.9
5264,526.4,1,0,0.0,13.99
5265,526.5,1,0,0.0,13.96
5266,526.6,1,0,0.0,13.94
5267,526.7,1,0,0.0,13.94
5268,526.8,1,0,0.0,13.98
5269,526.9,1,0,0.0,13.97
5270,527.0,1,0,0.0,13.88
5271,527.1,1,0,0.0,13.97
5272,527.2,1,0,0.0,13.92
5273,527.3,1,0,0.0,13.93
5274,527.4,1,0,0.0,13.87
5275,527.5,1,0,0.0,13.96
5276,527.6,1,0,0.0,13.93
5277,527.7,1,0,0.0,13.9
5278,527.8,1,0,0.0,13.93
5279,527.9,2,0,0.0,13.81
5280,528.0,2,0,0.0,13.76
5281,528.1,2,0,0.0,13.74
5282,528.2,3,0,0.0,13.82
5283,528.3,3,0,0.0,13.84
5284,528.4,3,0,0.0,13.82
5285,528.5,2,1,0.0,13.97
5286,528.6,2,0,0.0,13.96
5287,528.7,2,0,0.0,13.97
5288,528.8,2,0,0.0,13.94
5289,528.9,2,0,0.0,13.91
5290,529.0,2,0,0.0,13.94
5291,529.1,2,0,0.0,13.94
5292,529.2,2,0,0.0,13.94
5293,529.3,2,0,0.0,13.93
5294,529.4,2,0,0.0,13.94
5295,529.5,2,0,0.0,13.97
5296,529.6,2,0,0.0,13.92
5297,529.7,2,0,0.0,13.93
5298,529.8,2,0,0.0,13.89
5299,529.9,2,0,0.0,13.89
5300,530.0,2,0,0.0,13.93
5301,530.1,2,0,0.0,13.91
5302,530.2,2,0,0.0,13.97
5303,530.3,2,0,0.0,13.96
5304,530.4,2,0,0.0,13.95
5305,530.5,2,0,0.0,13.91
5306,530.6,3,0,0.0,13.96
5307,530.7,3,0,0.0,13.96
5308,530.8,3,0,0.0,13.95
5309,530.9,3,0,0.0,13.95
5310,531.0,3,0,0.0,13.92
5311,531.1,3,0,0.0,13.95
5312,531.2,3,0,0.0,13.92
5313,531.3,3,0,0.0,13.93
5314,531.4,3,0,0.0,13.94
5315,531.5,3,0,0.0,13.93
5316,531.6,3,0,0.0,13.91
5317,531.7,2,1,0.0,13.95
5318,531.8,2,0,0.0,13.96
5319,531.9,2,0,0.0,13.94
5320,532.0,2,0,0.0,13.92
5321,532.1,2,0,0.0,13.93
5322,532.2,2,0,0.0,13.94
5323,532.3,2,0,0.0,13.96
5324,532.4,2,0,0.0,13.94
5325,532.5,2,0,0.0,13.96
5326,532.6,2,0,0.0,13.92
5327,532.7,2,0,0.0,13.94
5328,532.8,2,0,0.0,13.92
5329,532.9,3,0,0.0,13.66
5330,533.0,3,0,0.0,13.62
5331,533.1,3,0,0.0,13.6
5332,533.2,3,0,0.0,13.58
5333,533.3,3,0,0.0,13.61
5334,533.4,3,0,0.0,13.57
5335,533.5,2,1,0.0,13.93
5336,533.6,2,0,0.0,13.92
5337,533.7,2,0,0.0,13.94
5338,533.8,2,0,0.0,13.91
5339,533.9,3,0,0.0,13.83
5340,534.0,3,0,0.0,13.79
5341,534.1,2,1,0.0,13.76
5342,534.2,2,0,0.0,13.76
5343,534.3,2,0,0.0,13.79
5344,534.4,2,0,0.0,13.72
5345,534.5,2,0,0.0,13.74
5346,534.6,2,0,0.0,13.74
5347,534.7,2,0,0.0,13.72
5348,534.8,2,0,0.0,13.81
5349,534.9,2,0,0.0,13.78
5350,535.0,2,0,0.0,13.75
5351,535.1,2,0,0.0,13.7
5352,535.2,2,0,0.0,13.77
5353,535.3,2,0,0.0,13.75
5354,535.4,2,0,0.0,13.78
5355,535.5,2,0,0.0,13.77
5356,535.6,2,0,0.0,13.74
5357,535.7,2,0,0.0,13.72
5358,535.8,2,0,0.0,13.75
5359,535.9,2,0,0.0,13.77
5360,536.0,2,0,0.0,13.75
5361,536.1,2,0,0.0,13.8
5362,536.2,2,0,0.0,13.77
5363,536.3,2,0,0.0,13.77
5364,536.4,2,0,0.0,13.75
5365,536.5,2,0,0.0,13.78
5366,536.6,2,0,0.0,13.72
5367,536.7,2,0,0.0,13.78
5368,536.8,2,0,0.0,13.72
5369,536.9,2,0,0.0,13.77
5370,537.0,2,0,0.0,13.77
5371,537.1,2,0,0.0,13.78
5372,537.2,2,0,0.0,13.7
5373,537.3,2,0,0.0,13.79
5374,537.4,1,1,0.0,13.56
5375,537.5,1,0,0.0,13.57
5376,537.6,1,0,0.0,13.61
5377,537.7,1,0,0.0,13.61
5378,537.8,1,0,0.0,13.57
5379,537.9,2,0,0.0,13.79
5380,538.0,2,0,0.0,13.75
5381,538.1,2,0,0.0,13.75
5382,538.2,2,0,0.0,13.73
5383,538.3,2,0,0.0,13.73
5384,538.4,2,0,0.0,13.77
5385,538.5,1,1,0.0,13.6
5386,538.6,1,0,0.0,13.56
5387,538.7,2,0,0.0,11.78
5388,538.8,2,0,0.0,11.77
5389,538.9,1,1,0.0,13.53
5390,539.0,1,0,0.0,13.54
5391,539.1,1,0,0.0,13.55
5392,539.2,1,0,0.0,13.6
5393,539.3,2,0,0.0,13.44
5394,539.4,2,0,0.0,13.37
5395,539.5,2,0,0.0,13.36
5396,539.6,3,0,0.0,13.58
5397,539.7,3,0,0.0,13.6
5398,539.8,3,0,0.0,13.56
5399,539.9,3,0,0.0,13.59
5400,540.0,3,0,0.0,13.6
5401,540.1,3,0,0.0,13.58
5402,540.2,3,0,0.0,13.59
5403,540.3,3,0,0.0,13.59
5404,540.4,3,0,0.0,13.55
5405,540.5,3,0,0.0,13.53
5406,540.6,3,0,0.0,13.55
5407,540.7,3,0,0.0,13.58
5408,540.8,3,0,0.0,13.58
5409,540.9,3,0,0.0,13.57
5410,541.0,3,0,0.0,13.56
5411,541.1,3,0,0.0,13.6
5412,541.2,3,0,0.0,13.55
5413,541.3,3,0,0.0,13.55
5414,541.4,3,0,0.0,13.56
5415,541.5,3,0,0.0,13.58
5416,541.6,3,0,0.0,13.62
5417,541.7,3,0,0.0,13.57
5418,541.8,3,0,0.0,13.58
5419,541.9,3,0,0.0,13.58
5420,542.0,3,0,0.0,13.57
5421,542.1,3,0,0.0,13.6
5422,542.2,3,0,0.0,13.56
5423,542.3,3,0,0.0,13.58
5424,542.4,3,0,0.0,13.53
5425,542.5,3,0,0.0,13.57
5426,542.6,3,0,0.0,13.58
5427,542.7,3,0,0.0,13.54
5428,542.8,3,0,0.0,13.57
5429,542.9,3,1,0.0,13.76
5430,543.0,3,0,0.0,13.72
5431,543.1,3,0,0.0,13.73
5432,543.2,3,0,0.0,13.74
5433,543.3,2,1,0.0,13.79
5434,543.4,2,0,0.0,13.84
5435,543.5,1,1,0.0,13.95
5436,543.6,1,0,0.0,13.9
5437,543.7,1,0,0.0,13.9
5438,543.8,1,0,0.0,14.0
5439,543.9,1,0,0.0,14.0
5440,544.0,1,0,0.0,13.99
5441,544.1,1,0,0.0,13.93
5442,544.2,1,0,0.0,14.0
5443,544.3,2,0,0.0,11.98
5444,544.4,2,0,0.0,11.98
5445,544.5,2,0,0.0,11.91
5446,544.6,2,0,0.0,11.97
5447,544.7,2,0,0.0,11.94
5448,544.8,2,0,0.0,11.95
5449,544.9,2,0,0.0,11.97
5450,545.0,2,0,0.0,11.96
5451,545.1,2,0,0.0,11.94
5452,545.2,3,0,0.0,10.36
5453,545.3,3,0,0.0,10.32
5454,545.4,3,0,0.0,10.36
5455,545.5,3,0,0.0,10.4
5456,545.6,3,0,0.0,10.45
5457,545.7,3,0,0.0,10.49
5458,545.8,3,0,0.0,10.53
5459,545.9,3,0,0.0,10.53
5460,546.0,3,0,0.0,10.56
5461,546.1,3,0,0.0,10.6
5462,546.2,3,0,0.0,10.6
5463,546.3,3,0,0.0,10.63
5464,546.4,3,0,0.0,10.68
5465,546.5,3,0,0.0,10.68
5466,546.6,3,0,0.0,10.69
5467,546.7,3,0,0.0,10.71
5468,546.8,3,0,0.0,10.76
5469,546.9,3,0,0.0,10.79
5470,547.0,3,0,0.0,10.77
5471,547.1,3,0,0.0,10.8
5472,547.2,3,0,0.0,10.85
5473,547.3,3,0,0.0,10.83
5474,547.4,3,0,0.0,10.88
5475,547.5,3,0,0.0,10.89
5476,547.6,3,0,0.0,10.92
5477,547.7,3,0,0.0,10.88
5478,547.8,4,0,0.0,11.32
5479,547.9,4,0,0.0,11.3
5480,548.0,5,0,0.0,11.87
5481,548.1,5,0,0.0,11.85
5482,548.2,5,0,0.0,11.86
5483,548.3,5,0,0.0,11.88
5484,548.4,4,1,0.0,11.75
5485,548.5,4,0,0.0,11.72
5486,548.6,4,0,0.0,11.69
5487,548.7,4,0,0.0,11.73
5488,548.8,3,1,0.0,11.01
5489,548.9,3,0,0.0,11.05
5490,549.0,3,0,0.0,11.05
5491,549.1,3,0,0.0,11.02
5492,549.2,3,0,0.0,11.05
5493,549.3,3,0,0.0,11.05
5494,549.4,3,0,0.0,11.05
5495,549.5,3,0,0.0,11.1
5496,549.6,3,0,0.0,11.11
5497,549.7,3,0,0.0,11.1
5498,549.8,3,0,0.0,11.1
5499,549.9,3,0,0.0,11.07
5500,550.0,3,0,0.0,11.12
5501,550.1,3,0,0.0,11.1
5502,550.2,3,0,0.0,11.11
5503,550.3,3,0,0.0,11.15
5504,550.4,3,0,0.0,11.15
5505,550.5,3,0,0.0,11.13
5506,550.6,3,0,0.0,11.13
5507,550.7,3,0,0.0,11.15
5508,550.8,3,0,0.0,11.14
5509,550.9,4,0,0.0,11.85
5510,551.0,4,0,0.0,11.87
5511,551.1,4,0,0.0,11.85
5512,551.2,4,0,0.0,11.88
5513,551.3,4,0,0.0,11.84
5514,551.4,4,0,0.0,11.86
5515,551.5,3,1,0.0,11.16
5516,551.6,3,0,0.0,11.21
5517,551.7,3,0,0.0,11.2
5518,551.8,3,0,0.0,11.17
5519,551.9,3,0,0.0,11.19
5520,552.0,3,0,0.0,11.2
5521,552.1,3,0,0.0,11.19
5522,552.2,3,0,0.0,11.21
5523,552.3,3,0,0.0,11.18
5524,552.4,3,0,0.0,11.22
5525,552.5,3,0,0.0,11.22
5526,552.6,3,0,0.0,11.21
5527,552.7,3,0,0.0,11.22
5528,552.8,4,0,0.0,11.91
5529,552.9,4,0,0.0,11.9
5530,553.0,4,0,0.0,11.93
5531,553.1,4,0,0.0,11.9
5532,553.2,4,0,0.0,11.89
5533,553.3,4,0,0.0,11.89
5534,553.4,3,1,0.0,11.2
5535,553.5,3,0,0.0,11.22
5536,553.6,3,0,0.0,11.2
5537,553.7,3,0,0.0,11.25
5538,553.8,3,0,0.0,11.25
5539,553.9,3,0,0.0,11.26
5540,554.0,3,0,0.0,11.23
5541,554.1,3,0,0.0,11.24
5542,554.2,3,0,0.0,11.24
5543,554.3,3,0,0.0,11.28
5544,554.4,3,0,0.0,11.25
5545,554.5,3,0,0.0,11.25
5546,554.6,3,0,0.0,11.25
5547,554.7,3,0,0.0,11.23
5548,554.8,3,0,0.0,11.27
5549,554.9,3,0,0.0,11.24
5550,555.0,3,0,0.0,11.25
5551,555.1,3,0,0.0,11.26
5552,555.2,3,0,0.0,11.22
5553,555.3,3,0,0.0,11.27
5554,555.4,3,0,0.0,11.29
5555,555.5,3,0,0.0,11.25
5556,555.6,3,0,0.0,11.21
5557,555.7,3,0,0.0,11.14
5558,555.8,3,0,0.0,11.12
5559,555.9,3,0,0.0,11.08
5560,556.0,3,0,0.0,11.07
5561,556.1,3,0,0.0,11.06
5562,556.2,3,0,0.0,11.01
5563,556.3,3,0,0.0,10.98
5564,556.4,3,0,0.0,10.97
5565,556.5,2,1,0.0,11.42
5566,556.6,3,0,0.0,12.28
5567,556.7,4,0,0.0,12.77
5568,556.8,4,0,0.0,12.84
5569,556.9,4,0,0.0,12.91
5570,557.0,4,0,0.0,13.0
5571,557.1,4,0,0.0,13.05
5572,557.2,4,0,0.0,13.11
5573,557.3,4,0,0.0,13.15
5574,557.4,4,0,0.0,13.27
5575,557.5,4,0,0.0,13.33
5576,557.6,4,0,0.0,13.37
5577,557.7,4,0,0.0,13.49
5578,557.8,5,0,0.0,13.61
5579,557.9,5,0,0.0,13.68
5580,558.0,5,0,0.0,13.73
5581,558.1,5,0,0.0,13.77
5582,558.2,5,0,0.0,13.82
5583,558.3,5,0,0.0,13.9
5584,558.4,3,2,0.0,13.93
5585,558.5,3,0,0.0,13.92
5586,558.6,3,0,0.0,13.97
5587,558.7,3,0,0.0,13.91
5588,558.8,3,0,0.0,13.92
5589,558.9,3,0,0.0,13.92
5590,559.0,3,0,0.0,13.93
5591,559.1,3,0,0.0,13.98
5592,559.2,3,0,0.0,13.96
5593,559.3,3,0,0.0,13.95
5594,559.4,3,0,0.0,13.9
5595,559.5,3,0,0.0,13.94
5596,559.6,3,0,0.0,13.94
5597,559.7,3,0,0.0,13.94
5598,559.8,3,0,0.0,13.91
5599,559.9,3,0,0.0,13.97
5600,560.0,3,0,0.0,13.97
5601,560.1,3,0,0.0,13.94
5602,560.2,1,2,0.0,13.97
5603,560.3,1,0,0.0,13.99
5604,560.4,1,0,0.0,13.91
5605,560.5,1,0,0.0,13.92
5606,560.6,1,0,0.0,13.96
5607,560.7,1,0,0.0,13.91
5608,560.8,1,0,0.0,13.99
5609,560.9,1,0,0.0,13.92
5610,561.0,1,0,0.0,13.89
5611,561.1,1,0,0.0,13.9
5612,561.2,1,0,0.0,13.96
5613,561.3,1,0,0.0,13.88
5614,561.4,1,0,0.0,13.88
5615,561.5,1,0,0.0,13.97
5616,561.6,1,0,0.0,13.98
5617,561.7,1,0,0.0,13.98
5618,561.8,1,0,0.0,13.88
5619,561.9,1,0,0.0,13.89
5620,562.0,1,0,0.0,13.9
5621,562.1,1,0,0.0,13.98
5622,562.2,1,0,0.0,13.89
5623,562.3,2,0,0.0,13.76
5624,562.4,2,0,0.0,13.69
5625,562.5,2,0,0.0,13.73
5626,562.6,2,0,0.0,13.73
5627,562.7,2,0,0.0,13.73
5628,562.8,3,0,0.0,13.77
5629,562.9,3,0,0.0,13.8
5630,563.0,3,0,0.0,13.76
5631,563.1,3,0,0.0,13.79
5632,563.2,3,0,0.0,13.77
5633,563.3,3,0,0.0,13.8
5634,563.4,2,1,0.0,13.69
5635,563.5,2,0,0.0,13.7
5636,563.6,2,0,0.0,13.69
5637,563.7,2,0,0.0,13.69
5638,563.8,2,0,0.0,13.72
5639,563.9,2,0,0.0,13.75
5640,564.0,2,0,0.0,13.73
5641,564.1,2,0,0.0,13.73
5642,564.2,2,0,0.0,13.71
5643,564.3,2,0,0.0,13.68
5644,564.4,2,0,0.0,13.69
5645,564.5,2,0,0.0,13.73
5646,564.6,2,0,0.0,13.7
5647,564.7,2,0,0.0,13.76
5648,564.8,2,0,0.0,13.75
5649,564.9,2,0,0.0,13.74
5650,565.0,2,0,0.0,13.71
5651,565.1,2,0,0.0,13.73
5652,565.2,2,0,0.0,13.65
5653,565.3,2,0,0.0,13.69
5654,565.4,3,0,0.0,13.8
5655,565.5,3,0,0.0,13.78
5656,565.6,3,0,0.0,13.77
5657,565.7,3,0,0.0,13.77
5658,565.8,2,1,0.0,13.7
5659,565.9,2,0,0.0,13.72
5660,566.0,2,0,0.0,13.66
5661,566.1,2,0,0.0,13.71
5662,566.2,2,0,0.0,13.7
5663,566.3,2,0,0.0,13.66
5664,566.4,2,0,0.0,13.7
5665,566.5,2,0,0.0,13.71
5666,566.6,2,0,0.0,13.7
5667,566.7,2,0,0.0,13.73
5668,566.8,2,0,0.0,13.72
5669,566.9,2,0,0.0,13.69
5670,567.0,2,0,0.0,13.74
5671,567.1,3,0,0.0,12.46
5672,567.2,3,0,0.0,12.47
5673,567.3,2,1,0.0,13.67
5674,567.4,2,0,0.0,13.73
5675,567.5,2,0,0.0,13.68
5676,567.6,2,0,0.0,13.7
5677,567.7,2,0,0.0,13.73
5678,567.8,3,0,0.0,13.2
5679,567.9,4,0,0.0,12.89
5680,568.0,4,0,0.0,12.84
5681,568.1,4,0,0.0,12.89
5682,568.2,4,0,0.0,12.85
5683,568.3,4,0,0.0,12.85
5684,568.4,3,1,0.0,13.14
5685,568.5,3,0,0.0,13.14
5686,568.6,3,0,0.0,13.12
5687,568.7,3,0,0.0,13.13
5688,568.8,3,0,0.0,13.1
5689,568.9,2,1,0.0,12.73
5690,569.0,2,0,0.0,12.76
5691,569.1,2,0,0.0,12.74
5692,569.2,2,0,0.0,12.68
5693,569.3,2,0,0.0,12.71
5694,569.4,2,0,0.0,12.69
5695,569.5,2,0,0.0,12.74
5696,569.6,2,0,0.0,12.75
5697,569.7,2,0,0.0,12.78
5698,569.8,2,0,0.0,12.72
5699,569.9,2,0,0.0,12.68
5700,570.0,2,0,0.0,12.7
5701,570.1,2,0,0.0,12.71
5702,570.2,2,0,0.0,12.78
5703,570.3,2,0,0.0,12.75
5704,570.4,2,0,0.0,12.77
5705,570.5,2,0,0.0,12.73
5706,570.6,2,0,0.0,12.7
5707,570.7,2,0,0.0,12.68
5708,570.8,2,0,0.0,12.7
5709,570.9,2,0,0.0,12.75
5710,571.0,2,0,0.0,12.79
5711,571.1,2,0,0.0,12.74
5712,571.2,2,0,0.0,12.73
5713,571.3,2,0,0.0,12.74
5714,571.4,2,0,0.0,12.71
5715,571.5,2,0,0.0,12.75
5716,571.6,2,0,0.0,12.7
5717,571.7,2,0,0.0,12.73
5718,571.8,1,1,0.0,12.0
5719,571.9,1,0,0.0,11.93
5720,572.0,1,0,0.0,12.0
5721,572.1,1,0,0.0,12.02
5722,572.2,1,0,0.0,12.0
5723,572.3,1,0,0.0,11.92
5724,572.4,1,0,0.0,11.96
5725,572.5,1,0,0.0,11.93
5726,572.6,1,0,0.0,11.98
5727,572.7,2,0,0.0,11.71
5728,572.8,2,0,0.0,11.65
5729,572.9,2,0,0.0,11.72
5730,573.0,2,0,0.0,11.66
5731,573.1,2,0,0.0,11.69
5732,573.2,2,0,0.0,11.64
5733,573.3,2,0,0.0,11.69
5734,573.4,1,1,0.0,11.95
5735,573.5,1,0,0.0,11.97
5736,573.6,2,0,0.0,12.5
5737,573.7,2,0,0.0,12.51
5738,573.8,2,0,0.0,12.47
5739,573.9,2,0,0.0,12.4
5740,574.0,2,0,0.0,12.48
5741,574.1,3,0,0.0,12.97
5742,574.2,3,0,0.0,12.95
5743,574.3,3,0,0.0,12.97
5744,574.4,3,0,0.0,12.99
5745,574.5,3,0,0.0,12.97
5746,574.6,3,0,0.0,12.96
5747,574.7,3,0,0.0,12.94
5748,574.8,3,0,0.0,12.97
5749,574.9,3,0,0.0,12.92
5750,575.0,3,0,0.0,12.97
5751,575.1,3,0,0.0,12.95
5752,575.2,3,0,0.0,12.96
5753,575.3,3,0,0.0,12.93
5754,575.4,3,0,0.0,12.97
5755,575.5,3,0,0.0,12.96
5756,575.6,3,0,0.0,12.92
5757,575.7,3,0,0.0,12.96
5758,575.8,3,0,0.0,13.0
5759,575.9,3,0,0.0,12.99
5760,576.0,3,0,0.0,12.95
5761,576.1,3,0,0.0,12.96
5762,576.2,3,0,0.0,12.93
5763,576.3,3,0,0.0,12.98
5764,576.4,3,0,0.0,12.96
5765,576.5,3,0,0.0,12.96
5766,576.6,3,0,0.0,12.96
5767,576.7,3,0,0.0,12.96
5768,576.8,3,0,0.0,12.9
5769,576.9,3,0,0.0,12.92
5770,577.0,3,0,0.0,12.93
5771,577.1,3,0,0.0,12.95
5772,577.2,3,0,0.0,12.96
5773,577.3,3,0,0.0,12.91
5774,577.4,3,0,0.0,12.97
5775,577.5,3,0,0.0,12.97
5776,577.6,2,1,0.0,12.46
5777,577.7,3,0,0.0,12.59
5778,577.8,3,0,0.0,12.59
5779,577.9,3,0,0.0,12.6
5780,578.0,3,0,0.0,12.56
5781,578.1,3,0,0.0,12.56
5782,578.2,3,0,0.0,12.58
5783,578.3,2,1,0.0,12.45
5784,578.4,2,0,0.0,12.46
5785,578.5,2,0,0.0,12.51
5786,578.6,1,1,0.0,12.95
5787,578.7,1,0,0.0,12.99
5788,578.8,1,0,0.0,12.96
5789,578.9,1,0,0.0,12.97
5790,579.0,1,0,0.0,12.98
5791,579.1,1,0,0.0,13.01
5792,579.2,1,0,0.0,12.91
5793,579.3,2,0,0.0,13.07
5794,579.4,2,0,0.0,13.0
5795,579.5,2,0,0.0,13.08
5796,579.6,2,0,0.0,13.06
5797,579.7,2,0,0.0,13.04
5798,579.8,2,0,0.0,13.1
5799,579.9,2,0,0.0,13.02
5800,580.0,2,0,0.0,13.04
5801,580.1,2,0,0.0,13.09
5802,580.2,2,0,0.0,13.04
5803,580.3,2,0,0.0,13.07
5804,580.4,2,0,0.0,13.04
5805,580.5,2,0,0.0,13.11
5806,580.6,2,0,0.0,13.05
5807,580.7,2,0,0.0,13.04
5808,580.8,2,0,0.0,13.08
5809,580.9,2,0,0.0,13.03
5810,581.0,2,0,0.0,13.02
5811,581.1,2,0,0.0,13.08
5812,581.2,2,0,0.0,13.08
5813,581.3,2,0,0.0,13.06
5814,581.4,2,0,0.0,13.09
5815,581.5,2,0,0.0,13.0
5816,581.6,2,0,0.0,13.01
5817,581.7,2,0,0.0,13.02
5818,581.8,2,0,0.0,13.07
5819,581.9,2,0,0.0,13.03
5820,582.0,2,0,0.0,13.03
5821,582.1,2,0,0.0,13.03
5822,582.2,2,0,0.0,13.08
5823,582.3,2,0,0.0,13.05
5824,582.4,2,0,0.0,13.02
5825,582.5,2,0,0.0,13.01
5826,582.6,2,0,0.0,13.06
5827,582.7,3,0,0.0,13.34
5828,582.8,4,0,0.0,13.11
5829,582.9,4,0,0.0,13.1
5830,583.0,4,0,0.0,13.08
5831,583.1,4,0,0.0,13.08
5832,583.2,4,0,0.0,13.11
5833,583.3,3,1,0.0,12.83
5834,583.4,3,0,0.0,12.87
5835,583.5,2,1,0.0,12.83
5836,583.6,2,0,0.0,12.81
5837,583.7,2,0,0.0,12.75
5838,583.8,2,0,0.0,12.78
5839,583.9,2,0,0.0,12.78
5840,584.0,2,0,0.0,12.76
5841,584.1,2,0,0.0,12.8
5842,584.2,2,0,0.0,12.75
5843,584.3,2,0,0.0,12.79
5844,584.4,2,0,0.0,12.8
5845,584.5,2,0,0.0,12.78
5846,584.6,2,0,0.0,12.8
5847,584.7,2,0,0.0,12.8
5848,584.8,2,0,0.0,12.82
5849,584.9,2,0,0.0,12.77
5850,585.0,3,0,0.0,12.95
5851,585.1,3,0,0.0,12.91
5852,585.2,3,0,0.0,12.92
5853,585.3,3,0,0.0,12.94
5854,585.4,3,0,0.0,12.91
5855,585.5,3,0,0.0,12.94
5856,585.6,3,0,0.0,12.96
5857,585.7,3,0,0.0,12.92
5858,585.8,3,0,0.0,12.94
5859,585.9,3,0,0.0,12.94
5860,586.0,3,0,0.0,12.92
5861,586.1,3,0,0.0,12.9
5862,586.2,4,0,0.0,12.2
5863,586.3,4,0,0.0,12.18
5864,586.4,4,0,0.0,12.16
5865,586.5,4,0,0.0,12.17
5866,586.6,4,0,0.0,12.16
5867,586.7,3,1,0.0,12.13
5868,586.8,3,0,0.0,12.13
5869,586.9,3,0,0.0,12.09
5870,587.0,3,0,0.0,12.09
5871,587.1,3,0,0.0,12.1
5872,587.2,3,0,0.0,12.13
5873,587.3,3,0,0.0,12.12
5874,587.4,3,0,0.0,12.08
5875,587.5,3,0,0.0,12.11
5876,587.6,3,0,0.0,12.15
5877,587.7,4,0,0.0,12.6
5878,587.8,4,0,0.0,12.55
5879,587.9,4,0,0.0,12.6
5880,588.0,4,0,0.0,12.57
5881,588.1,4,0,0.0,12.54
5882,588.2,4,0,0.0,12.59
5883,588.3,3,1,0.0,12.1
5884,588.4,3,0,0.0,12.09
5885,588.5,3,0,0.0,12.11
5886,588.6,3,0,0.0,12.16
5887,588.7,3,0,0.0,12.13
5888,588.8,3,0,0.0,12.09
5889,588.9,3,0,0.0,12.11
5890,589.0,2,1,0.0,11.57
5891,589.1,2,0,0.0,11.58
5892,589.2,2,0,0.0,11.61
5893,589.3,2,0,0.0,11.61
5894,589.4,2,0,0.0,11.58
5895,589.5,2,0,0.0,11.64
5896,589.6,2,0,0.0,11.63
5897,589.7,2,0,0.0,11.59
5898,589.8,2,0,0.0,11.61
5899,589.9,2,0,0.0,11.59
5900,590.0,2,0,0.0,11.61
5901,590.1,2,0,0.0,11.62
5902,590.2,2,0,0.0,11.58
5903,590.3,2,0,0.0,11.57
5904,590.4,2,0,0.0,11.59
5905,590.5,2,0,0.0,11.57
5906,590.6,2,0,0.0,11.6
5907,590.7,3,0,0.0,12.07
5908,590.8,3,0,0.0,12.04
5909,590.9,3,0,0.0,12.03
5910,591.0,3,0,0.0,12.08
5911,591.1,3,0,0.0,12.05
5912,591.2,3,0,0.0,12.05
5913,591.3,3,0,0.0,12.04
5914,591.4,3,0,0.0,12.02
5915,591.5,4,0,0.0,12.53
5916,591.6,4,0,0.0,12.54
5917,591.7,4,0,0.0,12.53
5918,591.8,4,0,0.0,12.51
5919,591.9,4,0,0.0,12.5
5920,592.0,4,0,0.0,12.49
5921,592.1,4,0,0.0,12.52
5922,592.2,4,0,0.0,12.5
5923,592.3,4,0,0.0,12.51
5924,592.4,4,0,0.0,12.49
5925,592.5,4,0,0.0,12.53
5926,592.6,4,0,0.0,12.51
5927,592.7,5,0,0.0,12.5
5928,592.8,5,0,0.0,12.47
5929,592.9,5,0,0.0,12.46
5930,593.0,5,0,0.0,12.48
5931,593.1,5,0,0.0,12.5
5932,593.2,5,0,0.0,12.48
5933,593.3,4,1,0.0,12.48
5934,593.4,4,0,0.0,12.51
5935,593.5,4,0,0.0,12.54
5936,593.6,4,0,0.0,12.5
5937,593.7,4,0,0.0,12.51
5938,593.8,4,0,0.0,12.48
5939,593.9,4,0,0.0,12.52
5940,594.0,4,0,0.0,12.51
5941,594.1,4,0,0.0,12.51
5942,594.2,4,0,0.0,12.49
5943,594.3,4,0,0.0,12.5
5944,594.4,4,0,0.0,12.53
5945,594.5,4,0,0.0,12.51
5946,594.6,4,0,0.0,12.55
5947,594.7,3,1,0.0,12.3
5948,594.8,3,0,0.0,12.29
5949,594.9,3,0,0.0,12.27
5950,595.0,2,1,0.0,11.44
5951,595.1,2,0,0.0,11.44
5952,595.2,2,0,0.0,11.43
5953,595.3,2,0,0.0,11.46
5954,595.4,3,0,0.0,10.96
5955,595.5,3,0,0.0,10.96
5956,595.6,2,1,0.0,11.48
5957,595.7,2,0,0.0,11.44
5958,595.8,2,0,0.0,11.41
5959,595.9,2,0,0.0,11.49
5960,596.0,2,0,0.0,11.43
5961,596.1,2,0,0.0,11.45
5962,596.2,2,0,0.0,11.48
5963,596.3,3,0,0.0,12.29
5964,596.4,3,0,0.0,12.26
5965,596.5,3,0,0.0,12.25
5966,596.6,3,0,0.0,12.24
5967,596.7,3,0,0.0,12.28
5968,596.8,3,0,0.0,12.22
5969,596.9,3,0,0.0,12.2
5970,597.0,3,0,0.0,12.22
5971,597.1,3,0,0.0,12.18
5972,597.2,3,0,0.0,12.13
5973,597.3,3,0,0.0,12.11
5974,597.4,3,0,0.0,12.12
5975,597.5,3,0,0.0,12.09
5976,597.6,4,0,0.0,12.38
5977,597.7,4,0,0.0,12.37
5978,597.8,4,0,0.0,12.37
5979,597.9,4,0,0.0,12.34
5980,598.0,4,0,0.0,12.33
5981,598.1,4,0,0.0,12.29
5982,598.2,3,1,0.0,11.96
5983,598.3,3,0,0.0,11.9
5984,598.4,2,1,0.0,12.87
5985,598.5,2,0,0.0,12.93
5986,598.6,2,0,0.0,13.07
5987,598.7,2,0,0.0,13.14
5988,598.8,2,0,0.0,13.26
5989,598.9,2,0,0.0,13.37
5990,599.0,2,0,0.0,13.45
5991,599.1,2,0,0.0,13.44
5992,599.2,2,0,0.0,13.43
5993,599.3,2,0,0.0,13.38
5994,599.4,2,0,0.0,13.43
5995,599.5,2,0,0.0,13.45
5996,599.6,2,0,0.0,13.4
5997,599.7,2,0,0.0,13.44
5998,599.8,2,0,0.0,13.43
5999,599.9,2,0,0.0,13.44
6000,600.0,2,0,0.0,13.38
6001,600.1,3,0,0.0,12.25
6002,600.2,3,0,0.0,12.29
6003,600.3,3,0,0.0,12.29
6004,600.4,3,0,0.0,12.24
6005,600.5,3,0,0.0,12.27
6006,600.6,3,0,0.0,12.3
6007,600.7,2,1,0.0,11.96
6008,600.8,2,0,0.0,11.97
6009,600.9,3,0,0.0,10.23
6010,601.0,3,0,0.0,10.23
6011,601.1,3,0,0.0,10.23
6012,601.2,3,0,0.0,10.26
6013,601.3,3,0,0.0,10.3
6014,601.4,3,0,0.0,10.33
6015,601.5,3,0,0.0,10.4
6016,601.6,3,0,0.0,10.4
6017,601.7,3,0,0.0,10.5
6018,601.8,3,0,0.0,10.5
6019,601.9,3,0,0.0,10.53
6020,602.0,4,0,0.0,10.92
6021,602.1,4,0,0.0,10.92
6022,602.2,4,0,0.0,10.97
6023,602.3,4,0,0.0,10.96
6024,602.4,4,0,0.0,10.99
6025,602.5,4,0,0.0,10.99
6026,602.6,5,0,0.0,11.58
6027,602.7,5,0,0.0,11.56
6028,602.8,5,0,0.0,11.6
6029,602.9,5,0,0.0,11.6
6030,603.0,5,0,0.0,11.64
6031,603.1,5,0,0.0,11.64
6032,603.2,4,1,0.0,11.1
6033,603.3,4,0,0.0,11.11
6034,603.4,4,0,0.0,11.1
6035,603.5,4,0,0.0,11.09
6036,603.6,4,0,0.0,11.13
6037,603.7,4,0,0.0,11.16
6038,603.8,4,0,0.0,11.16
6039,603.9,4,0,0.0,11.16
6040,604.0,4,0,0.0,11.17
6041,604.1,4,0,0.0,11.18
6042,604.2,4,0,0.0,11.19
6043,604.3,4,0,0.0,11.19
6044,604.4,3,1,0.0,11.63
6045,604.5,3,0,0.0,11.7
6046,604.6,3,0,0.0,11.73
6047,604.7,3,0,0.0,11.82
6048,604.8,3,0,0.0,11.91
6049,604.9,3,0,0.0,11.93
6050,605.0,3,0,0.0,12.02
6051,605.1,3,0,0.0,12.03
6052,605.2,3,0,0.0,12.1
6053,605.3,3,0,0.0,12.18
6054,605.4,3,0,0.0,12.25
6055,605.5,2,1,0.0,11.52
6056,605.6,2,0,0.0,11.59
6057,605.7,2,0,0.0,11.74
6058,605.8,2,0,0.0,11.76
6059,605.9,2,0,0.0,11.9
6060,606.0,2,0,0.0,12.01
6061,606.1,2,0,0.0,12.11
6062,606.2,1,1,0.0,11.97
6063,606.3,1,0,0.0,11.98
6064,606.4,1,0,0.0,11.99
6065,606.5,1,0,0.0,11.94
6066,606.6,1,0,0.0,11.87
6067,606.7,1,0,0.0,11.87
6068,606.8,1,0,0.0,11.98
6069,606.9,1,0,0.0,11.98
6070,607.0,1,0,0.0,11.94
6071,607.1,1,0,0.0,11.91
6072,607.2,1,0,0.0,11.96
6073,607.3,1,0,0.0,11.95
6074,607.4,1,0,0.0,11.92
6075,607.5,1,0,0.0,11.97
6076,607.6,2,0,0.0,12.59
6077,607.7,3,0,0.0,12.89
6078,607.8,3,0,0.0,12.84
6079,607.9,3,0,0.0,12.85
6080,608.0,3,0,0.0,12.92
6081,608.1,3,0,0.0,12.91
6082,608.2,2,1,0.0,12.78
6083,608.3,2,0,0.0,12.71
6084,608.4,2,0,0.0,12.74
6085,608.5,2,0,0.0,12.76
6086,608.6,2,0,0.0,12.75
6087,608.7,2,0,0.0,12.79
6088,608.8,2,0,0.0,12.73
6089,608.9,3,0,0.0,12.85
6090,609.0,3,0,0.0,12.83
6091,609.1,3,0,0.0,12.81
6092,609.2,3,0,0.0,12.81
6093,609.3,3,0,0.0,12.87
6094,609.4,3,0,0.0,12.83
6095,609.5,3,0,0.0,12.85
6096,609.6,3,0,0.0,12.84
6097,609.7,3,0,0.0,12.83
6098,609.8,3,0,0.0,12.84
6099,609.9,3,0,0.0,12.82
6100,610.0,3,0,0.0,12.85
6101,610.1,3,0,0.0,12.82
6102,610.2,3,0,0.0,12.8
6103,610.3,3,0,0.0,12.83
6104,610.4,3,0,0.0,12.81
6105,610.5,3,0,0.0,12.83
6106,610.6,3,0,0.0,12.85
6107,610.7,3,0,0.0,12.84
6108,610.8,3,0,0.0,12.8
6109,610.9,3,0,0.0,12.86
6110,611.0,3,0,0.0,12.8
6111,611.1,3,0,0.0,12.81
6112,611.2,3,0,0.0,12.81
6113,611.3,3,0,0.0,12.84
6114,611.4,3,0,0.0,12.82
6115,611.5,3,0,0.0,12.8
6116,611.6,3,0,0.0,12.8
6117,611.7,3,0,0.0,12.81
6118,611.8,3,0,0.0,12.82
6119,611.9,3,0,0.0,12.85
6120,612.0,3,0,0.0,12.81
6121,612.1,3,0,0.0,12.82
6122,612.2,3,0,0.0,12.83
6123,612.3,3,0,0.0,12.8
6124,612.4,3,0,0.0,12.83
6125,612.5,3,0,0.0,12.83
6126,612.6,3,1,0.0,13.15
6127,612.7,2,1,0.0,13.77
6128,612.8,2,0,0.0,13.76
6129,612.9,2,0,0.0,13.73
6130,613.0,2,0,0.0,13.71
6131,613.1,2,0,0.0,13.77
6132,613.2,1,1,0.0,13.49
6133,613.3,1,0,0.0,13.6
6134,613.4,2,0,0.0,12.52
6135,613.5,2,0,0.0,12.45
6136,613.6,2,0,0.0,12.46
6137,613.7,2,0,0.0,12.46
6138,613.8,2,0,0.0,12.43
6139,613.9,2,0,0.0,12.46
6140,614.0,2,0,0.0,12.49
6141,614.1,2,0,0.0,12.41
6142,614.2,2,0,0.0,12.49
6143,614.3,2,0,0.0,12.43
6144,614.4,2,0,0.0,12.44
6145,614.5,2,0,0.0,12.42
6146,614.6,2,0,0.0,12.49
6147,614.7,2,0,0.0,12.47
6148,614.8,2,0,0.0,12.45
6149,614.9,2,0,0.0,12.4
6150,615.0,2,0,0.0,12.45
6151,615.1,2,0,0.0,12.42
6152,615.2,2,0,0.0,12.44
6153,615.3,2,0,0.0,12.44
6154,615.4,2,0,0.0,12.44
6155,615.5,2,0,0.0,12.49
6156,615.6,2,0,0.0,12.41
6157,615.7,2,0,0.0,12.47
6158,615.8,2,0,0.0,12.47
6159,615.9,2,0,0.0,12.51
6160,616.0,2,0,0.0,12.47
6161,616.1,2,0,0.0,12.46
6162,616.2,2,0,0.0,12.47
6163,616.3,2,0,0.0,12.45
6164,616.4,2,0,0.0,12.42
6165,616.5,2,0,0.0,12.45
6166,616.6,2,0,0.0,12.41
6167,616.7,2,0,0.0,12.43
6168,616.8,2,0,0.0,12.42
6169,616.9,2,0,0.0,12.5
6170,617.0,2,0,0.0,12.45
6171,617.1,1,1,0.0,11.32
6172,617.2,1,0,0.0,11.29
6173,617.3,1,0,0.0,11.37
6174,617.4,1,0,0.0,11.36
6175,617.5,2,0,0.0,12.67
6176,617.6,3,0,0.0,12.59
6177,617.7,3,0,0.0,12.55
6178,617.8,3,0,0.0,12.61
6179,617.9,3,0,0.0,12.56
6180,618.0,3,0,0.0,12.56
6181,618.1,2,1,0.0,11.88
6182,618.2,2,0,0.0,11.84
6183,618.3,2,0,0.0,11.92
6184,618.4,2,0,0.0,11.91
6185,618.5,2,0,0.0,11.89
6186,618.6,2,0,0.0,11.88
6187,618.7,2,0,0.0,11.85
6188,618.8,2,0,0.0,11.84
6189,618.9,2,0,0.0,11.9
6190,619.0,2,0,0.0,11.93
6191,619.1,3,0,0.0,12.59
6192,619.2,3,0,0.0,12.57
6193,619.3,3,0,0.0,12.58
6194,619.4,3,0,0.0,12.56
6195,619.5,3,0,0.0,12.59
6196,619.6,3,0,0.0,12.59
6197,619.7,3,0,0.0,12.57
6198,619.8,3,0,0.0,12.6
6199,619.9,3,0,0.0,12.53
6200,620.0,3,0,0.0,12.55
6201,620.1,3,0,0.0,12.59
6202,620.2,3,0,0.0,12.57
6203,620.3,3,0,0.0,12.58
6204,620.4,3,0,0.0,12.55
6205,620.5,3,0,0.0,12.61
6206,620.6,3,0,0.0,12.6
6207,620.7,3,0,0.0,12.59
6208,620.8,3,0,0.0,12.62
6209,620.9,3,0,0.0,12.59
6210,621.0,3,0,0.0,12.59
6211,621.1,3,0,0.0,12.56
6212,621.2,3,0,0.0,12.59
6213,621.3,3,0,0.0,12.56
6214,621.4,3,0,0.0,12.6
6215,621.5,2,1,0.0,12.63
6216,621.6,2,0,0.0,12.65
6217,621.7,2,0,0.0,12.63
6218,621.8,2,0,0.0,12.6
6219,621.9,2,0,0.0,12.61
6220,622.0,2,0,0.0,12.64
6221,622.1,2,0,0.0,12.62
6222,622.2,2,0,0.0,12.61
6223,622.3,2,0,0.0,12.65
6224,622.4,2,0,0.0,12.65
6225,622.5,3,0,0.0,12.2
6226,622.6,3,0,0.0,12.17
6227,622.7,3,0,0.0,12.17
6228,622.8,3,0,0.0,12.15
6229,622.9,3,0,0.0,12.18
6230,623.0,3,0,0.0,12.18
6231,623.1,3,0,0.0,12.16
6232,623.2,2,1,0.0,12.64
6233,623.3,2,0,0.0,12.68
6234,623.4,2,0,0.0,12.69
6235,623.5,2,0,0.0,12.65
6236,623.6,2,0,0.0,12.66
6237,623.7,2,0,0.0,12.66
6238,623.8,3,0,0.0,11.79
6239,623.9,3,0,0.0,11.76
6240,624.0,2,1,0.0,12.61
6241,624.1,2,0,0.0,12.63
6242,624.2,2,0,0.0,12.69
6243,624.3,2,0,0.0,12.61
6244,624.4,2,0,0.0,12.66
6245,624.5,2,0,0.0,12.65
6246,624.6,1,1,0.0,13.9
6247,624.7,2,0,0.0,13.97
6248,624.8,2,0,0.0,13.99
6249,624.9,2,0,0.0,13.93
6250,625.0,2,0,0.0,13.92
6251,625.1,2,0,0.0,13.89
6252,625.2,2,0,0.0,13.92
6253,625.3,2,0,0.0,13.92
6254,625.4,2,0,0.0,13.88
6255,625.5,2,0,0.0,13.97
6256,625.6,2,0,0.0,13.91
6257,625.7,2,0,0.0,13.93
6258,625.8,2,0,0.0,13.91
6259,625.9,2,0,0.0,13.96
6260,626.0,2,0,0.0,13.97
6261,626.1,2,0,0.0,13.91
6262,626.2,2,0,0.0,13.96
6263,626.3,3,0,0.0,13.8
6264,626.4,3,0,0.0,13.76
6265,626.5,3,0,0.0,13.77
6266,626.6,3,0,0.0,13.81
6267,626.7,3,0,0.0,13.78
6268,626.8,3,0,0.0,13.81
6269,626.9,3,0,0.0,13.79
6270,627.0,3,0,0.0,13.77
6271,627.1,3,0,0.0,13.78
6272,627.2,3,0,0.0,13.79
6273,627.3,3,0,0.0,13.84
6274,627.4,3,0,0.0,13.78
6275,627.5,4,0,0.0,13.85
6276,627.6,4,0,0.0,13.8
6277,627.7,4,0,0.0,13.85
6278,627.8,4,0,0.0,13.81
6279,627.9,4,0,0.0,13.82
6280,628.0,5,0,0.0,13.06
6281,628.1,4,1,0.0,12.82
6282,628.2,4,0,0.0,12.82
6283,628.3,3,1,0.0,12.51
6284,628.4,3,0,0.0,12.46
6285,628.5,3,0,0.0,12.46
6286,628.6,3,0,0.0,12.43
6287,628.7,3,0,0.0,12.48
6288,628.8,3,0,0.0,12.48
6289,628.9,3,0,0.0,12.45
6290,629.0,3,0,0.0,12.49
6291,629.1,3,0,0.0,12.46
6292,629.2,3,0,0.0,12.45
6293,629.3,3,0,0.0,12.45
6294,629.4,3,0,0.0,12.48
6295,629.5,3,0,0.0,12.46
6296,629.6,3,0,0.0,12.47
6297,629.7,3,0,0.0,12.47
6298,629.8,3,0,0.0,12.48
6299,629.9,2,1,0.0,11.93
6300,630.0,2,0,0.0,11.91
6301,630.1,2,0,0.0,11.97
6302,630.2,2,0,0.0,11.99
6303,630.3,2,0,0.0,11.92
6304,630.4,3,0,0.0,12.0
6305,630.5,3,0,0.0,11.96
6306,630.6,3,0,0.0,11.93
6307,630.7,3,0,0.0,11.94
6308,630.8,3,0,0.0,11.9
6309,630.9,3,0,0.0,11.92
6310,631.0,3,0,0.0,11.87
6311,631.1,3,0,0.0,11.88
6312,631.2,3,0,0.0,11.84
6313,631.3,3,0,0.0,11.81
6314,631.4,3,0,0.0,11.79
6315,631.5,3,0,0.0,11.79
6316,631.6,3,0,0.0,11.77
6317,631.7,3,0,0.0,11.77
6318,631.8,3,0,0.0,11.78
6319,631.9,3,0,0.0,11.72
6320,632.0,3,0,0.0,11.76
6321,632.1,3,0,0.0,11.76
6322,632.2,3,0,0.0,11.69
6323,632.3,3,0,0.0,11.68
6324,632.4,3,0,0.0,11.66
6325,632.5,4,0,0.0,12.23
6326,632.6,4,0,0.0,12.2
6327,632.7,4,0,0.0,12.21
6328,632.8,4,0,0.0,12.23
6329,632.9,4,0,0.0,12.19
6330,633.0,4,0,0.0,12.2
6331,633.1,3,1,0.0,11.61
6332,633.2,3,0,0.0,11.6
6333,633.3,3,0,0.0,11.62
6334,633.4,3,0,0.0,11.57
6335,633.5,3,0,0.0,11.57
6336,633.6,3,0,0.0,11.54
6337,633.7,3,0,0.0,11.56
6338,633.8,3,0,0.0,11.54
6339,633.9,2,1,0.0,10.34
6340,634.0,2,0,0.0,10.33
6341,634.1,2,0,0.0,10.36
6342,634.2,2,0,0.0,10.3
6343,634.3,2,0,0.0,10.28
6344,634.4,2,0,0.0,10.27
6345,634.5,2,0,0.0,10.28
6346,634.6,2,0,0.0,10.28
6347,634.7,2,0,0.0,10.26
6348,634.8,2,0,0.0,10.25
6349,634.9,2,0,0.0,10.22
6350,635.0,3,0,0.0,10.81
6351,635.1,3,0,0.0,10.8
6352,635.2,3,0,0.0,10.77
6353,635.3,3,0,0.0,10.75
6354,635.4,3,0,0.0,10.78
6355,635.5,3,0,0.0,10.73
6356,635.6,3,0,0.0,10.75
6357,635.7,3,0,0.0,10.75
6358,635.8,3,0,0.0,10.78
6359,635.9,3,0,0.0,10.72
6360,636.0,3,0,0.0,10.75
6361,636.1,4,0,0.0,11.54
6362,636.2,4,0,0.0,11.51
6363,636.3,4,0,0.0,11.54
6364,636.4,4,0,0.0,11.53
6365,636.5,4,0,0.0,11.49
6366,636.6,4,0,0.0,11.54
6367,636.7,4,0,0.0,11.54
6368,636.8,4,0,0.0,11.53
6369,636.9,4,0,0.0,11.5
6370,637.0,4,0,0.0,11.49
6371,637.1,4,0,0.0,11.52
6372,637.2,4,0,0.0,11.5
6373,637.3,4,0,0.0,11.48
6374,637.4,4,0,0.0,11.5
6375,637.5,5,0,0.0,11.82
6376,637.6,5,0,0.0,11.84
6377,637.7,5,0,0.0,11.83
6378,637.8,5,0,0.0,11.82
6379,637.9,5,0,0.0,11.82
6380,638.0,5,0,0.0,11.81
6381,638.1,4,1,0.0,11.47
6382,638.2,4,0,0.0,11.48
6383,638.3,4,0,0.0,11.49
6384,638.4,4,0,0.0,11.47
6385,638.5,4,0,0.0,11.51
6386,638.6,4,0,0.0,11.49
6387,638.7,4,0,0.0,11.47
6388,638.8,4,0,0.0,11.45
6389,638.9,4,0,0.0,11.46
6390,639.0,3,1,0.0,11.34
6391,639.1,3,0,0.0,11.35
6392,639.2,3,0,0.0,11.31
6393,639.3,3,0,0.0,11.31
6394,639.4,3,0,0.0,11.33
6395,639.5,3,0,0.0,11.33
6396,639.6,3,0,0.0,11.34
6397,639.7,3,0,0.0,11.36
6398,639.8,3,0,0.0,11.36
6399,639.9,3,0,0.0,11.37
6400,640.0,3,0,0.0,11.32
6401,640.1,3,0,0.0,11.31
6402,640.2,2,1,0.0,12.06
6403,640.3,2,0,0.0,12.12
6404,640.4,2,0,0.0,12.25
6405,640.5,2,0,0.0,12.35
6406,640.6,2,0,0.0,12.41
6407,640.7,2,0,0.0,12.56
6408,640.8,2,0,0.0,12.65
6409,640.9,2,0,0.0,12.78
6410,641.0,2,0,0.0,12.83
6411,641.1,2,0,0.0,12.92
6412,641.2,2,0,0.0,13.03
6413,641.3,2,0,0.0,13.13
6414,641.4,2,0,0.0,13.23
6415,641.5,2,0,0.0,13.32
6416,641.6,2,0,0.0,13.42
6417,641.7,2,0,0.0,13.49
6418,641.8,3,0,0.0,13.69
6419,641.9,3,0,0.0,13.65
6420,642.0,3,0,0.0,13.62
6421,642.1,3,0,0.0,13.66
6422,642.2,2,1,0.0,13.9
6423,642.3,2,0,0.0,13.92
6424,642.4,3,0,0.0,13.45
6425,642.5,3,0,0.0,13.46
6426,642.6,3,0,0.0,13.45
6427,642.7,3,0,0.0,13.44
6428,642.8,3,0,0.0,13.41
6429,642.9,3,0,0.0,13.44
6430,643.0,2,1,0.0,13.94
6431,643.1,2,0,0.0,13.93
6432,643.2,2,0,0.0,13.94
6433,643.3,2,0,0.0,13.89
6434,643.4,2,0,0.0,13.92
6435,643.5,2,0,0.0,13.93
6436,643.6,2,0,0.0,13.88
6437,643.7,3,0,0.0,13.87
6438,643.8,3,0,0.0,13.88
6439,643.9,3,0,0.0,13.86
6440,644.0,3,0,0.0,13.87
6441,644.1,3,0,0.0,13.87
6442,644.2,3,0,0.0,13.88
6443,644.3,3,0,0.0,13.9
6444,644.4,3,0,0.0,13.85
6445,644.5,3,0,0.0,13.88
6446,644.6,3,0,0.0,13.86
6447,644.7,3,0,0.0,13.85
6448,644.8,3,0,0.0,13.85
6449,644.9,3,0,0.0,13.89
6450,645.0,3,0,0.0,13.88
6451,645.1,3,0,0.0,13.9
6452,645.2,3,0,0.0,13.88
6453,645.3,2,1,0.0,13.84
6454,645.4,2,0,0.0,13.82
6455,645.5,2,0,0.0,13.84
6456,645.6,2,0,0.0,13.84
6457,645.7,2,0,0.0,13.8
6458,645.8,2,0,0.0,13.84
6459,645.9,2,0,0.0,13.81
6460,646.0,2,0,0.0,13.82
6461,646.1,2,0,0.0,13.81
6462,646.2,2,0,0.0,13.86
6463,646.3,2,0,0.0,13.78
6464,646.4,2,0,0.0,13.88
6465,646.5,2,0,0.0,13.83
6466,646.6,2,0,0.0,13.82
6467,646.7,2,0,0.0,13.86
6468,646.8,2,0,0.0,13.83
6469,646.9,2,0,0.0,13.8
6470,647.0,2,0,0.0,13.84
6471,647.1,2,0,0.0,13.8
6472,647.2,1,1,0.0,13.92
6473,647.3,1,0,0.0,13.97
6474,647.4,3,0,0.0,13.98
6475,647.5,3,0,0.0,13.92
6476,647.6,3,0,0.0,13.94
6477,647.7,3,0,0.0,13.94
6478,647.8,3,0,0.0,13.88
6479,647.9,3,0,0.0,13.94
6480,648.0,2,1,0.0,13.9
6481,648.1,2,0,0.0,13.96
6482,648.2,2,0,0.0,13.93
6483,648.3,2,0,0.0,13.89
6484,648.4,2,0,0.0,13.95
6485,648.5,2,0,0.0,13.94
6486,648.6,2,0,0.0,13.93
6487,648.7,2,0,0.0,13.94
6488,648.8,2,0,0.0,13.96
6489,648.9,2,0,0.0,13.94
6490,649.0,2,0,0.0,13.98
6491,649.1,2,0,0.0,13.96
6492,649.2,2,0,0.0,13.91
6493,649.3,2,0,0.0,13.88
6494,649.4,2,0,0.0,13.95
6495,649.5,2,0,0.0,13.93
6496,649.6,2,0,0.0,13.95
6497,649.7,2,0,0.0,13.96
6498,649.8,2,0,0.0,13.98
6499,649.9,2,0,0.0,13.9
6500,650.0,2,0,0.0,13.88
6501,650.1,2,0,0.0,13.96
6502,650.2,2,0,0.0,13.9
6503,650.3,2,0,0.0,13.9
6504,650.4,2,0,0.0,13.94
6505,650.5,2,0,0.0,13.95
6506,650.6,2,0,0.0,13.95
6507,650.7,2,0,0.0,13.93
6508,650.8,2,0,0.0,13.93
6509,650.9,2,0,0.0,13.99
6510,651.0,1,1,0.0,13.99
6511,651.1,1,0,0.0,13.99
6512,651.2,1,0,0.0,13.92
6513,651.3,1,0,0.0,13.87
6514,651.4,1,0,0.0,13.92
6515,651.5,1,0,0.0,13.88
6516,651.6,1,0,0.0,13.94
6517,651.7,1,0,0.0,13.94
6518,651.8,1,0,0.0,13.99
6519,651.9,1,0,0.0,13.93
6520,652.0,1,0,0.0,13.95
6521,652.1,2,0,0.0,11.98
6522,652.2,2,0,0.0,11.97
6523,652.3,2,1,0.0,13.98
6524,652.4,3,0,0.0,13.95
6525,652.5,3,0,0.0,13.91
6526,652.6,3,0,0.0,13.93
6527,652.7,3,0,0.0,13.93
6528,652.8,3,0,0.0,13.93
6529,652.9,3,0,0.0,13.93
6530,653.0,2,1,0.0,13.95
6531,653.1,3,0,0.0,13.95
6532,653.2,3,0,0.0,13.96
6533,653.3,3,0,0.0,13.93
6534,653.4,3,0,0.0,13.93
6535,653.5,3,0,0.0,13.91
6536,653.6,3,0,0.0,13.91
6537,653.7,3,0,0.0,13.97
6538,653.8,3,0,0.0,13.94
6539,653.9,3,0,0.0,13.94
6540,654.0,3,0,0.0,13.93
6541,654.1,3,0,0.0,13.93
6542,654.2,3,0,0.0,13.94
6543,654.3,3,0,0.0,13.94
6544,654.4,3,0,0.0,13.93
6545,654.5,3,0,0.0,13.99
6546,654.6,3,0,0.0,13.93
6547,654.7,3,0,0.0,13.92
6548,654.8,3,0,0.0,13.97
6549,654.9,3,0,0.0,13.93
6550,655.0,3,0,0.0,13.9
6551,655.1,3,0,0.0,13.95
6552,655.2,3,0,0.0,13.97
6553,655.3,3,0,0.0,13.93
6554,655.4,3,0,0.0,13.94
6555,655.5,3,0,0.0,13.9
6556,655.6,3,0,0.0,13.91
6557,655.7,3,0,0.0,13.94
6558,655.8,2,1,0.0,13.93
6559,655.9,2,0,0.0,13.9
6560,656.0,2,0,0.0,13.94
6561,656.1,2,0,0.0,13.9
6562,656.2,2,0,0.0,13.95
6563,656.3,2,0,0.0,13.99
6564,656.4,2,0,0.0,13.94
6565,656.5,2,0,0.0,13.88
6566,656.6,1,1,0.0,13.97
6567,656.7,1,0,0.0,13.9
6568,656.8,1,0,0.0,13.93
6569,656.9,1,0,0.0,13.92
6570,657.0,1,0,0.0,13.93
6571,657.1,1,0,0.0,13.96
6572,657.2,1,0,0.0,13.93
6573,657.3,1,0,0.0,13.98
6574,657.4,2,0,0.0,13.46
6575,657.5,2,0,0.0,13.44
6576,657.6,2,0,0.0,13.44
6577,657.7,2,0,0.0,13.37
6578,657.8,2,0,0.0,13.42
6579,657.9,2,0,0.0,13.44
6580,658.0,1,1,0.0,13.88
6581,658.1,1,0,0.0,13.95
6582,658.2,1,0,0.0,13.9
6583,658.3,1,0,0.0,13.94
6584,658.4,1,0,0.0,13.93
6585,658.5,1,0,0.0,13.96
6586,658.6,1,0,0.0,13.91
6587,658.7,1,0,0.0,13.92
6588,658.8,2,0,0.0,13.94
6589,658.9,2,0,0.0,13.92
6590,659.0,2,0,0.0,13.9
6591,659.1,2,0,0.0,13.92
6592,659.2,2,0,0.0,13.88
6593,659.3,2,0,0.0,13.91
6594,659.4,2,0,0.0,13.95
6595,659.5,2,0,0.0,13.94
6596,659.6,2,0,0.0,13.89
6597,659.7,2,0,0.0,13.96
6598,659.8,2,0,0.0,13.94
6599,659.9,2,0,0.0,13.91
6600,660.0,2,0,0.0,13.97
6601,660.1,2,0,0.0,13.9
6602,660.2,2,0,0.0,13.94
6603,660.3,2,0,0.0,13.95
6604,660.4,2,0,0.0,13.96
6605,660.5,2,0,0.0,13.97
6606,660.6,2,0,0.0,13.92
6607,660.7,2,0,0.0,13.94
6608,660.8,2,0,0.0,13.9
6609,660.9,2,0,0.0,13.92
6610,661.0,3,0,0.0,13.46
6611,661.1,3,0,0.0,13.44
6612,661.2,3,0,0.0,13.47
6613,661.3,3,0,0.0,13.5
6614,661.4,3,0,0.0,13.45
6615,661.5,3,0,0.0,13.45
6616,661.6,3,0,0.0,13.49
6617,661.7,3,0,0.0,13.47
6618,661.8,3,0,0.0,13.48
6619,661.9,3,0,0.0,13.45
6620,662.0,3,0,0.0,13.45
6621,662.1,3,0,0.0,13.48
6622,662.2,3,0,0.0,13.5
6623,662.3,2,1,0.0,13.25
6624,662.4,3,0,0.0,13.15
6625,662.5,3,0,0.0,13.12
6626,662.6,3,0,0.0,13.13
6627,662.7,3,0,0.0,13.1
6628,662.8,3,0,0.0,13.07
6629,662.9,3,0,0.0,13.06
6630,663.0,2,1,0.0,13.28
6631,663.1,2,0,0.0,13.26
6632,663.2,2,0,0.0,13.23
6633,663.3,2,0,0.0,13.21
6634,663.4,2,0,0.0,13.25
6635,663.5,2,0,0.0,13.18
6636,663.6,2,0,0.0,13.2
6637,663.7,2,0,0.0,13.21
6638,663.8,2,0,0.0,13.24
6639,663.9,2,0,0.0,13.21
6640,664.0,2,0,0.0,13.22
6641,664.1,2,0,0.0,13.24
6642,664.2,2,0,0.0,13.23
6643,664.3,2,0,0.0,13.27
6644,664.4,2,0,0.0,13.21
6645,664.5,3,0,0.0,12.56
6646,664.6,3,0,0.0,12.53
6647,664.7,3,0,0.0,12.54
6648,664.8,3,0,0.0,12.55
6649,664.9,2,1,0.0,12.59
6650,665.0,2,0,0.0,12.57
6651,665.1,2,0,0.0,12.56
6652,665.2,2,0,0.0,12.63
6653,665.3,2,0,0.0,12.59
6654,665.4,2,0,0.0,12.59
6655,665.5,2,0,0.0,12.59
6656,665.6,2,0,0.0,12.54
6657,665.7,2,0,0.0,12.57
6658,665.8,2,0,0.0,12.55
6659,665.9,2,0,0.0,12.57
6660,666.0,2,0,0.0,12.52
6661,666.1,2,0,0.0,12.6
6662,666.2,2,0,0.0,12.61
6663,666.3,2,0,0.0,12.53
6664,666.4,2,0,0.0,12.53
6665,666.5,2,0,0.0,12.55
6666,666.6,2,0,0.0,12.55
6667,666.7,2,0,0.0,12.54
6668,666.8,2,0,0.0,12.55
6669,666.9,2,0,0.0,12.61
6670,667.0,2,0,0.0,12.55
6671,667.1,2,0,0.0,12.59
6672,667.2,2,0,0.0,12.54
6673,667.3,3,0,0.0,13.03
6674,667.4,3,0,0.0,13.06
6675,667.5,3,0,0.0,13.06
6676,667.6,3,0,0.0,12.99
6677,667.7,3,0,0.0,13.02
6678,667.8,3,0,0.0,13.0
6679,667.9,2,1,0.0,12.59
6680,668.0,1,1,0.0,11.24
6681,668.1,1,0,0.0,11.27
6682,668.2,1,0,0.0,11.24
6683,668.3,1,0,0.0,11.26
6684,668.4,1,0,0.0,11.15
6685,668.5,1,0,0.0,11.25
6686,668.6,1,0,0.0,11.23
6687,668.7,1,0,0.0,11.2
6688,668.8,1,0,0.0,11.25
6689,668.9,1,0,0.0,11.21
6690,669.0,1,0,0.0,11.23
6691,669.1,1,0,0.0,11.18
6692,669.2,1,0,0.0,11.26
6693,669.3,1,0,0.0,11.26
6694,669.4,1,0,0.0,11.16
6695,669.5,1,0,0.0,11.21
6696,669.6,1,0,0.0,11.19
6697,669.7,2,0,0.0,12.6
6698,669.8,2,0,0.0,12.59
6699,669.9,3,0,0.0,11.72
6700,670.0,3,0,0.0,11.72
6701,670.1,3,0,0.0,11.69
6702,670.2,3,0,0.0,11.68
6703,670.3,3,0,0.0,11.72
6704,670.4,3,0,0.0,11.72
6705,670.5,3,0,0.0,11.74
6706,670.6,3,0,0.0,11.7
6707,670.7,4,0,0.0,10.46
6708,670.8,4,0,0.0,10.43
6709,670.9,4,0,0.0,10.48
6710,671.0,4,0,0.0,10.49
6711,671.1,4,0,0.0,10.57
6712,671.2,4,0,0.0,10.57
6713,671.3,4,0,0.0,10.55
6714,671.4,4,0,0.0,10.61
6715,671.5,4,0,0.0,10.64
6716,671.6,4,0,0.0,10.68
6717,671.7,4,0,0.0,10.7
6718,671.8,4,0,0.0,10.71
6719,671.9,4,0,0.0,10.75
6720,672.0,4,0,0.0,10.75
6721,672.1,4,0,0.0,10.75
6722,672.2,4,0,0.0,10.81
6723,672.3,5,0,0.0,11.03
6724,672.4,5,0,0.0,11.01
6725,672.5,5,0,0.0,11.02
6726,672.6,5,0,0.0,11.02
6727,672.7,5,0,0.0,11.06
6728,672.8,5,0,0.0,11.07
6729,672.9,5,0,0.0,11.07
6730,673.0,4,1,0.0,10.95
6731,673.1,4,0,0.0,10.93
6732,673.2,3,1,0.0,9.94
6733,673.3,3,0,0.0,9.94
6734,673.4,3,0,0.0,9.99
6735,673.5,3,0,0.0,9.98
6736,673.6,3,0,0.0,9.99
6737,673.7,3,0,0.0,10.0
6738,673.8,3,0,0.0,10.03
6739,673.9,3,0,0.0,10.05
6740,674.0,3,0,0.0,10.07
6741,674.1,3,0,0.0,10.05
6742,674.2,3,0,0.0,10.11
6743,674.3,3,0,0.0,10.07
6744,674.4,3,0,0.0,10.11
6745,674.5,3,0,0.0,10.1
6746,674.6,3,0,0.0,10.12
6747,674.7,3,0,0.0,10.13
6748,674.8,3,0,0.0,10.11
6749,674.9,3,0,0.0,10.15
6750,675.0,3,0,0.0,10.11
6751,675.1,3,0,0.0,10.17
6752,675.2,3,0,0.0,10.18
6753,675.3,3,0,0.0,10.19
6754,675.4,3,0,0.0,10.21
6755,675.5,3,0,0.0,10.2
6756,675.6,3,0,0.0,10.18
6757,675.7,3,0,0.0,10.17
6758,675.8,4,0,0.0,10.97
6759,675.9,3,1,0.0,10.89
6760,676.0,3,0,0.0,10.91
6761,676.1,3,0,0.0,10.91
6762,676.2,3,0,0.0,10.95
6763,676.3,3,0,0.0,10.91
6764,676.4,3,0,0.0,10.94
6765,676.5,3,0,0.0,10.9
6766,676.6,3,0,0.0,10.93
6767,676.7,3,0,0.0,10.94
6768,676.8,3,0,0.0,10.97
6769,676.9,3,0,0.0,10.96
6770,677.0,3,0,0.0,10.95
6771,677.1,3,0,0.0,10.96
6772,677.2,3,0,0.0,10.96
6773,677.3,4,0,0.0,11.2
6774,677.4,4,0,0.0,11.14
6775,677.5,4,0,0.0,11.16
6776,677.6,4,0,0.0,11.16
6777,677.7,4,0,0.0,11.17
6778,677.8,4,0,0.0,11.18
6779,677.9,4,0,0.0,11.17
6780,678.0,3,1,0.0,10.97
6781,678.1,3,0,0.0,10.99
6782,678.2,3,0,0.0,11.0
6783,678.3,3,0,0.0,11.01
6784,678.4,4,0,0.0,11.74
6785,678.5,4,0,0.0,11.72
6786,678.6,4,0,0.0,11.77
6787,678.7,4,0,0.0,11.75
6788,678.8,4,0,0.0,11.76
6789,678.9,4,0,0.0,11.75
6790,679.0,4,0,0.0,11.74
6791,679.1,4,0,0.0,11.74
6792,679.2,4,0,0.0,11.7
6793,679.3,4,0,0.0,11.78
6794,679.4,4,0,0.0,11.76
6795,679.5,4,0,0.0,11.73
6796,679.6,4,0,0.0,11.74
6797,679.7,4,0,0.0,11.75
6798,679.8,4,0,0.0,11.74
6799,679.9,4,0,0.0,11.7
6800,680.0,4,0,0.0,11.68
6801,680.1,4,0,0.0,11.68
6802,680.2,4,0,0.0,11.66
6803,680.3,4,0,0.0,11.65
6804,680.4,4,0,0.0,11.62
6805,680.5,5,0,0.0,11.28
6806,680.6,5,0,0.0,11.29
6807,680.7,4,1,0.0,11.61
6808,680.8,4,0,0.0,11.58
6809,680.9,4,0,0.0,11.58
6810,681.0,4,0,0.0,11.56
6811,681.1,4,0,0.0,11.51
6812,681.2,4,0,0.0,11.52
6813,681.3,4,0,0.0,11.49
6814,681.4,4,0,0.0,11.5
6815,681.5,5,0,0.0,11.95
6816,681.6,5,0,0.0,11.94
6817,681.7,5,0,0.0,11.92
6818,681.8,5,0,0.0,11.91
6819,681.9,4,1,0.0,11.4
6820,682.0,4,0,0.0,11.43
6821,682.1,3,1,0.0,11.85
6822,682.2,3,0,0.0,11.89
6823,682.3,4,0,0.0,12.42
6824,682.4,4,0,0.0,12.51
6825,682.5,4,0,0.0,12.55
6826,682.6,4,0,0.0,12.58
6827,682.7,4,0,0.0,12.65
6828,682.8,4,0,0.0,12.71
6829,682.9,3,1,0.0,12.45
6830,683.0,3,0,0.0,12.51
6831,683.1,3,0,0.0,12.63
6832,683.2,3,0,0.0,12.67
6833,683.3,3,0,0.0,12.64
6834,683.4,3,0,0.0,12.64
6835,683.5,3,0,0.0,12.67
6836,683.6,3,0,0.0,12.66
6837,683.7,3,0,0.0,12.67
6838,683.8,3,0,0.0,12.63
6839,683.9,3,0,0.0,12.65
6840,684.0,3,0,0.0,12.65
6841,684.1,2,1,0.0,13.1
6842,684.2,2,0,0.0,13.26
6843,684.3,2,0,0.0,13.31
6844,684.4,2,0,0.0,13.41
6845,684.5,2,0,0.0,13.52
6846,684.6,2,0,0.0,13.62
6847,684.7,2,0,0.0,13.65
6848,684.8,2,0,0.0,13.58
6849,684.9,2,0,0.0,13.59
6850,685.0,2,0,0.0,13.61
6851,685.1,2,0,0.0,13.63
6852,685.2,2,0,0.0,13.6
6853,685.3,2,0,0.0,13.58
6854,685.4,2,0,0.0,13.62
6855,685.5,2,0,0.0,13.61
6856,685.6,2,0,0.0,13.61
6857,685.7,1,1,0.0,13.97
6858,685.8,1,0,0.0,14.0
6859,685.9,1,0,0.0,13.93
6860,686.0,1,0,0.0,13.92
6861,686.1,1,0,0.0,13.88
6862,686.2,1,0,0.0,13.9
6863,686.3,1,0,0.0,13.97
6864,686.4,1,0,0.0,13.99
6865,686.5,1,0,0.0,13.93
6866,686.6,1,0,0.0,13.96
6867,686.7,1,0,0.0,13.92
6868,686.8,1,0,0.0,13.96
6869,686.9,1,0,0.0,13.89
6870,687.0,1,0,0.0,13.87
6871,687.1,2,0,0.0,13.17
6872,687.2,3,0,0.0,13.43
6873,687.3,4,0,0.0,13.27
6874,687.4,4,0,0.0,13.29
6875,687.5,4,0,0.0,13.27
6876,687.6,4,0,0.0,13.26
6877,687.7,4,0,0.0,13.25
6878,687.8,4,0,0.0,13.27
6879,687.9,3,1,0.0,13.45
6880,688.0,3,0,0.0,13.42
6881,688.1,3,0,0.0,13.41
6882,688.2,3,0,0.0,13.4
6883,688.3,3,0,0.0,13.41
6884,688.4,3,0,0.0,13.4
6885,688.5,3,0,0.0,13.43
6886,688.6,3,0,0.0,13.46
6887,688.7,3,0,0.0,13.46
6888,688.8,3,0,0.0,13.45
6889,688.9,3,0,0.0,13.43
6890,689.0,3,0,0.0,13.41
6891,689.1,3,0,0.0,13.42
6892,689.2,3,0,0.0,13.42
6893,689.3,3,0,0.0,13.41
6894,689.4,3,0,0.0,13.38
6895,689.5,3,0,0.0,13.43
6896,689.6,3,0,0.0,13.44
6897,689.7,3,0,0.0,13.43
6898,689.8,3,0,0.0,13.46
6899,689.9,3,0,0.0,13.4
6900,690.0,3,0,0.0,13.39
6901,690.1,3,0,0.0,13.43
6902,690.2,3,0,0.0,13.45
6903,690.3,3,0,0.0,13.36
6904,690.4,3,0,0.0,13.42
6905,690.5,3,0,0.0,13.43
6906,690.6,3,0,0.0,13.4
6907,690.7,2,1,0.0,13.15
6908,690.8,2,0,0.0,13.17
6909,690.9,2,0,0.0,13.18
6910,691.0,1,1,0.0,13.94
6911,691.1,1,0,0.0,13.94
6912,691.2,1,0,0.0,13.93
6913,691.3,1,0,0.0,13.94
6914,691.4,1,0,0.0,13.98
6915,691.5,1,0,0.0,13.91
6916,691.6,1,0,0.0,13.95
6917,691.7,1,0,0.0,13.87
6918,691.8,1,0,0.0,13.93
6919,691.9,1,0,0.0,14.0
6920,692.0,1,0,0.0,13.98
6921,692.1,1,0,0.0,13.91
6922,692.2,2,0,0.0,13.94
6923,692.3,2,0,0.0,13.95
6924,692.4,2,0,0.0,13.91
6925,692.5,2,0,0.0,13.93
6926,692.6,2,0,0.0,13.98
6927,692.7,2,0,0.0,13.98
6928,692.8,1,1,0.0,13.97
6929,692.9,2,0,0.0,13.97
6930,693.0,2,0,0.0,13.97
6931,693.1,2,0,0.0,13.91
6932,693.2,2,0,0.0,13.95
6933,693.3,2,0,0.0,13.95
6934,693.4,2,0,0.0,13.9
6935,693.5,2,0,0.0,13.96
6936,693.6,2,0,0.0,13.95
6937,693.7,2,0,0.0,13.88
6938,693.8,2,0,0.0,13.92
6939,693.9,2,0,0.0,13.96
6940,694.0,2,0,0.0,13.97
6941,694.1,2,0,0.0,13.93
6942,694.2,2,0,0.0,13.95
6943,694.3,2,0,0.0,13.96
6944,694.4,2,0,0.0,13.9
6945,694.5,2,0,0.0,13.91
6946,694.6,2,0,0.0,13.93
6947,694.7,2,0,0.0,13.96
6948,694.8,2,0,0.0,13.93
6949,694.9,2,0,0.0,13.93
6950,695.0,2,0,0.0,13.95
6951,695.1,2,0,0.0,13.91
6952,695.2,2,0,0.0,13.98
6953,695.3,2,0,0.0,13.94
6954,695.4,2,0,0.0,13.99
6955,695.5,2,0,0.0,13.97
6956,695.6,2,0,0.0,13.98
6957,695.7,2,0,0.0,13.92
6958,695.8,3,0,0.0,13.9
6959,695.9,3,0,0.0,13.86
6960,696.0,3,0,0.0,13.92
6961,696.1,3,0,0.0,13.91
6962,696.2,3,0,0.0,13.86
6963,696.3,3,0,0.0,13.84
6964,696.4,2,1,0.0,13.9
6965,696.5,2,0,0.0,13.88
6966,696.6,2,0,0.0,13.86
6967,696.7,2,0,0.0,13.86
6968,696.8,2,0,0.0,13.86
6969,696.9,2,0,0.0,13.86
6970,697.0,2,0,0.0,13.85
6971,697.1,2,0,0.0,13.82
6972,697.2,3,0,0.0,13.9
6973,697.3,3,0,0.0,13.92
6974,697.4,3,0,0.0,13.89
6975,697.5,3,0,0.0,13.92
6976,697.6,3,0,0.0,13.88
6977,697.7,3,0,0.0,13.85
6978,697.8,2,1,0.0,13.86
6979,697.9,2,0,0.0,13.83
6980,698.0,2,0,0.0,13.87
6981,698.1,2,0,0.0,13.83
6982,698.2,2,0,0.0,13.88
6983,698.3,2,0,0.0,13.86
6984,698.4,2,0,0.0,13.86
6985,698.5,3,0,0.0,13.9
6986,698.6,3,0,0.0,13.85
6987,698.7,3,0,0.0,13.89
6988,698.8,3,0,0.0,13.87
6989,698.9,3,0,0.0,13.88
6990,699.0,3,0,0.0,13.89
6991,699.1,3,0,0.0,13.87
6992,699.2,3,0,0.0,13.85
6993,699.3,2,1,0.0,13.95
6994,699.4,2,0,0.0,13.97
6995,699.5,2,0,0.0,13.9
6996,699.6,2,0,0.0,13.92
6997,699.7,2,0,0.0,13.9
6998,699.8,2,0,0.0,13.92
6999,699.9,2,0,0.0,13.92
7000,700.0,2,0,0.0,13.95
7001,700.1,3,0,0.0,12.63
7002,700.2,3,0,0.0,12.6
7003,700.3,3,0,0.0,12.59
7004,700.4,3,0,0.0,12.63
7005,700.5,3,0,0.0,12.64
7006,700.6,3,0,0.0,12.61
7007,700.7,3,0,0.0,12.6
7008,700.8,3,0,0.0,12.62
7009,700.9,3,0,0.0,12.59
7010,701.0,3,0,0.0,12.63
7011,701.1,3,0,0.0,12.6
7012,701.2,3,0,0.0,12.62
7013,701.3,3,0,0.0,12.64
7014,701.4,3,0,0.0,12.61
7015,701.5,3,0,0.0,12.6
7016,701.6,3,0,0.0,12.65
7017,701.7,3,0,0.0,12.59
7018,701.8,3,0,0.0,12.63
7019,701.9,3,0,0.0,12.61
7020,702.0,3,0,0.0,12.63
7021,702.1,2,1,0.0,11.97
7022,702.2,3,0,0.0,12.52
7023,702.3,3,0,0.0,12.51
7024,702.4,3,0,0.0,12.52
7025,702.5,3,0,0.0,12.47
7026,702.6,3,0,0.0,12.47
7027,702.7,3,0,0.0,12.52
7028,702.8,2,1,0.0,11.93
7029,702.9,2,0,0.0,11.91
7030,703.0,2,0,0.0,11.96
7031,703.1,2,0,0.0,11.95
7032,703.2,2,0,0.0,11.98
7033,703.3,2,0,0.0,11.95
7034,703.4,2,0,0.0,11.94
7035,703.5,2,0,0.0,11.95
7036,703.6,2,0,0.0,11.94
7037,703.7,2,0,0.0,11.94
7038,703.8,2,0,0.0,11.93
7039,703.9,2,0,0.0,11.96
7040,704.0,2,0,0.0,11.92
7041,704.1,2,0,0.0,11.98
7042,704.2,3,0,0.0,12.62
7043,704.3,3,0,0.0,12.6
7044,704.4,2,1,0.0,13.97
7045,704.5,3,0,0.0,13.94
7046,704.6,3,0,0.0,13.95
7047,704.7,3,0,0.0,13.93
7048,704.8,3,0,0.0,13.92
7049,704.9,3,0,0.0,13.92
7050,705.0,3,0,0.0,13.95
7051,705.1,3,0,0.0,13.92
7052,705.2,3,0,0.0,13.93
7053,705.3,3,0,0.0,13.97
7054,705.4,3,0,0.0,13.95
7055,705.5,3,0,0.0,13.94
7056,705.6,3,0,0.0,13.9
7057,705.7,3,0,0.0,13.91
7058,705.8,3,0,0.0,13.95
7059,705.9,3,0,0.0,13.92
7060,706.0,3,0,0.0,13.93
7061,706.1,3,0,0.0,13.95
7062,706.2,3,0,0.0,13.91
7063,706.3,3,0,0.0,13.91
7064,706.4,3,0,0.0,13.93
7065,706.5,3,0,0.0,13.95
7066,706.6,3,0,0.0,13.91
7067,706.7,3,0,0.0,13.94
7068,706.8,3,0,0.0,13.92
7069,706.9,3,0,0.0,13.93
7070,707.0,3,0,0.0,13.93
7071,707.1,3,0,0.0,13.96
7072,707.2,4,0,0.0,13.95
7073,707.3,4,0,0.0,13.95
7074,707.4,4,0,0.0,13.94
7075,707.5,4,0,0.0,13.92
7076,707.6,4,0,0.0,13.93
7077,707.7,3,1,0.0,13.93
7078,707.8,2,1,0.0,13.91
7079,707.9,2,0,0.0,13.96
7080,708.0,1,1,0.0,13.93
7081,708.1,1,0,0.0,13.94
7082,708.2,1,0,0.0,13.96
7083,708.3,1,0,0.0,13.89
7084,708.4,1,0,0.0,13.96
7085,708.5,1,0,0.0,13.9
7086,708.6,1,0,0.0,13.99
7087,708.7,1,0,0.0,13.89
7088,708.8,2,0,0.0,11.98
7089,708.9,2,0,0.0,11.99
7090,709.0,1,1,0.0,13.96
7091,709.1,1,0,0.0,13.89
7092,709.2,1,0,0.0,13.94
7093,709.3,1,0,0.0,13.94
7094,709.4,1,0,0.0,13.94
7095,709.5,1,0,0.0,13.91
7096,709.6,1,0,0.0,13.88
7097,709.7,1,0,0.0,13.9
7098,709.8,1,0,0.0,13.95
7099,709.9,2,0,0.0,13.98
7100,710.0,2,0,0.0,13.96
7101,710.1,2,0,0.0,13.91
7102,710.2,2,0,0.0,13.91
7103,710.3,2,0,0.0,13.92
7104,710.4,2,0,0.0,13.93
7105,710.5,2,0,0.0,13.96
7106,710.6,2,0,0.0,13.97
7107,710.7,2,0,0.0,13.94
7108,710.8,2,0,0.0,13.93
7109,710.9,2,0,0.0,13.95
7110,711.0,2,0,0.0,13.95
7111,711.1,2,0,0.0,13.99
7112,711.2,2,0,0.0,13.94
7113,711.3,2,0,0.0,13.96
7114,711.4,2,0,0.0,13.94
7115,711.5,2,0,0.0,13.94
7116,711.6,2,0,0.0,13.94
7117,711.7,2,0,0.0,13.95
7118,711.8,3,0,0.0,12.63
7119,711.9,3,0,0.0,12.62
7120,712.0,3,0,0.0,12.6
7121,712.1,4,0,0.0,12.97
7122,712.2,4,0,0.0,12.95
7123,712.3,4,0,0.0,12.98
7124,712.4,4,0,0.0,12.94
7125,712.5,4,0,0.0,12.94
7126,712.6,4,0,0.0,12.93
7127,712.7,3,1,0.0,12.61
7128,712.8,3,0,0.0,12.64
7129,712.9,3,0,0.0,12.63
7130,713.0,3,0,0.0,12.58
7131,713.1,3,0,0.0,12.61
7132,713.2,4,0,0.0,12.94
7133,713.3,4,0,0.0,12.94
7134,713.4,3,1,0.0,12.62
7135,713.5,3,0,0.0,12.62
7136,713.6,3,0,0.0,12.61
7137,713.7,3,0,0.0,12.6
7138,713.8,3,0,0.0,12.66
7139,713.9,3,0,0.0,12.61
7140,714.0,3,0,0.0,12.6
7141,714.1,3,0,0.0,12.6
7142,714.2,3,0,0.0,12.63
7143,714.3,3,0,0.0,12.6
7144,714.4,3,0,0.0,12.63
7145,714.5,3,0,0.0,12.62
7146,714.6,3,0,0.0,12.63
7147,714.7,3,0,0.0,12.64
7148,714.8,3,0,0.0,12.6
7149,714.9,3,0,0.0,12.63
7150,715.0,3,0,0.0,12.61
7151,715.1,3,0,0.0,12.63
7152,715.2,3,0,0.0,12.61
7153,715.3,3,0,0.0,12.63
7154,715.4,3,0,0.0,12.57
7155,715.5,3,0,0.0,12.63
7156,715.6,4,0,0.0,12.76
7157,715.7,4,0,0.0,12.75
7158,715.8,4,0,0.0,12.77
7159,715.9,4,0,0.0,12.73
7160,716.0,4,0,0.0,12.76
7161,716.1,4,0,0.0,12.73
7162,716.2,4,0,0.0,12.76
7163,716.3,4,0,0.0,12.77
7164,716.4,4,0,0.0,12.72
7165,716.5,4,0,0.0,12.78
7166,716.6,4,0,0.0,12.75
7167,716.7,3,1,0.0,12.35
7168,716.8,3,0,0.0,12.35
7169,716.9,3,0,0.0,12.35
7170,717.0,3,0,0.0,12.35
7171,717.1,4,0,0.0,12.62
7172,717.2,4,0,0.0,12.57
7173,717.3,4,0,0.0,12.59
7174,717.4,4,0,0.0,12.58
7175,717.5,4,0,0.0,12.58
7176,717.6,4,0,0.0,12.58
7177,717.7,3,1,0.0,12.35
7178,717.8,3,0,0.0,12.34
7179,717.9,3,0,0.0,12.38
7180,718.0,3,0,0.0,12.35
7181,718.1,3,0,0.0,12.37
7182,718.2,3,0,0.0,12.34
7183,718.3,3,0,0.0,12.37
7184,718.4,3,0,0.0,12.39
7185,718.5,3,0,0.0,12.34
7186,718.6,3,0,0.0,12.37
7187,718.7,3,0,0.0,12.33
7188,718.8,3,0,0.0,12.32
7189,718.9,3,0,0.0,12.29
7190,719.0,3,0,0.0,12.27
7191,719.1,2,1,0.0,11.41
7192,719.2,2,0,0.0,11.39
7193,719.3,2,0,0.0,11.35
7194,719.4,2,0,0.0,11.31
7195,719.5,2,0,0.0,11.26
7196,719.6,2,0,0.0,11.25
7197,719.7,2,0,0.0,11.15
7198,719.8,2,0,0.0,11.15
7199,719.9,2,0,0.0,11.13
7200,720.0,2,0,0.0,11.06
7201,720.1,2,0,0.0,11.08
7202,720.2,2,0,0.0,11.06
7203,720.3,2,0,0.0,11.03
7204,720.4,2,0,0.0,10.95
7205,720.5,2,0,0.0,10.94
7206,720.6,2,0,0.0,10.89
7207,720.7,2,0,0.0,10.9
7208,720.8,2,0,0.0,10.83
7209,720.9,2,0,0.0,10.81
7210,721.0,2,0,0.0,10.83
7211,721.1,2,0,0.0,10.79
7212,721.2,2,0,0.0,10.75
7213,721.3,3,0,0.0,11.16
7214,721.4,3,0,0.0,11.11
7215,721.5,3,0,0.0,11.1
7216,721.6,3,0,0.0,11.09
7217,721.7,3,0,0.0,11.06
7218,721.8,3,0,0.0,11.04
7219,721.9,4,0,0.0,11.78
7220,722.0,4,0,0.0,11.77
7221,722.1,5,0,0.0,12.18
7222,722.2,5,0,0.0,12.15
7223,722.3,5,0,0.0,12.1
7224,722.4,5,0,0.0,12.13
7225,722.5,5,0,0.0,12.1
7226,722.6,5,0,0.0,12.13
7227,722.7,4,1,0.0,11.69
7228,722.8,4,0,0.0,11.71
7229,722.9,4,0,0.0,11.69
7230,723.0,4,0,0.0,11.68
7231,723.1,4,0,0.0,11.66
7232,723.2,4,0,0.0,11.64
7233,723.3,4,0,0.0,11.65
7234,723.4,4,0,0.0,11.62
7235,723.5,4,0,0.0,11.64
7236,723.6,4,0,0.0,11.62
7237,723.7,4,0,0.0,11.61
7238,723.8,4,0,0.0,11.62
7239,723.9,4,0,0.0,11.59
7240,724.0,3,1,0.0,12.14
7241,724.1,3,0,0.0,12.2
7242,724.2,3,0,0.0,12.29
7243,724.3,3,0,0.0,12.37
7244,724.4,3,0,0.0,12.46
7245,724.5,3,0,0.0,12.55
7246,724.6,3,0,0.0,12.59
7247,724.7,3,0,0.0,12.6
7248,724.8,3,0,0.0,12.67
7249,724.9,3,0,0.0,12.68
7250,725.0,3,0,0.0,12.82
7251,725.1,3,0,0.0,12.83
7252,725.2,3,0,0.0,12.89
7253,725.3,3,0,0.0,12.96
7254,725.4,2,1,0.0,12.5
7255,725.5,2,0,0.0,12.49
7256,725.6,2,0,0.0,12.53
7257,725.7,2,0,0.0,12.56
7258,725.8,2,0,0.0,12.5
7259,725.9,2,0,0.0,12.5
7260,726.0,1,1,0.0,11.86
7261,726.1,1,0,0.0,11.9
7262,726.2,1,0,0.0,11.85
7263,726.3,1,0,0.0,11.87
7264,726.4,1,0,0.0,11.88
7265,726.5,1,0,0.0,11.84
7266,726.6,1,0,0.0,11.83
7267,726.7,1,0,0.0,11.82
7268,726.8,1,0,0.0,11.83
7269,726.9,2,0,0.0,12.93
7270,727.0,2,0,0.0,12.88
7271,727.1,3,0,0.0,13.13
7272,727.2,3,0,0.0,13.09
7273,727.3,3,0,0.0,13.12
7274,727.4,3,0,0.0,13.1
7275,727.5,3,0,0.0,13.1
7276,727.6,3,0,0.0,13.07
7277,727.7,2,1,0.0,12.93
7278,727.8,2,0,0.0,12.96
7279,727.9,2,0,0.0,12.89
7280,728.0,2,0,0.0,12.91
7281,728.1,2,0,0.0,12.94
7282,728.2,2,0,0.0,12.85
7283,728.3,2,0,0.0,12.85
7284,728.4,2,0,0.0,12.94
7285,728.5,2,0,0.0,12.87
7286,728.6,2,0,0.0,12.89
7287,728.7,2,0,0.0,12.89
7288,728.8,2,0,0.0,12.92
7289,728.9,2,0,0.0,12.87
7290,729.0,2,0,0.0,12.88
7291,729.1,2,0,0.0,12.92
7292,729.2,2,0,0.0,12.88
7293,729.3,2,0,0.0,12.88
7294,729.4,2,0,0.0,12.9
7295,729.5,2,0,0.0,12.89
7296,729.6,2,0,0.0,12.9
7297,729.7,2,0,0.0,12.88
7298,729.8,2,0,0.0,12.87
7299,729.9,2,0,0.0,12.9
7300,730.0,2,0,0.0,12.89
7301,730.1,2,0,0.0,12.9
7302,730.2,2,0,0.0,12.9
7303,730.3,2,0,0.0,12.88
7304,730.4,2,0,0.0,12.91
7305,730.5,2,0,0.0,12.85
7306,730.6,3,0,0.0,13.08
7307,730.7,3,0,0.0,13.1
7308,730.8,3,0,0.0,13.04
7309,730.9,3,0,0.0,13.07
7310,731.0,3,0,0.0,13.05
7311,731.1,3,0,0.0,13.05
7312,731.2,3,0,0.0,13.08
7313,731.3,3,0,0.0,13.07
7314,731.4,3,0,0.0,13.1
7315,731.5,3,0,0.0,13.09
7316,731.6,3,0,0.0,13.04
7317,731.7,3,0,0.0,13.1
7318,731.8,3,0,0.0,13.08
7319,731.9,3,0,0.0,13.07
7320,732.0,2,1,0.0,13.66
7321,732.1,3,0,0.0,12.8
7322,732.2,3,0,0.0,12.81
7323,732.3,3,0,0.0,12.83
7324,732.4,3,0,0.0,12.84
7325,732.5,3,0,0.0,12.84
7326,732.6,4,0,0.0,13.06
7327,732.7,4,0,0.0,13.05
7328,732.8,3,1,0.0,13.73
7329,732.9,3,0,0.0,13.71
7330,733.0,3,0,0.0,13.75
7331,733.1,3,0,0.0,13.74
7332,733.2,3,0,0.0,13.7
7333,733.3,3,0,0.0,13.71
7334,733.4,3,0,0.0,13.72
7335,733.5,3,0,0.0,13.75
7336,733.6,3,0,0.0,13.76
7337,733.7,3,0,0.0,13.71
7338,733.8,3,0,0.0,13.72
7339,733.9,3,0,0.0,13.74
7340,734.0,3,0,0.0,13.76
7341,734.1,3,0,0.0,13.71
7342,734.2,2,1,0.0,13.86
7343,734.3,2,0,0.0,13.9
7344,734.4,2,0,0.0,13.89
7345,734.5,2,0,0.0,13.93
7346,734.6,2,0,0.0,13.85
7347,734.7,2,0,0.0,13.9
7348,734.8,2,0,0.0,13.95
7349,734.9,2,0,0.0,13.89
7350,735.0,2,0,0.0,13.92
7351,735.1,2,0,0.0,13.88
7352,735.2,2,0,0.0,13.83
7353,735.3,2,0,0.0,13.91
7354,735.4,2,0,0.0,13.86
7355,735.5,2,0,0.0,13.88
7356,735.6,2,0,0.0,13.87
7357,735.7,2,0,0.0,13.84
7358,735.8,2,0,0.0,13.86
7359,735.9,2,0,0.0,13.92
7360,736.0,2,0,0.0,13.86
7361,736.1,1,1,0.0,13.85
7362,736.2,1,0,0.0,13.78
7363,736.3,1,0,0.0,13.8
7364,736.4,1,0,0.0,13.87
7365,736.5,1,0,0.0,13.85
7366,736.6,1,0,0.0,13.88
7367,736.7,1,0,0.0,13.78
7368,736.8,1,0,0.0,13.87
7369,736.9,1,0,0.0,13.9
7370,737.0,2,0,0.0,13.91
7371,737.1,2,0,0.0,13.89
7372,737.2,2,0,0.0,13.91
7373,737.3,2,0,0.0,13.92
7374,737.4,2,0,0.0,13.91
7375,737.5,2,0,0.0,13.89
7376,737.6,2,1,0.0,11.91
7377,737.7,2,0,0.0,11.9
7378,737.8,1,1,0.0,13.83
7379,737.9,1,0,0.0,13.88
7380,738.0,1,0,0.0,13.78
7381,738.1,1,0,0.0,13.86
7382,738.2,1,0,0.0,13.86
7383,738.3,2,0,0.0,13.92
7384,738.4,2,0,0.0,13.87
7385,738.5,2,0,0.0,13.9
7386,738.6,2,0,0.0,13.88
7387,738.7,2,0,0.0,13.92
7388,738.8,2,0,0.0,13.89
7389,738.9,2,0,0.0,13.91
7390,739.0,2,0,0.0,13.87
7391,739.1,2,0,0.0,13.88
7392,739.2,2,0,0.0,13.9
7393,739.3,3,0,0.0,13.54
7394,739.4,3,0,0.0,13.52
7395,739.5,3,0,0.0,13.49
7396,739.6,3,0,0.0,13.52
7397,739.7,3,0,0.0,13.55
7398,739.8,3,0,0.0,13.51
7399,739.9,3,0,0.0,13.49
7400,740.0,3,0,0.0,13.5
7401,740.1,3,0,0.0,13.54
7402,740.2,3,0,0.0,13.49
7403,740.3,3,0,0.0,13.5
7404,740.4,3,0,0.0,13.53
7405,740.5,3,0,0.0,13.51
7406,740.6,3,0,0.0,13.49
7407,740.7,3,0,0.0,13.55
7408,740.8,3,0,0.0,13.51
7409,740.9,3,0,0.0,13.51
7410,741.0,3,0,0.0,13.53
7411,741.1,3,0,0.0,13.53
7412,741.2,3,0,0.0,13.5
7413,741.3,3,0,0.0,13.55
7414,741.4,3,0,0.0,13.51
7415,741.5,3,0,0.0,13.5
7416,741.6,3,0,0.0,13.51
7417,741.7,3,0,0.0,13.53
7418,741.8,2,1,0.0,13.38
7419,741.9,2,0,0.0,13.35
7420,742.0,3,0,0.0,13.56
7421,742.1,3,0,0.0,13.58
7422,742.2,3,0,0.0,13.53
7423,742.3,3,0,0.0,13.54
7424,742.4,3,0,0.0,13.53
7425,742.5,3,0,0.0,13.56
7426,742.6,2,1,0.0,13.3
7427,742.7,2,0,0.0,13.32
7428,742.8,2,0,0.0,13.36
7429,742.9,2,0,0.0,13.36
7430,743.0,2,0,0.0,13.34
7431,743.1,1,1,0.0,13.93
7432,743.2,1,0,0.0,13.94
7433,743.3,1,0,0.0,14.0
7434,743.4,1,0,0.0,13.96
7435,743.5,1,0,0.0,13.96
7436,743.6,1,0,0.0,13.89
7437,743.7,1,0,0.0,13.98
7438,743.8,1,0,0.0,13.95
7439,743.9,1,0,0.0,13.88
7440,744.0,2,0,0.0,13.54
7441,744.1,2,0,0.0,13.48
7442,744.2,2,0,0.0,13.48
7443,744.3,2,0,0.0,13.48
7444,744.4,2,0,0.0,13.51
7445,744.5,2,0,0.0,13.48
7446,744.6,2,0,0.0,13.51
7447,744.7,2,0,0.0,13.48
7448,744.8,2,0,0.0,13.45
7449,744.9,2,0,0.0,13.52
7450,745.0,2,0,0.0,13.5
7451,745.1,2,0,0.0,13.44
7452,745.2,2,0,0.0,13.5
7453,745.3,2,0,0.0,13.47
7454,745.4,2,0,0.0,13.42
7455,745.5,2,0,0.0,13.49
7456,745.6,2,0,0.0,13.45
7457,745.7,2,0,0.0,13.52
7458,745.8,2,0,0.0,13.45
7459,745.9,2,0,0.0,13.46
7460,746.0,2,0,0.0,13.48
7461,746.1,2,0,0.0,13.42
7462,746.2,2,0,0.0,13.47
7463,746.3,2,0,0.0,13.45
7464,746.4,2,0,0.0,13.45
7465,746.5,2,0,0.0,13.5
7466,746.6,2,0,0.0,13.48
7467,746.7,2,0,0.0,13.51
7468,746.8,2,0,0.0,13.47
7469,746.9,2,0,0.0,13.52
7470,747.0,3,0,0.0,13.65
7471,747.1,3,0,0.0,13.61
7472,747.2,3,0,0.0,13.64
7473,747.3,3,0,0.0,13.6
7474,747.4,3,0,0.0,13.61
7475,747.5,2,1,0.0,13.48
7476,747.6,1,1,0.0,12.97
7477,747.7,1,0,0.0,13.0
7478,747.8,1,0,0.0,12.96
7479,747.9,1,0,0.0,13.07
7480,748.0,2,0,0.0,13.24
7481,748.1,2,0,0.0,13.2
7482,748.2,2,0,0.0,13.19
7483,748.3,2,0,0.0,13.2
7484,748.4,2,0,0.0,13.16
7485,748.5,2,0,0.0,13.19
7486,748.6,2,0,0.0,13.18
7487,748.7,2,0,0.0,13.23
7488,748.8,2,0,0.0,13.17
7489,748.9,2,0,0.0,13.18
7490,749.0,2,0,0.0,13.15
7491,749.1,2,0,0.0,13.17
7492,749.2,2,0,0.0,13.25
7493,749.3,2,0,0.0,13.2
7494,749.4,2,0,0.0,13.18
7495,749.5,2,0,0.0,13.24
7496,749.6,3,0,0.0,13.45
7497,749.7,3,0,0.0,13.42
7498,749.8,3,0,0.0,13.46
7499,749.9,3,0,0.0,13.46
7500,750.0,3,0,0.0,13.41
7501,750.1,3,0,0.0,13.47
7502,750.2,3,0,0.0,13.42
7503,750.3,3,0,0.0,13.44
7504,750.4,3,0,0.0,13.48
7505,750.5,3,0,0.0,13.47
7506,750.6,3,0,0.0,13.41
7507,750.7,3,0,0.0,13.49
7508,750.8,3,0,0.0,13.4
7509,750.9,3,0,0.0,13.45
7510,751.0,3,0,0.0,13.41
7511,751.1,3,0,0.0,13.44
7512,751.2,3,0,0.0,13.43
7513,751.3,3,0,0.0,13.45
7514,751.4,3,0,0.0,13.44
7515,751.5,3,0,0.0,13.43
7516,751.6,2,1,0.0,13.43
7517,751.7,2,0,0.0,13.46
7518,751.8,2,0,0.0,13.5
7519,751.9,2,0,0.0,13.46
7520,752.0,3,0,0.0,13.65
7521,752.1,3,0,0.0,13.59
7522,752.2,3,0,0.0,13.62
7523,752.3,3,0,0.0,13.63
7524,752.4,3,0,0.0,13.65
7525,752.5,3,0,0.0,13.62
7526,752.6,2,1,0.0,13.48
7527,752.7,2,0,0.0,13.47
7528,752.8,2,0,0.0,13.51
7529,752.9,2,0,0.0,13.45
7530,753.0,2,0,0.0,13.48
7531,753.1,2,0,0.0,13.48
7532,753.2,2,0,0.0,13.45
7533,753.3,2,0,0.0,13.45
7534,753.4,2,0,0.0,13.46
7535,753.5,2,0,0.0,13.51
7536,753.6,3,0,0.0,12.31
7537,753.7,3,0,0.0,12.3
7538,753.8,2,1,0.0,11.95
7539,753.9,2,0,0.0,11.93
7540,754.0,2,0,0.0,11.97
7541,754.1,2,0,0.0,11.93
7542,754.2,2,0,0.0,11.94
7543,754.3,2,0,0.0,11.95
7544,754.4,2,0,0.0,11.96
7545,754.5,2,0,0.0,11.97
7546,754.6,2,0,0.0,11.96
7547,754.7,2,0,0.0,11.98
7548,754.8,2,0,0.0,11.93
7549,754.9,2,0,0.0,11.97
7550,755.0,2,0,0.0,11.97
7551,755.1,2,0,0.0,11.92
7552,755.2,2,0,0.0,11.94
7553,755.3,3,0,0.0,11.28
7554,755.4,3,0,0.0,11.25
7555,755.5,3,0,0.0,11.27
7556,755.6,3,0,0.0,11.29
7557,755.7,3,0,0.0,11.31
7558,755.8,3,0,0.0,11.32
7559,755.9,3,0,0.0,11.3
7560,756.0,3,0,0.0,11.25
7561,756.1,3,0,0.0,11.27
7562,756.2,3,0,0.0,11.27
7563,756.3,3,0,0.0,11.26
7564,756.4,3,0,0.0,11.29
7565,756.5,3,0,0.0,11.28
7566,756.6,3,0,0.0,11.28
7567,756.7,4,0,0.0,11.95
7568,756.8,4,0,0.0,11.93
7569,756.9,4,0,0.0,11.95
7570,757.0,5,0,0.0,12.24
7571,757.1,5,0,0.0,12.21
7572,757.2,5,0,0.0,12.22
7573,757.3,5,0,0.0,12.23
7574,757.4,5,0,0.0,12.24
7575,757.5,5,0,0.0,12.21
7576,757.6,4,1,0.0,11.95
7577,757.7,4,0,0.0,11.93
7578,757.8,4,0,0.0,11.96
7579,757.9,4,0,0.0,11.95
7580,758.0,4,0,0.0,11.93
7581,758.1,4,0,0.0,11.94
7582,758.2,4,0,0.0,11.93
7583,758.3,4,0,0.0,11.97
7584,758.4,4,0,0.0,11.95
7585,758.5,4,0,0.0,11.92
7586,758.6,4,0,0.0,11.94
7587,758.7,4,0,0.0,11.96
7588,758.8,3,1,0.0,11.28
7589,758.9,3,0,0.0,11.29
7590,759.0,3,0,0.0,11.29
7591,759.1,3,0,0.0,11.27
7592,759.2,3,0,0.0,11.28
7593,759.3,3,0,0.0,11.25
7594,759.4,3,0,0.0,11.3
7595,759.5,3,0,0.0,11.32
7596,759.6,3,0,0.0,11.29
7597,759.7,3,0,0.0,11.31
7598,759.8,3,0,0.0,11.29
7599,759.9,3,0,0.0,11.3
7600,760.0,3,0,0.0,11.26
7601,760.1,3,0,0.0,11.27
7602,760.2,2,1,0.0,9.91
7603,760.3,2,0,0.0,9.97
7604,760.4,2,0,0.0,9.94
7605,760.5,2,0,0.0,10.01
7606,760.6,2,0,0.0,9.96
7607,760.7,2,0,0.0,9.96
7608,760.8,2,0,0.0,9.99
7609,760.9,2,0,0.0,9.95
7610,761.0,3,0,0.0,11.3
7611,761.1,3,0,0.0,11.25
7612,761.2,3,0,0.0,11.3
7613,761.3,3,0,0.0,11.26
7614,761.4,3,0,0.0,11.29
7615,761.5,3,0,0.0,11.28
7616,761.6,3,0,0.0,11.27
7617,761.7,3,0,0.0,11.27
7618,761.8,3,0,0.0,11.29
7619,761.9,4,0,0.0,11.96
7620,762.0,4,0,0.0,11.96
7621,762.1,4,0,0.0,11.96
7622,762.2,4,0,0.0,11.94
7623,762.3,4,0,0.0,11.97
7624,762.4,4,0,0.0,11.96
7625,762.5,3,1,0.0,11.27
7626,762.6,3,0,0.0,11.27
7627,762.7,3,0,0.0,11.3
7628,762.8,3,0,0.0,11.27
7629,762.9,3,0,0.0,11.28
7630,763.0,3,0,0.0,11.26
7631,763.1,3,0,0.0,11.28
7632,763.2,3,0,0.0,11.26
7633,763.3,3,0,0.0,11.26
7634,763.4,3,0,0.0,11.29
7635,763.5,3,0,0.0,11.29
7636,763.6,3,0,0.0,11.28
7637,763.7,3,0,0.0,11.29
7638,763.8,3,0,0.0,11.31
7639,763.9,3,0,0.0,11.27
7640,764.0,3,0,0.0,11.27
7641,764.1,3,0,0.0,11.29
7642,764.2,3,0,0.0,11.28
7643,764.3,3,0,0.0,11.31
7644,764.4,3,0,0.0,11.31
7645,764.5,3,0,0.0,11.29
7646,764.6,3,0,0.0,11.28
7647,764.7,3,0,0.0,11.26
7648,764.8,3,0,0.0,11.27
7649,764.9,3,0,0.0,11.31
7650,765.0,3,0,0.0,11.32
7651,765.1,3,0,0.0,11.29
7652,765.2,3,0,0.0,11.27
7653,765.3,3,0,0.0,11.29
7654,765.4,4,0,0.0,11.34
7655,765.5,5,0,0.0,11.09
7656,765.6,5,0,0.0,11.05
7657,765.7,4,1,0.0,11.34
7658,765.8,3,1,0.0,11.83
7659,765.9,3,0,0.0,11.85
7660,766.0,3,0,0.0,11.9
7661,766.1,3,0,0.0,11.99
7662,766.2,3,0,0.0,12.03
7663,766.3,3,0,0.0,12.12
7664,766.4,3,0,0.0,12.17
7665,766.5,3,0,0.0,12.21
7666,766.6,3,0,0.0,12.3
7667,766.7,4,0,0.0,12.77
7668,766.8,4,0,0.0,12.82
7669,766.9,5,0,0.0,12.41
7670,767.0,5,0,0.0,12.42
7671,767.1,5,0,0.0,12.48
7672,767.2,5,0,0.0,12.51
7673,767.3,5,0,0.0,12.53
7674,767.4,5,0,0.0,12.6
7675,767.5,5,0,0.0,12.63
7676,767.6,4,1,0.0,13.22
7677,767.7,4,0,0.0,13.24
7678,767.8,3,1,0.0,13.13
7679,767.9,3,0,0.0,13.11
7680,768.0,3,0,0.0,13.1
7681,768.1,3,0,0.0,13.1
7682,768.2,3,0,0.0,13.13
7683,768.3,3,0,0.0,13.12
7684,768.4,3,0,0.0,13.1
7685,768.5,3,0,0.0,13.1
7686,768.6,3,0,0.0,13.14
7687,768.7,3,0,0.0,13.1
7688,768.8,3,0,0.0,13.09
7689,768.9,3,0,0.0,13.13
7690,769.0,3,0,0.0,13.13
7691,769.1,3,0,0.0,13.13
7692,769.2,3,0,0.0,13.15
7693,769.3,3,0,0.0,13.13
7694,769.4,3,0,0.0,13.14
7695,769.5,3,0,0.0,13.15
7696,769.6,2,1,0.0,13.94
7697,769.7,2,0,0.0,13.94
7698,769.8,2,0,0.0,13.93
7699,769.9,2,0,0.0,13.88
7700,770.0,2,0,0.0,13.91
7701,770.1,2,0,0.0,13.91
7702,770.2,1,1,0.0,13.89
7703,770.3,1,0,0.0,13.99
7704,770.4,1,0,0.0,13.9
7705,770.5,1,0,0.0,13.99
7706,770.6,1,0,0.0,13.9
7707,770.7,1,0,0.0,13.95
7708,770.8,1,0,0.0,13.94
7709,770.9,1,0,0.0,13.95
7710,771.0,1,0,0.0,13.91
7711,771.1,1,0,0.0,13.95
7712,771.2,1,0,0.0,13.99
7713,771.3,1,0,0.0,13.94
7714,771.4,1,0,0.0,13.95
7715,771.5,1,0,0.0,13.96
7716,771.6,1,0,0.0,13.97
7717,771.7,1,0,0.0,14.0
7718,771.8,1,0,0.0,13.94
7719,771.9,2,0,0.0,13.96
7720,772.0,2,0,0.0,13.93
7721,772.1,2,0,0.0,13.92
7722,772.2,2,0,0.0,13.99
7723,772.3,2,0,0.0,13.96
7724,772.4,3,0,0.0,13.36
7725,772.5,2,1,0.0,13.1
7726,772.6,2,0,0.0,13.07
7727,772.7,2,0,0.0,13.04
7728,772.8,2,0,0.0,13.05
7729,772.9,2,0,0.0,13.03
7730,773.0,2,0,0.0,13.03
7731,773.1,2,0,0.0,13.05
7732,773.2,2,0,0.0,13.04
7733,773.3,2,0,0.0,13.03
7734,773.4,2,0,0.0,13.03
7735,773.5,2,0,0.0,13.1
7736,773.6,2,0,0.0,13.07
7737,773.7,2,0,0.0,13.08
7738,773.8,2,0,0.0,13.01
7739,773.9,2,0,0.0,13.06
7740,774.0,2,0,0.0,13.06
7741,774.1,3,0,0.0,13.38
7742,774.2,3,0,0.0,13.35
7743,774.3,3,0,0.0,13.34
7744,774.4,3,0,0.0,13.33
7745,774.5,3,0,0.0,13.38
7746,774.6,3,0,0.0,13.38
7747,774.7,3,0,0.0,13.37
7748,774.8,3,0,0.0,13.35
7749,774.9,3,0,0.0,13.37
7750,775.0,3,0,0.0,13.35
7751,775.1,3,0,0.0,13.34
7752,775.2,3,0,0.0,13.31
7753,775.3,3,0,0.0,13.34
7754,775.4,3,0,0.0,13.32
7755,775.5,3,0,0.0,13.35
7756,775.6,3,0,0.0,13.36
7757,775.7,3,0,0.0,13.34
7758,775.8,3,0,0.0,13.39
7759,775.9,2,1,0.0,13.08
7760,776.0,2,0,0.0,13.07
7761,776.1,2,0,0.0,13.04
7762,776.2,2,0,0.0,13.09
7763,776.3,2,0,0.0,13.03
7764,776.4,2,0,0.0,13.06
7765,776.5,2,0,0.0,13.1
7766,776.6,2,0,0.0,13.08
7767,776.7,2,0,0.0,13.06
7768,776.8,2,0,0.0,13.04
7769,776.9,3,0,0.0,13.34
7770,777.0,3,0,0.0,13.33
7771,777.1,3,0,0.0,13.37
7772,777.2,3,0,0.0,13.39
7773,777.3,3,0,0.0,13.33
7774,777.4,3,0,0.0,13.35
7775,777.5,2,1,0.0,13.07
7776,777.6,1,1,0.0,12.19
7777,777.7,1,0,0.0,12.2
7778,777.8,1,0,0.0,12.21
7779,777.9,1,0,0.0,12.19
7780,778.0,2,0,0.0,12.56
7781,778.1,2,0,0.0,12.51
7782,778.2,2,0,0.0,12.47
7783,778.3,2,0,0.0,12.48
7784,778.4,2,0,0.0,12.46
7785,778.5,2,0,0.0,12.51
7786,778.6,2,0,0.0,12.51
7787,778.7,2,0,0.0,12.5
7788,778.8,2,0,0.0,12.47
7789,778.9,2,0,0.0,12.47
7790,779.0,2,0,0.0,12.51
7791,779.1,2,0,0.0,12.48
7792,779.2,2,0,0.0,12.55
7793,779.3,2,0,0.0,12.49
7794,779.4,2,0,0.0,12.52
7795,779.5,2,0,0.0,12.52
7796,779.6,2,0,0.0,12.53
7797,779.7,2,0,0.0,12.5
7798,779.8,2,0,0.0,12.5
7799,779.9,2,0,0.0,12.47
7800,780.0,2,0,0.0,12.46
7801,780.1,2,0,0.0,12.53
7802,780.2,2,0,0.0,12.48
7803,780.3,2,0,0.0,12.5
7804,780.4,2,0,0.0,12.54
7805,780.5,2,0,0.0,12.52
7806,780.6,2,0,0.0,12.54
7807,780.7,2,0,0.0,12.47
7808,780.8,2,0,0.0,12.47
7809,780.9,2,0,0.0,12.51
7810,781.0,2,0,0.0,12.51
7811,781.1,2,0,0.0,12.5
7812,781.2,2,0,0.0,12.48
7813,781.3,2,0,0.0,12.5
7814,781.4,2,0,0.0,12.49
7815,781.5,2,0,0.0,12.48
7816,781.6,2,0,0.0,12.54
7817,781.7,2,0,0.0,12.53
7818,781.8,2,0,0.0,12.51
7819,781.9,3,0,0.0,12.47
7820,782.0,3,0,0.0,12.46
7821,782.1,3,0,0.0,12.46
7822,782.2,3,0,0.0,12.45
7823,782.3,3,0,0.0,12.44
7824,782.4,3,0,0.0,12.47
7825,782.5,2,1,0.0,12.56
7826,782.6,2,0,0.0,12.53
7827,782.7,2,0,0.0,12.48
7828,782.8,3,0,0.0,12.63
7829,782.9,2,1,0.0,12.82
7830,783.0,2,0,0.0,12.8
7831,783.1,2,0,0.0,12.77
7832,783.2,2,0,0.0,12.82
7833,783.3,2,0,0.0,12.84
7834,783.4,2,0,0.0,12.85
7835,783.5,2,0,0.0,12.81
7836,783.6,2,0,0.0,12.83
7837,783.7,3,0,0.0,13.2
7838,783.8,3,0,0.0,13.16
7839,783.9,3,0,0.0,13.18
7840,784.0,3,0,0.0,13.23
7841,784.1,3,0,0.0,13.2
7842,784.2,3,0,0.0,13.19
7843,784.3,3,0,0.0,13.19
7844,784.4,3,0,0.0,13.18
7845,784.5,3,0,0.0,13.17
7846,784.6,3,0,0.0,13.2
7847,784.7,3,0,0.0,13.17
7848,784.8,3,0,0.0,13.23
7849,784.9,3,0,0.0,13.15
7850,785.0,3,0,0.0,13.18
7851,785.1,3,0,0.0,13.21
7852,785.2,3,0,0.0,13.19
7853,785.3,3,0,0.0,13.18
7854,785.4,3,0,0.0,13.23
7855,785.5,3,0,0.0,13.2
7856,785.6,3,0,0.0,13.17
7857,785.7,3,0,0.0,13.22
7858,785.8,3,0,0.0,13.19
7859,785.9,3,0,0.0,13.17
7860,786.0,3,0,0.0,13.18
7861,786.1,3,0,0.0,13.2
7862,786.2,3,0,0.0,13.19
7863,786.3,3,0,0.0,13.22
7864,786.4,3,0,0.0,13.22
7865,786.5,3,0,0.0,13.16
7866,786.6,2,1,0.0,13.41
7867,786.7,2,0,0.0,13.35
7868,786.8,3,0,0.0,13.59
7869,786.9,3,0,0.0,13.57
7870,787.0,3,0,0.0,13.6
7871,787.1,3,0,0.0,13.55
7872,787.2,3,0,0.0,13.57
7873,787.3,3,0,0.0,13.55
7874,787.4,2,1,0.0,13.35
7875,787.5,2,0,0.0,13.42
7876,787.6,2,0,0.0,13.35
7877,787.7,2,0,0.0,13.37
7878,787.8,2,0,0.0,13.41
7879,787.9,1,1,0.0,13.94
7880,788.0,1,0,0.0,13.87
7881,788.1,1,0,0.0,13.97
7882,788.2,1,0,0.0,14.0
7883,788.3,1,0,0.0,13.93
7884,788.4,1,0,0.0,13.98
7885,788.5,1,0,0.0,13.98
7886,788.6,1,0,0.0,13.91
7887,788.7,1,0,0.0,13.88
7888,788.8,1,0,0.0,13.98
7889,788.9,1,0,0.0,13.88
7890,789.0,1,0,0.0,13.97
7891,789.1,1,0,0.0,13.89
7892,789.2,1,0,0.0,13.96
7893,789.3,1,0,0.0,13.93
7894,789.4,2,0,0.0,13.59
7895,789.5,2,0,0.0,13.56
7896,789.6,2,0,0.0,13.61
7897,789.7,2,0,0.0,13.59
7898,789.8,2,0,0.0,13.57
7899,789.9,2,0,0.0,13.59
7900,790.0,2,0,0.0,13.61
7901,790.1,2,0,0.0,13.61
7902,790.2,2,0,0.0,13.59
7903,790.3,2,0,0.0,13.57
7904,790.4,2,0,0.0,13.58
7905,790.5,2,0,0.0,13.62
7906,790.6,2,0,0.0,13.63
7907,790.7,2,0,0.0,13.57
7908,790.8,2,0,0.0,13.62
7909,790.9,2,0,0.0,13.59
7910,791.0,2,0,0.0,13.59
7911,791.1,2,0,0.0,13.58
7912,791.2,2,0,0.0,13.63
7913,791.3,2,0,0.0,13.54
7914,791.4,2,0,0.0,13.58
7915,791.5,3,0,0.0,13.55
7916,791.6,3,0,0.0,13.53
7917,791.7,3,0,0.0,13.48
7918,791.8,4,0,0.0,13.66
7919,791.9,4,0,0.0,13.62
7920,792.0,4,0,0.0,13.63
7921,792.1,4,0,0.0,13.63
7922,792.2,4,0,0.0,13.63
7923,792.3,4,0,0.0,13.6
7924,792.4,3,1,0.0,13.5
7925,792.5,3,0,0.0,13.55
7926,792.6,3,0,0.0,13.57
7927,792.7,3,0,0.0,13.56
7928,792.8,3,0,0.0,13.54
7929,792.9,2,1,0.0,13.36
7930,793.0,2,0,0.0,13.3
7931,793.1,2,0,0.0,13.27
7932,793.2,2,0,0.0,13.31
7933,793.3,2,0,0.0,13.35
7934,793.4,2,0,0.0,13.3
7935,793.5,2,0,0.0,13.36
7936,793.6,2,0,0.0,13.27
7937,793.7,2,0,0.0,13.36
7938,793.8,3,0,0.0,12.23
7939,793.9,3,0,0.0,12.21
7940,794.0,2,1,0.0,13.32
7941,794.1,2,0,0.0,13.32
7942,794.2,2,0,0.0,13.34
7943,794.3,2,0,0.0,13.34
7944,794.4,2,0,0.0,13.32
7945,794.5,2,0,0.0,13.34
7946,794.6,2,0,0.0,13.32
7947,794.7,2,0,0.0,13.33
7948,794.8,2,0,0.0,13.29
7949,794.9,2,0,0.0,13.31
7950,795.0,2,0,0.0,13.3
7951,795.1,2,1,0.0,12.68
7952,795.2,2,0,0.0,12.62
7953,795.3,2,0,0.0,12.66
7954,795.4,2,0,0.0,12.67
7955,795.5,2,0,0.0,12.7
7956,795.6,2,0,0.0,12.65
7957,795.7,2,0,0.0,12.66
7958,795.8,2,0,0.0,12.69
7959,795.9,2,0,0.0,12.7
7960,796.0,2,0,0.0,12.69
7961,796.1,2,0,0.0,12.67
7962,796.2,3,0,0.0,11.23
7963,796.3,3,0,0.0,11.2
7964,796.4,3,0,0.0,11.22
7965,796.5,3,0,0.0,11.31
7966,796.6,3,0,0.0,11.31
7967,796.7,3,0,0.0,11.29
7968,796.8,4,0,0.0,12.03
7969,796.9,4,0,0.0,12.02
7970,797.0,4,0,0.0,12.07
7971,797.1,4,0,0.0,12.06
7972,797.2,4,0,0.0,12.13
7973,797.3,4,0,0.0,12.12
7974,797.4,3,1,0.0,11.55
7975,797.5,3,0,0.0,11.6
7976,797.6,3,0,0.0,11.62
7977,797.7,3,0,0.0,11.64
7978,797.8,3,0,0.0,11.68
7979,797.9,3,0,0.0,11.71
7980,798.0,3,0,0.0,11.72
7981,798.1,3,0,0.0,11.74
7982,798.2,3,0,0.0,11.75
7983,798.3,3,0,0.0,11.78
7984,798.4,3,0,0.0,11.79
7985,798.5,3,0,0.0,11.81
7986,798.6,3,0,0.0,11.75
7987,798.7,3,0,0.0,11.78
7988,798.8,3,0,0.0,11.74
7989,798.9,3,0,0.0,11.79
7990,799.0,2,1,0.0,11.06
7991,799.1,2,0,0.0,11.06
7992,799.2,2,0,0.0,11.03
7993,799.3,2,0,0.0,11.01
7994,799.4,2,0,0.0,11.06
7995,799.5,2,0,0.0,11.03
7996,799.6,2,0,0.0,11.02
7997,799.7,2,0,0.0,11.07
7998,799.8,2,0,0.0,11.04
7999,799.9,2,0,0.0,11.05
8000,800.0,2,0,0.0,11.0
8001,800.1,3,0,0.0,10.67
8002,800.2,3,0,0.0,10.67
8003,800.3,3,0,0.0,10.69
8004,800.4,3,0,0.0,10.68
8005,800.5,3,0,0.0,10.68
8006,800.6,3,0,0.0,10.69
8007,800.7,4,0,0.0,11.44
8008,800.8,4,0,0.0,11.4
8009,800.9,5,0,0.0,10.52
8010,801.0,5,0,0.0,10.47
8011,801.1,5,0,0.0,10.49
8012,801.2,5,0,0.0,10.52
8013,801.3,5,0,0.0,10.55
8014,801.4,5,0,0.0,10.6
8015,801.5,5,0,0.0,10.56
8016,801.6,5,0,0.0,10.62
8017,801.7,5,0,0.0,10.64
8018,801.8,6,0,0.0,10.86
8019,801.9,6,0,0.0,10.87
8020,802.0,6,0,0.0,10.9
8021,802.1,6,0,0.0,10.91
8022,802.2,6,0,0.0,10.92
8023,802.3,6,0,0.0,10.94
8024,802.4,6,0,0.0,10.93
8025,802.5,5,1,0.0,10.78
8026,802.6,5,0,0.0,10.78
8027,802.7,5,0,0.0,10.79
8028,802.8,5,0,0.0,10.79
8029,802.9,5,0,0.0,10.78
8030,803.0,5,0,0.0,10.84
8031,803.1,5,0,0.0,10.82
8032,803.2,5,0,0.0,10.83
8033,803.3,5,0,0.0,10.86
8034,803.4,5,0,0.0,10.86
8035,803.5,5,0,0.0,10.88
8036,803.6,5,0,0.0,10.9
8037,803.7,5,0,0.0,10.89
8038,803.8,5,0,0.0,10.9
8039,803.9,5,0,0.0,10.9
8040,804.0,5,0,0.0,10.92
8041,804.1,5,0,0.0,10.91
8042,804.2,5,0,0.0,10.95
8043,804.3,5,0,0.0,10.93
8044,804.4,4,1,0.0,11.17
8045,804.5,4,0,0.0,11.24
8046,804.6,4,0,0.0,11.23
8047,804.7,4,0,0.0,11.32
8048,804.8,4,0,0.0,11.31
8049,804.9,4,0,0.0,11.35
8050,805.0,4,0,0.0,11.37
8051,805.1,4,0,0.0,11.39
8052,805.2,4,0,0.0,11.41
8053,805.3,4,0,0.0,11.45
8054,805.4,4,0,0.0,11.46
8055,805.5,4,0,0.0,11.53
8056,805.6,3,1,0.0,11.35
8057,805.7,3,0,0.0,11.4
8058,805.8,3,0,0.0,11.44
8059,805.9,3,0,0.0,11.46
8060,806.0,3,0,0.0,11.52
8061,806.1,3,0,0.0,11.58
8062,806.2,2,1,0.0,11.1
8063,806.3,2,0,0.0,11.04
8064,806.4,3,0,0.0,11.46
8065,806.5,3,0,0.0,11.4
8066,806.6,3,0,0.0,11.41
8067,806.7,4,0,0.0,12.04
8068,806.8,4,0,0.0,12.01
8069,806.9,4,0,0.0,11.99
8070,807.0,4,0,0.0,11.99
8071,807.1,4,0,0.0,11.97
8072,807.2,4,0,0.0,11.99
8073,807.3,3,1,0.0,11.28
8074,807.4,3,0,0.0,11.29
8075,807.5,3,0,0.0,11.27
8076,807.6,3,0,0.0,11.24
8077,807.7,3,0,0.0,11.21
8078,807.8,3,0,0.0,11.2
8079,807.9,3,0,0.0,11.17
8080,808.0,3,0,0.0,11.15
8081,808.1,3,0,0.0,11.17
8082,808.2,3,0,0.0,11.14
8083,808.3,3,0,0.0,11.17
8084,808.4,3,0,0.0,11.14
8085,808.5,3,0,0.0,11.08
8086,808.6,2,1,0.0,11.68
8087,808.7,2,0,0.0,11.77
8088,808.8,2,0,0.0,11.79
8089,808.9,3,0,0.0,12.62
8090,809.0,3,0,0.0,12.69
8091,809.1,3,0,0.0,12.76
8092,809.2,3,0,0.0,12.8
8093,809.3,3,0,0.0,12.88
8094,809.4,3,0,0.0,12.92
8095,809.5,3,0,0.0,13.0
8096,809.6,3,0,0.0,13.05
8097,809.7,3,0,0.0,13.13
8098,809.8,3,0,0.0,13.19
8099,809.9,3,0,0.0,13.2
8100,810.0,3,0,0.0,13.29
8101,810.1,3,0,0.0,13.3
8102,810.2,3,0,0.0,13.29
8103,810.3,3,0,0.0,13.31
8104,810.4,3,0,0.0,13.27
8105,810.5,3,0,0.0,13.29
8106,810.6,3,0,0.0,13.25
8107,810.7,2,1,0.0,13.08
8108,810.8,2,0,0.0,13.11
8109,810.9,2,0,0.0,13.08
8110,811.0,2,0,0.0,13.15
8111,811.1,2,0,0.0,13.15
8112,811.2,2,0,0.0,13.05
8113,811.3,2,0,0.0,13.07
8114,811.4,2,0,0.0,13.07
8115,811.5,2,0,0.0,13.14
8116,811.6,2,0,0.0,13.1
8117,811.7,3,0,0.0,12.42
8118,811.8,3,0,0.0,12.41
8119,811.9,3,0,0.0,12.41
8120,812.0,3,0,0.0,12.38
8121,812.1,4,0,0.0,11.95
8122,812.2,4,0,0.0,11.94
8123,812.3,4,0,0.0,11.96
8124,812.4,2,2,0.0,11.4
8125,812.5,2,0,0.0,11.43
8126,812.6,2,0,0.0,11.44
8127,812.7,2,0,0.0,11.44
8128,812.8,2,0,0.0,11.42
8129,812.9,2,0,0.0,11.42
8130,813.0,2,0,0.0,11.45
8131,813.1,2,0,0.0,11.45
8132,813.2,2,0,0.0,11.43
8133,813.3,2,0,0.0,11.42
8134,813.4,2,0,0.0,11.44
8135,813.5,2,0,0.0,11.45
8136,813.6,2,0,0.0,11.46
8137,813.7,2,0,0.0,11.46
8138,813.8,2,0,0.0,11.43
8139,813.9,2,0,0.0,11.5
8140,814.0,2,0,0.0,11.46
8141,814.1,2,0,0.0,11.5
8142,814.2,2,0,0.0,11.48
8143,814.3,2,0,0.0,11.46
8144,814.4,2,0,0.0,11.48
8145,814.5,2,0,0.0,11.43
8146,814.6,2,0,0.0,11.43
8147,814.7,2,0,0.0,11.45
8148,814.8,2,0,0.0,11.41
8149,814.9,2,0,0.0,11.45
8150,815.0,2,0,0.0,11.48
8151,815.1,2,0,0.0,11.42
8152,815.2,2,0,0.0,11.44
8153,815.3,2,0,0.0,11.42
8154,815.4,2,0,0.0,11.43
8155,815.5,2,0,0.0,11.44
8156,815.6,2,0,0.0,11.51
8157,815.7,2,0,0.0,11.41
8158,815.8,2,0,0.0,11.51
8159,815.9,2,0,0.0,11.47
8160,816.0,2,0,0.0,11.42
8161,816.1,2,0,0.0,11.46
8162,816.2,2,0,0.0,11.45
8163,816.3,2,0,0.0,11.46
8164,816.4,2,0,0.0,11.46
8165,816.5,2,0,0.0,11.45
8166,816.6,2,0,0.0,11.43
8167,816.7,3,0,0.0,12.32
8168,816.8,2,1,0.0,12.31
8169,816.9,2,0,0.0,12.28
8170,817.0,2,0,0.0,12.25
8171,817.1,2,0,0.0,12.31
8172,817.2,2,0,0.0,12.26
8173,817.3,1,1,0.0,10.58
8174,817.4,1,0,0.0,10.68
8175,817.5,1,0,0.0,10.65
8176,817.6,2,0,0.0,11.73
8177,817.7,2,0,0.0,11.7
8178,817.8,3,0,0.0,12.47
8179,817.9,3,0,0.0,12.44
8180,818.0,3,0,0.0,12.43
8181,818.1,3,0,0.0,12.39
8182,818.2,3,0,0.0,12.45
8183,818.3,3,0,0.0,12.43
8184,818.4,3,0,0.0,12.43
8185,818.5,3,0,0.0,12.43
8186,818.6,3,0,0.0,12.41
8187,818.7,3,0,0.0,12.43
8188,818.8,3,0,0.0,12.41
8189,818.9,3,0,0.0,12.46
8190,819.0,3,0,0.0,12.42
8191,819.1,3,0,0.0,12.39
8192,819.2,3,0,0.0,12.43
8193,819.3,3,0,0.0,12.43
8194,819.4,3,0,0.0,12.42
8195,819.5,3,0,0.0,12.45
8196,819.6,3,0,0.0,12.45
8197,819.7,3,0,0.0,12.44
8198,819.8,3,0,0.0,12.42
8199,819.9,3,0,0.0,12.41
8200,820.0,3,0,0.0,12.43
8201,820.1,3,0,0.0,12.4
8202,820.2,3,0,0.0,12.37
8203,820.3,3,0,0.0,12.41
8204,820.4,3,0,0.0,12.45
8205,820.5,3,0,0.0,12.42
8206,820.6,3,0,0.0,12.41
8207,820.7,3,0,0.0,12.43
8208,820.8,3,0,0.0,12.38
8209,820.9,3,0,0.0,12.4
8210,821.0,3,0,0.0,12.41
8211,821.1,3,0,0.0,12.41
8212,821.2,3,0,0.0,12.44
8213,821.3,3,0,0.0,12.45
8214,821.4,2,1,0.0,12.25
8215,821.5,2,0,0.0,12.22
8216,821.6,2,0,0.0,12.27
8217,821.7,3,0,0.0,12.82
8218,821.8,3,0,0.0,12.8
8219,821.9,3,0,0.0,12.87
8220,822.0,3,0,0.0,12.84
8221,822.1,3,0,0.0,12.81
8222,822.2,3,0,0.0,12.81
8223,822.3,3,1,0.0,11.51
8224,822.4,3,0,0.0,11.52
8225,822.5,2,1,0.0,12.24
8226,822.6,2,0,0.0,12.23
8227,822.7,2,0,0.0,12.23
8228,822.8,2,0,0.0,12.26
8229,822.9,2,0,0.0,12.27
8230,823.0,2,0,0.0,12.24
8231,823.1,2,0,0.0,12.26
8232,823.2,2,0,0.0,12.27
8233,823.3,2,0,0.0,12.28
8234,823.4,2,0,0.0,12.28
8235,823.5,3,0,0.0,12.83
8236,823.6,3,0,0.0,12.83
8237,823.7,3,0,0.0,12.83
8238,823.8,3,0,0.0,12.82
8239,823.9,3,0,0.0,12.81
8240,824.0,3,0,0.0,12.84
8241,824.1,2,1,0.0,13.92
8242,824.2,2,0,0.0,13.91
8243,824.3,2,0,0.0,13.88
8244,824.4,2,0,0.0,13.92
8245,824.5,2,0,0.0,13.95
8246,824.6,2,0,0.0,13.92
8247,824.7,2,0,0.0,13.95
8248,824.8,2,0,0.0,13.93
8249,824.9,2,0,0.0,13.94
8250,825.0,2,0,0.0,13.9
8251,825.1,2,0,0.0,13.96
8252,825.2,2,0,0.0,13.97
8253,825.3,2,0,0.0,13.9
8254,825.4,2,0,0.0,13.95
8255,825.5,2,0,0.0,13.91
8256,825.6,2,0,0.0,13.89
8257,825.7,2,0,0.0,13.9
8258,825.8,2,0,0.0,13.92
8259,825.9,2,0,0.0,13.91
8260,826.0,2,0,0.0,13.96
8261,826.1,2,0,0.0,13.89
8262,826.2,2,0,0.0,13.94
8263,826.3,3,0,0.0,13.87
8264,826.4,3,0,0.0,13.84
8265,826.5,3,0,0.0,13.84
8266,826.6,3,0,0.0,13.8
8267,826.7,4,0,0.0,13.82
8268,826.8,4,0,0.0,13.8
8269,826.9,4,0,0.0,13.82
8270,827.0,3,1,0.0,13.79
8271,827.1,3,0,0.0,13.8
8272,827.2,3,0,0.0,13.75
8273,827.3,2,1,0.0,13.79
8274,827.4,2,0,0.0,13.8
8275,827.5,2,0,0.0,13.73
8276,827.6,2,0,0.0,13.78
8277,827.7,2,0,0.0,13.79
8278,827.8,2,0,0.0,13.74
8279,827.9,2,0,0.0,13.81
8280,828.0,2,0,0.0,13.79
8281,828.1,2,0,0.0,13.77
8282,828.2,2,0,0.0,13.8
8283,828.3,2,0,0.0,13.81
8284,828.4,2,0,0.0,13.75
8285,828.5,2,0,0.0,13.8
8286,828.6,2,0,0.0,13.83
8287,828.7,2,0,0.0,13.81
8288,828.8,2,0,0.0,13.78
8289,828.9,2,0,0.0,13.79
8290,829.0,2,0,0.0,13.79
8291,829.1,3,0,0.0,13.82
8292,829.2,3,0,0.0,13.83
8293,829.3,3,0,0.0,13.81
8294,829.4,3,0,0.0,13.82
8295,829.5,3,0,0.0,13.83
8296,829.6,3,0,0.0,13.82
8297,829.7,3,0,0.0,13.87
8298,829.8,2,1,0.0,13.91
8299,829.9,2,0,0.0,13.96
8300,830.0,2,0,0.0,13.95
8301,830.1,2,0,0.0,13.93
8302,830.2,2,0,0.0,13.92
8303,830.3,2,0,0.0,13.91
8304,830.4,2,0,0.0,13.91
8305,830.5,2,0,0.0,13.93
8306,830.6,2,0,0.0,13.96
8307,830.7,2,0,0.0,13.94
8308,830.8,2,0,0.0,13.95
8309,830.9,2,0,0.0,13.91
8310,831.0,2,0,0.0,13.97
8311,831.1,2,0,0.0,13.9
8312,831.2,2,0,0.0,13.92
8313,831.3,2,0,0.0,13.92
8314,831.4,2,0,0.0,13.98
8315,831.5,2,0,0.0,13.93
8316,831.6,3,0,0.0,13.31
8317,831.7,3,0,0.0,13.3
8318,831.8,3,0,0.0,13.31
8319,831.9,3,0,0.0,13.28
8320,832.0,3,0,0.0,13.31
8321,832.1,3,0,0.0,13.27
8322,832.2,2,1,0.0,13.95
8323,832.3,2,0,0.0,13.94
8324,832.4,2,0,0.0,13.97
8325,832.5,2,0,0.0,13.94
8326,832.6,2,0,0.0,13.9
8327,832.7,1,1,0.0,13.91
8328,832.8,1,0,0.0,13.96
8329,832.9,1,0,0.0,13.98
8330,833.0,1,0,0.0,13.98
8331,833.1,1,0,0.0,13.99
8332,833.2,1,0,0.0,13.97
8333,833.3,1,0,0.0,13.87
8334,833.4,1,0,0.0,13.98
8335,833.5,1,0,0.0,13.89
8336,833.6,1,0,0.0,13.92
8337,833.7,1,0,0.0,13.92
8338,833.8,1,0,0.0,13.98
8339,833.9,1,0,0.0,13.91
8340,834.0,1,0,0.0,13.9
8341,834.1,1,0,0.0,13.91
8342,834.2,1,0,0.0,13.95
8343,834.3,1,0,0.0,13.98
8344,834.4,1,0,0.0,14.0
8345,834.5,1,0,0.0,13.99
8346,834.6,1,0,0.0,13.99
8347,834.7,1,0,0.0,13.95
8348,834.8,2,0,0.0,13.98
8349,834.9,2,0,0.0,13.96
8350,835.0,3,0,0.0,13.66
8351,835.1,3,0,0.0,13.62
8352,835.2,3,0,0.0,13.63
8353,835.3,3,0,0.0,13.6
8354,835.4,3,0,0.0,13.65
8355,835.5,3,0,0.0,13.62
8356,835.6,3,0,0.0,13.61
8357,835.7,3,0,0.0,13.6
8358,835.8,3,0,0.0,13.64
8359,835.9,3,0,0.0,13.63
8360,836.0,3,0,0.0,13.62
8361,836.1,3,0,0.0,13.58
8362,836.2,3,0,0.0,13.64
8363,836.3,3,0,0.0,13.59
8364,836.4,3,0,0.0,13.64
8365,836.5,3,0,0.0,13.65
8366,836.6,4,0,0.0,13.74
8367,836.7,4,0,0.0,13.67
8368,836.8,4,0,0.0,13.67
8369,836.9,4,0,0.0,13.71
8370,837.0,4,0,0.0,13.7
8371,837.1,4,0,0.0,13.73
8372,837.2,3,1,0.0,13.64
8373,837.3,4,0,0.0,12.73
8374,837.4,4,0,0.0,12.72
8375,837.5,4,0,0.0,12.7
8376,837.6,4,0,0.0,12.69
8377,837.7,4,0,0.0,12.71
8378,837.8,4,0,0.0,12.7
8379,837.9,4,0,0.0,12.68
8380,838.0,4,0,0.0,12.7
8381,838.1,4,0,0.0,12.7
8382,838.2,4,0,0.0,12.72
8383,838.3,3,1,0.0,12.32
8384,838.4,3,0,0.0,12.29
8385,838.5,3,0,0.0,12.32
8386,838.6,3,0,0.0,12.27
8387,838.7,2,1,0.0,11.95
8388,838.8,2,0,0.0,11.93
8389,838.9,2,0,0.0,11.95
8390,839.0,2,0,0.0,12.0
8391,839.1,2,0,0.0,11.93
8392,839.2,2,0,0.0,11.95
8393,839.3,2,0,0.0,11.92
8394,839.4,2,0,0.0,11.93
8395,839.5,2,0,0.0,11.95
8396,839.6,2,0,0.0,11.92
8397,839.7,2,0,0.0,11.93
8398,839.8,2,0,0.0,11.93
8399,839.9,2,0,0.0,11.94
8400,840.0,2,0,0.0,11.95
8401,840.1,2,0,0.0,11.94
8402,840.2,2,0,0.0,11.99
8403,840.3,2,0,0.0,11.98
8404,840.4,2,0,0.0,11.94
8405,840.5,3,0,0.0,12.61
8406,840.6,3,0,0.0,12.6
8407,840.7,3,0,0.0,12.63
8408,840.8,3,0,0.0,12.59
8409,840.9,3,0,0.0,12.53
8410,841.0,3,0,0.0,12.51
8411,841.1,3,0,0.0,12.48
8412,841.2,3,0,0.0,12.48
8413,841.3,3,0,0.0,12.4
8414,841.4,3,0,0.0,12.41
8415,841.5,3,0,0.0,12.34
8416,841.6,4,0,0.0,12.58
8417,841.7,4,0,0.0,12.52
8418,841.8,4,0,0.0,12.53
8419,841.9,4,0,0.0,12.48
8420,842.0,4,0,0.0,12.48
8421,842.1,4,0,0.0,12.46
8422,842.2,3,1,0.0,12.15
8423,842.3,3,0,0.0,12.15
8424,842.4,3,0,0.0,12.15
8425,842.5,3,0,0.0,12.11
8426,842.6,3,0,0.0,12.1
8427,842.7,3,0,0.0,12.05
8428,842.8,3,0,0.0,12.08
8429,842.9,3,0,0.0,12.03
8430,843.0,3,0,0.0,12.01
8431,843.1,3,0,0.0,12.0
8432,843.2,3,0,0.0,11.97
8433,843.3,3,0,0.0,11.95
8434,843.4,3,0,0.0,11.95
8435,843.5,3,0,0.0,11.92
8436,843.6,3,0,0.0,11.92
8437,843.7,4,0,0.0,12.35
8438,843.8,4,0,0.0,12.32
8439,843.9,4,0,0.0,12.28
8440,844.0,3,1,0.0,11.71
8441,844.1,3,0,0.0,11.68
8442,844.2,3,0,0.0,11.7
8443,844.3,3,0,0.0,11.68
8444,844.4,3,0,0.0,11.7
8445,844.5,3,0,0.0,11.64
8446,844.6,3,0,0.0,11.64
8447,844.7,3,0,0.0,11.61
8448,844.8,3,0,0.0,11.62
8449,844.9,3,0,0.0,11.58
8450,845.0,3,0,0.0,11.59
8451,845.1,3,0,0.0,11.6
8452,845.2,3,0,0.0,11.57
8453,845.3,3,0,0.0,11.56
8454,845.4,3,0,0.0,11.56
8455,845.5,3,0,0.0,11.57
8456,845.6,3,0,0.0,11.52
8457,845.7,3,0,0.0,11.52
8458,845.8,3,0,0.0,11.52
8459,845.9,3,0,0.0,11.46
8460,846.0,3,0,0.0,11.48
8461,846.1,3,0,0.0,11.46
8462,846.2,4,0,0.0,12.03
8463,846.3,4,0,0.0,12.05
8464,846.4,4,0,0.0,12.03
8465,846.5,4,0,0.0,11.98
8466,846.6,5,0,0.0,12.07
8467,846.7,5,0,0.0,12.0
8468,846.8,5,0,0.0,12.01
8469,846.9,5,0,0.0,12.01
8470,847.0,5,0,0.0,12.03
8471,847.1,5,0,0.0,12.0
8472,847.2,3,2,0.0,11.4
8473,847.3,3,0,0.0,11.43
8474,847.4,3,0,0.0,11.4
8475,847.5,3,0,0.0,11.39
8476,847.6,3,0,0.0,11.41
8477,847.7,3,0,0.0,11.41
8478,847.8,3,0,0.0,11.43
8479,847.9,3,0,0.0,11.39
8480,848.0,3,0,0.0,11.41
8481,848.1,3,0,0.0,11.37
8482,848.2,3,0,0.0,11.4
8483,848.3,3,0,0.0,11.4
8484,848.4,3,0,0.0,11.34
8485,848.5,3,0,0.0,11.38
8486,848.6,3,0,0.0,11.37
8487,848.7,3,0,0.0,11.36
8488,848.8,3,0,0.0,11.34
8489,848.9,3,0,0.0,11.34
8490,849.0,3,0,0.0,11.33
8491,849.1,3,0,0.0,11.32
8492,849.2,3,0,0.0,11.34
8493,849.3,3,0,0.0,11.31
8494,849.4,3,0,0.0,11.35
8495,849.5,2,1,0.0,12.03
8496,849.6,2,0,0.0,12.12
8497,849.7,2,0,0.0,12.21
8498,849.8,2,0,0.0,12.28
8499,849.9,2,0,0.0,12.36
8500,850.0,2,0,0.0,12.45
8501,850.1,2,0,0.0,12.57
8502,850.2,2,0,0.0,12.65
8503,850.3,2,0,0.0,12.74
8504,850.4,2,0,0.0,12.84
8505,850.5,3,0,0.0,11.97
8506,850.6,3,0,0.0,12.04
8507,850.7,2,1,0.0,13.16
8508,850.8,2,0,0.0,13.28
8509,850.9,2,0,0.0,13.35
8510,851.0,2,0,0.0,13.4
8511,851.1,2,0,0.0,13.49
8512,851.2,2,0,0.0,13.65
8513,851.3,2,0,0.0,13.78
8514,851.4,2,0,0.0,13.79
8515,851.5,1,1,0.0,13.68
8516,851.6,2,0,0.0,13.84
8517,851.7,2,0,0.0,13.82
8518,851.8,3,0,0.0,13.87
8519,851.9,3,0,0.0,13.86
8520,852.0,3,0,0.0,13.84
8521,852.1,3,0,0.0,13.89
8522,852.2,2,1,0.0,13.84
8523,852.3,2,0,0.0,13.79
8524,852.4,3,0,0.0,13.88
8525,852.5,3,0,0.0,13.82
8526,852.6,3,0,0.0,13.85
8527,852.7,3,0,0.0,13.85
8528,852.8,3,0,0.0,13.87
8529,852.9,3,0,0.0,13.85
8530,853.0,3,0,0.0,13.82
8531,853.1,3,0,0.0,13.86
8532,853.2,3,0,0.0,13.87
8533,853.3,3,0,0.0,13.87
8534,853.4,3,0,0.0,13.85
8535,853.5,3,0,0.0,13.88
8536,853.6,3,0,0.0,13.86
8537,853.7,3,0,0.0,13.86
8538,853.8,3,0,0.0,13.87
8539,853.9,3,0,0.0,13.89
8540,854.0,3,0,0.0,13.86
8541,854.1,3,0,0.0,13.86
8542,854.2,3,0,0.0,13.85
8543,854.3,3,0,0.0,13.89
8544,854.4,3,0,0.0,13.88
8545,854.5,3,0,0.0,13.84
8546,854.6,3,0,0.0,13.87
8547,854.7,3,0,0.0,13.85
8548,854.8,3,0,0.0,13.88
8549,854.9,3,0,0.0,13.85
8550,855.0,3,0,0.0,13.87
8551,855.1,3,0,0.0,13.88
8552,855.2,3,0,0.0,13.87
8553,855.3,3,0,0.0,13.88
8554,855.4,3,0,0.0,13.88
8555,855.5,2,1,0.0,13.99
8556,855.6,2,0,0.0,13.94
8557,855.7,2,0,0.0,13.94
8558,855.8,2,0,0.0,13.95
8559,855.9,1,1,0.0,13.91
8560,856.0,1,0,0.0,13.95
8561,856.1,1,0,0.0,13.99
8562,856.2,1,0,0.0,13.89
8563,856.3,1,0,0.0,13.99
8564,856.4,1,0,0.0,13.9
8565,856.5,2,0,0.0,13.87
8566,856.6,2,0,0.0,13.81
8567,856.7,2,0,0.0,13.79
8568,856.8,2,0,0.0,13.81
8569,856.9,2,0,0.0,13.8
8570,857.0,2,0,0.0,13.84
8571,857.1,1,1,0.0,13.95
8572,857.2,1,0,0.0,13.96
8573,857.3,1,0,0.0,13.9
8574,857.4,1,0,0.0,13.97
8575,857.5,2,0,0.0,13.8
8576,857.6,2,0,0.0,13.74
8577,857.7,2,0,0.0,13.74
8578,857.8,2,0,0.0,13.75
8579,857.9,2,0,0.0,13.75
8580,858.0,2,0,0.0,13.73
8581,858.1,2,0,0.0,13.7
8582,858.2,2,0,0.0,13.72
8583,858.3,2,0,0.0,13.77
8584,858.4,2,0,0.0,13.8
8585,858.5,2,0,0.0,13.76
8586,858.6,2,0,0.0,13.75
8587,858.7,2,0,0.0,13.81
8588,858.8,2,0,0.0,13.73
8589,858.9,2,0,0.0,13.77
8590,859.0,2,0,0.0,13.73
8591,859.1,2,0,0.0,13.75
8592,859.2,2,0,0.0,13.72
8593,859.3,2,0,0.0,13.75
8594,859.4,2,0,0.0,13.77
8595,859.5,2,0,0.0,13.77
8596,859.6,2,0,0.0,13.76
8597,859.7,2,0,0.0,13.8
8598,859.8,2,0,0.0,13.73
8599,859.9,2,0,0.0,13.76
8600,860.0,2,0,0.0,13.78
8601,860.1,2,0,0.0,13.77
8602,860.2,2,0,0.0,13.74
8603,860.3,2,0,0.0,13.78
8604,860.4,2,0,0.0,13.76
8605,860.5,2,0,0.0,13.76
8606,860.6,2,0,0.0,13.81
8607,860.7,2,0,0.0,13.78
8608,860.8,2,0,0.0,13.74
8609,860.9,2,0,0.0,13.79
8610,861.0,1,1,0.0,13.58
8611,861.1,2,0,0.0,13.76
8612,861.2,2,0,0.0,13.72
8613,861.3,2,0,0.0,13.75
8614,861.4,2,0,0.0,13.74
8615,861.5,3,0,0.0,13.81
8616,861.6,3,0,0.0,13.84
8617,861.7,3,0,0.0,13.8
8618,861.8,3,0,0.0,13.82
8619,861.9,3,0,0.0,13.8
8620,862.0,3,0,0.0,13.84
8621,862.1,2,1,0.0,13.79
8622,862.2,2,0,0.0,13.7
8623,862.3,2,0,0.0,13.75
8624,862.4,2,0,0.0,13.75
8625,862.5,2,0,0.0,13.77
8626,862.6,2,0,0.0,13.77
8627,862.7,2,0,0.0,13.76
8628,862.8,2,0,0.0,13.7
8629,862.9,2,0,0.0,13.8
8630,863.0,2,0,0.0,13.79
8631,863.1,2,0,0.0,13.72
8632,863.2,3,0,0.0,13.81
8633,863.3,3,0,0.0,13.85
8634,863.4,3,0,0.0,13.86
8635,863.5,3,0,0.0,13.8
8636,863.6,3,0,0.0,13.85
8637,863.7,3,0,0.0,13.8
8638,863.8,3,0,0.0,13.81
8639,863.9,3,0,0.0,13.84
8640,864.0,3,0,0.0,13.86
8641,864.1,3,0,0.0,13.81
8642,864.2,3,0,0.0,13.83
8643,864.3,3,0,0.0,13.8
8644,864.4,3,0,0.0,13.82
8645,864.5,3,0,0.0,13.83
8646,864.6,2,1,0.0,13.71
8647,864.7,2,0,0.0,13.72
8648,864.8,2,0,0.0,13.79
8649,864.9,2,0,0.0,13.73
8650,865.0,2,0,0.0,13.74
8651,865.1,2,0,0.0,13.77
8652,865.2,2,0,0.0,13.71
8653,865.3,2,0,0.0,13.79
8654,865.4,2,0,0.0,13.72
8655,865.5,2,0,0.0,13.79
8656,865.6,2,0,0.0,13.81
8657,865.7,2,0,0.0,13.75
8658,865.8,2,0,0.0,13.78
8659,865.9,2,0,0.0,13.77
8660,866.0,2,0,0.0,13.79
8661,866.1,2,0,0.0,13.79
8662,866.2,2,0,0.0,13.74
8663,866.3,2,0,0.0,13.74
8664,866.4,2,0,0.0,13.8
8665,866.5,3,0,0.0,13.84
8666,866.6,3,0,0.0,13.87
8667,866.7,3,0,0.0,13.84
8668,866.8,3,0,0.0,13.83
8669,866.9,2,1,0.0,13.94
8670,867.0,2,0,0.0,13.93
8671,867.1,1,1,0.0,13.87
8672,867.2,1,0,0.0,13.89
8673,867.3,1,0,0.0,13.92
8674,867.4,1,0,0.0,13.97
8675,867.5,1,0,0.0,13.88
8676,867.6,1,0,0.0,13.99
8677,867.7,1,0,0.0,13.97
8678,867.8,1,0,0.0,13.98
8679,867.9,1,0,0.0,13.94
8680,868.0,1,0,0.0,13.95
8681,868.1,1,0,0.0,13.99
8682,868.2,1,0,0.0,13.98
8683,868.3,1,0,0.0,13.99
8684,868.4,1,0,0.0,13.89
8685,868.5,1,0,0.0,13.97
8686,868.6,1,0,0.0,13.91
8687,868.7,1,0,0.0,13.99
8688,868.8,1,0,0.0,13.9
8689,868.9,2,0,0.0,13.53
8690,869.0,2,0,0.0,13.49
8691,869.1,2,0,0.0,13.53
8692,869.2,2,0,0.0,13.52
8693,869.3,2,0,0.0,13.52
8694,869.4,2,0,0.0,13.47
8695,869.5,2,0,0.0,13.53
8696,869.6,2,0,0.0,13.5
8697,869.7,3,0,0.0,13.64
8698,869.8,3,0,0.0,13.64
8699,869.9,3,0,0.0,13.65
8700,870.0,3,0,0.0,13.68
8701,870.1,3,0,0.0,13.62
8702,870.2,3,0,0.0,13.6
8703,870.3,3,0,0.0,13.68
8704,870.4,3,0,0.0,13.61
8705,870.5,3,0,0.0,13.68
8706,870.6,3,0,0.0,13.64
8707,870.7,3,0,0.0,13.66
8708,870.8,3,0,0.0,13.65
8709,870.9,3,0,0.0,13.63
8710,871.0,3,0,0.0,13.61
8711,871.1,3,0,0.0,13.61
8712,871.2,3,0,0.0,13.67
8713,871.3,3,0,0.0,13.62
8714,871.4,3,0,0.0,13.65
8715,871.5,4,0,0.0,13.73
8716,871.6,4,0,0.0,13.7
8717,871.7,4,0,0.0,13.71
8718,871.8,4,0,0.0,13.7
8719,871.9,4,0,0.0,13.7
8720,872.0,4,0,0.0,13.7
8721,872.1,3,1,0.0,13.62
8722,872.2,3,0,0.0,13.63
8723,872.3,3,0,0.0,13.65
8724,872.4,2,1,0.0,13.52
8725,872.5,2,0,0.0,13.47
8726,872.6,2,0,0.0,13.5
8727,872.7,2,0,0.0,13.44
8728,872.8,2,0,0.0,13.54
8729,872.9,2,0,0.0,13.48
8730,873.0,2,0,0.0,13.51
8731,873.1,2,0,0.0,13.51
8732,873.2,1,1,0.0,13.03
8733,873.3,1,0,0.0,13.02
8734,873.4,1,0,0.0,12.99
8735,873.5,1,0,0.0,13.04
8736,873.6,1,0,0.0,13.01
8737,873.7,1,0,0.0,13.08
8738,873.8,1,0,0.0,13.1
8739,873.9,1,0,0.0,13.05
8740,874.0,1,0,0.0,13.04
8741,874.1,1,0,0.0,12.99
8742,874.2,1,0,0.0,13.02
8743,874.3,1,0,0.0,13.09
8744,874.4,1,0,0.0,13.07
8745,874.5,1,0,0.0,13.03
8746,874.6,2,0,0.0,13.54
8747,874.7,2,0,0.0,13.49
8748,874.8,2,0,0.0,13.46
8749,874.9,2,0,0.0,13.48
8750,875.0,2,0,0.0,13.45
8751,875.1,2,0,0.0,13.53
8752,875.2,2,0,0.0,13.43
8753,875.3,2,0,0.0,13.45
8754,875.4,2,0,0.0,13.51
8755,875.5,2,0,0.0,13.47
8756,875.6,2,0,0.0,13.52
8757,875.7,2,0,0.0,13.48
8758,875.8,2,0,0.0,13.52
8759,875.9,2,0,0.0,13.5
8760,876.0,2,0,0.0,13.52
8761,876.1,2,0,0.0,13.49
8762,876.2,2,0,0.0,13.49
8763,876.3,2,0,0.0,13.48
8764,876.4,2,0,0.0,13.49
8765,876.5,3,0,0.0,13.66
8766,876.6,3,0,0.0,13.64
8767,876.7,3,0,0.0,13.63
8768,876.8,3,0,0.0,13.65
8769,876.9,3,0,0.0,13.61
8770,877.0,3,0,0.0,13.61
8771,877.1,2,1,0.0,13.48
8772,877.2,2,0,0.0,13.49
8773,877.3,2,0,0.0,13.47
8774,877.4,2,0,0.0,13.44
8775,877.5,2,0,0.0,13.47
8776,877.6,2,0,0.0,13.52
8777,877.7,2,0,0.0,13.5
8778,877.8,2,0,0.0,13.47
8779,877.9,2,0,0.0,13.52
8780,878.0,2,0,0.0,13.52
8781,878.1,2,0,0.0,13.47
8782,878.2,2,0,0.0,13.47
8783,878.3,2,0,0.0,13.48
8784,878.4,3,0,0.0,13.67
8785,878.5,3,0,0.0,13.65
8786,878.6,3,0,0.0,13.65
8787,878.7,2,1,0.0,13.92
8788,878.8,2,0,0.0,13.95
8789,878.9,3,0,0.0,12.64
8790,879.0,3,0,0.0,12.59
8791,879.1,2,1,0.0,13.99
8792,879.2,3,0,0.0,12.6
8793,879.3,3,0,0.0,12.59
8794,879.4,3,0,0.0,12.64
8795,879.5,3,0,0.0,12.62
8796,879.6,3,0,0.0,12.59
8797,879.7,3,0,0.0,12.61
8798,879.8,3,0,0.0,12.59
8799,879.9,3,0,0.0,12.59
8800,880.0,3,0,0.0,12.61
8801,880.1,3,0,0.0,12.63
8802,880.2,4,0,0.0,11.35
8803,880.3,4,0,0.0,11.33
8804,880.4,4,0,0.0,11.35
8805,880.5,4,0,0.0,11.36
8806,880.6,4,0,0.0,11.41
8807,880.7,4,0,0.0,11.44
8808,880.8,4,0,0.0,11.44
8809,880.9,4,0,0.0,11.44
8810,881.0,4,0,0.0,11.49
8811,881.1,4,0,0.0,11.47
8812,881.2,4,0,0.0,11.51
8813,881.3,4,0,0.0,11.53
8814,881.4,5,0,0.0,12.04
8815,881.5,5,0,0.0,12.04
8816,881.6,5,0,0.0,12.02
8817,881.7,5,0,0.0,12.03
8818,881.8,5,0,0.0,12.08
8819,881.9,4,1,0.0,11.6
8820,882.0,3,1,0.0,10.86
8821,882.1,3,0,0.0,10.85
8822,882.2,3,0,0.0,10.9
8823,882.3,3,0,0.0,10.9
8824,882.4,3,0,0.0,10.93
8825,882.5,3,0,0.0,10.91
8826,882.6,3,0,0.0,10.93
8827,882.7,3,0,0.0,10.97
8828,882.8,3,0,0.0,10.96
8829,882.9,3,0,0.0,10.99
8830,883.0,3,0,0.0,10.98
8831,883.1,3,0,0.0,11.0
8832,883.2,3,0,0.0,11.03
8833,883.3,3,0,0.0,11.05
8834,883.4,3,0,0.0,10.98
8835,883.5,3,0,0.0,11.01
8836,883.6,3,0,0.0,11.04
8837,883.7,3,0,0.0,11.03
8838,883.8,2,1,0.0,9.63
8839,883.9,2,0,0.0,9.61
8840,884.0,2,0,0.0,9.65
8841,884.1,2,0,0.0,9.66
8842,884.2,2,0,0.0,9.68
8843,884.3,2,0,0.0,9.68
8844,884.4,2,0,0.0,9.69
8845,884.5,2,0,0.0,9.71
8846,884.6,2,0,0.0,9.72
8847,884.7,2,0,0.0,9.71
8848,884.8,2,0,0.0,9.68
8849,884.9,2,0,0.0,9.74
8850,885.0,2,0,0.0,9.75
8851,885.1,2,0,0.0,9.74
8852,885.2,2,0,0.0,9.74
8853,885.3,2,0,0.0,9.73
8854,885.4,2,0,0.0,9.76
8855,885.5,2,0,0.0,9.75
8856,885.6,2,0,0.0,9.77
8857,885.7,2,0,0.0,9.79
8858,885.8,2,0,0.0,9.77
8859,885.9,3,0,0.0,11.19
8860,886.0,3,0,0.0,11.16
8861,886.1,3,0,0.0,11.2
8862,886.2,3,0,0.0,11.19
8863,886.3,3,0,0.0,11.18
8864,886.4,4,0,0.0,11.89
8865,886.5,4,0,0.0,11.88
8866,886.6,4,0,0.0,11.9
8867,886.7,4,0,0.0,11.88
8868,886.8,4,0,0.0,11.9
8869,886.9,4,0,0.0,11.87
8870,887.0,3,1,0.0,11.22
8871,887.1,4,0,0.0,11.6
8872,887.2,4,0,0.0,11.6
8873,887.3,4,0,0.0,11.59
8874,887.4,4,0,0.0,11.6
8875,887.5,4,0,0.0,11.59
8876,887.6,4,0,0.0,11.6
8877,887.7,4,0,0.0,11.6
8878,887.8,4,0,0.0,11.6
8879,887.9,4,0,0.0,11.63
8880,888.0,4,0,0.0,11.6
8881,888.1,4,0,0.0,11.62
8882,888.2,4,0,0.0,11.57
8883,888.3,4,0,0.0,11.61
8884,888.4,4,0,0.0,11.57
8885,888.5,4,0,0.0,11.6
8886,888.6,4,0,0.0,11.6
8887,888.7,4,0,0.0,11.58
8888,888.8,4,0,0.0,11.58
8889,888.9,4,0,0.0,11.6
8890,889.0,4,0,0.0,11.59
8891,889.1,4,0,0.0,11.63
8892,889.2,4,0,0.0,11.58
8893,889.3,4,0,0.0,11.61
8894,889.4,4,0,0.0,11.64
8895,889.5,4,0,0.0,11.6
8896,889.6,4,0,0.0,11.61
8897,889.7,4,0,0.0,11.61
8898,889.8,4,0,0.0,11.64
8899,889.9,4,0,0.0,11.62
8900,890.0,4,0,0.0,11.64
8901,890.1,4,0,0.0,11.61
8902,890.2,4,0,0.0,11.61
8903,890.3,4,0,0.0,11.59
8904,890.4,4,0,0.0,11.59
8905,890.5,4,0,0.0,11.63
8906,890.6,4,0,0.0,11.61
8907,890.7,4,0,0.0,11.57
8908,890.8,4,0,0.0,11.56
8909,890.9,3,1,0.0,11.19
8910,891.0,3,0,0.0,11.16
8911,891.1,3,0,0.0,11.12
8912,891.2,3,0,0.0,11.07
8913,891.3,3,0,0.0,11.04
8914,891.4,3,1,0.0,11.98
8915,891.5,3,0,0.0,11.97
8916,891.6,4,0,0.0,12.38
8917,891.7,4,0,0.0,12.39
8918,891.8,4,0,0.0,12.48
8919,891.9,4,0,0.0,12.57
8920,892.0,3,1,0.0,12.54
8921,892.1,3,0,0.0,12.67
8922,892.2,3,0,0.0,12.74
8923,892.3,3,0,0.0,12.79
8924,892.4,3,0,0.0,12.88
8925,892.5,3,0,0.0,13.02
8926,892.6,3,0,0.0,13.11
8927,892.7,3,0,0.0,13.23
8928,892.8,3,0,0.0,13.34
8929,892.9,3,0,0.0,13.3
8930,893.0,3,0,0.0,13.31
8931,893.1,3,0,0.0,13.3
8932,893.2,3,0,0.0,13.33
8933,893.3,2,1,0.0,13.57
8934,893.4,2,0,0.0,13.56
8935,893.5,2,0,0.0,13.61
8936,893.6,2,0,0.0,13.55
8937,893.7,2,0,0.0,13.59
8938,893.8,2,0,0.0,13.61
8939,893.9,2,0,0.0,13.59
8940,894.0,2,0,0.0,13.63
8941,894.1,2,0,0.0,13.54
8942,894.2,2,0,0.0,13.52
8943,894.3,2,0,0.0,13.6
8944,894.4,2,0,0.0,13.59
8945,894.5,2,0,0.0,13.58
8946,894.6,2,0,0.0,13.62
8947,894.7,2,0,0.0,13.6
8948,894.8,2,0,0.0,13.54
8949,894.9,2,0,0.0,13.59
8950,895.0,2,0,0.0,13.56
8951,895.1,1,1,0.0,13.27
8952,895.2,1,0,0.0,13.21
8953,895.3,1,0,0.0,13.2
8954,895.4,1,0,0.0,13.23
8955,895.5,1,0,0.0,13.2
8956,895.6,1,0,0.0,13.21
8957,895.7,1,0,0.0,13.16
8958,895.8,2,0,0.0,13.6
8959,895.9,2,0,0.0,13.54
8960,896.0,2,0,0.0,13.53
8961,896.1,2,0,0.0,13.57
8962,896.2,2,0,0.0,13.55
8963,896.3,2,0,0.0,13.52
8964,896.4,3,0,0.0,13.7
8965,896.5,3,0,0.0,13.72
8966,896.6,3,0,0.0,13.71
8967,896.7,3,0,0.0,13.68
8968,896.8,3,0,0.0,13.72
8969,896.9,3,0,0.0,13.7
8970,897.0,2,1,0.0,13.52
8971,897.1,2,0,0.0,13.57
8972,897.2,2,0,0.0,13.55
8973,897.3,3,0,0.0,13.7
8974,897.4,3,0,0.0,13.67
8975,897.5,3,0,0.0,13.7
8976,897.6,3,0,0.0,13.71
8977,897.7,3,0,0.0,13.72
8978,897.8,3,0,0.0,13.7
8979,897.9,3,0,0.0,13.68
8980,898.0,3,0,0.0,13.68
8981,898.1,3,0,0.0,13.71
8982,898.2,3,0,0.0,13.7
8983,898.3,3,0,0.0,13.68
8984,898.4,3,0,0.0,13.69
8985,898.5,3,0,0.0,13.69
8986,898.6,3,0,0.0,13.69
8987,898.7,3,0,0.0,13.67
8988,898.8,3,0,0.0,13.74
8989,898.9,3,0,0.0,13.69
8990,899.0,3,0,0.0,13.69
8991,899.1,3,0,0.0,13.69
8992,899.2,3,0,0.0,13.72
8993,899.3,2,1,0.0,13.59
8994,899.4,2,0,0.0,13.57
8995,899.5,2,0,0.0,13.62
8996,899.6,2,0,0.0,13.59
8997,899.7,2,0,0.0,13.57
8998,899.8,2,0,0.0,13.61
8999,899.9,2,0,0.0,13.57
9000,900.0,2,0,0.0,13.55
9001,900.1,3,0,0.0,12.22
9002,900.2,3,0,0.0,12.2
9003,900.3,3,0,0.0,12.23
9004,900.4,3,0,0.0,12.24
9005,900.5,3,0,0.0,12.2
9006,900.6,3,0,0.0,12.2
9007,900.7,3,0,0.0,12.25
9008,900.8,3,0,0.0,12.22
9009,900.9,3,0,0.0,12.23
9010,901.0,3,0,0.0,12.24
9011,901.1,3,0,0.0,12.23
9012,901.2,3,0,0.0,12.22
9013,901.3,3,1,0.0,12.49
9014,901.4,3,0,0.0,12.46
9015,901.5,3,0,0.0,12.48
9016,901.6,3,0,0.0,12.49
9017,901.7,3,0,0.0,12.49
9018,901.8,3,0,0.0,12.5
9019,901.9,2,1,0.0,11.73
9020,902.0,2,0,0.0,11.76
9021,902.1,2,0,0.0,11.71
9022,902.2,2,0,0.0,11.72
9023,902.3,2,0,0.0,11.76
9024,902.4,2,0,0.0,11.76
9025,902.5,2,0,0.0,11.76
9026,902.6,2,0,0.0,11.75
9027,902.7,2,0,0.0,11.72
9028,902.8,2,0,0.0,11.75
9029,902.9,2,0,0.0,11.73
9030,903.0,3,0,0.0,12.5
9031,903.1,3,0,0.0,12.49
9032,903.2,3,0,0.0,12.48
9033,903.3,3,0,0.0,12.5
9034,903.4,3,0,0.0,12.49
9035,903.5,3,0,0.0,12.49
9036,903.6,3,0,0.0,12.48
9037,903.7,3,0,0.0,12.49
9038,903.8,3,0,0.0,12.45
9039,903.9,3,0,0.0,12.49
9040,904.0,3,0,0.0,12.45
9041,904.1,3,0,0.0,12.46
9042,904.2,3,0,0.0,12.5
9043,904.3,3,0,0.0,12.5
9044,904.4,3,0,0.0,12.47
9045,904.5,3,1,0.0,13.95
9046,904.6,3,0,0.0,13.88
9047,904.7,3,0,0.0,13.9
9048,904.8,3,0,0.0,13.93
9049,904.9,3,0,0.0,13.94
9050,905.0,3,0,0.0,13.93
9051,905.1,3,0,0.0,13.94
9052,905.2,3,0,0.0,13.94
9053,905.3,3,0,0.0,13.92
9054,905.4,3,0,0.0,13.87
9055,905.5,3,0,0.0,13.93
9056,905.6,3,0,0.0,13.88
9057,905.7,3,0,0.0,13.96
9058,905.8,3,0,0.0,13.91
9059,905.9,3,0,0.0,13.93
9060,906.0,3,0,0.0,13.95
9061,906.1,3,0,0.0,13.93
9062,906.2,3,0,0.0,13.92
9063,906.3,4,0,0.0,13.92
9064,906.4,4,0,0.0,13.9
9065,906.5,3,1,0.0,13.91
9066,906.6,3,0,0.0,13.92
9067,906.7,3,0,0.0,13.89
9068,906.8,3,0,0.0,13.93
9069,906.9,2,1,0.0,13.89
9070,907.0,2,0,0.0,13.88
9071,907.1,2,0,0.0,13.9
9072,907.2,3,0,0.0,12.6
9073,907.3,3,0,0.0,12.61
9074,907.4,2,1,0.0,13.95
9075,907.5,2,0,0.0,13.95
9076,907.6,2,0,0.0,13.96
9077,907.7,2,0,0.0,13.91
9078,907.8,2,0,0.0,13.92
9079,907.9,2,0,0.0,13.93
9080,908.0,1,1,0.0,14.0
9081,908.1,1,0,0.0,13.88
9082,908.2,1,0,0.0,13.87
9083,908.3,1,0,0.0,13.97
9084,908.4,1,0,0.0,13.9
9085,908.5,1,0,0.0,13.88
9086,908.6,2,0,0.0,13.97
9087,908.7,2,0,0.0,13.89
9088,908.8,2,0,0.0,13.92
9089,908.9,2,0,0.0,13.96
9090,909.0,2,0,0.0,13.97
9091,909.1,2,0,0.0,13.89
9092,909.2,2,0,0.0,13.95
9093,909.3,2,0,0.0,13.97
9094,909.4,2,0,0.0,13.89
9095,909.5,2,0,0.0,13.92
9096,909.6,2,0,0.0,13.92
9097,909.7,2,0,0.0,13.9
9098,909.8,2,0,0.0,13.98
9099,909.9,2,0,0.0,13.95
9100,910.0,2,0,0.0,13.93
9101,910.1,2,0,0.0,13.95
9102,910.2,2,0,0.0,13.94
9103,910.3,2,0,0.0,13.92
9104,910.4,2,0,0.0,13.93
9105,910.5,2,0,0.0,14.0
9106,910.6,2,0,0.0,13.92
9107,910.7,2,0,0.0,13.94
9108,910.8,2,0,0.0,13.95
9109,910.9,2,0,0.0,13.94
9110,911.0,2,0,0.0,13.92
9111,911.1,2,0,0.0,13.93
9112,911.2,2,0,0.0,13.94
9113,911.3,3,0,0.0,13.95
9114,911.4,3,0,0.0,13.96
9115,911.5,3,0,0.0,13.89
9116,911.6,3,0,0.0,13.93
9117,911.7,3,0,0.0,13.93
9118,911.8,3,0,0.0,13.92
9119,911.9,2,1,0.0,13.91
9120,912.0,2,0,0.0,13.94
9121,912.1,2,0,0.0,13.9
9122,912.2,1,1,0.0,13.88
9123,912.3,1,0,0.0,13.93
9124,912.4,1,0,0.0,13.9
9125,912.5,1,0,0.0,13.9
9126,912.6,1,0,0.0,13.96
9127,912.7,1,0,0.0,13.91
9128,912.8,1,0,0.0,13.94
9129,912.9,1,0,0.0,13.87
9130,913.0,1,0,0.0,13.9
9131,913.1,1,0,0.0,13.9
9132,913.2,2,0,0.0,13.32
9133,913.3,2,0,0.0,13.28
9134,913.4,2,0,0.0,13.25
9135,913.5,2,0,0.0,13.31
9136,913.6,2,0,0.0,13.27
9137,913.7,2,0,0.0,13.25
9138,913.8,2,0,0.0,13.3
9139,913.9,2,0,0.0,13.23
9140,914.0,2,0,0.0,13.25
9141,914.1,2,0,0.0,13.23
9142,914.2,2,0,0.0,13.3
9143,914.3,3,0,0.0,13.09
9144,914.4,3,0,0.0,13.06
9145,914.5,3,0,0.0,13.09
9146,914.6,3,0,0.0,13.1
9147,914.7,3,0,0.0,13.07
9148,914.8,3,0,0.0,13.06
9149,914.9,3,0,0.0,13.05
9150,915.0,3,0,0.0,13.05
9151,915.1,3,0,0.0,13.03
9152,915.2,3,0,0.0,13.02
9153,915.3,3,0,0.0,13.08
9154,915.4,3,0,0.0,13.05
9155,915.5,3,0,0.0,13.05
9156,915.6,3,0,0.0,13.04
9157,915.7,3,0,0.0,13.06
9158,915.8,3,0,0.0,13.05
9159,915.9,3,0,0.0,13.05
9160,916.0,3,0,0.0,13.05
9161,916.1,3,0,0.0,13.06
9162,916.2,3,0,0.0,13.07
9163,916.3,4,0,0.0,12.96
9164,916.4,4,0,0.0,12.95
9165,916.5,4,0,0.0,12.96
9166,916.6,4,0,0.0,12.96
9167,916.7,4,0,0.0,12.98
9168,916.8,4,0,0.0,12.96
9169,916.9,3,1,0.0,13.1
9170,917.0,2,1,0.0,13.3
9171,917.1,2,0,0.0,13.26
9172,917.2,2,0,0.0,13.28
9173,917.3,2,0,0.0,13.29
9174,917.4,2,0,0.0,13.29
9175,917.5,2,0,0.0,13.27
9176,917.6,2,0,0.0,13.29
9177,917.7,2,0,0.0,13.24
9178,917.8,1,1,0.0,12.67
9179,917.9,1,0,0.0,12.56
9180,918.0,1,0,0.0,12.62
9181,918.1,1,0,0.0,12.63
9182,918.2,1,0,0.0,12.67
9183,918.3,1,0,0.0,12.63
9184,918.4,1,0,0.0,12.63
9185,918.5,1,0,0.0,12.68
9186,918.6,1,0,0.0,12.65
9187,918.7,1,0,0.0,12.61
9188,918.8,1,0,0.0,12.6
9189,918.9,1,0,0.0,12.62
9190,919.0,1,0,0.0,12.66
9191,919.1,1,0,0.0,12.64
9192,919.2,1,0,0.0,12.57
9193,919.3,1,0,0.0,12.58
9194,919.4,1,0,0.0,12.65
9195,919.5,1,0,0.0,12.59
9196,919.6,1,0,0.0,12.64
9197,919.7,1,0,0.0,12.67
9198,919.8,1,0,0.0,12.57
9199,919.9,1,0,0.0,12.58
9200,920.0,2,0,0.0,13.33
9201,920.1,2,0,0.0,13.34
9202,920.2,2,0,0.0,13.23
9203,920.3,2,0,0.0,13.29
9204,920.4,2,0,0.0,13.3
9205,920.5,2,0,0.0,13.29
9206,920.6,2,0,0.0,13.29
9207,920.7,2,0,0.0,13.26
9208,920.8,2,0,0.0,13.29
9209,920.9,2,0,0.0,13.25
9210,921.0,2,0,0.0,13.25
9211,921.1,3,0,0.0,12.19
9212,921.2,3,0,0.0,12.19
9213,921.3,4,0,0.0,12.62
9214,921.4,4,0,0.0,12.62
9215,921.5,4,0,0.0,12.62
9216,921.6,4,0,0.0,12.63
9217,921.7,4,0,0.0,12.62
9218,921.8,4,0,0.0,12.62
9219,921.9,4,1,0.0,12.65
9220,922.0,4,0,0.0,12.63
9221,922.1,4,0,0.0,12.59
9222,922.2,4,0,0.0,12.62
9223,922.3,4,0,0.0,12.6
9224,922.4,4,0,0.0,12.65
9225,922.5,4,0,0.0,12.63
9226,922.6,4,0,0.0,12.62
9227,922.7,4,0,0.0,12.59
9228,922.8,4,0,0.0,12.62
9229,922.9,4,0,0.0,12.61
9230,923.0,4,0,0.0,12.61
9231,923.1,4,0,0.0,12.63
9232,923.2,4,0,0.0,12.6
9233,923.3,4,0,0.0,12.62
9234,923.4,4,0,0.0,12.59
9235,923.5,4,0,0.0,12.63
9236,923.6,4,0,0.0,12.61
9237,923.7,4,0,0.0,12.61
9238,923.8,4,0,0.0,12.61
9239,923.9,4,0,0.0,12.59
9240,924.0,4,0,0.0,12.6
9241,924.1,4,0,0.0,12.62
9242,924.2,4,0,0.0,12.63
9243,924.3,4,0,0.0,12.58
9244,924.4,3,1,0.0,12.64
9245,924.5,3,0,0.0,12.61
9246,924.6,3,0,0.0,12.6
9247,924.7,3,0,0.0,12.6
9248,924.8,3,0,0.0,12.61
9249,924.9,3,0,0.0,12.59
9250,925.0,3,0,0.0,12.6
9251,925.1,3,0,0.0,12.63
9252,925.2,3,0,0.0,12.64
9253,925.3,3,0,0.0,12.62
9254,925.4,2,1,0.0,11.97
9255,925.5,2,0,0.0,11.97
9256,925.6,2,0,0.0,11.93
9257,925.7,3,0,0.0,11.97
9258,925.8,3,0,0.0,11.93
9259,925.9,3,0,0.0,11.95
9260,926.0,3,0,0.0,11.96
9261,926.1,3,0,0.0,11.94
9262,926.2,4,0,0.0,12.32
9263,926.3,4,0,0.0,12.33
9264,926.4,4,0,0.0,12.34
9265,926.5,4,0,0.0,12.34
9266,926.6,4,0,0.0,12.32
9267,926.7,4,0,0.0,12.34
9268,926.8,3,1,0.0,11.94
9269,926.9,3,0,0.0,11.94
9270,927.0,3,0,0.0,11.97
9271,927.1,3,0,0.0,11.97
9272,927.2,3,0,0.0,11.97
9273,927.3,3,0,0.0,11.91
9274,927.4,3,0,0.0,11.96
9275,927.5,3,0,0.0,11.97
9276,927.6,3,0,0.0,11.92
9277,927.7,3,0,0.0,11.94
9278,927.8,3,0,0.0,11.93
9279,927.9,3,0,0.0,11.92
9280,928.0,3,0,0.0,11.96
9281,928.1,3,0,0.0,11.94
9282,928.2,3,0,0.0,11.95
9283,928.3,3,0,0.0,11.93
9284,928.4,3,0,0.0,11.93
9285,928.5,3,0,0.0,11.96
9286,928.6,3,0,0.0,11.91
9287,928.7,3,0,0.0,11.94
9288,928.8,3,0,0.0,11.92
9289,928.9,3,0,0.0,11.93
9290,929.0,3,0,0.0,11.95
9291,929.1,3,0,0.0,11.96
9292,929.2,2,1,0.0,10.96
9293,929.3,2,0,0.0,10.98
9294,929.4,2,0,0.0,10.92
9295,929.5,2,0,0.0,10.92
9296,929.6,2,0,0.0,10.92
9297,929.7,2,0,0.0,10.93
9298,929.8,2,0,0.0,10.92
9299,929.9,2,0,0.0,10.96
9300,930.0,2,0,0.0,10.98
9301,930.1,2,0,0.0,10.94
9302,930.2,2,0,0.0,10.93
9303,930.3,2,0,0.0,10.93
9304,930.4,2,0,0.0,10.93
9305,930.5,2,0,0.0,10.97
9306,930.6,3,0,0.0,11.8
9307,930.7,3,0,0.0,11.75
9308,930.8,3,0,0.0,11.79
9309,930.9,3,0,0.0,11.77
9310,931.0,3,0,0.0,11.78
9311,931.1,3,0,0.0,11.76
9312,931.2,4,0,0.0,12.32
9313,931.3,5,0,0.0,12.61
9314,931.4,5,0,0.0,12.58
9315,931.5,5,0,0.0,12.6
9316,931.6,5,0,0.0,12.63
9317,931.7,5,0,0.0,12.63
9318,931.8,4,1,0.0,12.25
9319,931.9,4,0,0.0,12.27
9320,932.0,4,0,0.0,12.26
9321,932.1,4,0,0.0,12.23
9322,932.2,4,0,0.0,12.27
9323,932.3,4,0,0.0,12.31
9324,932.4,4,0,0.0,12.28
9325,932.5,4,0,0.0,12.29
9326,932.6,4,0,0.0,12.26
9327,932.7,4,0,0.0,12.27
9328,932.8,4,0,0.0,12.25
9329,932.9,4,0,0.0,12.27
9330,933.0,4,0,0.0,12.27
9331,933.1,4,0,0.0,12.27
9332,933.2,4,0,0.0,12.27
9333,933.3,3,1,0.0,13.03
9334,933.4,3,0,0.0,13.08
9335,933.5,3,0,0.0,13.04
9336,933.6,3,0,0.0,13.03
9337,933.7,3,0,0.0,13.05
9338,933.8,3,0,0.0,13.06
9339,933.9,3,0,0.0,13.08
9340,934.0,3,0,0.0,13.0
9341,934.1,3,0,0.0,13.07
9342,934.2,2,1,0.0,12.86
9343,934.3,2,0,0.0,12.88
9344,934.4,2,0,0.0,12.87
9345,934.5,2,0,0.0,12.82
9346,934.6,2,0,0.0,12.84
9347,934.7,2,0,0.0,12.81
9348,934.8,2,0,0.0,12.81
9349,934.9,2,0,0.0,12.84
9350,935.0,2,0,0.0,12.86
9351,935.1,2,0,0.0,12.88
9352,935.2,2,0,0.0,12.81
9353,935.3,2,0,0.0,12.9
9354,935.4,2,0,0.0,12.8
9355,935.5,2,0,0.0,12.83
9356,935.6,3,0,0.0,11.9
9357,935.7,3,0,0.0,11.9
9358,935.8,2,1,0.0,12.86
9359,935.9,2,0,0.0,12.82
9360,936.0,2,0,0.0,12.84
9361,936.1,2,0,0.0,12.84
9362,936.2,3,0,0.0,13.25
9363,936.3,3,0,0.0,13.2
9364,936.4,2,1,0.0,13.86
9365,936.5,2,0,0.0,13.82
9366,936.6,2,0,0.0,13.79
9367,936.7,2,0,0.0,13.84
9368,936.8,1,1,0.0,13.75
9369,936.9,1,0,0.0,13.76
9370,937.0,2,0,0.0,13.72
9371,937.1,2,0,0.0,13.7
9372,937.2,2,0,0.0,13.72
9373,937.3,2,0,0.0,13.68
9374,937.4,2,0,0.0,13.76
9375,937.5,2,0,0.0,13.73
9376,937.6,2,0,0.0,13.71
9377,937.7,2,0,0.0,13.67
9378,937.8,2,0,0.0,13.7
9379,937.9,2,0,0.0,13.72
9380,938.0,2,0,0.0,13.69
9381,938.1,2,0,0.0,13.7
9382,938.2,2,0,0.0,13.67
9383,938.3,2,0,0.0,13.74
9384,938.4,2,0,0.0,13.7
9385,938.5,2,0,0.0,13.7
9386,938.6,2,0,0.0,13.7
9387,938.7,2,0,0.0,13.72
9388,938.8,2,0,0.0,13.73
9389,938.9,2,0,0.0,13.69
9390,939.0,2,0,0.0,13.7
9391,939.1,2,0,0.0,13.69
9392,939.2,2,0,0.0,13.75
9393,939.3,3,0,0.0,13.79
9394,939.4,3,0,0.0,13.78
9395,939.5,3,0,0.0,13.79
9396,939.6,3,0,0.0,13.78
9397,939.7,3,0,0.0,13.78
9398,939.8,3,0,0.0,13.81
9399,939.9,3,0,0.0,13.82
9400,940.0,3,0,0.0,13.79
9401,940.1,3,0,0.0,13.81
9402,940.2,3,0,0.0,13.81
9403,940.3,3,0,0.0,13.82
9404,940.4,3,0,0.0,13.79
9405,940.5,3,0,0.0,13.78
9406,940.6,2,1,0.0,13.79
9407,940.7,2,0,0.0,13.83
9408,940.8,2,0,0.0,13.77
9409,940.9,2,0,0.0,13.82
9410,941.0,2,0,0.0,13.81
9411,941.1,2,0,0.0,13.79
9412,941.2,3,0,0.0,13.86
9413,941.3,3,0,0.0,13.84
9414,941.4,3,0,0.0,13.87
9415,941.5,3,0,0.0,13.8
9416,941.6,3,0,0.0,13.88
9417,941.7,3,0,0.0,13.86
9418,941.8,2,1,0.0,13.78
9419,941.9,2,0,0.0,13.85
9420,942.0,2,0,0.0,13.79
9421,942.1,2,0,0.0,13.83
9422,942.2,2,0,0.0,13.82
9423,942.3,2,0,0.0,13.76
9424,942.4,2,0,0.0,13.84
9425,942.5,2,0,0.0,13.84
9426,942.6,2,0,0.0,13.8
9427,942.7,3,0,0.0,13.69
9428,942.8,2,1,0.0,13.52
9429,942.9,2,0,0.0,13.55
9430,943.0,2,0,0.0,13.58
9431,943.1,2,0,0.0,13.53
9432,943.2,2,0,0.0,13.52
9433,943.3,2,0,0.0,13.52
9434,943.4,2,0,0.0,13.51
9435,943.5,2,0,0.0,13.57
9436,943.6,2,0,0.0,13.51
9437,943.7,2,0,0.0,13.55
9438,943.8,2,0,0.0,13.5
9439,943.9,2,0,0.0,13.46
9440,944.0,2,0,0.0,13.48
9441,944.1,2,0,0.0,13.49
9442,944.2,2,0,0.0,13.5
9443,944.3,2,0,0.0,13.49
9444,944.4,2,0,0.0,13.52
9445,944.5,2,0,0.0,13.53
9446,944.6,2,0,0.0,13.57
9447,944.7,2,0,0.0,13.52
9448,944.8,2,0,0.0,13.52
9449,944.9,2,0,0.0,13.53
9450,945.0,2,0,0.0,13.55
9451,945.1,2,0,0.0,13.49
9452,945.2,2,0,0.0,13.52
9453,945.3,2,0,0.0,13.51
9454,945.4,2,0,0.0,13.52
9455,945.5,2,0,0.0,13.58
9456,945.6,2,0,0.0,13.53
9457,945.7,2,0,0.0,13.52
9458,945.8,2,0,0.0,13.5
9459,945.9,2,0,0.0,13.53
9460,946.0,2,0,0.0,13.55
9461,946.1,2,0,0.0,13.52
9462,946.2,3,0,0.0,13.58
9463,946.3,2,1,0.0,13.51
9464,946.4,2,0,0.0,13.52
9465,946.5,2,0,0.0,13.55
9466,946.6,2,0,0.0,13.51
9467,946.7,2,0,0.0,13.56
9468,946.8,1,1,0.0,13.33
9469,946.9,1,0,0.0,13.36
9470,947.0,1,0,0.0,13.35
9471,947.1,1,0,0.0,13.35
9472,947.2,1,0,0.0,13.41
9473,947.3,1,0,0.0,13.37
9474,947.4,1,0,0.0,13.41
9475,947.5,1,0,0.0,13.4
9476,947.6,1,0,0.0,13.42
9477,947.7,1,0,0.0,13.33
9478,947.8,1,0,0.0,13.43
9479,947.9,1,0,0.0,13.37
9480,948.0,2,0,0.0,13.66
9481,948.1,2,0,0.0,13.67
9482,948.2,2,0,0.0,13.66
9483,948.3,2,0,0.0,13.65
9484,948.4,3,0,0.0,13.06
9485,948.5,3,0,0.0,13.04
9486,948.6,3,0,0.0,13.08
9487,948.7,3,0,0.0,13.04
9488,948.8,3,0,0.0,13.08
9489,948.9,3,0,0.0,13.1
9490,949.0,3,0,0.0,13.03
9491,949.1,3,0,0.0,13.04
9492,949.2,3,0,0.0,13.03
9493,949.3,3,0,0.0,13.03
9494,949.4,3,0,0.0,13.03
9495,949.5,3,0,0.0,13.04
9496,949.6,3,0,0.0,13.08
9497,949.7,3,0,0.0,13.06
9498,949.8,3,0,0.0,13.07
9499,949.9,3,0,0.0,13.04
9500,950.0,3,0,0.0,13.06
9501,950.1,3,0,0.0,13.07
9502,950.2,3,0,0.0,13.06
9503,950.3,3,0,0.0,13.06
9504,950.4,3,0,0.0,13.04
9505,950.5,3,0,0.0,13.1
9506,950.6,3,0,0.0,13.02
9507,950.7,3,0,0.0,13.04
9508,950.8,3,0,0.0,13.07
9509,950.9,3,0,0.0,13.06
9510,951.0,3,0,0.0,13.05
9511,951.1,4,0,0.0,13.08
9512,951.2,4,0,0.0,13.04
9513,951.3,4,0,0.0,13.06
9514,951.4,4,0,0.0,13.06
9515,951.5,3,1,0.0,12.77
9516,951.6,3,0,0.0,12.74
9517,951.7,2,1,0.0,12.63
9518,951.8,2,0,0.0,12.68
9519,951.9,2,0,0.0,12.6
9520,952.0,2,0,0.0,12.67
9521,952.1,2,0,0.0,12.58
9522,952.2,1,1,0.0,11.87
9523,952.3,1,0,0.0,11.88
9524,952.4,1,0,0.0,11.92
9525,952.5,1,0,0.0,11.87
9526,952.6,1,0,0.0,11.9
9527,952.7,1,0,0.0,11.87
9528,952.8,1,0,0.0,11.86
9529,952.9,1,0,0.0,11.9
9530,953.0,1,0,0.0,11.85
9531,953.1,1,0,0.0,11.82
9532,953.2,1,0,0.0,11.88
9533,953.3,1,0,0.0,11.91
9534,953.4,1,0,0.0,11.87
9535,953.5,1,0,0.0,11.87
9536,953.6,1,0,0.0,11.88
9537,953.7,1,0,0.0,11.89
9538,953.8,1,0,0.0,11.92
9539,953.9,1,0,0.0,11.92
9540,954.0,1,0,0.0,11.8
9541,954.1,2,0,0.0,11.86
9542,954.2,2,0,0.0,11.83
9543,954.3,2,0,0.0,11.85
9544,954.4,2,0,0.0,11.81
9545,954.5,2,0,0.0,11.76
9546,954.6,2,0,0.0,11.8
9547,954.7,2,0,0.0,11.81
9548,954.8,2,0,0.0,11.83
9549,954.9,2,0,0.0,11.78
9550,955.0,2,0,0.0,11.8
9551,955.1,2,0,0.0,11.81
9552,955.2,2,0,0.0,11.76
9553,955.3,2,0,0.0,11.78
9554,955.4,2,0,0.0,11.81
9555,955.5,2,0,0.0,11.75
9556,955.6,2,0,0.0,11.81
9557,955.7,2,0,0.0,11.81
9558,955.8,2,0,0.0,11.84
9559,955.9,2,0,0.0,11.78
9560,956.0,2,0,0.0,11.78
9561,956.1,3,0,0.0,12.17
9562,956.2,3,0,0.0,12.15
9563,956.3,3,0,0.0,12.18
9564,956.4,3,0,0.0,12.16
9565,956.5,3,0,0.0,12.14
9566,956.6,3,0,0.0,12.14
9567,956.7,3,1,0.0,12.53
9568,956.8,3,0,0.0,12.49
9569,956.9,3,0,0.0,12.53
9570,957.0,3,0,0.0,12.53
9571,957.1,3,0,0.0,12.52
9572,957.2,3,0,0.0,12.5
9573,957.3,3,0,0.0,12.49
9574,957.4,3,0,0.0,12.54
9575,957.5,3,0,0.0,12.52
9576,957.6,3,0,0.0,12.51
9577,957.7,3,0,0.0,12.53
9578,957.8,3,0,0.0,12.5
9579,957.9,3,0,0.0,12.47
9580,958.0,3,0,0.0,12.48
9581,958.1,3,0,0.0,12.49
9582,958.2,3,0,0.0,12.53
9583,958.3,3,0,0.0,12.51
9584,958.4,3,0,0.0,12.52
9585,958.5,3,0,0.0,12.51
9586,958.6,3,0,0.0,12.52
9587,958.7,3,0,0.0,12.52
9588,958.8,3,0,0.0,12.49
9589,958.9,3,0,0.0,12.52
9590,959.0,3,0,0.0,12.52
9591,959.1,2,1,0.0,12.84
9592,959.2,2,0,0.0,12.81
9593,959.3,2,0,0.0,12.83
9594,959.4,2,0,0.0,12.81
9595,959.5,2,0,0.0,12.84
9596,959.6,2,0,0.0,12.88
9597,959.7,3,0,0.0,13.23
9598,959.8,3,0,0.0,13.21
9599,959.9,3,0,0.0,13.19
9600,960.0,3,0,0.0,13.24
9601,960.1,3,0,0.0,13.21
9602,960.2,2,1,0.0,12.83
9603,960.3,2,0,0.0,12.8
9604,960.4,2,0,0.0,12.83
9605,960.5,2,0,0.0,12.84
9606,960.6,2,0,0.0,12.87
9607,960.7,2,0,0.0,12.85
9608,960.8,2,0,0.0,12.86
9609,960.9,2,0,0.0,12.84
9610,961.0,2,0,0.0,12.79
9611,961.1,3,0,0.0,13.22
9612,961.2,3,0,0.0,13.2
9613,961.3,3,0,0.0,13.18
9614,961.4,3,0,0.0,13.18
9615,961.5,3,0,0.0,13.18
9616,961.6,3,0,0.0,13.16
9617,961.7,2,1,0.0,12.81
9618,961.8,2,0,0.0,12.89
9619,961.9,2,0,0.0,12.83
9620,962.0,2,0,0.0,12.8
9621,962.1,2,0,0.0,12.82
9622,962.2,2,0,0.0,12.84
9623,962.3,2,0,0.0,12.82
9624,962.4,2,0,0.0,12.82
9625,962.5,2,0,0.0,12.83
9626,962.6,2,0,0.0,12.8
9627,962.7,2,0,0.0,12.88
9628,962.8,2,0,0.0,12.81
9629,962.9,3,0,0.0,11.89
9630,963.0,3,0,0.0,11.87
9631,963.1,3,0,0.0,11.91
9632,963.2,3,0,0.0,11.85
9633,963.3,3,0,0.0,11.92
9634,963.4,3,0,0.0,11.87
9635,963.5,3,0,0.0,11.88
9636,963.6,3,0,0.0,11.89
9637,963.7,3,0,0.0,11.88
9638,963.8,3,0,0.0,11.89
9639,963.9,4,0,0.0,11.41
9640,964.0,4,0,0.0,11.42
9641,964.1,3,1,0.0,11.85
9642,964.2,3,0,0.0,11.88
9643,964.3,3,0,0.0,11.86
9644,964.4,3,0,0.0,11.88
9645,964.5,3,0,0.0,11.85
9646,964.6,3,0,0.0,11.91
9647,964.7,3,0,0.0,11.85
9648,964.8,3,0,0.0,11.88
9649,964.9,3,0,0.0,11.85
9650,965.0,2,1,0.0,11.94
9651,965.1,2,0,0.0,11.98
9652,965.2,2,0,0.0,11.98
9653,965.3,2,0,0.0,11.95
9654,965.4,4,0,0.0,12.55
9655,965.5,4,0,0.0,12.51
9656,965.6,4,0,0.0,12.52
9657,965.7,4,0,0.0,12.48
9658,965.8,4,0,0.0,12.46
9659,965.9,4,0,0.0,12.48
9660,966.0,4,0,0.0,12.44
9661,966.1,5,0,0.0,12.66
9662,966.2,5,0,0.0,12.63
9663,966.3,5,0,0.0,12.63
9664,966.4,5,0,0.0,12.62
9665,966.5,5,0,0.0,12.6
9666,966.6,5,0,0.0,12.6
9667,966.7,4,1,0.0,12.33
9668,966.8,4,0,0.0,12.35
9669,966.9,4,0,0.0,12.33
9670,967.0,4,0,0.0,12.33
9671,967.1,4,0,0.0,12.32
9672,967.2,4,0,0.0,12.27
9673,967.3,4,0,0.0,12.31
9674,967.4,4,0,0.0,12.32
9675,967.5,4,0,0.0,12.26
9676,967.6,4,0,0.0,12.27
9677,967.7,4,0,0.0,12.27
9678,967.8,4,0,0.0,12.27
9679,967.9,4,0,0.0,12.24
9680,968.0,4,0,0.0,12.24
9681,968.1,4,0,0.0,12.23
9682,968.2,4,0,0.0,12.24
9683,968.3,4,0,0.0,12.21
9684,968.4,4,0,0.0,12.21
9685,968.5,4,0,0.0,12.2
9686,968.6,4,0,0.0,12.17
9687,968.7,4,0,0.0,12.17
9688,968.8,4,0,0.0,12.16
9689,968.9,2,2,0.0,10.38
9690,969.0,2,0,0.0,10.39
9691,969.1,2,0,0.0,10.38
9692,969.2,2,0,0.0,10.39
9693,969.3,2,0,0.0,10.34
9694,969.4,2,0,0.0,10.36
9695,969.5,2,0,0.0,10.34
9696,969.6,2,0,0.0,10.31
9697,969.7,2,0,0.0,10.3
9698,969.8,2,0,0.0,10.31
9699,969.9,2,0,0.0,10.25
9700,970.0,2,0,0.0,10.26
9701,970.1,2,0,0.0,10.24
9702,970.2,2,0,0.0,10.24
9703,970.3,2,0,0.0,10.28
9704,970.4,2,0,0.0,10.21
9705,970.5,2,0,0.0,10.2
9706,970.6,2,0,0.0,10.2
9707,970.7,2,0,0.0,10.22
9708,970.8,2,0,0.0,10.19
9709,970.9,2,0,0.0,10.19
9710,971.0,2,0,0.0,10.16
9711,971.1,4,0,0.0,12.07
9712,971.2,4,0,0.0,12.01
9713,971.3,4,0,0.0,12.01
9714,971.4,4,0,0.0,12.03
9715,971.5,4,0,0.0,12.01
9716,971.6,4,0,0.0,12.05
9717,971.7,3,1,0.0,11.43
9718,971.8,3,0,0.0,11.4
9719,971.9,3,0,0.0,11.45
9720,972.0,3,0,0.0,11.41
9721,972.1,3,0,0.0,11.39
9722,972.2,3,0,0.0,11.42
9723,972.3,3,0,0.0,11.38
9724,972.4,3,0,0.0,11.42
9725,972.5,3,0,0.0,11.36
9726,972.6,3,0,0.0,11.38
9727,972.7,3,0,0.0,11.36
9728,972.8,3,0,0.0,11.38
9729,972.9,3,0,0.0,11.37
9730,973.0,3,0,0.0,11.37
9731,973.1,3,0,0.0,11.4
9732,973.2,3,0,0.0,11.38
9733,973.3,3,0,0.0,11.38
9734,973.4,3,0,0.0,11.4
9735,973.5,3,0,0.0,11.39
9736,973.6,3,0,0.0,11.37
9737,973.7,3,0,0.0,11.37
9738,973.8,3,0,0.0,11.34
9739,973.9,3,0,0.0,11.31
9740,974.0,3,0,0.0,11.34
9741,974.1,4,0,0.0,11.86
9742,974.2,4,0,0.0,11.84
9743,974.3,4,0,0.0,11.8
9744,974.4,4,0,0.0,11.81
9745,974.5,4,0,0.0,11.8
9746,974.6,4,0,0.0,11.83
9747,974.7,4,0,0.0,11.84
9748,974.8,4,0,0.0,11.82
9749,974.9,4,0,0.0,11.81
9750,975.0,4,0,0.0,11.79
9751,975.1,3,1,0.0,12.41
9752,975.2,3,0,0.0,12.45
9753,975.3,3,0,0.0,12.49
9754,975.4,3,0,0.0,12.59
9755,975.5,3,0,0.0,12.66
9756,975.6,3,0,0.0,12.7
9757,975.7,3,0,0.0,12.75
9758,975.8,3,0,0.0,12.81
9759,975.9,3,0,0.0,12.9
9760,976.0,4,0,0.0,13.08
9761,976.1,4,0,0.0,13.13
9762,976.2,4,0,0.0,13.17
9763,976.3,4,0,0.0,13.21
9764,976.4,4,0,0.0,13.26
9765,976.5,4,0,0.0,13.3
9766,976.6,3,1,0.0,13.35
9767,976.7,3,0,0.0,13.42
9768,976.8,4,0,0.0,13.18
9769,976.9,4,0,0.0,13.21
9770,977.0,4,0,0.0,13.26
9771,977.1,3,1,0.0,13.14
9772,977.2,3,0,0.0,13.14
9773,977.3,3,0,0.0,13.17
9774,977.4,3,0,0.0,13.11
9775,977.5,3,0,0.0,13.14
9776,977.6,3,0,0.0,13.13
9777,977.7,2,1,0.0,13.11
9778,977.8,2,0,0.0,13.08
9779,977.9,2,0,0.0,13.06
9780,978.0,2,0,0.0,13.06
9781,978.1,2,0,0.0,13.06
9782,978.2,2,0,0.0,13.1
9783,978.3,2,0,0.0,13.07
9784,978.4,2,0,0.0,13.12
9785,978.5,2,0,0.0,13.1
9786,978.6,2,0,0.0,13.13
9787,978.7,2,0,0.0,13.08
9788,978.8,2,0,0.0,13.11
9789,978.9,2,0,0.0,13.11
9790,979.0,2,0,0.0,13.1
9791,979.1,2,0,0.0,13.07
9792,979.2,2,0,0.0,13.06
9793,979.3,2,0,0.0,13.09
9794,979.4,2,0,0.0,13.1
9795,979.5,2,0,0.0,13.1
9796,979.6,2,0,0.0,13.1
9797,979.7,2,0,0.0,13.08
9798,979.8,2,0,0.0,13.07
9799,979.9,2,0,0.0,13.09
9800,980.0,2,0,0.0,13.12
9801,980.1,2,0,0.0,13.12
9802,980.2,2,0,0.0,13.13
9803,980.3,1,1,0.0,12.18
9804,980.4,1,0,0.0,12.25
9805,980.5,1,0,0.0,12.26
9806,980.6,1,0,0.0,12.24
9807,980.7,1,0,0.0,12.23
9808,980.8,1,0,0.0,12.22
9809,980.9,1,0,0.0,12.24
9810,981.0,2,0,0.0,13.09
9811,981.1,2,0,0.0,13.07
9812,981.2,2,0,0.0,13.13
9813,981.3,2,0,0.0,13.04
9814,981.4,2,0,0.0,13.09
9815,981.5,2,0,0.0,13.06
9816,981.6,1,1,0.0,12.28
9817,981.7,1,0,0.0,12.25
9818,981.8,1,0,0.0,12.26
9819,981.9,1,0,0.0,12.18
9820,982.0,1,0,0.0,12.22
9821,982.1,1,0,0.0,12.18
9822,982.2,1,0,0.0,12.24
9823,982.3,1,0,0.0,12.17
9824,982.4,2,0,0.0,11.97
9825,982.5,2,0,0.0,11.93
9826,982.6,2,0,0.0,11.9
9827,982.7,2,0,0.0,11.94
9828,982.8,3,0,0.0,12.12
9829,982.9,3,0,0.0,12.11
9830,983.0,3,0,0.0,12.1
9831,983.1,3,0,0.0,12.07
9832,983.2,3,0,0.0,12.11
9833,983.3,3,0,0.0,12.06
9834,983.4,3,0,0.0,12.09
9835,983.5,3,0,0.0,12.08
9836,983.6,3,0,0.0,12.09
9837,983.7,3,0,0.0,12.11
9838,983.8,3,0,0.0,12.13
9839,983.9,3,0,0.0,12.11
9840,984.0,3,0,0.0,12.08
9841,984.1,3,0,0.0,12.09
9842,984.2,3,0,0.0,12.09
9843,984.3,3,0,0.0,12.1
9844,984.4,3,0,0.0,12.12
9845,984.5,3,0,0.0,12.08
9846,984.6,3,0,0.0,12.09
9847,984.7,3,0,0.0,12.14
9848,984.8,3,0,0.0,12.11
9849,984.9,3,0,0.0,12.11
9850,985.0,3,0,0.0,12.14
9851,985.1,3,0,0.0,12.09
9852,985.2,3,0,0.0,12.09
9853,985.3,3,0,0.0,12.12
9854,985.4,3,0,0.0,12.07
9855,985.5,3,0,0.0,12.08
9856,985.6,3,0,0.0,12.1
9857,985.7,3,0,0.0,12.07
9858,985.8,3,0,0.0,12.12
9859,985.9,3,0,0.0,12.13
9860,986.0,4,0,0.0,12.56
9861,986.1,4,0,0.0,12.54
9862,986.2,4,0,0.0,12.56
9863,986.3,4,0,0.0,12.54
9864,986.4,4,0,0.0,12.56
9865,986.5,4,0,0.0,12.54
9866,986.6,3,1,0.0,12.12
9867,986.7,2,1,0.0,11.88
9868,986.8,2,0,0.0,11.91
9869,986.9,2,0,0.0,11.93
9870,987.0,2,0,0.0,11.92
9871,987.1,2,0,0.0,11.93
9872,987.2,1,1,0.0,11.63
9873,987.3,1,0,0.0,11.68
9874,987.4,1,0,0.0,11.57
9875,987.5,1,0,0.0,11.62
9876,987.6,1,0,0.0,11.56
9877,987.7,1,0,0.0,11.68
9878,987.8,1,0,0.0,11.57
9879,987.9,1,0,0.0,11.67
9880,988.0,1,0,0.0,11.57
9881,988.1,2,0,0.0,12.75
9882,988.2,2,0,0.0,12.78
9883,988.3,2,0,0.0,12.74
9884,988.4,2,0,0.0,12.74
9885,988.5,2,0,0.0,12.76
9886,988.6,2,0,0.0,12.74
9887,988.7,2,0,0.0,12.74
9888,988.8,2,0,0.0,12.73
9889,988.9,2,0,0.0,12.75
9890,989.0,2,0,0.0,12.75
9891,989.1,2,0,0.0,12.76
9892,989.2,2,0,0.0,12.77
9893,989.3,2,0,0.0,12.72
9894,989.4,2,0,0.0,12.72
9895,989.5,2,0,0.0,12.79
9896,989.6,2,0,0.0,12.78
9897,989.7,2,0,0.0,12.71
9898,989.8,2,0,0.0,12.77
9899,989.9,2,0,0.0,12.75
9900,990.0,2,0,0.0,12.79
9901,990.1,2,0,0.0,12.77
9902,990.2,2,0,0.0,12.72
9903,990.3,2,0,0.0,12.72
9904,990.4,2,0,0.0,12.74
9905,990.5,2,0,0.0,12.78
9906,990.6,2,0,0.0,12.73
9907,990.7,2,0,0.0,12.72
9908,990.8,2,0,0.0,12.75
9909,990.9,2,0,0.0,12.74
9910,991.0,3,0,0.0,12.94
9911,991.1,3,0,0.0,12.9
9912,991.2,3,0,0.0,12.93
9913,991.3,3,0,0.0,12.92
9914,991.4,3,0,0.0,12.95
9915,991.5,4,0,0.0,13.1
9916,991.6,3,1,0.0,13.04
9917,991.7,3,0,0.0,13.01
9918,991.8,3,0,0.0,13.04
9919,991.9,3,0,0.0,13.05
9920,992.0,3,0,0.0,13.01
9921,992.1,3,0,0.0,13.03
9922,992.2,3,0,0.0,13.02
9923,992.3,4,0,0.0,12.27
9924,992.4,4,0,0.0,12.26
9925,992.5,3,1,0.0,13.02
9926,992.6,3,0,0.0,12.99
9927,992.7,3,0,0.0,13.03
9928,992.8,3,0,0.0,13.01
9929,992.9,3,0,0.0,13.05
9930,993.0,3,0,0.0,13.07
9931,993.1,3,0,0.0,13.08
9932,993.2,3,0,0.0,13.05
9933,993.3,3,0,0.0,12.99
9934,993.4,2,1,0.0,13.77
9935,993.5,2,0,0.0,13.7
9936,993.6,2,0,0.0,13.76
9937,993.7,2,0,0.0,13.71
9938,993.8,3,0,0.0,13.86
9939,993.9,3,0,0.0,13.85
9940,994.0,3,0,0.0,13.81
9941,994.1,3,0,0.0,13.81
9942,994.2,3,0,0.0,13.78
9943,994.3,3,0,0.0,13.8
9944,994.4,3,0,0.0,13.8
9945,994.5,3,0,0.0,13.78
9946,994.6,3,0,0.0,13.79
9947,994.7,3,0,0.0,13.81
9948,994.8,3,0,0.0,13.8
9949,994.9,3,0,0.0,13.78
9950,995.0,2,1,0.0,13.93
9951,995.1,2,0,0.0,13.87
9952,995.2,2,0,0.0,13.89
9953,995.3,2,0,0.0,13.85
9954,995.4,2,0,0.0,13.85
9955,995.5,2,0,0.0,13.93
9956,995.6,2,0,0.0,13.95
9957,995.7,2,0,0.0,13.86
9958,995.8,2,0,0.0,13.93
9959,995.9,3,0,0.0,13.65
9960,996.0,3,0,0.0,13.62
9961,996.1,3,0,0.0,13.66
9962,996.2,3,0,0.0,13.63
9963,996.3,3,0,0.0,13.63
9964,996.4,3,0,0.0,13.62
9965,996.5,2,1,0.0,13.9
9966,996.6,2,0,0.0,13.89
9967,996.7,2,0,0.0,13.87
9968,996.8,2,0,0.0,13.9
9969,996.9,2,0,0.0,13.89
9970,997.0,2,0,0.0,13.93
9971,997.1,2,0,0.0,13.94
9972,997.2,2,0,0.0,13.95
9973,997.3,1,1,0.0,13.95
9974,997.4,1,0,0.0,13.92
9975,997.5,1,0,0.0,13.88
9976,997.6,1,0,0.0,13.92
9977,997.7,1,0,0.0,13.99
9978,997.8,1,0,0.0,13.93
9979,997.9,1,0,0.0,13.93
9980,998.0,1,0,0.0,13.98
9981,998.1,1,0,0.0,13.87
9982,998.2,1,0,0.0,13.89
9983,998.3,1,0,0.0,13.97
9984,998.4,1,0,0.0,13.96
9985,998.5,1,0,0.0,13.97
9986,998.6,1,0,0.0,13.92
9987,998.7,1,0,0.0,13.97
9988,998.8,1,0,0.0,13.89
9989,998.9,1,0,0.0,13.9
9990,999.0,1,0,0.0,13.97
9991,999.1,1,0,0.0,13.96
9992,999.2,1,0,0.0,13.88
9993,999.3,1,0,0.0,13.88
9994,999.4,1,0,0.0,13.99
9995,999.5,2,0,0.0,13.85
9996,999.6,2,0,0.0,13.83
9997,999.7,2,0,0.0,13.81
9998,999.8,2,0,0.0,13.79
9999,999.9,2,0,0.0,13.85
10000,1000.0,2,0,0.0,13.88
10001,1000.1,3,0,0.0,12.55
10002,1000.2,3,0,0.0,12.59
10003,1000.3,3,0,0.0,12.54
10004,1000.4,3,0,0.0,12.52
10005,1000.5,3,0,0.0,12.56
10006,1000.6,3,0,0.0,12.54
10007,1000.7,3,0,0.0,12.55
10008,1000.8,3,0,0.0,12.53
10009,1000.9,5,0,0.0,11.61
10010,1001.0,5,0,0.0,11.58
10011,1001.1,5,0,0.0,11.62
10012,1001.2,5,0,0.0,11.64
10013,1001.3,5,0,0.0,11.66
10014,1001.4,5,0,0.0,11.64
10015,1001.5,4,1,0.0,11.26
10016,1001.6,4,0,0.0,11.24
10017,1001.7,4,0,0.0,11.27
10018,1001.8,4,0,0.0,11.32
10019,1001.9,4,0,0.0,11.32
10020,1002.0,4,0,0.0,11.35
10021,1002.1,4,0,0.0,11.4
10022,1002.2,4,0,0.0,11.39
10023,1002.3,4,0,0.0,11.39
10024,1002.4,4,0,0.0,11.43
10025,1002.5,4,0,0.0,11.46
10026,1002.6,4,0,0.0,11.45
10027,1002.7,4,0,0.0,11.47
10028,1002.8,4,0,0.0,11.49
10029,1002.9,4,0,0.0,11.49
10030,1003.0,3,1,0.0,10.71
10031,1003.1,3,0,0.0,10.73
10032,1003.2,3,0,0.0,10.74
10033,1003.3,3,0,0.0,10.77
10034,1003.4,3,0,0.0,10.77
10035,1003.5,3,0,0.0,10.78
10036,1003.6,3,0,0.0,10.82
10037,1003.7,3,0,0.0,10.83
10038,1003.8,3,0,0.0,10.83
10039,1003.9,3,0,0.0,10.84
10040,1004.0,3,0,0.0,10.85
10041,1004.1,3,0,0.0,10.85
10042,1004.2,3,0,0.0,10.89
10043,1004.3,3,0,0.0,10.9
10044,1004.4,2,1,0.0,11.4
10045,1004.5,2,0,0.0,11.53
10046,1004.6,2,0,0.0,11.64
10047,1004.7,2,0,0.0,11.77
10048,1004.8,3,0,0.0,11.19
10049,1004.9,3,0,0.0,11.26
10050,1005.0,3,0,0.0,11.36
10051,1005.1,3,0,0.0,11.45
10052,1005.2,3,0,0.0,11.53
10053,1005.3,3,0,0.0,11.58
10054,1005.4,3,0,0.0,11.63
10055,1005.5,3,0,0.0,11.68
10056,1005.6,4,0,0.0,10.47
10057,1005.7,4,0,0.0,10.5
10058,1005.8,4,0,0.0,10.51
10059,1005.9,5,0,0.0,10.82
10060,1006.0,5,0,0.0,10.83
10061,1006.1,5,0,0.0,10.84
10062,1006.2,4,1,0.0,10.68
10063,1006.3,4,0,0.0,10.74
10064,1006.4,4,0,0.0,10.73
10065,1006.5,4,0,0.0,10.77
10066,1006.6,3,1,0.0,10.49
10067,1006.7,3,0,0.0,10.49
10068,1006.8,3,0,0.0,10.51
10069,1006.9,3,0,0.0,10.54
10070,1007.0,3,0,0.0,10.55
10071,1007.1,3,0,0.0,10.58
10072,1007.2,3,0,0.0,10.62
10073,1007.3,3,0,0.0,10.65
10074,1007.4,3,0,0.0,10.68
10075,1007.5,3,0,0.0,10.66
10076,1007.6,3,0,0.0,10.71
10077,1007.7,3,0,0.0,10.71
10078,1007.8,3,0,0.0,10.74
10079,1007.9,3,0,0.0,10.74
10080,1008.0,3,0,0.0,10.78
10081,1008.1,3,0,0.0,10.79
10082,1008.2,3,0,0.0,10.8
10083,1008.3,3,0,0.0,10.83
10084,1008.4,3,0,0.0,10.82
10085,1008.5,3,0,0.0,10.85
10086,1008.6,3,0,0.0,10.87
10087,1008.7,3,0,0.0,10.87
10088,1008.8,2,1,0.0,9.44
10089,1008.9,3,0,0.0,10.3
10090,1009.0,3,0,0.0,10.31
10091,1009.1,3,0,0.0,10.3
10092,1009.2,3,0,0.0,10.35
10093,1009.3,3,0,0.0,10.33
10094,1009.4,3,0,0.0,10.36
10095,1009.5,3,0,0.0,10.37
10096,1009.6,3,0,0.0,10.37
10097,1009.7,3,0,0.0,10.37
10098,1009.8,3,0,0.0,10.37
10099,1009.9,3,0,0.0,10.38
10100,1010.0,3,0,0.0,10.39
10101,1010.1,3,0,0.0,10.43
10102,1010.2,3,0,0.0,10.41
10103,1010.3,3,0,0.0,10.41
10104,1010.4,3,0,0.0,10.45
10105,1010.5,3,0,0.0,10.43
10106,1010.6,3,0,0.0,10.45
10107,1010.7,3,0,0.0,10.41
10108,1010.8,4,0,0.0,11.34
10109,1010.9,5,0,0.0,11.88
10110,1011.0,5,0,0.0,11.84
10111,1011.1,5,0,0.0,11.85
10112,1011.2,5,0,0.0,11.88
10113,1011.3,5,0,0.0,11.83
10114,1011.4,5,0,0.0,11.87
10115,1011.5,4,1,0.0,11.37
10116,1011.6,4,0,0.0,11.37
10117,1011.7,4,0,0.0,11.35
10118,1011.8,4,0,0.0,11.36
10119,1011.9,4,0,0.0,11.37
10120,1012.0,4,0,0.0,11.37
10121,1012.1,4,0,0.0,11.35
10122,1012.2,4,0,0.0,11.35
10123,1012.3,4,0,0.0,11.4
10124,1012.4,4,0,0.0,11.36
10125,1012.5,4,0,0.0,11.38
10126,1012.6,4,0,0.0,11.39
10127,1012.7,4,0,0.0,11.38
10128,1012.8,4,0,0.0,11.37
10129,1012.9,3,1,0.0,11.2
10130,1013.0,3,0,0.0,11.2
10131,1013.1,3,0,0.0,11.21
10132,1013.2,3,0,0.0,11.19
10133,1013.3,3,0,0.0,11.25
10134,1013.4,3,0,0.0,11.25
10135,1013.5,3,0,0.0,11.2
10136,1013.6,3,0,0.0,11.23
10137,1013.7,3,0,0.0,11.26
10138,1013.8,3,0,0.0,11.22
10139,1013.9,3,0,0.0,11.15
10140,1014.0,3,0,0.0,11.12
10141,1014.1,3,0,0.0,11.09
10142,1014.2,3,0,0.0,11.06
10143,1014.3,3,0,0.0,11.0
10144,1014.4,3,0,0.0,11.02
10145,1014.5,3,0,0.0,11.01
10146,1014.6,3,0,0.0,10.99
10147,1014.7,3,0,0.0,10.93
10148,1014.8,3,0,0.0,10.91
10149,1014.9,3,0,0.0,10.9
10150,1015.0,3,0,0.0,10.86
10151,1015.1,3,0,0.0,10.88
10152,1015.2,3,0,0.0,10.85
10153,1015.3,3,0,0.0,10.84
10154,1015.4,3,0,0.0,10.77
10155,1015.5,3,0,0.0,10.74
10156,1015.6,3,0,0.0,10.73
10157,1015.7,3,0,0.0,10.74
10158,1015.8,3,0,0.0,10.72
10159,1015.9,4,0,0.0,11.49
10160,1016.0,4,0,0.0,11.49
10161,1016.1,4,0,0.0,11.45
10162,1016.2,4,0,0.0,11.46
10163,1016.3,4,0,0.0,11.41
10164,1016.4,4,0,0.0,11.42
10165,1016.5,4,1,0.0,11.16
10166,1016.6,4,0,0.0,11.16
10167,1016.7,4,0,0.0,11.12
10168,1016.8,4,0,0.0,11.13
10169,1016.9,4,0,0.0,11.14
10170,1017.0,3,1,0.0,11.51
10171,1017.1,3,0,0.0,11.57
10172,1017.2,3,0,0.0,11.64
10173,1017.3,3,0,0.0,11.74
10174,1017.4,3,0,0.0,11.82
10175,1017.5,3,0,0.0,11.88
10176,1017.6,4,0,0.0,12.11
10177,1017.7,4,0,0.0,12.19
10178,1017.8,4,0,0.0,12.23
10179,1017.9,4,0,0.0,12.36
10180,1018.0,4,0,0.0,12.43
10181,1018.1,4,0,0.0,12.52
10182,1018.2,4,0,0.0,12.59
10183,1018.3,4,0,0.0,12.68
10184,1018.4,4,0,0.0,12.77
10185,1018.5,4,0,0.0,12.82
10186,1018.6,4,0,0.0,12.93
10187,1018.7,4,0,0.0,12.99
10188,1018.8,4,0,0.0,13.07
10189,1018.9,3,1,0.0,13.02
10190,1019.0,3,0,0.0,13.06
10191,1019.1,3,0,0.0,13.03
10192,1019.2,3,0,0.0,13.03
10193,1019.3,3,0,0.0,13.12
10194,1019.4,3,0,0.0,13.06
10195,1019.5,3,0,0.0,13.08
10196,1019.6,3,0,0.0,13.06
10197,1019.7,3,0,0.0,13.1
10198,1019.8,3,0,0.0,13.1
10199,1019.9,3,0,0.0,13.09
10200,1020.0,3,0,0.0,13.09
10201,1020.1,3,0,0.0,13.1
10202,1020.2,3,0,0.0,13.1
10203,1020.3,3,0,0.0,13.06
10204,1020.4,3,0,0.0,13.09
10205,1020.5,2,1,0.0,12.7
10206,1020.6,3,0,0.0,11.78
10207,1020.7,3,0,0.0,11.76
10208,1020.8,3,1,0.0,13.09
10209,1020.9,3,0,0.0,13.05
10210,1021.0,3,0,0.0,13.07
10211,1021.1,3,0,0.0,13.06
10212,1021.2,3,0,0.0,13.09
10213,1021.3,3,0,0.0,13.08
10214,1021.4,2,1,0.0,12.68
10215,1021.5,1,1,0.0,12.88
10216,1021.6,1,0,0.0,12.96
10217,1021.7,1,0,0.0,12.9
10218,1021.8,1,0,0.0,12.97
10219,1021.9,1,0,0.0,12.88
10220,1022.0,1,0,0.0,12.94
10221,1022.1,1,0,0.0,12.88
10222,1022.2,2,0,0.0,13.14
10223,1022.3,2,0,0.0,13.11
10224,1022.4,2,0,0.0,13.1
10225,1022.5,2,0,0.0,13.09
10226,1022.6,2,0,0.0,13.11
10227,1022.7,2,0,0.0,13.13
10228,1022.8,2,0,0.0,13.17
10229,1022.9,2,0,0.0,13.12
10230,1023.0,2,0,0.0,13.14
10231,1023.1,2,0,0.0,13.1
10232,1023.2,2,0,0.0,13.1
10233,1023.3,2,0,0.0,13.07
10234,1023.4,2,0,0.0,13.12
10235,1023.5,2,0,0.0,13.12
10236,1023.6,2,0,0.0,13.12
10237,1023.7,2,0,0.0,13.16
10238,1023.8,2,0,0.0,13.14
10239,1023.9,2,0,0.0,13.1
10240,1024.0,2,0,0.0,13.11
10241,1024.1,2,0,0.0,13.12
10242,1024.2,2,0,0.0,13.14
10243,1024.3,2,0,0.0,13.16
10244,1024.4,2,0,0.0,13.1
10245,1024.5,2,0,0.0,13.15
10246,1024.6,2,0,0.0,13.1
10247,1024.7,2,0,0.0,13.11
10248,1024.8,2,0,0.0,13.13
10249,1024.9,2,0,0.0,13.11
10250,1025.0,2,0,0.0,13.13
10251,1025.1,2,0,0.0,13.16
10252,1025.2,2,0,0.0,13.11
10253,1025.3,2,0,0.0,13.12
10254,1025.4,2,0,0.0,13.16
10255,1025.5,2,0,0.0,13.08
10256,1025.6,2,0,0.0,13.15
10257,1025.7,2,0,0.0,13.14
10258,1025.8,3,0,0.0,13.29
10259,1025.9,3,0,0.0,13.29
10260,1026.0,3,0,0.0,13.25
10261,1026.1,3,0,0.0,13.25
10262,1026.2,3,0,0.0,13.3
10263,1026.3,4,0,0.0,13.21
10264,1026.4,2,2,0.0,13.1
10265,1026.5,2,0,0.0,13.11
10266,1026.6,2,0,0.0,13.11
10267,1026.7,2,0,0.0,13.14
10268,1026.8,2,0,0.0,13.14
10269,1026.9,2,0,0.0,13.11
10270,1027.0,2,0,0.0,13.12
10271,1027.1,2,0,0.0,13.06
10272,1027.2,2,0,0.0,13.07
10273,1027.3,2,0,0.0,13.08
10274,1027.4,2,0,0.0,13.15
10275,1027.5,2,0,0.0,13.05
10276,1027.6,2,0,0.0,13.11
10277,1027.7,2,0,0.0,13.09
10278,1027.8,2,0,0.0,13.14
10279,1027.9,3,0,0.0,13.13
10280,1028.0,3,0,0.0,13.1
10281,1028.1,3,0,0.0,13.09
10282,1028.2,3,0,0.0,13.12
10283,1028.3,3,0,0.0,13.12
10284,1028.4,3,0,0.0,13.12
10285,1028.5,3,0,0.0,13.13
10286,1028.6,3,0,0.0,13.16
10287,1028.7,3,0,0.0,13.12
10288,1028.8,3,0,0.0,13.08
10289,1028.9,3,0,0.0,13.09
10290,1029.0,3,0,0.0,13.1
10291,1029.1,3,0,0.0,13.11
10292,1029.2,3,0,0.0,13.13
10293,1029.3,3,0,0.0,13.15
10294,1029.4,3,0,0.0,13.14
10295,1029.5,3,0,0.0,13.1
10296,1029.6,3,0,0.0,13.08
10297,1029.7,3,0,0.0,13.11
10298,1029.8,3,0,0.0,13.1
10299,1029.9,3,0,0.0,13.13
10300,1030.0,2,1,0.0,13.27
10301,1030.1,2,0,0.0,13.24
10302,1030.2,2,0,0.0,13.2
10303,1030.3,2,0,0.0,13.26
10304,1030.4,2,0,0.0,13.21
10305,1030.5,2,0,0.0,13.29
10306,1030.6,2,0,0.0,13.24
10307,1030.7,2,0,0.0,13.24
10308,1030.8,3,0,0.0,13.33
10309,1030.9,3,0,0.0,13.33
10310,1031.0,3,0,0.0,13.36
10311,1031.1,3,0,0.0,13.31
10312,1031.2,3,0,0.0,13.32
10313,1031.3,3,0,0.0,13.32
10314,1031.4,2,1,0.0,13.22
10315,1031.5,2,0,0.0,13.26
10316,1031.6,2,0,0.0,13.23
10317,1031.7,2,0,0.0,13.28
10318,1031.8,1,1,0.0,13.15
10319,1031.9,1,0,0.0,13.13
10320,1032.0,1,0,0.0,13.09
10321,1032.1,1,0,0.0,13.17
10322,1032.2,1,0,0.0,13.12
10323,1032.3,1,0,0.0,13.15
10324,1032.4,1,0,0.0,13.17
10325,1032.5,1,0,0.0,13.09
10326,1032.6,1,0,0.0,13.18
10327,1032.7,1,0,0.0,13.1
10328,1032.8,1,0,0.0,13.09
10329,1032.9,1,0,0.0,13.14
10330,1033.0,1,0,0.0,13.12
10331,1033.1,1,0,0.0,13.09
10332,1033.2,1,0,0.0,13.15
10333,1033.3,1,0,0.0,13.14
10334,1033.4,1,0,0.0,13.09
10335,1033.5,2,0,0.0,12.98
10336,1033.6,2,0,0.0,12.93
10337,1033.7,2,0,0.0,12.92
10338,1033.8,2,0,0.0,12.92
10339,1033.9,2,0,0.0,12.93
10340,1034.0,2,0,0.0,12.87
10341,1034.1,2,0,0.0,12.94
10342,1034.2,2,0,0.0,12.94
10343,1034.3,2,0,0.0,12.91
10344,1034.4,2,0,0.0,12.94
10345,1034.5,2,0,0.0,12.92
10346,1034.6,2,0,0.0,12.91
10347,1034.7,2,0,0.0,12.93
10348,1034.8,2,0,0.0,12.91
10349,1034.9,2,0,0.0,12.92
10350,1035.0,3,0,0.0,13.28
10351,1035.1,3,0,0.0,13.23
10352,1035.2,3,0,0.0,13.29
10353,1035.3,3,0,0.0,13.25
10354,1035.4,3,0,0.0,13.27
10355,1035.5,3,0,0.0,13.25
10356,1035.6,3,0,0.0,13.23
10357,1035.7,3,0,0.0,13.27
10358,1035.8,4,0,0.0,13.43
10359,1035.9,4,0,0.0,13.47
10360,1036.0,4,0,0.0,13.43
10361,1036.1,4,0,0.0,13.43
10362,1036.2,4,0,0.0,13.43
10363,1036.3,4,0,0.0,13.44
10364,1036.4,3,1,0.0,13.29
10365,1036.5,3,0,0.0,13.26
10366,1036.6,3,0,0.0,13.27
10367,1036.7,3,0,0.0,13.27
10368,1036.8,3,0,0.0,13.26
10369,1036.9,3,0,0.0,13.25
10370,1037.0,3,0,0.0,13.25
10371,1037.1,3,0,0.0,13.25
10372,1037.2,3,0,0.0,13.27
10373,1037.3,3,0,0.0,13.24
10374,1037.4,3,0,0.0,13.27
10375,1037.5,3,0,0.0,13.28
10376,1037.6,2,1,0.0,13.35
10377,1037.7,2,0,0.0,13.28
10378,1037.8,2,0,0.0,13.28
10379,1037.9,2,0,0.0,13.38
10380,1038.0,2,0,0.0,13.31
10381,1038.1,2,0,0.0,13.33
10382,1038.2,2,0,0.0,13.3
10383,1038.3,2,0,0.0,13.34
10384,1038.4,2,0,0.0,13.3
10385,1038.5,1,1,0.0,12.68
10386,1038.6,1,0,0.0,12.72
10387,1038.7,1,0,0.0,12.7
10388,1038.8,1,0,0.0,12.69
10389,1038.9,1,0,0.0,12.75
10390,1039.0,1,0,0.0,12.72
10391,1039.1,1,0,0.0,12.74
10392,1039.2,2,0,0.0,13.26
10393,1039.3,2,0,0.0,13.21
10394,1039.4,2,0,0.0,13.21
10395,1039.5,2,0,0.0,13.2
10396,1039.6,2,0,0.0,13.23
10397,1039.7,2,0,0.0,13.25
10398,1039.8,2,0,0.0,13.2
10399,1039.9,2,0,0.0,13.23
10400,1040.0,2,0,0.0,13.26
10401,1040.1,2,0,0.0,13.27
10402,1040.2,2,0,0.0,13.28
10403,1040.3,2,0,0.0,13.26
10404,1040.4,2,0,0.0,13.29
10405,1040.5,2,0,0.0,13.2
10406,1040.6,2,0,0.0,13.25
10407,1040.7,2,0,0.0,13.25
10408,1040.8,3,0,0.0,13.5
10409,1040.9,3,0,0.0,13.44
10410,1041.0,3,0,0.0,13.45
10411,1041.1,3,0,0.0,13.46
10412,1041.2,3,0,0.0,13.48
10413,1041.3,3,0,0.0,13.47
10414,1041.4,2,1,0.0,13.24
10415,1041.5,2,0,0.0,13.21
10416,1041.6,2,0,0.0,13.24
10417,1041.7,2,0,0.0,13.2
10418,1041.8,2,0,0.0,13.21
10419,1041.9,2,0,0.0,13.22
10420,1042.0,2,0,0.0,13.23
10421,1042.1,2,0,0.0,13.21
10422,1042.2,2,0,0.0,13.2
10423,1042.3,2,0,0.0,13.29
10424,1042.4,2,0,0.0,13.24
10425,1042.5,2,0,0.0,13.18
10426,1042.6,2,0,0.0,13.22
10427,1042.7,2,0,0.0,13.24
10428,1042.8,2,0,0.0,13.25
10429,1042.9,2,0,0.0,13.2
10430,1043.0,2,0,0.0,13.24
10431,1043.1,2,0,0.0,13.19
10432,1043.2,2,0,0.0,13.25
10433,1043.3,2,0,0.0,13.19
10434,1043.4,2,0,0.0,13.26
10435,1043.5,1,1,0.0,13.72
10436,1043.6,1,0,0.0,13.79
10437,1043.7,2,0,0.0,13.89
10438,1043.8,2,0,0.0,13.83
10439,1043.9,2,0,0.0,13.87
10440,1044.0,2,0,0.0,13.81
10441,1044.1,2,0,0.0,13.86
10442,1044.2,2,0,0.0,13.82
10443,1044.3,2,0,0.0,13.84
10444,1044.4,2,0,0.0,13.86
10445,1044.5,2,0,0.0,13.87
10446,1044.6,2,0,0.0,13.84
10447,1044.7,2,0,0.0,13.89
10448,1044.8,2,0,0.0,13.85
10449,1044.9,3,0,0.0,13.61
10450,1045.0,3,0,0.0,13.64
10451,1045.1,3,0,0.0,13.62
10452,1045.2,3,0,0.0,13.59
10453,1045.3,3,0,0.0,13.6
10454,1045.4,3,0,0.0,13.59
10455,1045.5,3,0,0.0,13.58
10456,1045.6,3,0,0.0,13.59
10457,1045.7,4,0,0.0,13.42
10458,1045.8,4,0,0.0,13.43
10459,1045.9,4,0,0.0,13.4
10460,1046.0,4,0,0.0,13.44
10461,1046.1,4,0,0.0,13.39
10462,1046.2,4,0,0.0,13.43
10463,1046.3,3,1,0.0,13.59
10464,1046.4,3,0,0.0,13.65
10465,1046.5,3,0,0.0,13.61
10466,1046.6,4,0,0.0,12.71
10467,1046.7,4,0,0.0,12.7
10468,1046.8,4,0,0.0,12.7
10469,1046.9,4,0,0.0,12.71
10470,1047.0,4,0,0.0,12.7
10471,1047.1,4,0,0.0,12.7
10472,1047.2,3,1,0.0,12.26
10473,1047.3,3,0,0.0,12.27
10474,1047.4,3,0,0.0,12.26
10475,1047.5,3,0,0.0,12.32
10476,1047.6,3,0,0.0,12.3
10477,1047.7,3,0,0.0,12.26
10478,1047.8,3,0,0.0,12.28
10479,1047.9,3,0,0.0,12.29
10480,1048.0,3,0,0.0,12.29
10481,1048.1,3,0,0.0,12.33
10482,1048.2,3,0,0.0,12.29
10483,1048.3,3,0,0.0,12.28
10484,1048.4,3,0,0.0,12.26
10485,1048.5,2,1,0.0,11.54
10486,1048.6,2,0,0.0,11.54
10487,1048.7,2,0,0.0,11.58
10488,1048.8,2,0,0.0,11.54
10489,1048.9,2,0,0.0,11.52
10490,1049.0,3,0,0.0,11.01
10491,1049.1,3,0,0.0,11.03
10492,1049.2,2,1,0.0,11.55
10493,1049.3,2,0,0.0,11.56
10494,1049.4,2,0,0.0,11.55
10495,1049.5,2,0,0.0,11.58
10496,1049.6,2,0,0.0,11.56
10497,1049.7,2,0,0.0,11.53
10498,1049.8,2,0,0.0,11.53
10499,1049.9,2,0,0.0,11.53
10500,1050.0,2,0,0.0,11.56
10501,1050.1,2,0,0.0,11.52
10502,1050.2,2,0,0.0,11.55
10503,1050.3,2,0,0.0,11.55
10504,1050.4,2,0,0.0,11.51
10505,1050.5,2,0,0.0,11.53
10506,1050.6,3,0,0.0,12.37
10507,1050.7,4,0,0.0,12.78
10508,1050.8,4,0,0.0,12.76
10509,1050.9,4,0,0.0,12.73
10510,1051.0,4,0,0.0,12.75
10511,1051.1,4,0,0.0,12.75
10512,1051.2,4,0,0.0,12.75
10513,1051.3,3,1,0.0,12.36
10514,1051.4,3,0,0.0,12.37
10515,1051.5,3,0,0.0,12.33
10516,1051.6,3,0,0.0,12.31
10517,1051.7,3,0,0.0,12.33
10518,1051.8,3,0,0.0,12.34
10519,1051.9,3,0,0.0,12.35
10520,1052.0,3,0,0.0,12.36
10521,1052.1,3,0,0.0,12.32
10522,1052.2,3,0,0.0,12.34
10523,1052.3,3,0,0.0,12.34
10524,1052.4,4,0,0.0,12.75
10525,1052.5,4,0,0.0,12.75
10526,1052.6,4,0,0.0,12.73
10527,1052.7,4,0,0.0,12.75
10528,1052.8,4,0,0.0,12.73
10529,1052.9,4,0,0.0,12.7
10530,1053.0,4,0,0.0,12.68
10531,1053.1,4,0,0.0,12.66
10532,1053.2,4,0,0.0,12.65
10533,1053.3,4,0,0.0,12.62
10534,1053.4,4,0,0.0,12.6
10535,1053.5,4,0,0.0,12.59
10536,1053.6,4,0,0.0,12.56
10537,1053.7,4,0,0.0,12.56
10538,1053.8,4,0,0.0,12.52
10539,1053.9,4,0,0.0,12.5
10540,1054.0,4,0,0.0,12.47
10541,1054.1,4,0,0.0,12.47
10542,1054.2,4,0,0.0,12.45
10543,1054.3,4,0,0.0,12.44
10544,1054.4,4,0,0.0,12.43
10545,1054.5,4,0,0.0,12.4
10546,1054.6,3,1,0.0,12.14
10547,1054.7,3,0,0.0,12.07
10548,1054.8,3,0,0.0,12.05
10549,1054.9,3,0,0.0,12.04
10550,1055.0,3,0,0.0,12.04
10551,1055.1,3,0,0.0,12.0
10552,1055.2,3,0,0.0,11.97
10553,1055.3,3,0,0.0,11.97
10554,1055.4,3,0,0.0,11.96
10555,1055.5,3,0,0.0,11.95
10556,1055.6,3,0,0.0,11.9
10557,1055.7,4,0,0.0,12.42
10558,1055.8,4,0,0.0,12.4
10559,1055.9,3,1,0.0,11.87
10560,1056.0,3,0,0.0,11.86
10561,1056.1,3,0,0.0,11.83
10562,1056.2,3,0,0.0,11.8
10563,1056.3,3,1,0.0,11.65
10564,1056.4,3,0,0.0,11.61
10565,1056.5,3,0,0.0,11.6
10566,1056.6,3,0,0.0,11.62
10567,1056.7,3,0,0.0,11.6
10568,1056.8,3,0,0.0,11.56
10569,1056.9,3,0,0.0,11.55
10570,1057.0,3,0,0.0,11.54
10571,1057.1,3,0,0.0,11.53
10572,1057.2,3,0,0.0,11.52
10573,1057.3,3,0,0.0,11.49
10574,1057.4,3,0,0.0,11.49
10575,1057.5,3,0,0.0,11.5
10576,1057.6,3,0,0.0,11.5
10577,1057.7,3,0,0.0,11.47
10578,1057.8,3,0,0.0,11.43
10579,1057.9,3,0,0.0,11.47
10580,1058.0,3,0,0.0,11.45
10581,1058.1,3,0,0.0,11.43
10582,1058.2,3,0,0.0,11.38
10583,1058.3,3,0,0.0,11.44
10584,1058.4,3,0,0.0,11.42
10585,1058.5,3,0,0.0,11.38
10586,1058.6,3,0,0.0,11.38
10587,1058.7,3,0,0.0,11.36
10588,1058.8,2,1,0.0,12.05
10589,1058.9,2,0,0.0,12.13
10590,1059.0,2,0,0.0,12.22
10591,1059.1,2,0,0.0,12.29
10592,1059.2,2,0,0.0,12.42
10593,1059.3,2,0,0.0,12.47
10594,1059.4,2,0,0.0,12.56
10595,1059.5,2,0,0.0,12.61
10596,1059.6,2,0,0.0,12.73
10597,1059.7,2,0,0.0,12.87
10598,1059.8,2,0,0.0,12.89
10599,1059.9,2,0,0.0,13.04
10600,1060.0,2,0,0.0,13.14
10601,1060.1,2,0,0.0,13.24
10602,1060.2,2,0,0.0,13.36
10603,1060.3,2,0,0.0,13.41
10604,1060.4,2,0,0.0,13.53
10605,1060.5,2,0,0.0,13.63
10606,1060.6,2,0,0.0,13.71
10607,1060.7,3,0,0.0,13.39
10608,1060.8,2,1,0.0,13.12
10609,1060.9,2,0,0.0,13.11
10610,1061.0,2,0,0.0,13.16
10611,1061.1,3,0,0.0,13.4
10612,1061.2,3,0,0.0,13.36
10613,1061.3,2,1,0.0,13.69
10614,1061.4,2,0,0.0,13.66
10615,1061.5,2,0,0.0,13.71
10616,1061.6,2,0,0.0,13.68
10617,1061.7,2,0,0.0,13.71
10618,1061.8,2,0,0.0,13.7
10619,1061.9,3,0,0.0,13.18
10620,1062.0,3,0,0.0,13.15
10621,1062.1,3,0,0.0,13.12
10622,1062.2,3,0,0.0,13.15
10623,1062.3,3,0,0.0,13.14
10624,1062.4,3,0,0.0,13.15
10625,1062.5,3,0,0.0,13.13
10626,1062.6,3,0,0.0,13.17
10627,1062.7,3,0,0.0,13.13
10628,1062.8,3,0,0.0,13.11
10629,1062.9,3,0,0.0,13.14
10630,1063.0,3,0,0.0,13.14
10631,1063.1,3,0,0.0,13.14
10632,1063.2,3,0,0.0,13.13
10633,1063.3,3,0,0.0,13.15
10634,1063.4,3,0,0.0,13.15
10635,1063.5,3,0,0.0,13.15
10636,1063.6,3,0,0.0,13.11
10637,1063.7,3,0,0.0,13.14
10638,1063.8,3,0,0.0,13.11
10639,1063.9,3,0,0.0,13.12
10640,1064.0,3,0,0.0,13.18
10641,1064.1,3,0,0.0,13.1
10642,1064.2,3,0,0.0,13.11
10643,1064.3,3,0,0.0,13.11
10644,1064.4,3,0,0.0,13.12
10645,1064.5,3,0,0.0,13.13
10646,1064.6,2,1,0.0,12.7
10647,1064.7,2,0,0.0,12.76
10648,1064.8,2,0,0.0,12.74
10649,1064.9,2,0,0.0,12.67
10650,1065.0,2,0,0.0,12.7
10651,1065.1,2,0,0.0,12.72
10652,1065.2,2,0,0.0,12.7
10653,1065.3,2,0,0.0,12.72
10654,1065.4,2,0,0.0,12.75
10655,1065.5,2,0,0.0,12.73
10656,1065.6,2,0,0.0,12.77
10657,1065.7,3,0,0.0,13.12
10658,1065.8,2,1,0.0,12.94
10659,1065.9,2,0,0.0,12.94
10660,1066.0,2,0,0.0,12.93
10661,1066.1,2,0,0.0,12.95
10662,1066.2,2,0,0.0,12.94
10663,1066.3,1,1,0.0,12.06
10664,1066.4,1,0,0.0,12.01
10665,1066.5,1,0,0.0,12.04
10666,1066.6,1,0,0.0,12.04
10667,1066.7,1,0,0.0,12.06
10668,1066.8,1,0,0.0,12.01
10669,1066.9,1,0,0.0,11.99
10670,1067.0,1,0,0.0,12.0
10671,1067.1,1,0,0.0,12.08
10672,1067.2,1,0,0.0,11.98
10673,1067.3,1,0,0.0,12.1
10674,1067.4,1,0,0.0,11.99
10675,1067.5,1,0,0.0,11.99
10676,1067.6,2,0,0.0,12.89
10677,1067.7,2,0,0.0,12.85
10678,1067.8,2,0,0.0,12.88
10679,1067.9,2,0,0.0,12.86
10680,1068.0,2,0,0.0,12.9
10681,1068.1,2,0,0.0,12.87
10682,1068.2,2,0,0.0,12.92
10683,1068.3,2,0,0.0,12.82
10684,1068.4,2,0,0.0,12.9
10685,1068.5,2,0,0.0,12.88
10686,1068.6,2,0,0.0,12.9
10687,1068.7,2,0,0.0,12.92
10688,1068.8,2,0,0.0,12.83
10689,1068.9,2,0,0.0,12.85
10690,1069.0,2,0,0.0,12.89
10691,1069.1,2,0,0.0,12.84
10692,1069.2,2,0,0.0,12.89
10693,1069.3,2,0,0.0,12.9
10694,1069.4,2,0,0.0,12.91
10695,1069.5,2,0,0.0,12.89
10696,1069.6,2,0,0.0,12.88
10697,1069.7,2,0,0.0,12.87
10698,1069.8,3,0,0.0,13.27
10699,1069.9,3,0,0.0,13.21
10700,1070.0,3,0,0.0,13.25
10701,1070.1,3,0,0.0,13.23
10702,1070.2,3,0,0.0,13.23
10703,1070.3,3,0,0.0,13.22
10704,1070.4,3,0,0.0,13.26
10705,1070.5,3,0,0.0,13.19
10706,1070.6,4,0,0.0,13.38
10707,1070.7,4,0,0.0,13.39
10708,1070.8,4,0,0.0,13.38
10709,1070.9,4,0,0.0,13.38
10710,1071.0,4,0,0.0,13.36
10711,1071.1,4,0,0.0,13.38
10712,1071.2,3,1,0.0,13.24
10713,1071.3,3,0,0.0,13.23
10714,1071.4,3,0,0.0,13.2
10715,1071.5,3,0,0.0,13.19
10716,1071.6,3,0,0.0,13.26
10717,1071.7,3,0,0.0,13.23
10718,1071.8,3,0,0.0,13.24
10719,1071.9,3,0,0.0,13.26
10720,1072.0,3,0,0.0,13.22
10721,1072.1,3,0,0.0,13.19
10722,1072.2,3,0,0.0,13.22
10723,1072.3,3,0,0.0,13.23
10724,1072.4,3,0,0.0,13.25
10725,1072.5,2,1,0.0,13.82
10726,1072.6,2,0,0.0,13.85
10727,1072.7,2,0,0.0,13.85
10728,1072.8,2,0,0.0,13.82
10729,1072.9,2,0,0.0,13.82
10730,1073.0,2,0,0.0,13.78
10731,1073.1,2,0,0.0,13.77
10732,1073.2,2,0,0.0,13.83
10733,1073.3,2,1,0.0,13.09
10734,1073.4,2,0,0.0,13.04
10735,1073.5,2,0,0.0,13.02
10736,1073.6,2,0,0.0,13.07
10737,1073.7,2,0,0.0,13.04
10738,1073.8,2,0,0.0,13.1
10739,1073.9,2,0,0.0,13.08
10740,1074.0,2,0,0.0,13.07
10741,1074.1,2,0,0.0,13.04
10742,1074.2,2,0,0.0,13.08
10743,1074.3,2,0,0.0,13.01
10744,1074.4,2,0,0.0,13.02
10745,1074.5,2,0,0.0,13.05
10746,1074.6,2,0,0.0,13.06
10747,1074.7,2,0,0.0,13.08
10748,1074.8,2,0,0.0,13.08
10749,1074.9,2,0,0.0,13.07
10750,1075.0,2,0,0.0,13.08
10751,1075.1,2,0,0.0,13.05
10752,1075.2,2,0,0.0,13.07
10753,1075.3,2,0,0.0,13.02
10754,1075.4,2,0,0.0,13.01
10755,1075.5,2,0,0.0,13.08
10756,1075.6,3,0,0.0,12.98
10757,1075.7,3,0,0.0,12.93
10758,1075.8,3,0,0.0,12.93
10759,1075.9,3,0,0.0,12.92
10760,1076.0,3,0,0.0,12.95
10761,1076.1,3,0,0.0,12.94
10762,1076.2,2,1,0.0,13.01
10763,1076.3,2,0,0.0,13.1
10764,1076.4,2,0,0.0,13.08
10765,1076.5,2,0,0.0,13.09
10766,1076.6,2,0,0.0,13.09
10767,1076.7,2,0,0.0,13.01
10768,1076.8,2,0,0.0,13.03
10769,1076.9,1,1,0.0,12.44
10770,1077.0,1,0,0.0,12.38
10771,1077.1,1,0,0.0,12.35
10772,1077.2,1,0,0.0,12.4
10773,1077.3,2,0,0.0,11.22
10774,1077.4,2,0,0.0,11.21
10775,1077.5,1,1,0.0,12.38
10776,1077.6,1,0,0.0,12.39
10777,1077.7,1,0,0.0,12.39
10778,1077.8,1,0,0.0,12.38
10779,1077.9,1,0,0.0,12.4
10780,1078.0,1,0,0.0,12.41
10781,1078.1,1,0,0.0,12.39
10782,1078.2,1,0,0.0,12.37
10783,1078.3,1,0,0.0,12.39
10784,1078.4,1,0,0.0,12.36
10785,1078.5,2,0,0.0,12.68
10786,1078.6,2,0,0.0,12.71
10787,1078.7,2,0,0.0,12.69
10788,1078.8,2,0,0.0,12.64
10789,1078.9,2,0,0.0,12.66
10790,1079.0,3,0,0.0,12.72
10791,1079.1,3,0,0.0,12.7
10792,1079.2,3,0,0.0,12.72
10793,1079.3,3,0,0.0,12.71
10794,1079.4,3,0,0.0,12.74
10795,1079.5,3,0,0.0,12.68
10796,1079.6,3,0,0.0,12.71
10797,1079.7,3,0,0.0,12.7
10798,1079.8,3,0,0.0,12.74
10799,1079.9,3,0,0.0,12.7
10800,1080.0,3,0,0.0,12.73
10801,1080.1,3,0,0.0,12.73
10802,1080.2,3,0,0.0,12.74
10803,1080.3,3,0,0.0,12.73
10804,1080.4,3,0,0.0,12.71
10805,1080.5,3,0,0.0,12.71
10806,1080.6,4,0,0.0,13.04
10807,1080.7,4,0,0.0,13.04
10808,1080.8,4,0,0.0,13.01
10809,1080.9,4,0,0.0,13.04
10810,1081.0,4,0,0.0,13.01
10811,1081.1,4,0,0.0,13.01
10812,1081.2,3,1,0.0,12.73
10813,1081.3,3,0,0.0,12.69
10814,1081.4,3,0,0.0,12.76
10815,1081.5,3,0,0.0,12.72
10816,1081.6,3,0,0.0,12.72
10817,1081.7,3,0,0.0,12.73
10818,1081.8,3,0,0.0,12.73
10819,1081.9,3,0,0.0,12.71
10820,1082.0,3,0,0.0,12.71
10821,1082.1,3,0,0.0,12.73
10822,1082.2,2,1,0.0,12.6
10823,1082.3,2,0,0.0,12.58
10824,1082.4,2,0,0.0,12.58
10825,1082.5,2,0,0.0,12.6
10826,1082.6,2,0,0.0,12.57
10827,1082.7,2,0,0.0,12.61
10828,1082.8,2,0,0.0,12.64
10829,1082.9,2,0,0.0,12.6
10830,1083.0,2,0,0.0,12.58
10831,1083.1,2,0,0.0,12.57
10832,1083.2,2,0,0.0,12.6
10833,1083.3,2,0,0.0,12.6
10834,1083.4,2,0,0.0,12.61
10835,1083.5,2,0,0.0,12.66
10836,1083.6,1,1,0.0,12.8
10837,1083.7,1,0,0.0,12.85
10838,1083.8,1,0,0.0,12.79
10839,1083.9,1,0,0.0,12.86
10840,1084.0,1,0,0.0,12.76
10841,1084.1,1,0,0.0,12.79
10842,1084.2,1,0,0.0,12.8
10843,1084.3,1,0,0.0,12.83
10844,1084.4,1,0,0.0,12.88
10845,1084.5,1,0,0.0,12.85
10846,1084.6,2,0,0.0,13.38
10847,1084.7,2,0,0.0,13.4
10848,1084.8,2,0,0.0,13.42
10849,1084.9,2,0,0.0,13.37
10850,1085.0,2,0,0.0,13.36
10851,1085.1,2,0,0.0,13.39
10852,1085.2,2,0,0.0,13.37
10853,1085.3,2,0,0.0,13.35
10854,1085.4,2,0,0.0,13.4
10855,1085.5,2,0,0.0,13.33
10856,1085.6,3,0,0.0,13.57
10857,1085.7,3,0,0.0,13.6
10858,1085.8,3,0,0.0,13.52
10859,1085.9,3,0,0.0,13.58
10860,1086.0,3,0,0.0,13.54
10861,1086.1,3,0,0.0,13.57
10862,1086.2,2,1,0.0,13.38
10863,1086.3,2,0,0.0,13.33
10864,1086.4,2,0,0.0,13.39
10865,1086.5,2,0,0.0,13.37
10866,1086.6,2,0,0.0,13.38
10867,1086.7,2,0,0.0,13.41
10868,1086.8,2,0,0.0,13.37
10869,1086.9,2,0,0.0,13.38
10870,1087.0,2,0,0.0,13.36
10871,1087.1,3,0,0.0,13.6
10872,1087.2,3,0,0.0,13.58
10873,1087.3,3,0,0.0,13.55
10874,1087.4,3,0,0.0,13.61
10875,1087.5,3,0,0.0,13.59
10876,1087.6,3,0,0.0,13.57
10877,1087.7,3,0,0.0,13.6
10878,1087.8,3,0,0.0,13.56
10879,1087.9,3,0,0.0,13.57
10880,1088.0,3,0,0.0,13.59
10881,1088.1,3,0,0.0,13.61
10882,1088.2,3,0,0.0,13.54
10883,1088.3,3,0,0.0,13.56
10884,1088.4,3,0,0.0,13.55
10885,1088.5,4,0,0.0,12.69
10886,1088.6,4,0,0.0,12.71
10887,1088.7,4,0,0.0,12.68
10888,1088.8,4,0,0.0,12.68
10889,1088.9,4,0,0.0,12.67
10890,1089.0,3,1,0.0,12.62
10891,1089.1,3,0,0.0,12.65
10892,1089.2,3,0,0.0,12.62
10893,1089.3,3,0,0.0,12.62
10894,1089.4,3,0,0.0,12.61
10895,1089.5,3,0,0.0,12.6
10896,1089.6,3,0,0.0,12.65
10897,1089.7,3,0,0.0,12.59
10898,1089.8,3,0,0.0,12.62
10899,1089.9,3,0,0.0,12.57
10900,1090.0,3,0,0.0,12.62
10901,1090.1,3,0,0.0,12.6
10902,1090.2,3,0,0.0,12.59
10903,1090.3,4,0,0.0,12.04
10904,1090.4,4,0,0.0,12.02
10905,1090.5,4,0,0.0,11.99
10906,1090.6,4,1,0.0,11.98
10907,1090.7,4,0,0.0,11.98
10908,1090.8,4,0,0.0,11.99
10909,1090.9,4,0,0.0,11.98
10910,1091.0,4,0,0.0,11.94
10911,1091.1,4,0,0.0,11.98
10912,1091.2,3,1,0.0,11.33
10913,1091.3,3,0,0.0,11.34
10914,1091.4,3,0,0.0,11.38
10915,1091.5,3,0,0.0,11.37
10916,1091.6,3,0,0.0,11.36
10917,1091.7,3,0,0.0,11.37
10918,1091.8,3,0,0.0,11.33
10919,1091.9,3,0,0.0,11.36
10920,1092.0,3,0,0.0,11.35
10921,1092.1,3,0,0.0,11.36
10922,1092.2,3,0,0.0,11.37
10923,1092.3,3,0,0.0,11.36
10924,1092.4,3,0,0.0,11.33
10925,1092.5,3,0,0.0,11.34
10926,1092.6,3,0,0.0,11.31
10927,1092.7,3,0,0.0,11.31
10928,1092.8,3,0,0.0,11.32
10929,1092.9,3,0,0.0,11.3
10930,1093.0,3,0,0.0,11.29
10931,1093.1,3,0,0.0,11.35
10932,1093.2,3,0,0.0,11.34
10933,1093.3,3,0,0.0,11.3
10934,1093.4,3,0,0.0,11.33
10935,1093.5,3,0,0.0,11.31
10936,1093.6,3,0,0.0,11.29
10937,1093.7,3,0,0.0,11.32
10938,1093.8,2,1,0.0,10.01
10939,1093.9,2,0,0.0,10.0
10940,1094.0,2,0,0.0,10.03
10941,1094.1,2,0,0.0,10.0
10942,1094.2,2,0,0.0,10.02
10943,1094.3,2,0,0.0,10.03
10944,1094.4,2,0,0.0,9.98
10945,1094.5,2,0,0.0,9.98
10946,1094.6,2,0,0.0,10.02
10947,1094.7,2,0,0.0,10.01
10948,1094.8,2,0,0.0,10.0
10949,1094.9,2,0,0.0,9.98
10950,1095.0,2,0,0.0,9.97
10951,1095.1,2,0,0.0,9.98
10952,1095.2,2,0,0.0,9.97
10953,1095.3,2,0,0.0,9.99
10954,1095.4,2,0,0.0,10.02
10955,1095.5,3,0,0.0,11.34
10956,1095.6,3,0,0.0,11.27
10957,1095.7,3,0,0.0,11.29
10958,1095.8,4,0,0.0,11.99
10959,1095.9,4,0,0.0,11.98
10960,1096.0,5,0,0.0,12.36
10961,1096.1,4,1,0.0,11.9
10962,1096.2,4,0,0.0,11.88
10963,1096.3,4,0,0.0,11.89
10964,1096.4,4,0,0.0,11.92
10965,1096.5,4,0,0.0,11.93
10966,1096.6,4,0,0.0,11.89
10967,1096.7,4,0,0.0,11.95
10968,1096.8,4,0,0.0,11.91
10969,1096.9,4,0,0.0,11.93
10970,1097.0,4,0,0.0,11.94
10971,1097.1,4,0,0.0,11.92
10972,1097.2,4,0,0.0,11.91
10973,1097.3,4,0,0.0,11.93
10974,1097.4,4,0,0.0,11.91
10975,1097.5,4,0,0.0,11.95
10976,1097.6,4,0,0.0,11.92
10977,1097.7,4,0,0.0,11.93
10978,1097.8,4,0,0.0,11.93
10979,1097.9,4,0,0.0,11.91
10980,1098.0,4,0,0.0,11.89
10981,1098.1,4,0,0.0,11.92
10982,1098.2,4,0,0.0,11.87
10983,1098.3,4,0,0.0,11.93
10984,1098.4,4,0,0.0,11.91
10985,1098.5,4,0,0.0,11.92
10986,1098.6,4,0,0.0,11.91
10987,1098.7,4,0,0.0,11.92
10988,1098.8,4,0,0.0,11.87
10989,1098.9,4,0,0.0,11.87
10990,1099.0,4,0,0.0,11.91
10991,1099.1,4,0,0.0,11.91
10992,1099.2,4,0,0.0,11.9
10993,1099.3,3,1,0.0,11.26
10994,1099.4,3,0,0.0,11.25
10995,1099.5,3,0,0.0,11.22
10996,1099.6,3,0,0.0,11.25
10997,1099.7,3,0,0.0,11.26
10998,1099.8,3,0,0.0,11.24
10999,1099.9,3,0,0.0,11.25
11000,1100.0,3,0,0.0,11.24
11001,1100.1,4,0,0.0,10.91
11002,1100.2,4,0,0.0,10.92
11003,1100.3,4,0,0.0,10.94
11004,1100.4,4,0,0.0,10.92
11005,1100.5,5,0,0.0,11.52
11006,1100.6,5,0,0.0,11.51
11007,1100.7,4,1,0.0,11.91
11008,1100.8,4,0,0.0,11.94
11009,1100.9,4,0,0.0,12.0
11010,1101.0,4,0,0.0,12.05
11011,1101.1,3,1,0.0,11.51
11012,1101.2,3,0,0.0,11.56
11013,1101.3,3,0,0.0,11.65
11014,1101.4,3,0,0.0,11.67
11015,1101.5,3,0,0.0,11.73
11016,1101.6,3,0,0.0,11.82
11017,1101.7,4,0,0.0,12.43
11018,1101.8,4,0,0.0,12.43
11019,1101.9,4,0,0.0,12.48
11020,1102.0,4,0,0.0,12.54
11021,1102.1,4,0,0.0,12.57
11022,1102.2,4,0,0.0,12.65
11023,1102.3,4,0,0.0,12.68
11024,1102.4,4,0,0.0,12.76
11025,1102.5,4,0,0.0,12.78
11026,1102.6,3,1,0.0,12.56
11027,1102.7,3,0,0.0,12.55
11028,1102.8,3,0,0.0,12.55
11029,1102.9,3,0,0.0,12.55
11030,1103.0,3,0,0.0,12.57
11031,1103.1,3,0,0.0,12.53
11032,1103.2,3,0,0.0,12.56
11033,1103.3,3,0,0.0,12.59
11034,1103.4,3,0,0.0,12.56
11035,1103.5,3,0,0.0,12.59
11036,1103.6,3,0,0.0,12.55
11037,1103.7,3,0,0.0,12.57
11038,1103.8,3,0,0.0,12.55
11039,1103.9,3,0,0.0,12.54
11040,1104.0,3,0,0.0,12.55
11041,1104.1,3,0,0.0,12.55
11042,1104.2,3,0,0.0,12.55
11043,1104.3,3,0,0.0,12.59
11044,1104.4,2,1,0.0,13.89
11045,1104.5,3,0,0.0,13.86
11046,1104.6,3,0,0.0,13.88
11047,1104.7,3,0,0.0,13.89
11048,1104.8,3,0,0.0,13.89
11049,1104.9,3,0,0.0,13.85
11050,1105.0,3,0,0.0,13.85
11051,1105.1,3,0,0.0,13.9
11052,1105.2,3,0,0.0,13.86
11053,1105.3,2,1,0.0,13.88
11054,1105.4,2,0,0.0,13.96
11055,1105.5,3,0,0.0,13.96
11056,1105.6,3,0,0.0,13.97
11057,1105.7,3,0,0.0,13.94
11058,1105.8,3,0,0.0,13.94
11059,1105.9,3,0,0.0,13.95
11060,1106.0,3,0,0.0,13.91
11061,1106.1,3,1,0.0,12.62
11062,1106.2,3,0,0.0,12.61
11063,1106.3,2,1,0.0,13.95
11064,1106.4,2,0,0.0,13.99
11065,1106.5,2,0,0.0,13.98
11066,1106.6,2,0,0.0,13.99
11067,1106.7,2,0,0.0,13.92
11068,1106.8,2,0,0.0,13.93
11069,1106.9,2,0,0.0,13.91
11070,1107.0,2,0,0.0,13.88
11071,1107.1,2,0,0.0,13.92
11072,1107.2,2,0,0.0,13.9
11073,1107.3,2,0,0.0,13.98
11074,1107.4,3,0,0.0,13.95
11075,1107.5,3,0,0.0,13.94
11076,1107.6,3,0,0.0,13.93
11077,1107.7,3,0,0.0,13.93
11078,1107.8,3,0,0.0,13.94
11079,1107.9,3,0,0.0,13.92
11080,1108.0,2,1,0.0,13.95
11081,1108.1,2,0,0.0,13.92
11082,1108.2,2,0,0.0,13.91
11083,1108.3,2,0,0.0,13.94
11084,1108.4,2,0,0.0,13.99
11085,1108.5,2,0,0.0,13.96
11086,1108.6,2,0,0.0,13.98
11087,1108.7,2,0,0.0,13.94
11088,1108.8,2,0,0.0,13.9
11089,1108.9,2,0,0.0,13.93
11090,1109.0,2,0,0.0,13.95
11091,1109.1,2,0,0.0,13.94
11092,1109.2,2,0,0.0,13.95
11093,1109.3,2,0,0.0,14.0
11094,1109.4,2,0,0.0,13.93
11095,1109.5,2,0,0.0,13.93
11096,1109.6,2,0,0.0,13.96
11097,1109.7,2,0,0.0,13.94
11098,1109.8,2,0,0.0,13.95
11099,1109.9,2,0,0.0,13.9
11100,1110.0,2,0,0.0,13.93
11101,1110.1,2,0,0.0,13.98
11102,1110.2,2,0,0.0,13.91
11103,1110.3,2,0,0.0,13.96
11104,1110.4,2,0,0.0,13.93
11105,1110.5,3,0,0.0,13.93
11106,1110.6,3,0,0.0,13.91
11107,1110.7,3,0,0.0,13.94
11108,1110.8,3,0,0.0,13.94
11109,1110.9,2,1,0.0,13.93
11110,1111.0,2,0,0.0,13.97
11111,1111.1,1,1,0.0,13.92
11112,1111.2,1,0,0.0,13.88
11113,1111.3,1,0,0.0,13.91
11114,1111.4,1,0,0.0,13.88
11115,1111.5,1,0,0.0,13.94
11116,1111.6,1,0,0.0,13.87
11117,1111.7,1,0,0.0,13.9
11118,1111.8,1,0,0.0,13.98
11119,1111.9,1,0,0.0,13.92
11120,1112.0,1,0,0.0,13.91
11121,1112.1,1,0,0.0,13.92
11122,1112.2,1,0,0.0,13.88
11123,1112.3,1,0,0.0,13.96
11124,1112.4,1,0,0.0,13.97
11125,1112.5,1,0,0.0,13.97
11126,1112.6,1,0,0.0,13.91
11127,1112.7,1,0,0.0,13.97
11128,1112.8,1,0,0.0,13.91
11129,1112.9,1,0,0.0,13.97
11130,1113.0,2,0,0.0,13.21
11131,1113.1,2,0,0.0,13.22
11132,1113.2,3,0,0.0,13.08
11133,1113.3,3,0,0.0,13.05
11134,1113.4,3,0,0.0,13.05
11135,1113.5,3,0,0.0,13.07
11136,1113.6,3,0,0.0,13.07
11137,1113.7,3,0,0.0,13.06
11138,1113.8,3,0,0.0,13.04
11139,1113.9,3,0,0.0,13.02
11140,1114.0,3,0,0.0,13.04
11141,1114.1,3,0,0.0,13.07
11142,1114.2,3,0,0.0,13.07
11143,1114.3,3,0,0.0,13.08
11144,1114.4,3,0,0.0,13.01
11145,1114.5,3,0,0.0,13.05
11146,1114.6,3,0,0.0,13.06
11147,1114.7,3,0,0.0,13.07
11148,1114.8,3,0,0.0,13.04
11149,1114.9,3,0,0.0,13.02
11150,1115.0,3,0,0.0,13.05
11151,1115.1,3,0,0.0,13.04
11152,1115.2,3,0,0.0,13.04
11153,1115.3,3,0,0.0,13.06
11154,1115.4,4,0,0.0,12.91
11155,1115.5,4,0,0.0,12.93
11156,1115.6,4,0,0.0,12.88
11157,1115.7,4,0,0.0,12.92
11158,1115.8,4,0,0.0,12.9
11159,1115.9,4,0,0.0,12.89
11160,1116.0,3,1,0.0,13.09
11161,1116.1,3,0,0.0,13.03
11162,1116.2,3,0,0.0,13.07
11163,1116.3,3,0,0.0,13.04
11164,1116.4,3,0,0.0,13.08
11165,1116.5,3,0,0.0,13.05
11166,1116.6,2,1,0.0,12.64
11167,1116.7,2,0,0.0,12.63
11168,1116.8,2,0,0.0,12.6
11169,1116.9,2,0,0.0,12.66
11170,1117.0,1,1,0.0,12.49
11171,1117.1,1,0,0.0,12.42
11172,1117.2,1,0,0.0,12.45
11173,1117.3,1,0,0.0,12.47
11174,1117.4,1,0,0.0,12.45
11175,1117.5,1,0,0.0,12.39
11176,1117.6,1,0,0.0,12.47
11177,1117.7,1,0,0.0,12.41
11178,1117.8,1,0,0.0,12.47
11179,1117.9,1,0,0.0,12.37
11180,1118.0,1,0,0.0,12.49
11181,1118.1,1,0,0.0,12.38
11182,1118.2,1,0,0.0,12.45
11183,1118.3,1,0,0.0,12.38
11184,1118.4,1,0,0.0,12.42
11185,1118.5,1,0,0.0,12.42
11186,1118.6,1,0,0.0,12.47
11187,1118.7,2,0,0.0,13.2
11188,1118.8,2,0,0.0,13.22
11189,1118.9,2,0,0.0,13.19
11190,1119.0,2,0,0.0,13.19
11191,1119.1,2,0,0.0,13.16
11192,1119.2,2,0,0.0,13.2
11193,1119.3,2,0,0.0,13.2
11194,1119.4,2,0,0.0,13.19
11195,1119.5,2,0,0.0,13.21
11196,1119.6,2,0,0.0,13.19
11197,1119.7,2,0,0.0,13.23
11198,1119.8,2,0,0.0,13.2
11199,1119.9,2,0,0.0,13.17
11200,1120.0,2,0,0.0,13.17
11201,1120.1,2,0,0.0,13.2
11202,1120.2,2,0,0.0,13.16
11203,1120.3,2,0,0.0,13.17
11204,1120.4,3,0,0.0,13.46
11205,1120.5,3,0,0.0,13.43
11206,1120.6,3,0,0.0,13.43
11207,1120.7,3,0,0.0,13.44
11208,1120.8,3,0,0.0,13.43
11209,1120.9,3,0,0.0,13.42
11210,1121.0,2,1,0.0,13.19
11211,1121.1,2,0,0.0,13.16
11212,1121.2,2,0,0.0,13.15
11213,1121.3,2,0,0.0,13.2
11214,1121.4,2,0,0.0,13.17
11215,1121.5,2,0,0.0,13.15
11216,1121.6,2,0,0.0,13.17
11217,1121.7,2,0,0.0,13.13
11218,1121.8,2,0,0.0,13.14
11219,1121.9,3,0,0.0,13.45
11220,1122.0,3,0,0.0,13.45
11221,1122.1,3,0,0.0,13.43
11222,1122.2,3,0,0.0,13.46
11223,1122.3,3,0,0.0,13.44
11224,1122.4,3,0,0.0,13.45
11225,1122.5,3,0,0.0,13.43
11226,1122.6,3,0,0.0,13.43
11227,1122.7,3,0,0.0,13.43
11228,1122.8,3,0,0.0,13.41
11229,1122.9,3,0,0.0,13.45
11230,1123.0,3,0,0.0,13.43
11231,1123.1,3,0,0.0,13.44
11232,1123.2,3,0,0.0,13.45
11233,1123.3,2,1,0.0,13.94
11234,1123.4,2,0,0.0,13.94
11235,1123.5,2,0,0.0,13.92
11236,1123.6,2,0,0.0,13.94
11237,1123.7,2,0,0.0,13.93
11238,1123.8,2,0,0.0,13.94
11239,1123.9,2,0,0.0,13.96
11240,1124.0,2,0,0.0,13.94
11241,1124.1,2,0,0.0,13.93
11242,1124.2,2,0,0.0,13.93
11243,1124.3,2,0,0.0,13.9
11244,1124.4,3,0,0.0,13.97
11245,1124.5,3,0,0.0,13.92
11246,1124.6,3,0,0.0,13.95
11247,1124.7,3,0,0.0,13.92
11248,1124.8,3,0,0.0,13.97
11249,1124.9,3,0,0.0,13.88
11250,1125.0,3,0,0.0,13.96
11251,1125.1,3,0,0.0,13.89
11252,1125.2,3,0,0.0,13.94
11253,1125.3,3,0,0.0,13.93
11254,1125.4,3,1,0.0,13.96
11255,1125.5,3,0,0.0,13.97
11256,1125.6,3,0,0.0,13.92
11257,1125.7,3,0,0.0,13.91
11258,1125.8,3,0,0.0,13.94
11259,1125.9,3,0,0.0,13.94
11260,1126.0,2,1,0.0,13.92
11261,1126.1,2,0,0.0,13.91
11262,1126.2,2,0,0.0,13.96
11263,1126.3,2,0,0.0,13.9
11264,1126.4,2,0,0.0,13.95
11265,1126.5,2,0,0.0,13.95
11266,1126.6,2,0,0.0,13.91
11267,1126.7,2,0,0.0,13.93
11268,1126.8,2,0,0.0,13.96
11269,1126.9,2,0,0.0,13.9
11270,1127.0,2,0,0.0,13.91
11271,1127.1,2,0,0.0,13.97
11272,1127.2,2,0,0.0,13.95
11273,1127.3,2,0,0.0,13.97
11274,1127.4,2,0,0.0,13.93
11275,1127.5,2,0,0.0,13.92
11276,1127.6,2,0,0.0,13.95
11277,1127.7,2,0,0.0,13.96
11278,1127.8,2,0,0.0,13.92
11279,1127.9,1,1,0.0,13.96
11280,1128.0,1,0,0.0,13.87
11281,1128.1,1,0,0.0,13.92
11282,1128.2,1,0,0.0,13.89
11283,1128.3,1,0,0.0,13.89
11284,1128.4,1,0,0.0,13.89
11285,1128.5,1,0,0.0,13.99
11286,1128.6,1,0,0.0,13.94
11287,1128.7,1,0,0.0,13.97
11288,1128.8,1,0,0.0,13.96
11289,1128.9,1,0,0.0,13.95
11290,1129.0,1,0,0.0,13.97
11291,1129.1,1,0,0.0,13.94
11292,1129.2,1,0,0.0,13.95
11293,1129.3,1,0,0.0,13.98
11294,1129.4,1,0,0.0,13.94
11295,1129.5,1,0,0.0,13.99
11296,1129.6,1,0,0.0,13.95
11297,1129.7,1,0,0.0,13.95
11298,1129.8,1,0,0.0,13.89
11299,1129.9,1,0,0.0,13.94
11300,1130.0,1,0,0.0,13.97
11301,1130.1,2,0,0.0,13.98
11302,1130.2,2,0,0.0,13.95
11303,1130.3,2,0,0.0,13.95
11304,1130.4,3,0,0.0,13.95
11305,1130.5,3,0,0.0,13.95
11306,1130.6,4,0,0.0,13.97
11307,1130.7,4,0,0.0,13.95
11308,1130.8,4,0,0.0,13.94
11309,1130.9,4,0,0.0,13.94
11310,1131.0,4,1,0.0,12.89
11311,1131.1,4,0,0.0,12.86
11312,1131.2,4,0,0.0,12.93
11313,1131.3,4,0,0.0,12.94
11314,1131.4,4,0,0.0,12.94
11315,1131.5,4,0,0.0,12.96
11316,1131.6,4,0,0.0,12.94
11317,1131.7,4,0,0.0,12.95
11318,1131.8,4,0,0.0,12.94
11319,1131.9,4,0,0.0,12.95
11320,1132.0,4,0,0.0,12.96
11321,1132.1,4,0,0.0,12.94
11322,1132.2,4,0,0.0,12.91
11323,1132.3,4,0,0.0,12.95
11324,1132.4,4,0,0.0,12.93
11325,1132.5,4,0,0.0,12.93
11326,1132.6,4,0,0.0,12.92
11327,1132.7,4,0,0.0,12.94
11328,1132.8,4,0,0.0,12.94
11329,1132.9,4,0,0.0,12.92
11330,1133.0,4,0,0.0,12.93
11331,1133.1,4,0,0.0,12.93
11332,1133.2,4,0,0.0,12.94
11333,1133.3,4,0,0.0,12.94
11334,1133.4,4,0,0.0,12.93
11335,1133.5,4,0,0.0,12.96
11336,1133.6,3,1,0.0,12.62
11337,1133.7,3,0,0.0,12.6
11338,1133.8,3,0,0.0,12.63
11339,1133.9,3,0,0.0,12.61
11340,1134.0,4,0,0.0,11.97
11341,1134.1,3,1,0.0,11.32
11342,1134.2,2,1,0.0,11.94
11343,1134.3,2,0,0.0,11.97
11344,1134.4,2,0,0.0,11.94
11345,1134.5,2,0,0.0,11.97
11346,1134.6,2,0,0.0,11.93
11347,1134.7,2,0,0.0,11.97
11348,1134.8,2,0,0.0,11.95
11349,1134.9,2,0,0.0,11.93
11350,1135.0,2,0,0.0,11.94
11351,1135.1,2,0,0.0,11.93
11352,1135.2,2,0,0.0,11.93
11353,1135.3,2,0,0.0,11.91
11354,1135.4,3,0,0.0,12.26
11355,1135.5,3,0,0.0,12.23
11356,1135.6,3,0,0.0,12.22
11357,1135.7,4,0,0.0,12.71
11358,1135.8,4,0,0.0,12.68
11359,1135.9,4,0,0.0,12.7
11360,1136.0,3,1,0.0,12.62
11361,1136.1,3,0,0.0,12.63
11362,1136.2,3,0,0.0,12.62
11363,1136.3,3,0,0.0,12.63
11364,1136.4,3,0,0.0,12.62
11365,1136.5,3,0,0.0,12.6
11366,1136.6,3,0,0.0,12.6
11367,1136.7,3,0,0.0,12.61
11368,1136.8,3,0,0.0,12.63
11369,1136.9,3,0,0.0,12.6
11370,1137.0,3,0,0.0,12.62
11371,1137.1,3,0,0.0,12.6
11372,1137.2,3,0,0.0,12.59
11373,1137.3,3,0,0.0,12.64
11374,1137.4,3,0,0.0,12.59
11375,1137.5,3,0,0.0,12.64
11376,1137.6,3,0,0.0,12.62
11377,1137.7,3,0,0.0,12.6
11378,1137.8,3,0,0.0,12.61
11379,1137.9,3,0,0.0,12.62
11380,1138.0,3,0,0.0,12.59
11381,1138.1,3,0,0.0,12.63
11382,1138.2,3,0,0.0,12.59
11383,1138.3,3,0,0.0,12.61
11384,1138.4,3,0,0.0,12.61
11385,1138.5,3,0,0.0,12.61
11386,1138.6,3,0,0.0,12.62
11387,1138.7,3,0,0.0,12.63
11388,1138.8,3,0,0.0,12.6
11389,1138.9,3,0,0.0,12.62
11390,1139.0,3,0,0.0,12.61
11391,1139.1,3,0,0.0,12.62
11392,1139.2,3,0,0.0,12.62
11393,1139.3,3,1,0.0,12.61
11394,1139.4,3,0,0.0,12.62
11395,1139.5,3,0,0.0,12.61
11396,1139.6,3,0,0.0,12.62
11397,1139.7,3,0,0.0,12.62
11398,1139.8,3,0,0.0,12.59
11399,1139.9,3,0,0.0,12.56
11400,1140.0,3,0,0.0,12.53
11401,1140.1,3,0,0.0,12.45
11402,1140.2,3,0,0.0,12.43
11403,1140.3,4,0,0.0,12.62
11404,1140.4,4,0,0.0,12.55
11405,1140.5,4,0,0.0,12.56
11406,1140.6,4,0,0.0,12.54
11407,1140.7,4,0,0.0,12.51
11408,1140.8,4,0,0.0,12.52
11409,1140.9,3,1,0.0,12.26
11410,1141.0,3,0,0.0,12.23
11411,1141.1,3,0,0.0,12.21
11412,1141.2,3,0,0.0,12.21
11413,1141.3,3,0,0.0,12.2
11414,1141.4,4,0,0.0,12.24
11415,1141.5,4,0,0.0,12.2
11416,1141.6,4,0,0.0,12.2
11417,1141.7,4,0,0.0,12.18
11418,1141.8,4,0,0.0,12.19
11419,1141.9,4,0,0.0,12.15
11420,1142.0,4,0,0.0,12.13
11421,1142.1,4,0,0.0,12.11
11422,1142.2,4,0,0.0,12.13
11423,1142.3,4,0,0.0,12.09
11424,1142.4,4,0,0.0,12.05
11425,1142.5,4,0,0.0,12.09
11426,1142.6,4,0,0.0,12.07
11427,1142.7,4,0,0.0,12.04
11428,1142.8,3,1,0.0,11.4
11429,1142.9,3,0,0.0,11.4
11430,1143.0,3,0,0.0,11.36
11431,1143.1,3,0,0.0,11.34
11432,1143.2,2,1,0.0,12.0
11433,1143.3,2,0,0.0,12.17
11434,1143.4,2,0,0.0,12.27
11435,1143.5,2,0,0.0,12.38
11436,1143.6,2,0,0.0,12.45
11437,1143.7,2,0,0.0,12.58
11438,1143.8,2,0,0.0,12.66
11439,1143.9,2,0,0.0,12.74
11440,1144.0,2,0,0.0,12.91
11441,1144.1,2,0,0.0,12.96
11442,1144.2,2,0,0.0,13.04
11443,1144.3,2,0,0.0,13.18
11444,1144.4,2,0,0.0,13.23
11445,1144.5,2,0,0.0,13.22
11446,1144.6,2,0,0.0,13.25
11447,1144.7,2,0,0.0,13.24
11448,1144.8,2,0,0.0,13.26
11449,1144.9,2,0,0.0,13.26
11450,1145.0,2,0,0.0,13.25
11451,1145.1,2,0,0.0,13.24
11452,1145.2,2,0,0.0,13.21
11453,1145.3,2,1,0.0,12.09
11454,1145.4,2,0,0.0,12.09
11455,1145.5,2,0,0.0,12.09
11456,1145.6,2,0,0.0,12.09
11457,1145.7,2,0,0.0,12.08
11458,1145.8,2,0,0.0,12.1
11459,1145.9,2,0,0.0,12.13
11460,1146.0,1,1,0.0,12.47
11461,1146.1,1,0,0.0,12.59
11462,1146.2,1,0,0.0,12.48
11463,1146.3,1,0,0.0,12.5
11464,1146.4,1,0,0.0,12.52
11465,1146.5,1,0,0.0,12.48
11466,1146.6,1,0,0.0,12.49
11467,1146.7,1,0,0.0,12.55
11468,1146.8,1,0,0.0,12.55
11469,1146.9,1,0,0.0,12.52
11470,1147.0,1,0,0.0,12.58
11471,1147.1,2,0,0.0,13.25
11472,1147.2,2,0,0.0,13.23
11473,1147.3,2,0,0.0,13.25
11474,1147.4,2,0,0.0,13.19
11475,1147.5,2,0,0.0,13.2
11476,1147.6,2,0,0.0,13.26
11477,1147.7,2,0,0.0,13.27
11478,1147.8,2,0,0.0,13.26
11479,1147.9,2,0,0.0,13.2
11480,1148.0,3,0,0.0,13.29
11481,1148.1,3,0,0.0,13.27
11482,1148.2,3,0,0.0,13.29
11483,1148.3,3,0,0.0,13.29
11484,1148.4,3,0,0.0,13.3
11485,1148.5,3,0,0.0,13.31
11486,1148.6,3,0,0.0,13.31
11487,1148.7,3,0,0.0,13.29
11488,1148.8,3,0,0.0,13.26
11489,1148.9,3,0,0.0,13.29
11490,1149.0,3,0,0.0,13.28
11491,1149.1,3,0,0.0,13.3
11492,1149.2,3,0,0.0,13.27
11493,1149.3,3,0,0.0,13.28
11494,1149.4,3,0,0.0,13.28
11495,1149.5,3,0,0.0,13.26
11496,1149.6,3,0,0.0,13.31
11497,1149.7,3,0,0.0,13.32
11498,1149.8,3,0,0.0,13.31
11499,1149.9,3,0,0.0,13.29
11500,1150.0,3,0,0.0,13.3
11501,1150.1,3,0,0.0,13.31
11502,1150.2,3,0,0.0,13.29
11503,1150.3,4,0,0.0,13.29
11504,1150.4,4,0,0.0,13.25
11505,1150.5,4,0,0.0,13.3
11506,1150.6,4,0,0.0,13.28
11507,1150.7,4,0,0.0,13.3
11508,1150.8,4,0,0.0,13.29
11509,1150.9,3,1,0.0,13.3
11510,1151.0,3,0,0.0,13.31
11511,1151.1,3,0,0.0,13.31
11512,1151.2,3,0,0.0,13.29
11513,1151.3,3,0,0.0,13.28
11514,1151.4,3,0,0.0,13.29
11515,1151.5,3,0,0.0,13.27
11516,1151.6,1,2,0.0,13.96
11517,1151.7,1,0,0.0,14.0
11518,1151.8,1,0,0.0,13.96
11519,1151.9,1,0,0.0,13.92
11520,1152.0,1,0,0.0,13.89
11521,1152.1,1,0,0.0,13.87
11522,1152.2,1,0,0.0,13.88
11523,1152.3,1,0,0.0,13.97
11524,1152.4,1,0,0.0,13.96
11525,1152.5,1,0,0.0,13.97
11526,1152.6,1,0,0.0,13.92
11527,1152.7,1,0,0.0,13.88
11528,1152.8,2,0,0.0,12.63
11529,1152.9,2,0,0.0,12.58
11530,1153.0,2,0,0.0,12.59
11531,1153.1,2,0,0.0,12.52
11532,1153.2,2,0,0.0,12.54
11533,1153.3,2,0,0.0,12.61
11534,1153.4,2,0,0.0,12.61
11535,1153.5,2,0,0.0,12.58
11536,1153.6,2,0,0.0,12.56
11537,1153.7,2,0,0.0,12.59
11538,1153.8,2,0,0.0,12.52
11539,1153.9,2,0,0.0,12.56
11540,1154.0,2,0,0.0,12.57
11541,1154.1,2,0,0.0,12.57
11542,1154.2,2,0,0.0,12.6
11543,1154.3,2,0,0.0,12.58
11544,1154.4,2,0,0.0,12.61
11545,1154.5,2,0,0.0,12.52
11546,1154.6,2,0,0.0,12.6
11547,1154.7,2,0,0.0,12.6
11548,1154.8,2,0,0.0,12.59
11549,1154.9,2,0,0.0,12.56
11550,1155.0,2,0,0.0,12.58
11551,1155.1,2,0,0.0,12.57
11552,1155.2,2,0,0.0,12.56
11553,1155.3,3,0,0.0,13.04
11554,1155.4,3,0,0.0,12.99
11555,1155.5,3,0,0.0,13.03
11556,1155.6,3,0,0.0,13.0
11557,1155.7,3,0,0.0,13.04
11558,1155.8,3,0,0.0,13.02
11559,1155.9,2,1,0.0,12.55
11560,1156.0,2,0,0.0,12.58
11561,1156.1,2,0,0.0,12.55
11562,1156.2,2,0,0.0,12.58
11563,1156.3,1,1,0.0,11.22
11564,1156.4,1,0,0.0,11.21
11565,1156.5,1,0,0.0,11.16
11566,1156.6,1,0,0.0,11.25
11567,1156.7,2,0,0.0,12.62
11568,1156.8,2,0,0.0,12.57
11569,1156.9,2,0,0.0,12.56
11570,1157.0,2,0,0.0,12.59
11571,1157.1,2,0,0.0,12.57
11572,1157.2,2,0,0.0,12.56
11573,1157.3,2,0,0.0,12.57
11574,1157.4,2,0,0.0,12.55
11575,1157.5,2,0,0.0,12.58
11576,1157.6,2,0,0.0,12.54
11577,1157.7,2,0,0.0,12.54
11578,1157.8,2,0,0.0,12.57
11579,1157.9,2,0,0.0,12.59
11580,1158.0,2,0,0.0,12.58
11581,1158.1,2,0,0.0,12.59
11582,1158.2,2,0,0.0,12.61
11583,1158.3,2,0,0.0,12.6
11584,1158.4,2,0,0.0,12.6
11585,1158.5,3,0,0.0,12.86
11586,1158.6,3,0,0.0,12.88
11587,1158.7,3,0,0.0,12.83
11588,1158.8,3,0,0.0,12.89
11589,1158.9,3,0,0.0,12.84
11590,1159.0,3,0,0.0,12.87
11591,1159.1,3,0,0.0,12.88
11592,1159.2,3,0,0.0,12.88
11593,1159.3,3,0,0.0,12.89
11594,1159.4,3,0,0.0,12.89
11595,1159.5,3,0,0.0,12.87
11596,1159.6,3,0,0.0,12.86
11597,1159.7,3,0,0.0,12.86
11598,1159.8,3,0,0.0,12.88
11599,1159.9,3,0,0.0,12.86
11600,1160.0,3,0,0.0,12.88
11601,1160.1,3,0,0.0,12.87
11602,1160.2,2,1,0.0,12.34
11603,1160.3,3,0,0.0,12.3
11604,1160.4,3,0,0.0,12.26
11605,1160.5,3,0,0.0,12.22
11606,1160.6,3,0,0.0,12.25
11607,1160.7,3,0,0.0,12.26
11608,1160.8,3,0,0.0,12.24
11609,1160.9,2,1,0.0,12.31
11610,1161.0,2,0,0.0,12.33
11611,1161.1,2,0,0.0,12.39
11612,1161.2,2,0,0.0,12.36
11613,1161.3,2,0,0.0,12.38
11614,1161.4,2,0,0.0,12.35
11615,1161.5,2,0,0.0,12.33
11616,1161.6,2,0,0.0,12.31
11617,1161.7,2,0,0.0,12.3
11618,1161.8,2,0,0.0,12.35
11619,1161.9,2,0,0.0,12.36
11620,1162.0,2,0,0.0,12.29
11621,1162.1,2,0,0.0,12.35
11622,1162.2,2,0,0.0,12.34
11623,1162.3,3,0,0.0,11.56
11624,1162.4,3,0,0.0,11.52
11625,1162.5,2,1,0.0,12.34
11626,1162.6,2,0,0.0,12.31
11627,1162.7,2,0,0.0,12.35
11628,1162.8,2,0,0.0,12.33
11629,1162.9,2,0,0.0,12.3
11630,1163.0,2,0,0.0,12.32
11631,1163.1,2,0,0.0,12.35
11632,1163.2,2,0,0.0,12.39
11633,1163.3,2,0,0.0,12.33
11634,1163.4,2,0,0.0,12.35
11635,1163.5,2,0,0.0,12.37
11636,1163.6,2,0,0.0,12.35
11637,1163.7,2,0,0.0,12.35
11638,1163.8,2,0,0.0,12.31
11639,1163.9,2,0,0.0,12.33
11640,1164.0,2,0,0.0,12.35
11641,1164.1,3,0,0.0,12.81
11642,1164.2,2,1,0.0,13.59
11643,1164.3,2,0,0.0,13.59
11644,1164.4,2,0,0.0,13.59
11645,1164.5,2,0,0.0,13.59
11646,1164.6,2,0,0.0,13.61
11647,1164.7,2,0,0.0,13.59
11648,1164.8,2,0,0.0,13.59
11649,1164.9,2,0,0.0,13.62
11650,1165.0,2,0,0.0,13.57
11651,1165.1,2,0,0.0,13.57
11652,1165.2,3,0,0.0,13.76
11653,1165.3,3,0,0.0,13.69
11654,1165.4,4,0,0.0,13.8
11655,1165.5,4,0,0.0,13.76
11656,1165.6,4,0,0.0,13.81
11657,1165.7,4,0,0.0,13.78
11658,1165.8,3,1,0.0,13.73
11659,1165.9,3,0,0.0,13.73
11660,1166.0,3,0,0.0,13.7
11661,1166.1,3,0,0.0,13.73
11662,1166.2,3,0,0.0,13.7
11663,1166.3,3,0,0.0,13.68
11664,1166.4,3,0,0.0,13.71
11665,1166.5,3,0,0.0,13.72
11666,1166.6,3,0,0.0,13.72
11667,1166.7,3,0,0.0,13.7
11668,1166.8,3,0,0.0,13.69
11669,1166.9,3,0,0.0,13.75
11670,1167.0,3,0,0.0,13.69
11671,1167.1,3,0,0.0,13.69
11672,1167.2,3,0,0.0,13.76
11673,1167.3,3,0,0.0,13.69
11674,1167.4,3,0,0.0,13.72
11675,1167.5,3,0,0.0,13.71
11676,1167.6,3,0,0.0,13.72
11677,1167.7,3,0,0.0,13.72
11678,1167.8,3,0,0.0,13.68
11679,1167.9,3,0,0.0,13.71
11680,1168.0,2,1,0.0,13.83
11681,1168.1,2,0,0.0,13.84
11682,1168.2,2,0,0.0,13.88
11683,1168.3,2,0,0.0,13.87
11684,1168.4,2,0,0.0,13.88
11685,1168.5,2,0,0.0,13.84
11686,1168.6,2,0,0.0,13.84
11687,1168.7,2,0,0.0,13.86
11688,1168.8,2,0,0.0,13.83
11689,1168.9,1,1,0.0,13.77
11690,1169.0,1,0,0.0,13.81
11691,1169.1,1,0,0.0,13.79
11692,1169.2,1,0,0.0,13.82
11693,1169.3,1,0,0.0,13.79
11694,1169.4,1,0,0.0,13.77
11695,1169.5,1,0,0.0,13.75
11696,1169.6,1,0,0.0,13.74
11697,1169.7,1,0,0.0,13.72
11698,1169.8,2,0,0.0,12.96
11699,1169.9,2,0,0.0,12.91
11700,1170.0,2,0,0.0,12.98
11701,1170.1,2,0,0.0,12.94
11702,1170.2,3,0,0.0,12.46
11703,1170.3,3,0,0.0,12.43
11704,1170.4,3,0,0.0,12.4
11705,1170.5,3,0,0.0,12.44
11706,1170.6,3,0,0.0,12.41
11707,1170.7,3,0,0.0,12.47
11708,1170.8,3,0,0.0,12.45
11709,1170.9,2,1,0.0,13.0
11710,1171.0,2,0,0.0,12.88
11711,1171.1,2,0,0.0,12.93
11712,1171.2,2,0,0.0,12.97
11713,1171.3,2,0,0.0,12.94
11714,1171.4,2,0,0.0,12.93
11715,1171.5,2,0,0.0,12.93
11716,1171.6,2,0,0.0,12.95
11717,1171.7,2,0,0.0,12.89
11718,1171.8,2,0,0.0,12.91
11719,1171.9,2,0,0.0,12.95
11720,1172.0,2,0,0.0,12.98
11721,1172.1,2,0,0.0,12.99
11722,1172.2,3,0,0.0,11.95
11723,1172.3,3,0,0.0,11.98
11724,1172.4,3,0,0.0,11.96
11725,1172.5,3,0,0.0,11.91
11726,1172.6,3,0,0.0,11.98
11727,1172.7,3,0,0.0,11.92
11728,1172.8,3,0,0.0,11.96
11729,1172.9,3,0,0.0,11.92
11730,1173.0,3,0,0.0,11.94
11731,1173.1,3,0,0.0,11.95
11732,1173.2,3,0,0.0,11.94
11733,1173.3,3,0,0.0,11.95
11734,1173.4,2,1,0.0,11.05
11735,1173.5,2,0,0.0,11.03
11736,1173.6,2,0,0.0,11.02
11737,1173.7,2,0,0.0,11.04
11738,1173.8,2,0,0.0,11.01
11739,1173.9,2,0,0.0,11.0
11740,1174.0,2,0,0.0,11.02
11741,1174.1,3,0,0.0,12.03
11742,1174.2,3,0,0.0,12.01
11743,1174.3,3,0,0.0,11.98
11744,1174.4,3,0,0.0,12.03
11745,1174.5,3,0,0.0,11.99
11746,1174.6,3,0,0.0,11.98
11747,1174.7,3,0,0.0,11.96
11748,1174.8,3,0,0.0,11.97
11749,1174.9,3,0,0.0,12.02
11750,1175.0,3,0,0.0,12.01
11751,1175.1,3,0,0.0,11.99
11752,1175.2,4,0,0.0,12.06
11753,1175.3,4,0,0.0,12.07
11754,1175.4,4,0,0.0,12.03
11755,1175.5,5,0,0.0,12.43
11756,1175.6,5,0,0.0,12.44
11757,1175.7,5,0,0.0,12.42
11758,1175.8,4,1,0.0,12.47
11759,1175.9,4,0,0.0,12.49
11760,1176.0,4,0,0.0,12.5
11761,1176.1,4,0,0.0,12.48
11762,1176.2,4,0,0.0,12.4
11763,1176.3,4,0,0.0,12.4
11764,1176.4,4,0,0.0,12.38
11765,1176.5,4,0,0.0,12.37
11766,1176.6,4,0,0.0,12.33
11767,1176.7,4,0,0.0,12.31
11768,1176.8,4,0,0.0,12.32
11769,1176.9,4,0,0.0,12.26
11770,1177.0,4,0,0.0,12.27
11771,1177.1,4,0,0.0,12.2
11772,1177.2,4,0,0.0,12.22
11773,1177.3,4,0,0.0,12.19
11774,1177.4,4,0,0.0,12.17
11775,1177.5,4,0,0.0,12.17
11776,1177.6,3,1,0.0,11.58
11777,1177.7,3,0,0.0,11.53
11778,1177.8,3,0,0.0,11.5
11779,1177.9,3,0,0.0,11.47
11780,1178.0,3,0,0.0,11.45
11781,1178.1,3,0,0.0,11.45
11782,1178.2,3,0,0.0,11.41
11783,1178.3,3,0,0.0,11.39
11784,1178.4,3,0,0.0,11.37
11785,1178.5,3,0,0.0,11.34
11786,1178.6,3,0,0.0,11.34
11787,1178.7,3,0,0.0,11.29
11788,1178.8,3,0,0.0,11.28
11789,1178.9,3,0,0.0,11.3
11790,1179.0,3,0,0.0,11.28
11791,1179.1,3,0,0.0,11.24
11792,1179.2,3,0,0.0,11.24
11793,1179.3,3,0,0.0,11.22
11794,1179.4,3,0,0.0,11.19
11795,1179.5,3,0,0.0,11.2
11796,1179.6,3,0,0.0,11.2
11797,1179.7,3,0,0.0,11.13
11798,1179.8,3,0,0.0,11.16
11799,1179.9,3,0,0.0,11.13
11800,1180.0,3,0,0.0,11.15
11801,1180.1,3,0,0.0,11.11
11802,1180.2,4,0,0.0,11.84
11803,1180.3,3,1,0.0,11.72
11804,1180.4,3,0,0.0,11.63
11805,1180.5,3,0,0.0,11.65
11806,1180.6,3,0,0.0,11.63
11807,1180.7,3,0,0.0,11.65
11808,1180.8,2,1,0.0,10.46
11809,1180.9,2,0,0.0,10.44
11810,1181.0,2,0,0.0,10.44
11811,1181.1,2,0,0.0,10.48
11812,1181.2,3,0,0.0,11.57
11813,1181.3,3,0,0.0,11.54
11814,1181.4,3,0,0.0,11.53
11815,1181.5,3,0,0.0,11.5
11816,1181.6,3,0,0.0,11.49
11817,1181.7,3,0,0.0,11.5
11818,1181.8,3,0,0.0,11.51
11819,1181.9,3,0,0.0,11.51
11820,1182.0,3,0,0.0,11.47
11821,1182.1,3,0,0.0,11.48
11822,1182.2,3,0,0.0,11.47
11823,1182.3,3,0,0.0,11.49
11824,1182.4,3,0,0.0,11.47
11825,1182.5,3,0,0.0,11.48
11826,1182.6,3,0,0.0,11.47
11827,1182.7,3,0,0.0,11.42
11828,1182.8,4,0,0.0,12.09
11829,1182.9,4,0,0.0,12.02
11830,1183.0,4,0,0.0,12.03
11831,1183.1,4,0,0.0,12.07
11832,1183.2,4,0,0.0,12.06
11833,1183.3,4,0,0.0,12.06
11834,1183.4,4,0,0.0,12.02
11835,1183.5,4,0,0.0,12.06
11836,1183.6,4,0,0.0,12.0
11837,1183.7,4,0,0.0,12.03
11838,1183.8,4,0,0.0,12.01
11839,1183.9,4,0,0.0,12.04
11840,1184.0,4,0,0.0,12.02
11841,1184.1,4,0,0.0,12.04
11842,1184.2,4,0,0.0,12.02
11843,1184.3,4,0,0.0,12.01
11844,1184.4,3,1,0.0,12.69
11845,1184.5,3,0,0.0,12.76
11846,1184.6,3,0,0.0,12.87
11847,1184.7,3,0,0.0,12.95
11848,1184.8,3,0,0.0,12.98
11849,1184.9,3,0,0.0,13.05
11850,1185.0,3,0,0.0,13.14
11851,1185.1,3,0,0.0,13.21
11852,1185.2,4,0,0.0,13.47
11853,1185.3,4,0,0.0,13.48
11854,1185.4,4,0,0.0,13.57
11855,1185.5,4,0,0.0,13.59
11856,1185.6,4,0,0.0,13.65
11857,1185.7,4,0,0.0,13.74
11858,1185.8,3,1,0.0,13.7
11859,1185.9,3,0,0.0,13.75
11860,1186.0,3,0,0.0,13.79
11861,1186.1,3,0,0.0,13.89
11862,1186.2,3,0,0.0,13.87
11863,1186.3,1,2,0.0,13.77
11864,1186.4,1,0,0.0,13.82
11865,1186.5,1,0,0.0,13.76
11866,1186.6,1,0,0.0,13.78
11867,1186.7,1,0,0.0,13.86
11868,1186.8,1,0,0.0,13.82
11869,1186.9,2,0,0.0,13.47
11870,1187.0,2,0,0.0,13.4
11871,1187.1,2,0,0.0,13.4
11872,1187.2,2,0,0.0,13.35
11873,1187.3,2,0,0.0,13.4
11874,1187.4,2,0,0.0,13.4
11875,1187.5,2,0,0.0,13.41
11876,1187.6,2,0,0.0,13.4
11877,1187.7,2,0,0.0,13.37
11878,1187.8,2,0,0.0,13.42
11879,1187.9,2,0,0.0,13.41
11880,1188.0,2,0,0.0,13.44
11881,1188.1,2,0,0.0,13.4
11882,1188.2,2,0,0.0,13.43
11883,1188.3,2,0,0.0,13.39
11884,1188.4,2,0,0.0,13.41
11885,1188.5,2,0,0.0,13.41
11886,1188.6,2,0,0.0,13.41
11887,1188.7,2,0,0.0,13.41
11888,1188.8,2,0,0.0,13.4
11889,1188.9,2,0,0.0,13.45
11890,1189.0,2,0,0.0,13.39
11891,1189.1,2,0,0.0,13.37
11892,1189.2,2,0,0.0,13.38
11893,1189.3,2,0,0.0,13.37
11894,1189.4,2,0,0.0,13.41
11895,1189.5,2,0,0.0,13.37
11896,1189.6,2,0,0.0,13.4
11897,1189.7,2,0,0.0,13.36
11898,1189.8,2,0,0.0,13.41
11899,1189.9,2,0,0.0,13.39
11900,1190.0,2,0,0.0,13.45
11901,1190.1,3,0,0.0,13.61
11902,1190.2,3,0,0.0,13.58
11903,1190.3,3,0,0.0,13.58
11904,1190.4,2,1,0.0,13.42
11905,1190.5,2,0,0.0,13.48
11906,1190.6,2,0,0.0,13.49
11907,1190.7,2,1,0.0,11.48
11908,1190.8,2,0,0.0,11.51
11909,1190.9,1,1,0.0,12.98
11910,1191.0,1,0,0.0,13.03
11911,1191.1,1,0,0.0,12.94
11912,1191.2,1,0,0.0,13.05
11913,1191.3,1,0,0.0,13.0
11914,1191.4,1,0,0.0,13.02
11915,1191.5,2,0,0.0,13.51
11916,1191.6,2,0,0.0,13.46
11917,1191.7,2,0,0.0,13.42
11918,1191.8,2,0,0.0,13.47
11919,1191.9,2,0,0.0,13.43
11920,1192.0,2,0,0.0,13.45
11921,1192.1,2,0,0.0,13.5
11922,1192.2,2,0,0.0,13.51
11923,1192.3,2,0,0.0,13.5
11924,1192.4,2,0,0.0,13.44
11925,1192.5,3,0,0.0,13.05
11926,1192.6,3,0,0.0,13.08
11927,1192.7,3,0,0.0,13.05
11928,1192.8,3,0,0.0,13.02
11929,1192.9,3,0,0.0,13.08
11930,1193.0,3,0,0.0,13.07
11931,1193.1,3,0,0.0,13.07
11932,1193.2,3,0,0.0,13.06
11933,1193.3,3,0,0.0,13.09
11934,1193.4,3,0,0.0,13.07
11935,1193.5,3,0,0.0,13.03
11936,1193.6,3,0,0.0,13.06
11937,1193.7,3,0,0.0,13.03
11938,1193.8,3,0,0.0,13.06
11939,1193.9,3,0,0.0,13.06
11940,1194.0,3,0,0.0,13.07
11941,1194.1,3,0,0.0,13.0
11942,1194.2,3,0,0.0,13.05
11943,1194.3,3,0,0.0,13.03
11944,1194.4,3,0,0.0,13.03
11945,1194.5,3,0,0.0,13.03
11946,1194.6,3,0,0.0,13.04
11947,1194.7,3,0,0.0,13.07
11948,1194.8,3,0,0.0,13.08
11949,1194.9,3,0,0.0,13.01
11950,1195.0,2,1,0.0,12.62
11951,1195.1,3,0,0.0,13.08
11952,1195.2,3,0,0.0,13.06
11953,1195.3,3,0,0.0,13.04
11954,1195.4,3,0,0.0,13.0
11955,1195.5,3,0,0.0,13.03
11956,1195.6,3,0,0.0,13.07
11957,1195.7,2,1,0.0,12.57
11958,1195.8,2,0,0.0,12.6
11959,1195.9,2,0,0.0,12.6
11960,1196.0,2,0,0.0,12.63
11961,1196.1,2,0,0.0,12.61
11962,1196.2,2,0,0.0,12.65
11963,1196.3,2,0,0.0,12.56
11964,1196.4,2,0,0.0,12.6
11965,1196.5,2,0,0.0,12.61
11966,1196.6,2,0,0.0,12.62
11967,1196.7,1,1,0.0,12.25
11968,1196.8,1,0,0.0,12.15
11969,1196.9,1,0,0.0,12.22
11970,1197.0,1,0,0.0,12.26
11971,1197.1,1,0,0.0,12.17
11972,1197.2,1,0,0.0,12.24
11973,1197.3,1,0,0.0,12.23
11974,1197.4,1,0,0.0,12.19
11975,1197.5,1,0,0.0,12.17
11976,1197.6,1,0,0.0,12.22
11977,1197.7,1,0,0.0,12.28
11978,1197.8,1,0,0.0,12.18
11979,1197.9,1,0,0.0,12.23
11980,1198.0,1,0,0.0,12.22
11981,1198.1,1,0,0.0,12.24
11982,1198.2,2,0,0.0,12.28
11983,1198.3,2,0,0.0,12.25
11984,1198.4,2,0,0.0,12.24
11985,1198.5,2,0,0.0,12.22
11986,1198.6,2,0,0.0,12.25
11987,1198.7,2,0,0.0,12.25
11988,1198.8,2,0,0.0,12.22
11989,1198.9,2,0,0.0,12.26
11990,1199.0,2,0,0.0,12.22
11991,1199.1,2,0,0.0,12.26
11992,1199.2,2,0,0.0,12.29
11993,1199.3,2,0,0.0,12.22
11994,1199.4,2,0,0.0,12.21
11995,1199.5,2,0,0.0,12.26
11996,1199.6,2,0,0.0,12.27
11997,1199.7,2,0,0.0,12.26
11998,1199.8,2,0,0.0,12.26
11999,1199.9,2,0,0.0,12.18
12000,1200.0,2,0,0.0,12.24
12001,1200.1,4,0,0.0,12.12
12002,1200.2,4,0,0.0,12.1
12003,1200.3,4,0,0.0,12.11
12004,1200.4,4,0,0.0,12.08
12005,1200.5,4,0,0.0,12.07
12006,1200.6,4,0,0.0,12.1
12007,1200.7,3,1,0.0,11.47
12008,1200.8,3,0,0.0,11.45
12009,1200.9,4,0,0.0,10.3
12010,1201.0,4,0,0.0,10.31
12011,1201.1,4,0,0.0,10.3
12012,1201.2,4,0,0.0,10.34
12013,1201.3,4,0,0.0,10.4
12014,1201.4,4,0,0.0,10.4
12015,1201.5,4,0,0.0,10.42
12016,1201.6,4,0,0.0,10.46
12017,1201.7,4,0,0.0,10.52
12018,1201.8,4,0,0.0,10.51
12019,1201.9,4,0,0.0,10.52
12020,1202.0,4,0,0.0,10.59
12021,1202.1,4,0,0.0,10.57
12022,1202.2,4,0,0.0,10.59
12023,1202.3,4,0,0.0,10.62
12024,1202.4,4,0,0.0,10.67
12025,1202.5,4,0,0.0,10.65
12026,1202.6,4,0,0.0,10.63
12027,1202.7,4,0,0.0,10.7
12028,1202.8,4,0,0.0,10.72
12029,1202.9,3,1,0.0,10.17
12030,1203.0,3,0,0.0,10.2
12031,1203.1,3,0,0.0,10.25
12032,1203.2,3,0,0.0,10.27
12033,1203.3,3,0,0.0,10.25
12034,1203.4,3,0,0.0,10.3
12035,1203.5,3,0,0.0,10.32
12036,1203.6,3,0,0.0,10.32
12037,1203.7,3,0,0.0,10.32
12038,1203.8,3,0,0.0,10.37
12039,1203.9,4,0,0.0,11.23
12040,1204.0,4,0,0.0,11.19
12041,1204.1,4,0,0.0,11.23
12042,1204.2,4,0,0.0,11.23
12043,1204.3,4,0,0.0,11.23
12044,1204.4,3,1,0.0,11.7
12045,1204.5,3,0,0.0,11.73
12046,1204.6,3,0,0.0,11.79
12047,1204.7,3,0,0.0,11.83
12048,1204.8,3,0,0.0,11.93
12049,1204.9,3,0,0.0,11.98
12050,1205.0,3,0,0.0,12.04
12051,1205.1,4,0,0.0,12.53
12052,1205.2,4,0,0.0,12.56
12053,1205.3,4,0,0.0,12.57
12054,1205.4,4,0,0.0,12.65
12055,1205.5,4,0,0.0,12.69
12056,1205.6,4,0,0.0,12.72
12057,1205.7,3,1,0.0,12.49
12058,1205.8,3,0,0.0,12.56
12059,1205.9,3,0,0.0,12.61
12060,1206.0,3,0,0.0,12.67
12061,1206.1,3,0,0.0,12.73
12062,1206.2,2,1,0.0,13.04
12063,1206.3,2,0,0.0,12.93
12064,1206.4,2,0,0.0,12.99
12065,1206.5,2,0,0.0,12.99
12066,1206.6,2,0,0.0,12.99
12067,1206.7,2,0,0.0,12.99
12068,1206.8,2,0,0.0,12.99
12069,1206.9,2,0,0.0,12.97
12070,1207.0,2,0,0.0,13.01
12071,1207.1,2,0,0.0,13.0
12072,1207.2,2,0,0.0,12.99
12073,1207.3,2,0,0.0,13.03
12074,1207.4,2,0,0.0,13.03
12075,1207.5,2,0,0.0,12.95
12076,1207.6,2,0,0.0,13.0
12077,1207.7,2,0,0.0,13.0
12078,1207.8,2,0,0.0,12.98
12079,1207.9,2,0,0.0,12.95
12080,1208.0,2,0,0.0,12.99
12081,1208.1,2,0,0.0,12.99
12082,1208.2,2,0,0.0,12.95
12083,1208.3,2,0,0.0,13.0
12084,1208.4,2,0,0.0,12.97
12085,1208.5,2,0,0.0,12.98
12086,1208.6,1,1,0.0,13.71
12087,1208.7,1,0,0.0,13.73
12088,1208.8,1,0,0.0,13.68
12089,1208.9,2,0,0.0,13.89
12090,1209.0,2,0,0.0,13.85
12091,1209.1,2,0,0.0,13.88
12092,1209.2,2,0,0.0,13.84
12093,1209.3,2,0,0.0,13.84
12094,1209.4,2,0,0.0,13.88
12095,1209.5,2,0,0.0,13.79
12096,1209.6,3,0,0.0,13.9
12097,1209.7,3,0,0.0,13.91
12098,1209.8,3,0,0.0,13.88
12099,1209.9,3,0,0.0,13.86
12100,1210.0,4,0,0.0,13.75
12101,1210.1,4,0,0.0,13.75
12102,1210.2,4,0,0.0,13.76
12103,1210.3,4,0,0.0,13.73
12104,1210.4,4,0,0.0,13.77
12105,1210.5,4,0,0.0,13.72
12106,1210.6,3,1,0.0,13.89
12107,1210.7,3,0,0.0,13.9
12108,1210.8,3,0,0.0,13.87
12109,1210.9,3,0,0.0,13.87
12110,1211.0,3,0,0.0,13.92
12111,1211.1,3,0,0.0,13.9
12112,1211.2,3,0,0.0,13.87
12113,1211.3,3,0,0.0,13.84
12114,1211.4,3,0,0.0,13.87
12115,1211.5,3,0,0.0,13.85
12116,1211.6,3,0,0.0,13.89
12117,1211.7,3,0,0.0,13.87
12118,1211.8,3,0,0.0,13.84
12119,1211.9,3,0,0.0,13.88
12120,1212.0,3,0,0.0,13.86
12121,1212.1,3,0,0.0,13.85
12122,1212.2,3,0,0.0,13.84
12123,1212.3,3,0,0.0,13.87
12124,1212.4,2,1,0.0,13.81
12125,1212.5,2,0,0.0,13.88
12126,1212.6,2,0,0.0,13.84
12127,1212.7,2,0,0.0,13.8
12128,1212.8,2,0,0.0,13.8
12129,1212.9,2,0,0.0,13.83
12130,1213.0,2,0,0.0,13.84
12131,1213.1,2,0,0.0,13.83
12132,1213.2,1,1,0.0,13.92
12133,1213.3,1,0,0.0,13.93
12134,1213.4,1,0,0.0,13.88
12135,1213.5,1,0,0.0,13.87
12136,1213.6,1,0,0.0,13.94
12137,1213.7,1,0,0.0,13.9
12138,1213.8,1,0,0.0,13.94
12139,1213.9,1,0,0.0,13.97
12140,1214.0,1,0,0.0,13.89
12141,1214.1,2,0,0.0,11.96
12142,1214.2,2,0,0.0,11.92
12143,1214.3,2,0,0.0,11.93
12144,1214.4,2,0,0.0,11.97
12145,1214.5,2,0,0.0,11.92
12146,1214.6,2,0,0.0,11.96
12147,1214.7,2,0,0.0,11.93
12148,1214.8,2,0,0.0,11.94
12149,1214.9,2,0,0.0,11.93
12150,1215.0,3,0,0.0,12.22
12151,1215.1,3,0,0.0,12.17
12152,1215.2,4,0,0.0,11.13
12153,1215.3,4,0,0.0,11.12
12154,1215.4,4,0,0.0,11.14
12155,1215.5,4,0,0.0,11.15
12156,1215.6,3,1,0.0,10.7
12157,1215.7,3,0,0.0,10.7
12158,1215.8,3,0,0.0,10.7
12159,1215.9,3,0,0.0,10.77
12160,1216.0,3,0,0.0,10.76
12161,1216.1,3,0,0.0,10.76
12162,1216.2,3,0,0.0,10.82
12163,1216.3,3,0,0.0,10.8
12164,1216.4,3,0,0.0,10.84
12165,1216.5,3,0,0.0,10.82
12166,1216.6,3,0,0.0,10.81
12167,1216.7,3,0,0.0,10.87
12168,1216.8,3,0,0.0,10.89
12169,1216.9,3,0,0.0,10.9
12170,1217.0,3,0,0.0,10.91
12171,1217.1,3,0,0.0,10.88
12172,1217.2,3,0,0.0,10.89
12173,1217.3,3,0,0.0,10.94
12174,1217.4,3,0,0.0,11.0
12175,1217.5,3,0,0.0,10.98
12176,1217.6,4,0,0.0,11.34
12177,1217.7,4,0,0.0,11.32
12178,1217.8,4,0,0.0,11.34
12179,1217.9,4,0,0.0,11.33
12180,1218.0,4,0,0.0,11.33
12181,1218.1,4,0,0.0,11.36
12182,1218.2,4,0,0.0,11.34
12183,1218.3,4,0,0.0,11.35
12184,1218.4,4,0,0.0,11.36
12185,1218.5,4,0,0.0,11.37
12186,1218.6,4,0,0.0,11.41
12187,1218.7,4,0,0.0,11.39
12188,1218.8,3,1,0.0,10.56
12189,1218.9,3,0,0.0,10.57
12190,1219.0,4,0,0.0,10.44
12191,1219.1,4,0,0.0,10.42
12192,1219.2,3,1,0.0,10.57
12193,1219.3,3,0,0.0,10.54
12194,1219.4,3,0,0.0,10.61
12195,1219.5,3,0,0.0,10.58
12196,1219.6,3,0,0.0,10.6
12197,1219.7,3,0,0.0,10.6
12198,1219.8,3,0,0.0,10.62
12199,1219.9,3,0,0.0,10.6
12200,1220.0,4,0,0.0,10.7
12201,1220.1,4,0,0.0,10.68
12202,1220.2,4,0,0.0,10.71
12203,1220.3,4,0,0.0,10.7
12204,1220.4,4,0,0.0,10.68
12205,1220.5,4,0,0.0,10.67
12206,1220.6,4,0,0.0,10.72
12207,1220.7,3,1,0.0,10.66
12208,1220.8,3,0,0.0,10.64
12209,1220.9,4,0,0.0,11.48
12210,1221.0,4,0,0.0,11.49
12211,1221.1,4,0,0.0,11.47
12212,1221.2,4,0,0.0,11.49
12213,1221.3,4,0,0.0,11.46
12214,1221.4,4,0,0.0,11.46
12215,1221.5,3,1,0.0,11.19
12216,1221.6,3,0,0.0,11.21
12217,1221.7,3,0,0.0,11.18
12218,1221.8,3,0,0.0,11.21
12219,1221.9,3,0,0.0,11.22
12220,1222.0,3,0,0.0,11.2
12221,1222.1,3,0,0.0,11.24
12222,1222.2,3,0,0.0,11.19
12223,1222.3,3,0,0.0,11.2
12224,1222.4,3,0,0.0,11.27
12225,1222.5,3,0,0.0,11.22
12226,1222.6,3,0,0.0,11.21
12227,1222.7,3,0,0.0,11.25
12228,1222.8,3,0,0.0,11.24
12229,1222.9,3,0,0.0,11.25
12230,1223.0,3,0,0.0,11.22
12231,1223.1,3,0,0.0,11.2
12232,1223.2,3,0,0.0,11.27
12233,1223.3,3,0,0.0,11.2
12234,1223.4,3,0,0.0,11.23
12235,1223.5,3,0,0.0,11.25
12236,1223.6,3,0,0.0,11.22
12237,1223.7,3,0,0.0,11.24
12238,1223.8,3,0,0.0,11.25
12239,1223.9,3,0,0.0,11.25
12240,1224.0,3,0,0.0,11.27
12241,1224.1,3,0,0.0,11.26
12242,1224.2,3,0,0.0,11.28
12243,1224.3,3,0,0.0,11.26
12244,1224.4,3,0,0.0,11.25
12245,1224.5,3,0,0.0,11.27
12246,1224.6,3,0,0.0,11.28
12247,1224.7,3,0,0.0,11.26
12248,1224.8,3,0,0.0,11.26
12249,1224.9,3,0,0.0,11.24
12250,1225.0,4,0,0.0,11.55
12251,1225.1,4,0,0.0,11.53
12252,1225.2,4,0,0.0,11.55
12253,1225.3,4,0,0.0,11.56
12254,1225.4,4,0,0.0,11.52
12255,1225.5,4,0,0.0,11.57
12256,1225.6,3,1,0.0,11.26
12257,1225.7,3,0,0.0,11.29
12258,1225.8,3,0,0.0,11.27
12259,1225.9,3,0,0.0,11.25
12260,1226.0,3,0,0.0,11.19
12261,1226.1,3,0,0.0,11.19
12262,1226.2,3,0,0.0,11.19
12263,1226.3,3,1,0.0,12.49
12264,1226.4,3,0,0.0,12.49
12265,1226.5,3,0,0.0,12.58
12266,1226.6,4,0,0.0,13.0
12267,1226.7,4,0,0.0,13.02
12268,1226.8,4,0,0.0,13.12
12269,1226.9,4,0,0.0,13.15
12270,1227.0,4,0,0.0,13.21
12271,1227.1,4,0,0.0,13.28
12272,1227.2,4,0,0.0,13.3
12273,1227.3,4,0,0.0,13.37
12274,1227.4,4,0,0.0,13.46
12275,1227.5,4,0,0.0,13.51
12276,1227.6,4,0,0.0,13.53
12277,1227.7,4,0,0.0,13.6
12278,1227.8,4,0,0.0,13.68
12279,1227.9,4,0,0.0,13.73
12280,1228.0,4,0,0.0,13.76
12281,1228.1,4,0,0.0,13.85
12282,1228.2,3,1,0.0,13.94
12283,1228.3,3,0,0.0,13.93
12284,1228.4,3,0,0.0,13.91
12285,1228.5,3,0,0.0,13.92
12286,1228.6,3,0,0.0,13.95
12287,1228.7,3,0,0.0,13.93
12288,1228.8,3,0,0.0,13.93
12289,1228.9,3,0,0.0,13.92
12290,1229.0,3,0,0.0,13.97
12291,1229.1,3,0,0.0,13.94
12292,1229.2,3,0,0.0,13.93
12293,1229.3,3,0,0.0,13.92
12294,1229.4,3,0,0.0,13.89
12295,1229.5,3,0,0.0,13.99
12296,1229.6,3,0,0.0,13.95
12297,1229.7,3,0,0.0,13.96
12298,1229.8,2,1,0.0,13.91
12299,1229.9,2,0,0.0,13.94
12300,1230.0,3,0,0.0,13.6
12301,1230.1,2,1,0.0,13.38
12302,1230.2,2,0,0.0,13.39
12303,1230.3,2,0,0.0,13.37
12304,1230.4,2,0,0.0,13.4
12305,1230.5,2,0,0.0,13.37
12306,1230.6,1,1,0.0,13.87
12307,1230.7,1,0,0.0,13.94
12308,1230.8,1,0,0.0,13.96
12309,1230.9,1,0,0.0,13.94
12310,1231.0,1,0,0.0,13.98
12311,1231.1,1,0,0.0,13.88
12312,1231.2,1,0,0.0,13.99
12313,1231.3,1,0,0.0,13.89
12314,1231.4,1,0,0.0,13.9
12315,1231.5,1,0,0.0,13.93
12316,1231.6,1,0,0.0,13.89
12317,1231.7,1,0,0.0,13.93
12318,1231.8,1,0,0.0,14.0
12319,1231.9,1,0,0.0,13.98
12320,1232.0,1,0,0.0,13.96
12321,1232.1,1,0,0.0,13.99
12322,1232.2,1,0,0.0,13.87
12323,1232.3,2,0,0.0,13.57
12324,1232.4,2,0,0.0,13.55
12325,1232.5,2,0,0.0,13.58
12326,1232.6,2,0,0.0,13.53
12327,1232.7,2,0,0.0,13.55
12328,1232.8,2,0,0.0,13.58
12329,1232.9,2,0,0.0,13.59
12330,1233.0,2,0,0.0,13.54
12331,1233.1,2,0,0.0,13.6
12332,1233.2,2,0,0.0,13.55
12333,1233.3,2,0,0.0,13.55
12334,1233.4,2,0,0.0,13.53
12335,1233.5,2,0,0.0,13.57
12336,1233.6,2,0,0.0,13.53
12337,1233.7,2,0,0.0,13.54
12338,1233.8,2,0,0.0,13.53
12339,1233.9,2,0,0.0,13.57
12340,1234.0,2,0,0.0,13.5
12341,1234.1,2,0,0.0,13.58
12342,1234.2,2,0,0.0,13.58
12343,1234.3,2,0,0.0,13.54
12344,1234.4,2,0,0.0,13.6
12345,1234.5,2,0,0.0,13.58
12346,1234.6,2,0,0.0,13.55
12347,1234.7,2,0,0.0,13.57
12348,1234.8,2,0,0.0,13.59
12349,1234.9,3,0,0.0,13.72
12350,1235.0,4,0,0.0,13.77
12351,1235.1,4,0,0.0,13.76
12352,1235.2,4,0,0.0,13.75
12353,1235.3,4,0,0.0,13.73
12354,1235.4,4,0,0.0,13.77
12355,1235.5,3,1,0.0,13.69
12356,1235.6,3,0,0.0,13.69
12357,1235.7,3,0,0.0,13.65
12358,1235.8,2,1,0.0,13.6
12359,1235.9,2,0,0.0,13.57
12360,1236.0,2,0,0.0,13.55
12361,1236.1,2,0,0.0,13.53
12362,1236.2,2,0,0.0,13.59
12363,1236.3,2,0,0.0,13.51
12364,1236.4,2,0,0.0,13.53
12365,1236.5,2,0,0.0,13.6
12366,1236.6,2,0,0.0,13.54
12367,1236.7,2,0,0.0,13.59
12368,1236.8,2,0,0.0,13.54
12369,1236.9,2,0,0.0,13.59
12370,1237.0,2,0,0.0,13.57
12371,1237.1,2,0,0.0,13.58
12372,1237.2,2,0,0.0,13.58
12373,1237.3,2,0,0.0,13.59
12374,1237.4,2,0,0.0,13.55
12375,1237.5,2,0,0.0,13.56
12376,1237.6,2,0,0.0,13.61
12377,1237.7,2,0,0.0,13.52
12378,1237.8,2,0,0.0,13.58
12379,1237.9,2,0,0.0,13.56
12380,1238.0,3,0,0.0,13.58
12381,1238.1,3,0,0.0,13.55
12382,1238.2,3,0,0.0,13.54
12383,1238.3,3,0,0.0,13.52
12384,1238.4,3,0,0.0,13.55
12385,1238.5,2,1,0.0,13.4
12386,1238.6,2,0,0.0,13.43
12387,1238.7,2,0,0.0,13.38
12388,1238.8,2,0,0.0,13.33
12389,1238.9,2,0,0.0,13.38
12390,1239.0,2,0,0.0,13.42
12391,1239.1,2,0,0.0,13.35
12392,1239.2,2,0,0.0,13.35
12393,1239.3,2,0,0.0,13.4
12394,1239.4,2,0,0.0,13.33
12395,1239.5,2,0,0.0,13.34
12396,1239.6,2,0,0.0,13.39
12397,1239.7,2,0,0.0,13.42
12398,1239.8,2,0,0.0,13.39
12399,1239.9,3,0,0.0,13.58
12400,1240.0,3,0,0.0,13.56
12401,1240.1,3,0,0.0,13.57
12402,1240.2,3,0,0.0,13.57
12403,1240.3,3,0,0.0,13.56
12404,1240.4,3,0,0.0,13.56
12405,1240.5,2,1,0.0,13.4
12406,1240.6,2,0,0.0,13.39
12407,1240.7,2,0,0.0,13.34
12408,1240.8,2,0,0.0,13.34
12409,1240.9,2,0,0.0,13.4
12410,1241.0,2,0,0.0,13.38
12411,1241.1,2,0,0.0,13.4
12412,1241.2,2,0,0.0,13.38
12413,1241.3,2,0,0.0,13.35
12414,1241.4,2,0,0.0,13.41
12415,1241.5,2,0,0.0,13.35
12416,1241.6,2,0,0.0,13.4
12417,1241.7,2,0,0.0,13.39
12418,1241.8,2,0,0.0,13.38
12419,1241.9,2,0,0.0,13.36
12420,1242.0,1,1,0.0,13.59
12421,1242.1,1,0,0.0,13.55
12422,1242.2,1,0,0.0,13.59
12423,1242.3,1,0,0.0,13.52
12424,1242.4,1,0,0.0,13.51
12425,1242.5,1,0,0.0,13.55
12426,1242.6,1,0,0.0,13.59
12427,1242.7,1,0,0.0,13.54
12428,1242.8,1,0,0.0,13.55
12429,1242.9,1,0,0.0,13.55
12430,1243.0,1,0,0.0,13.54
12431,1243.1,1,0,0.0,13.56
12432,1243.2,1,0,0.0,13.58
12433,1243.3,1,0,0.0,13.51
12434,1243.4,1,0,0.0,13.51
12435,1243.5,1,0,0.0,13.53
12436,1243.6,2,0,0.0,13.8
12437,1243.7,3,0,0.0,13.81
12438,1243.8,3,0,0.0,13.76
12439,1243.9,3,0,0.0,13.8
12440,1244.0,3,0,0.0,13.77
12441,1244.1,3,0,0.0,13.79
12442,1244.2,3,0,0.0,13.81
12443,1244.3,3,0,0.0,13.81
12444,1244.4,3,0,0.0,13.82
12445,1244.5,3,0,0.0,13.8
12446,1244.6,3,0,0.0,13.81
12447,1244.7,3,0,0.0,13.83
12448,1244.8,3,0,0.0,13.8
12449,1244.9,4,0,0.0,13.58
12450,1245.0,4,0,0.0,13.52
12451,1245.1,4,0,0.0,13.57
12452,1245.2,4,0,0.0,13.54
12453,1245.3,4,0,0.0,13.6
12454,1245.4,4,0,0.0,13.51
12455,1245.5,3,1,0.0,13.79
12456,1245.6,3,0,0.0,13.84
12457,1245.7,3,0,0.0,13.82
12458,1245.8,3,0,0.0,13.77
12459,1245.9,3,0,0.0,13.82
12460,1246.0,3,0,0.0,13.77
12461,1246.1,3,0,0.0,13.8
12462,1246.2,3,0,0.0,13.82
12463,1246.3,3,0,0.0,13.76
12464,1246.4,3,0,0.0,13.78
12465,1246.5,3,0,0.0,13.75
12466,1246.6,3,0,0.0,13.79
12467,1246.7,3,0,0.0,13.79
12468,1246.8,3,0,0.0,13.79
12469,1246.9,3,0,0.0,13.81
12470,1247.0,3,0,0.0,13.81
12471,1247.1,3,0,0.0,13.79
12472,1247.2,2,1,0.0,13.75
12473,1247.3,2,0,0.0,13.77
12474,1247.4,2,1,0.0,11.94
12475,1247.5,2,0,0.0,11.97
12476,1247.6,1,1,0.0,13.99
12477,1247.7,1,0,0.0,13.9
12478,1247.8,1,0,0.0,13.93
12479,1247.9,1,0,0.0,13.91
12480,1248.0,1,0,0.0,13.9
12481,1248.1,1,0,0.0,13.99
12482,1248.2,1,0,0.0,13.88
12483,1248.3,1,0,0.0,13.96
12484,1248.4,1,0,0.0,13.92
12485,1248.5,1,0,0.0,13.88
12486,1248.6,1,0,0.0,13.98
12487,1248.7,1,0,0.0,13.91
12488,1248.8,1,0,0.0,13.97
12489,1248.9,1,0,0.0,13.9
12490,1249.0,1,0,0.0,13.89
12491,1249.1,1,0,0.0,13.97
12492,1249.2,1,0,0.0,13.98
12493,1249.3,2,0,0.0,13.8
12494,1249.4,2,0,0.0,13.75
12495,1249.5,2,0,0.0,13.79
12496,1249.6,2,0,0.0,13.81
12497,1249.7,2,0,0.0,13.75
12498,1249.8,2,0,0.0,13.75
12499,1249.9,3,0,0.0,13.65
12500,1250.0,3,0,0.0,13.64
12501,1250.1,3,0,0.0,13.64
12502,1250.2,3,0,0.0,13.64
12503,1250.3,3,0,0.0,13.6
12504,1250.4,3,0,0.0,13.66
12505,1250.5,2,1,0.0,13.73
12506,1250.6,2,0,0.0,13.77
12507,1250.7,2,0,0.0,13.74
12508,1250.8,2,0,0.0,13.73
12509,1250.9,2,0,0.0,13.74
12510,1251.0,2,0,0.0,13.76
12511,1251.1,2,0,0.0,13.75
12512,1251.2,2,0,0.0,13.79
12513,1251.3,2,0,0.0,13.82
12514,1251.4,2,0,0.0,13.71
12515,1251.5,2,0,0.0,13.75
12516,1251.6,2,0,0.0,13.75
12517,1251.7,2,0,0.0,13.78
12518,1251.8,2,0,0.0,13.78
12519,1251.9,2,0,0.0,13.76
12520,1252.0,2,0,0.0,13.75
12521,1252.1,2,0,0.0,13.71
12522,1252.2,2,0,0.0,13.76
12523,1252.3,2,0,0.0,13.81
12524,1252.4,3,0,0.0,13.81
12525,1252.5,3,0,0.0,13.78
12526,1252.6,3,0,0.0,13.8
12527,1252.7,3,0,0.0,13.78
12528,1252.8,2,1,0.0,13.7
12529,1252.9,2,0,0.0,13.74
12530,1253.0,2,0,0.0,13.75
12531,1253.1,2,0,0.0,13.71
12532,1253.2,2,0,0.0,13.72
12533,1253.3,2,0,0.0,13.72
12534,1253.4,2,0,0.0,13.68
12535,1253.5,2,0,0.0,13.72
12536,1253.6,2,0,0.0,13.65
12537,1253.7,2,0,0.0,13.75
12538,1253.8,2,0,0.0,13.7
12539,1253.9,2,0,0.0,13.68
12540,1254.0,2,0,0.0,13.66
12541,1254.1,2,0,0.0,13.76
12542,1254.2,2,0,0.0,13.71
12543,1254.3,2,0,0.0,13.74
12544,1254.4,2,0,0.0,13.73
12545,1254.5,2,0,0.0,13.7
12546,1254.6,2,0,0.0,13.71
12547,1254.7,2,0,0.0,13.75
12548,1254.8,2,0,0.0,13.72
12549,1254.9,3,0,0.0,13.79
12550,1255.0,4,0,0.0,13.73
12551,1255.1,4,0,0.0,13.78
12552,1255.2,4,0,0.0,13.76
12553,1255.3,4,0,0.0,13.74
12554,1255.4,4,0,0.0,13.72
12555,1255.5,3,1,0.0,13.7
12556,1255.6,3,0,0.0,13.68
12557,1255.7,3,0,0.0,13.73
12558,1255.8,3,0,0.0,13.7
12559,1255.9,2,1,0.0,13.65
12560,1256.0,3,0,0.0,12.38
12561,1256.1,3,0,0.0,12.38
12562,1256.2,3,0,0.0,12.39
12563,1256.3,3,0,0.0,12.45
12564,1256.4,3,0,0.0,12.41
12565,1256.5,3,0,0.0,12.4
12566,1256.6,3,0,0.0,12.41
12567,1256.7,3,0,0.0,12.39
12568,1256.8,3,0,0.0,12.39
12569,1256.9,3,0,0.0,12.43
12570,1257.0,3,0,0.0,12.42
12571,1257.1,3,0,0.0,12.43
12572,1257.2,3,0,0.0,12.42
12573,1257.3,3,0,0.0,12.42
12574,1257.4,3,0,0.0,12.41
12575,1257.5,3,0,0.0,12.44
12576,1257.6,3,0,0.0,12.43
12577,1257.7,3,0,0.0,12.42
12578,1257.8,3,0,0.0,12.45
12579,1257.9,3,0,0.0,12.41
12580,1258.0,3,0,0.0,12.43
12581,1258.1,3,0,0.0,12.44
12582,1258.2,3,0,0.0,12.42
12583,1258.3,3,0,0.0,12.42
12584,1258.4,3,0,0.0,12.39
12585,1258.5,3,0,0.0,12.44
12586,1258.6,3,0,0.0,12.39
12587,1258.7,2,1,0.0,11.81
12588,1258.8,2,0,0.0,11.83
12589,1258.9,2,0,0.0,11.85
12590,1259.0,2,0,0.0,11.82
12591,1259.1,2,0,0.0,11.85
12592,1259.2,2,0,0.0,11.85
12593,1259.3,2,0,0.0,11.83
12594,1259.4,2,0,0.0,11.84
12595,1259.5,2,0,0.0,11.82
12596,1259.6,2,0,0.0,11.82
12597,1259.7,2,0,0.0,11.81
12598,1259.8,3,0,0.0,11.55
12599,1259.9,3,0,0.0,11.54
12600,1260.0,3,0,0.0,11.57
12601,1260.1,3,0,0.0,11.53
12602,1260.2,3,0,0.0,11.51
12603,1260.3,3,0,0.0,11.53
12604,1260.4,3,0,0.0,11.51
12605,1260.5,2,1,0.0,11.81
12606,1260.6,2,0,0.0,11.84
12607,1260.7,3,0,0.0,12.57
12608,1260.8,3,0,0.0,12.56
12609,1260.9,3,0,0.0,12.51
12610,1261.0,3,0,0.0,12.5
12611,1261.1,4,0,0.0,12.89
12612,1261.2,4,0,0.0,12.87
12613,1261.3,4,0,0.0,12.88
12614,1261.4,4,0,0.0,12.9
12615,1261.5,4,0,0.0,12.89
12616,1261.6,4,0,0.0,12.87
12617,1261.7,4,0,0.0,12.92
12618,1261.8,4,0,0.0,12.88
12619,1261.9,4,0,0.0,12.92
12620,1262.0,4,0,0.0,12.9
12621,1262.1,4,0,0.0,12.9
12622,1262.2,4,0,0.0,12.89
12623,1262.3,4,0,0.0,12.89
12624,1262.4,4,0,0.0,12.9
12625,1262.5,4,0,0.0,12.86
12626,1262.6,4,0,0.0,12.85
12627,1262.7,4,0,0.0,12.89
12628,1262.8,4,0,0.0,12.88
12629,1262.9,4,0,0.0,12.88
12630,1263.0,4,0,0.0,12.88
12631,1263.1,4,0,0.0,12.89
12632,1263.2,4,0,0.0,12.86
12633,1263.3,4,0,0.0,12.88
12634,1263.4,4,0,0.0,12.87
12635,1263.5,4,0,0.0,12.89
12636,1263.6,4,0,0.0,12.88
12637,1263.7,4,0,0.0,12.87
12638,1263.8,4,0,0.0,12.89
12639,1263.9,4,0,0.0,12.91
12640,1264.0,4,0,0.0,12.91
12641,1264.1,4,0,0.0,12.89
12642,1264.2,4,0,0.0,12.86
12643,1264.3,3,1,0.0,12.6
12644,1264.4,3,0,0.0,12.64
12645,1264.5,3,0,0.0,12.59
12646,1264.6,2,1,0.0,11.93
12647,1264.7,2,0,0.0,11.91
12648,1264.8,3,0,0.0,12.56
12649,1264.9,3,0,0.0,12.54
12650,1265.0,3,0,0.0,12.51
12651,1265.1,3,0,0.0,12.48
12652,1265.2,3,0,0.0,12.41
12653,1265.3,3,0,0.0,12.38
12654,1265.4,2,1,0.0,11.62
12655,1265.5,2,0,0.0,11.59
12656,1265.6,2,0,0.0,11.55
12657,1265.7,2,0,0.0,11.52
12658,1265.8,2,0,0.0,11.47
12659,1265.9,2,0,0.0,11.44
12660,1266.0,2,0,0.0,11.39
12661,1266.1,2,0,0.0,11.33
12662,1266.2,2,0,0.0,11.31
12663,1266.3,3,0,0.0,12.18
12664,1266.4,3,0,0.0,12.12
12665,1266.5,3,0,0.0,12.09
12666,1266.6,3,0,0.0,12.12
12667,1266.7,3,0,0.0,12.05
12668,1266.8,3,0,0.0,12.01
12669,1266.9,3,0,0.0,12.03
12670,1267.0,3,0,0.0,12.01
12671,1267.1,3,0,0.0,11.98
12672,1267.2,3,0,0.0,11.96
12673,1267.3,3,0,0.0,11.93
12674,1267.4,3,0,0.0,11.9
12675,1267.5,3,0,0.0,11.94
12676,1267.6,3,0,0.0,11.86
12677,1267.7,3,0,0.0,11.84
12678,1267.8,3,0,0.0,11.89
12679,1267.9,3,0,0.0,11.85
12680,1268.0,3,0,0.0,11.85
12681,1268.1,3,0,0.0,11.78
12682,1268.2,2,1,0.0,12.76
12683,1268.3,2,0,0.0,12.8
12684,1268.4,2,0,0.0,12.95
12685,1268.5,2,0,0.0,13.03
12686,1268.6,2,0,0.0,13.15
12687,1268.7,2,0,0.0,13.28
12688,1268.8,2,0,0.0,13.37
12689,1268.9,2,0,0.0,13.44
12690,1269.0,2,0,0.0,13.51
12691,1269.1,2,0,0.0,13.61
12692,1269.2,2,0,0.0,13.65
12693,1269.3,2,0,0.0,13.78
12694,1269.4,2,0,0.0,13.88
12695,1269.5,2,0,0.0,13.92
12696,1269.6,2,0,0.0,13.93
12697,1269.7,2,0,0.0,13.93
12698,1269.8,4,0,0.0,13.89
12699,1269.9,4,0,0.0,13.89
12700,1270.0,4,0,0.0,13.85
12701,1270.1,4,0,0.0,13.88
12702,1270.2,4,0,0.0,13.86
12703,1270.3,3,1,0.0,13.78
12704,1270.4,2,1,0.0,13.92
12705,1270.5,2,0,0.0,13.92
12706,1270.6,2,0,0.0,13.93
12707,1270.7,2,0,0.0,13.9
12708,1270.8,2,0,0.0,13.9
12709,1270.9,2,0,0.0,13.97
12710,1271.0,2,0,0.0,13.95
12711,1271.1,2,0,0.0,13.98
12712,1271.2,2,0,0.0,13.93
12713,1271.3,2,0,0.0,13.94
12714,1271.4,2,0,0.0,13.98
12715,1271.5,2,0,0.0,13.97
12716,1271.6,2,0,0.0,13.91
12717,1271.7,2,0,0.0,13.95
12718,1271.8,2,0,0.0,13.91
12719,1271.9,2,0,0.0,13.94
12720,1272.0,3,0,0.0,13.89
12721,1272.1,3,0,0.0,13.85
12722,1272.2,3,0,0.0,13.88
12723,1272.3,3,0,0.0,13.84
12724,1272.4,3,0,0.0,13.88
12725,1272.5,3,0,0.0,13.88
12726,1272.6,3,0,0.0,13.85
12727,1272.7,3,0,0.0,13.84
12728,1272.8,3,0,0.0,13.84
12729,1272.9,3,0,0.0,13.88
12730,1273.0,3,0,0.0,13.84
12731,1273.1,3,0,0.0,13.85
12732,1273.2,3,0,0.0,13.85
12733,1273.3,2,1,0.0,13.8
12734,1273.4,2,0,0.0,13.77
12735,1273.5,2,0,0.0,13.78
12736,1273.6,2,0,0.0,13.86
12737,1273.7,2,0,0.0,13.83
12738,1273.8,2,0,0.0,13.85
12739,1273.9,2,0,0.0,13.81
12740,1274.0,2,0,0.0,13.8
12741,1274.1,2,0,0.0,13.81
12742,1274.2,2,0,0.0,13.84
12743,1274.3,2,0,0.0,13.78
12744,1274.4,2,0,0.0,13.81
12745,1274.5,2,0,0.0,13.82
12746,1274.6,2,0,0.0,13.81
12747,1274.7,2,0,0.0,13.8
12748,1274.8,3,0,0.0,13.87
12749,1274.9,3,0,0.0,13.87
12750,1275.0,3,0,0.0,13.86
12751,1275.1,3,0,0.0,13.84
12752,1275.2,3,0,0.0,13.83
12753,1275.3,3,0,0.0,13.87
12754,1275.4,2,1,0.0,13.83
12755,1275.5,1,1,0.0,13.71
12756,1275.6,1,0,0.0,13.66
12757,1275.7,2,0,0.0,11.84
12758,1275.8,2,0,0.0,11.82
12759,1275.9,1,1,0.0,13.74
12760,1276.0,1,0,0.0,13.68
12761,1276.1,1,0,0.0,13.7
12762,1276.2,1,0,0.0,13.75
12763,1276.3,1,0,0.0,13.67
12764,1276.4,1,0,0.0,13.66
12765,1276.5,1,0,0.0,13.71
12766,1276.6,1,0,0.0,13.73
12767,1276.7,1,0,0.0,13.67
12768,1276.8,1,0,0.0,13.63
12769,1276.9,1,0,0.0,13.64
12770,1277.0,1,0,0.0,13.64
12771,1277.1,1,0,0.0,13.66
12772,1277.2,1,0,0.0,13.7
12773,1277.3,1,0,0.0,13.65
12774,1277.4,1,0,0.0,13.63
12775,1277.5,1,0,0.0,13.69
12776,1277.6,1,0,0.0,13.72
12777,1277.7,2,0,0.0,13.15
12778,1277.8,2,0,0.0,13.11
12779,1277.9,2,0,0.0,13.1
12780,1278.0,2,0,0.0,13.1
12781,1278.1,2,0,0.0,13.07
12782,1278.2,2,0,0.0,13.1
12783,1278.3,2,0,0.0,13.11
12784,1278.4,2,0,0.0,13.09
12785,1278.5,3,0,0.0,13.38
12786,1278.6,3,0,0.0,13.37
12787,1278.7,3,0,0.0,13.44
12788,1278.8,3,0,0.0,13.4
12789,1278.9,3,0,0.0,13.39
12790,1279.0,3,0,0.0,13.37
12791,1279.1,3,0,0.0,13.39
12792,1279.2,3,0,0.0,13.4
12793,1279.3,3,0,0.0,13.38
12794,1279.4,3,0,0.0,13.38
12795,1279.5,3,0,0.0,13.36
12796,1279.6,3,0,0.0,13.39
12797,1279.7,3,0,0.0,13.41
12798,1279.8,4,0,0.0,13.28
12799,1279.9,4,0,0.0,13.23
12800,1280.0,4,0,0.0,13.25
12801,1280.1,4,0,0.0,13.29
12802,1280.2,4,0,0.0,13.26
12803,1280.3,4,0,0.0,13.24
12804,1280.4,3,1,0.0,13.34
12805,1280.5,3,0,0.0,13.38
12806,1280.6,3,0,0.0,13.4
12807,1280.7,3,0,0.0,13.4
12808,1280.8,3,0,0.0,13.38
12809,1280.9,3,0,0.0,13.41
12810,1281.0,3,0,0.0,13.36
12811,1281.1,3,0,0.0,13.39
12812,1281.2,3,0,0.0,13.35
12813,1281.3,2,1,0.0,13.29
12814,1281.4,2,0,0.0,13.19
12815,1281.5,2,0,0.0,13.24
12816,1281.6,2,0,0.0,13.21
12817,1281.7,2,0,0.0,13.26
12818,1281.8,2,0,0.0,13.21
12819,1281.9,2,0,0.0,13.23
12820,1282.0,1,1,0.0,12.58
12821,1282.1,1,0,0.0,12.56
12822,1282.2,1,0,0.0,12.5
12823,1282.3,1,0,0.0,12.56
12824,1282.4,1,0,0.0,12.57
12825,1282.5,1,0,0.0,12.55
12826,1282.6,1,0,0.0,12.57
12827,1282.7,1,0,0.0,12.52
12828,1282.8,1,0,0.0,12.56
12829,1282.9,1,0,0.0,12.6
12830,1283.0,1,0,0.0,12.59
12831,1283.1,1,0,0.0,12.53
12832,1283.2,1,0,0.0,12.56
12833,1283.3,1,0,0.0,12.58
12834,1283.4,2,0,0.0,12.29
12835,1283.5,2,0,0.0,12.27
12836,1283.6,2,0,0.0,12.24
12837,1283.7,2,0,0.0,12.3
12838,1283.8,2,0,0.0,12.31
12839,1283.9,2,0,0.0,12.24
12840,1284.0,2,0,0.0,12.29
12841,1284.1,2,0,0.0,12.29
12842,1284.2,2,0,0.0,12.25
12843,1284.3,2,0,0.0,12.31
12844,1284.4,2,0,0.0,12.28
12845,1284.5,2,0,0.0,12.3
12846,1284.6,2,0,0.0,12.28
12847,1284.7,3,0,0.0,12.86
12848,1284.8,3,0,0.0,12.85
12849,1284.9,3,0,0.0,12.85
12850,1285.0,3,0,0.0,12.87
12851,1285.1,3,0,0.0,12.84
12852,1285.2,3,0,0.0,12.85
12853,1285.3,2,1,0.0,12.3
12854,1285.4,2,0,0.0,12.32
12855,1285.5,2,0,0.0,12.29
12856,1285.6,2,0,0.0,12.31
12857,1285.7,2,0,0.0,12.29
12858,1285.8,2,0,0.0,12.28
12859,1285.9,2,0,0.0,12.34
12860,1286.0,2,0,0.0,12.32
12861,1286.1,2,0,0.0,12.31
12862,1286.2,2,0,0.0,12.26
12863,1286.3,2,0,0.0,12.32
12864,1286.4,2,0,0.0,12.29
12865,1286.5,2,0,0.0,12.28
12866,1286.6,2,0,0.0,12.33
12867,1286.7,2,0,0.0,12.32
12868,1286.8,2,0,0.0,12.29
12869,1286.9,2,0,0.0,12.27
12870,1287.0,2,0,0.0,12.3
12871,1287.1,2,0,0.0,12.26
12872,1287.2,3,0,0.0,12.83
12873,1287.3,3,0,0.0,12.86
12874,1287.4,3,0,0.0,12.8
12875,1287.5,3,0,0.0,12.87
12876,1287.6,3,0,0.0,12.82
12877,1287.7,3,0,0.0,12.85
12878,1287.8,3,0,0.0,12.84
12879,1287.9,2,1,0.0,12.98
12880,1288.0,2,0,0.0,12.97
12881,1288.1,2,0,0.0,12.98
12882,1288.2,2,0,0.0,12.96
12883,1288.3,2,0,0.0,12.95
12884,1288.4,2,0,0.0,12.97
12885,1288.5,2,0,0.0,12.97
12886,1288.6,2,0,0.0,12.98
12887,1288.7,2,0,0.0,13.01
12888,1288.8,2,0,0.0,13.01
12889,1288.9,2,0,0.0,13.03
12890,1289.0,2,0,0.0,13.0
12891,1289.1,3,0,0.0,12.64
12892,1289.2,3,0,0.0,12.62
12893,1289.3,3,0,0.0,12.62
12894,1289.4,3,0,0.0,12.63
12895,1289.5,3,0,0.0,12.63
12896,1289.6,3,0,0.0,12.6
12897,1289.7,4,0,0.0,12.95
12898,1289.8,4,0,0.0,12.95
12899,1289.9,4,0,0.0,12.93
12900,1290.0,4,0,0.0,12.92
12901,1290.1,4,0,0.0,12.94
12902,1290.2,4,0,0.0,12.94
12903,1290.3,3,1,0.0,12.63
12904,1290.4,3,0,0.0,12.6
12905,1290.5,3,0,0.0,12.66
12906,1290.6,3,0,0.0,12.59
12907,1290.7,2,1,0.0,12.02
12908,1290.8,2,0,0.0,12.0
12909,1290.9,2,0,0.0,11.93
12910,1291.0,2,0,0.0,11.97
12911,1291.1,2,0,0.0,11.95
12912,1291.2,2,0,0.0,11.96
12913,1291.3,2,0,0.0,11.94
12914,1291.4,2,0,0.0,11.96
12915,1291.5,2,0,0.0,11.92
12916,1291.6,2,0,0.0,11.96
12917,1291.7,2,0,0.0,11.98
12918,1291.8,2,0,0.0,11.96
12919,1291.9,2,0,0.0,12.0
12920,1292.0,2,0,0.0,11.97
12921,1292.1,2,0,0.0,11.96
12922,1292.2,2,0,0.0,11.97
12923,1292.3,2,0,0.0,11.99
12924,1292.4,2,0,0.0,11.95
12925,1292.5,2,0,0.0,11.95
12926,1292.6,2,0,0.0,11.97
12927,1292.7,2,0,0.0,11.94
12928,1292.8,2,0,0.0,11.91
12929,1292.9,2,0,0.0,11.96
12930,1293.0,2,0,0.0,11.91
12931,1293.1,2,0,0.0,11.94
12932,1293.2,2,0,0.0,11.99
12933,1293.3,2,0,0.0,11.94
12934,1293.4,2,0,0.0,11.91
12935,1293.5,2,0,0.0,11.91
12936,1293.6,2,0,0.0,11.93
12937,1293.7,2,0,0.0,11.97
12938,1293.8,2,0,0.0,11.95
12939,1293.9,2,0,0.0,11.95
12940,1294.0,1,1,0.0,11.92
12941,1294.1,1,0,0.0,11.89
12942,1294.2,1,0,0.0,11.87
12943,1294.3,1,0,0.0,11.89
12944,1294.4,1,0,0.0,11.83
12945,1294.5,1,0,0.0,11.9
12946,1294.6,1,0,0.0,11.88
12947,1294.7,3,0,0.0,12.42
12948,1294.8,3,0,0.0,12.41
12949,1294.9,3,0,0.0,12.38
12950,1295.0,3,0,0.0,12.37
12951,1295.1,3,0,0.0,12.4
12952,1295.2,3,0,0.0,12.37
12953,1295.3,3,0,0.0,12.39
12954,1295.4,2,1,0.0,12.88
12955,1295.5,2,0,0.0,12.92
12956,1295.6,2,0,0.0,12.95
12957,1295.7,2,0,0.0,12.92
12958,1295.8,2,0,0.0,12.91
12959,1295.9,3,0,0.0,13.28
12960,1296.0,3,0,0.0,13.21
12961,1296.1,3,0,0.0,13.24
12962,1296.2,3,0,0.0,13.24
12963,1296.3,3,0,0.0,13.3
12964,1296.4,3,0,0.0,13.26
12965,1296.5,3,0,0.0,13.24
12966,1296.6,3,0,0.0,13.25
12967,1296.7,3,0,0.0,13.25
12968,1296.8,3,0,0.0,13.29
12969,1296.9,3,0,0.0,13.3
12970,1297.0,3,0,0.0,13.26
12971,1297.1,3,0,0.0,13.22
12972,1297.2,3,0,0.0,13.27
12973,1297.3,3,0,0.0,13.22
12974,1297.4,3,0,0.0,13.25
12975,1297.5,3,0,0.0,13.26
12976,1297.6,3,0,0.0,13.23
12977,1297.7,3,0,0.0,13.23
12978,1297.8,4,0,0.0,12.46
12979,1297.9,4,0,0.0,12.46
12980,1298.0,4,0,0.0,12.41
12981,1298.1,4,0,0.0,12.43
12982,1298.2,4,0,0.0,12.43
12983,1298.3,4,0,0.0,12.42
12984,1298.4,4,0,0.0,12.42
12985,1298.5,4,0,0.0,12.45
12986,1298.6,4,0,0.0,12.42
12987,1298.7,4,0,0.0,12.42
12988,1298.8,4,0,0.0,12.45
12989,1298.9,4,0,0.0,12.46
12990,1299.0,4,0,0.0,12.4
12991,1299.1,4,0,0.0,12.44
12992,1299.2,4,0,0.0,12.44
12993,1299.3,4,0,0.0,12.42
12994,1299.4,3,1,0.0,11.93
12995,1299.5,3,0,0.0,11.9
12996,1299.6,3,0,0.0,11.93
12997,1299.7,4,0,0.0,12.44
12998,1299.8,3,1,0.0,12.6
12999,1299.9,3,0,0.0,12.62
13000,1300.0,3,0,0.0,12.64
13001,1300.1,4,0,0.0,11.96
13002,1300.2,4,0,0.0,11.95
13003,1300.3,3,1,0.0,11.26
13004,1300.4,4,0,0.0,11.6
13005,1300.5,4,0,0.0,11.58
13006,1300.6,4,0,0.0,11.59
13007,1300.7,4,0,0.0,11.55
13008,1300.8,4,0,0.0,11.54
13009,1300.9,4,0,0.0,11.53
13010,1301.0,4,0,0.0,11.5
13011,1301.1,4,0,0.0,11.49
13012,1301.2,4,0,0.0,11.47
13013,1301.3,4,0,0.0,11.45
13014,1301.4,4,0,0.0,11.46
13015,1301.5,4,0,0.0,11.42
13016,1301.6,4,0,0.0,11.44
13017,1301.7,4,0,0.0,11.42
13018,1301.8,4,0,0.0,11.41
13019,1301.9,4,0,0.0,11.39
13020,1302.0,4,0,0.0,11.38
13021,1302.1,4,0,0.0,11.38
13022,1302.2,4,0,0.0,11.35
13023,1302.3,4,0,0.0,11.36
13024,1302.4,4,0,0.0,11.3
13025,1302.5,4,0,0.0,11.29
13026,1302.6,4,0,0.0,11.31
13027,1302.7,4,0,0.0,11.3
13028,1302.8,4,0,0.0,11.3
13029,1302.9,4,0,0.0,11.29
13030,1303.0,4,0,0.0,11.3
13031,1303.1,4,0,0.0,11.25
13032,1303.2,4,0,0.0,11.26
13033,1303.3,4,0,0.0,11.24
13034,1303.4,4,0,0.0,11.22
13035,1303.5,4,0,0.0,11.23
13036,1303.6,4,0,0.0,11.24
13037,1303.7,4,0,0.0,11.23
13038,1303.8,4,0,0.0,11.23
13039,1303.9,3,1,0.0,10.29
13040,1304.0,3,0,0.0,10.25
13041,1304.1,4,0,0.0,10.19
13042,1304.2,4,0,0.0,10.22
13043,1304.3,3,1,0.0,10.27
13044,1304.4,2,1,0.0,10.41
13045,1304.5,3,0,0.0,11.49
13046,1304.6,4,0,0.0,11.85
13047,1304.7,4,0,0.0,11.83
13048,1304.8,4,0,0.0,11.8
13049,1304.9,4,0,0.0,11.83
13050,1305.0,4,0,0.0,11.8
13051,1305.1,4,0,0.0,11.83
13052,1305.2,3,1,0.0,11.45
13053,1305.3,3,0,0.0,11.43
13054,1305.4,3,0,0.0,11.4
13055,1305.5,3,0,0.0,11.44
13056,1305.6,3,0,0.0,11.39
13057,1305.7,3,0,0.0,11.41
13058,1305.8,3,0,0.0,11.36
13059,1305.9,3,0,0.0,11.34
13060,1306.0,3,0,0.0,11.39
13061,1306.1,4,0,0.0,12.01
13062,1306.2,4,0,0.0,12.03
13063,1306.3,4,0,0.0,12.0
13064,1306.4,4,0,0.0,11.97
13065,1306.5,4,0,0.0,11.97
13066,1306.6,4,0,0.0,11.97
13067,1306.7,4,0,0.0,11.99
13068,1306.8,4,0,0.0,11.99
13069,1306.9,4,0,0.0,11.99
13070,1307.0,4,0,0.0,11.99
13071,1307.1,4,0,0.0,11.98
13072,1307.2,4,0,0.0,11.99
13073,1307.3,4,0,0.0,11.96
13074,1307.4,4,0,0.0,11.97
13075,1307.5,4,0,0.0,11.97
13076,1307.6,4,0,0.0,12.01
13077,1307.7,4,0,0.0,11.97
13078,1307.8,4,0,0.0,11.98
13079,1307.9,4,0,0.0,11.97
13080,1308.0,3,1,0.0,11.39
13081,1308.1,3,0,0.0,11.38
13082,1308.2,3,0,0.0,11.37
13083,1308.3,3,0,0.0,11.39
13084,1308.4,3,0,0.0,11.41
13085,1308.5,3,0,0.0,11.37
13086,1308.6,3,0,0.0,11.38
13087,1308.7,3,0,0.0,11.39
13088,1308.8,3,0,0.0,11.4
13089,1308.9,3,0,0.0,11.4
13090,1309.0,3,0,0.0,11.37
13091,1309.1,3,0,0.0,11.34
13092,1309.2,3,0,0.0,11.32
13093,1309.3,3,0,0.0,11.35
13094,1309.4,3,0,0.0,11.39
13095,1309.5,3,0,0.0,11.34
13096,1309.6,4,0,0.0,12.03
13097,1309.7,4,0,0.0,11.97
13098,1309.8,4,0,0.0,11.98
13099,1309.9,4,0,0.0,11.97
13100,1310.0,3,1,0.0,12.68
13101,1310.1,3,0,0.0,12.8
13102,1310.2,2,1,0.0,12.27
13103,1310.3,2,0,0.0,12.38
13104,1310.4,2,0,0.0,12.5
13105,1310.5,2,0,0.0,12.58
13106,1310.6,2,0,0.0,12.7
13107,1310.7,2,0,0.0,12.75
13108,1310.8,2,0,0.0,12.9
13109,1310.9,2,0,0.0,12.97
13110,1311.0,2,0,0.0,13.05
13111,1311.1,2,0,0.0,13.1
13112,1311.2,2,0,0.0,13.22
13113,1311.3,2,0,0.0,13.34
13114,1311.4,2,0,0.0,13.47
13115,1311.5,2,0,0.0,13.46
13116,1311.6,2,0,0.0,13.5
13117,1311.7,2,0,0.0,13.53
13118,1311.8,3,0,0.0,13.03
13119,1311.9,3,0,0.0,12.99
13120,1312.0,2,1,0.0,12.94
13121,1312.1,2,0,0.0,12.97
13122,1312.2,2,0,0.0,12.98
13123,1312.3,2,0,0.0,12.96
13124,1312.4,2,0,0.0,12.95
13125,1312.5,2,0,0.0,13.02
13126,1312.6,2,0,0.0,13.03
13127,1312.7,2,0,0.0,12.99
13128,1312.8,2,0,0.0,12.99
13129,1312.9,2,0,0.0,13.01
13130,1313.0,2,0,0.0,12.96
13131,1313.1,2,0,0.0,12.94
13132,1313.2,3,0,0.0,13.2
13133,1313.3,3,0,0.0,13.16
13134,1313.4,3,0,0.0,13.2
13135,1313.5,3,0,0.0,13.21
13136,1313.6,3,0,0.0,13.19
13137,1313.7,3,0,0.0,13.18
13138,1313.8,3,0,0.0,13.21
13139,1313.9,3,0,0.0,13.2
13140,1314.0,3,0,0.0,13.2
13141,1314.1,3,0,0.0,13.22
13142,1314.2,3,0,0.0,13.21
13143,1314.3,3,0,0.0,13.22
13144,1314.4,3,0,0.0,13.19
13145,1314.5,3,0,0.0,13.2
13146,1314.6,4,0,0.0,13.4
13147,1314.7,4,0,0.0,13.4
13148,1314.8,4,0,0.0,13.39
13149,1314.9,4,0,0.0,13.36
13150,1315.0,4,0,0.0,13.37
13151,1315.1,4,0,0.0,13.37
13152,1315.2,3,1,0.0,13.24
13153,1315.3,2,1,0.0,12.84
13154,1315.4,2,0,0.0,12.86
13155,1315.5,2,0,0.0,12.82
13156,1315.6,2,0,0.0,12.85
13157,1315.7,2,0,0.0,12.82
13158,1315.8,2,0,0.0,12.82
13159,1315.9,2,0,0.0,12.83
13160,1316.0,2,0,0.0,12.83
13161,1316.1,2,0,0.0,12.87
13162,1316.2,2,0,0.0,12.87
13163,1316.3,2,0,0.0,12.79
13164,1316.4,2,0,0.0,12.82
13165,1316.5,2,0,0.0,12.78
13166,1316.6,2,0,0.0,12.84
13167,1316.7,1,1,0.0,12.09
13168,1316.8,1,0,0.0,12.06
13169,1316.9,1,0,0.0,12.1
13170,1317.0,1,0,0.0,12.11
13171,1317.1,1,0,0.0,12.04
13172,1317.2,1,0,0.0,11.99
13173,1317.3,1,0,0.0,12.02
13174,1317.4,2,0,0.0,13.02
13175,1317.5,2,0,0.0,12.99
13176,1317.6,2,0,0.0,13.02
13177,1317.7,2,0,0.0,13.02
13178,1317.8,2,0,0.0,12.97
13179,1317.9,2,0,0.0,13.03
13180,1318.0,2,0,0.0,12.96
13181,1318.1,2,0,0.0,12.96
13182,1318.2,2,0,0.0,12.99
13183,1318.3,2,0,0.0,13.03
13184,1318.4,2,0,0.0,12.99
13185,1318.5,2,0,0.0,13.03
13186,1318.6,2,0,0.0,12.98
13187,1318.7,2,0,0.0,12.96
13188,1318.8,2,0,0.0,13.02
13189,1318.9,2,0,0.0,13.02
13190,1319.0,2,0,0.0,12.95
13191,1319.1,2,0,0.0,13.03
13192,1319.2,2,0,0.0,13.01
13193,1319.3,2,0,0.0,12.98
13194,1319.4,2,0,0.0,12.99
13195,1319.5,2,0,0.0,12.99
13196,1319.6,3,0,0.0,13.27
13197,1319.7,3,0,0.0,13.28
13198,1319.8,3,0,0.0,13.3
13199,1319.9,3,0,0.0,13.27
13200,1320.0,3,0,0.0,13.27
13201,1320.1,3,0,0.0,13.26
13202,1320.2,2,1,0.0,12.99
13203,1320.3,2,0,0.0,12.97
13204,1320.4,2,0,0.0,12.94
13205,1320.5,2,0,0.0,12.97
13206,1320.6,2,0,0.0,13.04
13207,1320.7,2,0,0.0,12.93
13208,1320.8,2,0,0.0,13.01
13209,1320.9,2,0,0.0,13.03
13210,1321.0,2,0,0.0,12.95
13211,1321.1,2,0,0.0,12.94
13212,1321.2,2,0,0.0,12.99
13213,1321.3,2,0,0.0,12.99
13214,1321.4,2,0,0.0,12.95
13215,1321.5,2,0,0.0,13.0
13216,1321.6,2,0,0.0,13.01
13217,1321.7,2,0,0.0,13.02
13218,1321.8,2,0,0.0,12.98
13219,1321.9,3,0,0.0,12.95
13220,1322.0,3,0,0.0,12.88
13221,1322.1,3,0,0.0,12.87
13222,1322.2,3,0,0.0,12.88
13223,1322.3,3,0,0.0,12.88
13224,1322.4,2,1,0.0,13.3
13225,1322.5,2,0,0.0,13.3
13226,1322.6,2,0,0.0,13.33
13227,1322.7,2,0,0.0,13.32
13228,1322.8,2,0,0.0,13.29
13229,1322.9,2,0,0.0,13.32
13230,1323.0,2,0,0.0,13.28
13231,1323.1,3,0,0.0,13.53
13232,1323.2,3,0,0.0,13.49
13233,1323.3,3,0,0.0,13.51
13234,1323.4,3,0,0.0,13.56
13235,1323.5,3,0,0.0,13.51
13236,1323.6,3,0,0.0,13.5
13237,1323.7,3,0,0.0,13.53
13238,1323.8,3,0,0.0,13.49
13239,1323.9,3,0,0.0,13.53
13240,1324.0,3,0,0.0,13.54
13241,1324.1,3,0,0.0,13.56
13242,1324.2,3,0,0.0,13.5
13243,1324.3,3,0,0.0,13.5
13244,1324.4,3,0,0.0,13.49
13245,1324.5,3,0,0.0,13.52
13246,1324.6,4,0,0.0,13.45
13247,1324.7,4,0,0.0,13.42
13248,1324.8,4,0,0.0,13.45
13249,1324.9,4,0,0.0,13.39
13250,1325.0,4,0,0.0,13.42
13251,1325.1,4,0,0.0,13.42
13252,1325.2,3,1,0.0,13.54
13253,1325.3,3,0,0.0,13.52
13254,1325.4,3,0,0.0,13.52
13255,1325.5,3,0,0.0,13.52
13256,1325.6,3,0,0.0,13.54
13257,1325.7,2,1,0.0,13.95
13258,1325.8,2,0,0.0,13.95
13259,1325.9,2,0,0.0,13.94
13260,1326.0,2,0,0.0,13.9
13261,1326.1,2,0,0.0,13.89
13262,1326.2,2,0,0.0,13.92
13263,1326.3,2,0,0.0,13.95
13264,1326.4,2,0,0.0,13.93
13265,1326.5,2,0,0.0,13.92
13266,1326.6,1,1,0.0,13.91
13267,1326.7,1,0,0.0,13.97
13268,1326.8,1,0,0.0,13.95
13269,1326.9,1,0,0.0,13.91
13270,1327.0,1,0,0.0,13.93
13271,1327.1,1,0,0.0,14.0
13272,1327.2,1,0,0.0,13.98
13273,1327.3,1,0,0.0,14.0
13274,1327.4,1,0,0.0,13.91
13275,1327.5,1,0,0.0,13.9
13276,1327.6,1,0,0.0,13.91
13277,1327.7,1,0,0.0,13.94
13278,1327.8,1,0,0.0,13.95
13279,1327.9,1,0,0.0,13.92
13280,1328.0,1,0,0.0,13.96
13281,1328.1,1,0,0.0,13.94
13282,1328.2,1,0,0.0,13.92
13283,1328.3,1,0,0.0,13.9
13284,1328.4,1,0,0.0,13.92
13285,1328.5,1,0,0.0,13.93
13286,1328.6,1,0,0.0,13.9
13287,1328.7,1,0,0.0,13.9
13288,1328.8,2,0,0.0,13.79
13289,1328.9,2,0,0.0,13.69
13290,1329.0,2,0,0.0,13.7
13291,1329.1,2,0,0.0,13.78
13292,1329.2,2,0,0.0,13.74
13293,1329.3,2,0,0.0,13.7
13294,1329.4,2,0,0.0,13.72
13295,1329.5,3,0,0.0,13.79
13296,1329.6,3,0,0.0,13.82
13297,1329.7,3,0,0.0,13.77
13298,1329.8,3,0,0.0,13.84
13299,1329.9,3,0,0.0,13.82
13300,1330.0,3,0,0.0,13.79
13301,1330.1,2,1,0.0,13.72
13302,1330.2,2,0,0.0,13.74
13303,1330.3,2,0,0.0,13.71
13304,1330.4,2,0,0.0,13.74
13305,1330.5,2,0,0.0,13.73
13306,1330.6,3,0,0.0,13.57
13307,1330.7,3,0,0.0,13.54
13308,1330.8,3,0,0.0,13.55
13309,1330.9,3,0,0.0,13.57
13310,1331.0,3,0,0.0,13.54
13311,1331.1,3,0,0.0,13.59
13312,1331.2,3,0,0.0,13.55
13313,1331.3,3,0,0.0,13.55
13314,1331.4,3,0,0.0,13.53
13315,1331.5,3,0,0.0,13.58
13316,1331.6,3,0,0.0,13.58
13317,1331.7,3,0,0.0,13.54
13318,1331.8,3,0,0.0,13.53
13319,1331.9,3,0,0.0,13.54
13320,1332.0,3,0,0.0,13.55
13321,1332.1,3,0,0.0,13.54
13322,1332.2,3,0,0.0,13.57
13323,1332.3,2,1,0.0,13.34
13324,1332.4,3,0,0.0,12.26
13325,1332.5,3,0,0.0,12.21
13326,1332.6,2,1,0.0,13.35
13327,1332.7,2,0,0.0,13.33
13328,1332.8,2,0,0.0,13.38
13329,1332.9,2,0,0.0,13.39
13330,1333.0,2,0,0.0,13.35
13331,1333.1,2,0,0.0,13.34
13332,1333.2,2,0,0.0,13.36
13333,1333.3,2,0,0.0,13.38
13334,1333.4,2,0,0.0,13.31
13335,1333.5,2,0,0.0,13.38
13336,1333.6,2,0,0.0,13.41
13337,1333.7,2,0,0.0,13.36
13338,1333.8,2,0,0.0,13.39
13339,1333.9,2,0,0.0,13.3
13340,1334.0,2,0,0.0,13.37
13341,1334.1,2,0,0.0,13.34
13342,1334.2,2,0,0.0,13.35
13343,1334.3,1,1,0.0,13.51
13344,1334.4,1,0,0.0,13.56
13345,1334.5,3,0,0.0,13.24
13346,1334.6,3,0,0.0,13.19
13347,1334.7,3,0,0.0,13.2
13348,1334.8,3,0,0.0,13.22
13349,1334.9,3,0,0.0,13.19
13350,1335.0,3,0,0.0,13.24
13351,1335.1,2,1,0.0,12.8
13352,1335.2,2,0,0.0,12.87
13353,1335.3,2,0,0.0,12.85
13354,1335.4,2,0,0.0,12.9
13355,1335.5,2,0,0.0,12.9
13356,1335.6,2,0,0.0,12.86
13357,1335.7,2,0,0.0,12.86
13358,1335.8,2,0,0.0,12.84
13359,1335.9,2,0,0.0,12.83
13360,1336.0,2,0,0.0,12.86
13361,1336.1,2,0,0.0,12.83
13362,1336.2,2,0,0.0,12.9
13363,1336.3,2,0,0.0,12.9
13364,1336.4,2,0,0.0,12.87
13365,1336.5,2,0,0.0,12.88
13366,1336.6,2,0,0.0,12.87
13367,1336.7,2,0,0.0,12.79
13368,1336.8,2,0,0.0,12.85
13369,1336.9,2,0,0.0,12.9
13370,1337.0,2,0,0.0,12.8
13371,1337.1,2,0,0.0,12.83
13372,1337.2,2,0,0.0,12.82
13373,1337.3,2,0,0.0,12.86
13374,1337.4,2,0,0.0,12.79
13375,1337.5,2,0,0.0,12.91
13376,1337.6,2,0,0.0,12.83
13377,1337.7,2,0,0.0,12.8
13378,1337.8,2,0,0.0,12.9
13379,1337.9,2,0,0.0,12.87
13380,1338.0,2,0,0.0,12.84
13381,1338.1,2,0,0.0,12.85
13382,1338.2,1,1,0.0,12.17
13383,1338.3,1,0,0.0,12.24
13384,1338.4,1,0,0.0,12.16
13385,1338.5,1,0,0.0,12.2
13386,1338.6,1,0,0.0,12.16
13387,1338.7,1,0,0.0,12.14
13388,1338.8,1,0,0.0,12.22
13389,1338.9,1,0,0.0,12.19
13390,1339.0,1,0,0.0,12.14
13391,1339.1,1,0,0.0,12.17
13392,1339.2,1,0,0.0,12.21
13393,1339.3,2,0,0.0,13.07
13394,1339.4,2,0,0.0,13.06
13395,1339.5,3,0,0.0,13.18
13396,1339.6,3,0,0.0,13.18
13397,1339.7,4,0,0.0,12.38
13398,1339.8,4,0,0.0,12.39
13399,1339.9,4,0,0.0,12.38
13400,1340.0,4,0,0.0,12.39
13401,1340.1,3,1,0.0,12.03
13402,1340.2,3,0,0.0,12.01
13403,1340.3,3,0,0.0,12.03
13404,1340.4,3,0,0.0,12.04
13405,1340.5,4,0,0.0,10.71
13406,1340.6,4,0,0.0,10.69
13407,1340.7,4,0,0.0,10.74
13408,1340.8,4,0,0.0,10.75
13409,1340.9,4,0,0.0,10.82
13410,1341.0,4,0,0.0,10.81
13411,1341.1,4,0,0.0,10.84
13412,1341.2,4,0,0.0,10.89
13413,1341.3,4,0,0.0,10.91
13414,1341.4,4,0,0.0,10.92
13415,1341.5,4,0,0.0,10.97
13416,1341.6,4,0,0.0,10.95
13417,1341.7,4,0,0.0,10.98
13418,1341.8,4,0,0.0,11.01
13419,1341.9,4,0,0.0,11.02
13420,1342.0,4,0,0.0,11.03
13421,1342.1,4,0,0.0,11.04
13422,1342.2,4,0,0.0,11.08
13423,1342.3,4,0,0.0,11.1
13424,1342.4,4,0,0.0,11.13
13425,1342.5,4,0,0.0,11.11
13426,1342.6,4,0,0.0,11.15
13427,1342.7,4,0,0.0,11.13
13428,1342.8,3,1,0.0,10.26
13429,1342.9,3,0,0.0,10.28
13430,1343.0,3,0,0.0,10.28
13431,1343.1,3,0,0.0,10.3
13432,1343.2,3,0,0.0,10.31
13433,1343.3,3,0,0.0,10.33
13434,1343.4,3,0,0.0,10.33
13435,1343.5,3,0,0.0,10.32
13436,1343.6,3,0,0.0,10.32
13437,1343.7,3,0,0.0,10.38
13438,1343.8,3,0,0.0,10.36
13439,1343.9,3,0,0.0,10.38
13440,1344.0,3,0,0.0,10.44
13441,1344.1,3,0,0.0,10.39
13442,1344.2,3,0,0.0,10.38
13443,1344.3,3,0,0.0,10.43
13444,1344.4,3,0,0.0,10.44
13445,1344.5,4,0,0.0,11.35
13446,1344.6,4,0,0.0,11.32
13447,1344.7,4,0,0.0,11.33
13448,1344.8,4,0,0.0,11.32
13449,1344.9,4,0,0.0,11.34
13450,1345.0,3,1,0.0,11.09
13451,1345.1,2,1,0.0,9.64
13452,1345.2,2,0,0.0,9.69
13453,1345.3,2,0,0.0,9.71
13454,1345.4,2,0,0.0,9.66
13455,1345.5,2,0,0.0,9.69
13456,1345.6,2,0,0.0,9.7
13457,1345.7,2,0,0.0,9.7
13458,1345.8,3,0,0.0,11.1
13459,1345.9,3,0,0.0,11.07
13460,1346.0,3,0,0.0,11.1
13461,1346.1,3,0,0.0,11.14
13462,1346.2,3,0,0.0,11.15
13463,1346.3,3,0,0.0,11.12
13464,1346.4,3,0,0.0,11.13
13465,1346.5,3,0,0.0,11.16
13466,1346.6,3,0,0.0,11.14
13467,1346.7,3,0,0.0,11.12
13468,1346.8,3,0,0.0,11.12
13469,1346.9,3,0,0.0,11.14
13470,1347.0,3,0,0.0,11.11
13471,1347.1,3,0,0.0,11.15
13472,1347.2,3,0,0.0,11.16
13473,1347.3,3,0,0.0,11.16
13474,1347.4,3,0,0.0,11.16
13475,1347.5,3,0,0.0,11.14
13476,1347.6,3,0,0.0,11.16
13477,1347.7,3,0,0.0,11.21
13478,1347.8,3,0,0.0,11.17
13479,1347.9,3,0,0.0,11.15
13480,1348.0,4,0,0.0,11.69
13481,1348.1,4,0,0.0,11.65
13482,1348.2,4,0,0.0,11.68
13483,1348.3,4,0,0.0,11.68
13484,1348.4,4,0,0.0,11.69
13485,1348.5,4,0,0.0,11.71
13486,1348.6,4,0,0.0,11.69
13487,1348.7,4,0,0.0,11.71
13488,1348.8,4,0,0.0,11.68
13489,1348.9,4,0,0.0,11.7
13490,1349.0,4,0,0.0,11.7
13491,1349.1,4,0,0.0,11.7
13492,1349.2,4,0,0.0,11.66
13493,1349.3,4,0,0.0,11.64
13494,1349.4,4,0,0.0,11.66
13495,1349.5,5,0,0.0,12.08
13496,1349.6,5,0,0.0,12.08
13497,1349.7,5,0,0.0,12.02
13498,1349.8,5,0,0.0,12.01
13499,1349.9,5,0,0.0,11.99
13500,1350.0,5,0,0.0,12.01
13501,1350.1,4,1,0.0,11.48
13502,1350.2,4,0,0.0,11.49
13503,1350.3,4,0,0.0,11.46
13504,1350.4,4,0,0.0,11.46
13505,1350.5,4,0,0.0,11.42
13506,1350.6,4,0,0.0,11.41
13507,1350.7,4,0,0.0,11.41
13508,1350.8,4,0,0.0,11.4
13509,1350.9,4,0,0.0,11.36
13510,1351.0,4,0,0.0,11.34
13511,1351.1,4,0,0.0,11.32
13512,1351.2,4,0,0.0,11.3
13513,1351.3,4,0,0.0,11.28
13514,1351.4,4,0,0.0,11.25
13515,1351.5,5,0,0.0,11.78
13516,1351.6,5,0,0.0,11.78
13517,1351.7,4,1,0.0,11.45
13518,1351.8,4,0,0.0,11.44
13519,1351.9,3,1,0.0,11.86
13520,1352.0,3,0,0.0,11.89
13521,1352.1,3,0,0.0,11.99
13522,1352.2,3,0,0.0,12.1
13523,1352.3,3,0,0.0,12.21
13524,1352.4,3,0,0.0,12.35
13525,1352.5,3,0,0.0,12.42
13526,1352.6,3,0,0.0,12.51
13527,1352.7,3,0,0.0,12.58
13528,1352.8,3,0,0.0,12.67
13529,1352.9,3,0,0.0,12.8
13530,1353.0,3,0,0.0,12.89
13531,1353.1,3,0,0.0,13.01
13532,1353.2,3,0,0.0,13.12
13533,1353.3,3,0,0.0,13.23
13534,1353.4,3,0,0.0,13.29
13535,1353.5,3,0,0.0,13.36
13536,1353.6,3,0,0.0,13.36
13537,1353.7,3,0,0.0,13.35
13538,1353.8,2,1,0.0,13.61
13539,1353.9,2,0,0.0,13.67
13540,1354.0,2,0,0.0,13.81
13541,1354.1,2,0,0.0,13.89
13542,1354.2,2,0,0.0,13.85
13543,1354.3,2,0,0.0,13.91
13544,1354.4,3,0,0.0,13.89
13545,1354.5,3,0,0.0,13.83
13546,1354.6,3,0,0.0,13.86
13547,1354.7,3,0,0.0,13.84
13548,1354.8,3,0,0.0,13.82
13549,1354.9,3,0,0.0,13.84
13550,1355.0,2,1,0.0,13.91
13551,1355.1,2,0,0.0,13.9
13552,1355.2,2,0,0.0,13.94
13553,1355.3,2,0,0.0,13.84
13554,1355.4,1,1,0.0,13.93
13555,1355.5,1,0,0.0,13.94
13556,1355.6,1,0,0.0,13.92
13557,1355.7,1,0,0.0,13.98
13558,1355.8,1,0,0.0,13.98
13559,1355.9,1,0,0.0,13.9
13560,1356.0,1,0,0.0,13.92
13561,1356.1,1,0,0.0,13.89
13562,1356.2,1,0,0.0,13.99
13563,1356.3,1,0,0.0,13.94
13564,1356.4,1,0,0.0,13.93
13565,1356.5,1,0,0.0,13.93
13566,1356.6,1,0,0.0,14.0
13567,1356.7,2,0,0.0,13.94
13568,1356.8,2,0,0.0,13.93
13569,1356.9,2,0,0.0,13.95
13570,1357.0,2,0,0.0,13.87
13571,1357.1,2,0,0.0,13.95
13572,1357.2,3,0,0.0,13.93
13573,1357.3,3,0,0.0,13.94
13574,1357.4,3,0,0.0,13.91
13575,1357.5,3,0,0.0,13.91
13576,1357.6,3,0,0.0,13.93
13577,1357.7,3,0,0.0,13.93
13578,1357.8,3,0,0.0,13.91
13579,1357.9,3,0,0.0,13.94
13580,1358.0,3,0,0.0,13.94
13581,1358.1,3,0,0.0,13.89
13582,1358.2,3,0,0.0,13.95
13583,1358.3,3,0,0.0,13.91
13584,1358.4,3,0,0.0,13.92
13585,1358.5,3,0,0.0,13.97
13586,1358.6,3,0,0.0,13.93
13587,1358.7,3,0,0.0,13.92
13588,1358.8,3,0,0.0,13.96
13589,1358.9,3,0,0.0,13.97
13590,1359.0,3,0,0.0,13.9
13591,1359.1,3,0,0.0,13.94
13592,1359.2,3,0,0.0,13.92
13593,1359.3,3,0,0.0,13.97
13594,1359.4,4,0,0.0,13.76
13595,1359.5,4,0,0.0,13.69
13596,1359.6,4,0,0.0,13.7
13597,1359.7,4,0,0.0,13.72
13598,1359.8,4,0,0.0,13.74
13599,1359.9,4,0,0.0,13.75
13600,1360.0,3,1,0.0,13.92
13601,1360.1,3,0,0.0,13.95
13602,1360.2,2,1,0.0,13.96
13603,1360.3,2,0,0.0,13.91
13604,1360.4,2,0,0.0,13.91
13605,1360.5,2,0,0.0,13.94
13606,1360.6,2,0,0.0,13.91
13607,1360.7,1,1,0.0,13.96
13608,1360.8,2,0,0.0,11.94
13609,1360.9,2,0,0.0,11.99
13610,1361.0,1,1,0.0,13.9
13611,1361.1,1,0,0.0,13.97
13612,1361.2,1,0,0.0,14.0
13613,1361.3,1,0,0.0,13.94
13614,1361.4,1,0,0.0,14.0
13615,1361.5,1,0,0.0,13.92
13616,1361.6,1,0,0.0,13.95
13617,1361.7,1,0,0.0,13.99
13618,1361.8,1,0,0.0,13.89
13619,1361.9,1,0,0.0,13.87
13620,1362.0,1,0,0.0,13.94
13621,1362.1,1,0,0.0,13.88
13622,1362.2,1,0,0.0,13.9
13623,1362.3,1,0,0.0,13.94
13624,1362.4,1,0,0.0,13.93
13625,1362.5,1,0,0.0,13.93
13626,1362.6,1,0,0.0,13.98
13627,1362.7,1,0,0.0,13.95
13628,1362.8,1,0,0.0,13.88
13629,1362.9,2,0,0.0,13.96
13630,1363.0,2,0,0.0,13.9
13631,1363.1,2,0,0.0,13.97
13632,1363.2,2,0,0.0,13.9
13633,1363.3,2,0,0.0,13.92
13634,1363.4,2,0,0.0,13.97
13635,1363.5,2,0,0.0,13.98
13636,1363.6,2,0,0.0,13.89
13637,1363.7,2,0,0.0,13.93
13638,1363.8,2,0,0.0,13.91
13639,1363.9,2,0,0.0,13.88
13640,1364.0,2,0,0.0,13.93
13641,1364.1,2,0,0.0,13.95
13642,1364.2,2,0,0.0,13.9
13643,1364.3,2,0,0.0,13.93
13644,1364.4,3,0,0.0,13.96
13645,1364.5,3,0,0.0,13.95
13646,1364.6,3,0,0.0,13.94
13647,1364.7,3,0,0.0,13.93
13648,1364.8,3,0,0.0,13.94
13649,1364.9,3,0,0.0,13.93
13650,1365.0,2,1,0.0,13.96
13651,1365.1,2,0,0.0,13.9
13652,1365.2,2,0,0.0,13.93
13653,1365.3,2,0,0.0,13.95
13654,1365.4,3,0,0.0,13.75
13655,1365.5,3,0,0.0,13.72
13656,1365.6,3,0,0.0,13.72
13657,1365.7,3,0,0.0,13.71
13658,1365.8,3,0,0.0,13.69
13659,1365.9,3,0,0.0,13.7
13660,1366.0,3,0,0.0,13.68
13661,1366.1,3,0,0.0,13.72
13662,1366.2,3,0,0.0,13.68
13663,1366.3,3,0,0.0,13.72
13664,1366.4,2,1,0.0,13.56
13665,1366.5,2,0,0.0,13.61
13666,1366.6,2,0,0.0,13.61
13667,1366.7,2,0,0.0,13.57
13668,1366.8,2,0,0.0,13.59
13669,1366.9,2,0,0.0,13.59
13670,1367.0,2,0,0.0,13.62
13671,1367.1,2,0,0.0,13.58
13672,1367.2,2,0,0.0,13.6
13673,1367.3,2,0,0.0,13.61
13674,1367.4,2,0,0.0,13.6
13675,1367.5,2,0,0.0,13.58
13676,1367.6,2,0,0.0,13.6
13677,1367.7,2,0,0.0,13.62
13678,1367.8,2,0,0.0,13.58
13679,1367.9,2,0,0.0,13.57
13680,1368.0,2,0,0.0,13.58
13681,1368.1,2,0,0.0,13.6
13682,1368.2,2,0,0.0,13.61
13683,1368.3,2,0,0.0,13.59
13684,1368.4,2,0,0.0,13.57
13685,1368.5,3,0,0.0,13.43
13686,1368.6,3,0,0.0,13.39
13687,1368.7,3,0,0.0,13.4
13688,1368.8,3,0,0.0,13.41
13689,1368.9,3,0,0.0,13.38
13690,1369.0,2,1,0.0,13.49
13691,1369.1,2,0,0.0,13.47
13692,1369.2,2,0,0.0,13.5
13693,1369.3,2,0,0.0,13.47
13694,1369.4,3,0,0.0,13.45
13695,1369.5,3,0,0.0,13.42
13696,1369.6,3,0,0.0,13.42
13697,1369.7,3,0,0.0,13.44
13698,1369.8,3,0,0.0,13.48
13699,1369.9,3,0,0.0,13.42
13700,1370.0,2,1,0.0,13.49
13701,1370.1,2,0,0.0,13.46
13702,1370.2,2,0,0.0,13.45
13703,1370.3,2,0,0.0,13.47
13704,1370.4,2,0,0.0,13.46
13705,1370.5,2,0,0.0,13.45
13706,1370.6,2,0,0.0,13.46
13707,1370.7,2,0,0.0,13.51
13708,1370.8,2,0,0.0,13.52
13709,1370.9,2,0,0.0,13.44
13710,1371.0,2,0,0.0,13.46
13711,1371.1,2,0,0.0,13.49
13712,1371.2,2,0,0.0,13.49
13713,1371.3,2,0,0.0,13.48
13714,1371.4,2,0,0.0,13.47
13715,1371.5,2,0,0.0,13.49
13716,1371.6,2,0,0.0,13.45
13717,1371.7,2,0,0.0,13.5
13718,1371.8,2,0,0.0,13.49
13719,1371.9,2,0,0.0,13.47
13720,1372.0,2,0,0.0,13.45
13721,1372.1,1,1,0.0,12.96
13722,1372.2,1,0,0.0,12.98
13723,1372.3,1,0,0.0,13.05
13724,1372.4,1,0,0.0,12.98
13725,1372.5,1,0,0.0,13.05
13726,1372.6,1,0,0.0,13.02
13727,1372.7,1,0,0.0,13.01
13728,1372.8,1,0,0.0,13.06
13729,1372.9,1,0,0.0,13.05
13730,1373.0,1,0,0.0,12.98
13731,1373.1,1,0,0.0,12.97
13732,1373.2,1,0,0.0,13.01
13733,1373.3,1,0,0.0,12.99
13734,1373.4,1,0,0.0,12.99
13735,1373.5,1,0,0.0,12.95
13736,1373.6,1,0,0.0,12.94
13737,1373.7,1,0,0.0,12.95
13738,1373.8,1,0,0.0,12.95
13739,1373.9,1,0,0.0,13.02
13740,1374.0,1,0,0.0,13.01
13741,1374.1,2,0,0.0,12.66
13742,1374.2,3,0,0.0,13.07
13743,1374.3,3,0,0.0,13.08
13744,1374.4,4,0,0.0,12.75
13745,1374.5,4,0,0.0,12.74
13746,1374.6,4,0,0.0,12.73
13747,1374.7,4,0,0.0,12.77
13748,1374.8,4,0,0.0,12.75
13749,1374.9,4,0,0.0,12.77
13750,1375.0,4,0,0.0,12.72
13751,1375.1,3,1,0.0,13.06
13752,1375.2,3,0,0.0,13.06
13753,1375.3,3,0,0.0,13.05
13754,1375.4,3,0,0.0,13.07
13755,1375.5,3,0,0.0,13.05
13756,1375.6,3,0,0.0,13.07
13757,1375.7,3,0,0.0,13.05
13758,1375.8,3,0,0.0,13.07
13759,1375.9,3,0,0.0,13.07
13760,1376.0,3,0,0.0,13.05
13761,1376.1,3,0,0.0,13.06
13762,1376.2,3,0,0.0,13.03
13763,1376.3,3,0,0.0,13.07
13764,1376.4,3,0,0.0,13.09
13765,1376.5,3,0,0.0,13.06
13766,1376.6,3,0,0.0,13.06
13767,1376.7,3,0,0.0,13.07
13768,1376.8,3,0,0.0,13.05
13769,1376.9,3,0,0.0,13.03
13770,1377.0,3,0,0.0,13.07
13771,1377.1,3,0,0.0,13.08
13772,1377.2,3,0,0.0,13.07
13773,1377.3,3,0,0.0,13.08
13774,1377.4,3,0,0.0,13.07
13775,1377.5,3,0,0.0,13.04
13776,1377.6,3,0,0.0,13.06
13777,1377.7,3,0,0.0,13.07
13778,1377.8,3,0,0.0,13.05
13779,1377.9,3,0,0.0,13.05
13780,1378.0,2,1,0.0,13.47
13781,1378.1,2,0,0.0,13.47
13782,1378.2,2,0,0.0,13.48
13783,1378.3,1,1,0.0,13.97
13784,1378.4,1,0,0.0,13.91
13785,1378.5,1,0,0.0,13.95
13786,1378.6,1,0,0.0,13.93
13787,1378.7,1,0,0.0,14.0
13788,1378.8,1,0,0.0,13.92
13789,1378.9,1,0,0.0,13.99
13790,1379.0,1,0,0.0,13.93
13791,1379.1,1,0,0.0,13.96
13792,1379.2,1,0,0.0,13.94
13793,1379.3,2,0,0.0,13.97
13794,1379.4,2,0,0.0,13.92
13795,1379.5,2,0,0.0,13.91
13796,1379.6,2,0,0.0,13.96
13797,1379.7,2,0,0.0,13.96
13798,1379.8,2,0,0.0,13.95
13799,1379.9,2,1,0.0,13.94
13800,1380.0,2,0,0.0,13.91
13801,1380.1,2,0,0.0,13.98
13802,1380.2,2,0,0.0,13.94
13803,1380.3,2,0,0.0,13.93
13804,1380.4,2,0,0.0,13.93
13805,1380.5,2,0,0.0,13.94
13806,1380.6,2,0,0.0,13.97
13807,1380.7,2,0,0.0,13.96
13808,1380.8,2,0,0.0,13.93
13809,1380.9,2,0,0.0,13.9
13810,1381.0,2,0,0.0,13.94
13811,1381.1,2,0,0.0,13.96
13812,1381.2,2,0,0.0,13.91
13813,1381.3,2,0,0.0,13.88
13814,1381.4,2,0,0.0,13.96
13815,1381.5,3,0,0.0,12.61
13816,1381.6,3,0,0.0,12.61
13817,1381.7,3,0,0.0,12.62
13818,1381.8,3,0,0.0,12.58
13819,1381.9,3,0,0.0,12.62
13820,1382.0,3,0,0.0,12.62
13821,1382.1,3,0,0.0,12.61
13822,1382.2,3,0,0.0,12.6
13823,1382.3,3,0,0.0,12.63
13824,1382.4,3,0,0.0,12.6
13825,1382.5,3,0,0.0,12.6
13826,1382.6,3,0,0.0,12.64
13827,1382.7,3,0,0.0,12.58
13828,1382.8,4,0,0.0,12.11
13829,1382.9,4,0,0.0,12.08
13830,1383.0,4,0,0.0,12.09
13831,1383.1,4,0,0.0,12.09
13832,1383.2,4,0,0.0,12.09
13833,1383.3,4,0,0.0,12.09
13834,1383.4,3,1,0.0,11.48
13835,1383.5,3,0,0.0,11.49
13836,1383.6,3,0,0.0,11.45
13837,1383.7,3,0,0.0,11.48
13838,1383.8,3,0,0.0,11.5
13839,1383.9,3,0,0.0,11.49
13840,1384.0,3,0,0.0,11.46
13841,1384.1,3,0,0.0,11.47
13842,1384.2,3,0,0.0,11.45
13843,1384.3,4,0,0.0,11.99
13844,1384.4,4,0,0.0,11.99
13845,1384.5,4,0,0.0,11.97
13846,1384.6,4,0,0.0,12.0
13847,1384.7,4,0,0.0,11.99
13848,1384.8,4,0,0.0,11.99
13849,1384.9,3,1,0.0,11.47
13850,1385.0,3,0,0.0,11.48
13851,1385.1,3,0,0.0,11.5
13852,1385.2,3,0,0.0,11.48
13853,1385.3,3,0,0.0,11.48
13854,1385.4,3,0,0.0,11.49
13855,1385.5,3,0,0.0,11.45
13856,1385.6,4,0,0.0,12.11
13857,1385.7,4,0,0.0,12.06
13858,1385.8,4,0,0.0,12.1
13859,1385.9,4,0,0.0,12.09
13860,1386.0,4,0,0.0,12.06
13861,1386.1,4,0,0.0,12.1
13862,1386.2,4,0,0.0,12.06
13863,1386.3,4,0,0.0,12.11
13864,1386.4,4,0,0.0,12.08
13865,1386.5,4,0,0.0,12.08
13866,1386.6,4,0,0.0,12.08
13867,1386.7,4,0,0.0,12.07
13868,1386.8,4,0,0.0,12.08
13869,1386.9,4,0,0.0,12.09
13870,1387.0,4,0,0.0,12.11
13871,1387.1,4,0,0.0,12.13
13872,1387.2,4,0,0.0,12.08
13873,1387.3,4,0,0.0,12.12
13874,1387.4,3,1,0.0,12.57
13875,1387.5,3,0,0.0,12.63
13876,1387.6,3,0,0.0,12.62
13877,1387.7,3,0,0.0,12.6
13878,1387.8,3,0,0.0,12.59
13879,1387.9,3,0,0.0,12.64
13880,1388.0,3,0,0.0,12.59
13881,1388.1,3,0,0.0,12.58
13882,1388.2,3,0,0.0,12.56
13883,1388.3,3,0,0.0,12.55
13884,1388.4,3,0,0.0,12.51
13885,1388.5,3,0,0.0,12.51
13886,1388.6,3,0,0.0,12.45
13887,1388.7,3,0,0.0,12.39
13888,1388.8,3,0,0.0,12.36
13889,1388.9,3,0,0.0,12.33
13890,1389.0,3,0,0.0,12.36
13891,1389.1,3,1,0.0,10.99
13892,1389.2,3,0,0.0,10.96
13893,1389.3,3,1,0.0,11.17
13894,1389.4,3,0,0.0,11.14
13895,1389.5,3,0,0.0,11.1
13896,1389.6,3,0,0.0,11.08
13897,1389.7,3,0,0.0,11.06
13898,1389.8,3,0,0.0,11.05
13899,1389.9,3,0,0.0,11.0
13900,1390.0,2,1,0.0,11.16
13901,1390.1,2,0,0.0,11.16
13902,1390.2,2,0,0.0,11.1
13903,1390.3,2,0,0.0,11.06
13904,1390.4,2,0,0.0,11.04
13905,1390.5,2,0,0.0,11.02
13906,1390.6,2,0,0.0,11.0
13907,1390.7,2,0,0.0,10.95
13908,1390.8,2,0,0.0,10.93
13909,1390.9,2,0,0.0,10.91
13910,1391.0,2,0,0.0,10.9
13911,1391.1,2,0,0.0,10.83
13912,1391.2,2,0,0.0,10.85
13913,1391.3,3,0,0.0,11.3
13914,1391.4,3,0,0.0,11.22
13915,1391.5,4,0,0.0,11.94
13916,1391.6,4,0,0.0,11.89
13917,1391.7,4,0,0.0,11.88
13918,1391.8,4,0,0.0,11.88
13919,1391.9,4,0,0.0,11.9
13920,1392.0,4,0,0.0,11.84
13921,1392.1,4,0,0.0,11.84
13922,1392.2,4,0,0.0,11.85
13923,1392.3,4,0,0.0,11.82
13924,1392.4,4,0,0.0,11.8
13925,1392.5,4,0,0.0,11.83
13926,1392.6,4,0,0.0,11.81
13927,1392.7,4,0,0.0,11.77
13928,1392.8,4,0,0.0,11.76
13929,1392.9,4,0,0.0,11.78
13930,1393.0,4,0,0.0,11.8
13931,1393.1,4,0,0.0,11.75
13932,1393.2,4,0,0.0,11.78
13933,1393.3,4,0,0.0,11.77
13934,1393.4,4,0,0.0,11.74
13935,1393.5,4,0,0.0,11.76
13936,1393.6,4,0,0.0,11.69
13937,1393.7,3,1,0.0,12.34
13938,1393.8,3,0,0.0,12.36
13939,1393.9,3,0,0.0,12.45
13940,1394.0,3,0,0.0,12.49
13941,1394.1,3,0,0.0,12.57
13942,1394.2,3,0,0.0,12.63
13943,1394.3,4,0,0.0,12.13
13944,1394.4,4,0,0.0,12.2
13945,1394.5,4,0,0.0,12.25
13946,1394.6,4,0,0.0,12.28
13947,1394.7,4,0,0.0,12.33
13948,1394.8,4,0,0.0,12.38
13949,1394.9,4,0,0.0,12.48
13950,1395.0,2,2,0.0,12.86
13951,1395.1,2,0,0.0,12.99
13952,1395.2,2,0,0.0,13.02
13953,1395.3,2,0,0.0,13.06
13954,1395.4,2,0,0.0,13.1
13955,1395.5,2,0,0.0,13.1
13956,1395.6,2,0,0.0,13.09
13957,1395.7,1,1,0.0,12.26
13958,1395.8,1,0,0.0,12.25
13959,1395.9,1,0,0.0,12.21
13960,1396.0,1,0,0.0,12.23
13961,1396.1,1,0,0.0,12.22
13962,1396.2,1,0,0.0,12.22
13963,1396.3,1,0,0.0,12.17
13964,1396.4,1,0,0.0,12.16
13965,1396.5,1,0,0.0,12.22
13966,1396.6,1,0,0.0,12.15
13967,1396.7,1,0,0.0,12.24
13968,1396.8,1,0,0.0,12.25
13969,1396.9,2,0,0.0,13.1
13970,1397.0,2,0,0.0,13.1
13971,1397.1,2,0,0.0,13.03
13972,1397.2,2,0,0.0,13.06
13973,1397.3,2,0,0.0,13.11
13974,1397.4,2,0,0.0,13.1
13975,1397.5,2,0,0.0,13.1
13976,1397.6,2,0,0.0,13.11
13977,1397.7,2,0,0.0,13.05
13978,1397.8,2,0,0.0,13.1
13979,1397.9,2,0,0.0,13.06
13980,1398.0,2,0,0.0,13.1
13981,1398.1,2,0,0.0,13.12
13982,1398.2,2,0,0.0,13.08
13983,1398.3,2,0,0.0,13.09
13984,1398.4,2,0,0.0,13.1
13985,1398.5,2,0,0.0,13.07
13986,1398.6,2,0,0.0,13.03
13987,1398.7,2,0,0.0,13.06
13988,1398.8,2,0,0.0,13.05
13989,1398.9,2,0,0.0,13.03
13990,1399.0,2,0,0.0,13.09
13991,1399.1,2,0,0.0,13.1
13992,1399.2,3,0,0.0,13.16
13993,1399.3,3,0,0.0,13.15
13994,1399.4,3,0,0.0,13.17
13995,1399.5,3,0,0.0,13.11
13996,1399.6,3,0,0.0,13.1
13997,1399.7,3,0,0.0,13.16
13998,1399.8,2,1,0.0,13.05
13999,1399.9,2,0,0.0,13.03
14000,1400.0,2,0,0.0,13.1
14001,1400.1,3,0,0.0,12.03
14002,1400.2,3,0,0.0,12.03
14003,1400.3,3,0,0.0,12.05
14004,1400.4,3,0,0.0,12.04
14005,1400.5,3,0,0.0,12.06
14006,1400.6,3,0,0.0,12.04
14007,1400.7,3,0,0.0,12.0
14008,1400.8,3,0,0.0,12.03
14009,1400.9,4,0,0.0,10.72
14010,1401.0,4,0,0.0,10.68
14011,1401.1,4,0,0.0,10.75
14012,1401.2,4,0,0.0,10.8
14013,1401.3,4,0,0.0,10.79
14014,1401.4,4,0,0.0,10.85
14015,1401.5,4,0,0.0,10.83
14016,1401.6,4,0,0.0,10.87
14017,1401.7,4,0,0.0,10.88
14018,1401.8,3,1,0.0,10.51
14019,1401.9,3,0,0.0,10.54
14020,1402.0,3,0,0.0,10.57
14021,1402.1,3,0,0.0,10.59
14022,1402.2,3,0,0.0,10.63
14023,1402.3,3,0,0.0,10.65
14024,1402.4,3,0,0.0,10.68
14025,1402.5,3,0,0.0,10.71
14026,1402.6,4,0,0.0,11.44
14027,1402.7,4,0,0.0,11.43
14028,1402.8,4,0,0.0,11.44
14029,1402.9,4,0,0.0,11.42
14030,1403.0,4,0,0.0,11.47
14031,1403.1,4,0,0.0,11.47
14032,1403.2,4,0,0.0,11.48
14033,1403.3,4,0,0.0,11.5
14034,1403.4,4,0,0.0,11.48
14035,1403.5,4,0,0.0,11.52
14036,1403.6,4,0,0.0,11.52
14037,1403.7,4,0,0.0,11.51
14038,1403.8,4,0,0.0,11.56
14039,1403.9,4,0,0.0,11.52
14040,1404.0,4,0,0.0,11.52
14041,1404.1,4,0,0.0,11.57
14042,1404.2,5,0,0.0,12.05
14043,1404.3,5,0,0.0,12.06
14044,1404.4,4,1,0.0,12.58
14045,1404.5,4,0,0.0,12.63
14046,1404.6,4,0,0.0,12.66
14047,1404.7,4,0,0.0,12.74
14048,1404.8,3,1,0.0,12.41
14049,1404.9,3,0,0.0,12.42
14050,1405.0,3,0,0.0,12.5
14051,1405.1,3,0,0.0,12.57
14052,1405.2,3,0,0.0,12.7
14053,1405.3,3,0,0.0,12.75
14054,1405.4,3,0,0.0,12.82
14055,1405.5,3,0,0.0,12.88
14056,1405.6,3,0,0.0,12.93
14057,1405.7,3,0,0.0,12.99
14058,1405.8,3,0,0.0,13.05
14059,1405.9,3,0,0.0,13.1
14060,1406.0,3,0,0.0,13.2
14061,1406.1,2,1,0.0,12.88
14062,1406.2,1,1,0.0,13.46
14063,1406.3,1,0,0.0,13.45
14064,1406.4,1,0,0.0,13.47
14065,1406.5,1,0,0.0,13.49
14066,1406.6,1,0,0.0,13.38
14067,1406.7,1,0,0.0,13.39
14068,1406.8,1,0,0.0,13.44
14069,1406.9,1,0,0.0,13.4
14070,1407.0,1,0,0.0,13.42
14071,1407.1,1,0,0.0,13.4
14072,1407.2,1,0,0.0,13.45
14073,1407.3,1,0,0.0,13.41
14074,1407.4,1,0,0.0,13.48
14075,1407.5,1,0,0.0,13.48
14076,1407.6,1,0,0.0,13.44
14077,1407.7,1,0,0.0,13.38
14078,1407.8,1,0,0.0,13.42
14079,1407.9,1,0,0.0,13.39
14080,1408.0,1,0,0.0,13.48
14081,1408.1,1,0,0.0,13.42
14082,1408.2,1,0,0.0,13.41
14083,1408.3,2,0,0.0,13.58
14084,1408.4,2,0,0.0,13.61
14085,1408.5,2,0,0.0,13.53
14086,1408.6,2,0,0.0,13.54
14087,1408.7,2,0,0.0,13.55
14088,1408.8,2,0,0.0,13.54
14089,1408.9,3,0,0.0,13.57
14090,1409.0,3,0,0.0,13.52
14091,1409.1,3,0,0.0,13.53
14092,1409.2,4,0,0.0,13.64
14093,1409.3,4,0,0.0,13.62
14094,1409.4,4,0,0.0,13.62
14095,1409.5,4,0,0.0,13.65
14096,1409.6,4,0,0.0,13.61
14097,1409.7,4,0,0.0,13.64
14098,1409.8,3,1,0.0,13.52
14099,1409.9,3,0,0.0,13.51
14100,1410.0,3,0,0.0,13.5
14101,1410.1,3,0,0.0,13.52
14102,1410.2,3,0,0.0,13.54
14103,1410.3,3,0,0.0,13.57
14104,1410.4,3,0,0.0,13.55
14105,1410.5,3,0,0.0,13.54
14106,1410.6,3,0,0.0,13.53
14107,1410.7,3,0,0.0,13.5
14108,1410.8,3,0,0.0,13.55
14109,1410.9,3,0,0.0,13.51
14110,1411.0,3,0,0.0,13.5
14111,1411.1,3,0,0.0,13.51
14112,1411.2,3,0,0.0,13.51
14113,1411.3,3,0,0.0,13.52
14114,1411.4,3,0,0.0,13.54
14115,1411.5,3,0,0.0,13.55
14116,1411.6,3,0,0.0,13.47
14117,1411.7,3,0,0.0,13.55
14118,1411.8,3,0,0.0,13.56
14119,1411.9,3,0,0.0,13.58
14120,1412.0,3,0,0.0,13.48
14121,1412.1,2,1,0.0,13.59
14122,1412.2,2,0,0.0,13.53
14123,1412.3,2,0,0.0,13.54
14124,1412.4,2,0,0.0,13.59
14125,1412.5,1,1,0.0,13.68
14126,1412.6,1,0,0.0,13.69
14127,1412.7,1,0,0.0,13.68
14128,1412.8,1,0,0.0,13.67
14129,1412.9,1,0,0.0,13.69
14130,1413.0,1,0,0.0,13.67
14131,1413.1,1,0,0.0,13.69
14132,1413.2,1,0,0.0,13.72
14133,1413.3,1,0,0.0,13.73
14134,1413.4,1,0,0.0,13.71
14135,1413.5,1,0,0.0,13.66
14136,1413.6,1,0,0.0,13.69
14137,1413.7,1,0,0.0,13.73
14138,1413.8,1,0,0.0,13.68
14139,1413.9,1,0,0.0,13.73
14140,1414.0,2,0,0.0,13.47
14141,1414.1,2,0,0.0,13.36
14142,1414.2,3,0,0.0,13.06
14143,1414.3,3,0,0.0,13.06
14144,1414.4,3,0,0.0,13.02
14145,1414.5,3,0,0.0,13.01
14146,1414.6,3,0,0.0,13.04
14147,1414.7,3,0,0.0,13.02
14148,1414.8,2,1,0.0,13.46
14149,1414.9,2,0,0.0,13.43
14150,1415.0,2,0,0.0,13.46
14151,1415.1,2,0,0.0,13.45
14152,1415.2,2,0,0.0,13.42
14153,1415.3,2,0,0.0,13.46
14154,1415.4,2,0,0.0,13.4
14155,1415.5,2,0,0.0,13.41
14156,1415.6,2,0,0.0,13.39
14157,1415.7,2,0,0.0,13.42
14158,1415.8,2,0,0.0,13.43
14159,1415.9,2,0,0.0,13.45
14160,1416.0,2,0,0.0,13.41
14161,1416.1,2,0,0.0,13.41
14162,1416.2,2,0,0.0,13.39
14163,1416.3,2,0,0.0,13.39
14164,1416.4,2,0,0.0,13.42
14165,1416.5,2,0,0.0,13.39
14166,1416.6,2,0,0.0,13.41
14167,1416.7,2,0,0.0,13.46
14168,1416.8,2,0,0.0,13.36
14169,1416.9,2,0,0.0,13.45
14170,1417.0,2,0,0.0,13.46
14171,1417.1,2,0,0.0,13.44
14172,1417.2,2,0,0.0,13.42
14173,1417.3,2,0,0.0,13.38
14174,1417.4,3,0,0.0,12.25
14175,1417.5,3,0,0.0,12.28
14176,1417.6,2,2,0.0,13.15
14177,1417.7,2,0,0.0,13.11
14178,1417.8,2,0,0.0,13.14
14179,1417.9,2,0,0.0,13.15
14180,1418.0,2,0,0.0,13.15
14181,1418.1,2,0,0.0,13.08
14182,1418.2,2,0,0.0,13.16
14183,1418.3,2,0,0.0,13.14
14184,1418.4,2,0,0.0,13.14
14185,1418.5,2,0,0.0,13.12
14186,1418.6,2,0,0.0,13.12
14187,1418.7,2,0,0.0,13.16
14188,1418.8,2,0,0.0,13.14
14189,1418.9,2,0,0.0,13.11
14190,1419.0,2,0,0.0,13.16
14191,1419.1,2,0,0.0,13.12
14192,1419.2,3,0,0.0,13.05
14193,1419.3,3,0,0.0,13.0
14194,1419.4,3,0,0.0,13.04
14195,1419.5,3,0,0.0,13.03
14196,1419.6,4,0,0.0,13.14
14197,1419.7,4,0,0.0,13.15
14198,1419.8,3,1,0.0,13.22
14199,1419.9,3,0,0.0,13.22
14200,1420.0,3,0,0.0,13.22
14201,1420.1,3,0,0.0,13.21
14202,1420.2,3,0,0.0,13.27
14203,1420.3,3,0,0.0,13.24
14204,1420.4,3,0,0.0,13.22
14205,1420.5,3,0,0.0,13.25
14206,1420.6,3,0,0.0,13.24
14207,1420.7,3,0,0.0,13.23
14208,1420.8,3,0,0.0,13.19
14209,1420.9,3,0,0.0,13.27
14210,1421.0,3,0,0.0,13.18
14211,1421.1,3,0,0.0,13.23
14212,1421.2,3,0,0.0,13.19
14213,1421.3,2,1,0.0,13.33
14214,1421.4,2,0,0.0,13.29
14215,1421.5,2,0,0.0,13.34
14216,1421.6,2,0,0.0,13.31
14217,1421.7,2,0,0.0,13.32
14218,1421.8,2,0,0.0,13.3
14219,1421.9,2,0,0.0,13.32
14220,1422.0,2,0,0.0,13.3
14221,1422.1,2,0,0.0,13.32
14222,1422.2,2,0,0.0,13.27
14223,1422.3,2,0,0.0,13.35
14224,1422.4,2,0,0.0,13.31
14225,1422.5,2,0,0.0,13.31
14226,1422.6,2,0,0.0,13.28
14227,1422.7,2,0,0.0,13.29
14228,1422.8,2,0,0.0,13.31
14229,1422.9,2,0,0.0,13.27
14230,1423.0,2,0,0.0,13.33
14231,1423.1,2,0,0.0,13.3
14232,1423.2,2,0,0.0,13.28
14233,1423.3,2,0,0.0,13.29
14234,1423.4,3,0,0.0,12.2
14235,1423.5,3,0,0.0,12.21
14236,1423.6,3,0,0.0,12.19
14237,1423.7,2,1,0.0,11.71
14238,1423.8,2,0,0.0,11.73
14239,1423.9,2,0,0.0,11.69
14240,1424.0,2,0,0.0,11.72
14241,1424.1,3,0,0.0,12.2
14242,1424.2,3,0,0.0,12.2
14243,1424.3,3,0,0.0,12.21
14244,1424.4,3,0,0.0,12.2
14245,1424.5,3,0,0.0,12.2
14246,1424.6,3,0,0.0,12.2
14247,1424.7,2,1,0.0,11.71
14248,1424.8,2,0,0.0,11.69
14249,1424.9,2,0,0.0,11.73
14250,1425.0,2,0,0.0,11.69
14251,1425.1,2,0,0.0,11.71
14252,1425.2,2,0,0.0,11.68
14253,1425.3,3,0,0.0,11.33
14254,1425.4,3,0,0.0,11.32
14255,1425.5,3,0,0.0,11.3
14256,1425.6,3,0,0.0,11.29
14257,1425.7,3,0,0.0,11.29
14258,1425.8,3,0,0.0,11.27
14259,1425.9,3,0,0.0,11.28
14260,1426.0,3,0,0.0,11.3
14261,1426.1,3,0,0.0,11.29
14262,1426.2,3,0,0.0,11.26
14263,1426.3,4,0,0.0,11.92
14264,1426.4,4,0,0.0,11.93
14265,1426.5,4,0,0.0,11.91
14266,1426.6,4,0,0.0,11.91
14267,1426.7,4,0,0.0,11.88
14268,1426.8,4,0,0.0,11.91
14269,1426.9,4,0,0.0,11.9
14270,1427.0,4,0,0.0,11.88
14271,1427.1,4,0,0.0,11.9
14272,1427.2,4,0,0.0,11.87
14273,1427.3,4,0,0.0,11.89
14274,1427.4,4,0,0.0,11.88
14275,1427.5,4,0,0.0,11.88
14276,1427.6,4,0,0.0,11.89
14277,1427.7,4,0,0.0,11.88
14278,1427.8,4,0,0.0,11.89
14279,1427.9,4,0,0.0,11.89
14280,1428.0,4,0,0.0,11.87
14281,1428.1,4,0,0.0,11.88
14282,1428.2,4,0,0.0,11.85
14283,1428.3,4,0,0.0,11.88
14284,1428.4,4,0,0.0,11.9
14285,1428.5,4,0,0.0,11.87
14286,1428.6,4,0,0.0,11.86
14287,1428.7,4,0,0.0,11.85
14288,1428.8,4,0,0.0,11.9
14289,1428.9,4,0,0.0,11.86
14290,1429.0,4,0,0.0,11.88
14291,1429.1,4,1,0.0,11.99
14292,1429.2,4,0,0.0,11.97
14293,1429.3,4,0,0.0,11.98
14294,1429.4,4,0,0.0,12.01
14295,1429.5,4,0,0.0,11.99
14296,1429.6,4,0,0.0,11.98
14297,1429.7,3,1,0.0,11.3
14298,1429.8,2,1,0.0,10.01
14299,1429.9,2,0,0.0,10.06
14300,1430.0,2,0,0.0,10.0
14301,1430.1,2,0,0.0,10.05
14302,1430.2,2,0,0.0,10.06
14303,1430.3,2,0,0.0,10.01
14304,1430.4,2,0,0.0,10.03
14305,1430.5,2,0,0.0,10.01
14306,1430.6,2,0,0.0,10.01
14307,1430.7,2,0,0.0,10.04
14308,1430.8,2,0,0.0,10.02
14309,1430.9,2,0,0.0,10.06
14310,1431.0,3,0,0.0,11.33
14311,1431.1,3,0,0.0,11.31
14312,1431.2,3,0,0.0,11.32
14313,1431.3,3,0,0.0,11.33
14314,1431.4,3,0,0.0,11.29
14315,1431.5,3,0,0.0,11.31
14316,1431.6,3,0,0.0,11.35
14317,1431.7,3,0,0.0,11.34
14318,1431.8,3,0,0.0,11.3
14319,1431.9,3,0,0.0,11.34
14320,1432.0,3,0,0.0,11.33
14321,1432.1,3,0,0.0,11.35
14322,1432.2,3,0,0.0,11.31
14323,1432.3,3,0,0.0,11.33
14324,1432.4,3,0,0.0,11.33
14325,1432.5,3,0,0.0,11.32
14326,1432.6,3,0,0.0,11.29
14327,1432.7,3,0,0.0,11.28
14328,1432.8,3,0,0.0,11.31
14329,1432.9,3,0,0.0,11.3
14330,1433.0,3,0,0.0,11.29
14331,1433.1,3,0,0.0,11.33
14332,1433.2,3,0,0.0,11.31
14333,1433.3,3,0,0.0,11.31
14334,1433.4,3,0,0.0,11.32
14335,1433.5,3,0,0.0,11.27
14336,1433.6,3,0,0.0,11.28
14337,1433.7,3,0,0.0,11.31
14338,1433.8,3,0,0.0,11.26
14339,1433.9,3,0,0.0,11.3
14340,1434.0,3,0,0.0,11.31
14341,1434.1,4,0,0.0,11.98
14342,1434.2,4,0,0.0,11.94
14343,1434.3,4,0,0.0,11.95
14344,1434.4,4,0,0.0,11.96
14345,1434.5,4,0,0.0,11.96
14346,1434.6,4,0,0.0,11.95
14347,1434.7,3,1,0.0,11.33
14348,1434.8,3,0,0.0,11.26
14349,1434.9,3,0,0.0,11.27
14350,1435.0,4,0,0.0,11.89
14351,1435.1,4,0,0.0,11.86
14352,1435.2,4,0,0.0,11.89
14353,1435.3,4,0,0.0,11.85
14354,1435.4,4,0,0.0,11.86
14355,1435.5,4,0,0.0,11.88
14356,1435.6,3,1,0.0,12.53
14357,1435.7,3,0,0.0,12.62
14358,1435.8,3,0,0.0,12.64
14359,1435.9,3,0,0.0,12.71
14360,1436.0,3,0,0.0,12.82
14361,1436.1,3,0,0.0,12.88
14362,1436.2,3,0,0.0,12.9
14363,1436.3,3,0,0.0,12.98
14364,1436.4,3,0,0.0,13.08
14365,1436.5,3,0,0.0,13.13
14366,1436.6,3,0,0.0,13.19
14367,1436.7,4,0,0.0,13.37
14368,1436.8,4,0,0.0,13.38
14369,1436.9,4,0,0.0,13.33
14370,1437.0,4,0,0.0,13.37
14371,1437.1,4,0,0.0,13.36
14372,1437.2,4,0,0.0,13.37
14373,1437.3,4,0,0.0,13.35
14374,1437.4,4,0,0.0,13.33
14375,1437.5,4,0,0.0,13.33
14376,1437.6,3,1,0.0,13.78
14377,1437.7,3,0,0.0,13.8
14378,1437.8,3,0,0.0,13.83
14379,1437.9,3,0,0.0,13.79
14380,1438.0,3,0,0.0,13.78
14381,1438.1,3,0,0.0,13.81
14382,1438.2,3,0,0.0,13.82
14383,1438.3,3,0,0.0,13.82
14384,1438.4,3,0,0.0,13.87
14385,1438.5,2,1,0.0,13.88
14386,1438.6,2,0,0.0,13.9
14387,1438.7,2,0,0.0,13.89
14388,1438.8,2,0,0.0,13.92
14389,1438.9,2,0,0.0,13.95
14390,1439.0,2,0,0.0,13.91
14391,1439.1,3,0,0.0,13.49
14392,1439.2,3,0,0.0,13.46
14393,1439.3,3,0,0.0,13.47
14394,1439.4,3,0,0.0,13.43
14395,1439.5,3,0,0.0,13.45
14396,1439.6,3,0,0.0,13.47
14397,1439.7,2,1,0.0,13.91
14398,1439.8,2,0,0.0,13.91
14399,1439.9,2,0,0.0,13.95
14400,1440.0,2,0,0.0,13.88
14401,1440.1,2,0,0.0,13.93
14402,1440.2,1,1,0.0,13.98
14403,1440.3,1,0,0.0,13.9
14404,1440.4,1,0,0.0,13.96
14405,1440.5,1,0,0.0,13.95
14406,1440.6,1,0,0.0,13.88
14407,1440.7,1,0,0.0,13.92
14408,1440.8,1,0,0.0,13.91
14409,1440.9,1,0,0.0,13.95
14410,1441.0,1,0,0.0,13.9
14411,1441.1,1,0,0.0,13.88
14412,1441.2,1,0,0.0,13.92
14413,1441.3,1,0,0.0,13.93
14414,1441.4,1,0,0.0,13.92
14415,1441.5,1,0,0.0,13.9
14416,1441.6,1,0,0.0,13.89
14417,1441.7,1,0,0.0,13.88
14418,1441.8,1,0,0.0,13.96
14419,1441.9,1,0,0.0,14.0
14420,1442.0,1,0,0.0,13.98
14421,1442.1,1,0,0.0,13.9
14422,1442.2,1,0,0.0,13.97
14423,1442.3,1,0,0.0,14.0
14424,1442.4,2,0,0.0,12.8
14425,1442.5,2,0,0.0,12.78
14426,1442.6,2,0,0.0,12.75
14427,1442.7,2,0,0.0,12.8
14428,1442.8,2,0,0.0,12.83
14429,1442.9,2,0,0.0,12.79
14430,1443.0,2,0,0.0,12.8
14431,1443.1,2,0,0.0,12.73
14432,1443.2,2,0,0.0,12.74
14433,1443.3,2,0,0.0,12.75
14434,1443.4,2,0,0.0,12.77
14435,1443.5,2,0,0.0,12.76
14436,1443.6,2,0,0.0,12.81
14437,1443.7,3,0,0.0,13.22
14438,1443.8,3,0,0.0,13.21
14439,1443.9,3,0,0.0,13.16
14440,1444.0,3,0,0.0,13.15
14441,1444.1,4,0,0.0,12.86
14442,1444.2,4,0,0.0,12.86
14443,1444.3,4,0,0.0,12.84
14444,1444.4,4,0,0.0,12.87
14445,1444.5,4,0,0.0,12.84
14446,1444.6,4,0,0.0,12.86
14447,1444.7,3,1,0.0,13.15
14448,1444.8,3,0,0.0,13.18
14449,1444.9,3,0,0.0,13.17
14450,1445.0,3,0,0.0,13.16
14451,1445.1,3,0,0.0,13.15
14452,1445.2,3,0,0.0,13.14
14453,1445.3,3,0,0.0,13.19
14454,1445.4,3,0,0.0,13.16
14455,1445.5,3,0,0.0,13.19
14456,1445.6,3,0,0.0,13.19
14457,1445.7,3,0,0.0,13.19
14458,1445.8,4,0,0.0,12.38
14459,1445.9,3,1,0.0,11.84
14460,1446.0,2,1,0.0,12.8
14461,1446.1,2,0,0.0,12.76
14462,1446.2,2,0,0.0,12.8
14463,1446.3,2,0,0.0,12.78
14464,1446.4,2,0,0.0,12.8
14465,1446.5,2,0,0.0,12.73
14466,1446.6,2,0,0.0,12.78
14467,1446.7,2,0,0.0,12.81
14468,1446.8,2,0,0.0,12.74
14469,1446.9,2,0,0.0,12.72
14470,1447.0,2,0,0.0,12.79
14471,1447.1,2,0,0.0,12.74
14472,1447.2,1,1,0.0,11.64
14473,1447.3,1,0,0.0,11.67
14474,1447.4,1,0,0.0,11.6
14475,1447.5,1,0,0.0,11.66
14476,1447.6,1,0,0.0,11.58
14477,1447.7,1,0,0.0,11.64
14478,1447.8,1,0,0.0,11.65
14479,1447.9,1,0,0.0,11.58
14480,1448.0,2,0,0.0,12.81
14481,1448.1,2,0,0.0,12.8
14482,1448.2,2,0,0.0,12.78
14483,1448.3,2,0,0.0,12.73
14484,1448.4,2,0,0.0,12.83
14485,1448.5,2,0,0.0,12.79
14486,1448.6,2,0,0.0,12.81
14487,1448.7,2,0,0.0,12.77
14488,1448.8,2,0,0.0,12.81
14489,1448.9,2,0,0.0,12.78
14490,1449.0,3,0,0.0,13.2
14491,1449.1,3,0,0.0,13.2
14492,1449.2,3,0,0.0,13.17
14493,1449.3,3,0,0.0,13.14
14494,1449.4,3,0,0.0,13.15
14495,1449.5,3,0,0.0,13.14
14496,1449.6,2,1,0.0,12.79
14497,1449.7,2,0,0.0,12.74
14498,1449.8,2,0,0.0,12.83
14499,1449.9,2,0,0.0,12.77
14500,1450.0,2,0,0.0,12.78
14501,1450.1,2,0,0.0,12.8
14502,1450.2,2,0,0.0,12.74
14503,1450.3,2,0,0.0,12.84
14504,1450.4,2,0,0.0,12.77
14505,1450.5,2,0,0.0,12.82
14506,1450.6,2,0,0.0,12.8
14507,1450.7,2,0,0.0,12.76
14508,1450.8,2,0,0.0,12.78
14509,1450.9,2,0,0.0,12.75
14510,1451.0,2,0,0.0,12.78
14511,1451.1,2,0,0.0,12.74
14512,1451.2,2,0,0.0,12.79
14513,1451.3,2,0,0.0,12.77
14514,1451.4,2,0,0.0,12.83
14515,1451.5,2,0,0.0,12.81
14516,1451.6,2,0,0.0,12.76
14517,1451.7,2,0,0.0,12.75
14518,1451.8,2,0,0.0,12.74
14519,1451.9,2,0,0.0,12.73
14520,1452.0,2,0,0.0,12.76
14521,1452.1,2,0,0.0,12.75
14522,1452.2,2,0,0.0,12.78
14523,1452.3,2,0,0.0,12.76
14524,1452.4,3,0,0.0,13.21
14525,1452.5,3,0,0.0,13.14
14526,1452.6,3,0,0.0,13.16
14527,1452.7,3,0,0.0,13.17
14528,1452.8,3,0,0.0,13.15
14529,1452.9,3,0,0.0,13.19
14530,1453.0,3,0,0.0,13.14
14531,1453.1,3,0,0.0,13.14
14532,1453.2,3,0,0.0,13.18
14533,1453.3,3,0,0.0,13.14
14534,1453.4,2,1,0.0,13.91
14535,1453.5,2,0,0.0,13.88
14536,1453.6,2,0,0.0,13.94
14537,1453.7,3,0,0.0,13.96
14538,1453.8,3,0,0.0,13.95
14539,1453.9,3,0,0.0,13.92
14540,1454.0,4,0,0.0,13.94
14541,1454.1,4,0,0.0,13.96
14542,1454.2,4,0,0.0,13.9
14543,1454.3,4,0,0.0,13.94
14544,1454.4,4,0,0.0,13.94
14545,1454.5,4,0,0.0,13.95
14546,1454.6,3,1,0.0,13.95
14547,1454.7,3,0,0.0,13.94
14548,1454.8,3,0,0.0,13.9
14549,1454.9,3,0,0.0,13.98
14550,1455.0,3,0,0.0,13.94
14551,1455.1,3,0,0.0,13.93
14552,1455.2,3,0,0.0,13.92
14553,1455.3,3,0,0.0,13.95
14554,1455.4,3,0,0.0,13.95
14555,1455.5,3,0,0.0,13.91
14556,1455.6,3,0,0.0,13.94
14557,1455.7,3,0,0.0,13.9
14558,1455.8,3,0,0.0,13.9
14559,1455.9,2,1,0.0,13.89
14560,1456.0,2,0,0.0,13.94
14561,1456.1,2,0,0.0,13.96
14562,1456.2,2,0,0.0,13.94
14563,1456.3,2,0,0.0,13.96
14564,1456.4,2,0,0.0,13.89
14565,1456.5,2,0,0.0,13.88
14566,1456.6,2,0,0.0,13.92
14567,1456.7,2,0,0.0,13.9
14568,1456.8,2,0,0.0,13.89
14569,1456.9,2,0,0.0,13.91
14570,1457.0,2,0,0.0,13.92
14571,1457.1,2,0,0.0,13.96
14572,1457.2,1,1,0.0,13.97
14573,1457.3,1,0,0.0,13.89
14574,1457.4,1,0,0.0,13.93
14575,1457.5,1,0,0.0,13.89
14576,1457.6,1,0,0.0,13.91
14577,1457.7,1,0,0.0,13.94
14578,1457.8,1,0,0.0,13.9
14579,1457.9,1,0,0.0,13.9
14580,1458.0,1,0,0.0,13.94
14581,1458.1,1,0,0.0,13.88
14582,1458.2,1,0,0.0,13.87
14583,1458.3,1,0,0.0,13.89
14584,1458.4,1,0,0.0,14.0
14585,1458.5,1,0,0.0,13.92
14586,1458.6,1,0,0.0,13.91
14587,1458.7,1,0,0.0,13.99
14588,1458.8,1,0,0.0,13.88
14589,1458.9,1,0,0.0,13.96
14590,1459.0,2,0,0.0,13.55
14591,1459.1,2,0,0.0,13.52
14592,1459.2,2,0,0.0,13.5
14593,1459.3,2,0,0.0,13.54
14594,1459.4,3,0,0.0,13.29
14595,1459.5,3,0,0.0,13.25
14596,1459.6,2,1,0.0,13.31
14597,1459.7,2,0,0.0,13.26
14598,1459.8,2,0,0.0,13.32
14599,1459.9,2,0,0.0,13.28
14600,1460.0,2,0,0.0,13.3
14601,1460.1,2,0,0.0,13.33
14602,1460.2,2,0,0.0,13.29
14603,1460.3,2,0,0.0,13.25
14604,1460.4,2,0,0.0,13.35
14605,1460.5,2,0,0.0,13.3
14606,1460.6,2,0,0.0,13.35
14607,1460.7,2,0,0.0,13.28
14608,1460.8,2,0,0.0,13.27
14609,1460.9,2,0,0.0,13.32
14610,1461.0,2,0,0.0,13.3
14611,1461.1,3,0,0.0,13.54
14612,1461.2,3,0,0.0,13.51
14613,1461.3,3,0,0.0,13.55
14614,1461.4,3,0,0.0,13.56
14615,1461.5,3,0,0.0,13.49
14616,1461.6,3,0,0.0,13.49
14617,1461.7,3,0,0.0,13.53
14618,1461.8,3,0,0.0,13.5
14619,1461.9,3,0,0.0,13.5
14620,1462.0,3,0,0.0,13.52
14621,1462.1,3,0,0.0,13.51
14622,1462.2,3,0,0.0,13.53
14623,1462.3,3,0,0.0,13.53
14624,1462.4,3,0,0.0,13.5
14625,1462.5,3,0,0.0,13.5
14626,1462.6,3,0,0.0,13.51
14627,1462.7,3,0,0.0,13.53
14628,1462.8,3,0,0.0,13.51
14629,1462.9,2,1,0.0,13.27
14630,1463.0,2,0,0.0,13.32
14631,1463.1,2,0,0.0,13.32
14632,1463.2,2,0,0.0,13.31
14633,1463.3,2,0,0.0,13.31
14634,1463.4,2,0,0.0,13.32
14635,1463.5,2,0,0.0,13.28
14636,1463.6,2,0,0.0,13.29
14637,1463.7,2,0,0.0,13.34
14638,1463.8,2,0,0.0,13.3
14639,1463.9,2,0,0.0,13.32
14640,1464.0,3,0,0.0,13.29
14641,1464.1,3,0,0.0,13.3
14642,1464.2,3,0,0.0,13.27
14643,1464.3,3,0,0.0,13.27
14644,1464.4,3,0,0.0,13.23
14645,1464.5,3,0,0.0,13.29
14646,1464.6,1,2,0.0,12.74
14647,1464.7,1,0,0.0,12.74
14648,1464.8,1,0,0.0,12.66
14649,1464.9,1,0,0.0,12.67
14650,1465.0,1,0,0.0,12.62
14651,1465.1,2,0,0.0,13.31
14652,1465.2,2,0,0.0,13.35
14653,1465.3,2,0,0.0,13.29
14654,1465.4,2,0,0.0,13.31
14655,1465.5,2,0,0.0,13.28
14656,1465.6,2,0,0.0,13.28
14657,1465.7,2,0,0.0,13.34
14658,1465.8,2,0,0.0,13.36
14659,1465.9,2,0,0.0,13.31
14660,1466.0,3,0,0.0,12.09
14661,1466.1,3,0,0.0,12.07
14662,1466.2,3,0,0.0,12.09
14663,1466.3,3,0,0.0,12.11
14664,1466.4,3,0,0.0,12.11
14665,1466.5,3,0,0.0,12.16
14666,1466.6,3,0,0.0,12.17
14667,1466.7,3,0,0.0,12.21
14668,1466.8,3,0,0.0,12.18
14669,1466.9,3,0,0.0,12.19
14670,1467.0,3,0,0.0,12.18
14671,1467.1,3,0,0.0,12.18
14672,1467.2,3,0,0.0,12.2
14673,1467.3,3,0,0.0,12.17
14674,1467.4,3,0,0.0,12.19
14675,1467.5,3,0,0.0,12.21
14676,1467.6,3,0,0.0,12.16
14677,1467.7,3,0,0.0,12.21
14678,1467.8,3,0,0.0,12.18
14679,1467.9,3,0,0.0,12.18
14680,1468.0,3,0,0.0,12.19
14681,1468.1,3,0,0.0,12.17
14682,1468.2,3,0,0.0,12.21
14683,1468.3,3,0,0.0,12.21
14684,1468.4,3,0,0.0,12.18
14685,1468.5,3,0,0.0,12.18
14686,1468.6,3,0,0.0,12.22
14687,1468.7,3,0,0.0,12.19
14688,1468.8,3,0,0.0,12.2
14689,1468.9,3,0,0.0,12.2
14690,1469.0,4,0,0.0,12.66
14691,1469.1,4,0,0.0,12.63
14692,1469.2,4,0,0.0,12.63
14693,1469.3,4,0,0.0,12.62
14694,1469.4,4,0,0.0,12.6
14695,1469.5,3,1,0.0,12.58
14696,1469.6,2,1,0.0,11.95
14697,1469.7,2,0,0.0,11.96
14698,1469.8,3,0,0.0,12.01
14699,1469.9,3,0,0.0,12.01
14700,1470.0,3,0,0.0,11.99
14701,1470.1,3,0,0.0,11.99
14702,1470.2,3,0,0.0,12.0
14703,1470.3,3,0,0.0,12.01
14704,1470.4,3,0,0.0,12.01
14705,1470.5,3,0,0.0,12.0
14706,1470.6,3,0,0.0,11.99
14707,1470.7,3,0,0.0,12.01
14708,1470.8,4,0,0.0,11.81
14709,1470.9,4,0,0.0,11.81
14710,1471.0,4,0,0.0,11.77
14711,1471.1,4,0,0.0,11.81
14712,1471.2,4,0,0.0,11.76
14713,1471.3,4,0,0.0,11.76
14714,1471.4,4,0,0.0,11.81
14715,1471.5,4,0,0.0,11.77
14716,1471.6,4,0,0.0,11.77
14717,1471.7,4,0,0.0,11.77
14718,1471.8,4,0,0.0,11.79
14719,1471.9,4,0,0.0,11.77
14720,1472.0,4,0,0.0,11.76
14721,1472.1,4,0,0.0,11.8
14722,1472.2,4,0,0.0,11.77
14723,1472.3,4,0,0.0,11.81
14724,1472.4,4,0,0.0,11.8
14725,1472.5,4,0,0.0,11.77
14726,1472.6,4,0,0.0,11.81
14727,1472.7,4,0,0.0,11.81
14728,1472.8,4,0,0.0,11.78
14729,1472.9,4,0,0.0,11.82
14730,1473.0,4,0,0.0,11.77
14731,1473.1,4,0,0.0,11.78
14732,1473.2,4,0,0.0,11.76
14733,1473.3,4,0,0.0,11.78
14734,1473.4,4,0,0.0,11.78
14735,1473.5,4,0,0.0,11.78
14736,1473.6,4,0,0.0,11.79
14737,1473.7,4,0,0.0,11.77
14738,1473.8,3,1,0.0,11.73
14739,1473.9,4,0,0.0,12.18
14740,1474.0,4,0,0.0,12.17
14741,1474.1,4,0,0.0,12.16
14742,1474.2,4,0,0.0,12.16
14743,1474.3,3,1,0.0,11.61
14744,1474.4,3,0,0.0,11.58
14745,1474.5,3,1,0.0,10.38
14746,1474.6,3,0,0.0,10.36
14747,1474.7,2,1,0.0,10.52
14748,1474.8,2,0,0.0,10.56
14749,1474.9,2,0,0.0,10.54
14750,1475.0,2,0,0.0,10.56
14751,1475.1,2,0,0.0,10.54
14752,1475.2,2,0,0.0,10.53
14753,1475.3,2,0,0.0,10.58
14754,1475.4,2,0,0.0,10.55
14755,1475.5,2,0,0.0,10.55
14756,1475.6,2,0,0.0,10.54
14757,1475.7,2,0,0.0,10.57
14758,1475.8,2,0,0.0,10.54
14759,1475.9,2,0,0.0,10.58
14760,1476.0,2,0,0.0,10.54
14761,1476.1,2,0,0.0,10.55
14762,1476.2,2,0,0.0,10.54
14763,1476.3,2,0,0.0,10.57
14764,1476.4,3,0,0.0,11.69
14765,1476.5,3,0,0.0,11.66
14766,1476.6,3,0,0.0,11.65
14767,1476.7,3,0,0.0,11.64
14768,1476.8,3,0,0.0,11.64
14769,1476.9,3,0,0.0,11.66
14770,1477.0,3,0,0.0,11.67
14771,1477.1,3,0,0.0,11.69
14772,1477.2,3,0,0.0,11.68
14773,1477.3,3,0,0.0,11.64
14774,1477.4,3,0,0.0,11.65
14775,1477.5,3,0,0.0,11.63
14776,1477.6,3,0,0.0,11.63
14777,1477.7,3,0,0.0,11.67
14778,1477.8,3,0,0.0,11.63
14779,1477.9,3,0,0.0,11.65
14780,1478.0,3,0,0.0,11.67
14781,1478.1,3,0,0.0,11.67
14782,1478.2,2,1,0.0,12.48
14783,1478.3,2,0,0.0,12.45
14784,1478.4,2,0,0.0,12.52
14785,1478.5,3,0,0.0,12.94
14786,1478.6,3,0,0.0,12.89
14787,1478.7,3,0,0.0,12.88
14788,1478.8,3,0,0.0,12.95
14789,1478.9,4,0,0.0,13.16
14790,1479.0,4,0,0.0,13.14
14791,1479.1,4,0,0.0,13.11
14792,1479.2,4,0,0.0,13.14
14793,1479.3,4,0,0.0,13.14
14794,1479.4,4,0,0.0,13.14
14795,1479.5,3,1,0.0,12.93
14796,1479.6,3,0,0.0,12.9
14797,1479.7,3,0,0.0,12.87
14798,1479.8,3,0,0.0,12.93
14799,1479.9,3,0,0.0,12.86
14800,1480.0,3,0,0.0,12.89
14801,1480.1,3,0,0.0,12.94
14802,1480.2,3,0,0.0,12.91
14803,1480.3,3,0,0.0,12.9
14804,1480.4,3,0,0.0,12.92
14805,1480.5,3,0,0.0,12.89
14806,1480.6,3,0,0.0,12.92
14807,1480.7,3,0,0.0,12.91
14808,1480.8,3,0,0.0,12.89
14809,1480.9,3,0,0.0,12.91
14810,1481.0,3,0,0.0,12.93
14811,1481.1,3,0,0.0,12.9
14812,1481.2,3,0,0.0,12.91
14813,1481.3,3,0,0.0,12.87
14814,1481.4,3,0,0.0,12.89
14815,1481.5,3,0,0.0,12.9
14816,1481.6,3,0,0.0,12.9
14817,1481.7,3,0,0.0,12.93
14818,1481.8,3,0,0.0,12.9
14819,1481.9,3,0,0.0,12.89
14820,1482.0,2,1,0.0,12.49
14821,1482.1,3,0,0.0,12.99
14822,1482.2,2,1,0.0,13.87
14823,1482.3,2,0,0.0,13.84
14824,1482.4,2,0,0.0,13.94
14825,1482.5,2,0,0.0,13.9
14826,1482.6,2,0,0.0,13.9
14827,1482.7,2,0,0.0,13.9
14828,1482.8,2,0,0.0,13.88
14829,1482.9,2,0,0.0,13.89
14830,1483.0,2,0,0.0,13.84
14831,1483.1,2,0,0.0,13.85
14832,1483.2,2,0,0.0,13.87
14833,1483.3,2,0,0.0,13.85
14834,1483.4,2,0,0.0,13.87
14835,1483.5,2,0,0.0,13.92
14836,1483.6,2,0,0.0,13.92
14837,1483.7,2,0,0.0,13.85
14838,1483.8,2,0,0.0,13.85
14839,1483.9,3,0,0.0,12.75
14840,1484.0,3,0,0.0,12.74
14841,1484.1,3,0,0.0,12.76
14842,1484.2,3,0,0.0,12.79
14843,1484.3,3,0,0.0,12.76
14844,1484.4,3,0,0.0,12.75
14845,1484.5,3,0,0.0,12.73
14846,1484.6,2,1,0.0,13.93
14847,1484.7,2,0,0.0,13.91
14848,1484.8,2,0,0.0,13.88
14849,1484.9,2,0,0.0,13.89
14850,1485.0,2,0,0.0,13.93
14851,1485.1,2,0,0.0,13.92
14852,1485.2,2,0,0.0,13.87
14853,1485.3,2,0,0.0,13.9
14854,1485.4,2,0,0.0,13.86
14855,1485.5,2,0,0.0,13.93
14856,1485.6,1,1,0.0,13.9
14857,1485.7,1,0,0.0,13.96
14858,1485.8,1,0,0.0,13.92
14859,1485.9,1,0,0.0,13.93
14860,1486.0,1,0,0.0,13.98
14861,1486.1,1,0,0.0,13.92
14862,1486.2,1,0,0.0,13.91
14863,1486.3,1,0,0.0,13.89
14864,1486.4,1,0,0.0,13.87
14865,1486.5,1,0,0.0,13.94
14866,1486.6,1,0,0.0,13.92
14867,1486.7,1,0,0.0,13.9
14868,1486.8,1,0,0.0,13.96
14869,1486.9,1,0,0.0,13.98
14870,1487.0,1,0,0.0,13.93
14871,1487.1,1,0,0.0,13.98
14872,1487.2,2,0,0.0,13.99
14873,1487.3,2,0,0.0,13.9
14874,1487.4,2,0,0.0,13.96
14875,1487.5,2,0,0.0,13.95
14876,1487.6,2,0,0.0,13.92
14877,1487.7,2,0,0.0,13.92
14878,1487.8,3,0,0.0,13.97
14879,1487.9,3,0,0.0,13.93
14880,1488.0,3,0,0.0,13.93
14881,1488.1,3,0,0.0,13.96
14882,1488.2,3,0,0.0,13.94
14883,1488.3,3,0,0.0,13.92
14884,1488.4,3,0,0.0,13.94
14885,1488.5,3,0,0.0,13.92
14886,1488.6,3,0,0.0,13.91
14887,1488.7,3,0,0.0,13.91
14888,1488.8,3,0,0.0,13.92
14889,1488.9,4,0,0.0,13.92
14890,1489.0,4,0,0.0,13.94
14891,1489.1,4,0,0.0,13.88
14892,1489.2,4,0,0.0,13.9
14893,1489.3,4,0,0.0,13.91
14894,1489.4,4,0,0.0,13.89
14895,1489.5,3,1,0.0,13.94
14896,1489.6,3,0,0.0,13.92
14897,1489.7,3,0,0.0,13.92
14898,1489.8,3,0,0.0,13.92
14899,1489.9,3,0,0.0,13.93
14900,1490.0,3,0,0.0,13.93
14901,1490.1,3,0,0.0,13.96
14902,1490.2,3,0,0.0,13.96
14903,1490.3,3,0,0.0,13.95
14904,1490.4,3,0,0.0,13.95
14905,1490.5,3,0,0.0,13.92
14906,1490.6,3,0,0.0,13.94
14907,1490.7,2,1,0.0,13.91
14908,1490.8,2,0,0.0,13.98
14909,1490.9,2,0,0.0,13.9
14910,1491.0,2,0,0.0,13.97
14911,1491.1,2,0,0.0,13.88
14912,1491.2,2,0,0.0,13.98
14913,1491.3,1,1,0.0,13.91
14914,1491.4,1,0,0.0,13.88
14915,1491.5,1,0,0.0,13.89
14916,1491.6,1,0,0.0,13.96
14917,1491.7,1,0,0.0,13.9
14918,1491.8,1,0,0.0,13.97
14919,1491.9,1,0,0.0,13.94
14920,1492.0,1,0,0.0,13.9
14921,1492.1,1,0,0.0,13.89
14922,1492.2,1,0,0.0,13.96
14923,1492.3,1,0,0.0,13.98
14924,1492.4,1,0,0.0,13.95
14925,1492.5,1,0,0.0,13.9
14926,1492.6,1,0,0.0,13.97
14927,1492.7,1,0,0.0,13.99
14928,1492.8,1,0,0.0,13.88
14929,1492.9,1,0,0.0,13.96
14930,1493.0,1,0,0.0,13.97
14931,1493.1,1,0,0.0,13.98
14932,1493.2,1,0,0.0,13.99
14933,1493.3,1,0,0.0,13.98
14934,1493.4,1,0,0.0,13.96
14935,1493.5,2,0,0.0,13.95
14936,1493.6,2,0,0.0,13.94
14937,1493.7,2,0,0.0,13.92
14938,1493.8,3,0,0.0,13.95
14939,1493.9,3,0,0.0,13.89
14940,1494.0,3,0,0.0,13.92
14941,1494.1,3,0,0.0,13.9
14942,1494.2,3,0,0.0,13.9
14943,1494.3,3,0,0.0,13.94
14944,1494.4,2,1,0.0,13.98
14945,1494.5,2,0,0.0,13.91
14946,1494.6,2,0,0.0,13.94
14947,1494.7,2,0,0.0,13.92
14948,1494.8,2,0,0.0,13.98
14949,1494.9,2,0,0.0,13.94
14950,1495.0,2,0,0.0,13.92
14951,1495.1,2,0,0.0,13.94
14952,1495.2,2,0,0.0,13.92
14953,1495.3,2,0,0.0,13.94
14954,1495.4,2,0,0.0,13.9
14955,1495.5,2,0,0.0,13.93
14956,1495.6,2,0,0.0,13.98
14957,1495.7,2,0,0.0,13.97
14958,1495.8,2,0,0.0,13.95
14959,1495.9,3,0,0.0,13.95
14960,1496.0,3,0,0.0,13.92
14961,1496.1,3,0,0.0,13.92
14962,1496.2,3,0,0.0,13.93
14963,1496.3,3,0,0.0,13.91
14964,1496.4,3,0,0.0,13.96
14965,1496.5,3,0,0.0,13.92
14966,1496.6,3,0,0.0,13.97
14967,1496.7,3,0,0.0,13.94
14968,1496.8,3,0,0.0,13.96
14969,1496.9,3,0,0.0,13.93
14970,1497.0,2,1,0.0,13.93
14971,1497.1,2,0,0.0,13.96
14972,1497.2,2,0,0.0,13.94
14973,1497.3,2,0,0.0,13.96
14974,1497.4,2,0,0.0,13.91
14975,1497.5,2,0,0.0,13.98
14976,1497.6,2,0,0.0,13.93
14977,1497.7,2,0,0.0,13.94
14978,1497.8,2,0,0.0,13.93
14979,1497.9,2,0,0.0,13.92
14980,1498.0,2,0,0.0,13.97
14981,1498.1,2,0,0.0,13.99
14982,1498.2,2,0,0.0,13.88
14983,1498.3,2,0,0.0,13.96
14984,1498.4,2,0,0.0,13.94
14985,1498.5,2,0,0.0,13.9
14986,1498.6,2,0,0.0,13.95
14987,1498.7,2,0,0.0,13.89
14988,1498.8,3,0,0.0,12.92
14989,1498.9,3,0,0.0,12.89
14990,1499.0,3,0,0.0,12.92
14991,1499.1,4,0,0.0,13.2
14992,1499.2,4,0,0.0,13.16
14993,1499.3,4,0,0.0,13.17
14994,1499.4,3,1,0.0,12.91
14995,1499.5,2,1,0.0,13.94
14996,1499.6,2,0,0.0,13.94
14997,1499.7,2,0,0.0,13.94
14998,1499.8,2,0,0.0,13.93
14999,1499.9,2,0,0.0,13.96
15000,1500.0,2,0,0.0,13.93
15001,1500.1,3,0,0.0,12.6
15002,1500.2,3,0,0.0,12.61
15003,1500.3,3,0,0.0,12.61
15004,1500.4,3,0,0.0,12.63
15005,1500.5,3,0,0.0,12.65
15006,1500.6,3,0,0.0,12.62
15007,1500.7,3,0,0.0,12.64
15008,1500.8,3,0,0.0,12.59
15009,1500.9,3,0,0.0,12.65
15010,1501.0,3,0,0.0,12.63
15011,1501.1,3,0,0.0,12.62
15012,1501.2,3,0,0.0,12.63
15013,1501.3,3,0,0.0,12.64
15014,1501.4,3,0,0.0,12.62
15015,1501.5,3,0,0.0,12.62
15016,1501.6,3,0,0.0,12.61
15017,1501.7,3,0,0.0,12.62
15018,1501.8,3,0,0.0,12.63
15019,1501.9,3,0,0.0,12.6
15020,1502.0,3,0,0.0,12.61
15021,1502.1,3,0,0.0,12.62
15022,1502.2,3,0,0.0,12.62
15023,1502.3,3,0,0.0,12.6
15024,1502.4,3,0,0.0,12.63
15025,1502.5,4,0,0.0,11.94
15026,1502.6,4,0,0.0,11.97
15027,1502.7,2,2,0.0,11.96
15028,1502.8,2,0,0.0,11.92
15029,1502.9,2,0,0.0,11.97
15030,1503.0,2,0,0.0,11.98
15031,1503.1,2,0,0.0,11.98
15032,1503.2,2,0,0.0,11.95
15033,1503.3,2,0,0.0,11.95
15034,1503.4,2,0,0.0,11.93
15035,1503.5,2,0,0.0,11.97
15036,1503.6,2,0,0.0,11.98
15037,1503.7,2,0,0.0,11.98
15038,1503.8,3,0,0.0,11.48
15039,1503.9,3,0,0.0,11.49
15040,1504.0,3,0,0.0,11.49
15041,1504.1,3,0,0.0,11.46
15042,1504.2,3,0,0.0,11.48
15043,1504.3,3,0,0.0,11.46
15044,1504.4,2,1,0.0,12.16
15045,1504.5,1,1,0.0,13.95
15046,1504.6,2,0,0.0,13.2
15047,1504.7,2,0,0.0,13.21
15048,1504.8,3,0,0.0,13.27
15049,1504.9,3,0,0.0,13.25
15050,1505.0,3,0,0.0,13.22
15051,1505.1,3,0,0.0,13.23
15052,1505.2,3,0,0.0,13.25
15053,1505.3,3,0,0.0,13.22
15054,1505.4,3,0,0.0,13.22
15055,1505.5,3,0,0.0,13.27
15056,1505.6,3,0,0.0,13.25
15057,1505.7,3,0,0.0,13.29
15058,1505.8,3,0,0.0,13.23
15059,1505.9,3,0,0.0,13.22
15060,1506.0,3,0,0.0,13.28
15061,1506.1,3,0,0.0,13.23
15062,1506.2,3,0,0.0,13.25
15063,1506.3,3,0,0.0,13.25
15064,1506.4,3,0,0.0,13.24
15065,1506.5,3,0,0.0,13.23
15066,1506.6,3,0,0.0,13.25
15067,1506.7,3,0,0.0,13.21
15068,1506.8,3,0,0.0,13.24
15069,1506.9,3,0,0.0,13.21
15070,1507.0,3,0,0.0,13.27
15071,1507.1,4,0,0.0,12.45
15072,1507.2,4,0,0.0,12.43
15073,1507.3,4,0,0.0,12.45
15074,1507.4,4,0,0.0,12.43
15075,1507.5,4,0,0.0,12.39
15076,1507.6,4,0,0.0,12.42
15077,1507.7,4,0,0.0,12.4
15078,1507.8,4,0,0.0,12.45
15079,1507.9,4,0,0.0,12.43
15080,1508.0,4,0,0.0,12.42
15081,1508.1,4,0,0.0,12.44
15082,1508.2,4,0,0.0,12.45
15083,1508.3,3,1,0.0,11.89
15084,1508.4,3,0,0.0,11.95
15085,1508.5,2,1,0.0,11.65
15086,1508.6,2,0,0.0,11.64
15087,1508.7,2,0,0.0,11.68
15088,1508.8,3,0,0.0,12.47
15089,1508.9,3,0,0.0,12.43
15090,1509.0,3,0,0.0,12.41
15091,1509.1,3,0,0.0,12.43
15092,1509.2,3,0,0.0,12.45
15093,1509.3,3,0,0.0,12.44
15094,1509.4,2,1,0.0,11.72
15095,1509.5,2,0,0.0,11.68
15096,1509.6,2,0,0.0,11.7
15097,1509.7,2,0,0.0,11.66
15098,1509.8,2,0,0.0,11.69
15099,1509.9,2,0,0.0,11.7
15100,1510.0,2,0,0.0,11.68
15101,1510.1,2,0,0.0,11.68
15102,1510.2,2,0,0.0,11.64
15103,1510.3,2,0,0.0,11.65
15104,1510.4,2,0,0.0,11.65
15105,1510.5,3,0,0.0,12.24
15106,1510.6,3,0,0.0,12.21
15107,1510.7,3,0,0.0,12.24
15108,1510.8,3,0,0.0,12.21
15109,1510.9,3,0,0.0,12.23
15110,1511.0,3,0,0.0,12.21
15111,1511.1,3,0,0.0,12.23
15112,1511.2,3,0,0.0,12.2
15113,1511.3,3,0,0.0,12.22
15114,1511.4,3,0,0.0,12.23
15115,1511.5,3,0,0.0,12.22
15116,1511.6,3,0,0.0,12.22
15117,1511.7,3,0,0.0,12.21
15118,1511.8,3,0,0.0,12.22
15119,1511.9,3,0,0.0,12.2
15120,1512.0,3,0,0.0,12.22
15121,1512.1,3,0,0.0,12.24
15122,1512.2,3,0,0.0,12.19
15123,1512.3,3,0,0.0,12.14
15124,1512.4,3,0,0.0,12.11
15125,1512.5,3,0,0.0,12.12
15126,1512.6,3,0,0.0,12.06
15127,1512.7,3,0,0.0,12.05
15128,1512.8,3,0,0.0,12.02
15129,1512.9,3,0,0.0,11.99
15130,1513.0,3,0,0.0,12.0
15131,1513.1,3,0,0.0,11.92
15132,1513.2,3,0,0.0,11.95
15133,1513.3,4,0,0.0,12.27
15134,1513.4,4,0,0.0,12.19
15135,1513.5,4,0,0.0,12.18
15136,1513.6,4,0,0.0,12.17
15137,1513.7,4,0,0.0,12.18
15138,1513.8,5,0,0.0,12.26
15139,1513.9,5,0,0.0,12.23
15140,1514.0,5,0,0.0,12.22
15141,1514.1,5,0,0.0,12.18
15142,1514.2,5,0,0.0,12.2
15143,1514.3,4,1,0.0,11.9
15144,1514.4,3,1,0.0,11.68
15145,1514.5,3,0,0.0,11.61
15146,1514.6,3,0,0.0,11.63
15147,1514.7,3,0,0.0,11.57
15148,1514.8,3,0,0.0,11.55
15149,1514.9,3,0,0.0,11.55
15150,1515.0,3,0,0.0,11.57
15151,1515.1,3,0,0.0,11.52
15152,1515.2,3,0,0.0,11.54
15153,1515.3,3,0,0.0,11.51
15154,1515.4,3,0,0.0,11.49
15155,1515.5,3,0,0.0,11.48
15156,1515.6,3,0,0.0,11.51
15157,1515.7,3,0,0.0,11.48
15158,1515.8,3,0,0.0,11.46
15159,1515.9,3,0,0.0,11.41
15160,1516.0,3,0,0.0,11.44
15161,1516.1,3,0,0.0,11.41
15162,1516.2,4,0,0.0,11.98
15163,1516.3,4,0,0.0,11.97
15164,1516.4,4,0,0.0,11.96
15165,1516.5,4,0,0.0,11.97
15166,1516.6,4,0,0.0,11.91
15167,1516.7,4,0,0.0,11.97
15168,1516.8,4,0,0.0,11.94
15169,1516.9,3,1,0.0,11.49
15170,1517.0,3,0,0.0,11.44
15171,1517.1,3,0,0.0,11.47
15172,1517.2,3,0,0.0,11.48
15173,1517.3,3,0,0.0,11.44
15174,1517.4,3,0,0.0,11.45
15175,1517.5,3,0,0.0,11.45
15176,1517.6,3,0,0.0,11.42
15177,1517.7,3,0,0.0,11.4
15178,1517.8,3,0,0.0,11.44
15179,1517.9,3,0,0.0,11.45
15180,1518.0,3,0,0.0,11.38
15181,1518.1,3,0,0.0,11.42
15182,1518.2,3,0,0.0,11.41
15183,1518.3,3,0,0.0,11.39
15184,1518.4,3,0,0.0,11.38
15185,1518.5,3,0,0.0,11.38
15186,1518.6,3,0,0.0,11.4
15187,1518.7,4,0,0.0,12.04
15188,1518.8,4,0,0.0,11.99
15189,1518.9,4,0,0.0,11.99
15190,1519.0,4,0,0.0,11.99
15191,1519.1,4,0,0.0,12.02
15192,1519.2,4,0,0.0,11.97
15193,1519.3,2,2,0.0,12.02
15194,1519.4,2,0,0.0,12.14
15195,1519.5,2,0,0.0,12.21
15196,1519.6,2,0,0.0,12.32
15197,1519.7,2,0,0.0,12.41
15198,1519.8,2,0,0.0,12.49
15199,1519.9,2,0,0.0,12.55
15200,1520.0,2,0,0.0,12.66
15201,1520.1,2,0,0.0,12.75
15202,1520.2,2,0,0.0,12.79
15203,1520.3,2,0,0.0,12.93
15204,1520.4,2,0,0.0,13.03
15205,1520.5,2,0,0.0,13.17
15206,1520.6,2,0,0.0,13.21
15207,1520.7,2,0,0.0,13.33
15208,1520.8,2,0,0.0,13.4
15209,1520.9,2,0,0.0,13.47
15210,1521.0,2,0,0.0,13.43
15211,1521.1,2,0,0.0,13.45
15212,1521.2,2,0,0.0,13.48
15213,1521.3,1,1,0.0,13.62
15214,1521.4,1,0,0.0,13.67
15215,1521.5,1,0,0.0,13.69
15216,1521.6,1,0,0.0,13.67
15217,1521.7,1,0,0.0,13.63
15218,1521.8,1,0,0.0,13.67
15219,1521.9,3,0,0.0,13.9
15220,1522.0,3,0,0.0,13.83
15221,1522.1,3,0,0.0,13.83
15222,1522.2,3,0,0.0,13.79
15223,1522.3,3,0,0.0,13.83
15224,1522.4,3,0,0.0,13.86
15225,1522.5,3,0,0.0,13.87
15226,1522.6,3,0,0.0,13.81
15227,1522.7,3,0,0.0,13.86
15228,1522.8,3,0,0.0,13.83
15229,1522.9,3,0,0.0,13.83
15230,1523.0,3,0,0.0,13.89
15231,1523.1,3,0,0.0,13.85
15232,1523.2,3,0,0.0,13.82
15233,1523.3,3,0,0.0,13.82
15234,1523.4,3,0,0.0,13.86
15235,1523.5,3,0,0.0,13.89
15236,1523.6,3,0,0.0,13.83
15237,1523.7,4,0,0.0,13.31
15238,1523.8,4,0,0.0,13.29
15239,1523.9,4,0,0.0,13.32
15240,1524.0,4,0,0.0,13.29
15241,1524.1,4,0,0.0,13.3
15242,1524.2,4,0,0.0,13.32
15243,1524.3,4,0,0.0,13.29
15244,1524.4,3,1,0.0,13.86
15245,1524.5,3,0,0.0,13.84
15246,1524.6,3,0,0.0,13.84
15247,1524.7,3,0,0.0,13.83
15248,1524.8,3,0,0.0,13.84
15249,1524.9,3,0,0.0,13.83
15250,1525.0,3,0,0.0,13.83
15251,1525.1,3,0,0.0,13.81
15252,1525.2,3,0,0.0,13.85
15253,1525.3,3,0,0.0,13.86
15254,1525.4,2,1,0.0,13.81
15255,1525.5,2,0,0.0,13.83
15256,1525.6,1,1,0.0,13.89
15257,1525.7,1,0,0.0,13.91
15258,1525.8,1,0,0.0,13.88
15259,1525.9,1,0,0.0,13.88
15260,1526.0,1,0,0.0,13.91
15261,1526.1,1,0,0.0,13.88
15262,1526.2,1,0,0.0,13.95
15263,1526.3,1,0,0.0,13.98
15264,1526.4,1,0,0.0,13.95
15265,1526.5,1,0,0.0,13.91
15266,1526.6,1,0,0.0,13.92
15267,1526.7,1,0,0.0,13.95
15268,1526.8,1,0,0.0,13.88
15269,1526.9,1,0,0.0,13.99
15270,1527.0,1,0,0.0,13.99
15271,1527.1,1,0,0.0,13.92
15272,1527.2,1,0,0.0,13.98
15273,1527.3,1,0,0.0,13.9
15274,1527.4,1,0,0.0,13.96
15275,1527.5,2,0,0.0,12.41
15276,1527.6,2,0,0.0,12.39
15277,1527.7,2,0,0.0,12.37
15278,1527.8,2,0,0.0,12.37
15279,1527.9,2,0,0.0,12.37
15280,1528.0,2,0,0.0,12.42
15281,1528.1,2,0,0.0,12.37
15282,1528.2,2,0,0.0,12.4
15283,1528.3,2,0,0.0,12.36
15284,1528.4,2,0,0.0,12.42
15285,1528.5,2,0,0.0,12.4
15286,1528.6,2,0,0.0,12.42
15287,1528.7,3,0,0.0,12.53
15288,1528.8,3,0,0.0,12.44
15289,1528.9,3,0,0.0,12.46
15290,1529.0,3,0,0.0,12.5
15291,1529.1,3,0,0.0,12.48
15292,1529.2,3,0,0.0,12.45
15293,1529.3,2,1,0.0,12.38
15294,1529.4,2,0,0.0,12.4
15295,1529.5,2,0,0.0,12.33
15296,1529.6,2,0,0.0,12.4
15297,1529.7,2,0,0.0,12.42
15298,1529.8,2,0,0.0,12.42
15299,1529.9,2,0,0.0,12.34
15300,1530.0,2,0,0.0,12.42
15301,1530.1,2,0,0.0,12.35
15302,1530.2,2,0,0.0,12.38
15303,1530.3,2,0,0.0,12.42
15304,1530.4,2,0,0.0,12.33
15305,1530.5,2,0,0.0,12.38
15306,1530.6,3,0,0.0,12.76
15307,1530.7,3,0,0.0,12.72
15308,1530.8,4,0,0.0,12.03
15309,1530.9,4,0,0.0,12.03
15310,1531.0,3,1,0.0,12.69
15311,1531.1,2,1,0.0,12.09
15312,1531.2,2,0,0.0,12.08
15313,1531.3,2,0,0.0,12.07
15314,1531.4,2,0,0.0,12.07
15315,1531.5,2,0,0.0,12.04
15316,1531.6,2,0,0.0,12.1
15317,1531.7,2,0,0.0,12.12
15318,1531.8,2,0,0.0,12.06
15319,1531.9,2,0,0.0,12.08
15320,1532.0,2,0,0.0,12.02
15321,1532.1,2,0,0.0,12.02
15322,1532.2,2,0,0.0,12.02
15323,1532.3,2,0,0.0,12.07
15324,1532.4,2,0,0.0,12.09
15325,1532.5,2,0,0.0,12.06
15326,1532.6,2,0,0.0,12.03
15327,1532.7,2,0,0.0,12.08
15328,1532.8,2,0,0.0,12.1
15329,1532.9,2,0,0.0,12.04
15330,1533.0,2,0,0.0,12.06
15331,1533.1,2,0,0.0,12.08
15332,1533.2,3,0,0.0,12.63
15333,1533.3,3,0,0.0,12.61
15334,1533.4,3,0,0.0,12.65
15335,1533.5,3,0,0.0,12.63
15336,1533.6,3,0,0.0,12.6
15337,1533.7,4,0,0.0,12.99
15338,1533.8,4,0,0.0,12.94
15339,1533.9,4,0,0.0,12.96
15340,1534.0,4,0,0.0,12.97
15341,1534.1,4,0,0.0,12.99
15342,1534.2,3,1,0.0,12.86
15343,1534.3,2,1,0.0,12.26
15344,1534.4,2,0,0.0,12.29
15345,1534.5,2,0,0.0,12.3
15346,1534.6,2,0,0.0,12.28
15347,1534.7,2,0,0.0,12.33
15348,1534.8,2,0,0.0,12.27
15349,1534.9,2,0,0.0,12.24
15350,1535.0,2,0,0.0,12.28
15351,1535.1,2,0,0.0,12.31
15352,1535.2,2,0,0.0,12.31
15353,1535.3,2,0,0.0,12.34
15354,1535.4,2,0,0.0,12.29
15355,1535.5,2,0,0.0,12.28
15356,1535.6,2,0,0.0,12.26
15357,1535.7,2,0,0.0,12.28
15358,1535.8,2,0,0.0,12.33
15359,1535.9,2,0,0.0,12.33
15360,1536.0,2,0,0.0,12.28
15361,1536.1,2,0,0.0,12.32
15362,1536.2,2,0,0.0,12.28
15363,1536.3,2,0,0.0,12.26
15364,1536.4,2,0,0.0,12.28
15365,1536.5,2,0,0.0,12.25
15366,1536.6,2,0,0.0,12.3
15367,1536.7,2,0,0.0,12.29
15368,1536.8,2,0,0.0,12.27
15369,1536.9,2,0,0.0,12.24
15370,1537.0,2,0,0.0,12.35
15371,1537.1,2,0,0.0,12.25
15372,1537.2,2,0,0.0,12.34
15373,1537.3,2,0,0.0,12.3
15374,1537.4,2,0,0.0,12.31
15375,1537.5,2,0,0.0,12.25
15376,1537.6,2,0,0.0,12.34
15377,1537.7,2,0,0.0,12.28
15378,1537.8,2,0,0.0,12.26
15379,1537.9,2,0,0.0,12.32
15380,1538.0,2,0,0.0,12.28
15381,1538.1,2,0,0.0,12.23
15382,1538.2,2,0,0.0,12.28
15383,1538.3,2,0,0.0,12.3
15384,1538.4,2,0,0.0,12.27
15385,1538.5,2,0,0.0,12.25
15386,1538.6,2,0,0.0,12.29
15387,1538.7,3,0,0.0,12.87
15388,1538.8,3,0,0.0,12.85
15389,1538.9,4,0,0.0,13.05
15390,1539.0,4,0,0.0,13.02
15391,1539.1,4,0,0.0,13.02
15392,1539.2,4,0,0.0,13.04
15393,1539.3,3,2,0.0,12.59
15394,1539.4,3,0,0.0,12.59
15395,1539.5,3,0,0.0,12.58
15396,1539.6,3,0,0.0,12.58
15397,1539.7,3,0,0.0,12.56
15398,1539.8,3,0,0.0,12.56
15399,1539.9,3,0,0.0,12.6
15400,1540.0,3,0,0.0,12.57
15401,1540.1,3,0,0.0,12.55
15402,1540.2,3,0,0.0,12.54
15403,1540.3,3,0,0.0,12.59
15404,1540.4,3,0,0.0,12.58
15405,1540.5,3,0,0.0,12.57
15406,1540.6,3,0,0.0,12.57
15407,1540.7,3,0,0.0,12.57
15408,1540.8,3,0,0.0,12.59
15409,1540.9,3,0,0.0,12.54
15410,1541.0,3,0,0.0,12.57
15411,1541.1,3,0,0.0,12.58
15412,1541.2,3,0,0.0,12.56
15413,1541.3,3,0,0.0,12.59
15414,1541.4,3,0,0.0,12.53
15415,1541.5,3,0,0.0,12.58
15416,1541.6,3,0,0.0,12.61
15417,1541.7,3,0,0.0,12.58
15418,1541.8,3,0,0.0,12.6
15419,1541.9,3,0,0.0,12.56
15420,1542.0,3,0,0.0,12.53
15421,1542.1,3,0,0.0,12.56
15422,1542.2,3,0,0.0,12.58
15423,1542.3,3,0,0.0,12.57
15424,1542.4,3,0,0.0,12.55
15425,1542.5,2,1,0.0,11.98
15426,1542.6,2,0,0.0,11.99
15427,1542.7,2,0,0.0,12.02
15428,1542.8,2,0,0.0,12.03
15429,1542.9,2,0,0.0,11.98
15430,1543.0,2,0,0.0,11.98
15431,1543.1,2,0,0.0,11.99
15432,1543.2,2,0,0.0,12.0
15433,1543.3,2,0,0.0,11.98
15434,1543.4,2,0,0.0,11.99
15435,1543.5,2,0,0.0,11.97
15436,1543.6,3,0,0.0,12.07
15437,1543.7,3,0,0.0,12.03
15438,1543.8,3,0,0.0,12.07
15439,1543.9,2,1,0.0,12.83
15440,1544.0,2,0,0.0,12.88
15441,1544.1,2,0,0.0,12.92
15442,1544.2,1,1,0.0,13.59
15443,1544.3,1,0,0.0,13.58
15444,1544.4,1,0,0.0,13.6
15445,1544.5,1,0,0.0,13.54
15446,1544.6,2,0,0.0,13.79
15447,1544.7,2,0,0.0,13.74
15448,1544.8,2,0,0.0,13.72
15449,1544.9,2,0,0.0,13.78
15450,1545.0,2,0,0.0,13.79
15451,1545.1,2,0,0.0,13.79
15452,1545.2,2,0,0.0,13.79
15453,1545.3,2,0,0.0,13.76
15454,1545.4,2,0,0.0,13.76
15455,1545.5,2,0,0.0,13.8
15456,1545.6,2,0,0.0,13.78
15457,1545.7,2,0,0.0,13.79
15458,1545.8,2,0,0.0,13.71
15459,1545.9,2,0,0.0,13.73
15460,1546.0,2,0,0.0,13.81
15461,1546.1,2,0,0.0,13.78
15462,1546.2,2,0,0.0,13.8
15463,1546.3,2,0,0.0,13.74
15464,1546.4,2,0,0.0,13.77
15465,1546.5,2,0,0.0,13.74
15466,1546.6,2,0,0.0,13.76
15467,1546.7,2,0,0.0,13.76
15468,1546.8,2,0,0.0,13.7
15469,1546.9,2,0,0.0,13.75
15470,1547.0,2,0,0.0,13.75
15471,1547.1,2,0,0.0,13.76
15472,1547.2,2,0,0.0,13.71
15473,1547.3,2,0,0.0,13.71
15474,1547.4,2,0,0.0,13.75
15475,1547.5,2,0,0.0,13.77
15476,1547.6,2,0,0.0,13.75
15477,1547.7,2,0,0.0,13.76
15478,1547.8,2,0,0.0,13.71
15479,1547.9,2,0,0.0,13.76
15480,1548.0,3,0,0.0,13.53
15481,1548.1,3,0,0.0,13.46
15482,1548.2,3,0,0.0,13.48
15483,1548.3,2,1,0.0,13.46
15484,1548.4,2,0,0.0,13.48
15485,1548.5,2,0,0.0,13.49
15486,1548.6,3,0,0.0,13.63
15487,1548.7,3,0,0.0,13.61
15488,1548.8,3,0,0.0,13.62
15489,1548.9,3,0,0.0,13.61
15490,1549.0,4,0,0.0,12.73
15491,1549.1,4,0,0.0,12.68
15492,1549.2,3,1,0.0,12.3
15493,1549.3,3,0,0.0,12.29
15494,1549.4,3,0,0.0,12.31
15495,1549.5,3,0,0.0,12.29
15496,1549.6,3,0,0.0,12.28
15497,1549.7,3,0,0.0,12.31
15498,1549.8,3,0,0.0,12.3
15499,1549.9,3,0,0.0,12.31
15500,1550.0,3,0,0.0,12.31
15501,1550.1,3,0,0.0,12.26
15502,1550.2,4,0,0.0,11.29
15503,1550.3,4,0,0.0,11.24
15504,1550.4,4,0,0.0,11.31
15505,1550.5,4,0,0.0,11.31
15506,1550.6,4,0,0.0,11.3
15507,1550.7,4,0,0.0,11.34
15508,1550.8,4,0,0.0,11.36
15509,1550.9,4,0,0.0,11.39
15510,1551.0,4,0,0.0,11.35
15511,1551.1,4,0,0.0,11.38
15512,1551.2,4,0,0.0,11.39
15513,1551.3,4,0,0.0,11.42
15514,1551.4,4,0,0.0,11.39
15515,1551.5,4,0,0.0,11.41
15516,1551.6,4,0,0.0,11.44
15517,1551.7,3,1,0.0,10.94
15518,1551.8,3,0,0.0,10.95
15519,1551.9,3,0,0.0,10.99
15520,1552.0,3,0,0.0,10.94
15521,1552.1,3,0,0.0,10.98
15522,1552.2,3,0,0.0,10.99
15523,1552.3,3,0,0.0,11.02
15524,1552.4,3,0,0.0,11.03
15525,1552.5,3,0,0.0,11.03
15526,1552.6,3,0,0.0,11.02
15527,1552.7,3,0,0.0,11.04
15528,1552.8,3,0,0.0,11.06
15529,1552.9,3,0,0.0,11.02
15530,1553.0,3,0,0.0,11.04
15531,1553.1,3,0,0.0,11.06
15532,1553.2,3,0,0.0,11.06
15533,1553.3,3,0,0.0,11.04
15534,1553.4,3,0,0.0,11.06
15535,1553.5,3,0,0.0,11.09
15536,1553.6,4,0,0.0,11.83
15537,1553.7,4,0,0.0,11.84
15538,1553.8,3,1,0.0,11.13
15539,1553.9,3,0,0.0,11.15
15540,1554.0,3,0,0.0,11.12
15541,1554.1,3,0,0.0,11.1
15542,1554.2,2,1,0.0,9.74
15543,1554.3,2,0,0.0,9.75
15544,1554.4,2,0,0.0,9.74
15545,1554.5,2,0,0.0,9.76
15546,1554.6,2,0,0.0,9.75
15547,1554.7,2,0,0.0,9.79
15548,1554.8,2,0,0.0,9.78
15549,1554.9,2,0,0.0,9.82
15550,1555.0,2,0,0.0,9.81
15551,1555.1,2,0,0.0,9.81
15552,1555.2,2,0,0.0,9.79
15553,1555.3,2,0,0.0,9.84
15554,1555.4,2,0,0.0,9.79
15555,1555.5,2,0,0.0,9.81
15556,1555.6,2,0,0.0,9.85
15557,1555.7,2,0,0.0,9.83
15558,1555.8,2,0,0.0,9.85
15559,1555.9,3,0,0.0,11.22
15560,1556.0,3,0,0.0,11.24
15561,1556.1,3,0,0.0,11.2
15562,1556.2,3,0,0.0,11.19
15563,1556.3,3,0,0.0,11.21
15564,1556.4,3,0,0.0,11.21
15565,1556.5,3,0,0.0,11.24
15566,1556.6,3,0,0.0,11.23
15567,1556.7,4,0,0.0,11.93
15568,1556.8,4,0,0.0,11.91
15569,1556.9,4,0,0.0,11.92
15570,1557.0,4,0,0.0,11.92
15571,1557.1,4,0,0.0,11.93
15572,1557.2,4,0,0.0,11.92
15573,1557.3,4,0,0.0,11.91
15574,1557.4,4,0,0.0,11.93
15575,1557.5,4,0,0.0,11.95
15576,1557.6,4,0,0.0,11.95
15577,1557.7,4,0,0.0,11.91
15578,1557.8,4,0,0.0,11.89
15579,1557.9,4,0,0.0,11.89
15580,1558.0,4,0,0.0,11.9
15581,1558.1,4,0,0.0,11.93
15582,1558.2,4,0,0.0,11.91
15583,1558.3,4,0,0.0,11.91
15584,1558.4,4,0,0.0,11.93
15585,1558.5,4,0,0.0,11.94
15586,1558.6,5,0,0.0,12.1
15587,1558.7,5,0,0.0,12.02
15588,1558.8,5,0,0.0,12.05
15589,1558.9,5,0,0.0,12.06
15590,1559.0,5,0,0.0,12.05
15591,1559.1,5,0,0.0,12.05
15592,1559.2,5,1,0.0,11.54
15593,1559.3,5,0,0.0,11.51
15594,1559.4,4,1,0.0,11.92
15595,1559.5,4,0,0.0,11.93
15596,1559.6,4,0,0.0,11.94
15597,1559.7,4,0,0.0,11.93
15598,1559.8,4,0,0.0,11.94
15599,1559.9,4,0,0.0,11.96
15600,1560.0,4,0,0.0,11.97
15601,1560.1,4,0,0.0,11.93
15602,1560.2,3,1,0.0,11.29
15603,1560.3,3,0,0.0,11.26
15604,1560.4,3,0,0.0,11.26
15605,1560.5,3,0,0.0,11.25
15606,1560.6,3,0,0.0,11.25
15607,1560.7,3,0,0.0,11.28
15608,1560.8,3,0,0.0,11.28
15609,1560.9,3,0,0.0,11.26
15610,1561.0,3,0,0.0,11.28
15611,1561.1,3,0,0.0,11.26
15612,1561.2,2,1,0.0,11.86
15613,1561.3,2,0,0.0,11.91
15614,1561.4,2,0,0.0,12.09
15615,1561.5,2,0,0.0,12.17
15616,1561.6,3,0,0.0,12.86
15617,1561.7,3,0,0.0,12.92
15618,1561.8,3,0,0.0,12.99
15619,1561.9,3,0,0.0,13.04
15620,1562.0,3,0,0.0,13.13
15621,1562.1,3,0,0.0,13.23
15622,1562.2,3,0,0.0,13.29
15623,1562.3,3,0,0.0,13.34
15624,1562.4,3,0,0.0,13.42
15625,1562.5,3,0,0.0,13.52
15626,1562.6,3,0,0.0,13.59
15627,1562.7,3,0,0.0,13.68
15628,1562.8,3,0,0.0,13.72
15629,1562.9,3,0,0.0,13.77
15630,1563.0,3,0,0.0,13.84
15631,1563.1,2,1,0.0,13.89
15632,1563.2,2,0,0.0,13.97
15633,1563.3,2,0,0.0,13.93
15634,1563.4,2,0,0.0,13.92
15635,1563.5,2,0,0.0,13.95
15636,1563.6,3,0,0.0,13.82
15637,1563.7,3,0,0.0,13.81
15638,1563.8,3,0,0.0,13.81
15639,1563.9,3,0,0.0,13.8
15640,1564.0,3,0,0.0,13.81
15641,1564.1,3,0,0.0,13.8
15642,1564.2,2,1,0.0,13.98
15643,1564.3,2,0,0.0,13.95
15644,1564.4,2,0,0.0,13.94
15645,1564.5,2,0,0.0,13.93
15646,1564.6,2,0,0.0,13.92
15647,1564.7,2,0,0.0,13.97
15648,1564.8,2,0,0.0,13.93
15649,1564.9,2,0,0.0,13.95
15650,1565.0,2,0,0.0,13.89
15651,1565.1,1,1,0.0,13.87
15652,1565.2,1,0,0.0,13.92
15653,1565.3,1,0,0.0,13.88
15654,1565.4,2,0,0.0,13.69
15655,1565.5,2,0,0.0,13.64
15656,1565.6,2,0,0.0,13.6
15657,1565.7,2,0,0.0,13.63
15658,1565.8,2,0,0.0,13.65
15659,1565.9,2,0,0.0,13.67
15660,1566.0,2,0,0.0,13.63
15661,1566.1,2,0,0.0,13.63
15662,1566.2,2,0,0.0,13.66
15663,1566.3,2,0,0.0,13.63
15664,1566.4,2,0,0.0,13.59
15665,1566.5,2,0,0.0,13.66
15666,1566.6,2,0,0.0,13.67
15667,1566.7,2,0,0.0,13.63
15668,1566.8,2,0,0.0,13.6
15669,1566.9,2,0,0.0,13.61
15670,1567.0,2,0,0.0,13.62
15671,1567.1,2,0,0.0,13.62
15672,1567.2,2,0,0.0,13.63
15673,1567.3,3,0,0.0,13.77
15674,1567.4,3,0,0.0,13.73
15675,1567.5,3,0,0.0,13.75
15676,1567.6,3,0,0.0,13.71
15677,1567.7,3,0,0.0,13.75
15678,1567.8,3,0,0.0,13.73
15679,1567.9,3,0,0.0,13.72
15680,1568.0,3,0,0.0,13.71
15681,1568.1,3,0,0.0,13.72
15682,1568.2,3,0,0.0,13.7
15683,1568.3,3,0,0.0,13.75
15684,1568.4,3,0,0.0,13.72
15685,1568.5,4,0,0.0,13.62
15686,1568.6,4,0,0.0,13.61
15687,1568.7,4,0,0.0,13.59
15688,1568.8,4,0,0.0,13.59
15689,1568.9,4,0,0.0,13.59
15690,1569.0,3,1,0.0,13.67
15691,1569.1,2,1,0.0,13.97
15692,1569.2,2,0,0.0,13.88
15693,1569.3,2,0,0.0,13.96
15694,1569.4,2,0,0.0,13.9
15695,1569.5,2,0,0.0,13.91
15696,1569.6,2,0,0.0,13.93
15697,1569.7,2,0,0.0,13.93
15698,1569.8,2,0,0.0,13.98
15699,1569.9,2,0,0.0,13.91
15700,1570.0,2,0,0.0,13.89
15701,1570.1,2,0,0.0,13.97
15702,1570.2,2,0,0.0,13.97
15703,1570.3,2,0,0.0,13.89
15704,1570.4,2,0,0.0,13.93
15705,1570.5,2,0,0.0,13.93
15706,1570.6,2,0,0.0,13.92
15707,1570.7,2,0,0.0,13.92
15708,1570.8,1,1,0.0,13.96
15709,1570.9,1,0,0.0,13.97
15710,1571.0,1,0,0.0,13.97
15711,1571.1,1,0,0.0,13.96
15712,1571.2,1,0,0.0,13.97
15713,1571.3,1,0,0.0,13.9
15714,1571.4,1,0,0.0,13.91
15715,1571.5,1,0,0.0,13.97
15716,1571.6,1,0,0.0,13.88
15717,1571.7,1,0,0.0,13.96
15718,1571.8,1,0,0.0,13.91
15719,1571.9,1,0,0.0,13.91
15720,1572.0,1,0,0.0,13.93
15721,1572.1,1,0,0.0,13.92
15722,1572.2,1,0,0.0,13.9
15723,1572.3,1,0,0.0,13.88
15724,1572.4,1,0,0.0,13.99
15725,1572.5,1,0,0.0,13.98
15726,1572.6,1,0,0.0,13.89
15727,1572.7,1,0,0.0,13.94
15728,1572.8,1,0,0.0,13.98
15729,1572.9,1,0,0.0,13.92
15730,1573.0,2,0,0.0,13.96
15731,1573.1,2,0,0.0,13.91
15732,1573.2,2,0,0.0,13.96
15733,1573.3,2,0,0.0,13.93
15734,1573.4,2,0,0.0,13.91
15735,1573.5,3,0,0.0,13.96
15736,1573.6,3,0,0.0,13.9
15737,1573.7,3,0,0.0,13.95
15738,1573.8,3,0,0.0,13.94
15739,1573.9,3,0,0.0,13.95
15740,1574.0,3,0,0.0,13.94
15741,1574.1,3,1,0.0,13.57
15742,1574.2,3,0,0.0,13.54
15743,1574.3,3,0,0.0,13.55
15744,1574.4,3,0,0.0,13.53
15745,1574.5,3,0,0.0,13.56
15746,1574.6,3,0,0.0,13.55
15747,1574.7,3,0,0.0,13.54
15748,1574.8,3,0,0.0,13.53
15749,1574.9,3,0,0.0,13.56
15750,1575.0,3,0,0.0,13.56
15751,1575.1,3,0,0.0,13.58
15752,1575.2,3,0,0.0,13.56
15753,1575.3,3,0,0.0,13.56
15754,1575.4,3,0,0.0,13.55
15755,1575.5,3,0,0.0,13.51
15756,1575.6,3,0,0.0,13.55
15757,1575.7,3,0,0.0,13.56
15758,1575.8,3,0,0.0,13.56
15759,1575.9,3,0,0.0,13.56
15760,1576.0,3,0,0.0,13.5
15761,1576.1,3,0,0.0,13.56
15762,1576.2,3,0,0.0,13.56
15763,1576.3,3,0,0.0,13.56
15764,1576.4,3,0,0.0,13.57
15765,1576.5,2,1,0.0,13.38
15766,1576.6,2,0,0.0,13.39
15767,1576.7,2,0,0.0,13.34
15768,1576.8,2,0,0.0,13.39
15769,1576.9,2,0,0.0,13.34
15770,1577.0,2,0,0.0,13.36
15771,1577.1,2,0,0.0,13.32
15772,1577.2,2,0,0.0,13.35
15773,1577.3,2,0,0.0,13.39
15774,1577.4,2,0,0.0,13.36
15775,1577.5,2,0,0.0,13.35
15776,1577.6,2,0,0.0,13.38
15777,1577.7,2,0,0.0,13.31
15778,1577.8,2,0,0.0,13.35
15779,1577.9,1,1,0.0,13.98
15780,1578.0,1,0,0.0,13.87
15781,1578.1,1,0,0.0,13.95
15782,1578.2,1,0,0.0,13.87
15783,1578.3,1,0,0.0,13.9
15784,1578.4,1,0,0.0,13.93
15785,1578.5,2,0,0.0,13.95
15786,1578.6,3,0,0.0,12.86
15787,1578.7,3,0,0.0,12.83
15788,1578.8,3,0,0.0,12.78
15789,1578.9,3,0,0.0,12.81
15790,1579.0,3,0,0.0,12.8
15791,1579.1,2,1,0.0,12.26
15792,1579.2,2,0,0.0,12.24
15793,1579.3,2,0,0.0,12.3
15794,1579.4,2,0,0.0,12.28
15795,1579.5,2,0,0.0,12.32
15796,1579.6,2,0,0.0,12.26
15797,1579.7,2,0,0.0,12.27
15798,1579.8,2,0,0.0,12.28
15799,1579.9,2,0,0.0,12.29
15800,1580.0,2,0,0.0,12.26
15801,1580.1,2,0,0.0,12.33
15802,1580.2,2,0,0.0,12.25
15803,1580.3,2,0,0.0,12.3
15804,1580.4,2,0,0.0,12.28
15805,1580.5,2,0,0.0,12.26
15806,1580.6,2,0,0.0,12.22
15807,1580.7,2,0,0.0,12.25
15808,1580.8,2,0,0.0,12.24
15809,1580.9,2,0,0.0,12.26
15810,1581.0,2,0,0.0,12.25
15811,1581.1,2,0,0.0,12.29
15812,1581.2,2,0,0.0,12.27
15813,1581.3,2,0,0.0,12.26
15814,1581.4,2,0,0.0,12.26
15815,1581.5,2,0,0.0,12.24
15816,1581.6,2,0,0.0,12.29
15817,1581.7,2,0,0.0,12.27
15818,1581.8,2,0,0.0,12.3
15819,1581.9,2,0,0.0,12.23
15820,1582.0,2,0,0.0,12.31
15821,1582.1,2,0,0.0,12.26
15822,1582.2,1,1,0.0,10.64
15823,1582.3,1,0,0.0,10.61
15824,1582.4,1,0,0.0,10.55
15825,1582.5,1,0,0.0,10.53
15826,1582.6,1,0,0.0,10.63
15827,1582.7,1,0,0.0,10.56
15828,1582.8,2,0,0.0,12.27
15829,1582.9,2,0,0.0,12.28
15830,1583.0,2,0,0.0,12.31
15831,1583.1,2,0,0.0,12.28
15832,1583.2,2,0,0.0,12.24
15833,1583.3,2,0,0.0,12.27
15834,1583.4,2,0,0.0,12.26
15835,1583.5,3,0,0.0,12.86
15836,1583.6,3,0,0.0,12.85
15837,1583.7,3,0,0.0,12.82
15838,1583.8,3,0,0.0,12.85
15839,1583.9,3,0,0.0,12.83
15840,1584.0,3,0,0.0,12.82
15841,1584.1,2,1,0.0,12.27
15842,1584.2,2,0,0.0,12.29
15843,1584.3,3,0,0.0,12.86
15844,1584.4,3,0,0.0,12.82
15845,1584.5,3,0,0.0,12.81
15846,1584.6,3,0,0.0,12.8
15847,1584.7,3,0,0.0,12.83
15848,1584.8,3,0,0.0,12.82
15849,1584.9,3,0,0.0,12.8
15850,1585.0,3,0,0.0,12.82
15851,1585.1,3,0,0.0,12.79
15852,1585.2,3,0,0.0,12.86
15853,1585.3,3,0,0.0,12.83
15854,1585.4,3,0,0.0,12.83
15855,1585.5,3,0,0.0,12.79
15856,1585.6,3,0,0.0,12.84
15857,1585.7,3,0,0.0,12.82
15858,1585.8,3,0,0.0,12.81
15859,1585.9,3,0,0.0,12.8
15860,1586.0,3,0,0.0,12.82
15861,1586.1,3,0,0.0,12.84
15862,1586.2,3,0,0.0,12.82
15863,1586.3,2,1,0.0,12.24
15864,1586.4,2,0,0.0,12.26
15865,1586.5,2,0,0.0,12.24
15866,1586.6,2,0,0.0,12.26
15867,1586.7,2,0,0.0,12.28
15868,1586.8,2,0,0.0,12.21
15869,1586.9,2,0,0.0,12.24
15870,1587.0,2,0,0.0,12.2
15871,1587.1,2,0,0.0,12.3
15872,1587.2,2,0,0.0,12.25
15873,1587.3,2,0,0.0,12.27
15874,1587.4,2,0,0.0,12.24
15875,1587.5,3,0,0.0,11.52
15876,1587.6,3,0,0.0,11.47
15877,1587.7,2,1,0.0,12.22
15878,1587.8,2,0,0.0,12.29
15879,1587.9,2,0,0.0,12.32
15880,1588.0,2,0,0.0,12.24
15881,1588.1,2,0,0.0,12.24
15882,1588.2,2,0,0.0,12.24
15883,1588.3,2,0,0.0,12.22
15884,1588.4,2,0,0.0,12.3
15885,1588.5,3,0,0.0,12.69
15886,1588.6,3,0,0.0,12.67
15887,1588.7,3,0,0.0,12.67
15888,1588.8,3,0,0.0,12.69
15889,1588.9,3,0,0.0,12.63
15890,1589.0,3,0,0.0,12.68
15891,1589.1,2,1,0.0,12.3
15892,1589.2,2,0,0.0,12.3
15893,1589.3,2,0,0.0,12.22
15894,1589.4,2,0,0.0,12.31
15895,1589.5,2,0,0.0,12.3
15896,1589.6,2,0,0.0,12.22
15897,1589.7,2,0,0.0,12.27
15898,1589.8,2,0,0.0,12.29
15899,1589.9,2,0,0.0,12.25
15900,1590.0,3,0,0.0,12.86
15901,1590.1,3,0,0.0,12.8
15902,1590.2,3,0,0.0,12.84
15903,1590.3,3,0,0.0,12.8
15904,1590.4,3,0,0.0,12.81
15905,1590.5,3,0,0.0,12.82
15906,1590.6,2,1,0.0,13.94
15907,1590.7,2,0,0.0,13.97
15908,1590.8,2,0,0.0,13.95
15909,1590.9,3,0,0.0,12.53
15910,1591.0,3,0,0.0,12.49
15911,1591.1,3,0,0.0,12.54
15912,1591.2,3,0,0.0,12.58
15913,1591.3,3,0,0.0,12.62
15914,1591.4,3,0,0.0,12.63
15915,1591.5,4,0,0.0,12.75
15916,1591.6,4,0,0.0,12.72
15917,1591.7,4,0,0.0,12.71
15918,1591.8,4,0,0.0,12.72
15919,1591.9,4,0,0.0,12.71
15920,1592.0,4,0,0.0,12.74
15921,1592.1,4,0,0.0,12.7
15922,1592.2,4,0,0.0,12.71
15923,1592.3,4,0,0.0,12.71
15924,1592.4,4,0,0.0,12.71
15925,1592.5,4,0,0.0,12.69
15926,1592.6,4,0,0.0,12.71
15927,1592.7,4,0,0.0,12.7
15928,1592.8,4,0,0.0,12.72
15929,1592.9,4,0,0.0,12.72
15930,1593.0,4,0,0.0,12.7
15931,1593.1,4,0,0.0,12.69
15932,1593.2,4,0,0.0,12.72
15933,1593.3,4,0,0.0,12.7
15934,1593.4,5,0,0.0,12.6
15935,1593.5,4,1,0.0,12.24
15936,1593.6,4,0,0.0,12.22
15937,1593.7,4,0,0.0,12.23
15938,1593.8,4,0,0.0,12.27
15939,1593.9,4,0,0.0,12.28
15940,1594.0,3,1,0.0,12.34
15941,1594.1,3,0,0.0,12.33
15942,1594.2,3,0,0.0,12.3
15943,1594.3,3,0,0.0,12.32
15944,1594.4,3,0,0.0,12.3
15945,1594.5,3,0,0.0,12.3
15946,1594.6,3,0,0.0,12.28
15947,1594.7,3,0,0.0,12.33
15948,1594.8,3,0,0.0,12.29
15949,1594.9,3,0,0.0,12.3
15950,1595.0,3,0,0.0,12.28
15951,1595.1,3,0,0.0,12.31
15952,1595.2,2,1,0.0,11.93
15953,1595.3,2,0,0.0,11.95
15954,1595.4,2,0,0.0,11.97
15955,1595.5,2,0,0.0,11.93
15956,1595.6,2,0,0.0,11.95
15957,1595.7,3,0,0.0,11.7
15958,1595.8,3,0,0.0,11.67
15959,1595.9,3,0,0.0,11.68
15960,1596.0,3,0,0.0,11.69
15961,1596.1,3,0,0.0,11.68
15962,1596.2,3,0,0.0,11.72
15963,1596.3,3,0,0.0,11.7
15964,1596.4,3,0,0.0,11.66
15965,1596.5,3,0,0.0,11.68
15966,1596.6,3,0,0.0,11.72
15967,1596.7,3,0,0.0,11.74
15968,1596.8,3,0,0.0,11.67
15969,1596.9,3,0,0.0,11.73
15970,1597.0,3,0,0.0,11.72
15971,1597.1,3,0,0.0,11.71
15972,1597.2,3,0,0.0,11.67
15973,1597.3,3,0,0.0,11.67
15974,1597.4,3,0,0.0,11.7
15975,1597.5,3,0,0.0,11.67
15976,1597.6,3,0,0.0,11.71
15977,1597.7,3,0,0.0,11.66
15978,1597.8,3,0,0.0,11.68
15979,1597.9,3,0,0.0,11.66
15980,1598.0,3,0,0.0,11.69
15981,1598.1,3,0,0.0,11.73
15982,1598.2,3,0,0.0,11.69
15983,1598.3,3,0,0.0,11.67
15984,1598.4,4,0,0.0,12.04
15985,1598.5,4,0,0.0,12.02
15986,1598.6,4,0,0.0,12.02
15987,1598.7,4,0,0.0,12.0
15988,1598.8,4,0,0.0,12.06
15989,1598.9,4,0,0.0,12.04
15990,1599.0,3,1,0.0,11.67
15991,1599.1,3,0,0.0,11.7
15992,1599.2,2,1,0.0,10.56
15993,1599.3,2,0,0.0,10.55
15994,1599.4,2,0,0.0,10.55
15995,1599.5,2,0,0.0,10.56
15996,1599.6,2,0,0.0,10.57
15997,1599.7,2,0,0.0,10.59
15998,1599.8,2,0,0.0,10.59
15999,1599.9,2,0,0.0,10.54
16000,1600.0,2,0,0.0,10.58
16001,1600.1,3,0,0.0,10.39
16002,1600.2,3,0,0.0,10.37
16003,1600.3,3,0,0.0,10.35
16004,1600.4,3,0,0.0,10.39
16005,1600.5,3,0,0.0,10.37
16006,1600.6,3,0,0.0,10.37
16007,1600.7,3,0,0.0,10.36
16008,1600.8,3,0,0.0,10.35
16009,1600.9,4,0,0.0,9.48
16010,1601.0,4,0,0.0,9.45
16011,1601.1,4,0,0.0,9.5
16012,1601.2,4,0,0.0,9.5
16013,1601.3,5,0,0.0,10.44
16014,1601.4,5,0,0.0,10.44
16015,1601.5,5,0,0.0,10.46
16016,1601.6,5,0,0.0,10.48
16017,1601.7,5,0,0.0,10.5
16018,1601.8,5,0,0.0,10.54
16019,1601.9,5,0,0.0,10.53
16020,1602.0,5,0,0.0,10.56
16021,1602.1,5,0,0.0,10.56
16022,1602.2,5,0,0.0,10.59
16023,1602.3,5,0,0.0,10.62
16024,1602.4,5,0,0.0,10.6
16025,1602.5,5,0,0.0,10.64
16026,1602.6,5,0,0.0,10.67
16027,1602.7,5,0,0.0,10.68
16028,1602.8,5,0,0.0,10.68
16029,1602.9,5,0,0.0,10.67
16030,1603.0,5,0,0.0,10.7
16031,1603.1,4,1,0.0,10.89
16032,1603.2,4,0,0.0,10.89
16033,1603.3,4,0,0.0,10.93
16034,1603.4,5,0,0.0,11.55
16035,1603.5,5,0,0.0,11.54
16036,1603.6,5,0,0.0,11.52
16037,1603.7,5,0,0.0,11.54
16038,1603.8,5,0,0.0,11.56
16039,1603.9,5,0,0.0,11.56
16040,1604.0,4,1,0.0,10.99
16041,1604.1,4,0,0.0,11.03
16042,1604.2,4,0,0.0,11.0
16043,1604.3,4,0,0.0,11.01
16044,1604.4,3,1,0.0,11.38
16045,1604.5,3,0,0.0,11.45
16046,1604.6,3,0,0.0,11.51
16047,1604.7,3,0,0.0,11.54
16048,1604.8,3,0,0.0,11.65
16049,1604.9,3,0,0.0,11.72
16050,1605.0,3,0,0.0,11.75
16051,1605.1,3,0,0.0,11.84
16052,1605.2,3,0,0.0,11.86
16053,1605.3,3,0,0.0,11.94
16054,1605.4,3,0,0.0,11.97
16055,1605.5,3,0,0.0,12.06
16056,1605.6,3,0,0.0,12.1
16057,1605.7,3,0,0.0,12.18
16058,1605.8,3,0,0.0,12.26
16059,1605.9,3,0,0.0,12.28
16060,1606.0,3,0,0.0,12.42
16061,1606.1,3,0,0.0,12.48
16062,1606.2,2,1,0.0,12.51
16063,1606.3,2,0,0.0,12.6
16064,1606.4,2,0,0.0,12.56
16065,1606.5,2,0,0.0,12.6
16066,1606.6,2,0,0.0,12.54
16067,1606.7,2,0,0.0,12.56
16068,1606.8,2,0,0.0,12.54
16069,1606.9,2,0,0.0,12.58
16070,1607.0,3,0,0.0,12.02
16071,1607.1,2,1,0.0,12.36
16072,1607.2,2,0,0.0,12.39
16073,1607.3,2,0,0.0,12.35
16074,1607.4,2,0,0.0,12.42
16075,1607.5,2,0,0.0,12.42
16076,1607.6,2,0,0.0,12.39
16077,1607.7,2,0,0.0,12.36
16078,1607.8,2,0,0.0,12.4
16079,1607.9,2,0,0.0,12.43
16080,1608.0,2,0,0.0,12.37
16081,1608.1,2,0,0.0,12.4
16082,1608.2,2,0,0.0,12.36
16083,1608.3,2,0,0.0,12.33
16084,1608.4,3,0,0.0,12.64
16085,1608.5,3,0,0.0,12.58
16086,1608.6,3,0,0.0,12.57
16087,1608.7,3,0,0.0,12.57
16088,1608.8,3,0,0.0,12.63
16089,1608.9,4,0,0.0,12.93
16090,1609.0,3,1,0.0,12.9
16091,1609.1,3,0,0.0,12.87
16092,1609.2,3,0,0.0,12.94
16093,1609.3,3,0,0.0,12.85
16094,1609.4,3,0,0.0,12.87
16095,1609.5,3,0,0.0,12.92
16096,1609.6,3,0,0.0,12.9
16097,1609.7,3,0,0.0,12.92
16098,1609.8,3,0,0.0,12.87
16099,1609.9,3,0,0.0,12.89
16100,1610.0,3,0,0.0,12.9
16101,1610.1,3,0,0.0,12.89
16102,1610.2,3,0,0.0,12.88
16103,1610.3,3,0,0.0,12.87
16104,1610.4,3,0,0.0,12.9
16105,1610.5,2,1,0.0,12.35
16106,1610.6,2,0,0.0,12.42
16107,1610.7,2,0,0.0,12.39
16108,1610.8,2,0,0.0,12.36
16109,1610.9,2,0,0.0,12.38
16110,1611.0,2,0,0.0,12.38
16111,1611.1,2,0,0.0,12.43
16112,1611.2,2,0,0.0,12.39
16113,1611.3,2,0,0.0,12.38
16114,1611.4,2,0,0.0,12.35
16115,1611.5,2,0,0.0,12.4
16116,1611.6,2,0,0.0,12.39
16117,1611.7,2,0,0.0,12.42
16118,1611.8,2,0,0.0,12.38
16119,1611.9,2,0,0.0,12.39
16120,1612.0,2,0,0.0,12.34
16121,1612.1,2,0,0.0,12.41
16122,1612.2,2,0,0.0,12.37
16123,1612.3,2,0,0.0,12.39
16124,1612.4,1,1,0.0,10.77
16125,1612.5,1,0,0.0,10.85
16126,1612.6,1,0,0.0,10.76
16127,1612.7,2,0,0.0,12.42
16128,1612.8,2,0,0.0,12.35
16129,1612.9,2,0,0.0,12.37
16130,1613.0,2,0,0.0,12.33
16131,1613.1,2,0,0.0,12.39
16132,1613.2,2,0,0.0,12.39
16133,1613.3,3,0,0.0,12.46
16134,1613.4,3,0,0.0,12.46
16135,1613.5,3,0,0.0,12.42
16136,1613.6,3,0,0.0,12.43
16137,1613.7,3,0,0.0,12.44
16138,1613.8,3,0,0.0,12.45
16139,1613.9,2,1,0.0,12.4
16140,1614.0,2,0,0.0,12.35
16141,1614.1,2,0,0.0,12.35
16142,1614.2,2,0,0.0,12.36
16143,1614.3,2,0,0.0,12.35
16144,1614.4,2,0,0.0,12.39
16145,1614.5,2,0,0.0,12.4
16146,1614.6,2,0,0.0,12.37
16147,1614.7,2,0,0.0,12.36
16148,1614.8,2,0,0.0,12.35
16149,1614.9,2,0,0.0,12.37
16150,1615.0,2,0,0.0,12.34
16151,1615.1,2,0,0.0,12.38
16152,1615.2,2,0,0.0,12.35
16153,1615.3,2,0,0.0,12.35
16154,1615.4,2,0,0.0,12.35
16155,1615.5,2,0,0.0,12.38
16156,1615.6,2,0,0.0,12.34
16157,1615.7,2,0,0.0,12.38
16158,1615.8,2,0,0.0,12.41
16159,1615.9,3,0,0.0,11.62
16160,1616.0,3,0,0.0,11.55
16161,1616.1,2,1,0.0,12.33
16162,1616.2,2,0,0.0,12.38
16163,1616.3,2,0,0.0,12.33
16164,1616.4,2,0,0.0,12.41
16165,1616.5,2,0,0.0,12.33
16166,1616.6,2,0,0.0,12.39
16167,1616.7,2,0,0.0,12.36
16168,1616.8,2,0,0.0,12.38
16169,1616.9,2,0,0.0,12.38
16170,1617.0,2,0,0.0,12.38
16171,1617.1,2,0,0.0,12.37
16172,1617.2,2,0,0.0,12.42
16173,1617.3,2,0,0.0,12.38
16174,1617.4,2,0,0.0,12.38
16175,1617.5,2,0,0.0,12.41
16176,1617.6,3,0,0.0,12.89
16177,1617.7,3,0,0.0,12.87
16178,1617.8,3,0,0.0,12.88
16179,1617.9,3,0,0.0,12.86
16180,1618.0,3,0,0.0,12.92
16181,1618.1,3,0,0.0,12.89
16182,1618.2,3,0,0.0,12.89
16183,1618.3,4,0,0.0,12.9
16184,1618.4,5,0,0.0,13.09
16185,1618.5,5,0,0.0,13.08
16186,1618.6,5,0,0.0,13.07
16187,1618.7,5,0,0.0,13.1
16188,1618.8,4,1,0.0,13.69
16189,1618.9,3,1,0.0,13.95
16190,1619.0,3,0,0.0,13.95
16191,1619.1,3,0,0.0,13.91
16192,1619.2,3,0,0.0,13.97
16193,1619.3,3,0,0.0,13.96
16194,1619.4,3,0,0.0,13.94
16195,1619.5,3,0,0.0,13.91
16196,1619.6,3,0,0.0,13.96
16197,1619.7,3,0,0.0,13.95
16198,1619.8,3,0,0.0,13.97
16199,1619.9,3,0,0.0,13.95
16200,1620.0,3,0,0.0,13.93
16201,1620.1,3,0,0.0,13.94
16202,1620.2,3,0,0.0,13.93
16203,1620.3,3,0,0.0,13.91
16204,1620.4,3,0,0.0,13.92
16205,1620.5,3,0,0.0,13.91
16206,1620.6,3,0,0.0,13.93
16207,1620.7,3,0,0.0,13.91
16208,1620.8,3,0,0.0,13.93
16209,1620.9,3,0,0.0,13.93
16210,1621.0,3,0,0.0,13.96
16211,1621.1,2,1,0.0,13.96
16212,1621.2,2,0,0.0,13.96
16213,1621.3,2,0,0.0,13.92
16214,1621.4,2,0,0.0,13.9
16215,1621.5,2,0,0.0,13.92
16216,1621.6,2,0,0.0,13.96
16217,1621.7,2,0,0.0,13.94
16218,1621.8,2,0,0.0,13.97
16219,1621.9,1,1,0.0,13.91
16220,1622.0,1,0,0.0,13.9
16221,1622.1,1,0,0.0,13.93
16222,1622.2,1,0,0.0,13.94
16223,1622.3,1,0,0.0,13.9
16224,1622.4,1,0,0.0,13.88
16225,1622.5,1,0,0.0,13.92
16226,1622.6,1,0,0.0,13.99
16227,1622.7,1,0,0.0,13.93
16228,1622.8,1,0,0.0,14.0
16229,1622.9,1,0,0.0,13.9
16230,1623.0,1,0,0.0,13.9
16231,1623.1,1,0,0.0,13.9
16232,1623.2,1,0,0.0,13.92
16233,1623.3,2,0,0.0,13.95
16234,1623.4,2,0,0.0,13.96
16235,1623.5,2,0,0.0,13.95
16236,1623.6,2,0,0.0,13.97
16237,1623.7,2,0,0.0,13.94
16238,1623.8,2,0,0.0,13.95
16239,1623.9,1,1,0.0,13.92
16240,1624.0,1,0,0.0,13.93
16241,1624.1,2,0,0.0,13.38
16242,1624.2,2,0,0.0,13.36
16243,1624.3,2,0,0.0,13.29
16244,1624.4,2,0,0.0,13.29
16245,1624.5,2,0,0.0,13.31
16246,1624.6,2,0,0.0,13.32
16247,1624.7,2,0,0.0,13.32
16248,1624.8,2,0,0.0,13.35
16249,1624.9,2,0,0.0,13.34
16250,1625.0,2,0,0.0,13.34
16251,1625.1,2,0,0.0,13.3
16252,1625.2,2,0,0.0,13.34
16253,1625.3,2,0,0.0,13.31
16254,1625.4,2,0,0.0,13.34
16255,1625.5,2,0,0.0,13.37
16256,1625.6,2,0,0.0,13.3
16257,1625.7,2,0,0.0,13.38
16258,1625.8,2,0,0.0,13.34
16259,1625.9,2,0,0.0,13.32
16260,1626.0,2,0,0.0,13.35
16261,1626.1,2,0,0.0,13.33
16262,1626.2,2,0,0.0,13.33
16263,1626.3,3,0,0.0,12.7
16264,1626.4,3,0,0.0,12.64
16265,1626.5,3,0,0.0,12.68
16266,1626.6,3,0,0.0,12.71
16267,1626.7,3,0,0.0,12.7
16268,1626.8,3,0,0.0,12.68
16269,1626.9,3,0,0.0,12.65
16270,1627.0,3,0,0.0,12.68
16271,1627.1,3,0,0.0,12.71
16272,1627.2,3,0,0.0,12.67
16273,1627.3,3,0,0.0,12.68
16274,1627.4,3,0,0.0,12.66
16275,1627.5,3,0,0.0,12.67
16276,1627.6,2,1,0.0,12.04
16277,1627.7,2,0,0.0,12.01
16278,1627.8,2,0,0.0,12.09
16279,1627.9,2,0,0.0,12.06
16280,1628.0,2,0,0.0,12.04
16281,1628.1,2,0,0.0,12.09
16282,1628.2,2,0,0.0,12.01
16283,1628.3,3,0,0.0,12.24
16284,1628.4,3,0,0.0,12.24
16285,1628.5,3,0,0.0,12.23
16286,1628.6,3,0,0.0,12.22
16287,1628.7,3,0,0.0,12.21
16288,1628.8,3,0,0.0,12.19
16289,1628.9,2,1,0.0,12.03
16290,1629.0,2,0,0.0,12.06
16291,1629.1,2,0,0.0,12.03
16292,1629.2,2,0,0.0,12.0
16293,1629.3,2,0,0.0,12.05
16294,1629.4,2,0,0.0,12.04
16295,1629.5,2,0,0.0,12.03
16296,1629.6,2,0,0.0,12.03
16297,1629.7,3,0,0.0,12.45
16298,1629.8,3,0,0.0,12.38
16299,1629.9,3,0,0.0,12.4
16300,1630.0,3,0,0.0,12.38
16301,1630.1,3,0,0.0,12.42
16302,1630.2,3,0,0.0,12.42
16303,1630.3,3,0,0.0,12.37
16304,1630.4,3,0,0.0,12.38
16305,1630.5,2,1,0.0,12.96
16306,1630.6,2,0,0.0,12.89
16307,1630.7,2,0,0.0,12.94
16308,1630.8,2,0,0.0,12.87
16309,1630.9,2,0,0.0,12.86
16310,1631.0,2,0,0.0,12.9
16311,1631.1,2,0,0.0,12.97
16312,1631.2,2,0,0.0,12.91
16313,1631.3,2,0,0.0,12.92
16314,1631.4,2,0,0.0,12.94
16315,1631.5,2,0,0.0,12.92
16316,1631.6,2,0,0.0,12.92
16317,1631.7,2,0,0.0,12.91
16318,1631.8,2,0,0.0,12.87
16319,1631.9,2,0,0.0,12.89
16320,1632.0,2,0,0.0,12.89
16321,1632.1,2,0,0.0,12.89
16322,1632.2,2,0,0.0,12.93
16323,1632.3,2,0,0.0,12.95
16324,1632.4,2,0,0.0,12.88
16325,1632.5,2,0,0.0,12.92
16326,1632.6,2,0,0.0,12.89
16327,1632.7,3,0,0.0,11.93
16328,1632.8,3,0,0.0,11.93
16329,1632.9,3,0,0.0,11.93
16330,1633.0,3,0,0.0,11.94
16331,1633.1,3,0,0.0,11.91
16332,1633.2,3,0,0.0,11.94
16333,1633.3,4,0,0.0,12.33
16334,1633.4,4,0,0.0,12.32
16335,1633.5,4,0,0.0,12.3
16336,1633.6,4,0,0.0,12.29
16337,1633.7,4,0,0.0,12.28
16338,1633.8,4,0,0.0,12.3
16339,1633.9,3,1,0.0,11.94
16340,1634.0,3,0,0.0,11.92
16341,1634.1,2,1,0.0,11.58
16342,1634.2,2,0,0.0,11.54
16343,1634.3,2,0,0.0,11.58
16344,1634.4,2,0,0.0,11.52
16345,1634.5,2,0,0.0,11.52
16346,1634.6,2,0,0.0,11.55
16347,1634.7,2,0,0.0,11.55
16348,1634.8,2,0,0.0,11.54
16349,1634.9,2,0,0.0,11.51
16350,1635.0,3,0,0.0,12.25
16351,1635.1,3,0,0.0,12.28
16352,1635.2,3,0,0.0,12.26
16353,1635.3,3,0,0.0,12.24
16354,1635.4,4,0,0.0,12.31
16355,1635.5,4,0,0.0,12.33
16356,1635.6,4,0,0.0,12.28
16357,1635.7,4,0,0.0,12.32
16358,1635.8,4,0,0.0,12.3
16359,1635.9,4,0,0.0,12.31
16360,1636.0,4,0,0.0,12.26
16361,1636.1,4,0,0.0,12.23
16362,1636.2,4,0,0.0,12.25
16363,1636.3,4,0,0.0,12.2
16364,1636.4,4,0,0.0,12.22
16365,1636.5,4,0,0.0,12.2
16366,1636.6,4,0,0.0,12.16
16367,1636.7,4,0,0.0,12.18
16368,1636.8,4,0,0.0,12.18
16369,1636.9,4,0,0.0,12.13
16370,1637.0,4,0,0.0,12.13
16371,1637.1,4,0,0.0,12.11
16372,1637.2,4,0,0.0,12.1
16373,1637.3,4,0,0.0,12.11
16374,1637.4,4,0,0.0,12.08
16375,1637.5,4,0,0.0,12.06
16376,1637.6,4,0,0.0,12.1
16377,1637.7,4,0,0.0,12.02
16378,1637.8,4,0,0.0,12.05
16379,1637.9,4,0,0.0,12.02
16380,1638.0,4,0,0.0,12.06
16381,1638.1,4,0,0.0,11.99
16382,1638.2,5,0,0.0,12.07
16383,1638.3,5,0,0.0,12.05
16384,1638.4,5,0,0.0,12.02
16385,1638.5,4,1,0.0,11.62
16386,1638.6,4,0,0.0,11.61
16387,1638.7,4,0,0.0,11.57
16388,1638.8,3,1,0.0,11.38
16389,1638.9,3,0,0.0,11.37
16390,1639.0,3,0,0.0,11.35
16391,1639.1,3,0,0.0,11.33
16392,1639.2,3,0,0.0,11.32
16393,1639.3,3,0,0.0,11.34
16394,1639.4,2,1,0.0,10.44
16395,1639.5,2,0,0.0,10.4
16396,1639.6,2,0,0.0,10.4
16397,1639.7,2,0,0.0,10.38
16398,1639.8,2,0,0.0,10.38
16399,1639.9,2,0,0.0,10.38
16400,1640.0,2,0,0.0,10.36
16401,1640.1,2,0,0.0,10.35
16402,1640.2,2,0,0.0,10.29
16403,1640.3,2,0,0.0,10.31
16404,1640.4,2,0,0.0,10.32
16405,1640.5,2,0,0.0,10.3
16406,1640.6,2,0,0.0,10.26
16407,1640.7,2,0,0.0,10.31
16408,1640.8,2,0,0.0,10.3
16409,1640.9,2,0,0.0,10.26
16410,1641.0,2,0,0.0,10.23
16411,1641.1,3,0,0.0,11.48
16412,1641.2,3,0,0.0,11.47
16413,1641.3,3,0,0.0,11.5
16414,1641.4,3,0,0.0,11.46
16415,1641.5,3,0,0.0,11.45
16416,1641.6,3,0,0.0,11.42
16417,1641.7,3,0,0.0,11.44
16418,1641.8,3,0,0.0,11.46
16419,1641.9,3,0,0.0,11.43
16420,1642.0,3,0,0.0,11.44
16421,1642.1,3,0,0.0,11.44
16422,1642.2,3,0,0.0,11.4
16423,1642.3,3,0,0.0,11.41
16424,1642.4,3,0,0.0,11.4
16425,1642.5,3,0,0.0,11.4
16426,1642.6,3,0,0.0,11.4
16427,1642.7,3,0,0.0,11.41
16428,1642.8,3,0,0.0,11.43
16429,1642.9,3,0,0.0,11.4
16430,1643.0,3,0,0.0,11.39
16431,1643.1,3,0,0.0,11.4
16432,1643.2,4,0,0.0,11.92
16433,1643.3,4,0,0.0,11.85
16434,1643.4,4,0,0.0,11.9
16435,1643.5,4,0,0.0,11.9
16436,1643.6,4,0,0.0,11.89
16437,1643.7,5,0,0.0,12.2
16438,1643.8,4,1,0.0,11.93
16439,1643.9,4,0,0.0,11.88
16440,1644.0,4,0,0.0,11.87
16441,1644.1,4,0,0.0,11.91
16442,1644.2,5,0,0.0,11.51
16443,1644.3,5,0,0.0,11.47
16444,1644.4,4,1,0.0,11.89
16445,1644.5,4,0,0.0,11.88
16446,1644.6,4,0,0.0,11.88
16447,1644.7,4,0,0.0,11.86
16448,1644.8,4,0,0.0,11.88
16449,1644.9,3,1,0.0,12.5
16450,1645.0,3,0,0.0,12.59
16451,1645.1,3,0,0.0,12.71
16452,1645.2,3,0,0.0,12.74
16453,1645.3,3,0,0.0,12.82
16454,1645.4,3,0,0.0,12.91
16455,1645.5,3,0,0.0,12.99
16456,1645.6,3,0,0.0,13.02
16457,1645.7,3,0,0.0,13.12
16458,1645.8,3,0,0.0,13.13
16459,1645.9,3,0,0.0,13.19
16460,1646.0,3,0,0.0,13.22
16461,1646.1,3,0,0.0,13.27
16462,1646.2,3,0,0.0,13.33
16463,1646.3,3,0,0.0,13.33
16464,1646.4,3,0,0.0,13.31
16465,1646.5,3,0,0.0,13.34
16466,1646.6,3,0,0.0,13.31
16467,1646.7,3,0,0.0,13.29
16468,1646.8,4,0,0.0,13.11
16469,1646.9,3,1,0.0,13.24
16470,1647.0,3,0,0.0,13.26
16471,1647.1,3,0,0.0,13.25
16472,1647.2,3,0,0.0,13.28
16473,1647.3,2,1,0.0,13.14
16474,1647.4,2,0,0.0,13.12
16475,1647.5,2,0,0.0,13.18
16476,1647.6,2,0,0.0,13.18
16477,1647.7,2,0,0.0,13.18
16478,1647.8,2,0,0.0,13.17
16479,1647.9,2,0,0.0,13.13
16480,1648.0,2,0,0.0,13.18
16481,1648.1,2,0,0.0,13.17
16482,1648.2,3,0,0.0,13.19
16483,1648.3,3,0,0.0,13.16
16484,1648.4,3,0,0.0,13.16
16485,1648.5,3,0,0.0,13.09
16486,1648.6,3,0,0.0,13.13
16487,1648.7,3,0,0.0,13.13
16488,1648.8,2,1,0.0,13.14
16489,1648.9,2,0,0.0,13.18
16490,1649.0,2,0,0.0,13.11
16491,1649.1,2,0,0.0,13.17
16492,1649.2,2,0,0.0,13.19
16493,1649.3,2,0,0.0,13.15
16494,1649.4,2,0,0.0,13.17
16495,1649.5,2,0,0.0,13.12
16496,1649.6,2,0,0.0,13.15
16497,1649.7,2,0,0.0,13.12
16498,1649.8,2,0,0.0,13.14
16499,1649.9,2,0,0.0,13.11
16500,1650.0,2,0,0.0,13.17
16501,1650.1,2,0,0.0,13.18
16502,1650.2,2,0,0.0,13.14
16503,1650.3,1,1,0.0,12.42
16504,1650.4,1,0,0.0,12.35
16505,1650.5,1,0,0.0,12.41
16506,1650.6,1,0,0.0,12.38
16507,1650.7,1,0,0.0,12.42
16508,1650.8,1,0,0.0,12.36
16509,1650.9,1,0,0.0,12.33
16510,1651.0,1,0,0.0,12.33
16511,1651.1,1,0,0.0,12.37
16512,1651.2,1,0,0.0,12.33
16513,1651.3,1,0,0.0,12.38
16514,1651.4,1,0,0.0,12.32
16515,1651.5,1,0,0.0,12.33
16516,1651.6,1,0,0.0,12.41
16517,1651.7,1,0,0.0,12.37
16518,1651.8,1,0,0.0,12.41
16519,1651.9,1,0,0.0,12.44
16520,1652.0,1,0,0.0,12.39
16521,1652.1,1,0,0.0,12.33
16522,1652.2,1,0,0.0,12.34
16523,1652.3,1,0,0.0,12.33
16524,1652.4,3,0,0.0,12.63
16525,1652.5,3,0,0.0,12.6
16526,1652.6,3,0,0.0,12.61
16527,1652.7,3,0,0.0,12.62
16528,1652.8,3,0,0.0,12.63
16529,1652.9,3,0,0.0,12.63
16530,1653.0,3,0,0.0,12.61
16531,1653.1,3,0,0.0,12.6
16532,1653.2,4,0,0.0,12.93
16533,1653.3,4,0,0.0,12.94
16534,1653.4,4,0,0.0,12.92
16535,1653.5,4,0,0.0,12.91
16536,1653.6,4,0,0.0,12.89
16537,1653.7,4,0,0.0,12.92
16538,1653.8,3,1,0.0,12.6
16539,1653.9,3,0,0.0,12.6
16540,1654.0,3,0,0.0,12.57
16541,1654.1,3,0,0.0,12.63
16542,1654.2,3,0,0.0,12.6
16543,1654.3,3,0,0.0,12.6
16544,1654.4,3,0,0.0,12.58
16545,1654.5,3,0,0.0,12.61
16546,1654.6,3,0,0.0,12.6
16547,1654.7,3,0,0.0,12.55
16548,1654.8,3,0,0.0,12.58
16549,1654.9,3,0,0.0,12.64
16550,1655.0,3,0,0.0,12.6
16551,1655.1,3,0,0.0,12.57
16552,1655.2,3,0,0.0,12.59
16553,1655.3,3,0,0.0,12.6
16554,1655.4,3,0,0.0,12.62
16555,1655.5,3,0,0.0,12.55
16556,1655.6,3,0,0.0,12.62
16557,1655.7,3,0,0.0,12.58
16558,1655.8,3,0,0.0,12.64
16559,1655.9,3,0,0.0,12.61
16560,1656.0,3,0,0.0,12.6
16561,1656.1,3,0,0.0,12.59
16562,1656.2,3,0,0.0,12.6
16563,1656.3,3,0,0.0,12.62
16564,1656.4,2,1,0.0,12.9
16565,1656.5,2,0,0.0,12.84
16566,1656.6,2,0,0.0,12.81
16567,1656.7,2,0,0.0,12.86
16568,1656.8,2,0,0.0,12.82
16569,1656.9,2,0,0.0,12.86
16570,1657.0,2,0,0.0,12.89
16571,1657.1,1,1,0.0,13.25
16572,1657.2,1,0,0.0,13.28
16573,1657.3,1,0,0.0,13.25
16574,1657.4,1,0,0.0,13.34
16575,1657.5,1,0,0.0,13.33
16576,1657.6,1,0,0.0,13.25
16577,1657.7,1,0,0.0,13.32
16578,1657.8,1,0,0.0,13.26
16579,1657.9,1,0,0.0,13.36
16580,1658.0,1,0,0.0,13.34
16581,1658.1,2,0,0.0,13.02
16582,1658.2,3,0,0.0,12.86
16583,1658.3,3,0,0.0,12.79
16584,1658.4,3,0,0.0,12.84
16585,1658.5,3,0,0.0,12.81
16586,1658.6,3,0,0.0,12.82
16587,1658.7,3,0,0.0,12.85
16588,1658.8,2,1,0.0,13.04
16589,1658.9,2,0,0.0,12.99
16590,1659.0,2,0,0.0,13.0
16591,1659.1,2,0,0.0,13.03
16592,1659.2,2,0,0.0,13.03
16593,1659.3,2,0,0.0,12.98
16594,1659.4,2,0,0.0,13.0
16595,1659.5,2,0,0.0,12.97
16596,1659.6,2,0,0.0,13.04
16597,1659.7,2,0,0.0,13.05
16598,1659.8,2,0,0.0,12.98
16599,1659.9,2,0,0.0,12.97
16600,1660.0,2,0,0.0,13.01
16601,1660.1,2,0,0.0,12.96
16602,1660.2,2,0,0.0,12.99
16603,1660.3,2,0,0.0,12.98
16604,1660.4,2,0,0.0,13.06
16605,1660.5,2,0,0.0,13.0
16606,1660.6,2,0,0.0,13.02
16607,1660.7,2,0,0.0,13.05
16608,1660.8,2,0,0.0,13.0
16609,1660.9,2,0,0.0,13.03
16610,1661.0,2,0,0.0,12.98
16611,1661.1,3,0,0.0,13.35
16612,1661.2,3,0,0.0,13.33
16613,1661.3,3,0,0.0,13.29
16614,1661.4,3,0,0.0,13.31
16615,1661.5,3,0,0.0,13.32
16616,1661.6,3,0,0.0,13.3
16617,1661.7,3,0,0.0,13.34
16618,1661.8,3,0,0.0,13.29
16619,1661.9,3,0,0.0,13.32
16620,1662.0,2,1,0.0,13.34
16621,1662.1,2,0,0.0,13.28
16622,1662.2,2,0,0.0,13.3
16623,1662.3,2,0,0.0,13.33
16624,1662.4,2,0,0.0,13.34
16625,1662.5,2,0,0.0,13.31
16626,1662.6,2,0,0.0,13.29
16627,1662.7,2,0,0.0,13.33
16628,1662.8,2,0,0.0,13.29
16629,1662.9,2,0,0.0,13.32
16630,1663.0,2,0,0.0,13.31
16631,1663.1,3,0,0.0,13.08
16632,1663.2,3,0,0.0,13.03
16633,1663.3,3,0,0.0,13.01
16634,1663.4,3,0,0.0,13.01
16635,1663.5,3,0,0.0,13.02
16636,1663.6,3,0,0.0,13.03
16637,1663.7,2,1,0.0,13.34
16638,1663.8,3,0,0.0,13.55
16639,1663.9,3,0,0.0,13.5
16640,1664.0,3,0,0.0,13.52
16641,1664.1,3,0,0.0,13.53
16642,1664.2,3,0,0.0,13.52
16643,1664.3,3,0,0.0,13.49
16644,1664.4,3,0,0.0,13.54
16645,1664.5,3,0,0.0,13.52
16646,1664.6,2,1,0.0,13.35
16647,1664.7,2,0,0.0,13.36
16648,1664.8,2,0,0.0,13.29
16649,1664.9,2,0,0.0,13.32
16650,1665.0,2,0,0.0,13.31
16651,1665.1,2,0,0.0,13.31
16652,1665.2,2,0,0.0,13.29
16653,1665.3,2,0,0.0,13.33
16654,1665.4,2,0,0.0,13.29
16655,1665.5,2,0,0.0,13.36
16656,1665.6,2,0,0.0,13.33
16657,1665.7,2,0,0.0,13.35
16658,1665.8,2,0,0.0,13.28
16659,1665.9,2,0,0.0,13.3
16660,1666.0,2,0,0.0,13.34
16661,1666.1,2,0,0.0,13.35
16662,1666.2,2,0,0.0,13.34
16663,1666.3,2,0,0.0,13.32
16664,1666.4,2,0,0.0,13.31
16665,1666.5,2,0,0.0,13.33
16666,1666.6,2,0,0.0,13.36
16667,1666.7,2,0,0.0,13.35
16668,1666.8,2,0,0.0,13.3
16669,1666.9,2,0,0.0,13.32
16670,1667.0,2,0,0.0,13.3
16671,1667.1,2,0,0.0,13.31
16672,1667.2,2,0,0.0,13.34
16673,1667.3,2,0,0.0,13.31
16674,1667.4,2,0,0.0,13.3
16675,1667.5,2,0,0.0,13.33
16676,1667.6,2,0,0.0,13.35
16677,1667.7,2,0,0.0,13.33
16678,1667.8,2,0,0.0,13.33
16679,1667.9,2,0,0.0,13.32
16680,1668.0,2,0,0.0,13.32
16681,1668.1,2,1,0.0,13.91
16682,1668.2,2,0,0.0,13.95
16683,1668.3,2,0,0.0,13.93
16684,1668.4,2,0,0.0,13.86
16685,1668.5,2,0,0.0,13.9
16686,1668.6,2,0,0.0,13.93
16687,1668.7,1,1,0.0,13.98
16688,1668.8,1,0,0.0,13.95
16689,1668.9,1,0,0.0,13.9
16690,1669.0,1,0,0.0,13.93
16691,1669.1,1,0,0.0,13.91
16692,1669.2,1,0,0.0,13.97
16693,1669.3,1,0,0.0,13.92
16694,1669.4,1,0,0.0,13.93
16695,1669.5,2,0,0.0,13.92
16696,1669.6,2,0,0.0,13.94
16697,1669.7,2,0,0.0,13.91
16698,1669.8,3,0,0.0,13.91
16699,1669.9,3,0,0.0,13.95
16700,1670.0,3,0,0.0,13.92
16701,1670.1,3,0,0.0,13.91
16702,1670.2,3,0,0.0,13.91
16703,1670.3,3,0,0.0,13.9
16704,1670.4,3,0,0.0,13.9
16705,1670.5,3,0,0.0,13.93
16706,1670.6,3,0,0.0,13.91
16707,1670.7,3,0,0.0,13.91
16708,1670.8,3,0,0.0,13.93
16709,1670.9,3,0,0.0,13.92
16710,1671.0,3,0,0.0,13.89
16711,1671.1,3,0,0.0,13.9
16712,1671.2,3,0,0.0,13.91
16713,1671.3,3,0,0.0,13.87
16714,1671.4,3,0,0.0,13.93
16715,1671.5,3,0,0.0,13.94
16716,1671.6,3,0,0.0,13.91
16717,1671.7,3,0,0.0,13.91
16718,1671.8,3,0,0.0,13.89
16719,1671.9,3,0,0.0,13.88
16720,1672.0,3,0,0.0,13.88
16721,1672.1,3,0,0.0,13.93
16722,1672.2,3,0,0.0,13.93
16723,1672.3,3,0,0.0,13.89
16724,1672.4,3,0,0.0,13.92
16725,1672.5,3,0,0.0,13.9
16726,1672.6,4,0,0.0,12.94
16727,1672.7,4,0,0.0,12.94
16728,1672.8,3,1,0.0,13.92
16729,1672.9,3,0,0.0,13.88
16730,1673.0,2,1,0.0,13.92
16731,1673.1,3,0,0.0,13.89
16732,1673.2,3,0,0.0,13.91
16733,1673.3,2,1,0.0,13.83
16734,1673.4,2,0,0.0,13.83
16735,1673.5,2,0,0.0,13.79
16736,1673.6,2,0,0.0,13.88
16737,1673.7,1,1,0.0,13.87
16738,1673.8,1,0,0.0,13.91
16739,1673.9,1,0,0.0,13.83
16740,1674.0,1,0,0.0,13.83
16741,1674.1,1,0,0.0,13.9
16742,1674.2,1,0,0.0,13.84
16743,1674.3,1,0,0.0,13.84
16744,1674.4,1,0,0.0,13.88
16745,1674.5,2,0,0.0,11.94
16746,1674.6,2,0,0.0,11.93
16747,1674.7,2,0,0.0,11.91
16748,1674.8,2,0,0.0,11.93
16749,1674.9,2,0,0.0,11.95
16750,1675.0,2,0,0.0,11.9
16751,1675.1,2,0,0.0,11.94
16752,1675.2,2,0,0.0,11.89
16753,1675.3,3,0,0.0,10.24
16754,1675.4,3,0,0.0,10.17
16755,1675.5,3,0,0.0,10.24
16756,1675.6,3,0,0.0,10.27
16757,1675.7,3,0,0.0,10.27
16758,1675.8,3,0,0.0,10.32
16759,1675.9,3,0,0.0,10.35
16760,1676.0,3,0,0.0,10.4
16761,1676.1,3,0,0.0,10.45
16762,1676.2,3,0,0.0,10.48
16763,1676.3,3,0,0.0,10.5
16764,1676.4,3,0,0.0,10.54
16765,1676.5,3,0,0.0,10.55
16766,1676.6,3,0,0.0,10.61
16767,1676.7,3,0,0.0,10.59
16768,1676.8,3,0,0.0,10.64
16769,1676.9,3,0,0.0,10.67
16770,1677.0,3,0,0.0,10.68
16771,1677.1,3,0,0.0,10.71
16772,1677.2,3,0,0.0,10.7
16773,1677.3,3,0,0.0,10.73
16774,1677.4,3,0,0.0,10.77
16775,1677.5,3,0,0.0,10.8
16776,1677.6,3,0,0.0,10.82
16777,1677.7,3,0,0.0,10.8
16778,1677.8,3,0,0.0,10.82
16779,1677.9,3,0,0.0,10.85
16780,1678.0,3,0,0.0,10.84
16781,1678.1,4,0,0.0,11.65
16782,1678.2,4,0,0.0,11.67
16783,1678.3,4,0,0.0,11.67
16784,1678.4,4,0,0.0,11.7
16785,1678.5,5,0,0.0,12.12
16786,1678.6,5,0,0.0,12.12
16787,1678.7,3,2,0.0,10.99
16788,1678.8,3,0,0.0,10.99
16789,1678.9,3,0,0.0,11.0
16790,1679.0,3,0,0.0,11.0
16791,1679.1,3,0,0.0,11.0
16792,1679.2,3,0,0.0,11.04
16793,1679.3,3,0,0.0,11.01
16794,1679.4,3,0,0.0,11.04
16795,1679.5,3,0,0.0,11.06
16796,1679.6,3,0,0.0,11.06
16797,1679.7,3,0,0.0,11.02
16798,1679.8,3,0,0.0,11.08
16799,1679.9,3,0,0.0,11.08
16800,1680.0,3,0,0.0,11.08
16801,1680.1,3,0,0.0,11.06
16802,1680.2,3,0,0.0,11.12
16803,1680.3,3,0,0.0,11.11
16804,1680.4,3,0,0.0,11.07
16805,1680.5,3,0,0.0,11.07
16806,1680.6,3,0,0.0,11.14
16807,1680.7,3,0,0.0,11.14
16808,1680.8,4,0,0.0,11.81
16809,1680.9,4,0,0.0,11.83
16810,1681.0,4,0,0.0,11.82
16811,1681.1,4,0,0.0,11.83
16812,1681.2,4,0,0.0,11.82
16813,1681.3,4,0,0.0,11.87
16814,1681.4,4,0,0.0,11.83
16815,1681.5,4,0,0.0,11.84
16816,1681.6,4,0,0.0,11.84
16817,1681.7,4,0,0.0,11.88
16818,1681.8,4,0,0.0,11.84
16819,1681.9,4,0,0.0,11.84
16820,1682.0,3,1,0.0,11.19
16821,1682.1,3,0,0.0,11.2
16822,1682.2,3,0,0.0,11.16
16823,1682.3,3,0,0.0,11.18
16824,1682.4,3,0,0.0,11.2
16825,1682.5,3,0,0.0,11.23
16826,1682.6,3,0,0.0,11.21
16827,1682.7,3,0,0.0,11.19
16828,1682.8,3,0,0.0,11.18
16829,1682.9,3,0,0.0,11.21
16830,1683.0,3,0,0.0,11.19
16831,1683.1,4,0,0.0,11.91
16832,1683.2,4,0,0.0,11.91
16833,1683.3,4,0,0.0,11.92
16834,1683.4,4,0,0.0,11.89
16835,1683.5,4,0,0.0,11.88
16836,1683.6,4,0,0.0,11.91
16837,1683.7,3,1,0.0,11.24
16838,1683.8,3,0,0.0,11.24
16839,1683.9,3,0,0.0,11.26
16840,1684.0,3,0,0.0,11.26
16841,1684.1,3,0,0.0,11.23
16842,1684.2,3,0,0.0,11.21
16843,1684.3,3,0,0.0,11.22
16844,1684.4,3,0,0.0,11.23
16845,1684.5,3,0,0.0,11.25
16846,1684.6,3,0,0.0,11.23
16847,1684.7,3,0,0.0,11.19
16848,1684.8,3,0,0.0,11.15
16849,1684.9,3,0,0.0,11.09
16850,1685.0,3,0,0.0,11.11
16851,1685.1,3,0,0.0,11.06
16852,1685.2,3,0,0.0,11.05
16853,1685.3,3,0,0.0,10.97
16854,1685.4,3,0,0.0,10.95
16855,1685.5,3,0,0.0,10.96
16856,1685.6,3,0,0.0,10.96
16857,1685.7,3,0,0.0,10.92
16858,1685.8,3,0,0.0,10.9
16859,1685.9,3,0,0.0,10.88
16860,1686.0,3,0,0.0,10.79
16861,1686.1,3,0,0.0,10.77
16862,1686.2,3,0,0.0,10.82
16863,1686.3,3,0,0.0,10.77
16864,1686.4,3,0,0.0,10.73
16865,1686.5,4,0,0.0,10.81
16866,1686.6,4,0,0.0,10.78
16867,1686.7,3,1,0.0,11.01
16868,1686.8,3,0,0.0,11.04
16869,1686.9,3,0,0.0,11.18
16870,1687.0,3,0,0.0,11.22
16871,1687.1,3,0,0.0,11.28
16872,1687.2,4,0,0.0,12.04
16873,1687.3,4,0,0.0,12.09
16874,1687.4,4,0,0.0,12.19
16875,1687.5,4,0,0.0,12.25
16876,1687.6,4,0,0.0,12.33
16877,1687.7,4,0,0.0,12.41
16878,1687.8,4,0,0.0,12.48
16879,1687.9,4,0,0.0,12.56
16880,1688.0,5,0,0.0,12.63
16881,1688.1,5,0,0.0,12.68
16882,1688.2,5,0,0.0,12.74
16883,1688.3,5,0,0.0,12.7
16884,1688.4,5,0,0.0,12.7
16885,1688.5,5,0,0.0,12.71
16886,1688.6,4,1,0.0,12.79
16887,1688.7,3,1,0.0,12.76
16888,1688.8,3,0,0.0,12.83
16889,1688.9,3,0,0.0,12.88
16890,1689.0,3,0,0.0,12.96
16891,1689.1,3,0,0.0,12.98
16892,1689.2,3,0,0.0,12.94
16893,1689.3,3,0,0.0,12.96
16894,1689.4,3,0,0.0,12.92
16895,1689.5,3,0,0.0,12.97
16896,1689.6,3,0,0.0,12.95
16897,1689.7,3,0,0.0,12.96
16898,1689.8,3,0,0.0,12.91
16899,1689.9,3,0,0.0,12.91
16900,1690.0,3,0,0.0,12.96
16901,1690.1,3,0,0.0,12.94
16902,1690.2,3,0,0.0,12.97
16903,1690.3,2,1,0.0,12.45
16904,1690.4,2,0,0.0,12.4
16905,1690.5,2,0,0.0,12.47
16906,1690.6,2,0,0.0,12.46
16907,1690.7,1,1,0.0,11.03
16908,1690.8,1,0,0.0,10.99
16909,1690.9,1,0,0.0,11.01
16910,1691.0,1,0,0.0,10.99
16911,1691.1,1,0,0.0,11.01
16912,1691.2,1,0,0.0,10.94
16913,1691.3,1,0,0.0,11.03
16914,1691.4,1,0,0.0,11.0
16915,1691.5,1,0,0.0,10.98
16916,1691.6,1,0,0.0,10.93
16917,1691.7,1,0,0.0,11.01
16918,1691.8,1,0,0.0,11.0
16919,1691.9,1,0,0.0,10.92
16920,1692.0,1,0,0.0,11.02
16921,1692.1,1,0,0.0,10.98
16922,1692.2,2,0,0.0,12.46
16923,1692.3,2,0,0.0,12.45
16924,1692.4,2,0,0.0,12.44
16925,1692.5,2,0,0.0,12.5
16926,1692.6,2,0,0.0,12.43
16927,1692.7,2,0,0.0,12.41
16928,1692.8,2,0,0.0,12.43
16929,1692.9,2,0,0.0,12.46
16930,1693.0,3,0,0.0,12.98
16931,1693.1,3,0,0.0,12.95
16932,1693.2,3,0,0.0,12.95
16933,1693.3,3,0,0.0,12.92
16934,1693.4,3,0,0.0,12.91
16935,1693.5,3,0,0.0,12.99
16936,1693.6,2,1,0.0,12.45
16937,1693.7,2,0,0.0,12.45
16938,1693.8,2,0,0.0,12.48
16939,1693.9,2,0,0.0,12.43
16940,1694.0,2,0,0.0,12.48
16941,1694.1,2,0,0.0,12.45
16942,1694.2,2,0,0.0,12.46
16943,1694.3,2,0,0.0,12.47
16944,1694.4,2,0,0.0,12.44
16945,1694.5,2,0,0.0,12.44
16946,1694.6,2,0,0.0,12.49
16947,1694.7,2,0,0.0,12.45
16948,1694.8,2,0,0.0,12.44
16949,1694.9,2,0,0.0,12.41
16950,1695.0,2,0,0.0,12.4
16951,1695.1,2,0,0.0,12.4
16952,1695.2,2,0,0.0,12.49
16953,1695.3,2,0,0.0,12.41
16954,1695.4,2,0,0.0,12.5
16955,1695.5,2,0,0.0,12.47
16956,1695.6,2,0,0.0,12.49
16957,1695.7,2,0,0.0,12.42
16958,1695.8,2,0,0.0,12.42
16959,1695.9,3,0,0.0,12.98
16960,1696.0,3,0,0.0,12.94
16961,1696.1,3,0,0.0,12.93
16962,1696.2,3,0,0.0,12.93
16963,1696.3,3,0,0.0,12.96
16964,1696.4,3,0,0.0,12.92
16965,1696.5,3,0,0.0,12.93
16966,1696.6,3,0,0.0,12.93
16967,1696.7,3,0,0.0,12.97
16968,1696.8,3,0,0.0,12.96
16969,1696.9,3,0,0.0,12.97
16970,1697.0,3,0,0.0,12.91
16971,1697.1,3,0,0.0,12.96
16972,1697.2,3,0,0.0,12.92
16973,1697.3,3,0,0.0,12.96
16974,1697.4,3,0,0.0,12.94
16975,1697.5,3,0,0.0,12.93
16976,1697.6,3,0,0.0,12.96
16977,1697.7,3,0,0.0,13.0
16978,1697.8,3,0,0.0,12.99
16979,1697.9,4,0,0.0,13.12
16980,1698.0,5,0,0.0,13.0
16981,1698.1,4,1,0.0,13.51
16982,1698.2,4,0,0.0,13.48
16983,1698.3,4,0,0.0,13.5
16984,1698.4,4,0,0.0,13.48
16985,1698.5,4,0,0.0,13.49
16986,1698.6,3,1,0.0,13.77
16987,1698.7,3,0,0.0,13.78
16988,1698.8,3,0,0.0,13.79
16989,1698.9,3,0,0.0,13.77
16990,1699.0,3,0,0.0,13.83
16991,1699.1,3,0,0.0,13.76
16992,1699.2,3,0,0.0,13.76
16993,1699.3,3,0,0.0,13.78
16994,1699.4,2,1,0.0,13.71
16995,1699.5,2,0,0.0,13.7
16996,1699.6,2,0,0.0,13.74
16997,1699.7,2,0,0.0,13.76
16998,1699.8,2,0,0.0,13.73
16999,1699.9,2,0,0.0,13.71
17000,1700.0,2,0,0.0,13.71
17001,1700.1,3,0,0.0,12.46
17002,1700.2,3,0,0.0,12.47
17003,1700.3,3,0,0.0,12.44
17004,1700.4,3,0,0.0,12.47
17005,1700.5,3,0,0.0,12.48
17006,1700.6,3,0,0.0,12.43
17007,1700.7,3,0,0.0,12.45
17008,1700.8,3,0,0.0,12.47
17009,1700.9,4,0,0.0,11.85
17010,1701.0,4,0,0.0,11.84
17011,1701.1,3,1,0.0,12.48
17012,1701.2,3,0,0.0,12.46
17013,1701.3,3,0,0.0,12.51
17014,1701.4,2,1,0.0,11.7
17015,1701.5,2,0,0.0,11.75
17016,1701.6,2,0,0.0,11.74
17017,1701.7,2,0,0.0,11.75
17018,1701.8,2,0,0.0,11.72
17019,1701.9,2,0,0.0,11.75
17020,1702.0,2,0,0.0,11.71
17021,1702.1,2,0,0.0,11.71
17022,1702.2,2,0,0.0,11.74
17023,1702.3,2,0,0.0,11.74
17024,1702.4,2,0,0.0,11.75
17025,1702.5,2,0,0.0,11.72
17026,1702.6,2,0,0.0,11.7
17027,1702.7,2,0,0.0,11.69
17028,1702.8,2,0,0.0,11.69
17029,1702.9,2,0,0.0,11.74
17030,1703.0,3,0,0.0,12.5
17031,1703.1,3,0,0.0,12.47
17032,1703.2,3,0,0.0,12.48
17033,1703.3,3,0,0.0,12.45
17034,1703.4,3,0,0.0,12.48
17035,1703.5,4,0,0.0,12.85
17036,1703.6,3,1,0.0,12.46
17037,1703.7,3,0,0.0,12.47
17038,1703.8,3,0,0.0,12.49
17039,1703.9,3,0,0.0,12.5
17040,1704.0,3,0,0.0,12.46
17041,1704.1,3,0,0.0,12.43
17042,1704.2,3,0,0.0,12.43
17043,1704.3,3,0,0.0,12.46
17044,1704.4,2,1,0.0,13.73
17045,1704.5,2,0,0.0,13.68
17046,1704.6,3,0,0.0,13.83
17047,1704.7,3,0,0.0,13.8
17048,1704.8,3,0,0.0,13.81
17049,1704.9,3,0,0.0,13.83
17050,1705.0,3,0,0.0,13.81
17051,1705.1,3,0,0.0,13.78
17052,1705.2,3,0,0.0,13.78
17053,1705.3,3,0,0.0,13.79
17054,1705.4,3,0,0.0,13.81
17055,1705.5,3,0,0.0,13.8
17056,1705.6,3,0,0.0,13.8
17057,1705.7,3,0,0.0,13.8
17058,1705.8,3,0,0.0,13.76
17059,1705.9,3,0,0.0,13.77
17060,1706.0,3,0,0.0,13.76
17061,1706.1,3,0,0.0,13.79
17062,1706.2,3,0,0.0,13.79
17063,1706.3,3,0,0.0,13.79
17064,1706.4,3,0,0.0,13.79
17065,1706.5,3,0,0.0,13.77
17066,1706.6,3,0,0.0,13.79
17067,1706.7,3,0,0.0,13.75
17068,1706.8,3,0,0.0,13.81
17069,1706.9,3,0,0.0,13.82
17070,1707.0,3,0,0.0,13.8
17071,1707.1,3,0,0.0,13.81
17072,1707.2,3,0,0.0,13.78
17073,1707.3,3,0,0.0,13.79
17074,1707.4,2,1,0.0,13.94
17075,1707.5,2,0,0.0,13.92
17076,1707.6,2,0,0.0,13.92
17077,1707.7,2,0,0.0,13.91
17078,1707.8,2,0,0.0,13.91
17079,1707.9,3,0,0.0,13.95
17080,1708.0,3,0,0.0,13.94
17081,1708.1,2,1,0.0,13.92
17082,1708.2,2,0,0.0,13.92
17083,1708.3,2,0,0.0,13.94
17084,1708.4,2,0,0.0,13.94
17085,1708.5,1,1,0.0,13.94
17086,1708.6,1,0,0.0,13.99
17087,1708.7,1,0,0.0,13.95
17088,1708.8,1,0,0.0,13.99
17089,1708.9,1,0,0.0,13.94
17090,1709.0,1,0,0.0,13.95
17091,1709.1,1,0,0.0,13.96
17092,1709.2,2,0,0.0,12.85
17093,1709.3,2,0,0.0,12.86
17094,1709.4,2,0,0.0,12.84
17095,1709.5,2,0,0.0,12.85
17096,1709.6,2,0,0.0,12.89
17097,1709.7,2,0,0.0,12.84
17098,1709.8,2,0,0.0,12.86
17099,1709.9,2,0,0.0,12.81
17100,1710.0,2,0,0.0,12.8
17101,1710.1,2,0,0.0,12.83
17102,1710.2,2,0,0.0,12.83
17103,1710.3,2,0,0.0,12.9
17104,1710.4,2,0,0.0,12.84
17105,1710.5,2,0,0.0,12.88
17106,1710.6,2,0,0.0,12.86
17107,1710.7,2,0,0.0,12.86
17108,1710.8,2,0,0.0,12.88
17109,1710.9,2,0,0.0,12.83
17110,1711.0,2,0,0.0,12.86
17111,1711.1,2,0,0.0,12.86
17112,1711.2,2,0,0.0,12.89
17113,1711.3,2,0,0.0,12.84
17114,1711.4,2,0,0.0,12.81
17115,1711.5,2,0,0.0,12.84
17116,1711.6,2,0,0.0,12.82
17117,1711.7,2,0,0.0,12.84
17118,1711.8,2,0,0.0,12.88
17119,1711.9,2,0,0.0,12.81
17120,1712.0,2,0,0.0,12.9
17121,1712.1,2,0,0.0,12.85
17122,1712.2,2,0,0.0,12.84
17123,1712.3,2,0,0.0,12.87
17124,1712.4,2,0,0.0,12.79
17125,1712.5,2,0,0.0,12.85
17126,1712.6,2,0,0.0,12.82
17127,1712.7,1,1,0.0,11.72
17128,1712.8,1,0,0.0,11.78
17129,1712.9,2,0,0.0,12.9
17130,1713.0,2,0,0.0,12.84
17131,1713.1,2,0,0.0,12.83
17132,1713.2,2,0,0.0,12.86
17133,1713.3,3,0,0.0,13.25
17134,1713.4,3,0,0.0,13.19
17135,1713.5,2,1,0.0,12.83
17136,1713.6,2,0,0.0,12.86
17137,1713.7,2,0,0.0,12.86
17138,1713.8,2,0,0.0,12.89
17139,1713.9,2,0,0.0,12.85
17140,1714.0,2,0,0.0,12.8
17141,1714.1,2,0,0.0,12.84
17142,1714.2,2,0,0.0,12.85
17143,1714.3,2,0,0.0,12.8
17144,1714.4,2,0,0.0,12.82
17145,1714.5,2,0,0.0,12.84
17146,1714.6,2,0,0.0,12.81
17147,1714.7,2,0,0.0,12.86
17148,1714.8,2,0,0.0,12.88
17149,1714.9,3,0,0.0,13.24
17150,1715.0,3,0,0.0,13.19
17151,1715.1,3,0,0.0,13.2
17152,1715.2,3,0,0.0,13.22
17153,1715.3,3,0,0.0,13.21
17154,1715.4,3,0,0.0,13.21
17155,1715.5,3,0,0.0,13.22
17156,1715.6,3,0,0.0,13.21
17157,1715.7,3,0,0.0,13.22
17158,1715.8,3,0,0.0,13.2
17159,1715.9,3,0,0.0,13.24
17160,1716.0,3,0,0.0,13.2
17161,1716.1,3,0,0.0,13.21
17162,1716.2,3,0,0.0,13.22
17163,1716.3,3,0,0.0,13.2
17164,1716.4,4,0,0.0,12.4
17165,1716.5,4,0,0.0,12.37
17166,1716.6,4,0,0.0,12.4
17167,1716.7,4,0,0.0,12.42
17168,1716.8,3,1,0.0,11.92
17169,1716.9,3,0,0.0,11.86
17170,1717.0,3,0,0.0,11.9
17171,1717.1,3,0,0.0,11.92
17172,1717.2,3,0,0.0,11.89
17173,1717.3,3,0,0.0,11.88
17174,1717.4,3,0,0.0,11.9
17175,1717.5,3,0,0.0,11.89
17176,1717.6,3,0,0.0,11.9
17177,1717.7,3,0,0.0,11.88
17178,1717.8,3,0,0.0,11.88
17179,1717.9,4,0,0.0,12.43
17180,1718.0,4,0,0.0,12.39
17181,1718.1,4,0,0.0,12.39
17182,1718.2,4,0,0.0,12.4
17183,1718.3,4,0,0.0,12.42
17184,1718.4,4,0,0.0,12.41
17185,1718.5,3,1,0.0,11.86
17186,1718.6,3,0,0.0,11.89
17187,1718.7,3,0,0.0,11.87
17188,1718.8,3,0,0.0,11.86
17189,1718.9,3,0,0.0,11.88
17190,1719.0,3,0,0.0,11.89
17191,1719.1,3,0,0.0,11.85
17192,1719.2,3,0,0.0,11.91
17193,1719.3,3,0,0.0,11.9
17194,1719.4,3,0,0.0,11.9
17195,1719.5,3,0,0.0,11.9
17196,1719.6,3,0,0.0,11.9
17197,1719.7,3,0,0.0,11.89
17198,1719.8,3,0,0.0,11.88
17199,1719.9,3,0,0.0,11.87
17200,1720.0,2,1,0.0,11.97
17201,1720.1,2,0,0.0,11.93
17202,1720.2,2,0,0.0,11.94
17203,1720.3,2,0,0.0,11.96
17204,1720.4,2,0,0.0,11.95
17205,1720.5,2,0,0.0,11.98
17206,1720.6,3,0,0.0,12.56
17207,1720.7,3,0,0.0,12.56
17208,1720.8,3,0,0.0,12.58
17209,1720.9,3,0,0.0,12.55
17210,1721.0,3,0,0.0,12.55
17211,1721.1,3,0,0.0,12.57
17212,1721.2,3,0,0.0,12.52
17213,1721.3,3,0,0.0,12.51
17214,1721.4,3,0,0.0,12.54
17215,1721.5,3,0,0.0,12.51
17216,1721.6,3,0,0.0,12.5
17217,1721.7,3,0,0.0,12.54
17218,1721.8,3,0,0.0,12.53
17219,1721.9,3,0,0.0,12.53
17220,1722.0,4,0,0.0,12.9
17221,1722.1,4,0,0.0,12.86
17222,1722.2,4,0,0.0,12.9
17223,1722.3,4,0,0.0,12.89
17224,1722.4,4,0,0.0,12.88
17225,1722.5,4,0,0.0,12.88
17226,1722.6,4,0,0.0,12.88
17227,1722.7,4,0,0.0,12.9
17228,1722.8,4,0,0.0,12.9
17229,1722.9,5,0,0.0,13.11
17230,1723.0,5,0,0.0,13.09
17231,1723.1,5,0,0.0,13.12
17232,1723.2,5,0,0.0,13.1
17233,1723.3,5,0,0.0,13.06
17234,1723.4,5,0,0.0,13.09
17235,1723.5,4,1,0.0,12.88
17236,1723.6,4,0,0.0,12.88
17237,1723.7,4,0,0.0,12.88
17238,1723.8,4,0,0.0,12.88
17239,1723.9,4,0,0.0,12.84
17240,1724.0,4,0,0.0,12.83
17241,1724.1,3,1,0.0,12.44
17242,1724.2,3,0,0.0,12.39
17243,1724.3,3,0,0.0,12.36
17244,1724.4,3,0,0.0,12.33
17245,1724.5,3,0,0.0,12.3
17246,1724.6,3,0,0.0,12.32
17247,1724.7,3,0,0.0,12.27
17248,1724.8,3,0,0.0,12.24
17249,1724.9,3,0,0.0,12.21
17250,1725.0,3,0,0.0,12.21
17251,1725.1,3,0,0.0,12.16
17252,1725.2,3,0,0.0,12.13
17253,1725.3,3,0,0.0,12.14
17254,1725.4,3,0,0.0,12.1
17255,1725.5,2,1,0.0,11.15
17256,1725.6,2,0,0.0,11.1
17257,1725.7,2,0,0.0,11.09
17258,1725.8,2,0,0.0,11.05
17259,1725.9,2,0,0.0,11.03
17260,1726.0,2,0,0.0,10.99
17261,1726.1,2,0,0.0,11.0
17262,1726.2,2,0,0.0,10.94
17263,1726.3,3,0,0.0,11.19
17264,1726.4,3,0,0.0,11.18
17265,1726.5,3,0,0.0,11.14
17266,1726.6,3,0,0.0,11.12
17267,1726.7,3,0,0.0,11.13
17268,1726.8,3,0,0.0,11.12
17269,1726.9,3,0,0.0,11.09
17270,1727.0,3,0,0.0,11.06
17271,1727.1,3,0,0.0,11.07
17272,1727.2,3,0,0.0,11.0
17273,1727.3,3,0,0.0,10.99
17274,1727.4,3,0,0.0,11.03
17275,1727.5,3,0,0.0,10.99
17276,1727.6,3,0,0.0,11.02
17277,1727.7,3,0,0.0,11.01
17278,1727.8,3,0,0.0,10.96
17279,1727.9,4,0,0.0,11.61
17280,1728.0,4,0,0.0,11.57
17281,1728.1,4,0,0.0,11.56
17282,1728.2,4,0,0.0,11.57
17283,1728.3,4,0,0.0,11.57
17284,1728.4,4,0,0.0,11.57
17285,1728.5,3,1,0.0,10.88
17286,1728.6,2,1,0.0,11.31
17287,1728.7,2,0,0.0,11.42
17288,1728.8,2,0,0.0,11.5
17289,1728.9,2,0,0.0,11.67
17290,1729.0,2,0,0.0,11.72
17291,1729.1,2,0,0.0,11.85
17292,1729.2,2,0,0.0,11.93
17293,1729.3,3,0,0.0,11.33
17294,1729.4,3,0,0.0,11.36
17295,1729.5,2,1,0.0,12.17
17296,1729.6,2,0,0.0,12.3
17297,1729.7,2,0,0.0,12.37
17298,1729.8,2,0,0.0,12.43
17299,1729.9,2,0,0.0,12.58
17300,1730.0,2,0,0.0,12.66
17301,1730.1,2,0,0.0,12.68
17302,1730.2,2,0,0.0,12.71
17303,1730.3,2,0,0.0,12.71
17304,1730.4,2,0,0.0,12.69
17305,1730.5,2,0,0.0,12.77
17306,1730.6,2,0,0.0,12.72
17307,1730.7,2,1,0.0,12.86
17308,1730.8,2,0,0.0,12.84
17309,1730.9,2,0,0.0,12.86
17310,1731.0,2,0,0.0,12.83
17311,1731.1,2,0,0.0,12.83
17312,1731.2,2,0,0.0,12.84
17313,1731.3,2,0,0.0,12.84
17314,1731.4,2,0,0.0,12.78
17315,1731.5,2,0,0.0,12.85
17316,1731.6,2,0,0.0,12.83
17317,1731.7,2,0,0.0,12.85
17318,1731.8,2,0,0.0,12.84
17319,1731.9,3,0,0.0,12.96
17320,1732.0,3,0,0.0,12.96
17321,1732.1,3,0,0.0,12.97
17322,1732.2,3,0,0.0,12.98
17323,1732.3,3,0,0.0,12.98
17324,1732.4,3,0,0.0,12.96
17325,1732.5,3,0,0.0,12.97
17326,1732.6,3,0,0.0,12.95
17327,1732.7,3,0,0.0,12.94
17328,1732.8,4,0,0.0,12.67
17329,1732.9,4,0,0.0,12.66
17330,1733.0,4,0,0.0,12.64
17331,1733.1,4,0,0.0,12.63
17332,1733.2,4,0,0.0,12.65
17333,1733.3,4,0,0.0,12.65
17334,1733.4,4,0,0.0,12.68
17335,1733.5,3,1,0.0,12.99
17336,1733.6,3,0,0.0,12.92
17337,1733.7,3,0,0.0,12.97
17338,1733.8,3,0,0.0,12.97
17339,1733.9,3,0,0.0,12.93
17340,1734.0,3,0,0.0,12.95
17341,1734.1,3,0,0.0,12.95
17342,1734.2,2,1,0.0,12.45
17343,1734.3,2,0,0.0,12.48
17344,1734.4,2,0,0.0,12.5
17345,1734.5,2,0,0.0,12.49
17346,1734.6,2,0,0.0,12.51
17347,1734.7,2,0,0.0,12.42
17348,1734.8,2,0,0.0,12.46
17349,1734.9,2,0,0.0,12.44
17350,1735.0,2,0,0.0,12.48
17351,1735.1,2,0,0.0,12.45
17352,1735.2,2,0,0.0,12.48
17353,1735.3,2,0,0.0,12.42
17354,1735.4,2,0,0.0,12.47
17355,1735.5,2,0,0.0,12.5
17356,1735.6,2,0,0.0,12.47
17357,1735.7,2,0,0.0,12.45
17358,1735.8,2,0,0.0,12.5
17359,1735.9,2,0,0.0,12.45
17360,1736.0,2,0,0.0,12.45
17361,1736.1,2,0,0.0,12.46
17362,1736.2,2,0,0.0,12.44
17363,1736.3,2,0,0.0,12.48
17364,1736.4,2,0,0.0,12.46
17365,1736.5,2,0,0.0,12.41
17366,1736.6,2,0,0.0,12.47
17367,1736.7,2,0,0.0,12.43
17368,1736.8,2,0,0.0,12.51
17369,1736.9,2,0,0.0,12.44
17370,1737.0,2,0,0.0,12.49
17371,1737.1,2,0,0.0,12.48
17372,1737.2,1,1,0.0,13.24
17373,1737.3,1,0,0.0,13.17
17374,1737.4,1,0,0.0,13.18
17375,1737.5,1,0,0.0,13.24
17376,1737.6,2,0,0.0,13.61
17377,1737.7,2,0,0.0,13.57
17378,1737.8,3,0,0.0,13.66
17379,1737.9,3,0,0.0,13.71
17380,1738.0,3,0,0.0,13.67
17381,1738.1,3,0,0.0,13.66
17382,1738.2,3,0,0.0,13.69
17383,1738.3,3,0,0.0,13.66
17384,1738.4,2,1,0.0,13.56
17385,1738.5,2,0,0.0,13.56
17386,1738.6,2,0,0.0,13.55
17387,1738.7,2,0,0.0,13.55
17388,1738.8,2,0,0.0,13.58
17389,1738.9,2,0,0.0,13.53
17390,1739.0,2,0,0.0,13.55
17391,1739.1,2,0,0.0,13.58
17392,1739.2,2,0,0.0,13.57
17393,1739.3,3,0,0.0,13.49
17394,1739.4,3,0,0.0,13.51
17395,1739.5,3,0,0.0,13.47
17396,1739.6,3,0,0.0,13.53
17397,1739.7,3,0,0.0,13.51
17398,1739.8,3,0,0.0,13.47
17399,1739.9,3,0,0.0,13.5
17400,1740.0,3,0,0.0,13.52
17401,1740.1,3,0,0.0,13.48
17402,1740.2,3,0,0.0,13.51
17403,1740.3,3,0,0.0,13.53
17404,1740.4,3,0,0.0,13.51
17405,1740.5,3,0,0.0,13.51
17406,1740.6,3,0,0.0,13.49
17407,1740.7,3,0,0.0,13.49
17408,1740.8,3,0,0.0,13.51
17409,1740.9,3,0,0.0,13.49
17410,1741.0,3,0,0.0,13.53
17411,1741.1,3,0,0.0,13.47
17412,1741.2,3,0,0.0,13.48
17413,1741.3,3,0,0.0,13.5
17414,1741.4,3,0,0.0,13.51
17415,1741.5,3,0,0.0,13.51
17416,1741.6,2,1,0.0,13.71
17417,1741.7,2,0,0.0,13.65
17418,1741.8,2,0,0.0,13.65
17419,1741.9,2,0,0.0,13.64
17420,1742.0,2,0,0.0,13.67
17421,1742.1,2,0,0.0,13.62
17422,1742.2,2,0,0.0,13.65
17423,1742.3,2,0,0.0,13.65
17424,1742.4,2,0,0.0,13.65
17425,1742.5,2,0,0.0,13.64
17426,1742.6,2,0,0.0,13.64
17427,1742.7,2,0,0.0,13.69
17428,1742.8,3,0,0.0,13.38
17429,1742.9,2,1,0.0,13.33
17430,1743.0,2,0,0.0,13.35
17431,1743.1,2,0,0.0,13.3
17432,1743.2,2,0,0.0,13.35
17433,1743.3,3,0,0.0,13.19
17434,1743.4,2,1,0.0,13.42
17435,1743.5,2,0,0.0,13.43
17436,1743.6,2,0,0.0,13.42
17437,1743.7,2,0,0.0,13.4
17438,1743.8,2,0,0.0,13.33
17439,1743.9,2,0,0.0,13.41
17440,1744.0,2,0,0.0,13.39
17441,1744.1,2,0,0.0,13.38
17442,1744.2,2,0,0.0,13.38
17443,1744.3,2,0,0.0,13.38
17444,1744.4,2,0,0.0,13.34
17445,1744.5,2,0,0.0,13.35
17446,1744.6,2,0,0.0,13.38
17447,1744.7,2,0,0.0,13.34
17448,1744.8,2,0,0.0,13.35
17449,1744.9,2,0,0.0,13.38
17450,1745.0,2,0,0.0,13.35
17451,1745.1,2,0,0.0,13.36
17452,1745.2,2,0,0.0,13.41
17453,1745.3,2,0,0.0,13.4
17454,1745.4,2,0,0.0,13.38
17455,1745.5,2,0,0.0,13.36
17456,1745.6,2,0,0.0,13.41
17457,1745.7,2,0,0.0,13.4
17458,1745.8,2,0,0.0,13.41
17459,1745.9,2,0,0.0,13.4
17460,1746.0,2,0,0.0,13.36
17461,1746.1,2,0,0.0,13.38
17462,1746.2,2,0,0.0,13.4
17463,1746.3,2,0,0.0,13.37
17464,1746.4,2,0,0.0,13.39
17465,1746.5,2,0,0.0,13.41
17466,1746.6,2,0,0.0,13.42
17467,1746.7,2,0,0.0,13.38
17468,1746.8,1,1,0.0,12.87
17469,1746.9,1,0,0.0,12.84
17470,1747.0,1,0,0.0,12.81
17471,1747.1,1,0,0.0,12.87
17472,1747.2,1,0,0.0,12.83
17473,1747.3,1,0,0.0,12.88
17474,1747.4,1,0,0.0,12.84
17475,1747.5,1,0,0.0,12.81
17476,1747.6,1,0,0.0,12.79
17477,1747.7,1,0,0.0,12.83
17478,1747.8,2,0,0.0,13.43
17479,1747.9,2,0,0.0,13.4
17480,1748.0,3,0,0.0,13.1
17481,1748.1,3,0,0.0,13.07
17482,1748.2,3,0,0.0,13.06
17483,1748.3,3,0,0.0,13.03
17484,1748.4,2,1,0.0,12.66
17485,1748.5,2,0,0.0,12.62
17486,1748.6,2,0,0.0,12.62
17487,1748.7,2,0,0.0,12.63
17488,1748.8,2,0,0.0,12.66
17489,1748.9,2,0,0.0,12.67
17490,1749.0,3,0,0.0,13.13
17491,1749.1,3,0,0.0,13.08
17492,1749.2,3,0,0.0,13.09
17493,1749.3,3,0,0.0,13.07
17494,1749.4,3,0,0.0,13.11
17495,1749.5,3,0,0.0,13.1
17496,1749.6,3,0,0.0,13.05
17497,1749.7,3,0,0.0,13.06
17498,1749.8,3,0,0.0,13.08
17499,1749.9,3,0,0.0,13.09
17500,1750.0,3,0,0.0,13.08
17501,1750.1,3,0,0.0,13.1
17502,1750.2,3,0,0.0,13.13
17503,1750.3,3,0,0.0,13.08
17504,1750.4,3,0,0.0,13.1
17505,1750.5,3,0,0.0,13.05
17506,1750.6,3,0,0.0,13.11
17507,1750.7,3,0,0.0,13.08
17508,1750.8,3,0,0.0,13.08
17509,1750.9,3,0,0.0,13.1
17510,1751.0,3,0,0.0,13.1
17511,1751.1,3,0,0.0,13.07
17512,1751.2,3,0,0.0,13.1
17513,1751.3,3,0,0.0,13.08
17514,1751.4,3,0,0.0,13.08
17515,1751.5,3,0,0.0,13.08
17516,1751.6,3,0,0.0,13.08
17517,1751.7,3,0,0.0,13.07
17518,1751.8,3,0,0.0,13.11
17519,1751.9,2,1,0.0,13.43
17520,1752.0,2,0,0.0,13.36
17521,1752.1,2,0,0.0,13.43
17522,1752.2,2,0,0.0,13.39
17523,1752.3,2,0,0.0,13.37
17524,1752.4,2,0,0.0,13.39
17525,1752.5,2,0,0.0,13.37
17526,1752.6,2,0,0.0,13.39
17527,1752.7,2,0,0.0,13.42
17528,1752.8,3,0,0.0,13.56
17529,1752.9,3,0,0.0,13.56
17530,1753.0,3,0,0.0,13.59
17531,1753.1,3,0,0.0,13.53
17532,1753.2,2,1,0.0,13.91
17533,1753.3,2,0,0.0,13.92
17534,1753.4,1,1,0.0,13.94
17535,1753.5,1,0,0.0,13.98
17536,1753.6,1,0,0.0,13.94
17537,1753.7,1,0,0.0,13.99
17538,1753.8,1,0,0.0,13.98
17539,1753.9,1,0,0.0,13.87
17540,1754.0,1,0,0.0,13.91
17541,1754.1,1,0,0.0,13.99
17542,1754.2,1,0,0.0,14.0
17543,1754.3,1,0,0.0,13.88
17544,1754.4,1,0,0.0,13.88
17545,1754.5,1,0,0.0,13.96
17546,1754.6,1,0,0.0,13.99
17547,1754.7,2,0,0.0,13.98
17548,1754.8,2,0,0.0,13.92
17549,1754.9,2,0,0.0,13.94
17550,1755.0,2,0,0.0,13.92
17551,1755.1,2,0,0.0,13.94
17552,1755.2,2,0,0.0,13.94
17553,1755.3,2,0,0.0,13.97
17554,1755.4,2,0,0.0,13.93
17555,1755.5,2,0,0.0,13.92
17556,1755.6,2,0,0.0,13.97
17557,1755.7,2,0,0.0,13.98
17558,1755.8,2,0,0.0,13.93
17559,1755.9,2,0,0.0,13.99
17560,1756.0,2,0,0.0,13.95
17561,1756.1,2,0,0.0,13.93
17562,1756.2,2,0,0.0,13.94
17563,1756.3,2,0,0.0,13.96
17564,1756.4,2,0,0.0,13.96
17565,1756.5,2,0,0.0,13.9
17566,1756.6,2,0,0.0,13.97
17567,1756.7,3,0,0.0,13.98
17568,1756.8,3,0,0.0,13.95
17569,1756.9,3,0,0.0,13.95
17570,1757.0,3,0,0.0,13.92
17571,1757.1,3,0,0.0,13.93
17572,1757.2,3,0,0.0,13.96
17573,1757.3,3,0,0.0,13.93
17574,1757.4,3,0,0.0,13.95
17575,1757.5,3,0,0.0,13.95
17576,1757.6,4,0,0.0,12.97
17577,1757.7,4,0,0.0,12.98
17578,1757.8,4,1,0.0,13.95
17579,1757.9,4,0,0.0,13.93
17580,1758.0,4,0,0.0,13.96
17581,1758.1,4,0,0.0,13.96
17582,1758.2,3,1,0.0,13.94
17583,1758.3,4,0,0.0,12.93
17584,1758.4,3,1,0.0,12.62
17585,1758.5,3,0,0.0,12.6
17586,1758.6,3,0,0.0,12.6
17587,1758.7,3,0,0.0,12.61
17588,1758.8,3,0,0.0,12.61
17589,1758.9,3,0,0.0,12.57
17590,1759.0,3,0,0.0,12.65
17591,1759.1,3,0,0.0,12.63
17592,1759.2,3,0,0.0,12.61
17593,1759.3,3,0,0.0,12.61
17594,1759.4,3,0,0.0,12.62
17595,1759.5,3,0,0.0,12.63
17596,1759.6,3,0,0.0,12.61
17597,1759.7,3,0,0.0,12.59
17598,1759.8,3,0,0.0,12.66
17599,1759.9,3,0,0.0,12.61
17600,1760.0,3,0,0.0,12.63
17601,1760.1,3,0,0.0,12.63
17602,1760.2,2,1,0.0,11.95
17603,1760.3,3,0,0.0,11.6
17604,1760.4,3,0,0.0,11.57
17605,1760.5,3,0,0.0,11.58
17606,1760.6,3,0,0.0,11.55
17607,1760.7,3,0,0.0,11.58
17608,1760.8,3,0,0.0,11.53
17609,1760.9,3,0,0.0,11.5
17610,1761.0,3,0,0.0,11.55
17611,1761.1,3,0,0.0,11.52
17612,1761.2,3,0,0.0,11.52
17613,1761.3,3,0,0.0,11.55
17614,1761.4,3,0,0.0,11.49
17615,1761.5,3,0,0.0,11.52
17616,1761.6,3,0,0.0,11.51
17617,1761.7,3,0,0.0,11.47
17618,1761.8,3,0,0.0,11.47
17619,1761.9,3,0,0.0,11.52
17620,1762.0,3,0,0.0,11.47
17621,1762.1,3,0,0.0,11.47
17622,1762.2,3,0,0.0,11.43
17623,1762.3,3,0,0.0,11.45
17624,1762.4,3,0,0.0,11.43
17625,1762.5,3,0,0.0,11.45
17626,1762.6,3,0,0.0,11.44
17627,1762.7,4,0,0.0,11.73
17628,1762.8,4,0,0.0,11.71
17629,1762.9,4,0,0.0,11.69
17630,1763.0,4,0,0.0,11.66
17631,1763.1,4,0,0.0,11.67
17632,1763.2,4,0,0.0,11.67
17633,1763.3,3,1,0.0,11.42
17634,1763.4,3,0,0.0,11.39
17635,1763.5,3,0,0.0,11.39
17636,1763.6,3,0,0.0,11.41
17637,1763.7,3,0,0.0,11.38
17638,1763.8,3,0,0.0,11.39
17639,1763.9,2,1,0.0,10.1
17640,1764.0,2,0,0.0,10.12
17641,1764.1,2,0,0.0,10.08
17642,1764.2,2,0,0.0,10.07
17643,1764.3,2,0,0.0,10.09
17644,1764.4,2,0,0.0,10.09
17645,1764.5,2,0,0.0,10.06
17646,1764.6,2,0,0.0,10.08
17647,1764.7,2,0,0.0,10.06
17648,1764.8,2,0,0.0,10.1
17649,1764.9,2,0,0.0,10.07
17650,1765.0,2,0,0.0,10.07
17651,1765.1,2,0,0.0,10.03
17652,1765.2,2,0,0.0,10.05
17653,1765.3,2,0,0.0,10.06
17654,1765.4,3,0,0.0,10.85
17655,1765.5,3,0,0.0,10.86
17656,1765.6,3,0,0.0,10.81
17657,1765.7,3,0,0.0,10.84
17658,1765.8,3,0,0.0,10.81
17659,1765.9,3,0,0.0,10.81
17660,1766.0,4,0,0.0,11.6
17661,1766.1,4,0,0.0,11.59
17662,1766.2,4,0,0.0,11.6
17663,1766.3,4,0,0.0,11.6
17664,1766.4,4,0,0.0,11.6
17665,1766.5,4,0,0.0,11.59
17666,1766.6,4,0,0.0,11.59
17667,1766.7,4,0,0.0,11.58
17668,1766.8,4,0,0.0,11.58
17669,1766.9,4,0,0.0,11.6
17670,1767.0,4,0,0.0,11.61
17671,1767.1,4,0,0.0,11.6
17672,1767.2,4,0,0.0,11.62
17673,1767.3,4,0,0.0,11.59
17674,1767.4,4,0,0.0,11.59
17675,1767.5,4,0,0.0,11.58
17676,1767.6,4,0,0.0,11.57
17677,1767.7,5,0,0.0,11.39
17678,1767.8,5,0,0.0,11.39
17679,1767.9,5,0,0.0,11.38
17680,1768.0,5,0,0.0,11.37
17681,1768.1,5,0,0.0,11.41
17682,1768.2,5,0,0.0,11.38
17683,1768.3,5,0,0.0,11.39
17684,1768.4,4,1,0.0,11.58
17685,1768.5,4,0,0.0,11.56
17686,1768.6,4,0,0.0,11.56
17687,1768.7,4,0,0.0,11.58
17688,1768.8,4,0,0.0,11.57
17689,1768.9,4,0,0.0,11.54
17690,1769.0,4,0,0.0,11.57
17691,1769.1,4,0,0.0,11.6
17692,1769.2,4,0,0.0,11.56
17693,1769.3,3,1,0.0,11.32
17694,1769.4,3,0,0.0,11.35
17695,1769.5,3,0,0.0,11.3
17696,1769.6,3,0,0.0,11.29
17697,1769.7,3,0,0.0,11.33
17698,1769.8,3,0,0.0,11.28
17699,1769.9,3,0,0.0,11.29
17700,1770.0,3,0,0.0,11.3
17701,1770.1,3,0,0.0,11.31
17702,1770.2,3,0,0.0,11.3
17703,1770.3,3,0,0.0,11.3
17704,1770.4,3,0,0.0,11.27
17705,1770.5,2,1,0.0,11.97
17706,1770.6,2,0,0.0,12.08
17707,1770.7,2,0,0.0,12.2
17708,1770.8,2,0,0.0,12.29
17709,1770.9,2,0,0.0,12.42
17710,1771.0,2,0,0.0,12.56
17711,1771.1,2,0,0.0,12.62
17712,1771.2,2,0,0.0,12.73
17713,1771.3,2,0,0.0,12.78
17714,1771.4,2,0,0.0,12.87
17715,1771.5,2,0,0.0,12.95
17716,1771.6,2,0,0.0,13.03
17717,1771.7,3,0,0.0,13.47
17718,1771.8,3,0,0.0,13.5
17719,1771.9,3,0,0.0,13.56
17720,1772.0,3,0,0.0,13.64
17721,1772.1,3,0,0.0,13.69
17722,1772.2,3,0,0.0,13.79
17723,1772.3,3,0,0.0,13.87
17724,1772.4,2,1,0.0,13.94
17725,1772.5,2,0,0.0,13.91
17726,1772.6,2,0,0.0,13.95
17727,1772.7,3,0,0.0,13.96
17728,1772.8,3,0,0.0,13.92
17729,1772.9,3,0,0.0,13.96
17730,1773.0,3,0,0.0,13.92
17731,1773.1,3,0,0.0,13.95
17732,1773.2,3,0,0.0,13.93
17733,1773.3,2,1,0.0,13.94
17734,1773.4,2,0,0.0,13.92
17735,1773.5,2,0,0.0,13.91
17736,1773.6,2,0,0.0,13.93
17737,1773.7,2,0,0.0,13.97
17738,1773.8,2,0,0.0,13.91
17739,1773.9,2,0,0.0,13.96
17740,1774.0,2,0,0.0,13.93
17741,1774.1,3,0,0.0,12.64
17742,1774.2,3,0,0.0,12.67
17743,1774.3,3,0,0.0,12.64
17744,1774.4,3,0,0.0,12.66
17745,1774.5,3,0,0.0,12.67
17746,1774.6,3,0,0.0,12.68
17747,1774.7,3,0,0.0,12.64
17748,1774.8,3,0,0.0,12.64
17749,1774.9,3,0,0.0,12.65
17750,1775.0,3,0,0.0,12.63
17751,1775.1,3,0,0.0,12.65
17752,1775.2,2,1,0.0,12.0
17753,1775.3,2,0,0.0,11.97
17754,1775.4,2,0,0.0,12.01
17755,1775.5,2,0,0.0,11.96
17756,1775.6,2,0,0.0,11.99
17757,1775.7,2,0,0.0,11.98
17758,1775.8,2,0,0.0,11.97
17759,1775.9,2,0,0.0,11.99
17760,1776.0,2,0,0.0,12.0
17761,1776.1,2,0,0.0,11.99
17762,1776.2,2,0,0.0,11.97
17763,1776.3,2,0,0.0,11.99
17764,1776.4,2,0,0.0,11.96
17765,1776.5,2,0,0.0,11.98
17766,1776.6,2,0,0.0,12.01
17767,1776.7,2,0,0.0,11.99
17768,1776.8,2,0,0.0,12.04
17769,1776.9,2,0,0.0,11.98
17770,1777.0,2,0,0.0,11.99
17771,1777.1,2,0,0.0,11.98
17772,1777.2,2,0,0.0,11.99
17773,1777.3,2,0,0.0,12.02
17774,1777.4,3,0,0.0,12.32
17775,1777.5,3,0,0.0,12.28
17776,1777.6,3,0,0.0,12.28
17777,1777.7,4,0,0.0,12.69
17778,1777.8,4,0,0.0,12.67
17779,1777.9,4,0,0.0,12.7
17780,1778.0,4,0,0.0,12.69
17781,1778.1,4,0,0.0,12.68
17782,1778.2,4,0,0.0,12.68
17783,1778.3,3,1,0.0,12.25
17784,1778.4,3,0,0.0,12.27
17785,1778.5,3,0,0.0,12.29
17786,1778.6,3,0,0.0,12.26
17787,1778.7,3,0,0.0,12.29
17788,1778.8,3,0,0.0,12.3
17789,1778.9,2,1,0.0,13.41
17790,1779.0,2,0,0.0,13.33
17791,1779.1,2,0,0.0,13.37
17792,1779.2,2,0,0.0,13.36
17793,1779.3,2,0,0.0,13.4
17794,1779.4,2,0,0.0,13.38
17795,1779.5,2,0,0.0,13.35
17796,1779.6,2,0,0.0,13.37
17797,1779.7,2,0,0.0,13.43
17798,1779.8,2,0,0.0,13.37
17799,1779.9,2,0,0.0,13.42
17800,1780.0,2,0,0.0,13.34
17801,1780.1,2,0,0.0,13.39
17802,1780.2,2,0,0.0,13.42
17803,1780.3,2,0,0.0,13.37
17804,1780.4,2,0,0.0,13.39
17805,1780.5,2,0,0.0,13.34
17806,1780.6,2,0,0.0,13.43
17807,1780.7,2,0,0.0,13.41
17808,1780.8,2,0,0.0,13.39
17809,1780.9,1,1,0.0,12.87
17810,1781.0,1,0,0.0,12.82
17811,1781.1,1,0,0.0,12.77
17812,1781.2,1,0,0.0,12.77
17813,1781.3,1,0,0.0,12.77
17814,1781.4,1,0,0.0,12.89
17815,1781.5,1,0,0.0,12.85
17816,1781.6,1,0,0.0,12.84
17817,1781.7,1,0,0.0,12.85
17818,1781.8,1,0,0.0,12.81
17819,1781.9,1,0,0.0,12.88
17820,1782.0,1,0,0.0,12.89
17821,1782.1,1,0,0.0,12.85
17822,1782.2,1,0,0.0,12.84
17823,1782.3,1,0,0.0,12.89
17824,1782.4,1,0,0.0,12.81
17825,1782.5,1,0,0.0,12.88
17826,1782.6,2,0,0.0,12.95
17827,1782.7,2,0,0.0,12.86
17828,1782.8,3,0,0.0,13.28
17829,1782.9,3,0,0.0,13.25
17830,1783.0,4,0,0.0,13.41
17831,1783.1,4,0,0.0,13.38
17832,1783.2,3,1,0.0,13.55
17833,1783.3,3,0,0.0,13.49
17834,1783.4,3,0,0.0,13.49
17835,1783.5,3,0,0.0,13.48
17836,1783.6,3,0,0.0,13.53
17837,1783.7,3,0,0.0,13.48
17838,1783.8,3,0,0.0,13.54
17839,1783.9,3,0,0.0,13.48
17840,1784.0,3,0,0.0,13.47
17841,1784.1,3,0,0.0,13.5
17842,1784.2,3,0,0.0,13.53
17843,1784.3,3,0,0.0,13.51
17844,1784.4,3,0,0.0,13.55
17845,1784.5,3,0,0.0,13.55
17846,1784.6,3,0,0.0,13.49
17847,1784.7,3,0,0.0,13.53
17848,1784.8,3,0,0.0,13.48
17849,1784.9,3,0,0.0,13.54
17850,1785.0,3,0,0.0,13.48
17851,1785.1,3,0,0.0,13.46
17852,1785.2,3,0,0.0,13.47
17853,1785.3,3,0,0.0,13.51
17854,1785.4,3,0,0.0,13.49
17855,1785.5,3,0,0.0,13.51
17856,1785.6,3,0,0.0,13.49
17857,1785.7,3,0,0.0,13.47
17858,1785.8,3,0,0.0,13.5
17859,1785.9,4,0,0.0,12.6
17860,1786.0,4,0,0.0,12.61
17861,1786.1,3,1,0.0,13.53
17862,1786.2,3,0,0.0,13.49
17863,1786.3,2,1,0.0,13.31
17864,1786.4,2,0,0.0,13.34
17865,1786.5,2,0,0.0,13.28
17866,1786.6,2,0,0.0,13.34
17867,1786.7,2,0,0.0,13.33
17868,1786.8,2,0,0.0,13.31
17869,1786.9,2,0,0.0,13.3
17870,1787.0,2,0,0.0,13.3
17871,1787.1,2,0,0.0,13.29
17872,1787.2,2,0,0.0,13.29
17873,1787.3,1,1,0.0,13.82
17874,1787.4,1,0,0.0,13.79
17875,1787.5,1,0,0.0,13.81
17876,1787.6,2,0,0.0,13.13
17877,1787.7,2,0,0.0,13.08
17878,1787.8,2,0,0.0,13.13
17879,1787.9,2,0,0.0,13.16
17880,1788.0,2,0,0.0,13.08
17881,1788.1,2,0,0.0,13.11
17882,1788.2,1,1,0.0,13.79
17883,1788.3,1,0,0.0,13.7
17884,1788.4,1,0,0.0,13.74
17885,1788.5,1,0,0.0,13.71
17886,1788.6,1,0,0.0,13.8
17887,1788.7,2,0,0.0,13.12
17888,1788.8,2,0,0.0,13.08
17889,1788.9,2,0,0.0,13.09
17890,1789.0,2,0,0.0,13.11
17891,1789.1,2,0,0.0,13.09
17892,1789.2,2,0,0.0,13.11
17893,1789.3,2,0,0.0,13.07
17894,1789.4,2,0,0.0,13.11
17895,1789.5,2,0,0.0,13.04
17896,1789.6,2,0,0.0,13.12
17897,1789.7,2,0,0.0,13.08
17898,1789.8,2,0,0.0,13.1
17899,1789.9,2,0,0.0,13.11
17900,1790.0,2,0,0.0,13.13
17901,1790.1,2,0,0.0,13.09
17902,1790.2,2,0,0.0,13.1
17903,1790.3,2,0,0.0,13.09
17904,1790.4,2,0,0.0,13.09
17905,1790.5,2,0,0.0,13.14
17906,1790.6,2,0,0.0,13.04
17907,1790.7,2,0,0.0,13.13
17908,1790.8,2,0,0.0,13.09
17909,1790.9,2,0,0.0,13.04
17910,1791.0,2,0,0.0,13.08
17911,1791.1,2,0,0.0,13.07
17912,1791.2,2,0,0.0,13.11
17913,1791.3,2,0,0.0,13.1
17914,1791.4,2,0,0.0,13.11
17915,1791.5,3,0,0.0,12.33
17916,1791.6,3,0,0.0,12.32
17917,1791.7,3,0,0.0,12.34
17918,1791.8,3,0,0.0,12.3
17919,1791.9,3,0,0.0,12.33
17920,1792.0,3,0,0.0,12.32
17921,1792.1,3,0,0.0,12.28
17922,1792.2,3,0,0.0,12.36
17923,1792.3,2,1,0.0,11.57
17924,1792.4,2,0,0.0,11.59
17925,1792.5,2,0,0.0,11.56
17926,1792.6,3,0,0.0,12.4
17927,1792.7,3,0,0.0,12.36
17928,1792.8,3,0,0.0,12.39
17929,1792.9,3,0,0.0,12.38
17930,1793.0,3,0,0.0,12.37
17931,1793.1,3,0,0.0,12.37
17932,1793.2,2,1,0.0,11.6
17933,1793.3,2,0,0.0,11.63
17934,1793.4,2,0,0.0,11.63
17935,1793.5,2,0,0.0,11.57
17936,1793.6,2,0,0.0,11.59
17937,1793.7,2,0,0.0,11.6
17938,1793.8,2,0,0.0,11.61
17939,1793.9,2,0,0.0,11.58
17940,1794.0,2,0,0.0,11.61
17941,1794.1,2,0,0.0,11.58
17942,1794.2,2,0,0.0,11.53
17943,1794.3,2,0,0.0,11.64
17944,1794.4,3,0,0.0,12.41
17945,1794.5,3,0,0.0,12.39
17946,1794.6,3,0,0.0,12.35
17947,1794.7,3,0,0.0,12.37
17948,1794.8,3,0,0.0,12.39
17949,1794.9,3,0,0.0,12.34
17950,1795.0,3,0,0.0,12.36
17951,1795.1,3,0,0.0,12.37
17952,1795.2,3,0,0.0,12.39
17953,1795.3,3,0,0.0,12.38
17954,1795.4,3,0,0.0,12.39
17955,1795.5,3,0,0.0,12.38
17956,1795.6,3,0,0.0,12.39
17957,1795.7,3,0,0.0,12.37
17958,1795.8,3,0,0.0,12.32
17959,1795.9,3,0,0.0,12.36
17960,1796.0,2,1,0.0,13.17
17961,1796.1,2,0,0.0,13.23
17962,1796.2,2,0,0.0,13.17
17963,1796.3,2,0,0.0,13.21
17964,1796.4,2,0,0.0,13.16
17965,1796.5,2,0,0.0,13.18
17966,1796.6,2,0,0.0,13.2
17967,1796.7,2,0,0.0,13.18
17968,1796.8,2,0,0.0,13.2
17969,1796.9,2,0,0.0,13.2
17970,1797.0,2,0,0.0,13.16
17971,1797.1,2,0,0.0,13.22
17972,1797.2,2,0,0.0,13.21
17973,1797.3,2,0,0.0,13.19
17974,1797.4,2,0,0.0,13.17
17975,1797.5,2,0,0.0,13.15
17976,1797.6,3,0,0.0,13.49
17977,1797.7,3,0,0.0,13.44
17978,1797.8,3,0,0.0,13.42
17979,1797.9,3,0,0.0,13.44
17980,1798.0,3,0,0.0,13.46
17981,1798.1,3,0,0.0,13.42
17982,1798.2,2,1,0.0,13.15
17983,1798.3,2,0,0.0,13.16
17984,1798.4,2,0,0.0,13.19
17985,1798.5,2,0,0.0,13.18
17986,1798.6,2,0,0.0,13.14
17987,1798.7,2,0,0.0,13.18
17988,1798.8,2,0,0.0,13.16
17989,1798.9,2,0,0.0,13.2
17990,1799.0,1,1,0.0,13.89
17991,1799.1,1,0,0.0,13.97
17992,1799.2,1,0,0.0,13.98
17993,1799.3,1,0,0.0,13.94
17994,1799.4,1,0,0.0,14.0
17995,1799.5,1,0,0.0,13.97
17996,1799.6,1,0,0.0,13.98
17997,1799.7,1,0,0.0,13.98
17998,1799.8,1,0,0.0,13.95
17999,1799.9,1,0,0.0,13.87
18000,1800.0,1,0,0.0,13.94
18001,1800.1,3,0,0.0,12.67
18002,1800.2,3,0,0.0,12.58
18003,1800.3,3,0,0.0,12.61
18004,1800.4,3,0,0.0,12.61
18005,1800.5,3,0,0.0,12.59
18006,1800.6,3,0,0.0,12.61
18007,1800.7,3,0,0.0,12.64
18008,1800.8,3,0,0.0,12.58
18009,1800.9,4,0,0.0,11.13
18010,1801.0,5,0,0.0,10.84
18011,1801.1,5,0,0.0,10.83
18012,1801.2,5,0,0.0,10.88
18013,1801.3,5,0,0.0,10.92
18014,1801.4,5,0,0.0,10.98
18015,1801.5,5,0,0.0,11.01
18016,1801.6,5,0,0.0,11.04
18017,1801.7,5,0,0.0,11.07
18018,1801.8,5,0,0.0,11.08
18019,1801.9,5,0,0.0,11.09
18020,1802.0,5,0,0.0,11.11
18021,1802.1,5,0,0.0,11.15
18022,1802.2,5,0,0.0,11.16
18023,1802.3,5,0,0.0,11.16
18024,1802.4,5,0,0.0,11.18
18025,1802.5,6,0,0.0,11.63
18026,1802.6,6,0,0.0,11.64
18027,1802.7,6,0,0.0,11.67
18028,1802.8,6,0,0.0,11.66
18029,1802.9,6,0,0.0,11.68
18030,1803.0,6,0,0.0,11.71
18031,1803.1,5,1,0.0,11.27
18032,1803.2,5,0,0.0,11.28
18033,1803.3,5,0,0.0,11.25
18034,1803.4,5,0,0.0,11.29
18035,1803.5,5,0,0.0,11.3
18036,1803.6,4,1,0.0,10.67
18037,1803.7,4,0,0.0,10.66
18038,1803.8,4,0,0.0,10.67
18039,1803.9,4,0,0.0,10.66
18040,1804.0,4,0,0.0,10.69
18041,1804.1,4,0,0.0,10.68
18042,1804.2,4,0,0.0,10.7
18043,1804.3,4,0,0.0,10.72
18044,1804.4,3,1,0.0,11.0
18045,1804.5,3,0,0.0,11.02
18046,1804.6,3,0,0.0,11.11
18047,1804.7,3,0,0.0,11.13
18048,1804.8,3,0,0.0,11.21
18049,1804.9,3,0,0.0,11.29
18050,1805.0,3,0,0.0,11.33
18051,1805.1,3,0,0.0,11.44
18052,1805.2,3,0,0.0,11.47
18053,1805.3,3,0,0.0,11.57
18054,1805.4,3,0,0.0,11.63
18055,1805.5,3,0,0.0,11.67
18056,1805.6,3,0,0.0,11.76
18057,1805.7,3,0,0.0,11.81
18058,1805.8,4,0,0.0,12.34
18059,1805.9,4,0,0.0,12.36
18060,1806.0,4,0,0.0,12.4
18061,1806.1,4,0,0.0,12.47
18062,1806.2,3,1,0.0,12.51
18063,1806.3,3,0,0.0,12.55
18064,1806.4,3,0,0.0,12.52
18065,1806.5,3,0,0.0,12.51
18066,1806.6,3,0,0.0,12.52
18067,1806.7,3,0,0.0,12.51
18068,1806.8,3,0,0.0,12.51
18069,1806.9,3,0,0.0,12.53
18070,1807.0,3,0,0.0,12.54
18071,1807.1,3,0,0.0,12.53
18072,1807.2,3,0,0.0,12.56
18073,1807.3,3,0,0.0,12.55
18074,1807.4,3,0,0.0,12.49
18075,1807.5,4,0,0.0,12.86
18076,1807.6,4,0,0.0,12.89
18077,1807.7,4,0,0.0,12.88
18078,1807.8,4,0,0.0,12.87
18079,1807.9,4,0,0.0,12.87
18080,1808.0,4,0,0.0,12.84
18081,1808.1,3,1,0.0,12.51
18082,1808.2,3,0,0.0,12.55
18083,1808.3,3,0,0.0,12.51
18084,1808.4,3,0,0.0,12.52
18085,1808.5,3,0,0.0,12.49
18086,1808.6,3,0,0.0,12.5
18087,1808.7,3,0,0.0,12.53
18088,1808.8,3,0,0.0,12.5
18089,1808.9,4,0,0.0,12.91
18090,1809.0,4,0,0.0,12.86
18091,1809.1,4,0,0.0,12.9
18092,1809.2,4,0,0.0,12.89
18093,1809.3,3,1,0.0,12.54
18094,1809.4,3,0,0.0,12.53
18095,1809.5,3,0,0.0,12.52
18096,1809.6,3,0,0.0,12.51
18097,1809.7,3,0,0.0,12.53
18098,1809.8,3,0,0.0,12.52
18099,1809.9,3,0,0.0,12.52
18100,1810.0,3,0,0.0,12.53
18101,1810.1,3,0,0.0,12.55
18102,1810.2,3,0,0.0,12.53
18103,1810.3,3,0,0.0,12.55
18104,1810.4,3,0,0.0,12.53
18105,1810.5,3,0,0.0,12.52
18106,1810.6,3,0,0.0,12.52
18107,1810.7,3,0,0.0,12.51
18108,1810.8,3,0,0.0,12.43
18109,1810.9,3,0,0.0,12.45
18110,1811.0,3,0,0.0,12.42
18111,1811.1,3,0,0.0,12.36
18112,1811.2,3,0,0.0,12.36
18113,1811.3,3,0,0.0,12.34
18114,1811.4,4,0,0.0,12.71
18115,1811.5,4,0,0.0,12.68
18116,1811.6,4,0,0.0,12.64
18117,1811.7,4,0,0.0,12.67
18118,1811.8,4,0,0.0,12.61
18119,1811.9,4,0,0.0,12.62
18120,1812.0,4,0,0.0,12.57
18121,1812.1,4,0,0.0,12.57
18122,1812.2,4,0,0.0,12.58
18123,1812.3,4,0,0.0,12.53
18124,1812.4,3,1,0.0,12.09
18125,1812.5,4,0,0.0,12.26
18126,1812.6,4,0,0.0,12.3
18127,1812.7,4,0,0.0,12.25
18128,1812.8,4,0,0.0,12.21
18129,1812.9,4,0,0.0,12.22
18130,1813.0,4,0,0.0,12.22
18131,1813.1,3,1,0.0,11.91
18132,1813.2,2,1,0.0,12.84
18133,1813.3,2,0,0.0,12.89
18134,1813.4,2,0,0.0,13.0
18135,1813.5,2,0,0.0,13.08
18136,1813.6,2,0,0.0,13.18
18137,1813.7,2,0,0.0,13.3
18138,1813.8,2,0,0.0,13.38
18139,1813.9,2,0,0.0,13.54
18140,1814.0,2,0,0.0,13.63
18141,1814.1,2,0,0.0,13.74
18142,1814.2,2,0,0.0,13.81
18143,1814.3,3,0,0.0,12.54
18144,1814.4,3,0,0.0,12.51
18145,1814.5,2,1,0.0,13.81
18146,1814.6,2,0,0.0,13.74
18147,1814.7,2,0,0.0,13.84
18148,1814.8,2,0,0.0,13.8
18149,1814.9,2,0,0.0,13.74
18150,1815.0,2,0,0.0,13.75
18151,1815.1,2,0,0.0,13.74
18152,1815.2,2,0,0.0,13.79
18153,1815.3,2,0,0.0,13.85
18154,1815.4,1,1,0.0,13.92
18155,1815.5,1,0,0.0,13.94
18156,1815.6,1,0,0.0,13.99
18157,1815.7,1,0,0.0,13.96
18158,1815.8,1,0,0.0,13.87
18159,1815.9,1,0,0.0,13.97
18160,1816.0,1,0,0.0,13.95
18161,1816.1,1,0,0.0,13.89
18162,1816.2,1,0,0.0,13.96
18163,1816.3,1,0,0.0,13.95
18164,1816.4,1,0,0.0,13.94
18165,1816.5,1,0,0.0,13.93
18166,1816.6,1,0,0.0,13.94
18167,1816.7,1,0,0.0,13.94
18168,1816.8,1,0,0.0,13.92
18169,1816.9,1,0,0.0,13.89
18170,1817.0,1,0,0.0,13.88
18171,1817.1,2,0,0.0,13.83
18172,1817.2,2,0,0.0,13.75
18173,1817.3,2,0,0.0,13.77
18174,1817.4,2,0,0.0,13.79
18175,1817.5,3,0,0.0,13.47
18176,1817.6,4,0,0.0,13.57
18177,1817.7,4,0,0.0,13.56
18178,1817.8,4,0,0.0,13.59
18179,1817.9,4,0,0.0,13.6
18180,1818.0,4,0,0.0,13.57
18181,1818.1,3,1,0.0,13.83
18182,1818.2,3,0,0.0,13.81
18183,1818.3,3,0,0.0,13.87
18184,1818.4,3,0,0.0,13.85
18185,1818.5,3,0,0.0,13.79
18186,1818.6,3,0,0.0,13.81
18187,1818.7,3,0,0.0,13.81
18188,1818.8,3,0,0.0,13.81
18189,1818.9,3,0,0.0,13.83
18190,1819.0,3,0,0.0,13.85
18191,1819.1,3,0,0.0,13.82
18192,1819.2,3,0,0.0,13.83
18193,1819.3,3,0,0.0,13.84
18194,1819.4,3,0,0.0,13.82
18195,1819.5,3,0,0.0,13.83
18196,1819.6,3,0,0.0,13.85
18197,1819.7,3,0,0.0,13.8
18198,1819.8,3,0,0.0,13.81
18199,1819.9,3,0,0.0,13.85
18200,1820.0,3,0,0.0,13.87
18201,1820.1,3,0,0.0,13.85
18202,1820.2,3,0,0.0,13.78
18203,1820.3,3,0,0.0,13.87
18204,1820.4,3,0,0.0,13.85
18205,1820.5,3,0,0.0,13.82
18206,1820.6,2,1,0.0,13.8
18207,1820.7,2,0,0.0,13.81
18208,1820.8,2,0,0.0,13.76
18209,1820.9,2,0,0.0,13.77
18210,1821.0,2,0,0.0,13.82
18211,1821.1,1,1,0.0,13.58
18212,1821.2,1,0,0.0,13.65
18213,1821.3,1,0,0.0,13.59
18214,1821.4,1,0,0.0,13.61
18215,1821.5,1,0,0.0,13.67
18216,1821.6,1,0,0.0,13.69
18217,1821.7,1,0,0.0,13.6
18218,1821.8,1,0,0.0,13.59
18219,1821.9,1,0,0.0,13.7
18220,1822.0,1,0,0.0,13.64
18221,1822.1,1,0,0.0,13.68
18222,1822.2,1,0,0.0,13.6
18223,1822.3,1,0,0.0,13.63
18224,1822.4,1,0,0.0,13.68
18225,1822.5,2,0,0.0,13.82
18226,1822.6,2,0,0.0,13.75
18227,1822.7,2,0,0.0,13.83
18228,1822.8,3,0,0.0,13.85
18229,1822.9,3,0,0.0,13.82
18230,1823.0,3,0,0.0,13.85
18231,1823.1,2,1,0.0,13.79
18232,1823.2,2,0,0.0,13.82
18233,1823.3,2,0,0.0,13.73
18234,1823.4,2,0,0.0,13.75
18235,1823.5,2,0,0.0,13.79
18236,1823.6,2,0,0.0,13.81
18237,1823.7,2,0,0.0,13.81
18238,1823.8,2,0,0.0,13.81
18239,1823.9,2,0,0.0,13.77
18240,1824.0,2,0,0.0,13.75
18241,1824.1,2,0,0.0,13.81
18242,1824.2,2,0,0.0,13.78
18243,1824.3,2,0,0.0,13.81
18244,1824.4,2,0,0.0,13.81
18245,1824.5,2,0,0.0,13.78
18246,1824.6,2,0,0.0,13.77
18247,1824.7,2,0,0.0,13.79
18248,1824.8,2,0,0.0,13.77
18249,1824.9,2,0,0.0,13.81
18250,1825.0,2,0,0.0,13.79
18251,1825.1,2,0,0.0,13.78
18252,1825.2,2,0,0.0,13.79
18253,1825.3,2,0,0.0,13.82
18254,1825.4,2,0,0.0,13.82
18255,1825.5,2,0,0.0,13.82
18256,1825.6,2,0,0.0,13.76
18257,1825.7,2,0,0.0,13.78
18258,1825.8,2,0,0.0,13.76
18259,1825.9,2,0,0.0,13.83
18260,1826.0,2,0,0.0,13.81
18261,1826.1,2,0,0.0,13.8
18262,1826.2,2,0,0.0,13.84
18263,1826.3,3,0,0.0,13.38
18264,1826.4,3,0,0.0,13.37
18265,1826.5,2,1,0.0,13.15
18266,1826.6,2,0,0.0,13.21
18267,1826.7,2,0,0.0,13.19
18268,1826.8,2,0,0.0,13.19
18269,1826.9,2,0,0.0,13.14
18270,1827.0,2,0,0.0,13.25
18271,1827.1,2,0,0.0,13.24
18272,1827.2,2,0,0.0,13.17
18273,1827.3,2,0,0.0,13.17
18274,1827.4,3,0,0.0,13.32
18275,1827.5,3,0,0.0,13.29
18276,1827.6,3,0,0.0,13.27
18277,1827.7,3,0,0.0,13.28
18278,1827.8,3,0,0.0,13.26
18279,1827.9,3,0,0.0,13.31
18280,1828.0,2,1,0.0,13.15
18281,1828.1,2,0,0.0,13.18
18282,1828.2,2,0,0.0,13.23
18283,1828.3,2,0,0.0,13.17
18284,1828.4,2,0,0.0,13.19
18285,1828.5,3,0,0.0,13.37
18286,1828.6,3,0,0.0,13.4
18287,1828.7,3,0,0.0,13.38
18288,1828.8,3,0,0.0,13.38
18289,1828.9,3,0,0.0,13.38
18290,1829.0,3,0,0.0,13.37
18291,1829.1,3,0,0.0,13.39
18292,1829.2,3,0,0.0,13.38
18293,1829.3,3,0,0.0,13.34
18294,1829.4,3,0,0.0,13.33
18295,1829.5,3,0,0.0,13.34
18296,1829.6,3,0,0.0,13.37
18297,1829.7,3,0,0.0,13.37
18298,1829.8,3,0,0.0,13.32
18299,1829.9,3,0,0.0,13.36
18300,1830.0,3,0,0.0,13.39
18301,1830.1,3,0,0.0,13.37
18302,1830.2,2,1,0.0,13.84
18303,1830.3,2,0,0.0,13.8
18304,1830.4,2,0,0.0,13.82
18305,1830.5,2,0,0.0,13.84
18306,1830.6,2,0,0.0,13.82
18307,1830.7,2,0,0.0,13.81
18308,1830.8,2,0,0.0,13.82
18309,1830.9,2,0,0.0,13.81
18310,1831.0,2,0,0.0,13.81
18311,1831.1,2,0,0.0,13.8
18312,1831.2,2,0,0.0,13.82
18313,1831.3,2,0,0.0,13.75
18314,1831.4,2,0,0.0,13.82
18315,1831.5,2,0,0.0,13.85
18316,1831.6,2,0,0.0,13.81
18317,1831.7,2,0,0.0,13.81
18318,1831.8,2,0,0.0,13.78
18319,1831.9,2,0,0.0,13.85
18320,1832.0,1,1,0.0,13.75
18321,1832.1,1,0,0.0,13.69
18322,1832.2,1,0,0.0,13.64
18323,1832.3,1,0,0.0,13.63
18324,1832.4,2,0,0.0,13.85
18325,1832.5,2,0,0.0,13.79
18326,1832.6,2,0,0.0,13.83
18327,1832.7,2,0,0.0,13.78
18328,1832.8,2,0,0.0,13.82
18329,1832.9,2,0,0.0,13.85
18330,1833.0,1,1,0.0,13.71
18331,1833.1,1,0,0.0,13.65
18332,1833.2,1,0,0.0,13.73
18333,1833.3,1,0,0.0,13.63
18334,1833.4,1,0,0.0,13.7
18335,1833.5,1,0,0.0,13.64
18336,1833.6,1,0,0.0,13.69
18337,1833.7,1,0,0.0,13.66
18338,1833.8,1,0,0.0,13.65
18339,1833.9,1,0,0.0,13.66
18340,1834.0,1,0,0.0,13.65
18341,1834.1,2,0,0.0,13.75
18342,1834.2,2,0,0.0,13.78
18343,1834.3,2,0,0.0,13.71
18344,1834.4,2,0,0.0,13.71
18345,1834.5,2,0,0.0,13.73
18346,1834.6,2,0,0.0,13.73
18347,1834.7,2,0,0.0,13.77
18348,1834.8,2,0,0.0,13.72
18349,1834.9,2,0,0.0,13.77
18350,1835.0,3,0,0.0,13.83
18351,1835.1,3,0,0.0,13.83
18352,1835.2,3,0,0.0,13.8
18353,1835.3,3,0,0.0,13.82
18354,1835.4,3,0,0.0,13.8
18355,1835.5,3,0,0.0,13.8
18356,1835.6,3,0,0.0,13.8
18357,1835.7,3,0,0.0,13.82
18358,1835.8,3,0,0.0,13.79
18359,1835.9,3,0,0.0,13.84
18360,1836.0,3,0,0.0,13.85
18361,1836.1,3,0,0.0,13.81
18362,1836.2,3,0,0.0,13.8
18363,1836.3,3,0,0.0,13.83
18364,1836.4,3,0,0.0,13.83
18365,1836.5,3,0,0.0,13.81
18366,1836.6,3,0,0.0,13.81
18367,1836.7,3,0,0.0,13.78
18368,1836.8,3,0,0.0,13.81
18369,1836.9,3,0,0.0,13.77
18370,1837.0,3,0,0.0,13.78
18371,1837.1,3,0,0.0,13.83
18372,1837.2,3,0,0.0,13.79
18373,1837.3,3,0,0.0,13.8
18374,1837.4,4,0,0.0,13.84
18375,1837.5,4,0,0.0,13.82
18376,1837.6,4,0,0.0,13.84
18377,1837.7,4,0,0.0,13.86
18378,1837.8,3,1,0.0,13.86
18379,1837.9,3,0,0.0,13.88
18380,1838.0,2,1,0.0,13.82
18381,1838.1,2,0,0.0,13.89
18382,1838.2,2,0,0.0,13.86
18383,1838.3,2,0,0.0,13.86
18384,1838.4,2,0,0.0,13.85
18385,1838.5,1,1,0.0,13.79
18386,1838.6,1,0,0.0,13.74
18387,1838.7,1,0,0.0,13.85
18388,1838.8,1,0,0.0,13.82
18389,1838.9,1,0,0.0,13.79
18390,1839.0,1,0,0.0,13.78
18391,1839.1,1,0,0.0,13.74
18392,1839.2,1,0,0.0,13.85
18393,1839.3,1,0,0.0,13.85
18394,1839.4,1,0,0.0,13.76
18395,1839.5,1,0,0.0,13.74
18396,1839.6,1,0,0.0,13.78
18397,1839.7,1,0,0.0,13.83
18398,1839.8,2,0,0.0,13.55
18399,1839.9,2,0,0.0,13.55
18400,1840.0,2,0,0.0,13.56
18401,1840.1,2,0,0.0,13.49
18402,1840.2,2,0,0.0,13.55
18403,1840.3,2,0,0.0,13.51
18404,1840.4,2,0,0.0,13.5
18405,1840.5,2,0,0.0,13.52
18406,1840.6,2,0,0.0,13.46
18407,1840.7,2,0,0.0,13.52
18408,1840.8,2,0,0.0,13.48
18409,1840.9,2,0,0.0,13.51
18410,1841.0,2,0,0.0,13.47
18411,1841.1,2,0,0.0,13.54
18412,1841.2,2,0,0.0,13.53
18413,1841.3,2,0,0.0,13.54
18414,1841.4,2,0,0.0,13.51
18415,1841.5,2,0,0.0,13.5
18416,1841.6,2,0,0.0,13.54
18417,1841.7,2,0,0.0,13.5
18418,1841.8,2,0,0.0,13.49
18419,1841.9,2,0,0.0,13.55
18420,1842.0,3,0,0.0,12.37
18421,1842.1,3,0,0.0,12.3
18422,1842.2,3,0,0.0,12.34
18423,1842.3,3,0,0.0,12.33
18424,1842.4,4,0,0.0,12.27
18425,1842.5,4,0,0.0,12.24
18426,1842.6,4,0,0.0,12.25
18427,1842.7,4,0,0.0,12.2
18428,1842.8,4,0,0.0,12.21
18429,1842.9,4,0,0.0,12.23
18430,1843.0,4,1,0.0,11.77
18431,1843.1,4,0,0.0,11.74
18432,1843.2,3,1,0.0,12.33
18433,1843.3,3,0,0.0,12.33
18434,1843.4,2,1,0.0,11.59
18435,1843.5,2,0,0.0,11.61
18436,1843.6,2,0,0.0,11.61
18437,1843.7,3,0,0.0,12.39
18438,1843.8,3,0,0.0,12.37
18439,1843.9,3,0,0.0,12.4
18440,1844.0,3,0,0.0,12.42
18441,1844.1,3,0,0.0,12.38
18442,1844.2,3,0,0.0,12.35
18443,1844.3,3,0,0.0,12.36
18444,1844.4,3,0,0.0,12.4
18445,1844.5,3,0,0.0,12.4
18446,1844.6,3,0,0.0,12.38
18447,1844.7,3,0,0.0,12.4
18448,1844.8,3,0,0.0,12.39
18449,1844.9,3,0,0.0,12.39
18450,1845.0,3,0,0.0,12.35
18451,1845.1,3,0,0.0,12.39
18452,1845.2,3,0,0.0,12.41
18453,1845.3,3,0,0.0,12.37
18454,1845.4,3,0,0.0,12.4
18455,1845.5,4,0,0.0,12.5
18456,1845.6,4,0,0.0,12.52
18457,1845.7,4,0,0.0,12.46
18458,1845.8,4,0,0.0,12.51
18459,1845.9,4,0,0.0,12.54
18460,1846.0,4,0,0.0,12.51
18461,1846.1,4,0,0.0,12.49
18462,1846.2,4,0,0.0,12.51
18463,1846.3,4,0,0.0,12.47
18464,1846.4,4,0,0.0,12.5
18465,1846.5,4,0,0.0,12.52
18466,1846.6,4,0,0.0,12.54
18467,1846.7,4,0,0.0,12.52
18468,1846.8,4,0,0.0,12.53
18469,1846.9,4,0,0.0,12.46
18470,1847.0,4,0,0.0,12.51
18471,1847.1,4,0,0.0,12.51
18472,1847.2,3,1,0.0,12.03
18473,1847.3,3,0,0.0,12.0
18474,1847.4,4,0,0.0,12.33
18475,1847.5,4,0,0.0,12.31
18476,1847.6,4,0,0.0,12.3
18477,1847.7,4,0,0.0,12.3
18478,1847.8,4,0,0.0,12.29
18479,1847.9,4,0,0.0,12.28
18480,1848.0,3,1,0.0,12.03
18481,1848.1,3,0,0.0,12.02
18482,1848.2,3,0,0.0,12.01
18483,1848.3,3,0,0.0,12.03
18484,1848.4,3,0,0.0,12.0
18485,1848.5,3,0,0.0,11.94
18486,1848.6,3,0,0.0,11.91
18487,1848.7,3,0,0.0,11.88
18488,1848.8,3,0,0.0,11.86
18489,1848.9,3,0,0.0,11.84
18490,1849.0,3,0,0.0,11.84
18491,1849.1,3,0,0.0,11.81
18492,1849.2,3,0,0.0,11.81
18493,1849.3,3,0,0.0,11.78
18494,1849.4,2,1,0.0,10.99
18495,1849.5,2,0,0.0,10.96
18496,1849.6,2,0,0.0,10.95
18497,1849.7,2,0,0.0,10.96
18498,1849.8,2,0,0.0,10.93
18499,1849.9,2,0,0.0,10.87
18500,1850.0,2,0,0.0,10.84
18501,1850.1,2,0,0.0,10.86
18502,1850.2,2,0,0.0,10.81
18503,1850.3,2,0,0.0,10.76
18504,1850.4,2,0,0.0,10.79
18505,1850.5,2,0,0.0,10.75
18506,1850.6,2,0,0.0,10.72
18507,1850.7,2,0,0.0,10.72
18508,1850.8,2,0,0.0,10.68
18509,1850.9,2,0,0.0,10.67
18510,1851.0,2,0,0.0,10.64
18511,1851.1,2,0,0.0,10.62
18512,1851.2,3,0,0.0,11.52
18513,1851.3,3,0,0.0,11.49
18514,1851.4,3,0,0.0,11.48
18515,1851.5,3,0,0.0,11.45
18516,1851.6,3,0,0.0,11.45
18517,1851.7,3,0,0.0,11.4
18518,1851.8,3,0,0.0,11.42
18519,1851.9,3,0,0.0,11.37
18520,1852.0,3,0,0.0,11.42
18521,1852.1,3,0,0.0,11.42
18522,1852.2,3,0,0.0,11.38
18523,1852.3,4,0,0.0,12.05
18524,1852.4,5,0,0.0,12.24
18525,1852.5,5,0,0.0,12.26
18526,1852.6,5,0,0.0,12.22
18527,1852.7,5,0,0.0,12.22
18528,1852.8,5,0,0.0,12.23
18529,1852.9,4,1,0.0,11.79
18530,1853.0,4,0,0.0,11.8
18531,1853.1,4,0,0.0,11.8
18532,1853.2,4,0,0.0,11.75
18533,1853.3,4,0,0.0,11.78
18534,1853.4,4,0,0.0,11.74
18535,1853.5,4,0,0.0,11.77
18536,1853.6,4,0,0.0,11.74
18537,1853.7,4,0,0.0,11.74
18538,1853.8,4,0,0.0,11.74
18539,1853.9,4,0,0.0,11.71
18540,1854.0,4,0,0.0,11.73
18541,1854.1,4,0,0.0,11.72
18542,1854.2,3,1,0.0,12.3
18543,1854.3,3,0,0.0,12.37
18544,1854.4,3,0,0.0,12.43
18545,1854.5,3,0,0.0,12.53
18546,1854.6,3,0,0.0,12.6
18547,1854.7,3,0,0.0,12.7
18548,1854.8,3,0,0.0,12.73
18549,1854.9,3,0,0.0,12.79
18550,1855.0,3,0,0.0,12.86
18551,1855.1,3,0,0.0,12.89
18552,1855.2,3,0,0.0,13.02
18553,1855.3,3,0,0.0,13.02
18554,1855.4,3,0,0.0,13.07
18555,1855.5,3,0,0.0,13.11
18556,1855.6,3,0,0.0,13.16
18557,1855.7,3,0,0.0,13.15
18558,1855.8,3,0,0.0,13.14
18559,1855.9,3,0,0.0,13.16
18560,1856.0,2,1,0.0,13.03
18561,1856.1,2,0,0.0,13.03
18562,1856.2,1,1,0.0,13.24
18563,1856.3,1,0,0.0,13.26
18564,1856.4,1,0,0.0,13.27
18565,1856.5,1,0,0.0,13.22
18566,1856.6,1,0,0.0,13.2
18567,1856.7,1,0,0.0,13.18
18568,1856.8,1,0,0.0,13.19
18569,1856.9,2,0,0.0,13.55
18570,1857.0,2,0,0.0,13.46
18571,1857.1,2,0,0.0,13.47
18572,1857.2,2,0,0.0,13.47
18573,1857.3,3,0,0.0,13.62
18574,1857.4,3,0,0.0,13.61
18575,1857.5,3,0,0.0,13.59
18576,1857.6,3,0,0.0,13.64
18577,1857.7,3,0,0.0,13.63
18578,1857.8,3,0,0.0,13.64
18579,1857.9,2,1,0.0,13.46
18580,1858.0,2,0,0.0,13.44
18581,1858.1,2,0,0.0,13.46
18582,1858.2,2,0,0.0,13.52
18583,1858.3,2,0,0.0,13.49
18584,1858.4,2,0,0.0,13.54
18585,1858.5,2,0,0.0,13.51
18586,1858.6,2,0,0.0,13.51
18587,1858.7,2,0,0.0,13.53
18588,1858.8,2,0,0.0,13.52
18589,1858.9,2,0,0.0,13.44
18590,1859.0,2,0,0.0,13.51
18591,1859.1,2,0,0.0,13.44
18592,1859.2,2,0,0.0,13.43
18593,1859.3,2,0,0.0,13.44
18594,1859.4,2,0,0.0,13.45
18595,1859.5,2,0,0.0,13.52
18596,1859.6,2,0,0.0,13.45
18597,1859.7,2,0,0.0,13.51
18598,1859.8,2,0,0.0,13.47
18599,1859.9,2,0,0.0,13.49
18600,1860.0,2,0,0.0,13.53
18601,1860.1,2,0,0.0,13.5
18602,1860.2,2,0,0.0,13.51
18603,1860.3,2,0,0.0,13.49
18604,1860.4,2,0,0.0,13.45
18605,1860.5,2,0,0.0,13.5
18606,1860.6,2,0,0.0,13.48
18607,1860.7,2,0,0.0,13.45
18608,1860.8,1,1,0.0,13.71
18609,1860.9,1,0,0.0,13.75
18610,1861.0,1,0,0.0,13.8
18611,1861.1,2,0,0.0,13.71
18612,1861.2,2,0,0.0,13.64
18613,1861.3,2,0,0.0,13.64
18614,1861.4,2,0,0.0,13.69
18615,1861.5,2,0,0.0,13.7
18616,1861.6,2,0,0.0,13.69
18617,1861.7,2,0,0.0,13.7
18618,1861.8,2,0,0.0,13.66
18619,1861.9,2,0,0.0,13.67
18620,1862.0,2,0,0.0,13.65
18621,1862.1,2,0,0.0,13.61
18622,1862.2,2,0,0.0,13.63
18623,1862.3,3,0,0.0,13.06
18624,1862.4,3,0,0.0,13.08
18625,1862.5,4,0,0.0,12.42
18626,1862.6,4,0,0.0,12.45
18627,1862.7,4,0,0.0,12.39
18628,1862.8,4,0,0.0,12.44
18629,1862.9,4,0,0.0,12.41
18630,1863.0,3,1,0.0,12.63
18631,1863.1,3,0,0.0,12.64
18632,1863.2,3,0,0.0,12.65
18633,1863.3,3,0,0.0,12.62
18634,1863.4,3,0,0.0,12.62
18635,1863.5,3,0,0.0,12.64
18636,1863.6,3,0,0.0,12.65
18637,1863.7,3,0,0.0,12.62
18638,1863.8,3,0,0.0,12.61
18639,1863.9,3,0,0.0,12.65
18640,1864.0,3,0,0.0,12.65
18641,1864.1,3,0,0.0,12.63
18642,1864.2,3,0,0.0,12.65
18643,1864.3,3,0,0.0,12.58
18644,1864.4,3,0,0.0,12.66
18645,1864.5,3,0,0.0,12.65
18646,1864.6,3,0,0.0,12.65
18647,1864.7,2,1,0.0,12.2
18648,1864.8,2,0,0.0,12.17
18649,1864.9,2,0,0.0,12.13
18650,1865.0,2,0,0.0,12.2
18651,1865.1,2,0,0.0,12.11
18652,1865.2,2,0,0.0,12.21
18653,1865.3,2,0,0.0,12.18
18654,1865.4,2,0,0.0,12.19
18655,1865.5,2,0,0.0,12.15
18656,1865.6,2,0,0.0,12.14
18657,1865.7,2,0,0.0,12.21
18658,1865.8,2,0,0.0,12.15
18659,1865.9,2,0,0.0,12.13
18660,1866.0,2,0,0.0,12.18
18661,1866.1,2,0,0.0,12.19
18662,1866.2,1,1,0.0,10.55
18663,1866.3,1,0,0.0,10.64
18664,1866.4,1,0,0.0,10.56
18665,1866.5,1,0,0.0,10.55
18666,1866.6,1,0,0.0,10.55
18667,1866.7,1,0,0.0,10.56
18668,1866.8,1,0,0.0,10.62
18669,1866.9,1,0,0.0,10.55
18670,1867.0,1,0,0.0,10.53
18671,1867.1,1,0,0.0,10.6
18672,1867.2,1,0,0.0,10.61
18673,1867.3,2,0,0.0,11.89
18674,1867.4,2,0,0.0,11.85
18675,1867.5,2,0,0.0,11.79
18676,1867.6,2,0,0.0,11.82
18677,1867.7,2,0,0.0,11.86
18678,1867.8,2,0,0.0,11.8
18679,1867.9,1,1,0.0,10.66
18680,1868.0,1,0,0.0,10.65
18681,1868.1,1,0,0.0,10.54
18682,1868.2,2,0,0.0,11.63
18683,1868.3,2,0,0.0,11.57
18684,1868.4,2,0,0.0,11.6
18685,1868.5,2,0,0.0,11.62
18686,1868.6,2,0,0.0,11.58
18687,1868.7,2,0,0.0,11.58
18688,1868.8,2,0,0.0,11.6
18689,1868.9,2,0,0.0,11.53
18690,1869.0,2,0,0.0,11.58
18691,1869.1,2,0,0.0,11.6
18692,1869.2,2,0,0.0,11.57
18693,1869.3,2,0,0.0,11.61
18694,1869.4,2,0,0.0,11.57
18695,1869.5,2,0,0.0,11.58
18696,1869.6,2,0,0.0,11.59
18697,1869.7,2,0,0.0,11.63
18698,1869.8,3,0,0.0,12.38
18699,1869.9,3,0,0.0,12.37
18700,1870.0,3,0,0.0,12.39
18701,1870.1,3,0,0.0,12.37
18702,1870.2,3,0,0.0,12.35
18703,1870.3,3,0,0.0,12.4
18704,1870.4,3,0,0.0,12.37
18705,1870.5,3,0,0.0,12.35
18706,1870.6,3,0,0.0,12.37
18707,1870.7,3,0,0.0,12.35
18708,1870.8,3,0,0.0,12.36
18709,1870.9,3,0,0.0,12.36
18710,1871.0,4,0,0.0,11.78
18711,1871.1,4,0,0.0,11.76
18712,1871.2,3,1,0.0,12.38
18713,1871.3,3,0,0.0,12.38
18714,1871.4,3,0,0.0,12.35
18715,1871.5,3,0,0.0,12.35
18716,1871.6,3,0,0.0,12.37
18717,1871.7,3,0,0.0,12.37
18718,1871.8,3,0,0.0,12.41
18719,1871.9,3,0,0.0,12.4
18720,1872.0,3,0,0.0,12.35
18721,1872.1,3,0,0.0,12.38
18722,1872.2,3,0,0.0,12.35
18723,1872.3,4,0,0.0,12.76
18724,1872.4,4,0,0.0,12.77
18725,1872.5,4,0,0.0,12.78
18726,1872.6,4,0,0.0,12.76
18727,1872.7,4,0,0.0,12.76
18728,1872.8,4,0,0.0,12.77
18729,1872.9,3,1,0.0,12.34
18730,1873.0,3,0,0.0,12.36
18731,1873.1,3,0,0.0,12.36
18732,1873.2,3,0,0.0,12.34
18733,1873.3,2,1,0.0,11.54
18734,1873.4,2,0,0.0,11.57
18735,1873.5,2,0,0.0,11.56
18736,1873.6,2,0,0.0,11.62
18737,1873.7,2,0,0.0,11.61
18738,1873.8,2,0,0.0,11.56
18739,1873.9,3,0,0.0,12.4
18740,1874.0,3,0,0.0,12.36
18741,1874.1,3,0,0.0,12.38
18742,1874.2,3,0,0.0,12.37
18743,1874.3,3,0,0.0,12.37
18744,1874.4,3,0,0.0,12.36
18745,1874.5,2,1,0.0,13.23
18746,1874.6,2,0,0.0,13.19
18747,1874.7,2,0,0.0,13.23
18748,1874.8,2,0,0.0,13.27
18749,1874.9,2,0,0.0,13.22
18750,1875.0,2,0,0.0,13.23
18751,1875.1,2,0,0.0,13.24
18752,1875.2,2,0,0.0,13.24
18753,1875.3,2,0,0.0,13.23
18754,1875.4,2,0,0.0,13.24
18755,1875.5,2,0,0.0,13.28
18756,1875.6,2,0,0.0,13.26
18757,1875.7,2,0,0.0,13.28
18758,1875.8,2,0,0.0,13.29
18759,1875.9,2,0,0.0,13.26
18760,1876.0,2,0,0.0,13.26
18761,1876.1,2,0,0.0,13.21
18762,1876.2,2,0,0.0,13.26
18763,1876.3,2,0,0.0,13.29
18764,1876.4,2,0,0.0,13.31
18765,1876.5,2,0,0.0,13.29
18766,1876.6,2,0,0.0,13.23
18767,1876.7,2,0,0.0,13.28
18768,1876.8,2,0,0.0,13.26
18769,1876.9,2,0,0.0,13.26
18770,1877.0,2,0,0.0,13.28
18771,1877.1,2,0,0.0,13.27
18772,1877.2,3,0,0.0,13.14
18773,1877.3,3,0,0.0,13.15
18774,1877.4,3,0,0.0,13.13
18775,1877.5,3,0,0.0,13.17
18776,1877.6,3,0,0.0,13.13
18777,1877.7,3,0,0.0,13.15
18778,1877.8,2,1,0.0,13.22
18779,1877.9,2,0,0.0,13.22
18780,1878.0,2,0,0.0,13.21
18781,1878.1,2,0,0.0,13.24
18782,1878.2,2,0,0.0,13.21
18783,1878.3,1,1,0.0,13.88
18784,1878.4,1,0,0.0,13.93
18785,1878.5,2,0,0.0,13.98
18786,1878.6,2,0,0.0,13.99
18787,1878.7,2,0,0.0,13.93
18788,1878.8,2,0,0.0,13.97
18789,1878.9,2,0,0.0,13.92
18790,1879.0,2,0,0.0,13.9
18791,1879.1,2,0,0.0,13.91
18792,1879.2,2,0,0.0,13.92
18793,1879.3,2,0,0.0,13.9
18794,1879.4,2,0,0.0,13.95
18795,1879.5,2,0,0.0,13.93
18796,1879.6,3,0,0.0,13.95
18797,1879.7,3,0,0.0,13.95
18798,1879.8,3,0,0.0,13.93
18799,1879.9,3,0,0.0,13.93
18800,1880.0,3,0,0.0,13.97
18801,1880.1,3,0,0.0,13.91
18802,1880.2,3,0,0.0,13.95
18803,1880.3,3,0,0.0,13.94
18804,1880.4,3,0,0.0,13.93
18805,1880.5,3,0,0.0,13.95
18806,1880.6,3,0,0.0,13.95
18807,1880.7,3,0,0.0,13.92
18808,1880.8,3,0,0.0,13.92
18809,1880.9,3,0,0.0,13.95
18810,1881.0,3,0,0.0,13.94
18811,1881.1,3,0,0.0,13.96
18812,1881.2,3,0,0.0,13.94
18813,1881.3,3,0,0.0,13.95
18814,1881.4,3,0,0.0,13.91
18815,1881.5,3,0,0.0,13.96
18816,1881.6,3,0,0.0,13.95
18817,1881.7,3,0,0.0,13.94
18818,1881.8,3,0,0.0,13.97
18819,1881.9,3,0,0.0,13.94
18820,1882.0,2,1,0.0,13.97
18821,1882.1,2,0,0.0,13.94
18822,1882.2,3,0,0.0,13.97
18823,1882.3,3,0,0.0,13.97
18824,1882.4,3,0,0.0,13.94
18825,1882.5,3,0,0.0,13.99
18826,1882.6,3,0,0.0,13.95
18827,1882.7,3,0,0.0,13.93
18828,1882.8,2,1,0.0,13.97
18829,1882.9,2,0,0.0,13.89
18830,1883.0,2,0,0.0,13.98
18831,1883.1,1,1,0.0,13.88
18832,1883.2,1,0,0.0,13.92
18833,1883.3,1,0,0.0,13.97
18834,1883.4,1,0,0.0,13.89
18835,1883.5,1,0,0.0,13.87
18836,1883.6,1,0,0.0,13.97
18837,1883.7,1,0,0.0,13.9
18838,1883.8,2,0,0.0,11.96
18839,1883.9,2,0,0.0,11.96
18840,1884.0,2,0,0.0,11.97
18841,1884.1,2,0,0.0,11.97
18842,1884.2,2,0,0.0,11.95
18843,1884.3,2,0,0.0,11.93
18844,1884.4,2,0,0.0,11.94
18845,1884.5,2,0,0.0,11.96
18846,1884.6,2,0,0.0,11.94
18847,1884.7,2,0,0.0,11.96
18848,1884.8,2,0,0.0,11.98
18849,1884.9,2,0,0.0,11.94
18850,1885.0,2,0,0.0,11.93
18851,1885.1,2,0,0.0,11.94
18852,1885.2,3,0,0.0,10.96
18853,1885.3,3,0,0.0,10.94
18854,1885.4,3,0,0.0,10.94
18855,1885.5,3,0,0.0,10.97
18856,1885.6,3,0,0.0,11.0
18857,1885.7,3,0,0.0,11.03
18858,1885.8,3,0,0.0,11.01
18859,1885.9,3,0,0.0,11.0
18860,1886.0,3,0,0.0,11.02
18861,1886.1,3,0,0.0,11.04
18862,1886.2,3,0,0.0,11.03
18863,1886.3,3,0,0.0,11.04
18864,1886.4,3,0,0.0,11.03
18865,1886.5,3,0,0.0,11.05
18866,1886.6,3,0,0.0,11.04
18867,1886.7,3,0,0.0,11.1
18868,1886.8,3,0,0.0,11.07
18869,1886.9,3,0,0.0,11.1
18870,1887.0,3,0,0.0,11.07
18871,1887.1,3,0,0.0,11.07
18872,1887.2,5,0,0.0,12.26
18873,1887.3,5,0,0.0,12.24
18874,1887.4,5,0,0.0,12.23
18875,1887.5,5,0,0.0,12.24
18876,1887.6,5,0,0.0,12.26
18877,1887.7,5,0,0.0,12.29
18878,1887.8,4,1,0.0,11.84
18879,1887.9,4,0,0.0,11.85
18880,1888.0,4,0,0.0,11.89
18881,1888.1,4,0,0.0,11.87
18882,1888.2,4,0,0.0,11.85
18883,1888.3,4,0,0.0,11.85
18884,1888.4,4,0,0.0,11.85
18885,1888.5,4,0,0.0,11.84
18886,1888.6,4,0,0.0,11.86
18887,1888.7,4,0,0.0,11.87
18888,1888.8,3,1,0.0,11.15
18889,1888.9,3,0,0.0,11.17
18890,1889.0,3,0,0.0,11.19
18891,1889.1,3,0,0.0,11.23
18892,1889.2,3,0,0.0,11.21
18893,1889.3,3,0,0.0,11.21
18894,1889.4,3,0,0.0,11.23
18895,1889.5,3,0,0.0,11.22
18896,1889.6,3,0,0.0,11.21
18897,1889.7,3,0,0.0,11.23
18898,1889.8,3,0,0.0,11.24
18899,1889.9,3,0,0.0,11.23
18900,1890.0,3,0,0.0,11.21
18901,1890.1,3,0,0.0,11.22
18902,1890.2,3,0,0.0,11.24
18903,1890.3,3,0,0.0,11.2
18904,1890.4,3,0,0.0,11.2
18905,1890.5,3,0,0.0,11.22
18906,1890.6,3,0,0.0,11.25
18907,1890.7,2,1,0.0,9.88
18908,1890.8,2,0,0.0,9.9
18909,1890.9,3,0,0.0,11.25
18910,1891.0,3,0,0.0,11.21
18911,1891.1,3,0,0.0,11.23
18912,1891.2,3,0,0.0,11.26
18913,1891.3,3,0,0.0,11.25
18914,1891.4,3,0,0.0,11.27
18915,1891.5,3,0,0.0,11.26
18916,1891.6,3,0,0.0,11.27
18917,1891.7,3,0,0.0,11.24
18918,1891.8,3,0,0.0,11.26
18919,1891.9,3,0,0.0,11.27
18920,1892.0,3,0,0.0,11.24
18921,1892.1,3,0,0.0,11.22
18922,1892.2,4,0,0.0,11.94
18923,1892.3,4,0,0.0,11.93
18924,1892.4,4,0,0.0,11.93
18925,1892.5,4,0,0.0,11.95
18926,1892.6,4,0,0.0,11.94
18927,1892.7,4,0,0.0,11.94
18928,1892.8,3,1,0.0,11.25
18929,1892.9,3,0,0.0,11.3
18930,1893.0,3,0,0.0,11.24
18931,1893.1,3,0,0.0,11.28
18932,1893.2,3,0,0.0,11.29
18933,1893.3,3,0,0.0,11.27
18934,1893.4,3,0,0.0,11.25
18935,1893.5,3,0,0.0,11.29
18936,1893.6,3,0,0.0,11.27
18937,1893.7,3,0,0.0,11.27
18938,1893.8,3,0,0.0,11.28
18939,1893.9,3,0,0.0,11.29
18940,1894.0,3,0,0.0,11.27
18941,1894.1,3,0,0.0,11.23
18942,1894.2,3,0,0.0,11.29
18943,1894.3,3,0,0.0,11.25
18944,1894.4,3,0,0.0,11.26
18945,1894.5,3,0,0.0,11.26
18946,1894.6,3,0,0.0,11.27
18947,1894.7,3,0,0.0,11.28
18948,1894.8,3,0,0.0,11.27
18949,1894.9,3,0,0.0,11.28
18950,1895.0,3,0,0.0,11.27
18951,1895.1,3,0,0.0,11.28
18952,1895.2,3,0,0.0,11.25
18953,1895.3,3,0,0.0,11.26
18954,1895.4,3,0,0.0,11.28
18955,1895.5,3,0,0.0,11.3
18956,1895.6,3,0,0.0,11.26
18957,1895.7,3,0,0.0,11.25
18958,1895.8,3,0,0.0,11.31
18959,1895.9,4,0,0.0,11.64
18960,1896.0,3,1,0.0,12.18
18961,1896.1,3,0,0.0,12.26
18962,1896.2,3,0,0.0,12.36
18963,1896.3,3,0,0.0,12.43
18964,1896.4,3,0,0.0,12.47
18965,1896.5,3,0,0.0,12.55
18966,1896.6,4,0,0.0,12.78
18967,1896.7,4,0,0.0,12.84
18968,1896.8,4,0,0.0,12.85
18969,1896.9,4,0,0.0,12.92
18970,1897.0,4,0,0.0,12.98
18971,1897.1,5,0,0.0,13.21
18972,1897.2,5,0,0.0,13.24
18973,1897.3,5,0,0.0,13.29
18974,1897.4,5,0,0.0,13.34
18975,1897.5,5,0,0.0,13.35
18976,1897.6,5,0,0.0,13.41
18977,1897.7,4,1,0.0,13.3
18978,1897.8,4,0,0.0,13.35
18979,1897.9,3,1,0.0,13.31
18980,1898.0,3,0,0.0,13.3
18981,1898.1,3,0,0.0,13.33
18982,1898.2,3,0,0.0,13.31
18983,1898.3,3,0,0.0,13.29
18984,1898.4,3,0,0.0,13.31
18985,1898.5,3,0,0.0,13.36
18986,1898.6,3,0,0.0,13.34
18987,1898.7,3,0,0.0,13.32
18988,1898.8,3,0,0.0,13.3
18989,1898.9,3,0,0.0,13.3
18990,1899.0,3,0,0.0,13.34
18991,1899.1,3,0,0.0,13.33
18992,1899.2,3,0,0.0,13.34
18993,1899.3,4,0,0.0,12.46
18994,1899.4,4,0,0.0,12.51
18995,1899.5,3,1,0.0,13.32
18996,1899.6,3,0,0.0,13.34
18997,1899.7,2,1,0.0,13.62
18998,1899.8,2,0,0.0,13.6
18999,1899.9,2,0,0.0,13.55
19000,1900.0,2,0,0.0,13.55
19001,1900.1,2,1,0.0,11.64
19002,1900.2,2,0,0.0,11.62
19003,1900.3,2,0,0.0,11.59
19004,1900.4,2,0,0.0,11.59
19005,1900.5,2,0,0.0,11.62
19006,1900.6,2,0,0.0,11.62
19007,1900.7,2,0,0.0,11.57
19008,1900.8,2,0,0.0,11.63
19009,1900.9,2,0,0.0,11.62
19010,1901.0,2,0,0.0,11.64
19011,1901.1,2,0,0.0,11.62
19012,1901.2,2,0,0.0,11.58
19013,1901.3,2,0,0.0,11.6
19014,1901.4,2,0,0.0,11.62
19015,1901.5,2,0,0.0,11.6
19016,1901.6,2,0,0.0,11.62
19017,1901.7,2,0,0.0,11.58
19018,1901.8,2,0,0.0,11.57
19019,1901.9,2,0,0.0,11.59
19020,1902.0,2,0,0.0,11.59
19021,1902.1,3,0,0.0,12.4
19022,1902.2,3,0,0.0,12.4
19023,1902.3,4,0,0.0,12.78
19024,1902.4,4,0,0.0,12.76
19025,1902.5,4,0,0.0,12.75
19026,1902.6,4,0,0.0,12.76
19027,1902.7,3,1,0.0,12.38
19028,1902.8,3,0,0.0,12.36
19029,1902.9,3,0,0.0,12.36
19030,1903.0,3,0,0.0,12.4
19031,1903.1,3,0,0.0,12.38
19032,1903.2,3,0,0.0,12.41
19033,1903.3,3,0,0.0,12.37
19034,1903.4,3,0,0.0,12.41
19035,1903.5,3,0,0.0,12.38
19036,1903.6,3,0,0.0,12.4
19037,1903.7,3,0,0.0,12.36
19038,1903.8,3,0,0.0,12.37
19039,1903.9,3,0,0.0,12.42
19040,1904.0,3,0,0.0,12.36
19041,1904.1,3,0,0.0,12.39
19042,1904.2,3,0,0.0,12.41
19043,1904.3,3,0,0.0,12.35
19044,1904.4,2,1,0.0,13.63
19045,1904.5,2,0,0.0,13.62
19046,1904.6,3,0,0.0,13.75
19047,1904.7,3,0,0.0,13.68
19048,1904.8,3,0,0.0,13.7
19049,1904.9,3,0,0.0,13.72
19050,1905.0,3,0,0.0,13.71
19051,1905.1,3,0,0.0,13.74
19052,1905.2,3,0,0.0,13.7
19053,1905.3,3,0,0.0,13.75
19054,1905.4,3,0,0.0,13.71
19055,1905.5,3,0,0.0,13.71
19056,1905.6,3,0,0.0,13.69
19057,1905.7,3,0,0.0,13.65
19058,1905.8,3,0,0.0,13.66
19059,1905.9,3,0,0.0,13.67
19060,1906.0,3,0,0.0,13.71
19061,1906.1,3,0,0.0,13.7
19062,1906.2,2,1,0.0,13.93
19063,1906.3,2,0,0.0,13.93
19064,1906.4,2,0,0.0,13.99
19065,1906.5,2,0,0.0,13.97
19066,1906.6,2,0,0.0,13.89
19067,1906.7,2,0,0.0,13.95
19068,1906.8,2,0,0.0,13.87
19069,1906.9,2,0,0.0,13.95
19070,1907.0,2,0,0.0,13.94
19071,1907.1,3,0,0.0,13.94
19072,1907.2,3,0,0.0,13.92
19073,1907.3,3,0,0.0,13.92
19074,1907.4,3,0,0.0,13.86
19075,1907.5,3,0,0.0,13.87
19076,1907.6,3,0,0.0,13.88
19077,1907.7,2,1,0.0,13.92
19078,1907.8,2,0,0.0,13.91
19079,1907.9,2,0,0.0,13.95
19080,1908.0,3,0,0.0,13.89
19081,1908.1,2,1,0.0,13.83
19082,1908.2,2,0,0.0,13.82
19083,1908.3,2,0,0.0,13.88
19084,1908.4,2,0,0.0,13.86
19085,1908.5,2,0,0.0,13.87
19086,1908.6,2,0,0.0,13.85
19087,1908.7,2,0,0.0,13.86
19088,1908.8,2,0,0.0,13.84
19089,1908.9,2,0,0.0,13.87
19090,1909.0,2,0,0.0,13.88
19091,1909.1,2,0,0.0,13.84
19092,1909.2,2,0,0.0,13.83
19093,1909.3,2,0,0.0,13.81
19094,1909.4,2,0,0.0,13.9
19095,1909.5,2,0,0.0,13.85
19096,1909.6,2,0,0.0,13.87
19097,1909.7,2,0,0.0,13.84
19098,1909.8,2,0,0.0,13.85
19099,1909.9,2,0,0.0,13.88
19100,1910.0,2,0,0.0,13.83
19101,1910.1,2,0,0.0,13.88
19102,1910.2,2,0,0.0,13.89
19103,1910.3,2,0,0.0,13.87
19104,1910.4,2,0,0.0,13.92
19105,1910.5,2,0,0.0,13.84
19106,1910.6,2,0,0.0,13.83
19107,1910.7,2,0,0.0,13.9
19108,1910.8,2,0,0.0,13.86
19109,1910.9,2,0,0.0,13.82
19110,1911.0,2,0,0.0,13.86
19111,1911.1,2,0,0.0,13.87
19112,1911.2,2,0,0.0,13.87
19113,1911.3,2,0,0.0,13.92
19114,1911.4,2,0,0.0,13.86
19115,1911.5,1,1,0.0,13.77
19116,1911.6,1,0,0.0,13.78
19117,1911.7,1,0,0.0,13.86
19118,1911.8,1,0,0.0,13.82
19119,1911.9,1,0,0.0,13.75
19120,1912.0,1,0,0.0,13.86
19121,1912.1,2,0,0.0,12.99
19122,1912.2,2,0,0.0,12.98
19123,1912.3,2,0,0.0,12.96
19124,1912.4,2,0,0.0,12.96
19125,1912.5,2,0,0.0,13.02
19126,1912.6,2,0,0.0,12.97
19127,1912.7,1,1,0.0,13.78
19128,1912.8,1,0,0.0,13.87
19129,1912.9,1,0,0.0,13.8
19130,1913.0,1,0,0.0,13.78
19131,1913.1,1,0,0.0,13.86
19132,1913.2,1,0,0.0,13.76
19133,1913.3,2,0,0.0,13.91
19134,1913.4,2,0,0.0,13.9
19135,1913.5,2,0,0.0,13.84
19136,1913.6,3,0,0.0,13.6
19137,1913.7,3,0,0.0,13.61
19138,1913.8,3,0,0.0,13.56
19139,1913.9,3,0,0.0,13.6
19140,1914.0,3,0,0.0,13.58
19141,1914.1,3,0,0.0,13.6
19142,1914.2,3,0,0.0,13.57
19143,1914.3,3,0,0.0,13.57
19144,1914.4,3,0,0.0,13.6
19145,1914.5,3,0,0.0,13.61
19146,1914.6,3,0,0.0,13.58
19147,1914.7,3,0,0.0,13.59
19148,1914.8,3,0,0.0,13.6
19149,1914.9,3,0,0.0,13.61
19150,1915.0,3,0,0.0,13.57
19151,1915.1,3,0,0.0,13.59
19152,1915.2,3,0,0.0,13.54
19153,1915.3,3,0,0.0,13.59
19154,1915.4,3,0,0.0,13.61
19155,1915.5,3,0,0.0,13.57
19156,1915.6,3,0,0.0,13.63
19157,1915.7,3,0,0.0,13.58
19158,1915.8,3,0,0.0,13.56
19159,1915.9,3,0,0.0,13.52
19160,1916.0,3,0,0.0,13.56
19161,1916.1,3,0,0.0,13.56
19162,1916.2,3,0,0.0,13.61
19163,1916.3,3,0,0.0,13.61
19164,1916.4,3,0,0.0,13.56
19165,1916.5,3,0,0.0,13.57
19166,1916.6,3,0,0.0,13.6
19167,1916.7,3,0,0.0,13.53
19168,1916.8,2,1,0.0,13.38
19169,1916.9,2,0,0.0,13.41
19170,1917.0,2,0,0.0,13.44
19171,1917.1,3,0,0.0,13.61
19172,1917.2,2,1,0.0,13.42
19173,1917.3,2,0,0.0,13.47
19174,1917.4,2,0,0.0,13.49
19175,1917.5,2,0,0.0,13.44
19176,1917.6,2,0,0.0,13.42
19177,1917.7,1,1,0.0,13.06
19178,1917.8,1,0,0.0,13.03
19179,1917.9,1,0,0.0,12.95
19180,1918.0,1,0,0.0,12.93
19181,1918.1,1,0,0.0,12.99
19182,1918.2,1,0,0.0,13.0
19183,1918.3,1,0,0.0,13.0
19184,1918.4,1,0,0.0,13.02
19185,1918.5,1,0,0.0,12.97
19186,1918.6,1,0,0.0,13.02
19187,1918.7,1,0,0.0,12.95
19188,1918.8,1,0,0.0,13.02
19189,1918.9,1,0,0.0,13.02
19190,1919.0,1,0,0.0,12.95
19191,1919.1,1,0,0.0,13.03
19192,1919.2,1,0,0.0,12.93
19193,1919.3,2,0,0.0,13.51
19194,1919.4,2,0,0.0,13.46
19195,1919.5,2,0,0.0,13.49
19196,1919.6,2,0,0.0,13.44
19197,1919.7,2,0,0.0,13.47
19198,1919.8,2,0,0.0,13.47
19199,1919.9,2,0,0.0,13.47
19200,1920.0,2,0,0.0,13.45
19201,1920.1,2,0,0.0,13.48
19202,1920.2,2,0,0.0,13.47
19203,1920.3,2,0,0.0,13.42
19204,1920.4,2,0,0.0,13.47
19205,1920.5,2,0,0.0,13.46
19206,1920.6,2,0,0.0,13.44
19207,1920.7,2,0,0.0,13.5
19208,1920.8,2,0,0.0,13.44
19209,1920.9,2,0,0.0,13.43
19210,1921.0,2,0,0.0,13.48
19211,1921.1,2,0,0.0,13.47
19212,1921.2,2,0,0.0,13.52
19213,1921.3,2,0,0.0,13.43
19214,1921.4,2,0,0.0,13.42
19215,1921.5,2,0,0.0,13.49
19216,1921.6,2,0,0.0,13.47
19217,1921.7,2,0,0.0,13.42
19218,1921.8,2,0,0.0,13.45
19219,1921.9,2,0,0.0,13.47
19220,1922.0,4,0,0.0,13.48
19221,1922.1,4,0,0.0,13.45
19222,1922.2,4,0,0.0,13.48
19223,1922.3,4,0,0.0,13.44
19224,1922.4,4,0,0.0,13.41
19225,1922.5,4,0,0.0,13.43
19226,1922.6,3,1,0.0,13.65
19227,1922.7,3,0,0.0,13.63
19228,1922.8,3,0,0.0,13.63
19229,1922.9,3,0,0.0,13.64
19230,1923.0,3,0,0.0,13.61
19231,1923.1,3,0,0.0,13.62
19232,1923.2,3,0,0.0,13.63
19233,1923.3,3,0,0.0,13.57
19234,1923.4,2,1,0.0,13.96
19235,1923.5,2,0,0.0,13.9
19236,1923.6,2,0,0.0,13.92
19237,1923.7,2,0,0.0,13.92
19238,1923.8,2,0,0.0,13.92
19239,1923.9,2,0,0.0,13.97
19240,1924.0,2,0,0.0,13.91
19241,1924.1,2,0,0.0,13.97
19242,1924.2,2,0,0.0,13.93
19243,1924.3,2,0,0.0,13.93
19244,1924.4,2,0,0.0,13.96
19245,1924.5,2,0,0.0,13.9
19246,1924.6,2,0,0.0,13.98
19247,1924.7,2,0,0.0,13.91
19248,1924.8,2,0,0.0,13.95
19249,1924.9,2,0,0.0,13.96
19250,1925.0,3,0,0.0,13.5
19251,1925.1,3,0,0.0,13.49
19252,1925.2,3,0,0.0,13.56
19253,1925.3,3,0,0.0,13.46
19254,1925.4,3,0,0.0,13.51
19255,1925.5,2,1,0.0,13.28
19256,1925.6,2,0,0.0,13.28
19257,1925.7,2,0,0.0,13.29
19258,1925.8,2,0,0.0,13.29
19259,1925.9,2,0,0.0,13.32
19260,1926.0,3,0,0.0,11.71
19261,1926.1,3,0,0.0,11.7
19262,1926.2,3,0,0.0,11.74
19263,1926.3,3,0,0.0,11.79
19264,1926.4,3,0,0.0,11.79
19265,1926.5,3,0,0.0,11.82
19266,1926.6,3,0,0.0,11.84
19267,1926.7,3,0,0.0,11.91
19268,1926.8,3,0,0.0,11.97
19269,1926.9,3,0,0.0,11.95
19270,1927.0,4,0,0.0,12.49
19271,1927.1,4,0,0.0,12.52
19272,1927.2,4,0,0.0,12.51
19273,1927.3,4,0,0.0,12.55
19274,1927.4,4,0,0.0,12.56
19275,1927.5,4,0,0.0,12.6
19276,1927.6,3,1,0.0,12.16
19277,1927.7,4,0,0.0,11.64
19278,1927.8,4,0,0.0,11.63
19279,1927.9,3,1,0.0,12.2
19280,1928.0,3,0,0.0,12.2
19281,1928.1,3,0,0.0,12.2
19282,1928.2,3,0,0.0,12.15
19283,1928.3,3,0,0.0,12.18
19284,1928.4,3,0,0.0,12.2
19285,1928.5,2,1,0.0,11.3
19286,1928.6,2,0,0.0,11.34
19287,1928.7,2,0,0.0,11.31
19288,1928.8,2,0,0.0,11.32
19289,1928.9,2,0,0.0,11.29
19290,1929.0,2,0,0.0,11.34
19291,1929.1,2,0,0.0,11.3
19292,1929.2,2,0,0.0,11.29
19293,1929.3,2,0,0.0,11.31
19294,1929.4,2,0,0.0,11.29
19295,1929.5,2,0,0.0,11.33
19296,1929.6,2,0,0.0,11.31
19297,1929.7,2,0,0.0,11.32
19298,1929.8,2,0,0.0,11.31
19299,1929.9,2,0,0.0,11.33
19300,1930.0,2,0,0.0,11.34
19301,1930.1,2,0,0.0,11.3
19302,1930.2,2,0,0.0,11.34
19303,1930.3,2,0,0.0,11.27
19304,1930.4,2,0,0.0,11.35
19305,1930.5,2,0,0.0,11.32
19306,1930.6,2,0,0.0,11.3
19307,1930.7,4,0,0.0,10.94
19308,1930.8,4,0,0.0,10.91
19309,1930.9,4,0,0.0,10.91
19310,1931.0,4,0,0.0,10.88
19311,1931.1,4,0,0.0,10.91
19312,1931.2,4,0,0.0,10.89
19313,1931.3,4,0,0.0,10.92
19314,1931.4,4,0,0.0,10.9
19315,1931.5,4,0,0.0,10.89
19316,1931.6,4,0,0.0,10.91
19317,1931.7,4,0,0.0,10.89
19318,1931.8,4,0,0.0,10.92
19319,1931.9,4,0,0.0,10.94
19320,1932.0,5,0,0.0,11.52
19321,1932.1,5,0,0.0,11.53
19322,1932.2,5,0,0.0,11.49
19323,1932.3,5,0,0.0,11.5
19324,1932.4,5,0,0.0,11.51
19325,1932.5,5,0,0.0,11.54
19326,1932.6,4,1,0.0,10.89
19327,1932.7,4,0,0.0,10.9
19328,1932.8,4,0,0.0,10.92
19329,1932.9,4,0,0.0,10.91
19330,1933.0,4,0,0.0,10.89
19331,1933.1,4,0,0.0,10.95
19332,1933.2,4,0,0.0,10.9
19333,1933.3,4,0,0.0,10.93
19334,1933.4,4,0,0.0,10.95
19335,1933.5,4,0,0.0,10.95
19336,1933.6,4,0,0.0,10.9
19337,1933.7,4,0,0.0,10.9
19338,1933.8,4,0,0.0,10.9
19339,1933.9,4,0,0.0,10.9
19340,1934.0,4,0,0.0,10.91
19341,1934.1,4,0,0.0,10.93
19342,1934.2,4,0,0.0,10.88
19343,1934.3,4,0,0.0,10.92
19344,1934.4,4,0,0.0,10.87
19345,1934.5,4,0,0.0,10.91
19346,1934.6,4,0,0.0,10.91
19347,1934.7,4,0,0.0,10.91
19348,1934.8,3,1,0.0,10.62
19349,1934.9,3,0,0.0,10.66
19350,1935.0,3,0,0.0,10.65
19351,1935.1,2,1,0.0,9.68
19352,1935.2,2,0,0.0,9.67
19353,1935.3,2,0,0.0,9.68
19354,1935.4,2,0,0.0,9.65
19355,1935.5,2,0,0.0,9.68
19356,1935.6,2,0,0.0,9.64
19357,1935.7,2,0,0.0,9.67
19358,1935.8,2,0,0.0,9.69
19359,1935.9,2,0,0.0,9.63
19360,1936.0,2,0,0.0,9.66
19361,1936.1,2,0,0.0,9.67
19362,1936.2,2,0,0.0,9.64
19363,1936.3,3,0,0.0,11.11
19364,1936.4,3,0,0.0,11.1
19365,1936.5,3,0,0.0,11.1
19366,1936.6,3,0,0.0,11.04
19367,1936.7,3,0,0.0,11.09
19368,1936.8,3,0,0.0,11.08
19369,1936.9,3,0,0.0,11.06
19370,1937.0,4,0,0.0,11.48
19371,1937.1,4,0,0.0,11.44
19372,1937.2,4,0,0.0,11.45
19373,1937.3,4,0,0.0,11.44
19374,1937.4,4,0,0.0,11.41
19375,1937.5,4,0,0.0,11.46
19376,1937.6,3,1,0.0,11.08
19377,1937.7,3,0,0.0,11.1
19378,1937.8,3,0,0.0,11.11
19379,1937.9,3,0,0.0,11.1
19380,1938.0,3,0,0.0,11.09
19381,1938.1,3,0,0.0,11.08
19382,1938.2,3,0,0.0,11.06
19383,1938.3,3,0,0.0,11.09
19384,1938.4,2,1,0.0,11.64
19385,1938.5,2,0,0.0,11.64
19386,1938.6,2,0,0.0,11.62
19387,1938.7,2,0,0.0,11.6
19388,1938.8,2,0,0.0,11.59
19389,1938.9,2,0,0.0,11.63
19390,1939.0,2,0,0.0,11.64
19391,1939.1,2,0,0.0,11.64
19392,1939.2,2,0,0.0,11.62
19393,1939.3,2,0,0.0,11.63
19394,1939.4,3,0,0.0,12.28
19395,1939.5,3,0,0.0,12.24
19396,1939.6,3,0,0.0,12.3
19397,1939.7,3,0,0.0,12.31
19398,1939.8,3,0,0.0,12.24
19399,1939.9,3,0,0.0,12.29
19400,1940.0,3,0,0.0,12.28
19401,1940.1,3,0,0.0,12.31
19402,1940.2,3,0,0.0,12.28
19403,1940.3,3,0,0.0,12.29
19404,1940.4,3,0,0.0,12.23
19405,1940.5,3,0,0.0,12.28
19406,1940.6,3,0,0.0,12.28
19407,1940.7,3,0,0.0,12.27
19408,1940.8,3,0,0.0,12.25
19409,1940.9,3,0,0.0,12.14
19410,1941.0,3,0,0.0,12.14
19411,1941.1,3,0,0.0,12.11
19412,1941.2,3,0,0.0,12.04
19413,1941.3,3,0,0.0,12.04
19414,1941.4,3,0,0.0,12.03
19415,1941.5,3,0,0.0,12.0
19416,1941.6,3,0,0.0,11.95
19417,1941.7,3,0,0.0,11.95
19418,1941.8,3,0,0.0,11.91
19419,1941.9,3,0,0.0,11.84
19420,1942.0,5,0,0.0,12.29
19421,1942.1,5,0,0.0,12.27
19422,1942.2,5,0,0.0,12.25
19423,1942.3,5,0,0.0,12.23
19424,1942.4,5,0,0.0,12.2
19425,1942.5,5,0,0.0,12.19
19426,1942.6,4,1,0.0,12.28
19427,1942.7,4,0,0.0,12.19
19428,1942.8,4,0,0.0,12.2
19429,1942.9,4,0,0.0,12.17
19430,1943.0,3,1,0.0,11.7
19431,1943.1,3,0,0.0,11.68
19432,1943.2,3,0,0.0,11.62
19433,1943.3,3,0,0.0,11.62
19434,1943.4,3,0,0.0,11.63
19435,1943.5,3,0,0.0,11.57
19436,1943.6,3,0,0.0,11.53
19437,1943.7,3,0,0.0,11.55
19438,1943.8,3,0,0.0,11.53
19439,1943.9,3,0,0.0,11.54
19440,1944.0,3,0,0.0,11.47
19441,1944.1,3,0,0.0,11.45
19442,1944.2,3,0,0.0,11.43
19443,1944.3,2,1,0.0,12.47
19444,1944.4,2,0,0.0,12.6
19445,1944.5,2,0,0.0,12.68
19446,1944.6,2,0,0.0,12.78
19447,1944.7,2,0,0.0,12.85
19448,1944.8,2,0,0.0,12.98
19449,1944.9,2,0,0.0,13.1
19450,1945.0,2,0,0.0,13.22
19451,1945.1,2,0,0.0,13.32
19452,1945.2,2,0,0.0,13.43
19453,1945.3,2,0,0.0,13.54
19454,1945.4,2,0,0.0,13.6
19455,1945.5,2,0,0.0,13.74
19456,1945.6,2,0,0.0,13.82
19457,1945.7,2,0,0.0,13.97
19458,1945.8,2,0,0.0,13.92
19459,1945.9,2,0,0.0,13.89
19460,1946.0,1,1,0.0,13.94
19461,1946.1,1,0,0.0,13.89
19462,1946.2,1,0,0.0,13.87
19463,1946.3,1,0,0.0,13.93
19464,1946.4,1,0,0.0,13.92
19465,1946.5,1,0,0.0,13.99
19466,1946.6,1,0,0.0,13.93
19467,1946.7,1,0,0.0,13.88
19468,1946.8,1,0,0.0,13.9
19469,1946.9,2,0,0.0,12.98
19470,1947.0,2,0,0.0,12.94
19471,1947.1,2,0,0.0,12.93
19472,1947.2,2,0,0.0,13.0
19473,1947.3,2,0,0.0,12.99
19474,1947.4,2,0,0.0,12.95
19475,1947.5,1,1,0.0,13.97
19476,1947.6,1,0,0.0,13.92
19477,1947.7,2,0,0.0,13.94
19478,1947.8,2,0,0.0,13.92
19479,1947.9,2,0,0.0,13.95
19480,1948.0,2,0,0.0,13.94
19481,1948.1,3,0,0.0,13.42
19482,1948.2,3,0,0.0,13.41
19483,1948.3,3,0,0.0,13.47
19484,1948.4,3,0,0.0,13.45
19485,1948.5,3,0,0.0,13.41
19486,1948.6,3,0,0.0,13.48
19487,1948.7,3,0,0.0,13.43
19488,1948.8,3,0,0.0,13.47
19489,1948.9,3,0,0.0,13.4
19490,1949.0,3,0,0.0,13.45
19491,1949.1,3,0,0.0,13.45
19492,1949.2,3,0,0.0,13.46
19493,1949.3,3,0,0.0,13.42
19494,1949.4,3,0,0.0,13.42
19495,1949.5,3,0,0.0,13.46
19496,1949.6,3,0,0.0,13.44
19497,1949.7,3,0,0.0,13.42
19498,1949.8,3,0,0.0,13.46
19499,1949.9,3,0,0.0,13.45
19500,1950.0,3,0,0.0,13.42
19501,1950.1,3,0,0.0,13.42
19502,1950.2,3,0,0.0,13.46
19503,1950.3,3,0,0.0,13.47
19504,1950.4,3,0,0.0,13.43
19505,1950.5,3,0,0.0,13.42
19506,1950.6,3,0,0.0,13.44
19507,1950.7,3,0,0.0,13.42
19508,1950.8,3,0,0.0,13.45
19509,1950.9,3,0,0.0,13.47
19510,1951.0,3,0,0.0,13.43
19511,1951.1,3,0,0.0,13.4
19512,1951.2,2,1,0.0,13.17
19513,1951.3,2,0,0.0,13.14
19514,1951.4,2,0,0.0,13.22
19515,1951.5,2,0,0.0,13.16
19516,1951.6,2,0,0.0,13.15
19517,1951.7,2,0,0.0,13.18
19518,1951.8,2,0,0.0,13.14
19519,1951.9,3,0,0.0,12.29
19520,1952.0,2,1,0.0,12.16
19521,1952.1,2,0,0.0,12.16
19522,1952.2,2,0,0.0,12.13
19523,1952.3,2,0,0.0,12.21
19524,1952.4,2,0,0.0,12.16
19525,1952.5,2,0,0.0,12.14
19526,1952.6,1,1,0.0,13.95
19527,1952.7,1,0,0.0,13.88
19528,1952.8,1,0,0.0,13.87
19529,1952.9,1,0,0.0,13.88
19530,1953.0,1,0,0.0,13.96
19531,1953.1,1,0,0.0,13.9
19532,1953.2,1,0,0.0,13.98
19533,1953.3,1,0,0.0,13.91
19534,1953.4,2,0,0.0,13.88
19535,1953.5,2,0,0.0,13.83
19536,1953.6,2,0,0.0,13.82
19537,1953.7,2,0,0.0,13.8
19538,1953.8,2,0,0.0,13.86
19539,1953.9,2,0,0.0,13.82
19540,1954.0,2,0,0.0,13.87
19541,1954.1,2,0,0.0,13.82
19542,1954.2,2,0,0.0,13.83
19543,1954.3,2,0,0.0,13.79
19544,1954.4,2,0,0.0,13.8
19545,1954.5,2,0,0.0,13.86
19546,1954.6,2,0,0.0,13.83
19547,1954.7,2,0,0.0,13.81
19548,1954.8,2,0,0.0,13.77
19549,1954.9,2,0,0.0,13.8
19550,1955.0,2,0,0.0,13.83
19551,1955.1,2,0,0.0,13.84
19552,1955.2,2,0,0.0,13.87
19553,1955.3,2,0,0.0,13.85
19554,1955.4,2,0,0.0,13.84
19555,1955.5,2,0,0.0,13.86
19556,1955.6,2,0,0.0,13.85
19557,1955.7,2,0,0.0,13.85
19558,1955.8,2,0,0.0,13.82
19559,1955.9,2,0,0.0,13.78
19560,1956.0,3,0,0.0,12.57
19561,1956.1,3,0,0.0,12.52
19562,1956.2,2,1,0.0,13.85
19563,1956.3,2,0,0.0,13.79
19564,1956.4,2,0,0.0,13.79
19565,1956.5,2,0,0.0,13.8
19566,1956.6,2,0,0.0,13.79
19567,1956.7,3,0,0.0,13.78
19568,1956.8,3,0,0.0,13.77
19569,1956.9,3,1,0.0,13.81
19570,1957.0,3,0,0.0,13.75
19571,1957.1,3,0,0.0,13.78
19572,1957.2,3,0,0.0,13.78
19573,1957.3,3,0,0.0,13.77
19574,1957.4,3,0,0.0,13.76
19575,1957.5,2,1,0.0,13.67
19576,1957.6,2,0,0.0,13.68
19577,1957.7,2,0,0.0,13.66
19578,1957.8,2,0,0.0,13.66
19579,1957.9,2,0,0.0,13.63
19580,1958.0,2,0,0.0,13.67
19581,1958.1,2,0,0.0,13.64
19582,1958.2,2,0,0.0,13.66
19583,1958.3,2,0,0.0,13.64
19584,1958.4,2,0,0.0,13.65
19585,1958.5,2,0,0.0,13.65
19586,1958.6,2,0,0.0,13.63
19587,1958.7,2,0,0.0,13.68
19588,1958.8,2,0,0.0,13.67
19589,1958.9,2,0,0.0,13.63
19590,1959.0,2,0,0.0,13.69
19591,1959.1,3,0,0.0,13.39
19592,1959.2,3,0,0.0,13.39
19593,1959.3,3,0,0.0,13.34
19594,1959.4,3,0,0.0,13.4
19595,1959.5,3,0,0.0,13.35
19596,1959.6,3,0,0.0,13.39
19597,1959.7,3,0,0.0,13.39
19598,1959.8,3,0,0.0,13.37
19599,1959.9,3,0,0.0,13.39
19600,1960.0,3,0,0.0,13.37
19601,1960.1,3,0,0.0,13.39
19602,1960.2,2,1,0.0,13.27
19603,1960.3,2,0,0.0,13.25
19604,1960.4,2,0,0.0,13.24
19605,1960.5,2,0,0.0,13.25
19606,1960.6,2,0,0.0,13.28
19607,1960.7,2,0,0.0,13.22
19608,1960.8,2,0,0.0,13.27
19609,1960.9,2,0,0.0,13.23
19610,1961.0,2,0,0.0,13.23
19611,1961.1,2,0,0.0,13.3
19612,1961.2,2,0,0.0,13.29
19613,1961.3,2,0,0.0,13.28
19614,1961.4,2,0,0.0,13.27
19615,1961.5,2,0,0.0,13.2
19616,1961.6,2,0,0.0,13.28
19617,1961.7,2,0,0.0,13.21
19618,1961.8,2,0,0.0,13.24
19619,1961.9,3,0,0.0,12.85
19620,1962.0,3,0,0.0,12.82
19621,1962.1,3,0,0.0,12.85
19622,1962.2,3,0,0.0,12.81
19623,1962.3,3,0,0.0,12.78
19624,1962.4,3,0,0.0,12.82
19625,1962.5,2,1,0.0,13.25
19626,1962.6,2,0,0.0,13.26
19627,1962.7,1,1,0.0,12.74
19628,1962.8,1,0,0.0,12.81
19629,1962.9,1,0,0.0,12.78
19630,1963.0,1,0,0.0,12.72
19631,1963.1,1,0,0.0,12.78
19632,1963.2,1,0,0.0,12.77
19633,1963.3,1,0,0.0,12.84
19634,1963.4,1,0,0.0,12.75
19635,1963.5,1,0,0.0,12.76
19636,1963.6,1,0,0.0,12.81
19637,1963.7,1,0,0.0,12.75
19638,1963.8,1,0,0.0,12.8
19639,1963.9,1,0,0.0,12.77
19640,1964.0,1,0,0.0,12.72
19641,1964.1,1,0,0.0,12.73
19642,1964.2,1,0,0.0,12.77
19643,1964.3,1,0,0.0,12.75
19644,1964.4,1,0,0.0,12.83
19645,1964.5,1,0,0.0,12.72
19646,1964.6,1,0,0.0,12.73
19647,1964.7,2,0,0.0,13.38
19648,1964.8,2,0,0.0,13.34
19649,1964.9,2,0,0.0,13.4
19650,1965.0,2,0,0.0,13.4
19651,1965.1,2,0,0.0,13.34
19652,1965.2,2,0,0.0,13.35
19653,1965.3,2,0,0.0,13.35
19654,1965.4,3,0,0.0,12.69
19655,1965.5,3,0,0.0,12.68
19656,1965.6,3,0,0.0,12.62
19657,1965.7,3,0,0.0,12.65
19658,1965.8,3,0,0.0,12.63
19659,1965.9,3,0,0.0,12.64
19660,1966.0,3,0,0.0,12.66
19661,1966.1,3,0,0.0,12.67
19662,1966.2,3,0,0.0,12.62
19663,1966.3,3,0,0.0,12.64
19664,1966.4,3,0,0.0,12.63
19665,1966.5,3,0,0.0,12.68
19666,1966.6,3,0,0.0,12.65
19667,1966.7,3,0,0.0,12.67
19668,1966.8,3,0,0.0,12.68
19669,1966.9,4,0,0.0,12.98
19670,1967.0,4,0,0.0,12.97
19671,1967.1,4,0,0.0,12.96
19672,1967.2,4,0,0.0,12.95
19673,1967.3,4,0,0.0,12.97
19674,1967.4,4,0,0.0,12.96
19675,1967.5,3,1,0.0,12.68
19676,1967.6,4,0,0.0,11.97
19677,1967.7,4,0,0.0,11.97
19678,1967.8,4,0,0.0,12.0
19679,1967.9,4,0,0.0,11.96
19680,1968.0,4,0,0.0,11.98
19681,1968.1,4,0,0.0,11.98
19682,1968.2,4,0,0.0,11.98
19683,1968.3,4,0,0.0,11.95
19684,1968.4,4,0,0.0,11.93
19685,1968.5,4,0,0.0,11.97
19686,1968.6,4,0,0.0,12.0
19687,1968.7,4,0,0.0,12.0
19688,1968.8,4,0,0.0,11.99
19689,1968.9,4,0,0.0,11.96
19690,1969.0,4,0,0.0,11.97
19691,1969.1,3,1,0.0,11.71
19692,1969.2,3,0,0.0,11.71
19693,1969.3,3,0,0.0,11.72
19694,1969.4,3,0,0.0,11.7
19695,1969.5,3,0,0.0,11.72
19696,1969.6,3,0,0.0,11.74
19697,1969.7,2,1,0.0,11.98
19698,1969.8,2,0,0.0,11.93
19699,1969.9,2,0,0.0,11.93
19700,1970.0,2,0,0.0,11.94
19701,1970.1,2,0,0.0,11.96
19702,1970.2,2,0,0.0,11.94
19703,1970.3,2,0,0.0,11.91
19704,1970.4,3,0,0.0,12.28
19705,1970.5,3,0,0.0,12.27
19706,1970.6,3,0,0.0,12.28
19707,1970.7,3,0,0.0,12.25
19708,1970.8,3,0,0.0,12.24
19709,1970.9,3,0,0.0,12.23
19710,1971.0,3,0,0.0,12.17
19711,1971.1,3,0,0.0,12.14
19712,1971.2,3,0,0.0,12.13
19713,1971.3,3,0,0.0,12.12
19714,1971.4,3,0,0.0,12.07
19715,1971.5,3,0,0.0,12.09
19716,1971.6,3,0,0.0,12.04
19717,1971.7,3,0,0.0,12.06
19718,1971.8,4,0,0.0,12.52
19719,1971.9,4,0,0.0,12.49
19720,1972.0,4,0,0.0,12.45
19721,1972.1,4,0,0.0,12.4
19722,1972.2,4,0,0.0,12.42
19723,1972.3,4,0,0.0,12.44
19724,1972.4,3,1,0.0,11.93
19725,1972.5,3,0,0.0,11.89
19726,1972.6,3,0,0.0,11.83
19727,1972.7,3,0,0.0,11.84
19728,1972.8,3,0,0.0,11.85
19729,1972.9,3,0,0.0,11.81
19730,1973.0,3,0,0.0,11.81
19731,1973.1,3,0,0.0,11.81
19732,1973.2,3,0,0.0,11.79
19733,1973.3,3,0,0.0,11.8
19734,1973.4,3,0,0.0,11.75
19735,1973.5,3,0,0.0,11.72
19736,1973.6,3,0,0.0,11.71
19737,1973.7,3,0,0.0,11.69
19738,1973.8,3,0,0.0,11.69
19739,1973.9,2,1,0.0,10.57
19740,1974.0,2,0,0.0,10.54
19741,1974.1,3,0,0.0,11.65
19742,1974.2,3,0,0.0,11.68
19743,1974.3,3,0,0.0,11.64
19744,1974.4,3,0,0.0,11.62
19745,1974.5,3,0,0.0,11.58
19746,1974.6,3,0,0.0,11.59
19747,1974.7,3,0,0.0,11.62
19748,1974.8,3,0,0.0,11.56
19749,1974.9,3,0,0.0,11.55
19750,1975.0,3,0,0.0,11.55
19751,1975.1,3,0,0.0,11.55
19752,1975.2,3,0,0.0,11.53
19753,1975.3,3,0,0.0,11.58
19754,1975.4,3,0,0.0,11.52
19755,1975.5,3,0,0.0,11.52
19756,1975.6,3,0,0.0,11.54
19757,1975.7,3,0,0.0,11.54
19758,1975.8,3,0,0.0,11.48
19759,1975.9,3,0,0.0,11.48
19760,1976.0,3,0,0.0,11.47
19761,1976.1,4,0,0.0,11.98
19762,1976.2,4,0,0.0,11.94
19763,1976.3,4,0,0.0,11.91
19764,1976.4,4,0,0.0,11.97
19765,1976.5,4,0,0.0,11.96
19766,1976.6,4,0,0.0,11.93
19767,1976.7,4,0,0.0,11.93
19768,1976.8,5,0,0.0,12.31
19769,1976.9,5,0,0.0,12.31
19770,1977.0,5,0,0.0,12.32
19771,1977.1,5,0,0.0,12.29
19772,1977.2,5,0,0.0,12.27
19773,1977.3,5,0,0.0,12.29
19774,1977.4,4,1,0.0,11.86
19775,1977.5,4,0,0.0,11.9
19776,1977.6,3,1,0.0,11.22
19777,1977.7,3,0,0.0,11.22
19778,1977.8,3,0,0.0,11.23
19779,1977.9,3,0,0.0,11.22
19780,1978.0,3,0,0.0,11.19
19781,1978.1,3,0,0.0,11.19
19782,1978.2,3,0,0.0,11.19
19783,1978.3,3,0,0.0,11.21
19784,1978.4,3,0,0.0,11.14
19785,1978.5,3,0,0.0,11.15
19786,1978.6,3,0,0.0,11.16
19787,1978.7,3,0,0.0,11.16
19788,1978.8,3,0,0.0,11.19
19789,1978.9,3,0,0.0,11.13
19790,1979.0,3,0,0.0,11.17
19791,1979.1,3,0,0.0,11.14
19792,1979.2,3,0,0.0,11.18
19793,1979.3,3,0,0.0,11.17
19794,1979.4,3,0,0.0,11.14
19795,1979.5,3,0,0.0,11.12
19796,1979.6,3,0,0.0,11.17
19797,1979.7,3,0,0.0,11.12
19798,1979.8,2,1,0.0,11.75
19799,1979.9,2,0,0.0,11.8
19800,1980.0,2,0,0.0,11.93
19801,1980.1,2,0,0.0,11.99
19802,1980.2,2,0,0.0,12.14
19803,1980.3,2,0,0.0,12.26
19804,1980.4,2,0,0.0,12.3
19805,1980.5,2,0,0.0,12.47
19806,1980.6,2,0,0.0,12.57
19807,1980.7,2,0,0.0,12.61
19808,1980.8,2,0,0.0,12.73
19809,1980.9,2,0,0.0,12.81
19810,1981.0,2,0,0.0,12.93
19811,1981.1,2,0,0.0,13.02
19812,1981.2,2,0,0.0,13.06
19813,1981.3,2,0,0.0,13.1
19814,1981.4,2,0,0.0,13.14
19815,1981.5,2,0,0.0,13.08
19816,1981.6,2,0,0.0,13.14
19817,1981.7,2,0,0.0,13.09
19818,1981.8,3,1,0.0,13.52
19819,1981.9,3,0,0.0,13.44
19820,1982.0,3,0,0.0,13.49
19821,1982.1,3,0,0.0,13.51
19822,1982.2,3,0,0.0,13.45
19823,1982.3,3,0,0.0,13.47
19824,1982.4,2,1,0.0,13.37
19825,1982.5,2,0,0.0,13.38
19826,1982.6,2,0,0.0,13.36
19827,1982.7,2,0,0.0,13.34
19828,1982.8,3,0,0.0,13.58
19829,1982.9,3,0,0.0,13.59
19830,1983.0,3,0,0.0,13.6
19831,1983.1,3,0,0.0,13.56
19832,1983.2,3,0,0.0,13.55
19833,1983.3,3,0,0.0,13.59
19834,1983.4,3,0,0.0,13.55
19835,1983.5,3,0,0.0,13.57
19836,1983.6,3,0,0.0,13.55
19837,1983.7,3,0,0.0,13.59
19838,1983.8,3,0,0.0,13.6
19839,1983.9,3,0,0.0,13.61
19840,1984.0,3,0,0.0,13.56
19841,1984.1,3,0,0.0,13.57
19842,1984.2,3,0,0.0,13.56
19843,1984.3,3,0,0.0,13.56
19844,1984.4,4,0,0.0,12.69
19845,1984.5,4,0,0.0,12.64
19846,1984.6,3,1,0.0,13.53
19847,1984.7,3,0,0.0,13.56
19848,1984.8,3,0,0.0,13.54
19849,1984.9,3,0,0.0,13.59
19850,1985.0,3,0,0.0,13.54
19851,1985.1,3,0,0.0,13.52
19852,1985.2,3,0,0.0,13.58
19853,1985.3,3,0,0.0,13.54
19854,1985.4,3,0,0.0,13.57
19855,1985.5,3,0,0.0,13.55
19856,1985.6,3,0,0.0,13.6
19857,1985.7,2,1,0.0,13.71
19858,1985.8,2,0,0.0,13.71
19859,1985.9,2,0,0.0,13.69
19860,1986.0,2,0,0.0,13.75
19861,1986.1,2,0,0.0,13.73
19862,1986.2,2,0,0.0,13.69
19863,1986.3,1,1,0.0,13.46
19864,1986.4,1,0,0.0,13.52
19865,1986.5,1,0,0.0,13.49
19866,1986.6,1,0,0.0,13.45
19867,1986.7,1,0,0.0,13.44
19868,1986.8,2,0,0.0,13.39
19869,1986.9,2,0,0.0,13.35
19870,1987.0,2,0,0.0,13.36
19871,1987.1,2,0,0.0,13.31
19872,1987.2,2,0,0.0,13.38
19873,1987.3,2,0,0.0,13.32
19874,1987.4,2,1,0.0,13.03
19875,1987.5,2,0,0.0,13.05
19876,1987.6,2,0,0.0,13.01
19877,1987.7,2,0,0.0,13.05
19878,1987.8,2,0,0.0,12.95
19879,1987.9,2,0,0.0,13.01
19880,1988.0,2,0,0.0,12.98
19881,1988.1,2,0,0.0,13.01
19882,1988.2,2,0,0.0,13.01
19883,1988.3,2,0,0.0,13.01
19884,1988.4,2,0,0.0,12.97
19885,1988.5,2,0,0.0,13.01
19886,1988.6,2,0,0.0,13.03
19887,1988.7,2,0,0.0,13.01
19888,1988.8,2,0,0.0,13.01
19889,1988.9,2,0,0.0,12.97
19890,1989.0,2,0,0.0,13.02
19891,1989.1,2,0,0.0,12.98
19892,1989.2,2,0,0.0,13.02
19893,1989.3,2,0,0.0,13.05
19894,1989.4,2,0,0.0,13.02
19895,1989.5,2,0,0.0,13.02
19896,1989.6,2,0,0.0,13.03
19897,1989.7,2,0,0.0,12.99
19898,1989.8,2,0,0.0,13.04
19899,1989.9,2,0,0.0,13.02
19900,1990.0,2,0,0.0,12.99
19901,1990.1,2,0,0.0,13.0
19902,1990.2,2,0,0.0,13.03
19903,1990.3,2,0,0.0,13.03
19904,1990.4,2,0,0.0,13.01
19905,1990.5,2,0,0.0,13.01
19906,1990.6,2,0,0.0,13.04
19907,1990.7,2,0,0.0,13.03
19908,1990.8,2,0,0.0,13.03
19909,1990.9,2,0,0.0,12.99
19910,1991.0,2,0,0.0,13.02
19911,1991.1,2,0,0.0,12.99
19912,1991.2,2,0,0.0,13.04
19913,1991.3,1,1,0.0,12.54
19914,1991.4,1,0,0.0,12.51
19915,1991.5,2,0,0.0,12.72
19916,1991.6,2,0,0.0,12.74
19917,1991.7,3,0,0.0,13.14
19918,1991.8,3,0,0.0,13.14
19919,1991.9,3,0,0.0,13.13
19920,1992.0,3,0,0.0,13.11
19921,1992.1,3,0,0.0,13.14
19922,1992.2,3,0,0.0,13.13
19923,1992.3,2,1,0.0,12.72
19924,1992.4,2,0,0.0,12.69
19925,1992.5,2,0,0.0,12.72
19926,1992.6,2,0,0.0,12.75
19927,1992.7,2,0,0.0,12.72
19928,1992.8,2,0,0.0,12.68
19929,1992.9,2,0,0.0,12.68
19930,1993.0,2,0,0.0,12.74
19931,1993.1,3,0,0.0,12.58
19932,1993.2,3,0,0.0,12.55
19933,1993.3,3,0,0.0,12.58
19934,1993.4,3,0,0.0,12.53
19935,1993.5,3,0,0.0,12.54
19936,1993.6,3,0,0.0,12.55
19937,1993.7,3,0,0.0,12.52
19938,1993.8,3,0,0.0,12.56
19939,1993.9,3,0,0.0,12.59
19940,1994.0,3,0,0.0,12.52
19941,1994.1,3,0,0.0,12.55
19942,1994.2,3,0,0.0,12.57
19943,1994.3,3,0,0.0,12.54
19944,1994.4,3,0,0.0,12.56
19945,1994.5,3,0,0.0,12.56
19946,1994.6,3,0,0.0,12.56
19947,1994.7,3,0,0.0,12.52
19948,1994.8,3,0,0.0,12.56
19949,1994.9,3,0,0.0,12.56
19950,1995.0,3,0,0.0,12.56
19951,1995.1,3,0,0.0,12.55
19952,1995.2,2,1,0.0,12.39
19953,1995.3,2,0,0.0,12.39
19954,1995.4,2,0,0.0,12.35
19955,1995.5,2,0,0.0,12.37
19956,1995.6,2,0,0.0,12.39
19957,1995.7,2,0,0.0,12.41
19958,1995.8,2,0,0.0,12.44
19959,1995.9,2,0,0.0,12.37
19960,1996.0,2,0,0.0,12.41
19961,1996.1,2,0,0.0,12.39
19962,1996.2,2,0,0.0,12.37
19963,1996.3,2,0,0.0,12.43
19964,1996.4,2,0,0.0,12.38
19965,1996.5,2,0,0.0,12.4
19966,1996.6,2,0,0.0,12.38
19967,1996.7,3,0,0.0,12.94
19968,1996.8,3,0,0.0,12.92
19969,1996.9,3,0,0.0,12.91
19970,1997.0,3,0,0.0,12.92
19971,1997.1,3,0,0.0,12.96
19972,1997.2,3,0,0.0,12.89
19973,1997.3,2,1,0.0,12.42
19974,1997.4,2,0,0.0,12.42
19975,1997.5,2,0,0.0,12.43
19976,1997.6,1,1,0.0,12.29
19977,1997.7,1,0,0.0,12.27
19978,1997.8,1,0,0.0,12.26
19979,1997.9,1,0,0.0,12.17
19980,1998.0,1,0,0.0,12.19
19981,1998.1,1,0,0.0,12.19
19982,1998.2,1,0,0.0,12.29
19983,1998.3,1,0,0.0,12.28
19984,1998.4,1,0,0.0,12.2
19985,1998.5,1,0,0.0,12.18
19986,1998.6,1,0,0.0,12.25
19987,1998.7,1,0,0.0,12.2
19988,1998.8,2,0,0.0,13.13
19989,1998.9,2,0,0.0,13.05
19990,1999.0,2,0,0.0,13.07
19991,1999.1,2,0,0.0,13.08
19992,1999.2,2,0,0.0,13.08
19993,1999.3,2,0,0.0,13.05
19994,1999.4,2,0,0.0,13.12
19995,1999.5,2,0,0.0,13.09
19996,1999.6,2,0,0.0,13.06
19997,1999.7,2,0,0.0,13.06
19998,1999.8,2,0,0.0,13.12
19999,1999.9,2,0,0.0,13.07
20000,2000.0,2,0,0.0,13.11
20001,2000.1,3,0,0.0,12.02
20002,2000.2,3,0,0.0,12.08
20003,2000.3,3,0,0.0,12.05
20004,2000.4,3,0,0.0,12.04
20005,2000.5,3,0,0.0,12.04
20006,2000.6,3,0,0.0,12.04
20007,2000.7,3,0,0.0,12.06
20008,2000.8,3,0,0.0,12.02
20009,2000.9,4,0,0.0,10.71
20010,2001.0,4,0,0.0,10.72
20011,2001.1,4,0,0.0,10.74
20012,2001.2,4,0,0.0,10.77
20013,2001.3,4,0,0.0,10.81
20014,2001.4,4,0,0.0,10.83
20015,2001.5,4,0,0.0,10.84
20016,2001.6,4,0,0.0,10.88
20017,2001.7,5,0,0.0,11.54
20018,2001.8,5,0,0.0,11.5
20019,2001.9,5,0,0.0,11.56
20020,2002.0,5,0,0.0,11.57
20021,2002.1,5,0,0.0,11.59
20022,2002.2,5,0,0.0,11.61
20023,2002.3,4,1,0.0,11.04
20024,2002.4,4,0,0.0,11.04
20025,2002.5,4,0,0.0,11.08
20026,2002.6,4,0,0.0,11.07
20027,2002.7,4,0,0.0,11.1
20028,2002.8,4,0,0.0,11.13
20029,2002.9,4,0,0.0,11.14
20030,2003.0,4,0,0.0,11.16
20031,2003.1,4,0,0.0,11.17
20032,2003.2,4,0,0.0,11.18
20033,2003.3,4,0,0.0,11.19
20034,2003.4,4,0,0.0,11.2
20035,2003.5,3,1,0.0,10.85
20036,2003.6,3,0,0.0,10.91
20037,2003.7,3,0,0.0,10.87
20038,2003.8,3,0,0.0,10.91
20039,2003.9,3,0,0.0,10.9
20040,2004.0,3,0,0.0,10.94
20041,2004.1,3,0,0.0,10.98
20042,2004.2,3,0,0.0,10.96
20043,2004.3,3,0,0.0,11.0
20044,2004.4,2,1,0.0,11.46
20045,2004.5,3,0,0.0,12.39
20046,2004.6,3,0,0.0,12.45
20047,2004.7,3,0,0.0,12.5
20048,2004.8,3,0,0.0,12.57
20049,2004.9,3,0,0.0,12.65
20050,2005.0,3,0,0.0,12.69
20051,2005.1,3,0,0.0,12.75
20052,2005.2,3,0,0.0,12.77
20053,2005.3,3,0,0.0,12.84
20054,2005.4,3,0,0.0,12.9
20055,2005.5,3,0,0.0,12.96
20056,2005.6,3,0,0.0,13.01
20057,2005.7,3,0,0.0,13.09
20058,2005.8,3,0,0.0,13.16
20059,2005.9,3,0,0.0,13.21
20060,2006.0,3,0,0.0,13.18
20061,2006.1,3,0,0.0,13.19
20062,2006.2,2,1,0.0,13.94
20063,2006.3,2,0,0.0,13.91
20064,2006.4,2,0,0.0,13.93
20065,2006.5,2,0,0.0,13.96
20066,2006.6,2,0,0.0,13.96
20067,2006.7,3,0,0.0,13.62
20068,2006.8,3,0,0.0,13.54
20069,2006.9,3,0,0.0,13.59
20070,2007.0,3,0,0.0,13.61
20071,2007.1,3,0,0.0,13.58
20072,2007.2,3,0,0.0,13.56
20073,2007.3,2,1,0.0,13.92
20074,2007.4,2,0,0.0,13.92
20075,2007.5,2,0,0.0,13.94
20076,2007.6,2,0,0.0,13.91
20077,2007.7,2,0,0.0,13.91
20078,2007.8,2,0,0.0,13.88
20079,2007.9,2,0,0.0,13.94
20080,2008.0,1,1,0.0,13.9
20081,2008.1,1,0,0.0,13.95
20082,2008.2,1,0,0.0,13.93
20083,2008.3,1,0,0.0,13.9
20084,2008.4,1,0,0.0,13.94
20085,2008.5,1,0,0.0,13.91
20086,2008.6,1,0,0.0,13.87
20087,2008.7,1,0,0.0,13.91
20088,2008.8,1,0,0.0,13.88
20089,2008.9,2,0,0.0,12.97
20090,2009.0,2,0,0.0,12.95
20091,2009.1,2,0,0.0,12.91
20092,2009.2,2,0,0.0,12.96
20093,2009.3,2,0,0.0,12.92
20094,2009.4,3,0,0.0,11.95
20095,2009.5,3,0,0.0,11.93
20096,2009.6,3,0,0.0,11.94
20097,2009.7,3,0,0.0,11.95
20098,2009.8,3,0,0.0,11.96
20099,2009.9,3,0,0.0,11.94
20100,2010.0,3,0,0.0,11.97
20101,2010.1,3,0,0.0,11.96
20102,2010.2,4,0,0.0,10.65
20103,2010.3,4,0,0.0,10.63
20104,2010.4,4,0,0.0,10.68
20105,2010.5,4,0,0.0,10.68
20106,2010.6,4,0,0.0,10.71
20107,2010.7,4,0,0.0,10.77
20108,2010.8,4,0,0.0,10.78
20109,2010.9,4,0,0.0,10.8
20110,2011.0,4,0,0.0,10.82
20111,2011.1,4,0,0.0,10.84
20112,2011.2,4,0,0.0,10.87
20113,2011.3,4,0,0.0,10.89
20114,2011.4,4,0,0.0,10.92
20115,2011.5,4,0,0.0,10.92
20116,2011.6,4,0,0.0,10.96
20117,2011.7,5,0,0.0,11.59
20118,2011.8,5,0,0.0,11.59
20119,2011.9,5,0,0.0,11.6
20120,2012.0,5,0,0.0,11.6
20121,2012.1,5,0,0.0,11.62
20122,2012.2,5,0,0.0,11.66
20123,2012.3,4,1,0.0,11.06
20124,2012.4,4,0,0.0,11.07
20125,2012.5,4,0,0.0,11.11
20126,2012.6,4,0,0.0,11.13
20127,2012.7,5,0,0.0,10.91
20128,2012.8,5,0,0.0,10.9
20129,2012.9,3,2,0.0,10.9
20130,2013.0,3,0,0.0,10.88
20131,2013.1,3,0,0.0,10.91
20132,2013.2,3,0,0.0,10.9
20133,2013.3,3,0,0.0,10.94
20134,2013.4,3,0,0.0,10.94
20135,2013.5,3,0,0.0,10.94
20136,2013.6,3,0,0.0,11.02
20137,2013.7,2,1,0.0,9.54
20138,2013.8,2,0,0.0,9.52
20139,2013.9,2,0,0.0,9.51
20140,2014.0,2,0,0.0,9.53
20141,2014.1,2,0,0.0,9.6
20142,2014.2,2,0,0.0,9.56
20143,2014.3,2,0,0.0,9.55
20144,2014.4,2,0,0.0,9.64
20145,2014.5,2,0,0.0,9.66
20146,2014.6,2,0,0.0,9.63
20147,2014.7,2,0,0.0,9.61
20148,2014.8,2,0,0.0,9.61
20149,2014.9,2,0,0.0,9.64
20150,2015.0,2,0,0.0,9.66
20151,2015.1,2,0,0.0,9.65
20152,2015.2,2,0,0.0,9.68
20153,2015.3,2,0,0.0,9.69
20154,2015.4,2,0,0.0,9.7
20155,2015.5,2,0,0.0,9.73
20156,2015.6,2,0,0.0,9.71
20157,2015.7,2,0,0.0,9.73
20158,2015.8,3,0,0.0,11.17
20159,2015.9,3,0,0.0,11.14
20160,2016.0,3,0,0.0,11.14
20161,2016.1,3,0,0.0,11.15
20162,2016.2,3,0,0.0,11.16
20163,2016.3,3,0,0.0,11.18
20164,2016.4,3,0,0.0,11.15
20165,2016.5,3,0,0.0,11.15
20166,2016.6,4,0,0.0,11.63
20167,2016.7,4,0,0.0,11.61
20168,2016.8,4,0,0.0,11.59
20169,2016.9,4,0,0.0,11.62
20170,2017.0,4,0,0.0,11.61
20171,2017.1,4,0,0.0,11.59
20172,2017.2,3,1,0.0,11.16
20173,2017.3,3,0,0.0,11.2
20174,2017.4,3,0,0.0,11.2
20175,2017.5,3,0,0.0,11.18
20176,2017.6,4,0,0.0,11.36
20177,2017.7,4,0,0.0,11.34
20178,2017.8,4,0,0.0,11.36
20179,2017.9,4,0,0.0,11.37
20180,2018.0,4,0,0.0,11.38
20181,2018.1,4,0,0.0,11.33
20182,2018.2,4,0,0.0,11.37
20183,2018.3,4,0,0.0,11.37
20184,2018.4,4,0,0.0,11.33
20185,2018.5,4,0,0.0,11.38
20186,2018.6,4,0,0.0,11.35
20187,2018.7,4,0,0.0,11.35
20188,2018.8,4,0,0.0,11.36
20189,2018.9,4,0,0.0,11.38
20190,2019.0,4,0,0.0,11.37
20191,2019.1,4,0,0.0,11.36
20192,2019.2,4,0,0.0,11.39
20193,2019.3,4,0,0.0,11.38
20194,2019.4,4,0,0.0,11.36
20195,2019.5,4,0,0.0,11.4
20196,2019.6,4,0,0.0,11.4
20197,2019.7,4,0,0.0,11.37
20198,2019.8,4,0,0.0,11.37
20199,2019.9,4,0,0.0,11.33
20200,2020.0,4,0,0.0,11.35
20201,2020.1,4,0,0.0,11.33
20202,2020.2,4,0,0.0,11.29
20203,2020.3,4,0,0.0,11.28
20204,2020.4,4,0,0.0,11.27
20205,2020.5,4,0,0.0,11.24
20206,2020.6,4,0,0.0,11.21
20207,2020.7,4,0,0.0,11.16
20208,2020.8,4,0,0.0,11.17
20209,2020.9,4,0,0.0,11.15
20210,2021.0,4,0,0.0,11.11
20211,2021.1,4,0,0.0,11.08
20212,2021.2,4,0,0.0,11.06
20213,2021.3,4,0,0.0,11.04
20214,2021.4,4,0,0.0,11.04
20215,2021.5,5,0,0.0,11.63
20216,2021.6,5,1,0.0,12.4
20217,2021.7,4,1,0.0,12.57
20218,2021.8,4,0,0.0,12.61
20219,2021.9,4,0,0.0,12.7
20220,2022.0,4,0,0.0,12.77
20221,2022.1,4,0,0.0,12.81
20222,2022.2,3,1,0.0,12.56
20223,2022.3,3,0,0.0,12.68
20224,2022.4,3,0,0.0,12.78
20225,2022.5,3,0,0.0,12.85
20226,2022.6,3,0,0.0,12.97
20227,2022.7,3,0,0.0,13.12
20228,2022.8,3,0,0.0,13.22
20229,2022.9,3,0,0.0,13.32
20230,2023.0,3,0,0.0,13.48
20231,2023.1,3,0,0.0,13.57
20232,2023.2,3,0,0.0,13.67
20233,2023.3,3,0,0.0,13.66
20234,2023.4,3,0,0.0,13.62
20235,2023.5,2,1,0.0,13.82
20236,2023.6,2,0,0.0,13.97
20237,2023.7,2,0,0.0,13.93
20238,2023.8,2,0,0.0,13.93
20239,2023.9,2,0,0.0,13.93
20240,2024.0,2,0,0.0,13.9
20241,2024.1,2,0,0.0,13.95
20242,2024.2,2,0,0.0,13.92
20243,2024.3,2,0,0.0,13.96
20244,2024.4,2,0,0.0,13.93
20245,2024.5,2,0,0.0,13.93
20246,2024.6,2,0,0.0,13.94
20247,2024.7,2,0,0.0,13.94
20248,2024.8,2,0,0.0,13.89
20249,2024.9,2,0,0.0,13.9
20250,2025.0,2,0,0.0,13.9
20251,2025.1,2,0,0.0,13.9
20252,2025.2,1,1,0.0,13.93
20253,2025.3,1,0,0.0,13.88
20254,2025.4,1,0,0.0,13.9
20255,2025.5,1,0,0.0,14.0
20256,2025.6,1,0,0.0,13.89
20257,2025.7,1,0,0.0,13.99
20258,2025.8,1,0,0.0,13.9
20259,2025.9,1,0,0.0,13.96
20260,2026.0,1,0,0.0,14.0
20261,2026.1,1,0,0.0,13.9
20262,2026.2,1,0,0.0,13.97
20263,2026.3,2,0,0.0,13.65
20264,2026.4,2,0,0.0,13.66
20265,2026.5,2,0,0.0,13.65
20266,2026.6,3,0,0.0,13.36
20267,2026.7,3,0,0.0,13.31
20268,2026.8,3,0,0.0,13.34
20269,2026.9,3,0,0.0,13.38
20270,2027.0,3,0,0.0,13.31
20271,2027.1,3,0,0.0,13.31
20272,2027.2,3,1,0.0,13.74
20273,2027.3,3,0,0.0,13.7
20274,2027.4,3,0,0.0,13.74
20275,2027.5,3,0,0.0,13.69
20276,2027.6,3,0,0.0,13.7
20277,2027.7,3,0,0.0,13.72
20278,2027.8,3,0,0.0,13.73
20279,2027.9,3,0,0.0,13.74
20280,2028.0,3,0,0.0,13.72
20281,2028.1,3,0,0.0,13.7
20282,2028.2,3,0,0.0,13.71
20283,2028.3,3,0,0.0,13.74
20284,2028.4,3,0,0.0,13.75
20285,2028.5,3,0,0.0,13.73
20286,2028.6,3,0,0.0,13.72
20287,2028.7,3,0,0.0,13.69
20288,2028.8,3,0,0.0,13.74
20289,2028.9,3,0,0.0,13.76
20290,2029.0,3,0,0.0,13.73
20291,2029.1,3,0,0.0,13.71
20292,2029.2,3,0,0.0,13.77
20293,2029.3,3,0,0.0,13.72
20294,2029.4,3,0,0.0,13.73
20295,2029.5,3,0,0.0,13.75
20296,2029.6,3,0,0.0,13.71
20297,2029.7,3,0,0.0,13.72
20298,2029.8,3,0,0.0,13.77
20299,2029.9,2,1,0.0,13.94
20300,2030.0,2,0,0.0,13.89
20301,2030.1,2,0,0.0,14.0
20302,2030.2,2,0,0.0,13.97
20303,2030.3,2,0,0.0,13.94
20304,2030.4,2,0,0.0,13.93
20305,2030.5,2,0,0.0,13.91
20306,2030.6,2,0,0.0,13.97
20307,2030.7,1,1,0.0,13.9
20308,2030.8,1,0,0.0,13.94
20309,2030.9,1,0,0.0,13.99
20310,2031.0,1,0,0.0,13.98
20311,2031.1,1,0,0.0,13.92
20312,2031.2,1,0,0.0,13.99
20313,2031.3,1,0,0.0,13.99
20314,2031.4,1,0,0.0,13.94
20315,2031.5,1,0,0.0,13.87
20316,2031.6,2,0,0.0,13.35
20317,2031.7,2,0,0.0,13.33
20318,2031.8,2,0,0.0,13.29
20319,2031.9,2,0,0.0,13.27
20320,2032.0,2,0,0.0,13.24
20321,2032.1,2,0,0.0,13.31
20322,2032.2,1,1,0.0,13.99
20323,2032.3,1,0,0.0,13.94
20324,2032.4,1,0,0.0,13.95
20325,2032.5,1,0,0.0,13.91
20326,2032.6,1,0,0.0,13.93
20327,2032.7,1,0,0.0,13.94
20328,2032.8,1,0,0.0,13.96
20329,2032.9,2,0,0.0,13.35
20330,2033.0,2,0,0.0,13.33
20331,2033.1,2,0,0.0,13.3
20332,2033.2,2,0,0.0,13.33
20333,2033.3,2,0,0.0,13.35
20334,2033.4,2,0,0.0,13.34
20335,2033.5,2,0,0.0,13.32
20336,2033.6,2,0,0.0,13.36
20337,2033.7,2,0,0.0,13.37
20338,2033.8,2,0,0.0,13.34
20339,2033.9,2,0,0.0,13.34
20340,2034.0,2,0,0.0,13.32
20341,2034.1,2,0,0.0,13.34
20342,2034.2,2,0,0.0,13.33
20343,2034.3,2,0,0.0,13.39
20344,2034.4,2,0,0.0,13.31
20345,2034.5,2,0,0.0,13.34
20346,2034.6,2,0,0.0,13.32
20347,2034.7,2,0,0.0,13.35
20348,2034.8,2,0,0.0,13.35
20349,2034.9,2,0,0.0,13.3
20350,2035.0,3,0,0.0,12.95
20351,2035.1,3,0,0.0,12.92
20352,2035.2,3,0,0.0,12.86
20353,2035.3,3,0,0.0,12.89
20354,2035.4,3,0,0.0,12.89
20355,2035.5,3,0,0.0,12.89
20356,2035.6,3,0,0.0,12.92
20357,2035.7,3,0,0.0,12.92
20358,2035.8,3,0,0.0,12.91
20359,2035.9,3,0,0.0,12.94
20360,2036.0,3,0,0.0,12.91
20361,2036.1,3,0,0.0,12.91
20362,2036.2,3,0,0.0,12.91
20363,2036.3,3,0,0.0,12.89
20364,2036.4,2,1,0.0,12.41
20365,2036.5,2,0,0.0,12.39
20366,2036.6,3,0,0.0,12.81
20367,2036.7,3,0,0.0,12.77
20368,2036.8,3,0,0.0,12.75
20369,2036.9,3,0,0.0,12.8
20370,2037.0,3,0,0.0,12.74
20371,2037.1,3,0,0.0,12.74
20372,2037.2,2,1,0.0,12.42
20373,2037.3,2,0,0.0,12.43
20374,2037.4,2,0,0.0,12.33
20375,2037.5,2,0,0.0,12.4
20376,2037.6,2,0,0.0,12.35
20377,2037.7,2,0,0.0,12.41
20378,2037.8,2,0,0.0,12.36
20379,2037.9,2,0,0.0,12.39
20380,2038.0,2,0,0.0,12.34
20381,2038.1,2,0,0.0,12.38
20382,2038.2,2,0,0.0,12.38
20383,2038.3,2,0,0.0,12.36
20384,2038.4,2,0,0.0,12.4
20385,2038.5,2,0,0.0,12.39
20386,2038.6,3,0,0.0,12.92
20387,2038.7,3,0,0.0,12.9
20388,2038.8,3,0,0.0,12.93
20389,2038.9,3,0,0.0,12.92
20390,2039.0,2,1,0.0,13.34
20391,2039.1,2,0,0.0,13.33
20392,2039.2,2,0,0.0,13.37
20393,2039.3,2,0,0.0,13.34
20394,2039.4,2,0,0.0,13.39
20395,2039.5,2,0,0.0,13.35
20396,2039.6,2,0,0.0,13.35
20397,2039.7,2,0,0.0,13.35
20398,2039.8,2,0,0.0,13.33
20399,2039.9,2,0,0.0,13.36
20400,2040.0,2,0,0.0,13.37
20401,2040.1,2,0,0.0,13.37
20402,2040.2,2,0,0.0,13.4
20403,2040.3,2,0,0.0,13.28
20404,2040.4,2,0,0.0,13.34
20405,2040.5,2,0,0.0,13.36
20406,2040.6,2,0,0.0,13.33
20407,2040.7,2,0,0.0,13.32
20408,2040.8,2,0,0.0,13.35
20409,2040.9,2,0,0.0,13.3
20410,2041.0,2,0,0.0,13.32
20411,2041.1,3,0,0.0,12.23
20412,2041.2,3,0,0.0,12.19
20413,2041.3,2,1,0.0,13.38
20414,2041.4,2,0,0.0,13.31
20415,2041.5,3,0,0.0,13.54
20416,2041.6,3,0,0.0,13.51
20417,2041.7,3,0,0.0,13.55
20418,2041.8,3,0,0.0,13.5
20419,2041.9,3,0,0.0,13.51
20420,2042.0,3,0,0.0,13.5
20421,2042.1,2,1,0.0,13.31
20422,2042.2,2,0,0.0,13.35
20423,2042.3,2,0,0.0,13.33
20424,2042.4,2,0,0.0,13.35
20425,2042.5,2,0,0.0,13.36
20426,2042.6,2,0,0.0,13.34
20427,2042.7,2,0,0.0,13.35
20428,2042.8,2,0,0.0,13.29
20429,2042.9,1,1,0.0,13.88
20430,2043.0,1,0,0.0,13.88
20431,2043.1,1,0,0.0,13.98
20432,2043.2,1,0,0.0,13.95
20433,2043.3,1,0,0.0,14.0
20434,2043.4,1,0,0.0,13.98
20435,2043.5,1,0,0.0,13.91
20436,2043.6,1,0,0.0,13.88
20437,2043.7,2,0,0.0,13.58
20438,2043.8,2,0,0.0,13.56
20439,2043.9,2,0,0.0,13.56
20440,2044.0,2,0,0.0,13.55
20441,2044.1,2,0,0.0,13.53
20442,2044.2,3,0,0.0,13.5
20443,2044.3,3,0,0.0,13.47
20444,2044.4,3,0,0.0,13.47
20445,2044.5,3,0,0.0,13.46
20446,2044.6,3,0,0.0,13.49
20447,2044.7,3,0,0.0,13.49
20448,2044.8,3,0,0.0,13.45
20449,2044.9,3,0,0.0,13.46
20450,2045.0,3,0,0.0,13.5
20451,2045.1,3,0,0.0,13.47
20452,2045.2,3,0,0.0,13.46
20453,2045.3,3,0,0.0,13.46
20454,2045.4,3,0,0.0,13.47
20455,2045.5,3,0,0.0,13.45
20456,2045.6,3,0,0.0,13.47
20457,2045.7,3,0,0.0,13.47
20458,2045.8,3,0,0.0,13.48
20459,2045.9,3,0,0.0,13.5
20460,2046.0,3,0,0.0,13.45
20461,2046.1,3,0,0.0,13.48
20462,2046.2,3,0,0.0,13.44
20463,2046.3,3,0,0.0,13.45
20464,2046.4,3,0,0.0,13.47
20465,2046.5,4,0,0.0,13.58
20466,2046.6,4,0,0.0,13.59
20467,2046.7,4,0,0.0,13.59
20468,2046.8,4,0,0.0,13.58
20469,2046.9,4,0,0.0,13.6
20470,2047.0,4,0,0.0,13.59
20471,2047.1,3,1,0.0,13.47
20472,2047.2,3,0,0.0,13.46
20473,2047.3,3,0,0.0,13.47
20474,2047.4,2,1,0.0,13.6
20475,2047.5,2,0,0.0,13.61
20476,2047.6,2,0,0.0,13.59
20477,2047.7,2,0,0.0,13.65
20478,2047.8,1,1,0.0,13.3
20479,2047.9,1,0,0.0,13.32
20480,2048.0,1,0,0.0,13.26
20481,2048.1,1,0,0.0,13.29
20482,2048.2,1,0,0.0,13.33
20483,2048.3,1,0,0.0,13.3
20484,2048.4,1,0,0.0,13.36
20485,2048.5,1,0,0.0,13.35
20486,2048.6,1,0,0.0,13.33
20487,2048.7,1,0,0.0,13.25
20488,2048.8,1,0,0.0,13.25
20489,2048.9,1,0,0.0,13.24
20490,2049.0,1,0,0.0,13.36
20491,2049.1,1,0,0.0,13.32
20492,2049.2,1,0,0.0,13.29
20493,2049.3,1,0,0.0,13.24
20494,2049.4,1,0,0.0,13.33
20495,2049.5,1,0,0.0,13.26
20496,2049.6,1,0,0.0,13.27
20497,2049.7,1,0,0.0,13.25
20498,2049.8,1,0,0.0,13.26
20499,2049.9,2,0,0.0,12.58
20500,2050.0,2,0,0.0,12.52
20501,2050.1,2,0,0.0,12.53
20502,2050.2,2,0,0.0,12.52
20503,2050.3,2,0,0.0,12.53
20504,2050.4,2,0,0.0,12.57
20505,2050.5,2,0,0.0,12.51
20506,2050.6,2,0,0.0,12.5
20507,2050.7,2,0,0.0,12.53
20508,2050.8,2,0,0.0,12.48
20509,2050.9,2,0,0.0,12.52
20510,2051.0,2,0,0.0,12.5
20511,2051.1,2,0,0.0,12.48
20512,2051.2,2,0,0.0,12.51
20513,2051.3,3,0,0.0,11.35
20514,2051.4,3,0,0.0,11.34
20515,2051.5,4,0,0.0,12.03
20516,2051.6,4,0,0.0,12.01
20517,2051.7,4,0,0.0,12.04
20518,2051.8,4,0,0.0,12.05
20519,2051.9,4,0,0.0,12.07
20520,2052.0,4,0,0.0,12.09
20521,2052.1,3,1,0.0,11.54
20522,2052.2,3,0,0.0,11.56
20523,2052.3,3,0,0.0,11.57
20524,2052.4,4,0,0.0,12.19
20525,2052.5,4,0,0.0,12.18
20526,2052.6,4,0,0.0,12.18
20527,2052.7,4,0,0.0,12.18
20528,2052.8,4,0,0.0,12.21
20529,2052.9,4,0,0.0,12.2
20530,2053.0,4,0,0.0,12.27
20531,2053.1,4,0,0.0,12.25
20532,2053.2,4,0,0.0,12.23
20533,2053.3,4,0,0.0,12.22
20534,2053.4,4,0,0.0,12.24
20535,2053.5,4,0,0.0,12.23
20536,2053.6,4,0,0.0,12.24
20537,2053.7,4,0,0.0,12.23
20538,2053.8,3,1,0.0,11.87
20539,2053.9,3,0,0.0,11.9
20540,2054.0,3,0,0.0,11.91
20541,2054.1,3,0,0.0,11.91
20542,2054.2,3,0,0.0,11.89
20543,2054.3,3,0,0.0,11.88
20544,2054.4,3,0,0.0,11.89
20545,2054.5,3,0,0.0,11.89
20546,2054.6,3,0,0.0,11.86
20547,2054.7,3,0,0.0,11.91
20548,2054.8,3,0,0.0,11.88
20549,2054.9,3,0,0.0,11.87
20550,2055.0,3,0,0.0,11.87
20551,2055.1,3,0,0.0,11.86
20552,2055.2,3,0,0.0,11.9
20553,2055.3,3,0,0.0,11.9
20554,2055.4,3,0,0.0,11.87
20555,2055.5,3,0,0.0,11.89
20556,2055.6,4,0,0.0,12.31
20557,2055.7,4,0,0.0,12.28
20558,2055.8,4,0,0.0,12.29
20559,2055.9,3,1,0.0,11.7
20560,2056.0,3,0,0.0,11.72
20561,2056.1,3,0,0.0,11.75
20562,2056.2,3,0,0.0,11.75
20563,2056.3,3,0,0.0,11.71
20564,2056.4,3,0,0.0,11.74
20565,2056.5,4,0,0.0,12.28
20566,2056.6,4,0,0.0,12.27
20567,2056.7,4,0,0.0,12.26
20568,2056.8,4,0,0.0,12.26
20569,2056.9,4,0,0.0,12.29
20570,2057.0,4,0,0.0,12.25
20571,2057.1,3,1,0.0,11.74
20572,2057.2,3,0,0.0,11.71
20573,2057.3,3,0,0.0,11.73
20574,2057.4,3,0,0.0,11.7
20575,2057.5,3,0,0.0,11.76
20576,2057.6,3,0,0.0,11.74
20577,2057.7,3,0,0.0,11.73
20578,2057.8,3,0,0.0,11.72
20579,2057.9,3,0,0.0,11.72
20580,2058.0,3,0,0.0,11.7
20581,2058.1,3,0,0.0,11.73
20582,2058.2,3,0,0.0,11.73
20583,2058.3,3,0,0.0,11.7
20584,2058.4,3,0,0.0,11.71
20585,2058.5,3,0,0.0,11.69
20586,2058.6,3,0,0.0,11.75
20587,2058.7,3,0,0.0,11.72
20588,2058.8,3,0,0.0,11.71
20589,2058.9,3,0,0.0,11.72
20590,2059.0,3,0,0.0,11.71
20591,2059.1,3,0,0.0,11.74
20592,2059.2,3,0,0.0,11.71
20593,2059.3,3,0,0.0,11.73
20594,2059.4,3,0,0.0,11.7
20595,2059.5,3,0,0.0,11.67
20596,2059.6,3,0,0.0,11.62
20597,2059.7,3,0,0.0,11.58
20598,2059.8,3,0,0.0,11.54
20599,2059.9,3,0,0.0,11.54
20600,2060.0,3,0,0.0,11.51
20601,2060.1,3,0,0.0,11.51
20602,2060.2,3,0,0.0,11.49
20603,2060.3,3,0,0.0,11.44
20604,2060.4,3,0,0.0,11.42
20605,2060.5,3,0,0.0,11.42
20606,2060.6,3,0,0.0,11.39
20607,2060.7,3,0,0.0,11.33
20608,2060.8,2,1,0.0,11.11
20609,2060.9,2,0,0.0,11.09
20610,2061.0,2,0,0.0,11.1
20611,2061.1,3,0,0.0,11.98
20612,2061.2,3,0,0.0,11.9
20613,2061.3,4,0,0.0,12.21
20614,2061.4,4,0,0.0,12.15
20615,2061.5,5,0,0.0,12.49
20616,2061.6,5,0,0.0,12.48
20617,2061.7,5,0,0.0,12.48
20618,2061.8,5,0,0.0,12.46
20619,2061.9,5,0,0.0,12.43
20620,2062.0,5,0,0.0,12.45
20621,2062.1,4,1,0.0,12.1
20622,2062.2,4,0,0.0,12.06
20623,2062.3,4,0,0.0,12.04
20624,2062.4,4,0,0.0,12.05
20625,2062.5,4,0,0.0,12.04
20626,2062.6,4,0,0.0,12.0
20627,2062.7,4,0,0.0,12.0
20628,2062.8,4,0,0.0,12.01
20629,2062.9,4,0,0.0,12.03
20630,2063.0,4,0,0.0,11.95
20631,2063.1,4,0,0.0,12.0
20632,2063.2,4,0,0.0,11.97
20633,2063.3,4,0,0.0,11.96
20634,2063.4,4,0,0.0,11.93
20635,2063.5,4,0,0.0,11.91
20636,2063.6,3,1,0.0,12.62
20637,2063.7,3,0,0.0,12.68
20638,2063.8,3,0,0.0,12.7
20639,2063.9,3,0,0.0,12.81
20640,2064.0,3,0,0.0,12.88
20641,2064.1,3,0,0.0,12.92
20642,2064.2,3,0,0.0,12.98
20643,2064.3,3,0,0.0,13.04
20644,2064.4,3,0,0.0,13.15
20645,2064.5,3,0,0.0,13.18
20646,2064.6,2,1,0.0,13.02
20647,2064.7,2,0,0.0,13.07
20648,2064.8,2,0,0.0,13.2
20649,2064.9,2,0,0.0,13.22
20650,2065.0,2,0,0.0,13.29
20651,2065.1,2,0,0.0,13.28
20652,2065.2,2,0,0.0,13.27
20653,2065.3,2,0,0.0,13.19
20654,2065.4,2,0,0.0,13.25
20655,2065.5,2,0,0.0,13.23
20656,2065.6,2,0,0.0,13.26
20657,2065.7,1,1,0.0,13.05
20658,2065.8,1,0,0.0,13.06
20659,2065.9,1,0,0.0,12.97
20660,2066.0,1,0,0.0,13.1
20661,2066.1,1,0,0.0,13.0
20662,2066.2,1,0,0.0,12.98
20663,2066.3,1,0,0.0,12.98
20664,2066.4,2,0,0.0,13.53
20665,2066.5,2,0,0.0,13.52
20666,2066.6,2,0,0.0,13.5
20667,2066.7,2,0,0.0,13.47
20668,2066.8,2,0,0.0,13.46
20669,2066.9,3,0,0.0,13.64
20670,2067.0,2,1,0.0,13.51
20671,2067.1,2,0,0.0,13.49
20672,2067.2,2,0,0.0,13.49
20673,2067.3,2,0,0.0,13.52
20674,2067.4,2,0,0.0,13.46
20675,2067.5,2,0,0.0,13.45
20676,2067.6,2,0,0.0,13.5
20677,2067.7,2,0,0.0,13.5
20678,2067.8,2,0,0.0,13.43
20679,2067.9,2,0,0.0,13.48
20680,2068.0,2,0,0.0,13.46
20681,2068.1,2,0,0.0,13.5
20682,2068.2,2,0,0.0,13.47
20683,2068.3,2,0,0.0,13.43
20684,2068.4,2,0,0.0,13.53
20685,2068.5,2,0,0.0,13.47
20686,2068.6,2,0,0.0,13.48
20687,2068.7,2,0,0.0,13.47
20688,2068.8,2,0,0.0,13.5
20689,2068.9,2,0,0.0,13.48
20690,2069.0,2,0,0.0,13.48
20691,2069.1,2,0,0.0,13.48
20692,2069.2,2,0,0.0,13.47
20693,2069.3,2,0,0.0,13.46
20694,2069.4,3,0,0.0,12.33
20695,2069.5,3,0,0.0,12.32
20696,2069.6,2,1,0.0,13.53
20697,2069.7,2,0,0.0,13.48
20698,2069.8,3,0,0.0,13.13
20699,2069.9,3,0,0.0,13.11
20700,2070.0,3,0,0.0,13.1
20701,2070.1,3,0,0.0,13.12
20702,2070.2,3,0,0.0,13.11
20703,2070.3,3,0,0.0,13.11
20704,2070.4,3,0,0.0,13.09
20705,2070.5,3,0,0.0,13.09
20706,2070.6,3,0,0.0,13.08
20707,2070.7,3,0,0.0,13.06
20708,2070.8,3,0,0.0,13.14
20709,2070.9,3,0,0.0,13.13
20710,2071.0,3,0,0.0,13.1
20711,2071.1,2,1,0.0,13.15
20712,2071.2,2,0,0.0,13.11
20713,2071.3,2,0,0.0,13.09
20714,2071.4,3,0,0.0,13.41
20715,2071.5,3,0,0.0,13.38
20716,2071.6,3,0,0.0,13.38
20717,2071.7,3,0,0.0,13.39
20718,2071.8,3,0,0.0,13.45
20719,2071.9,3,0,0.0,13.39
20720,2072.0,2,1,0.0,13.12
20721,2072.1,2,0,0.0,13.14
20722,2072.2,2,0,0.0,13.19
20723,2072.3,2,0,0.0,13.16
20724,2072.4,2,0,0.0,13.07
20725,2072.5,2,0,0.0,13.1
20726,2072.6,3,0,0.0,13.11
20727,2072.7,3,0,0.0,13.07
20728,2072.8,3,0,0.0,13.1
20729,2072.9,3,0,0.0,13.11
20730,2073.0,3,0,0.0,13.06
20731,2073.1,3,0,0.0,13.07
20732,2073.2,3,0,0.0,13.08
20733,2073.3,3,0,0.0,13.05
20734,2073.4,3,0,0.0,13.05
20735,2073.5,3,0,0.0,13.08
20736,2073.6,3,0,0.0,13.12
20737,2073.7,2,1,0.0,13.45
20738,2073.8,2,0,0.0,13.46
20739,2073.9,2,0,0.0,13.48
20740,2074.0,2,0,0.0,13.45
20741,2074.1,2,0,0.0,13.44
20742,2074.2,2,0,0.0,13.5
20743,2074.3,2,0,0.0,13.46
20744,2074.4,2,0,0.0,13.44
20745,2074.5,2,0,0.0,13.49
20746,2074.6,2,0,0.0,13.46
20747,2074.7,2,0,0.0,13.42
20748,2074.8,2,0,0.0,13.46
20749,2074.9,2,0,0.0,13.47
20750,2075.0,2,0,0.0,13.42
20751,2075.1,2,0,0.0,13.47
20752,2075.2,2,0,0.0,13.44
20753,2075.3,2,0,0.0,13.41
20754,2075.4,2,0,0.0,13.44
20755,2075.5,2,0,0.0,13.45
20756,2075.6,2,0,0.0,13.41
20757,2075.7,2,0,0.0,13.49
20758,2075.8,2,0,0.0,13.47
20759,2075.9,2,0,0.0,13.42
20760,2076.0,2,0,0.0,13.48
20761,2076.1,1,1,0.0,12.98
20762,2076.2,1,0,0.0,12.9
20763,2076.3,1,0,0.0,12.92
20764,2076.4,2,0,0.0,12.83
20765,2076.5,2,0,0.0,12.77
20766,2076.6,2,0,0.0,12.79
20767,2076.7,2,0,0.0,12.75
20768,2076.8,2,0,0.0,12.82
20769,2076.9,2,0,0.0,12.76
20770,2077.0,1,1,0.0,12.93
20771,2077.1,1,0,0.0,12.91
20772,2077.2,1,0,0.0,13.0
20773,2077.3,1,0,0.0,12.93
20774,2077.4,1,0,0.0,12.92
20775,2077.5,1,0,0.0,12.98
20776,2077.6,1,0,0.0,12.92
20777,2077.7,1,0,0.0,12.9
20778,2077.8,1,0,0.0,12.98
20779,2077.9,1,0,0.0,12.94
20780,2078.0,1,0,0.0,13.02
20781,2078.1,1,0,0.0,12.91
20782,2078.2,1,0,0.0,12.95
20783,2078.3,2,0,0.0,13.51
20784,2078.4,2,0,0.0,13.48
20785,2078.5,3,0,0.0,12.82
20786,2078.6,3,0,0.0,12.81
20787,2078.7,3,0,0.0,12.75
20788,2078.8,3,0,0.0,12.79
20789,2078.9,3,0,0.0,12.8
20790,2079.0,3,0,0.0,12.79
20791,2079.1,3,0,0.0,12.78
20792,2079.2,3,0,0.0,12.81
20793,2079.3,3,0,0.0,12.81
20794,2079.4,3,0,0.0,12.81
20795,2079.5,3,0,0.0,12.8
20796,2079.6,3,0,0.0,12.83
20797,2079.7,3,0,0.0,12.78
20798,2079.8,3,0,0.0,12.83
20799,2079.9,3,0,0.0,12.78
20800,2080.0,3,0,0.0,12.77
20801,2080.1,3,0,0.0,12.76
20802,2080.2,3,0,0.0,12.82
20803,2080.3,3,0,0.0,12.81
20804,2080.4,3,0,0.0,12.78
20805,2080.5,3,0,0.0,12.78
20806,2080.6,3,0,0.0,12.82
20807,2080.7,3,0,0.0,12.79
20808,2080.8,3,0,0.0,12.8
20809,2080.9,3,0,0.0,12.81
20810,2081.0,3,0,0.0,12.79
20811,2081.1,3,0,0.0,12.81
20812,2081.2,3,0,0.0,12.78
20813,2081.3,3,0,0.0,12.75
20814,2081.4,4,0,0.0,13.11
20815,2081.5,4,0,0.0,13.07
20816,2081.6,4,0,0.0,13.08
20817,2081.7,4,0,0.0,13.07
20818,2081.8,4,0,0.0,13.09
20819,2081.9,4,0,0.0,13.06
20820,2082.0,3,1,0.0,12.83
20821,2082.1,3,0,0.0,12.82
20822,2082.2,3,0,0.0,12.79
20823,2082.3,3,0,0.0,12.8
20824,2082.4,2,1,0.0,12.73
20825,2082.5,2,0,0.0,12.7
20826,2082.6,2,0,0.0,12.74
20827,2082.7,1,1,0.0,13.88
20828,2082.8,1,0,0.0,13.93
20829,2082.9,1,0,0.0,13.95
20830,2083.0,1,0,0.0,13.91
20831,2083.1,1,0,0.0,13.96
20832,2083.2,1,0,0.0,13.88
20833,2083.3,1,0,0.0,13.96
20834,2083.4,1,0,0.0,13.91
20835,2083.5,1,0,0.0,13.98
20836,2083.6,1,0,0.0,13.94
20837,2083.7,1,0,0.0,13.99
20838,2083.8,1,0,0.0,13.94
20839,2083.9,1,0,0.0,13.99
20840,2084.0,2,0,0.0,13.47
20841,2084.1,2,0,0.0,13.39
20842,2084.2,2,0,0.0,13.42
20843,2084.3,2,0,0.0,13.39
20844,2084.4,2,0,0.0,13.48
20845,2084.5,2,0,0.0,13.42
20846,2084.6,2,0,0.0,13.44
20847,2084.7,2,0,0.0,13.43
20848,2084.8,2,0,0.0,13.37
20849,2084.9,2,0,0.0,13.42
20850,2085.0,2,0,0.0,13.44
20851,2085.1,2,0,0.0,13.37
20852,2085.2,2,0,0.0,13.43
20853,2085.3,2,0,0.0,13.46
20854,2085.4,2,0,0.0,13.43
20855,2085.5,2,0,0.0,13.42
20856,2085.6,2,0,0.0,13.45
20857,2085.7,2,0,0.0,13.41
20858,2085.8,2,0,0.0,13.44
20859,2085.9,2,0,0.0,13.38
20860,2086.0,2,0,0.0,13.42
20861,2086.1,2,0,0.0,13.44
20862,2086.2,2,0,0.0,13.41
20863,2086.3,2,0,0.0,13.46
20864,2086.4,3,0,0.0,13.64
20865,2086.5,3,0,0.0,13.61
20866,2086.6,3,0,0.0,13.6
20867,2086.7,3,0,0.0,13.62
20868,2086.8,3,0,0.0,13.59
20869,2086.9,3,0,0.0,13.58
20870,2087.0,2,1,0.0,13.45
20871,2087.1,2,0,0.0,13.46
20872,2087.2,3,0,0.0,13.62
20873,2087.3,3,0,0.0,13.57
20874,2087.4,3,0,0.0,13.58
20875,2087.5,2,1,0.0,13.43
20876,2087.6,2,0,0.0,13.4
20877,2087.7,2,0,0.0,13.42
20878,2087.8,2,0,0.0,13.42
20879,2087.9,2,0,0.0,13.41
20880,2088.0,2,0,0.0,13.43
20881,2088.1,2,0,0.0,13.45
20882,2088.2,2,0,0.0,13.4
20883,2088.3,2,0,0.0,13.47
20884,2088.4,2,0,0.0,13.45
20885,2088.5,2,0,0.0,13.41
20886,2088.6,2,0,0.0,13.45
20887,2088.7,2,0,0.0,13.43
20888,2088.8,2,0,0.0,13.42
20889,2088.9,2,0,0.0,13.43
20890,2089.0,2,0,0.0,13.4
20891,2089.1,2,0,0.0,13.41
20892,2089.2,2,0,0.0,13.43
20893,2089.3,2,0,0.0,13.45
20894,2089.4,2,0,0.0,13.42
20895,2089.5,2,0,0.0,13.43
20896,2089.6,2,0,0.0,13.41
20897,2089.7,3,0,0.0,13.64
20898,2089.8,3,0,0.0,13.57
20899,2089.9,3,0,0.0,13.61
20900,2090.0,3,0,0.0,13.59
20901,2090.1,3,0,0.0,13.6
20902,2090.2,3,0,0.0,13.61
20903,2090.3,3,0,0.0,13.6
20904,2090.4,3,0,0.0,13.61
20905,2090.5,3,0,0.0,13.58
20906,2090.6,3,0,0.0,13.6
20907,2090.7,2,1,0.0,13.39
20908,2090.8,2,0,0.0,13.44
20909,2090.9,2,0,0.0,13.37
20910,2091.0,2,0,0.0,13.41
20911,2091.1,2,0,0.0,13.42
20912,2091.2,2,0,0.0,13.43
20913,2091.3,3,0,0.0,13.62
20914,2091.4,3,0,0.0,13.56
20915,2091.5,3,0,0.0,13.59
20916,2091.6,3,0,0.0,13.58
20917,2091.7,3,0,0.0,13.61
20918,2091.8,3,0,0.0,13.58
20919,2091.9,2,1,0.0,13.39
20920,2092.0,2,0,0.0,13.45
20921,2092.1,2,0,0.0,13.45
20922,2092.2,2,0,0.0,13.44
20923,2092.3,2,0,0.0,13.47
20924,2092.4,2,0,0.0,13.4
20925,2092.5,2,0,0.0,13.39
20926,2092.6,2,0,0.0,13.44
20927,2092.7,2,0,0.0,13.45
20928,2092.8,2,0,0.0,13.42
20929,2092.9,2,0,0.0,13.45
20930,2093.0,2,0,0.0,13.39
20931,2093.1,3,0,0.0,12.27
20932,2093.2,3,0,0.0,12.3
20933,2093.3,3,0,0.0,12.28
20934,2093.4,3,0,0.0,12.25
20935,2093.5,3,0,0.0,12.26
20936,2093.6,3,0,0.0,12.28
20937,2093.7,3,0,0.0,12.27
20938,2093.8,3,0,0.0,12.25
20939,2093.9,2,1,0.0,11.98
20940,2094.0,2,0,0.0,11.99
20941,2094.1,2,0,0.0,11.94
20942,2094.2,2,0,0.0,11.93
20943,2094.3,2,0,0.0,11.95
20944,2094.4,2,0,0.0,11.99
20945,2094.5,2,0,0.0,11.94
20946,2094.6,2,0,0.0,11.97
20947,2094.7,2,0,0.0,11.99
20948,2094.8,2,0,0.0,11.98
20949,2094.9,2,0,0.0,11.93
20950,2095.0,2,0,0.0,11.97
20951,2095.1,2,0,0.0,11.92
20952,2095.2,2,0,0.0,11.96
20953,2095.3,3,0,0.0,11.77
20954,2095.4,3,0,0.0,11.76
20955,2095.5,3,0,0.0,11.76
20956,2095.6,3,0,0.0,11.77
20957,2095.7,3,0,0.0,11.75
20958,2095.8,3,0,0.0,11.75
20959,2095.9,4,0,0.0,12.27
20960,2096.0,4,0,0.0,12.22
20961,2096.1,4,0,0.0,12.21
20962,2096.2,4,0,0.0,12.22
20963,2096.3,5,0,0.0,12.12
20964,2096.4,5,0,0.0,12.1
20965,2096.5,5,0,0.0,12.13
20966,2096.6,5,0,0.0,12.12
20967,2096.7,5,0,0.0,12.09
20968,2096.8,5,0,0.0,12.1
20969,2096.9,5,0,0.0,12.09
20970,2097.0,4,1,0.0,12.2
20971,2097.1,4,0,0.0,12.15
20972,2097.2,4,0,0.0,12.14
20973,2097.3,4,0,0.0,12.16
20974,2097.4,4,0,0.0,12.16
20975,2097.5,4,0,0.0,12.14
20976,2097.6,4,0,0.0,12.13
20977,2097.7,4,0,0.0,12.11
20978,2097.8,5,0,0.0,11.69
20979,2097.9,5,0,0.0,11.7
20980,2098.0,4,1,0.0,12.11
20981,2098.1,4,0,0.0,12.13
20982,2098.2,4,0,0.0,12.11
20983,2098.3,4,0,0.0,12.11
20984,2098.4,4,0,0.0,12.12
20985,2098.5,4,0,0.0,12.08
20986,2098.6,4,0,0.0,12.08
20987,2098.7,4,0,0.0,12.07
20988,2098.8,4,0,0.0,12.08
20989,2098.9,3,1,0.0,11.47
20990,2099.0,3,0,0.0,11.45
20991,2099.1,3,0,0.0,11.46
20992,2099.2,3,0,0.0,11.42
20993,2099.3,3,0,0.0,11.45
20994,2099.4,2,1,0.0,10.18
20995,2099.5,2,0,0.0,10.19
20996,2099.6,2,0,0.0,10.19
20997,2099.7,2,0,0.0,10.18
20998,2099.8,2,0,0.0,10.15
20999,2099.9,2,0,0.0,10.17
21000,2100.0,2,0,0.0,10.15
21001,2100.1,3,0,0.0,10.11
21002,2100.2,3,0,0.0,10.09
21003,2100.3,3,0,0.0,10.09
21004,2100.4,3,0,0.0,10.07
21005,2100.5,3,0,0.0,10.06
21006,2100.6,3,0,0.0,10.08
21007,2100.7,3,0,0.0,10.03
21008,2100.8,3,0,0.0,10.06
21009,2100.9,3,0,0.0,10.06
21010,2101.0,4,0,0.0,10.95
21011,2101.1,4,0,0.0,10.93
21012,2101.2,4,0,0.0,10.91
21013,2101.3,5,0,0.0,11.45
21014,2101.4,5,0,0.0,11.45
21015,2101.5,5,0,0.0,11.46
21016,2101.6,5,0,0.0,11.43
21017,2101.7,5,0,0.0,11.43
21018,2101.8,5,0,0.0,11.43
21019,2101.9,4,1,0.0,10.9
21020,2102.0,4,0,0.0,10.87
21021,2102.1,4,0,0.0,10.87
21022,2102.2,4,0,0.0,10.88
21023,2102.3,4,0,0.0,10.9
21024,2102.4,4,0,0.0,10.91
21025,2102.5,4,0,0.0,10.88
21026,2102.6,4,0,0.0,10.89
21027,2102.7,4,0,0.0,10.88
21028,2102.8,4,0,0.0,10.86
21029,2102.9,4,0,0.0,10.88
21030,2103.0,4,0,0.0,10.91
21031,2103.1,4,0,0.0,10.91
21032,2103.2,4,0,0.0,10.88
21033,2103.3,4,0,0.0,10.91
21034,2103.4,4,0,0.0,10.9
21035,2103.5,4,0,0.0,10.86
21036,2103.6,4,0,0.0,10.9
21037,2103.7,4,0,0.0,10.88
21038,2103.8,4,0,0.0,10.85
21039,2103.9,4,0,0.0,10.86
21040,2104.0,4,0,0.0,10.86
21041,2104.1,4,0,0.0,10.86
21042,2104.2,4,0,0.0,10.85
21043,2104.3,4,0,0.0,10.84
21044,2104.4,3,1,0.0,11.14
21045,2104.5,3,0,0.0,11.16
21046,2104.6,4,0,0.0,11.54
21047,2104.7,4,0,0.0,11.54
21048,2104.8,4,0,0.0,11.53
21049,2104.9,4,0,0.0,11.52
21050,2105.0,4,0,0.0,11.5
21051,2105.1,4,0,0.0,11.51
21052,2105.2,4,0,0.0,11.52
21053,2105.3,3,1,0.0,12.08
21054,2105.4,3,0,0.0,12.17
21055,2105.5,3,0,0.0,12.18
21056,2105.6,3,0,0.0,12.27
21057,2105.7,3,0,0.0,12.37
21058,2105.8,3,0,0.0,12.41
21059,2105.9,3,0,0.0,12.47
21060,2106.0,3,0,0.0,12.46
21061,2106.1,3,0,0.0,12.56
21062,2106.2,3,0,0.0,12.61
21063,2106.3,4,0,0.0,12.92
21064,2106.4,4,0,0.0,12.95
21065,2106.5,4,0,0.0,12.97
21066,2106.6,4,0,0.0,13.06
21067,2106.7,5,0,0.0,12.91
21068,2106.8,5,0,0.0,12.9
21069,2106.9,4,1,0.0,12.73
21070,2107.0,4,0,0.0,12.72
21071,2107.1,4,0,0.0,12.75
21072,2107.2,4,0,0.0,12.74
21073,2107.3,3,1,0.0,12.78
21074,2107.4,3,0,0.0,12.78
21075,2107.5,3,0,0.0,12.8
21076,2107.6,3,0,0.0,12.78
21077,2107.7,3,0,0.0,12.77
21078,2107.8,3,0,0.0,12.81
21079,2107.9,3,0,0.0,12.8
21080,2108.0,3,0,0.0,12.81
21081,2108.1,3,0,0.0,12.83
21082,2108.2,3,0,0.0,12.82
21083,2108.3,3,0,0.0,12.82
21084,2108.4,2,1,0.0,12.89
21085,2108.5,2,0,0.0,12.91
21086,2108.6,2,0,0.0,12.85
21087,2108.7,2,0,0.0,12.82
21088,2108.8,2,0,0.0,12.85
21089,2108.9,2,0,0.0,12.91
21090,2109.0,2,0,0.0,12.92
21091,2109.1,2,0,0.0,12.87
21092,2109.2,2,0,0.0,12.9
21093,2109.3,2,0,0.0,12.83
21094,2109.4,2,0,0.0,12.88
21095,2109.5,2,0,0.0,12.9
21096,2109.6,2,0,0.0,12.86
21097,2109.7,2,0,0.0,12.91
21098,2109.8,2,0,0.0,12.9
21099,2109.9,2,0,0.0,12.89
21100,2110.0,2,0,0.0,12.87
21101,2110.1,2,0,0.0,12.92
21102,2110.2,2,0,0.0,12.89
21103,2110.3,2,0,0.0,12.88
21104,2110.4,2,0,0.0,12.92
21105,2110.5,1,1,0.0,12.34
21106,2110.6,1,0,0.0,12.25
21107,2110.7,1,0,0.0,12.28
21108,2110.8,1,0,0.0,12.24
21109,2110.9,1,0,0.0,12.29
21110,2111.0,1,0,0.0,12.33
21111,2111.1,1,0,0.0,12.32
21112,2111.2,2,0,0.0,12.59
21113,2111.3,2,0,0.0,12.59
21114,2111.4,2,0,0.0,12.53
21115,2111.5,2,0,0.0,12.53
21116,2111.6,2,0,0.0,12.56
21117,2111.7,2,0,0.0,12.54
21118,2111.8,1,1,0.0,12.28
21119,2111.9,1,0,0.0,12.32
21120,2112.0,1,0,0.0,12.25
21121,2112.1,1,0,0.0,12.3
21122,2112.2,1,0,0.0,12.3
21123,2112.3,1,0,0.0,12.36
21124,2112.4,2,0,0.0,13.13
21125,2112.5,2,0,0.0,13.12
21126,2112.6,2,0,0.0,13.1
21127,2112.7,2,0,0.0,13.15
21128,2112.8,2,0,0.0,13.07
21129,2112.9,2,0,0.0,13.08
21130,2113.0,2,0,0.0,13.09
21131,2113.1,2,0,0.0,13.12
21132,2113.2,2,0,0.0,13.08
21133,2113.3,3,0,0.0,13.26
21134,2113.4,3,0,0.0,13.25
21135,2113.5,3,0,0.0,13.26
21136,2113.6,3,0,0.0,13.24
21137,2113.7,3,0,0.0,13.22
21138,2113.8,3,0,0.0,13.25
21139,2113.9,3,0,0.0,13.28
21140,2114.0,3,0,0.0,13.24
21141,2114.1,3,0,0.0,13.19
21142,2114.2,3,0,0.0,13.22
21143,2114.3,3,0,0.0,13.21
21144,2114.4,3,0,0.0,13.24
21145,2114.5,3,0,0.0,13.21
21146,2114.6,3,0,0.0,13.25
21147,2114.7,3,0,0.0,13.26
21148,2114.8,3,0,0.0,13.26
21149,2114.9,3,0,0.0,13.23
21150,2115.0,3,0,0.0,13.27
21151,2115.1,3,0,0.0,13.2
21152,2115.2,3,0,0.0,13.21
21153,2115.3,3,0,0.0,13.27
21154,2115.4,3,0,0.0,13.24
21155,2115.5,3,0,0.0,13.26
21156,2115.6,3,0,0.0,13.23
21157,2115.7,3,0,0.0,13.26
21158,2115.8,3,0,0.0,13.23
21159,2115.9,3,0,0.0,13.22
21160,2116.0,3,0,0.0,13.24
21161,2116.1,3,0,0.0,13.24
21162,2116.2,4,0,0.0,12.96
21163,2116.3,4,0,0.0,12.92
21164,2116.4,4,0,0.0,12.91
21165,2116.5,4,0,0.0,12.91
21166,2116.6,4,0,0.0,12.96
21167,2116.7,4,0,0.0,12.94
21168,2116.8,3,1,0.0,13.21
21169,2116.9,2,1,0.0,13.14
21170,2117.0,2,0,0.0,13.14
21171,2117.1,1,1,0.0,13.9
21172,2117.2,1,0,0.0,13.89
21173,2117.3,1,0,0.0,13.88
21174,2117.4,1,0,0.0,13.93
21175,2117.5,1,0,0.0,13.88
21176,2117.6,1,0,0.0,13.89
21177,2117.7,1,0,0.0,13.89
21178,2117.8,1,0,0.0,13.9
21179,2117.9,1,0,0.0,13.98
21180,2118.0,2,0,0.0,13.95
21181,2118.1,2,0,0.0,13.95
21182,2118.2,2,0,0.0,13.91
21183,2118.3,2,0,0.0,13.94
21184,2118.4,2,0,0.0,13.93
21185,2118.5,2,0,0.0,13.96
21186,2118.6,2,0,0.0,13.9
21187,2118.7,2,0,0.0,13.95
21188,2118.8,2,0,0.0,13.97
21189,2118.9,2,0,0.0,13.95
21190,2119.0,2,0,0.0,13.93
21191,2119.1,2,0,0.0,13.91
21192,2119.2,2,0,0.0,13.9
21193,2119.3,2,0,0.0,13.94
21194,2119.4,2,0,0.0,13.95
21195,2119.5,2,0,0.0,13.96
21196,2119.6,2,0,0.0,13.99
21197,2119.7,2,0,0.0,13.92
21198,2119.8,2,0,0.0,13.94
21199,2119.9,2,0,0.0,13.89
21200,2120.0,2,0,0.0,13.95
21201,2120.1,2,0,0.0,13.95
21202,2120.2,2,0,0.0,14.0
21203,2120.3,2,0,0.0,13.99
21204,2120.4,2,0,0.0,13.96
21205,2120.5,2,0,0.0,13.9
21206,2120.6,2,0,0.0,13.93
21207,2120.7,2,0,0.0,13.95
21208,2120.8,2,0,0.0,13.98
21209,2120.9,2,0,0.0,13.9
21210,2121.0,2,0,0.0,13.92
21211,2121.1,2,0,0.0,13.95
21212,2121.2,3,0,0.0,13.98
21213,2121.3,3,0,0.0,13.94
21214,2121.4,3,0,0.0,13.91
21215,2121.5,3,0,0.0,13.93
21216,2121.6,2,1,0.0,13.9
21217,2121.7,2,0,0.0,13.93
21218,2121.8,1,1,0.0,13.97
21219,2121.9,1,0,0.0,14.0
21220,2122.0,2,0,0.0,13.53
21221,2122.1,2,0,0.0,13.54
21222,2122.2,2,0,0.0,13.5
21223,2122.3,2,0,0.0,13.49
21224,2122.4,2,0,0.0,13.47
21225,2122.5,2,0,0.0,13.51
21226,2122.6,2,0,0.0,13.51
21227,2122.7,2,0,0.0,13.54
21228,2122.8,2,0,0.0,13.53
21229,2122.9,2,0,0.0,13.5
21230,2123.0,2,0,0.0,13.5
21231,2123.1,2,0,0.0,13.52
21232,2123.2,2,0,0.0,13.55
21233,2123.3,2,0,0.0,13.54
21234,2123.4,2,0,0.0,13.51
21235,2123.5,2,0,0.0,13.53
21236,2123.6,2,0,0.0,13.54
21237,2123.7,3,0,0.0,13.33
21238,2123.8,3,0,0.0,13.35
21239,2123.9,3,0,0.0,13.33
21240,2124.0,3,0,0.0,13.31
21241,2124.1,3,0,0.0,13.32
21242,2124.2,3,0,0.0,13.33
21243,2124.3,3,0,0.0,13.3
21244,2124.4,3,0,0.0,13.3
21245,2124.5,3,0,0.0,13.31
21246,2124.6,3,0,0.0,13.36
21247,2124.7,3,0,0.0,13.28
21248,2124.8,3,0,0.0,13.33
21249,2124.9,3,0,0.0,13.27
21250,2125.0,3,0,0.0,13.26
21251,2125.1,3,0,0.0,13.33
21252,2125.2,3,0,0.0,13.32
21253,2125.3,3,0,0.0,13.32
21254,2125.4,3,0,0.0,13.34
21255,2125.5,3,0,0.0,13.31
21256,2125.6,3,0,0.0,13.34
21257,2125.7,2,1,0.0,13.45
21258,2125.8,2,0,0.0,13.42
21259,2125.9,2,0,0.0,13.41
21260,2126.0,2,0,0.0,13.45
21261,2126.1,3,0,0.0,12.27
21262,2126.2,3,0,0.0,12.28
21263,2126.3,3,1,0.0,13.33
21264,2126.4,3,0,0.0,13.28
21265,2126.5,3,0,0.0,13.28
21266,2126.6,3,0,0.0,13.31
21267,2126.7,3,0,0.0,13.32
21268,2126.8,3,0,0.0,13.31
21269,2126.9,2,1,0.0,13.42
21270,2127.0,2,0,0.0,13.45
21271,2127.1,2,0,0.0,13.39
21272,2127.2,1,1,0.0,12.88
21273,2127.3,1,0,0.0,12.91
21274,2127.4,1,0,0.0,12.89
21275,2127.5,1,0,0.0,12.87
21276,2127.6,1,0,0.0,12.92
21277,2127.7,1,0,0.0,12.92
21278,2127.8,1,0,0.0,12.94
21279,2127.9,1,0,0.0,12.94
21280,2128.0,1,0,0.0,12.9
21281,2128.1,1,0,0.0,12.85
21282,2128.2,1,0,0.0,12.89
21283,2128.3,1,0,0.0,12.9
21284,2128.4,1,0,0.0,12.96
21285,2128.5,1,0,0.0,12.89
21286,2128.6,1,0,0.0,12.97
21287,2128.7,1,0,0.0,12.88
21288,2128.8,1,0,0.0,12.96
21289,2128.9,1,0,0.0,12.89
21290,2129.0,1,0,0.0,12.97
21291,2129.1,1,0,0.0,12.96
21292,2129.2,1,0,0.0,12.93
21293,2129.3,1,0,0.0,12.85
21294,2129.4,2,0,0.0,13.39
21295,2129.5,2,0,0.0,13.37
21296,2129.6,2,0,0.0,13.31
21297,2129.7,2,0,0.0,13.35
21298,2129.8,2,0,0.0,13.33
21299,2129.9,2,0,0.0,13.32
21300,2130.0,2,0,0.0,13.33
21301,2130.1,2,0,0.0,13.28
21302,2130.2,2,0,0.0,13.35
21303,2130.3,2,0,0.0,13.27
21304,2130.4,2,0,0.0,13.33
21305,2130.5,2,0,0.0,13.34
21306,2130.6,2,0,0.0,13.31
21307,2130.7,3,0,0.0,13.06
21308,2130.8,3,0,0.0,13.1
21309,2130.9,3,0,0.0,13.05
21310,2131.0,3,0,0.0,13.05
21311,2131.1,3,0,0.0,13.11
21312,2131.2,4,0,0.0,13.29
21313,2131.3,4,0,0.0,13.28
21314,2131.4,4,0,0.0,13.26
21315,2131.5,4,0,0.0,13.28
21316,2131.6,4,0,0.0,13.3
21317,2131.7,4,0,0.0,13.29
21318,2131.8,3,1,0.0,13.08
21319,2131.9,3,0,0.0,13.09
21320,2132.0,3,0,0.0,13.08
21321,2132.1,3,0,0.0,13.06
21322,2132.2,3,0,0.0,13.05
21323,2132.3,3,0,0.0,13.07
21324,2132.4,3,0,0.0,13.09
21325,2132.5,3,0,0.0,13.08
21326,2132.6,3,0,0.0,13.08
21327,2132.7,3,0,0.0,13.07
21328,2132.8,3,0,0.0,13.1
21329,2132.9,3,0,0.0,13.08
21330,2133.0,3,0,0.0,13.06
21331,2133.1,3,0,0.0,13.08
21332,2133.2,3,0,0.0,13.06
21333,2133.3,3,0,0.0,13.1
21334,2133.4,3,0,0.0,13.07
21335,2133.5,3,0,0.0,13.03
21336,2133.6,2,1,0.0,13.19
21337,2133.7,2,0,0.0,13.11
21338,2133.8,2,0,0.0,13.1
21339,2133.9,2,0,0.0,13.1
21340,2134.0,2,0,0.0,13.19
21341,2134.1,2,0,0.0,13.15
21342,2134.2,2,0,0.0,13.13
21343,2134.3,2,0,0.0,13.16
21344,2134.4,2,0,0.0,13.17
21345,2134.5,1,1,0.0,13.73
21346,2134.6,1,0,0.0,13.8
21347,2134.7,1,0,0.0,13.69
21348,2134.8,1,0,0.0,13.77
21349,2134.9,1,0,0.0,13.78
21350,2135.0,2,0,0.0,11.88
21351,2135.1,2,0,0.0,11.89
21352,2135.2,2,0,0.0,11.82
21353,2135.3,2,0,0.0,11.86
21354,2135.4,2,0,0.0,11.86
21355,2135.5,2,0,0.0,11.85
21356,2135.6,2,0,0.0,11.86
21357,2135.7,2,0,0.0,11.86
21358,2135.8,3,0,0.0,10.14
21359,2135.9,3,0,0.0,10.14
21360,2136.0,3,0,0.0,10.18
21361,2136.1,4,0,0.0,11.07
21362,2136.2,4,0,0.0,11.1
21363,2136.3,4,0,0.0,11.1
21364,2136.4,4,0,0.0,11.14
21365,2136.5,4,0,0.0,11.19
21366,2136.6,4,0,0.0,11.2
21367,2136.7,3,1,0.0,10.44
21368,2136.8,3,0,0.0,10.43
21369,2136.9,3,0,0.0,10.52
21370,2137.0,3,0,0.0,10.56
21371,2137.1,3,0,0.0,10.58
21372,2137.2,3,0,0.0,10.56
21373,2137.3,3,0,0.0,10.6
21374,2137.4,3,0,0.0,10.63
21375,2137.5,3,0,0.0,10.65
21376,2137.6,3,0,0.0,10.66
21377,2137.7,3,0,0.0,10.66
21378,2137.8,3,0,0.0,10.73
21379,2137.9,3,0,0.0,10.72
21380,2138.0,3,0,0.0,10.74
21381,2138.1,3,0,0.0,10.72
21382,2138.2,3,0,0.0,10.77
21383,2138.3,3,0,0.0,10.79
21384,2138.4,3,0,0.0,10.83
21385,2138.5,3,0,0.0,10.83
21386,2138.6,3,0,0.0,10.85
21387,2138.7,2,1,0.0,9.37
21388,2138.8,2,0,0.0,9.38
21389,2138.9,2,0,0.0,9.43
21390,2139.0,2,0,0.0,9.45
21391,2139.1,2,0,0.0,9.44
21392,2139.2,2,0,0.0,9.49
21393,2139.3,2,0,0.0,9.53
21394,2139.4,3,0,0.0,11.02
21395,2139.5,3,0,0.0,11.03
21396,2139.6,3,0,0.0,11.01
21397,2139.7,3,0,0.0,11.04
21398,2139.8,3,0,0.0,11.05
21399,2139.9,3,0,0.0,11.06
21400,2140.0,3,0,0.0,11.05
21401,2140.1,3,0,0.0,11.02
21402,2140.2,3,0,0.0,11.07
21403,2140.3,3,0,0.0,11.08
21404,2140.4,3,0,0.0,11.09
21405,2140.5,3,0,0.0,11.11
21406,2140.6,3,0,0.0,11.1
21407,2140.7,3,0,0.0,11.1
21408,2140.8,4,0,0.0,11.73
21409,2140.9,4,0,0.0,11.72
21410,2141.0,4,0,0.0,11.73
21411,2141.1,5,0,0.0,11.69
21412,2141.2,5,0,0.0,11.65
21413,2141.3,5,0,0.0,11.7
21414,2141.4,5,0,0.0,11.7
21415,2141.5,5,0,0.0,11.69
21416,2141.6,5,0,0.0,11.69
21417,2141.7,5,0,0.0,11.7
21418,2141.8,4,1,0.0,11.74
21419,2141.9,4,0,0.0,11.75
21420,2142.0,4,0,0.0,11.8
21421,2142.1,4,0,0.0,11.75
21422,2142.2,4,0,0.0,11.78
21423,2142.3,4,0,0.0,11.76
21424,2142.4,4,0,0.0,11.74
21425,2142.5,4,0,0.0,11.78
21426,2142.6,4,0,0.0,11.81
21427,2142.7,4,0,0.0,11.78
21428,2142.8,4,0,0.0,11.79
21429,2142.9,3,1,0.0,11.06
21430,2143.0,3,0,0.0,11.06
21431,2143.1,3,0,0.0,11.09
21432,2143.2,3,0,0.0,11.08
21433,2143.3,3,0,0.0,11.07
21434,2143.4,3,0,0.0,11.11
21435,2143.5,3,0,0.0,11.12
21436,2143.6,3,0,0.0,11.08
21437,2143.7,3,0,0.0,11.13
21438,2143.8,3,0,0.0,11.1
21439,2143.9,3,0,0.0,11.08
21440,2144.0,3,0,0.0,11.04
21441,2144.1,3,0,0.0,11.03
21442,2144.2,3,0,0.0,11.01
21443,2144.3,3,0,0.0,11.01
21444,2144.4,3,0,0.0,10.99
21445,2144.5,3,0,0.0,10.94
21446,2144.6,3,0,0.0,10.9
21447,2144.7,3,0,0.0,10.9
21448,2144.8,3,0,0.0,10.86
21449,2144.9,3,0,0.0,10.81
21450,2145.0,3,0,0.0,10.86
21451,2145.1,3,0,0.0,10.84
21452,2145.2,3,0,0.0,10.77
21453,2145.3,3,0,0.0,10.74
21454,2145.4,3,0,0.0,10.67
21455,2145.5,3,0,0.0,10.66
21456,2145.6,3,0,0.0,10.64
21457,2145.7,3,0,0.0,10.66
21458,2145.8,3,0,0.0,10.65
21459,2145.9,3,0,0.0,10.63
21460,2146.0,3,0,0.0,10.63
21461,2146.1,4,0,0.0,11.44
21462,2146.2,4,0,0.0,11.4
21463,2146.3,4,0,0.0,11.4
21464,2146.4,5,0,0.0,11.77
21465,2146.5,5,0,0.0,11.76
21466,2146.6,5,0,0.0,11.75
21467,2146.7,4,1,0.0,11.22
21468,2146.8,4,0,0.0,11.2
21469,2146.9,4,0,0.0,11.17
21470,2147.0,4,0,0.0,11.2
21471,2147.1,4,0,0.0,11.17
21472,2147.2,3,1,0.0,11.5
21473,2147.3,3,0,0.0,11.58
21474,2147.4,3,0,0.0,11.69
21475,2147.5,3,0,0.0,11.81
21476,2147.6,3,0,0.0,11.92
21477,2147.7,3,0,0.0,11.95
21478,2147.8,3,0,0.0,12.02
21479,2147.9,3,0,0.0,12.14
21480,2148.0,3,0,0.0,12.3
21481,2148.1,4,0,0.0,12.78
21482,2148.2,4,0,0.0,12.89
21483,2148.3,4,0,0.0,12.94
21484,2148.4,4,0,0.0,13.06
21485,2148.5,4,0,0.0,13.1
21486,2148.6,4,0,0.0,13.19
21487,2148.7,4,0,0.0,13.24
21488,2148.8,4,0,0.0,13.3
21489,2148.9,4,0,0.0,13.41
21490,2149.0,4,0,0.0,13.51
21491,2149.1,3,1,0.0,13.59
21492,2149.2,3,0,0.0,13.54
21493,2149.3,3,0,0.0,13.55
21494,2149.4,3,0,0.0,13.58
21495,2149.5,3,0,0.0,13.57
21496,2149.6,3,0,0.0,13.6
21497,2149.7,3,0,0.0,13.6
21498,2149.8,3,0,0.0,13.58
21499,2149.9,3,0,0.0,13.57
21500,2150.0,3,0,0.0,13.56
21501,2150.1,3,0,0.0,13.62
21502,2150.2,3,0,0.0,13.6
21503,2150.3,3,0,0.0,13.61
21504,2150.4,3,0,0.0,13.62
21505,2150.5,3,0,0.0,13.59
21506,2150.6,3,0,0.0,13.64
21507,2150.7,2,1,0.0,13.62
21508,2150.8,2,0,0.0,13.55
21509,2150.9,2,0,0.0,13.61
21510,2151.0,2,0,0.0,13.61
21511,2151.1,3,0,0.0,13.76
21512,2151.2,3,0,0.0,13.68
21513,2151.3,3,0,0.0,13.68
21514,2151.4,3,0,0.0,13.72
21515,2151.5,3,0,0.0,13.71
21516,2151.6,2,1,0.0,13.61
21517,2151.7,1,1,0.0,13.3
21518,2151.8,1,0,0.0,13.27
21519,2151.9,1,0,0.0,13.27
21520,2152.0,1,0,0.0,13.26
21521,2152.1,2,0,0.0,13.66
21522,2152.2,2,0,0.0,13.62
21523,2152.3,2,0,0.0,13.56
21524,2152.4,2,0,0.0,13.57
21525,2152.5,2,0,0.0,13.6
21526,2152.6,2,0,0.0,13.62
21527,2152.7,2,0,0.0,13.65
21528,2152.8,2,0,0.0,13.63
21529,2152.9,2,0,0.0,13.62
21530,2153.0,2,0,0.0,13.59
21531,2153.1,2,0,0.0,13.6
21532,2153.2,2,0,0.0,13.64
21533,2153.3,2,0,0.0,13.65
21534,2153.4,2,0,0.0,13.6
21535,2153.5,2,0,0.0,13.58
21536,2153.6,2,0,0.0,13.55
21537,2153.7,2,0,0.0,13.56
21538,2153.8,2,0,0.0,13.62
21539,2153.9,2,0,0.0,13.56
21540,2154.0,2,0,0.0,13.62
21541,2154.1,2,0,0.0,13.54
21542,2154.2,2,0,0.0,13.59
21543,2154.3,2,0,0.0,13.58
21544,2154.4,3,0,0.0,12.4
21545,2154.5,3,0,0.0,12.38
21546,2154.6,2,1,0.0,13.6
21547,2154.7,2,0,0.0,13.57
21548,2154.8,2,0,0.0,13.54
21549,2154.9,2,0,0.0,13.61
21550,2155.0,2,0,0.0,13.64
21551,2155.1,2,0,0.0,13.62
21552,2155.2,2,0,0.0,13.59
21553,2155.3,2,0,0.0,13.64
21554,2155.4,2,0,0.0,13.58
21555,2155.5,2,0,0.0,13.64
21556,2155.6,2,0,0.0,13.57
21557,2155.7,2,0,0.0,13.56
21558,2155.8,2,0,0.0,13.59
21559,2155.9,2,0,0.0,13.62
21560,2156.0,1,1,0.0,13.91
21561,2156.1,2,0,0.0,13.98
21562,2156.2,2,0,0.0,13.9
21563,2156.3,2,0,0.0,13.94
21564,2156.4,2,0,0.0,13.94
21565,2156.5,2,0,0.0,13.95
21566,2156.6,2,0,0.0,13.94
21567,2156.7,1,1,0.0,13.99
21568,2156.8,2,0,0.0,13.94
21569,2156.9,2,0,0.0,13.91
21570,2157.0,2,0,0.0,13.91
21571,2157.1,2,0,0.0,13.91
21572,2157.2,2,0,0.0,13.91
21573,2157.3,2,0,0.0,13.95
21574,2157.4,2,0,0.0,13.95
21575,2157.5,2,0,0.0,13.92
21576,2157.6,2,0,0.0,13.94
21577,2157.7,2,0,0.0,13.94
21578,2157.8,3,0,0.0,13.34
21579,2157.9,3,0,0.0,13.34
21580,2158.0,3,0,0.0,13.32
21581,2158.1,3,0,0.0,13.33
21582,2158.2,3,0,0.0,13.33
21583,2158.3,3,0,0.0,13.32
21584,2158.4,3,0,0.0,13.36
21585,2158.5,3,0,0.0,13.28
21586,2158.6,3,0,0.0,13.33
21587,2158.7,3,0,0.0,13.32
21588,2158.8,3,0,0.0,13.35
21589,2158.9,3,0,0.0,13.32
21590,2159.0,3,0,0.0,13.33
21591,2159.1,3,0,0.0,13.33
21592,2159.2,3,0,0.0,13.33
21593,2159.3,3,0,0.0,13.36
21594,2159.4,3,0,0.0,13.32
21595,2159.5,3,0,0.0,13.32
21596,2159.6,3,0,0.0,13.32
21597,2159.7,3,0,0.0,13.37
21598,2159.8,3,0,0.0,13.33
21599,2159.9,3,0,0.0,13.35
21600,2160.0,3,0,0.0,13.33
21601,2160.1,3,0,0.0,13.32
21602,2160.2,3,0,0.0,13.33
21603,2160.3,2,1,0.0,13.0
21604,2160.4,2,0,0.0,13.02
21605,2160.5,2,0,0.0,13.04
21606,2160.6,2,0,0.0,13.05
21607,2160.7,2,0,0.0,13.07
21608,2160.8,2,0,0.0,13.05
21609,2160.9,2,0,0.0,12.98
21610,2161.0,3,0,0.0,13.36
21611,2161.1,3,0,0.0,13.34
21612,2161.2,3,0,0.0,13.35
21613,2161.3,2,1,0.0,13.02
21614,2161.4,2,0,0.0,13.01
21615,2161.5,2,0,0.0,13.03
21616,2161.6,1,1,0.0,12.16
21617,2161.7,1,0,0.0,12.1
21618,2161.8,1,0,0.0,12.09
21619,2161.9,1,0,0.0,12.12
21620,2162.0,1,0,0.0,12.17
21621,2162.1,1,0,0.0,12.18
21622,2162.2,1,0,0.0,12.16
21623,2162.3,1,0,0.0,12.14
21624,2162.4,1,0,0.0,12.07
21625,2162.5,1,0,0.0,12.09
21626,2162.6,1,0,0.0,12.1
21627,2162.7,1,0,0.0,12.13
21628,2162.8,1,0,0.0,12.18
21629,2162.9,1,0,0.0,12.13
21630,2163.0,1,0,0.0,12.18
21631,2163.1,1,0,0.0,12.07
21632,2163.2,1,0,0.0,12.17
21633,2163.3,1,0,0.0,12.11
21634,2163.4,1,0,0.0,12.16
21635,2163.5,2,0,0.0,12.25
21636,2163.6,2,0,0.0,12.21
21637,2163.7,2,0,0.0,12.2
21638,2163.8,2,0,0.0,12.2
21639,2163.9,2,0,0.0,12.2
21640,2164.0,2,0,0.0,12.19
21641,2164.1,2,0,0.0,12.19
21642,2164.2,2,0,0.0,12.2
21643,2164.3,2,0,0.0,12.25
21644,2164.4,2,0,0.0,12.21
21645,2164.5,2,0,0.0,12.17
21646,2164.6,2,0,0.0,12.24
21647,2164.7,2,0,0.0,12.21
21648,2164.8,2,0,0.0,12.21
21649,2164.9,2,0,0.0,12.2
21650,2165.0,2,0,0.0,12.23
21651,2165.1,2,0,0.0,12.21
21652,2165.2,2,0,0.0,12.24
21653,2165.3,2,0,0.0,12.24
21654,2165.4,2,0,0.0,12.22
21655,2165.5,3,0,0.0,12.42
21656,2165.6,3,0,0.0,12.39
21657,2165.7,3,0,0.0,12.39
21658,2165.8,3,0,0.0,12.4
21659,2165.9,3,0,0.0,12.36
21660,2166.0,4,0,0.0,12.81
21661,2166.1,4,0,0.0,12.8
21662,2166.2,4,0,0.0,12.81
21663,2166.3,4,0,0.0,12.77
21664,2166.4,4,0,0.0,12.8
21665,2166.5,4,0,0.0,12.76
21666,2166.6,3,1,0.0,12.41
21667,2166.7,3,0,0.0,12.42
21668,2166.8,3,0,0.0,12.39
21669,2166.9,3,0,0.0,12.36
21670,2167.0,3,0,0.0,12.39
21671,2167.1,3,0,0.0,12.36
21672,2167.2,3,0,0.0,12.43
21673,2167.3,3,0,0.0,12.37
21674,2167.4,3,0,0.0,12.42
21675,2167.5,3,0,0.0,12.41
21676,2167.6,3,0,0.0,12.41
21677,2167.7,3,0,0.0,12.41
21678,2167.8,3,0,0.0,12.44
21679,2167.9,3,0,0.0,12.38
21680,2168.0,3,0,0.0,12.36
21681,2168.1,3,0,0.0,12.4
21682,2168.2,3,0,0.0,12.42
21683,2168.3,2,1,0.0,12.51
21684,2168.4,2,0,0.0,12.49
21685,2168.5,2,0,0.0,12.53
21686,2168.6,2,0,0.0,12.57
21687,2168.7,2,0,0.0,12.54
21688,2168.8,2,0,0.0,12.55
21689,2168.9,2,0,0.0,12.53
21690,2169.0,2,0,0.0,12.54
21691,2169.1,3,0,0.0,13.0
21692,2169.2,3,0,0.0,13.01
21693,2169.3,2,1,0.0,13.1
21694,2169.4,2,0,0.0,13.13
21695,2169.5,2,0,0.0,13.11
21696,2169.6,2,0,0.0,13.11
21697,2169.7,2,0,0.0,13.14
21698,2169.8,2,0,0.0,13.11
21699,2169.9,2,0,0.0,13.08
21700,2170.0,2,0,0.0,13.12
21701,2170.1,2,0,0.0,13.09
21702,2170.2,2,0,0.0,13.09
21703,2170.3,2,0,0.0,13.07
21704,2170.4,2,0,0.0,13.13
21705,2170.5,2,0,0.0,13.09
21706,2170.6,2,0,0.0,13.14
21707,2170.7,2,0,0.0,13.1
21708,2170.8,2,0,0.0,13.14
21709,2170.9,2,0,0.0,13.13
21710,2171.0,3,0,0.0,12.88
21711,2171.1,3,0,0.0,12.86
21712,2171.2,3,0,0.0,12.83
21713,2171.3,3,0,0.0,12.86
21714,2171.4,3,0,0.0,12.86
21715,2171.5,3,0,0.0,12.87
21716,2171.6,2,1,0.0,13.1
21717,2171.7,2,0,0.0,13.09
21718,2171.8,2,0,0.0,13.11
21719,2171.9,2,0,0.0,13.1
21720,2172.0,2,0,0.0,13.14
21721,2172.1,2,0,0.0,13.13
21722,2172.2,2,0,0.0,13.1
21723,2172.3,2,0,0.0,13.11
21724,2172.4,2,0,0.0,13.1
21725,2172.5,2,0,0.0,13.12
21726,2172.6,2,0,0.0,13.13
21727,2172.7,2,0,0.0,13.1
21728,2172.8,2,0,0.0,13.12
21729,2172.9,2,0,0.0,13.14
21730,2173.0,2,0,0.0,13.13
21731,2173.1,2,0,0.0,13.14
21732,2173.2,2,0,0.0,13.11
21733,2173.3,2,0,0.0,13.14
21734,2173.4,2,0,0.0,13.09
21735,2173.5,2,0,0.0,13.16
21736,2173.6,2,0,0.0,13.13
21737,2173.7,2,0,0.0,13.14
21738,2173.8,2,0,0.0,13.14
21739,2173.9,1,1,0.0,13.97
21740,2174.0,1,0,0.0,13.9
21741,2174.1,2,0,0.0,13.68
21742,2174.2,2,0,0.0,13.63
21743,2174.3,2,0,0.0,13.69
21744,2174.4,2,0,0.0,13.67
21745,2174.5,2,0,0.0,13.71
21746,2174.6,2,0,0.0,13.68
21747,2174.7,2,0,0.0,13.68
21748,2174.8,3,0,0.0,13.8
21749,2174.9,3,0,0.0,13.77
21750,2175.0,3,0,0.0,13.74
21751,2175.1,3,0,0.0,13.77
21752,2175.2,3,0,0.0,13.77
21753,2175.3,3,0,0.0,13.78
21754,2175.4,3,0,0.0,13.75
21755,2175.5,3,0,0.0,13.73
21756,2175.6,3,0,0.0,13.77
21757,2175.7,3,0,0.0,13.8
21758,2175.8,3,0,0.0,13.76
21759,2175.9,3,0,0.0,13.8
21760,2176.0,4,0,0.0,13.58
21761,2176.1,4,0,0.0,13.56
21762,2176.2,4,0,0.0,13.57
21763,2176.3,4,0,0.0,13.56
21764,2176.4,4,0,0.0,13.55
21765,2176.5,4,0,0.0,13.58
21766,2176.6,3,1,0.0,13.74
21767,2176.7,3,0,0.0,13.76
21768,2176.8,3,0,0.0,13.78
21769,2176.9,4,0,0.0,12.84
21770,2177.0,4,0,0.0,12.82
21771,2177.1,4,0,0.0,12.79
21772,2177.2,4,0,0.0,12.81
21773,2177.3,4,0,0.0,12.78
21774,2177.4,4,0,0.0,12.84
21775,2177.5,4,0,0.0,12.81
21776,2177.6,4,0,0.0,12.83
21777,2177.7,3,1,0.0,12.59
21778,2177.8,3,0,0.0,12.61
21779,2177.9,3,0,0.0,12.61
21780,2178.0,3,0,0.0,12.63
21781,2178.1,3,0,0.0,12.64
21782,2178.2,3,0,0.0,12.6
21783,2178.3,2,1,0.0,11.96
21784,2178.4,2,0,0.0,11.95
21785,2178.5,2,0,0.0,11.93
21786,2178.6,2,0,0.0,11.98
21787,2178.7,2,0,0.0,12.0
21788,2178.8,2,0,0.0,11.96
21789,2178.9,2,0,0.0,11.94
21790,2179.0,2,0,0.0,11.97
21791,2179.1,2,0,0.0,11.92
21792,2179.2,2,0,0.0,11.93
21793,2179.3,2,0,0.0,11.97
21794,2179.4,2,0,0.0,11.98
21795,2179.5,2,0,0.0,11.96
21796,2179.6,2,0,0.0,11.95
21797,2179.7,2,0,0.0,11.96
21798,2179.8,2,0,0.0,11.99
21799,2179.9,2,0,0.0,11.95
21800,2180.0,2,0,0.0,11.95
21801,2180.1,2,0,0.0,11.97
21802,2180.2,2,0,0.0,11.98
21803,2180.3,2,0,0.0,11.95
21804,2180.4,2,0,0.0,11.98
21805,2180.5,3,0,0.0,12.39
21806,2180.6,3,0,0.0,12.38
21807,2180.7,3,0,0.0,12.34
21808,2180.8,3,0,0.0,12.35
21809,2180.9,3,0,0.0,12.35
21810,2181.0,4,0,0.0,12.18
21811,2181.1,4,0,0.0,12.14
21812,2181.2,4,0,0.0,12.17
21813,2181.3,4,0,0.0,12.2
21814,2181.4,4,0,0.0,12.2
21815,2181.5,4,0,0.0,12.17
21816,2181.6,4,0,0.0,12.17
21817,2181.7,3,1,0.0,12.36
21818,2181.8,3,0,0.0,12.39
21819,2181.9,3,0,0.0,12.34
21820,2182.0,3,0,0.0,12.38
21821,2182.1,3,0,0.0,12.36
21822,2182.2,3,0,0.0,12.37
21823,2182.3,3,0,0.0,12.37
21824,2182.4,3,0,0.0,12.37
21825,2182.5,3,0,0.0,12.37
21826,2182.6,3,0,0.0,12.36
21827,2182.7,3,0,0.0,12.35
21828,2182.8,5,0,0.0,12.03
21829,2182.9,5,0,0.0,11.99
21830,2183.0,4,1,0.0,12.5
21831,2183.1,4,0,0.0,12.46
21832,2183.2,4,0,0.0,12.44
21833,2183.3,4,0,0.0,12.45
21834,2183.4,4,0,0.0,12.4
21835,2183.5,4,0,0.0,12.37
21836,2183.6,4,0,0.0,12.35
21837,2183.7,4,0,0.0,12.33
21838,2183.8,4,0,0.0,12.34
21839,2183.9,4,0,0.0,12.3
21840,2184.0,3,1,0.0,11.78
21841,2184.1,3,0,0.0,11.77
21842,2184.2,3,0,0.0,11.72
21843,2184.3,3,0,0.0,11.71
21844,2184.4,3,0,0.0,11.71
21845,2184.5,3,0,0.0,11.7
21846,2184.6,3,0,0.0,11.65
21847,2184.7,3,0,0.0,11.61
21848,2184.8,3,0,0.0,11.62
21849,2184.9,3,0,0.0,11.59
21850,2185.0,3,0,0.0,11.58
21851,2185.1,3,0,0.0,11.56
21852,2185.2,3,0,0.0,11.54
21853,2185.3,3,0,0.0,11.51
21854,2185.4,3,0,0.0,11.53
21855,2185.5,3,0,0.0,11.48
21856,2185.6,3,0,0.0,11.5
21857,2185.7,3,0,0.0,11.44
21858,2185.8,3,0,0.0,11.46
21859,2185.9,4,0,0.0,12.06
21860,2186.0,4,0,0.0,12.04
21861,2186.1,4,0,0.0,12.06
21862,2186.2,5,0,0.0,12.22
21863,2186.3,5,0,0.0,12.2
21864,2186.4,5,0,0.0,12.2
21865,2186.5,3,2,0.0,11.34
21866,2186.6,3,0,0.0,11.32
21867,2186.7,3,0,0.0,11.31
21868,2186.8,3,0,0.0,11.27
21869,2186.9,3,0,0.0,11.28
21870,2187.0,3,0,0.0,11.28
21871,2187.1,3,0,0.0,11.28
21872,2187.2,3,0,0.0,11.3
21873,2187.3,3,0,0.0,11.25
21874,2187.4,3,0,0.0,11.24
21875,2187.5,3,0,0.0,11.2
21876,2187.6,3,0,0.0,11.18
21877,2187.7,3,0,0.0,11.23
21878,2187.8,3,0,0.0,11.22
21879,2187.9,3,0,0.0,11.22
21880,2188.0,3,0,0.0,11.2
21881,2188.1,3,0,0.0,11.18
21882,2188.2,3,0,0.0,11.18
21883,2188.3,3,0,0.0,11.18
21884,2188.4,3,0,0.0,11.15
21885,2188.5,3,0,0.0,11.18
21886,2188.6,3,0,0.0,11.18
21887,2188.7,3,0,0.0,11.15
21888,2188.8,3,0,0.0,11.15
21889,2188.9,3,0,0.0,11.16
21890,2189.0,3,0,0.0,11.15
21891,2189.1,2,1,0.0,11.72
21892,2189.2,2,0,0.0,11.84
21893,2189.3,2,0,0.0,11.95
21894,2189.4,2,0,0.0,11.96
21895,2189.5,2,0,0.0,12.1
21896,2189.6,2,0,0.0,12.2
21897,2189.7,2,0,0.0,12.32
21898,2189.8,2,0,0.0,12.45
21899,2189.9,2,0,0.0,12.57
21900,2190.0,2,0,0.0,12.65
21901,2190.1,2,0,0.0,12.72
21902,2190.2,2,0,0.0,12.84
21903,2190.3,2,0,0.0,12.96
21904,2190.4,2,0,0.0,13.07
21905,2190.5,2,0,0.0,13.01
21906,2190.6,2,0,0.0,13.05
21907,2190.7,2,0,0.0,13.05
21908,2190.8,2,0,0.0,13.05
21909,2190.9,3,0,0.0,13.3
21910,2191.0,3,0,0.0,13.31
21911,2191.1,2,1,0.0,13.33
21912,2191.2,2,0,0.0,13.37
21913,2191.3,2,0,0.0,13.37
21914,2191.4,2,0,0.0,13.33
21915,2191.5,2,1,0.0,13.44
21916,2191.6,2,0,0.0,13.38
21917,2191.7,2,0,0.0,13.43
21918,2191.8,2,0,0.0,13.4
21919,2191.9,3,0,0.0,13.61
21920,2192.0,3,0,0.0,13.64
21921,2192.1,3,0,0.0,13.6
21922,2192.2,3,0,0.0,13.56
21923,2192.3,3,0,0.0,13.61
21924,2192.4,3,0,0.0,13.58
21925,2192.5,3,0,0.0,13.62
21926,2192.6,3,0,0.0,13.56
21927,2192.7,3,0,0.0,13.56
21928,2192.8,3,0,0.0,13.54
21929,2192.9,3,0,0.0,13.58
21930,2193.0,3,0,0.0,13.61
21931,2193.1,3,0,0.0,13.61
21932,2193.2,3,0,0.0,13.59
21933,2193.3,3,0,0.0,13.63
21934,2193.4,3,0,0.0,13.61
21935,2193.5,3,0,0.0,13.63
21936,2193.6,3,0,0.0,13.57
21937,2193.7,3,0,0.0,13.57
21938,2193.8,3,0,0.0,13.6
21939,2193.9,3,0,0.0,13.62
21940,2194.0,3,0,0.0,13.6
21941,2194.1,3,0,0.0,13.58
21942,2194.2,3,0,0.0,13.58
21943,2194.3,3,0,0.0,13.6
21944,2194.4,3,0,0.0,13.54
21945,2194.5,3,0,0.0,13.61
21946,2194.6,3,0,0.0,13.57
21947,2194.7,3,0,0.0,13.6
21948,2194.8,3,0,0.0,13.61
21949,2194.9,3,0,0.0,13.58
21950,2195.0,2,1,0.0,13.38
21951,2195.1,2,0,0.0,13.39
21952,2195.2,2,0,0.0,13.4
21953,2195.3,2,0,0.0,13.4
21954,2195.4,2,0,0.0,13.43
21955,2195.5,2,0,0.0,13.43
21956,2195.6,2,0,0.0,13.41
21957,2195.7,2,0,0.0,13.37
21958,2195.8,2,0,0.0,13.4
21959,2195.9,3,0,0.0,13.47
21960,2196.0,3,0,0.0,13.43
21961,2196.1,2,1,0.0,13.71
21962,2196.2,2,0,0.0,13.69
21963,2196.3,2,0,0.0,13.71
21964,2196.4,2,0,0.0,13.71
21965,2196.5,1,1,0.0,13.87
21966,2196.6,1,0,0.0,13.97
21967,2196.7,1,0,0.0,13.93
21968,2196.8,1,0,0.0,13.94
21969,2196.9,1,0,0.0,13.99
21970,2197.0,1,0,0.0,13.87
21971,2197.1,1,0,0.0,13.91
21972,2197.2,1,0,0.0,13.98
21973,2197.3,1,0,0.0,13.9
21974,2197.4,1,0,0.0,13.98
21975,2197.5,2,0,0.0,13.96
21976,2197.6,2,0,0.0,13.93
21977,2197.7,2,0,0.0,13.93
21978,2197.8,2,0,0.0,13.91
21979,2197.9,2,0,0.0,13.98
21980,2198.0,2,0,0.0,13.93
21981,2198.1,2,0,0.0,13.96
21982,2198.2,2,0,0.0,13.89
21983,2198.3,2,0,0.0,13.9
21984,2198.4,2,0,0.0,13.92
21985,2198.5,2,0,0.0,13.97
21986,2198.6,2,0,0.0,13.92
21987,2198.7,2,0,0.0,13.91
21988,2198.8,2,0,0.0,13.97
21989,2198.9,2,0,0.0,13.96
21990,2199.0,2,0,0.0,13.97
21991,2199.1,2,0,0.0,13.92
21992,2199.2,2,0,0.0,13.98
21993,2199.3,2,0,0.0,13.9
21994,2199.4,2,0,0.0,13.93
21995,2199.5,2,0,0.0,13.98
21996,2199.6,2,0,0.0,13.94
21997,2199.7,2,0,0.0,13.97
21998,2199.8,2,0,0.0,13.92
21999,2199.9,2,0,0.0,13.91
22000,2200.0,2,0,0.0,13.93
22001,2200.1,3,0,0.0,12.62
22002,2200.2,3,0,0.0,12.62
22003,2200.3,3,0,0.0,12.61
22004,2200.4,3,0,0.0,12.64
22005,2200.5,3,0,0.0,12.58
22006,2200.6,3,0,0.0,12.6
22007,2200.7,3,0,0.0,12.63
22008,2200.8,3,0,0.0,12.6
22009,2200.9,5,0,0.0,11.62
22010,2201.0,5,0,0.0,11.59
22011,2201.1,4,1,0.0,11.02
22012,2201.2,4,0,0.0,11.08
22013,2201.3,4,0,0.0,11.11
22014,2201.4,4,0,0.0,11.14
22015,2201.5,3,1,0.0,10.41
22016,2201.6,3,0,0.0,10.45
22017,2201.7,3,0,0.0,10.49
22018,2201.8,3,0,0.0,10.49
22019,2201.9,3,0,0.0,10.51
22020,2202.0,3,0,0.0,10.6
22021,2202.1,3,0,0.0,10.6
22022,2202.2,3,0,0.0,10.63
22023,2202.3,3,0,0.0,10.62
22024,2202.4,3,0,0.0,10.67
22025,2202.5,3,0,0.0,10.72
22026,2202.6,3,0,0.0,10.7
22027,2202.7,3,0,0.0,10.68
22028,2202.8,3,0,0.0,10.74
22029,2202.9,3,0,0.0,10.79
22030,2203.0,3,0,0.0,10.79
22031,2203.1,3,0,0.0,10.83
22032,2203.2,4,0,0.0,10.93
22033,2203.3,4,0,0.0,10.93
22034,2203.4,4,0,0.0,10.92
22035,2203.5,4,0,0.0,10.96
22036,2203.6,4,0,0.0,10.99
22037,2203.7,4,0,0.0,10.98
22038,2203.8,4,0,0.0,10.98
22039,2203.9,4,0,0.0,10.99
22040,2204.0,4,0,0.0,11.01
22041,2204.1,4,0,0.0,11.03
22042,2204.2,4,0,0.0,11.04
22043,2204.3,4,0,0.0,11.03
22044,2204.4,3,1,0.0,11.39
22045,2204.5,3,0,0.0,11.45
22046,2204.6,3,0,0.0,11.51
22047,2204.7,3,0,0.0,11.62
22048,2204.8,3,0,0.0,11.64
22049,2204.9,3,0,0.0,11.71
22050,2205.0,3,0,0.0,11.76
22051,2205.1,3,0,0.0,11.84
22052,2205.2,3,0,0.0,11.94
22053,2205.3,3,0,0.0,12.01
22054,2205.4,3,0,0.0,12.11
22055,2205.5,3,0,0.0,12.18
22056,2205.6,3,0,0.0,12.21
22057,2205.7,3,0,0.0,12.19
22058,2205.8,4,0,0.0,12.62
22059,2205.9,4,0,0.0,12.66
22060,2206.0,4,0,0.0,12.64
22061,2206.1,4,0,0.0,12.64
22062,2206.2,3,1,0.0,13.01
22063,2206.3,3,0,0.0,13.05
22064,2206.4,2,1,0.0,12.62
22065,2206.5,2,0,0.0,12.63
22066,2206.6,2,0,0.0,12.6
22067,2206.7,1,1,0.0,11.26
22068,2206.8,1,0,0.0,11.31
22069,2206.9,1,0,0.0,11.3
22070,2207.0,1,0,0.0,11.19
22071,2207.1,1,0,0.0,11.27
22072,2207.2,1,0,0.0,11.29
22073,2207.3,1,0,0.0,11.24
22074,2207.4,1,0,0.0,11.26
22075,2207.5,1,0,0.0,11.24
22076,2207.6,1,0,0.0,11.3
22077,2207.7,1,0,0.0,11.19
22078,2207.8,1,0,0.0,11.29
22079,2207.9,1,0,0.0,11.28
22080,2208.0,1,0,0.0,11.25
22081,2208.1,1,0,0.0,11.28
22082,2208.2,1,0,0.0,11.25
22083,2208.3,1,0,0.0,11.2
22084,2208.4,1,0,0.0,11.28
22085,2208.5,1,0,0.0,11.25
22086,2208.6,1,0,0.0,11.19
22087,2208.7,1,0,0.0,11.28
22088,2208.8,1,0,0.0,11.2
22089,2208.9,3,0,0.0,12.09
22090,2209.0,3,0,0.0,12.05
22091,2209.1,3,0,0.0,12.06
22092,2209.2,3,0,0.0,12.03
22093,2209.3,3,0,0.0,12.07
22094,2209.4,3,0,0.0,12.02
22095,2209.5,3,0,0.0,12.06
22096,2209.6,3,0,0.0,12.03
22097,2209.7,3,0,0.0,12.07
22098,2209.8,3,0,0.0,12.07
22099,2209.9,3,0,0.0,12.04
22100,2210.0,3,0,0.0,12.02
22101,2210.1,3,0,0.0,12.05
22102,2210.2,3,0,0.0,12.02
22103,2210.3,3,0,0.0,12.0
22104,2210.4,3,0,0.0,12.04
22105,2210.5,3,0,0.0,12.08
22106,2210.6,3,0,0.0,12.04
22107,2210.7,3,0,0.0,12.02
22108,2210.8,4,0,0.0,12.22
22109,2210.9,4,0,0.0,12.22
22110,2211.0,4,0,0.0,12.2
22111,2211.1,4,0,0.0,12.23
22112,2211.2,4,0,0.0,12.2
22113,2211.3,4,0,0.0,12.21
22114,2211.4,4,1,0.0,11.5
22115,2211.5,4,0,0.0,11.55
22116,2211.6,3,1,0.0,12.05
22117,2211.7,3,0,0.0,12.03
22118,2211.8,3,0,0.0,12.04
22119,2211.9,3,0,0.0,12.05
22120,2212.0,3,0,0.0,12.04
22121,2212.1,3,0,0.0,12.03
22122,2212.2,3,0,0.0,12.03
22123,2212.3,3,0,0.0,12.0
22124,2212.4,3,0,0.0,12.05
22125,2212.5,3,0,0.0,12.01
22126,2212.6,3,0,0.0,12.04
22127,2212.7,3,0,0.0,12.03
22128,2212.8,3,0,0.0,12.05
22129,2212.9,3,0,0.0,12.05
22130,2213.0,3,0,0.0,12.04
22131,2213.1,3,0,0.0,12.09
22132,2213.2,3,0,0.0,12.05
22133,2213.3,2,1,0.0,12.6
22134,2213.4,2,0,0.0,12.58
22135,2213.5,2,0,0.0,12.55
22136,2213.6,2,0,0.0,12.61
22137,2213.7,2,0,0.0,12.59
22138,2213.8,2,0,0.0,12.62
22139,2213.9,2,0,0.0,12.61
22140,2214.0,2,0,0.0,12.55
22141,2214.1,2,0,0.0,12.62
22142,2214.2,2,0,0.0,12.61
22143,2214.3,2,0,0.0,12.57
22144,2214.4,2,0,0.0,12.65
22145,2214.5,1,1,0.0,13.88
22146,2214.6,2,0,0.0,13.98
22147,2214.7,2,0,0.0,13.96
22148,2214.8,2,0,0.0,13.91
22149,2214.9,2,0,0.0,13.94
22150,2215.0,2,0,0.0,13.98
22151,2215.1,2,0,0.0,13.93
22152,2215.2,2,0,0.0,13.93
22153,2215.3,2,0,0.0,13.97
22154,2215.4,2,0,0.0,13.93
22155,2215.5,2,0,0.0,13.94
22156,2215.6,2,0,0.0,13.92
22157,2215.7,2,0,0.0,13.9
22158,2215.8,3,0,0.0,13.51
22159,2215.9,3,0,0.0,13.46
22160,2216.0,3,0,0.0,13.47
22161,2216.1,3,0,0.0,13.48
22162,2216.2,3,0,0.0,13.54
22163,2216.3,3,0,0.0,13.49
22164,2216.4,2,1,0.0,13.93
22165,2216.5,2,0,0.0,13.93
22166,2216.6,2,0,0.0,13.93
22167,2216.7,2,0,0.0,13.91
22168,2216.8,2,0,0.0,13.96
22169,2216.9,2,0,0.0,13.88
22170,2217.0,2,0,0.0,13.95
22171,2217.1,2,0,0.0,13.94
22172,2217.2,2,0,0.0,13.92
22173,2217.3,2,0,0.0,13.94
22174,2217.4,2,0,0.0,13.89
22175,2217.5,2,0,0.0,13.89
22176,2217.6,3,0,0.0,13.95
22177,2217.7,3,0,0.0,13.9
22178,2217.8,3,0,0.0,13.95
22179,2217.9,3,0,0.0,13.95
22180,2218.0,3,0,0.0,13.91
22181,2218.1,2,1,0.0,13.96
22182,2218.2,2,0,0.0,13.91
22183,2218.3,2,0,0.0,13.92
22184,2218.4,2,0,0.0,13.93
22185,2218.5,2,0,0.0,13.92
22186,2218.6,2,0,0.0,13.98
22187,2218.7,3,0,0.0,12.64
22188,2218.8,3,0,0.0,12.58
22189,2218.9,3,0,0.0,12.63
22190,2219.0,3,0,0.0,12.63
22191,2219.1,3,0,0.0,12.62
22192,2219.2,3,0,0.0,12.61
22193,2219.3,3,0,0.0,12.61
22194,2219.4,3,0,0.0,12.61
22195,2219.5,3,0,0.0,12.61
22196,2219.6,3,0,0.0,12.62
22197,2219.7,3,0,0.0,12.63
22198,2219.8,3,0,0.0,12.6
22199,2219.9,3,0,0.0,12.63
22200,2220.0,3,0,0.0,12.61
22201,2220.1,3,0,0.0,12.59
22202,2220.2,4,0,0.0,11.79
22203,2220.3,4,0,0.0,11.77
22204,2220.4,4,0,0.0,11.79
22205,2220.5,4,0,0.0,11.81
22206,2220.6,4,0,0.0,11.81
22207,2220.7,4,0,0.0,11.81
22208,2220.8,5,0,0.0,12.14
22209,2220.9,5,0,0.0,12.13
22210,2221.0,5,0,0.0,12.11
22211,2221.1,4,1,0.0,11.65
22212,2221.2,4,0,0.0,11.7
22213,2221.3,4,0,0.0,11.69
22214,2221.4,3,1,0.0,11.13
22215,2221.5,3,0,0.0,11.13
22216,2221.6,3,0,0.0,11.15
22217,2221.7,3,0,0.0,11.13
22218,2221.8,3,0,0.0,11.15
22219,2221.9,3,0,0.0,11.14
22220,2222.0,3,0,0.0,11.13
22221,2222.1,3,0,0.0,11.16
22222,2222.2,3,0,0.0,11.15
22223,2222.3,3,0,0.0,11.17
22224,2222.4,3,0,0.0,11.19
22225,2222.5,3,0,0.0,11.17
22226,2222.6,3,0,0.0,11.16
22227,2222.7,3,0,0.0,11.16
22228,2222.8,3,0,0.0,11.21
22229,2222.9,3,0,0.0,11.19
22230,2223.0,3,0,0.0,11.23
22231,2223.1,3,0,0.0,11.22
22232,2223.2,3,0,0.0,11.2
22233,2223.3,3,0,0.0,11.22
22234,2223.4,3,0,0.0,11.18
22235,2223.5,3,0,0.0,11.22
22236,2223.6,3,0,0.0,11.22
22237,2223.7,3,0,0.0,11.21
22238,2223.8,2,1,0.0,9.84
22239,2223.9,2,0,0.0,9.86
22240,2224.0,2,0,0.0,9.86
22241,2224.1,2,0,0.0,9.85
22242,2224.2,2,0,0.0,9.88
22243,2224.3,2,0,0.0,9.87
22244,2224.4,2,0,0.0,9.87
22245,2224.5,2,0,0.0,9.87
22246,2224.6,2,0,0.0,9.86
22247,2224.7,2,0,0.0,9.86
22248,2224.8,2,0,0.0,9.88
22249,2224.9,2,0,0.0,9.89
22250,2225.0,2,0,0.0,9.92
22251,2225.1,2,0,0.0,9.9
22252,2225.2,2,0,0.0,9.87
22253,2225.3,2,0,0.0,9.91
22254,2225.4,2,0,0.0,9.87
22255,2225.5,2,0,0.0,9.9
22256,2225.6,2,0,0.0,9.91
22257,2225.7,2,0,0.0,9.89
22258,2225.8,3,0,0.0,10.74
22259,2225.9,4,0,0.0,11.56
22260,2226.0,4,0,0.0,11.52
22261,2226.1,4,0,0.0,11.52
22262,2226.2,4,0,0.0,11.51
22263,2226.3,5,0,0.0,11.74
22264,2226.4,4,1,0.0,11.57
22265,2226.5,4,0,0.0,11.57
22266,2226.6,4,0,0.0,11.57
22267,2226.7,4,0,0.0,11.59
22268,2226.8,4,0,0.0,11.55
22269,2226.9,4,0,0.0,11.59
22270,2227.0,4,0,0.0,11.58
22271,2227.1,4,0,0.0,11.56
22272,2227.2,4,0,0.0,11.58
22273,2227.3,4,0,0.0,11.55
22274,2227.4,4,0,0.0,11.6
22275,2227.5,4,0,0.0,11.6
22276,2227.6,4,0,0.0,11.56
22277,2227.7,4,0,0.0,11.56
22278,2227.8,4,0,0.0,11.56
22279,2227.9,4,0,0.0,11.56
22280,2228.0,4,0,0.0,11.6
22281,2228.1,4,0,0.0,11.59
22282,2228.2,4,0,0.0,11.57
22283,2228.3,4,0,0.0,11.56
22284,2228.4,4,0,0.0,11.6
22285,2228.5,4,0,0.0,11.58
22286,2228.6,4,0,0.0,11.57
22287,2228.7,4,0,0.0,11.57
22288,2228.8,4,0,0.0,11.61
22289,2228.9,4,0,0.0,11.58
22290,2229.0,4,0,0.0,11.59
22291,2229.1,4,0,0.0,11.6
22292,2229.2,4,0,0.0,11.59
22293,2229.3,4,0,0.0,11.6
22294,2229.4,4,0,0.0,11.59
22295,2229.5,4,0,0.0,11.59
22296,2229.6,4,0,0.0,11.59
22297,2229.7,4,0,0.0,11.59
22298,2229.8,4,0,0.0,11.59
22299,2229.9,4,0,0.0,11.58
22300,2230.0,4,0,0.0,11.57
22301,2230.1,3,1,0.0,11.26
22302,2230.2,3,0,0.0,11.29
22303,2230.3,3,0,0.0,11.27
22304,2230.4,3,0,0.0,11.28
22305,2230.5,3,0,0.0,11.3
22306,2230.6,3,0,0.0,11.3
22307,2230.7,4,0,0.0,11.95
22308,2230.8,4,0,0.0,11.91
22309,2230.9,3,1,0.0,12.58
22310,2231.0,3,0,0.0,12.63
22311,2231.1,3,0,0.0,12.69
22312,2231.2,3,0,0.0,12.75
22313,2231.3,2,1,0.0,12.32
22314,2231.4,2,0,0.0,12.46
22315,2231.5,2,0,0.0,12.45
22316,2231.6,3,0,0.0,12.97
22317,2231.7,3,0,0.0,12.96
22318,2231.8,3,0,0.0,12.93
22319,2231.9,3,0,0.0,12.97
22320,2232.0,3,0,0.0,12.94
22321,2232.1,3,0,0.0,12.94
22322,2232.2,3,0,0.0,12.96
22323,2232.3,3,0,0.0,12.92
22324,2232.4,3,0,0.0,12.93
22325,2232.5,3,0,0.0,12.9
22326,2232.6,3,0,0.0,12.91
22327,2232.7,3,0,0.0,12.95
22328,2232.8,3,0,0.0,12.94
22329,2232.9,3,0,0.0,12.94
22330,2233.0,2,1,0.0,13.86
22331,2233.1,2,0,0.0,13.9
22332,2233.2,2,0,0.0,13.89
22333,2233.3,2,0,0.0,13.94
22334,2233.4,2,0,0.0,13.9
22335,2233.5,2,0,0.0,13.85
22336,2233.6,2,0,0.0,13.91
22337,2233.7,2,0,0.0,13.89
22338,2233.8,2,0,0.0,13.9
22339,2233.9,2,0,0.0,13.87
22340,2234.0,2,0,0.0,13.88
22341,2234.1,2,0,0.0,13.93
22342,2234.2,2,0,0.0,13.94
22343,2234.3,2,0,0.0,13.87
22344,2234.4,2,0,0.0,13.96
22345,2234.5,2,0,0.0,13.91
22346,2234.6,2,0,0.0,13.9
22347,2234.7,2,0,0.0,13.85
22348,2234.8,2,0,0.0,13.93
22349,2234.9,2,0,0.0,13.9
22350,2235.0,3,0,0.0,13.7
22351,2235.1,2,1,0.0,13.59
22352,2235.2,2,0,0.0,13.56
22353,2235.3,2,0,0.0,13.62
22354,2235.4,2,0,0.0,13.61
22355,2235.5,2,0,0.0,13.58
22356,2235.6,2,0,0.0,13.54
22357,2235.7,3,0,0.0,13.17
22358,2235.8,3,0,0.0,13.13
22359,2235.9,3,0,0.0,13.16
22360,2236.0,3,0,0.0,13.09
22361,2236.1,3,0,0.0,13.11
22362,2236.2,3,0,0.0,13.15
22363,2236.3,2,1,0.0,13.62
22364,2236.4,2,0,0.0,13.65
22365,2236.5,2,0,0.0,13.61
22366,2236.6,2,0,0.0,13.61
22367,2236.7,2,0,0.0,13.55
22368,2236.8,2,0,0.0,13.57
22369,2236.9,2,0,0.0,13.57
22370,2237.0,2,0,0.0,13.6
22371,2237.1,2,0,0.0,13.59
22372,2237.2,2,0,0.0,13.58
22373,2237.3,3,0,0.0,13.66
22374,2237.4,3,0,0.0,13.66
22375,2237.5,3,0,0.0,13.69
22376,2237.6,3,0,0.0,13.68
22377,2237.7,3,0,0.0,13.65
22378,2237.8,3,0,0.0,13.64
22379,2237.9,3,0,0.0,13.66
22380,2238.0,3,0,0.0,13.67
22381,2238.1,3,0,0.0,13.68
22382,2238.2,3,0,0.0,13.69
22383,2238.3,3,0,0.0,13.62
22384,2238.4,3,0,0.0,13.61
22385,2238.5,3,0,0.0,13.66
22386,2238.6,2,1,0.0,13.79
22387,2238.7,2,0,0.0,13.88
22388,2238.8,2,0,0.0,13.89
22389,2238.9,2,0,0.0,13.89
22390,2239.0,2,0,0.0,13.86
22391,2239.1,2,0,0.0,13.86
22392,2239.2,2,0,0.0,13.83
22393,2239.3,2,0,0.0,13.86
22394,2239.4,2,0,0.0,13.84
22395,2239.5,3,0,0.0,12.58
22396,2239.6,3,0,0.0,12.58
22397,2239.7,2,1,0.0,13.84
22398,2239.8,2,0,0.0,13.85
22399,2239.9,2,0,0.0,13.88
22400,2240.0,2,0,0.0,13.84
22401,2240.1,2,0,0.0,13.87
22402,2240.2,2,0,0.0,13.86
22403,2240.3,2,0,0.0,13.86
22404,2240.4,2,0,0.0,13.87
22405,2240.5,2,0,0.0,13.88
22406,2240.6,2,0,0.0,13.81
22407,2240.7,3,0,0.0,13.88
22408,2240.8,2,1,0.0,13.87
22409,2240.9,2,0,0.0,13.87
22410,2241.0,2,0,0.0,13.83
22411,2241.1,2,0,0.0,13.85
22412,2241.2,2,0,0.0,13.89
22413,2241.3,1,1,0.0,13.72
22414,2241.4,1,0,0.0,13.81
22415,2241.5,1,0,0.0,13.79
22416,2241.6,1,0,0.0,13.73
22417,2241.7,1,0,0.0,13.79
22418,2241.8,1,0,0.0,13.76
22419,2241.9,1,0,0.0,13.77
22420,2242.0,1,0,0.0,13.77
22421,2242.1,1,0,0.0,13.83
22422,2242.2,1,0,0.0,13.72
22423,2242.3,1,0,0.0,13.76
22424,2242.4,1,0,0.0,13.82
22425,2242.5,1,0,0.0,13.82
22426,2242.6,1,0,0.0,13.75
22427,2242.7,1,0,0.0,13.82
22428,2242.8,1,0,0.0,13.78
22429,2242.9,1,0,0.0,13.77
22430,2243.0,2,0,0.0,13.32
22431,2243.1,2,0,0.0,13.28
22432,2243.2,2,0,0.0,13.32
22433,2243.3,2,0,0.0,13.26
22434,2243.4,2,0,0.0,13.33
22435,2243.5,2,0,0.0,13.32
22436,2243.6,2,0,0.0,13.32
22437,2243.7,3,0,0.0,13.45
22438,2243.8,3,0,0.0,13.41
22439,2243.9,3,0,0.0,13.38
22440,2244.0,3,0,0.0,13.37
22441,2244.1,3,0,0.0,13.39
22442,2244.2,3,0,0.0,13.42
22443,2244.3,3,0,0.0,13.4
22444,2244.4,3,0,0.0,13.44
22445,2244.5,3,0,0.0,13.43
22446,2244.6,3,0,0.0,13.4
22447,2244.7,3,0,0.0,13.39
22448,2244.8,3,0,0.0,13.42
22449,2244.9,3,0,0.0,13.43
22450,2245.0,3,0,0.0,13.42
22451,2245.1,3,0,0.0,13.38
22452,2245.2,3,0,0.0,13.42
22453,2245.3,3,0,0.0,13.42
22454,2245.4,3,0,0.0,13.4
22455,2245.5,3,0,0.0,13.45
22456,2245.6,3,0,0.0,13.41
22457,2245.7,4,0,0.0,13.46
22458,2245.8,4,0,0.0,13.45
22459,2245.9,4,0,0.0,13.44
22460,2246.0,4,0,0.0,13.43
22461,2246.1,4,0,0.0,13.45
22462,2246.2,4,0,0.0,13.41
22463,2246.3,3,1,0.0,13.43
22464,2246.4,3,0,0.0,13.4
22465,2246.5,3,0,0.0,13.4
22466,2246.6,2,1,0.0,13.26
22467,2246.7,2,0,0.0,13.18
22468,2246.8,2,0,0.0,13.29
22469,2246.9,2,0,0.0,13.23
22470,2247.0,2,0,0.0,13.24
22471,2247.1,2,0,0.0,13.24
22472,2247.2,1,1,0.0,12.88
22473,2247.3,1,0,0.0,12.81
22474,2247.4,1,0,0.0,12.85
22475,2247.5,1,0,0.0,12.81
22476,2247.6,1,0,0.0,12.77
22477,2247.7,1,0,0.0,12.78
22478,2247.8,1,0,0.0,12.83
22479,2247.9,1,0,0.0,12.84
22480,2248.0,1,0,0.0,12.78
22481,2248.1,1,0,0.0,12.82
22482,2248.2,1,0,0.0,12.82
22483,2248.3,1,0,0.0,12.78
22484,2248.4,1,0,0.0,12.87
22485,2248.5,1,0,0.0,12.88
22486,2248.6,2,0,0.0,13.02
22487,2248.7,2,0,0.0,13.01
22488,2248.8,2,0,0.0,12.98
22489,2248.9,2,0,0.0,12.95
22490,2249.0,2,0,0.0,13.0
22491,2249.1,2,0,0.0,13.03
22492,2249.2,2,0,0.0,13.0
22493,2249.3,2,0,0.0,13.02
22494,2249.4,2,0,0.0,13.03
22495,2249.5,2,0,0.0,13.0
22496,2249.6,2,0,0.0,13.06
22497,2249.7,2,0,0.0,13.02
22498,2249.8,2,0,0.0,12.98
22499,2249.9,2,0,0.0,13.03
22500,2250.0,2,0,0.0,13.02
22501,2250.1,2,0,0.0,12.97
22502,2250.2,2,0,0.0,12.98
22503,2250.3,2,0,0.0,13.03
22504,2250.4,2,0,0.0,12.98
22505,2250.5,2,0,0.0,13.01
22506,2250.6,2,0,0.0,13.01
22507,2250.7,3,0,0.0,12.99
22508,2250.8,3,0,0.0,12.99
22509,2250.9,3,0,0.0,12.98
22510,2251.0,3,0,0.0,12.97
22511,2251.1,3,0,0.0,12.97
22512,2251.2,3,0,0.0,12.99
22513,2251.3,2,1,0.0,12.96
22514,2251.4,2,0,0.0,13.06
22515,2251.5,2,0,0.0,12.96
22516,2251.6,2,0,0.0,13.03
22517,2251.7,2,0,0.0,13.0
22518,2251.8,2,0,0.0,13.02
22519,2251.9,2,0,0.0,13.02
22520,2252.0,2,0,0.0,12.96
22521,2252.1,2,0,0.0,12.98
22522,2252.2,2,0,0.0,12.99
22523,2252.3,2,0,0.0,12.99
22524,2252.4,3,0,0.0,13.32
22525,2252.5,3,0,0.0,13.32
22526,2252.6,3,0,0.0,13.31
22527,2252.7,3,0,0.0,13.35
22528,2252.8,3,0,0.0,13.34
22529,2252.9,3,0,0.0,13.33
22530,2253.0,2,1,0.0,13.55
22531,2253.1,2,0,0.0,13.56
22532,2253.2,2,0,0.0,13.57
22533,2253.3,2,0,0.0,13.58
22534,2253.4,2,0,0.0,13.57
22535,2253.5,2,0,0.0,13.56
22536,2253.6,2,0,0.0,13.54
22537,2253.7,2,0,0.0,13.57
22538,2253.8,2,0,0.0,13.52
22539,2253.9,2,0,0.0,13.53
22540,2254.0,2,0,0.0,13.55
22541,2254.1,2,0,0.0,13.56
22542,2254.2,2,0,0.0,13.56
22543,2254.3,3,0,0.0,12.81
22544,2254.4,3,0,0.0,12.83
22545,2254.5,3,0,0.0,12.83
22546,2254.6,3,0,0.0,12.81
22547,2254.7,3,0,0.0,12.8
22548,2254.8,3,0,0.0,12.78
22549,2254.9,3,0,0.0,12.78
22550,2255.0,3,0,0.0,12.85
22551,2255.1,3,0,0.0,12.76
22552,2255.2,3,0,0.0,12.82
22553,2255.3,3,0,0.0,12.82
22554,2255.4,3,0,0.0,12.81
22555,2255.5,3,0,0.0,12.79
22556,2255.6,4,0,0.0,13.12
22557,2255.7,4,0,0.0,13.05
22558,2255.8,4,0,0.0,13.1
22559,2255.9,3,1,0.0,12.8
22560,2256.0,3,0,0.0,12.8
22561,2256.1,3,0,0.0,12.8
22562,2256.2,2,1,0.0,12.28
22563,2256.3,2,0,0.0,12.3
22564,2256.4,2,0,0.0,12.25
22565,2256.5,2,0,0.0,12.22
22566,2256.6,2,0,0.0,12.28
22567,2256.7,2,0,0.0,12.25
22568,2256.8,2,0,0.0,12.24
22569,2256.9,2,0,0.0,12.19
22570,2257.0,2,0,0.0,12.19
22571,2257.1,2,0,0.0,12.29
22572,2257.2,2,0,0.0,12.25
22573,2257.3,2,0,0.0,12.28
22574,2257.4,2,0,0.0,12.2
22575,2257.5,2,0,0.0,12.25
22576,2257.6,2,0,0.0,12.22
22577,2257.7,2,0,0.0,12.2
22578,2257.8,2,0,0.0,12.24
22579,2257.9,2,0,0.0,12.26
22580,2258.0,2,0,0.0,12.19
22581,2258.1,2,0,0.0,12.23
22582,2258.2,2,0,0.0,12.24
22583,2258.3,1,1,0.0,11.25
22584,2258.4,1,0,0.0,11.33
22585,2258.5,1,0,0.0,11.31
22586,2258.6,1,0,0.0,11.26
22587,2258.7,1,0,0.0,11.28
22588,2258.8,1,0,0.0,11.32
22589,2258.9,1,0,0.0,11.27
22590,2259.0,1,0,0.0,11.35
22591,2259.1,1,0,0.0,11.26
22592,2259.2,1,0,0.0,11.29
22593,2259.3,1,0,0.0,11.35
22594,2259.4,1,0,0.0,11.26
22595,2259.5,1,0,0.0,11.34
22596,2259.6,1,0,0.0,11.27
22597,2259.7,1,0,0.0,11.28
22598,2259.8,1,0,0.0,11.32
22599,2259.9,1,0,0.0,11.32
22600,2260.0,2,0,0.0,11.77
22601,2260.1,2,0,0.0,11.73
22602,2260.2,2,0,0.0,11.7
22603,2260.3,2,0,0.0,11.75
22604,2260.4,2,0,0.0,11.77
22605,2260.5,2,0,0.0,11.74
22606,2260.6,3,0,0.0,12.5
22607,2260.7,3,0,0.0,12.47
22608,2260.8,3,0,0.0,12.47
22609,2260.9,3,0,0.0,12.5
22610,2261.0,3,0,0.0,12.46
22611,2261.1,5,0,0.0,11.94
22612,2261.2,4,1,0.0,11.42
22613,2261.3,4,0,0.0,11.44
22614,2261.4,4,0,0.0,11.48
22615,2261.5,4,0,0.0,11.51
22616,2261.6,4,0,0.0,11.56
22617,2261.7,4,0,0.0,11.55
22618,2261.8,4,0,0.0,11.6
22619,2261.9,4,0,0.0,11.61
22620,2262.0,4,0,0.0,11.61
22621,2262.1,4,0,0.0,11.63
22622,2262.2,4,0,0.0,11.67
22623,2262.3,4,0,0.0,11.68
22624,2262.4,4,0,0.0,11.71
22625,2262.5,4,0,0.0,11.72
22626,2262.6,4,0,0.0,11.75
22627,2262.7,4,0,0.0,11.79
22628,2262.8,4,0,0.0,11.83
22629,2262.9,4,0,0.0,11.83
22630,2263.0,4,0,0.0,11.84
22631,2263.1,4,0,0.0,11.84
22632,2263.2,4,0,0.0,11.87
22633,2263.3,4,0,0.0,11.84
22634,2263.4,4,0,0.0,11.82
22635,2263.5,4,0,0.0,11.86
22636,2263.6,4,0,0.0,11.88
22637,2263.7,4,0,0.0,11.84
22638,2263.8,4,0,0.0,11.83
22639,2263.9,4,0,0.0,11.86
22640,2264.0,4,0,0.0,11.86
22641,2264.1,4,0,0.0,11.85
22642,2264.2,4,0,0.0,11.84
22643,2264.3,4,0,0.0,11.83
22644,2264.4,4,0,0.0,11.86
22645,2264.5,4,0,0.0,11.83
22646,2264.6,3,1,0.0,11.14
22647,2264.7,3,0,0.0,11.15
22648,2264.8,3,0,0.0,11.14
22649,2264.9,3,0,0.0,11.16
22650,2265.0,3,0,0.0,11.13
22651,2265.1,3,0,0.0,11.14
22652,2265.2,3,0,0.0,11.12
22653,2265.3,3,0,0.0,11.17
22654,2265.4,3,0,0.0,11.12
22655,2265.5,3,0,0.0,11.15
22656,2265.6,3,1,0.0,11.75
22657,2265.7,4,0,0.0,11.89
22658,2265.8,4,0,0.0,11.86
22659,2265.9,4,0,0.0,11.87
22660,2266.0,4,0,0.0,11.88
22661,2266.1,4,0,0.0,11.85
22662,2266.2,3,1,0.0,11.49
22663,2266.3,3,0,0.0,11.49
22664,2266.4,3,0,0.0,11.48
22665,2266.5,3,0,0.0,11.52
22666,2266.6,3,0,0.0,11.52
22667,2266.7,3,0,0.0,11.51
22668,2266.8,3,0,0.0,11.49
22669,2266.9,3,0,0.0,11.51
22670,2267.0,3,0,0.0,11.46
22671,2267.1,3,0,0.0,11.47
22672,2267.2,3,0,0.0,11.51
22673,2267.3,3,0,0.0,11.47
22674,2267.4,3,0,0.0,11.48
22675,2267.5,3,0,0.0,11.52
22676,2267.6,3,0,0.0,11.51
22677,2267.7,3,0,0.0,11.49
22678,2267.8,4,0,0.0,11.13
22679,2267.9,4,0,0.0,11.13
22680,2268.0,3,1,0.0,11.48
22681,2268.1,3,0,0.0,11.47
22682,2268.2,3,0,0.0,11.5
22683,2268.3,3,0,0.0,11.45
22684,2268.4,3,0,0.0,11.49
22685,2268.5,3,0,0.0,11.52
22686,2268.6,3,0,0.0,11.5
22687,2268.7,3,0,0.0,11.46
22688,2268.8,3,0,0.0,11.45
22689,2268.9,3,0,0.0,11.53
22690,2269.0,3,0,0.0,11.51
22691,2269.1,3,0,0.0,11.48
22692,2269.2,3,0,0.0,11.47
22693,2269.3,3,0,0.0,11.5
22694,2269.4,3,0,0.0,11.5
22695,2269.5,3,0,0.0,11.49
22696,2269.6,3,0,0.0,11.49
22697,2269.7,3,0,0.0,11.52
22698,2269.8,4,0,0.0,11.92
22699,2269.9,4,0,0.0,11.91
22700,2270.0,4,0,0.0,11.91
22701,2270.1,4,0,0.0,11.92
22702,2270.2,4,0,0.0,11.86
22703,2270.3,4,0,0.0,11.92
22704,2270.4,4,0,0.0,11.91
22705,2270.5,3,1,0.0,11.83
22706,2270.6,4,0,0.0,12.22
22707,2270.7,4,0,0.0,12.21
22708,2270.8,4,0,0.0,12.17
22709,2270.9,4,0,0.0,12.18
22710,2271.0,4,0,0.0,12.16
22711,2271.1,4,0,0.0,12.2
22712,2271.2,3,1,0.0,11.81
22713,2271.3,4,0,0.0,12.39
22714,2271.4,4,0,0.0,12.36
22715,2271.5,4,0,0.0,12.37
22716,2271.6,4,0,0.0,12.34
22717,2271.7,4,0,0.0,12.37
22718,2271.8,4,0,0.0,12.35
22719,2271.9,4,0,0.0,12.37
22720,2272.0,4,0,0.0,12.32
22721,2272.1,4,0,0.0,12.37
22722,2272.2,4,0,0.0,12.38
22723,2272.3,4,0,0.0,12.35
22724,2272.4,4,0,0.0,12.34
22725,2272.5,4,0,0.0,12.38
22726,2272.6,4,0,0.0,12.36
22727,2272.7,4,0,0.0,12.37
22728,2272.8,4,0,0.0,12.37
22729,2272.9,4,0,0.0,12.34
22730,2273.0,4,0,0.0,12.36
22731,2273.1,4,0,0.0,12.37
22732,2273.2,4,0,0.0,12.34
22733,2273.3,4,0,0.0,12.37
22734,2273.4,4,0,0.0,12.35
22735,2273.5,2,2,0.0,13.09
22736,2273.6,2,0,0.0,13.08
22737,2273.7,2,0,0.0,13.11
22738,2273.8,2,0,0.0,13.09
22739,2273.9,2,0,0.0,13.12
22740,2274.0,2,0,0.0,13.11
22741,2274.1,2,0,0.0,13.15
22742,2274.2,2,0,0.0,13.14
22743,2274.3,2,0,0.0,13.14
22744,2274.4,2,0,0.0,13.12
22745,2274.5,2,0,0.0,13.18
22746,2274.6,2,0,0.0,13.11
22747,2274.7,2,0,0.0,13.12
22748,2274.8,2,0,0.0,13.19
22749,2274.9,2,0,0.0,13.11
22750,2275.0,2,0,0.0,13.09
22751,2275.1,2,0,0.0,13.14
22752,2275.2,2,0,0.0,13.18
22753,2275.3,2,0,0.0,13.12
22754,2275.4,2,0,0.0,13.18
22755,2275.5,2,0,0.0,13.14
22756,2275.6,3,0,0.0,13.4
22757,2275.7,3,0,0.0,13.38
22758,2275.8,3,0,0.0,13.44
22759,2275.9,3,0,0.0,13.43
22760,2276.0,2,1,0.0,13.96
22761,2276.1,2,0,0.0,13.98
22762,2276.2,1,1,0.0,13.93
22763,2276.3,1,0,0.0,14.0
22764,2276.4,1,0,0.0,13.97
22765,2276.5,1,0,0.0,13.98
22766,2276.6,1,0,0.0,13.98
22767,2276.7,1,0,0.0,13.98
22768,2276.8,1,0,0.0,13.99
22769,2276.9,1,0,0.0,13.92
22770,2277.0,2,0,0.0,13.34
22771,2277.1,2,0,0.0,13.33
22772,2277.2,2,0,0.0,13.31
22773,2277.3,2,0,0.0,13.32
22774,2277.4,2,0,0.0,13.34
22775,2277.5,2,0,0.0,13.3
22776,2277.6,2,0,0.0,13.33
22777,2277.7,2,0,0.0,13.37
22778,2277.8,2,0,0.0,13.3
22779,2277.9,2,0,0.0,13.32
22780,2278.0,2,0,0.0,13.33
22781,2278.1,2,0,0.0,13.3
22782,2278.2,2,0,0.0,13.32
22783,2278.3,2,0,0.0,13.3
22784,2278.4,2,0,0.0,13.33
22785,2278.5,3,0,0.0,12.52
22786,2278.6,3,0,0.0,12.47
22787,2278.7,3,0,0.0,12.49
22788,2278.8,3,0,0.0,12.44
22789,2278.9,3,0,0.0,12.47
22790,2279.0,3,0,0.0,12.49
22791,2279.1,3,0,0.0,12.5
22792,2279.2,3,0,0.0,12.5
22793,2279.3,3,0,0.0,12.51
22794,2279.4,3,0,0.0,12.45
22795,2279.5,3,0,0.0,12.45
22796,2279.6,3,0,0.0,12.49
22797,2279.7,3,0,0.0,12.47
22798,2279.8,3,0,0.0,12.46
22799,2279.9,3,0,0.0,12.46
22800,2280.0,3,0,0.0,12.53
22801,2280.1,3,0,0.0,12.48
22802,2280.2,3,0,0.0,12.48
22803,2280.3,3,0,0.0,12.46
22804,2280.4,3,0,0.0,12.49
22805,2280.5,3,1,0.0,12.53
22806,2280.6,3,0,0.0,12.49
22807,2280.7,3,0,0.0,12.53
22808,2280.8,3,0,0.0,12.48
22809,2280.9,3,0,0.0,12.47
22810,2281.0,3,0,0.0,12.51
22811,2281.1,2,1,0.0,11.74
22812,2281.2,2,0,0.0,11.74
22813,2281.3,2,0,0.0,11.74
22814,2281.4,2,0,0.0,11.77
22815,2281.5,2,0,0.0,11.76
22816,2281.6,2,0,0.0,11.8
22817,2281.7,2,0,0.0,11.7
22818,2281.8,2,0,0.0,11.72
22819,2281.9,2,0,0.0,11.73
22820,2282.0,2,0,0.0,11.73
22821,2282.1,2,0,0.0,11.79
22822,2282.2,2,0,0.0,11.74
22823,2282.3,2,0,0.0,11.72
22824,2282.4,2,0,0.0,11.71
22825,2282.5,2,0,0.0,11.73
22826,2282.6,2,0,0.0,11.77
22827,2282.7,3,0,0.0,12.18
22828,2282.8,3,0,0.0,12.15
22829,2282.9,3,0,0.0,12.14
22830,2283.0,2,1,0.0,12.82
22831,2283.1,2,0,0.0,12.83
22832,2283.2,2,0,0.0,12.77
22833,2283.3,2,0,0.0,12.85
22834,2283.4,2,0,0.0,12.87
22835,2283.5,2,0,0.0,12.8
22836,2283.6,2,0,0.0,12.83
22837,2283.7,2,0,0.0,12.82
22838,2283.8,2,0,0.0,12.88
22839,2283.9,2,0,0.0,12.84
22840,2284.0,2,0,0.0,12.84
22841,2284.1,2,0,0.0,12.8
22842,2284.2,2,0,0.0,12.88
22843,2284.3,2,0,0.0,12.85
22844,2284.4,2,0,0.0,12.8
22845,2284.5,2,0,0.0,12.83
22846,2284.6,2,0,0.0,12.83
22847,2284.7,2,0,0.0,12.82
22848,2284.8,2,0,0.0,12.82
22849,2284.9,2,0,0.0,12.83
22850,2285.0,2,0,0.0,12.78
22851,2285.1,2,0,0.0,12.81
22852,2285.2,2,0,0.0,12.85
22853,2285.3,2,0,0.0,12.83
22854,2285.4,2,0,0.0,12.82
22855,2285.5,3,0,0.0,12.72
22856,2285.6,3,0,0.0,12.64
22857,2285.7,3,0,0.0,12.63
22858,2285.8,3,0,0.0,12.64
22859,2285.9,3,0,0.0,12.7
22860,2286.0,3,0,0.0,12.66
22861,2286.1,2,1,0.0,12.82
22862,2286.2,2,0,0.0,12.87
22863,2286.3,2,0,0.0,12.82
22864,2286.4,2,0,0.0,12.87
22865,2286.5,2,0,0.0,12.8
22866,2286.6,2,0,0.0,12.88
22867,2286.7,2,0,0.0,12.84
22868,2286.8,2,0,0.0,12.86
22869,2286.9,2,0,0.0,12.8
22870,2287.0,1,1,0.0,13.0
22871,2287.1,1,0,0.0,12.9
22872,2287.2,2,0,0.0,13.43
22873,2287.3,2,0,0.0,13.35
22874,2287.4,2,0,0.0,13.41
22875,2287.5,2,0,0.0,13.41
22876,2287.6,2,0,0.0,13.4
22877,2287.7,2,0,0.0,13.37
22878,2287.8,2,0,0.0,13.36
22879,2287.9,2,0,0.0,13.4
22880,2288.0,2,0,0.0,13.36
22881,2288.1,2,0,0.0,13.41
22882,2288.2,2,0,0.0,13.37
22883,2288.3,2,0,0.0,13.38
22884,2288.4,3,0,0.0,13.63
22885,2288.5,3,0,0.0,13.59
22886,2288.6,3,0,0.0,13.57
22887,2288.7,3,0,0.0,13.55
22888,2288.8,3,0,0.0,13.57
22889,2288.9,3,0,0.0,13.55
22890,2289.0,3,0,0.0,13.54
22891,2289.1,3,0,0.0,13.61
22892,2289.2,3,0,0.0,13.54
22893,2289.3,3,0,0.0,13.58
22894,2289.4,3,0,0.0,13.53
22895,2289.5,3,0,0.0,13.56
22896,2289.6,3,0,0.0,13.55
22897,2289.7,3,0,0.0,13.57
22898,2289.8,3,0,0.0,13.58
22899,2289.9,3,0,0.0,13.55
22900,2290.0,3,0,0.0,13.56
22901,2290.1,3,0,0.0,13.53
22902,2290.2,3,0,0.0,13.57
22903,2290.3,3,0,0.0,13.58
22904,2290.4,3,0,0.0,13.59
22905,2290.5,4,0,0.0,13.67
22906,2290.6,4,0,0.0,13.68
22907,2290.7,3,1,0.0,13.62
22908,2290.8,3,0,0.0,13.63
22909,2290.9,3,0,0.0,13.63
22910,2291.0,3,0,0.0,13.62
22911,2291.1,2,1,0.0,13.47
22912,2291.2,2,0,0.0,13.42
22913,2291.3,2,0,0.0,13.46
22914,2291.4,2,0,0.0,13.44
22915,2291.5,2,0,0.0,13.43
22916,2291.6,2,0,0.0,13.39
22917,2291.7,2,0,0.0,13.46
22918,2291.8,2,0,0.0,13.47
22919,2291.9,2,0,0.0,13.46
22920,2292.0,2,0,0.0,13.4
22921,2292.1,2,0,0.0,13.45
22922,2292.2,2,0,0.0,13.43
22923,2292.3,2,0,0.0,13.41
22924,2292.4,2,0,0.0,13.46
22925,2292.5,2,0,0.0,13.39
22926,2292.6,1,1,0.0,14.0
22927,2292.7,1,0,0.0,13.97
22928,2292.8,1,0,0.0,13.97
22929,2292.9,1,0,0.0,13.99
22930,2293.0,1,0,0.0,13.9
22931,2293.1,1,0,0.0,13.89
22932,2293.2,1,0,0.0,13.88
22933,2293.3,1,0,0.0,13.89
22934,2293.4,1,0,0.0,13.94
22935,2293.5,1,0,0.0,13.99
22936,2293.6,1,0,0.0,13.88
22937,2293.7,1,0,0.0,13.88
22938,2293.8,1,0,0.0,13.91
22939,2293.9,1,0,0.0,13.99
22940,2294.0,1,0,0.0,13.91
22941,2294.1,2,0,0.0,13.95
22942,2294.2,2,0,0.0,13.95
22943,2294.3,2,0,0.0,13.92
22944,2294.4,2,0,0.0,13.93
22945,2294.5,2,0,0.0,13.95
22946,2294.6,2,0,0.0,13.95
22947,2294.7,2,0,0.0,13.96
22948,2294.8,2,0,0.0,13.9
22949,2294.9,2,0,0.0,13.92
22950,2295.0,2,0,0.0,13.9
22951,2295.1,2,0,0.0,13.92
22952,2295.2,2,0,0.0,13.87
22953,2295.3,2,0,0.0,13.94
22954,2295.4,2,0,0.0,13.97
22955,2295.5,3,0,0.0,13.37
22956,2295.6,3,0,0.0,13.35
22957,2295.7,3,0,0.0,13.35
22958,2295.8,3,0,0.0,13.33
22959,2295.9,4,0,0.0,13.49
22960,2296.0,4,0,0.0,13.51
22961,2296.1,3,1,0.0,13.87
22962,2296.2,4,0,0.0,12.94
22963,2296.3,4,0,0.0,12.92
22964,2296.4,3,1,0.0,13.96
22965,2296.5,3,0,0.0,13.9
22966,2296.6,3,0,0.0,13.89
22967,2296.7,3,0,0.0,13.93
22968,2296.8,3,0,0.0,13.9
22969,2296.9,3,0,0.0,13.92
22970,2297.0,3,0,0.0,13.91
22971,2297.1,3,0,0.0,13.91
22972,2297.2,3,0,0.0,13.95
22973,2297.3,3,0,0.0,13.94
22974,2297.4,3,0,0.0,13.93
22975,2297.5,3,0,0.0,13.93
22976,2297.6,2,1,0.0,13.96
22977,2297.7,2,0,0.0,13.93
22978,2297.8,2,0,0.0,13.94
22979,2297.9,2,0,0.0,13.86
22980,2298.0,2,0,0.0,13.92
22981,2298.1,2,0,0.0,13.9
22982,2298.2,2,0,0.0,13.86
22983,2298.3,2,0,0.0,13.93
22984,2298.4,2,0,0.0,13.9
22985,2298.5,2,0,0.0,13.95
22986,2298.6,2,0,0.0,13.91
22987,2298.7,2,0,0.0,13.91
22988,2298.8,2,0,0.0,13.9
22989,2298.9,2,0,0.0,13.94
22990,2299.0,2,0,0.0,13.9
22991,2299.1,2,0,0.0,13.9
22992,2299.2,2,0,0.0,13.88
22993,2299.3,2,0,0.0,13.9
22994,2299.4,1,1,0.0,13.96
22995,2299.5,1,0,0.0,13.89
22996,2299.6,1,0,0.0,13.98
22997,2299.7,2,0,0.0,13.22
22998,2299.8,2,0,0.0,13.2
22999,2299.9,2,0,0.0,13.17
23000,2300.0,2,0,0.0,13.22
23001,2300.1,3,0,0.0,12.11
23002,2300.2,3,0,0.0,12.12
23003,2300.3,3,0,0.0,12.12
23004,2300.4,4,0,0.0,12.39
23005,2300.5,4,0,0.0,12.39
23006,2300.6,4,0,0.0,12.4
23007,2300.7,4,0,0.0,12.42
23008,2300.8,4,0,0.0,12.41
23009,2300.9,4,0,0.0,12.4
23010,2301.0,3,1,0.0,12.13
23011,2301.1,3,0,0.0,12.14
23012,2301.2,3,0,0.0,12.15
23013,2301.3,3,0,0.0,12.11
23014,2301.4,3,0,0.0,12.12
23015,2301.5,3,0,0.0,12.14
23016,2301.6,3,0,0.0,12.12
23017,2301.7,3,0,0.0,12.15
23018,2301.8,3,0,0.0,12.11
23019,2301.9,3,0,0.0,12.09
23020,2302.0,3,0,0.0,12.12
23021,2302.1,3,0,0.0,12.12
23022,2302.2,3,0,0.0,12.12
23023,2302.3,3,0,0.0,12.17
23024,2302.4,4,0,0.0,11.61
23025,2302.5,4,0,0.0,11.59
23026,2302.6,4,0,0.0,11.55
23027,2302.7,4,0,0.0,11.6
23028,2302.8,4,0,0.0,11.58
23029,2302.9,4,0,0.0,11.6
23030,2303.0,4,0,0.0,11.6
23031,2303.1,4,0,0.0,11.61
23032,2303.2,4,0,0.0,11.61
23033,2303.3,3,1,0.0,10.81
23034,2303.4,3,0,0.0,10.79
23035,2303.5,3,0,0.0,10.81
23036,2303.6,3,0,0.0,10.81
23037,2303.7,3,0,0.0,10.81
23038,2303.8,3,0,0.0,10.81
23039,2303.9,3,0,0.0,10.8
23040,2304.0,3,0,0.0,10.81
23041,2304.1,3,0,0.0,10.81
23042,2304.2,3,0,0.0,10.79
23043,2304.3,3,0,0.0,10.82
23044,2304.4,2,1,0.0,11.22
23045,2304.5,2,0,0.0,11.22
23046,2304.6,3,0,0.0,12.14
23047,2304.7,3,0,0.0,12.13
23048,2304.8,3,0,0.0,12.16
23049,2304.9,3,0,0.0,12.13
23050,2305.0,3,0,0.0,12.16
23051,2305.1,3,0,0.0,12.1
23052,2305.2,3,0,0.0,12.14
23053,2305.3,3,0,0.0,12.13
23054,2305.4,5,0,0.0,12.79
23055,2305.5,5,0,0.0,12.79
23056,2305.6,5,0,0.0,12.76
23057,2305.7,5,0,0.0,12.73
23058,2305.8,5,0,0.0,12.7
23059,2305.9,5,0,0.0,12.71
23060,2306.0,4,1,0.0,12.41
23061,2306.1,4,0,0.0,12.38
23062,2306.2,4,0,0.0,12.35
23063,2306.3,4,0,0.0,12.31
23064,2306.4,4,0,0.0,12.3
23065,2306.5,4,0,0.0,12.25
23066,2306.6,4,0,0.0,12.25
23067,2306.7,4,0,0.0,12.25
23068,2306.8,4,0,0.0,12.22
23069,2306.9,4,0,0.0,12.19
23070,2307.0,4,0,0.0,12.18
23071,2307.1,4,0,0.0,12.19
23072,2307.2,4,0,0.0,12.17
23073,2307.3,4,0,0.0,12.16
23074,2307.4,4,0,0.0,12.12
23075,2307.5,4,0,0.0,12.12
23076,2307.6,4,0,0.0,12.1
23077,2307.7,4,0,0.0,12.06
23078,2307.8,4,0,0.0,12.08
23079,2307.9,4,0,0.0,12.05
23080,2308.0,4,0,0.0,12.05
23081,2308.1,3,1,0.0,11.4
23082,2308.2,3,0,0.0,11.38
23083,2308.3,3,0,0.0,11.36
23084,2308.4,3,0,0.0,11.32
23085,2308.5,3,0,0.0,11.29
23086,2308.6,3,0,0.0,11.31
23087,2308.7,3,0,0.0,11.32
23088,2308.8,3,0,0.0,11.31
23089,2308.9,3,0,0.0,11.3
23090,2309.0,3,0,0.0,11.26
23091,2309.1,3,0,0.0,11.25
23092,2309.2,3,0,0.0,11.23
23093,2309.3,3,0,0.0,11.22
23094,2309.4,3,0,0.0,11.22
23095,2309.5,3,0,0.0,11.19
23096,2309.6,3,0,0.0,11.17
23097,2309.7,3,0,0.0,11.18
23098,2309.8,3,0,0.0,11.18
23099,2309.9,2,1,0.0,10.53
23100,2310.0,2,0,0.0,10.51
23101,2310.1,2,0,0.0,10.48
23102,2310.2,2,0,0.0,10.45
23103,2310.3,2,0,0.0,10.42
23104,2310.4,3,0,0.0,11.57
23105,2310.5,3,0,0.0,11.57
23106,2310.6,3,0,0.0,11.54
23107,2310.7,3,0,0.0,11.57
23108,2310.8,3,0,0.0,11.52
23109,2310.9,3,0,0.0,11.49
23110,2311.0,2,1,0.0,10.37
23111,2311.1,3,0,0.0,10.63
23112,2311.2,3,0,0.0,10.58
23113,2311.3,3,0,0.0,10.6
23114,2311.4,3,0,0.0,10.58
23115,2311.5,3,0,0.0,10.61
23116,2311.6,3,0,0.0,10.58
23117,2311.7,3,0,0.0,10.58
23118,2311.8,3,0,0.0,10.54
23119,2311.9,3,0,0.0,10.54
23120,2312.0,3,0,0.0,10.55
23121,2312.1,3,0,0.0,10.54
23122,2312.2,3,0,0.0,10.52
23123,2312.3,3,0,0.0,10.52
23124,2312.4,3,0,0.0,10.52
23125,2312.5,3,0,0.0,10.53
23126,2312.6,3,0,0.0,10.53
23127,2312.7,3,0,0.0,10.53
23128,2312.8,3,0,0.0,10.52
23129,2312.9,3,0,0.0,10.52
23130,2313.0,3,0,0.0,10.51
23131,2313.1,3,0,0.0,10.46
23132,2313.2,3,0,0.0,10.53
23133,2313.3,4,0,0.0,10.55
23134,2313.4,4,0,0.0,10.53
23135,2313.5,4,0,0.0,10.53
23136,2313.6,4,0,0.0,10.53
23137,2313.7,4,0,0.0,10.52
23138,2313.8,4,0,0.0,10.53
23139,2313.9,4,0,0.0,10.49
23140,2314.0,4,0,0.0,10.51
23141,2314.1,4,0,0.0,10.5
23142,2314.2,4,0,0.0,10.51
23143,2314.3,4,0,0.0,10.52
23144,2314.4,4,0,0.0,10.51
23145,2314.5,4,0,0.0,10.53
23146,2314.6,3,1,0.0,10.68
23147,2314.7,3,0,0.0,10.74
23148,2314.8,3,0,0.0,10.82
23149,2314.9,3,0,0.0,10.89
23150,2315.0,3,0,0.0,10.94
23151,2315.1,3,0,0.0,11.01
23152,2315.2,3,0,0.0,11.0
23153,2315.3,3,0,0.0,11.14
23154,2315.4,4,0,0.0,11.92
23155,2315.5,4,0,0.0,11.92
23156,2315.6,4,0,0.0,11.98
23157,2315.7,4,0,0.0,12.0
23158,2315.8,4,0,0.0,12.06
23159,2315.9,4,0,0.0,12.12
23160,2316.0,3,1,0.0,11.58
23161,2316.1,3,0,0.0,11.61
23162,2316.2,3,0,0.0,11.7
23163,2316.3,3,0,0.0,11.72
23164,2316.4,3,0,0.0,11.83
23165,2316.5,3,0,0.0,11.87
23166,2316.6,2,1,0.0,10.92
23167,2316.7,2,0,0.0,10.9
23168,2316.8,3,0,0.0,11.25
23169,2316.9,3,0,0.0,11.22
23170,2317.0,3,0,0.0,11.21
23171,2317.1,3,0,0.0,11.22
23172,2317.2,3,0,0.0,11.22
23173,2317.3,3,0,0.0,11.22
23174,2317.4,3,0,0.0,11.21
23175,2317.5,3,0,0.0,11.2
23176,2317.6,3,0,0.0,11.22
23177,2317.7,3,0,0.0,11.23
23178,2317.8,2,1,0.0,11.52
23179,2317.9,2,0,0.0,11.45
23180,2318.0,2,0,0.0,11.51
23181,2318.1,2,0,0.0,11.46
23182,2318.2,2,0,0.0,11.49
23183,2318.3,2,0,0.0,11.51
23184,2318.4,2,0,0.0,11.49
23185,2318.5,2,0,0.0,11.51
23186,2318.6,2,0,0.0,11.45
23187,2318.7,2,0,0.0,11.5
23188,2318.8,2,0,0.0,11.45
23189,2318.9,2,0,0.0,11.54
23190,2319.0,2,0,0.0,11.52
23191,2319.1,2,0,0.0,11.54
23192,2319.2,2,0,0.0,11.51
23193,2319.3,2,0,0.0,11.49
23194,2319.4,2,0,0.0,11.49
23195,2319.5,2,0,0.0,11.47
23196,2319.6,2,0,0.0,11.48
23197,2319.7,2,0,0.0,11.5
23198,2319.8,2,0,0.0,11.52
23199,2319.9,2,0,0.0,11.53
23200,2320.0,2,0,0.0,11.51
23201,2320.1,2,0,0.0,11.49
23202,2320.2,2,0,0.0,11.51
23203,2320.3,2,0,0.0,11.48
23204,2320.4,3,0,0.0,11.76
23205,2320.5,3,0,0.0,11.7
23206,2320.6,3,0,0.0,11.75
23207,2320.7,3,0,0.0,11.73
23208,2320.8,3,0,0.0,11.77
23209,2320.9,3,0,0.0,11.7
23210,2321.0,2,1,0.0,11.45
23211,2321.1,2,0,0.0,11.49
23212,2321.2,2,0,0.0,11.48
23213,2321.3,2,0,0.0,11.51
23214,2321.4,2,0,0.0,11.49
23215,2321.5,2,0,0.0,11.49
23216,2321.6,2,0,0.0,11.44
23217,2321.7,2,0,0.0,11.45
23218,2321.8,2,0,0.0,11.48
23219,2321.9,2,0,0.0,11.49
23220,2322.0,3,0,0.0,12.32
23221,2322.1,3,0,0.0,12.3
23222,2322.2,3,0,0.0,12.34
23223,2322.3,3,0,0.0,12.32
23224,2322.4,3,0,0.0,12.3
23225,2322.5,3,1,0.0,13.22
23226,2322.6,3,0,0.0,13.22
23227,2322.7,3,0,0.0,13.24
23228,2322.8,3,0,0.0,13.25
23229,2322.9,3,0,0.0,13.25
23230,2323.0,3,0,0.0,13.22
23231,2323.1,3,0,0.0,13.24
23232,2323.2,3,0,0.0,13.21
23233,2323.3,3,0,0.0,13.23
23234,2323.4,3,0,0.0,13.2
23235,2323.5,3,0,0.0,13.26
23236,2323.6,3,0,0.0,13.24
23237,2323.7,3,0,0.0,13.27
23238,2323.8,3,0,0.0,13.22
23239,2323.9,3,0,0.0,13.22
23240,2324.0,3,0,0.0,13.24
23241,2324.1,3,0,0.0,13.26
23242,2324.2,3,0,0.0,13.2
23243,2324.3,3,0,0.0,13.25
23244,2324.4,3,0,0.0,13.22
23245,2324.5,4,0,0.0,12.42
23246,2324.6,4,0,0.0,12.41
23247,2324.7,3,1,0.0,13.27
23248,2324.8,3,0,0.0,13.21
23249,2324.9,3,0,0.0,13.21
23250,2325.0,3,0,0.0,13.21
23251,2325.1,3,0,0.0,13.18
23252,2325.2,3,0,0.0,13.18
23253,2325.3,4,0,0.0,13.46
23254,2325.4,4,0,0.0,13.4
23255,2325.5,3,1,0.0,13.23
23256,2325.6,3,0,0.0,13.25
23257,2325.7,3,0,0.0,13.23
23258,2325.8,3,0,0.0,13.22
23259,2325.9,2,1,0.0,12.87
23260,2326.0,2,0,0.0,12.88
23261,2326.1,2,0,0.0,12.89
23262,2326.2,2,0,0.0,12.89
23263,2326.3,2,0,0.0,12.87
23264,2326.4,2,0,0.0,12.86
23265,2326.5,2,0,0.0,12.89
23266,2326.6,2,0,0.0,12.87
23267,2326.7,2,0,0.0,12.89
23268,2326.8,2,0,0.0,12.84
23269,2326.9,2,0,0.0,12.87
23270,2327.0,2,0,0.0,12.9
23271,2327.1,2,0,0.0,12.87
23272,2327.2,2,0,0.0,12.9
23273,2327.3,2,0,0.0,12.89
23274,2327.4,2,0,0.0,12.85
23275,2327.5,2,0,0.0,12.86
23276,2327.6,1,1,0.0,13.9
23277,2327.7,1,0,0.0,13.97
23278,2327.8,1,0,0.0,13.96
23279,2327.9,1,0,0.0,13.91
23280,2328.0,1,0,0.0,13.93
23281,2328.1,2,0,0.0,13.96
23282,2328.2,2,0,0.0,13.9
23283,2328.3,2,0,0.0,13.96
23284,2328.4,2,0,0.0,13.93
23285,2328.5,2,0,0.0,13.93
23286,2328.6,2,0,0.0,13.94
23287,2328.7,2,0,0.0,13.95
23288,2328.8,2,0,0.0,13.95
23289,2328.9,2,0,0.0,13.93
23290,2329.0,2,0,0.0,13.91
23291,2329.1,2,0,0.0,13.88
23292,2329.2,2,0,0.0,13.93
23293,2329.3,2,0,0.0,13.95
23294,2329.4,2,0,0.0,13.92
23295,2329.5,2,0,0.0,13.96
23296,2329.6,2,0,0.0,13.97
23297,2329.7,2,0,0.0,13.99
23298,2329.8,2,0,0.0,13.95
23299,2329.9,2,0,0.0,13.95
23300,2330.0,2,0,0.0,13.88
23301,2330.1,2,0,0.0,13.92
23302,2330.2,2,0,0.0,13.94
23303,2330.3,3,0,0.0,13.96
23304,2330.4,3,0,0.0,13.93
23305,2330.5,3,0,0.0,13.92
23306,2330.6,3,0,0.0,13.92
23307,2330.7,4,0,0.0,13.93
23308,2330.8,4,0,0.0,13.94
23309,2330.9,3,1,0.0,13.93
23310,2331.0,3,0,0.0,13.94
23311,2331.1,3,0,0.0,13.93
23312,2331.2,3,0,0.0,13.95
23313,2331.3,3,0,0.0,13.93
23314,2331.4,3,0,0.0,13.95
23315,2331.5,3,0,0.0,13.95
23316,2331.6,3,0,0.0,13.95
23317,2331.7,2,1,0.0,13.93
23318,2331.8,2,0,0.0,13.98
23319,2331.9,2,0,0.0,13.9
23320,2332.0,2,0,0.0,13.91
23321,2332.1,2,0,0.0,13.93
23322,2332.2,2,0,0.0,13.91
23323,2332.3,2,0,0.0,13.9
23324,2332.4,2,0,0.0,13.95
23325,2332.5,2,0,0.0,13.95
23326,2332.6,2,0,0.0,13.93
23327,2332.7,2,0,0.0,13.89
23328,2332.8,2,0,0.0,13.93
23329,2332.9,2,0,0.0,13.96
23330,2333.0,2,0,0.0,13.92
23331,2333.1,2,0,0.0,13.95
23332,2333.2,2,0,0.0,13.93
23333,2333.3,2,0,0.0,13.94
23334,2333.4,2,0,0.0,13.94
23335,2333.5,2,0,0.0,13.88
23336,2333.6,2,0,0.0,13.89
23337,2333.7,2,0,0.0,13.94
23338,2333.8,3,0,0.0,13.27
23339,2333.9,3,0,0.0,13.26
23340,2334.0,3,0,0.0,13.26
23341,2334.1,3,0,0.0,13.3
23342,2334.2,2,1,0.0,12.98
23343,2334.3,2,0,0.0,12.94
23344,2334.4,2,0,0.0,12.9
23345,2334.5,2,0,0.0,12.94
23346,2334.6,2,0,0.0,13.0
23347,2334.7,2,0,0.0,12.93
23348,2334.8,2,0,0.0,12.96
23349,2334.9,2,0,0.0,12.95
23350,2335.0,2,0,0.0,12.91
23351,2335.1,2,0,0.0,12.93
23352,2335.2,2,0,0.0,12.99
23353,2335.3,3,0,0.0,13.25
23354,2335.4,3,0,0.0,13.27
23355,2335.5,3,0,0.0,13.24
23356,2335.6,3,0,0.0,13.29
23357,2335.7,3,0,0.0,13.29
23358,2335.8,3,0,0.0,13.28
23359,2335.9,2,1,0.0,12.94
23360,2336.0,2,0,0.0,12.94
23361,2336.1,2,0,0.0,12.91
23362,2336.2,2,0,0.0,12.96
23363,2336.3,2,0,0.0,12.96
23364,2336.4,2,0,0.0,12.96
23365,2336.5,2,0,0.0,13.01
23366,2336.6,2,0,0.0,12.97
23367,2336.7,2,0,0.0,12.98
23368,2336.8,2,0,0.0,13.0
23369,2336.9,2,0,0.0,12.95
23370,2337.0,2,0,0.0,12.95
23371,2337.1,2,0,0.0,12.91
23372,2337.2,2,0,0.0,12.94
23373,2337.3,1,1,0.0,12.02
23374,2337.4,1,0,0.0,11.94
23375,2337.5,1,0,0.0,11.96
23376,2337.6,1,0,0.0,11.92
23377,2337.7,1,0,0.0,12.01
23378,2337.8,1,0,0.0,12.03
23379,2337.9,1,0,0.0,11.91
23380,2338.0,1,0,0.0,11.97
23381,2338.1,1,0,0.0,11.99
23382,2338.2,1,0,0.0,11.95
23383,2338.3,1,0,0.0,11.93
23384,2338.4,1,0,0.0,11.96
23385,2338.5,1,0,0.0,12.0
23386,2338.6,1,0,0.0,12.01
23387,2338.7,1,0,0.0,12.01
23388,2338.8,1,0,0.0,12.0
23389,2338.9,1,0,0.0,11.92
23390,2339.0,1,0,0.0,11.95
23391,2339.1,1,0,0.0,12.03
23392,2339.2,1,0,0.0,11.93
23393,2339.3,1,0,0.0,11.97
23394,2339.4,2,0,0.0,12.91
23395,2339.5,3,0,0.0,13.21
23396,2339.6,3,0,0.0,13.25
23397,2339.7,3,0,0.0,13.26
23398,2339.8,3,0,0.0,13.21
23399,2339.9,3,0,0.0,13.24
23400,2340.0,3,0,0.0,13.21
23401,2340.1,3,0,0.0,13.21
23402,2340.2,3,0,0.0,13.22
23403,2340.3,4,0,0.0,13.41
23404,2340.4,4,0,0.0,13.38
23405,2340.5,4,0,0.0,13.42
23406,2340.6,4,0,0.0,13.41
23407,2340.7,4,0,0.0,13.37
23408,2340.8,4,0,0.0,13.43
23409,2340.9,3,1,0.0,13.23
23410,2341.0,3,0,0.0,13.21
23411,2341.1,3,0,0.0,13.19
23412,2341.2,3,0,0.0,13.23
23413,2341.3,3,0,0.0,13.24
23414,2341.4,3,0,0.0,13.21
23415,2341.5,3,0,0.0,13.19
23416,2341.6,3,0,0.0,13.26
23417,2341.7,3,0,0.0,13.21
23418,2341.8,3,0,0.0,13.26
23419,2341.9,3,0,0.0,13.25
23420,2342.0,3,0,0.0,13.23
23421,2342.1,3,0,0.0,13.2
23422,2342.2,3,0,0.0,13.24
23423,2342.3,3,0,0.0,13.2
23424,2342.4,3,0,0.0,13.21
23425,2342.5,3,0,0.0,13.22
23426,2342.6,3,0,0.0,13.26
23427,2342.7,3,0,0.0,13.19
23428,2342.8,3,0,0.0,13.24
23429,2342.9,2,1,0.0,12.94
23430,2343.0,2,0,0.0,12.97
23431,2343.1,2,0,0.0,12.91
23432,2343.2,2,0,0.0,12.96
23433,2343.3,2,0,0.0,12.95
23434,2343.4,2,0,0.0,12.93
23435,2343.5,2,0,0.0,12.92
23436,2343.6,2,0,0.0,12.99
23437,2343.7,2,0,0.0,12.93
23438,2343.8,2,0,0.0,12.96
23439,2343.9,2,0,0.0,12.95
23440,2344.0,2,0,0.0,12.97
23441,2344.1,2,0,0.0,12.98
23442,2344.2,2,0,0.0,12.99
23443,2344.3,3,0,0.0,11.96
23444,2344.4,3,0,0.0,11.94
23445,2344.5,2,1,0.0,11.96
23446,2344.6,2,0,0.0,11.98
23447,2344.7,2,0,0.0,11.93
23448,2344.8,2,0,0.0,11.94
23449,2344.9,2,0,0.0,11.95
23450,2345.0,2,0,0.0,11.97
23451,2345.1,2,0,0.0,11.95
23452,2345.2,3,0,0.0,10.34
23453,2345.3,4,0,0.0,10.87
23454,2345.4,4,0,0.0,10.92
23455,2345.5,4,0,0.0,10.89
23456,2345.6,4,0,0.0,10.98
23457,2345.7,4,0,0.0,10.96
23458,2345.8,4,0,0.0,11.02
23459,2345.9,3,1,0.0,10.55
23460,2346.0,3,0,0.0,10.56
23461,2346.1,3,0,0.0,10.56
23462,2346.2,3,0,0.0,10.57
23463,2346.3,3,0,0.0,10.65
23464,2346.4,3,0,0.0,10.71
23465,2346.5,3,0,0.0,10.71
23466,2346.6,3,0,0.0,10.69
23467,2346.7,3,0,0.0,10.73
23468,2346.8,3,0,0.0,10.75
23469,2346.9,3,0,0.0,10.74
23470,2347.0,3,0,0.0,10.8
23471,2347.1,3,0,0.0,10.81
23472,2347.2,3,0,0.0,10.82
23473,2347.3,3,0,0.0,10.81
23474,2347.4,3,0,0.0,10.83
23475,2347.5,3,0,0.0,10.85
23476,2347.6,3,0,0.0,10.87
23477,2347.7,3,0,0.0,10.92
23478,2347.8,3,0,0.0,10.91
23479,2347.9,3,0,0.0,10.93
23480,2348.0,3,0,0.0,10.96
23481,2348.1,4,0,0.0,11.36
23482,2348.2,4,0,0.0,11.35
23483,2348.3,4,0,0.0,11.36
23484,2348.4,4,0,0.0,11.41
23485,2348.5,4,0,0.0,11.36
23486,2348.6,4,0,0.0,11.37
23487,2348.7,3,1,0.0,10.59
23488,2348.8,3,0,0.0,10.58
23489,2348.9,3,0,0.0,10.59
23490,2349.0,3,0,0.0,10.59
23491,2349.1,3,0,0.0,10.59
23492,2349.2,3,0,0.0,10.58
23493,2349.3,3,0,0.0,10.64
23494,2349.4,3,0,0.0,10.65
23495,2349.5,3,0,0.0,10.6
23496,2349.6,3,0,0.0,10.61
23497,2349.7,3,0,0.0,10.62
23498,2349.8,3,0,0.0,10.67
23499,2349.9,3,0,0.0,10.64
23500,2350.0,3,0,0.0,10.64
23501,2350.1,3,0,0.0,10.66
23502,2350.2,4,0,0.0,11.48
23503,2350.3,4,0,0.0,11.46
23504,2350.4,4,0,0.0,11.5
23505,2350.5,4,0,0.0,11.49
23506,2350.6,4,0,0.0,11.48
23507,2350.7,4,0,0.0,11.49
23508,2350.8,4,1,0.0,11.16
23509,2350.9,4,0,0.0,11.17
23510,2351.0,4,0,0.0,11.16
23511,2351.1,4,0,0.0,11.15
23512,2351.2,4,0,0.0,11.17
23513,2351.3,4,0,0.0,11.2
23514,2351.4,4,0,0.0,11.17
23515,2351.5,4,0,0.0,11.2
23516,2351.6,4,0,0.0,11.21
23517,2351.7,4,0,0.0,11.2
23518,2351.8,4,0,0.0,11.19
23519,2351.9,3,1,0.0,10.76
23520,2352.0,3,0,0.0,10.74
23521,2352.1,3,0,0.0,10.75
23522,2352.2,3,0,0.0,10.72
23523,2352.3,3,0,0.0,10.78
23524,2352.4,3,0,0.0,10.75
23525,2352.5,3,0,0.0,10.78
23526,2352.6,3,0,0.0,10.8
23527,2352.7,3,0,0.0,10.78
23528,2352.8,3,0,0.0,10.8
23529,2352.9,4,0,0.0,10.56
23530,2353.0,4,0,0.0,10.59
23531,2353.1,3,1,0.0,10.8
23532,2353.2,3,0,0.0,10.8
23533,2353.3,3,0,0.0,10.76
23534,2353.4,3,0,0.0,10.79
23535,2353.5,3,0,0.0,10.79
23536,2353.6,3,0,0.0,10.82
23537,2353.7,3,0,0.0,10.8
23538,2353.8,3,0,0.0,10.82
23539,2353.9,3,0,0.0,10.8
23540,2354.0,3,0,0.0,10.76
23541,2354.1,3,0,0.0,10.78
23542,2354.2,3,0,0.0,10.79
23543,2354.3,3,0,0.0,10.84
23544,2354.4,3,0,0.0,10.77
23545,2354.5,3,0,0.0,10.81
23546,2354.6,3,0,0.0,10.83
23547,2354.7,3,0,0.0,10.81
23548,2354.8,3,0,0.0,10.8
23549,2354.9,3,0,0.0,10.81
23550,2355.0,3,0,0.0,10.81
23551,2355.1,3,0,0.0,10.85
23552,2355.2,4,0,0.0,11.61
23553,2355.3,4,0,0.0,11.58
23554,2355.4,4,0,0.0,11.61
23555,2355.5,4,0,0.0,11.59
23556,2355.6,4,0,0.0,11.62
23557,2355.7,4,0,0.0,11.57
23558,2355.8,3,1,0.0,10.81
23559,2355.9,3,0,0.0,10.8
23560,2356.0,3,0,0.0,10.85
23561,2356.1,3,0,0.0,10.85
23562,2356.2,3,0,0.0,10.82
23563,2356.3,3,0,0.0,10.84
23564,2356.4,3,0,0.0,10.82
23565,2356.5,3,1,0.0,11.8
23566,2356.6,3,0,0.0,11.86
23567,2356.7,3,0,0.0,11.91
23568,2356.8,4,0,0.0,12.47
23569,2356.9,4,0,0.0,12.48
23570,2357.0,4,0,0.0,12.52
23571,2357.1,4,0,0.0,12.57
23572,2357.2,4,0,0.0,12.63
23573,2357.3,4,0,0.0,12.67
23574,2357.4,4,0,0.0,12.74
23575,2357.5,4,0,0.0,12.83
23576,2357.6,4,0,0.0,12.84
23577,2357.7,4,0,0.0,12.86
23578,2357.8,4,0,0.0,12.94
23579,2357.9,4,0,0.0,12.98
23580,2358.0,4,0,0.0,13.03
23581,2358.1,4,0,0.0,13.09
23582,2358.2,4,0,0.0,13.17
23583,2358.3,4,0,0.0,13.19
23584,2358.4,3,1,0.0,13.11
23585,2358.5,3,0,0.0,13.12
23586,2358.6,3,0,0.0,13.12
23587,2358.7,3,0,0.0,13.13
23588,2358.8,3,0,0.0,13.16
23589,2358.9,3,0,0.0,13.14
23590,2359.0,3,0,0.0,13.16
23591,2359.1,3,0,0.0,13.11
23592,2359.2,3,0,0.0,13.1
23593,2359.3,3,0,0.0,13.14
23594,2359.4,3,0,0.0,13.14
23595,2359.5,3,0,0.0,13.11
23596,2359.6,3,0,0.0,13.15
23597,2359.7,3,0,0.0,13.17
23598,2359.8,3,0,0.0,13.1
23599,2359.9,3,0,0.0,13.13
23600,2360.0,3,0,0.0,13.14
23601,2360.1,3,0,0.0,13.1
23602,2360.2,4,0,0.0,12.92
23603,2360.3,3,1,0.0,12.57
23604,2360.4,3,0,0.0,12.61
23605,2360.5,3,0,0.0,12.62
23606,2360.6,3,0,0.0,12.63
23607,2360.7,3,0,0.0,12.63
23608,2360.8,2,1,0.0,12.72
23609,2360.9,1,1,0.0,12.78
23610,2361.0,1,0,0.0,12.87
23611,2361.1,1,0,0.0,12.8
23612,2361.2,1,0,0.0,12.88
23613,2361.3,1,0,0.0,12.86
23614,2361.4,1,0,0.0,12.88
23615,2361.5,1,0,0.0,12.83
23616,2361.6,1,0,0.0,12.79
23617,2361.7,1,0,0.0,12.88
23618,2361.8,1,0,0.0,12.83
23619,2361.9,1,0,0.0,12.8
23620,2362.0,1,0,0.0,12.83
23621,2362.1,1,0,0.0,12.89
23622,2362.2,2,0,0.0,13.45
23623,2362.3,2,0,0.0,13.38
23624,2362.4,2,0,0.0,13.39
23625,2362.5,2,0,0.0,13.39
23626,2362.6,2,0,0.0,13.37
23627,2362.7,2,0,0.0,13.42
23628,2362.8,2,0,0.0,13.37
23629,2362.9,2,0,0.0,13.38
23630,2363.0,2,0,0.0,13.41
23631,2363.1,2,0,0.0,13.36
23632,2363.2,2,0,0.0,13.37
23633,2363.3,2,0,0.0,13.39
23634,2363.4,2,0,0.0,13.35
23635,2363.5,2,0,0.0,13.37
23636,2363.6,2,0,0.0,13.37
23637,2363.7,2,0,0.0,13.34
23638,2363.8,2,0,0.0,13.4
23639,2363.9,2,0,0.0,13.35
23640,2364.0,2,0,0.0,13.35
23641,2364.1,2,0,0.0,13.4
23642,2364.2,2,0,0.0,13.4
23643,2364.3,2,0,0.0,13.44
23644,2364.4,2,0,0.0,13.38
23645,2364.5,2,0,0.0,13.39
23646,2364.6,2,0,0.0,13.43
23647,2364.7,2,0,0.0,13.42
23648,2364.8,2,0,0.0,13.41
23649,2364.9,2,0,0.0,13.37
23650,2365.0,2,0,0.0,13.41
23651,2365.1,2,0,0.0,13.37
23652,2365.2,3,0,0.0,13.58
23653,2365.3,3,0,0.0,13.58
23654,2365.4,3,0,0.0,13.57
23655,2365.5,4,0,0.0,13.66
23656,2365.6,4,0,0.0,13.67
23657,2365.7,4,0,0.0,13.62
23658,2365.8,3,1,0.0,13.6
23659,2365.9,3,0,0.0,13.56
23660,2366.0,3,0,0.0,13.58
23661,2366.1,3,0,0.0,13.53
23662,2366.2,3,0,0.0,13.53
23663,2366.3,3,0,0.0,13.56
23664,2366.4,2,1,0.0,13.93
23665,2366.5,2,0,0.0,13.99
23666,2366.6,2,0,0.0,13.9
23667,2366.7,2,0,0.0,13.94
23668,2366.8,2,0,0.0,13.92
23669,2366.9,2,0,0.0,13.94
23670,2367.0,2,0,0.0,13.93
23671,2367.1,2,0,0.0,13.93
23672,2367.2,2,0,0.0,13.97
23673,2367.3,2,0,0.0,13.88
23674,2367.4,2,0,0.0,13.93
23675,2367.5,2,0,0.0,13.96
23676,2367.6,2,0,0.0,13.93
23677,2367.7,2,0,0.0,13.92
23678,2367.8,2,0,0.0,13.93
23679,2367.9,3,0,0.0,13.93
23680,2368.0,3,0,0.0,13.95
23681,2368.1,3,0,0.0,13.93
23682,2368.2,3,0,0.0,13.97
23683,2368.3,3,0,0.0,13.96
23684,2368.4,3,0,0.0,13.97
23685,2368.5,3,0,0.0,13.96
23686,2368.6,3,0,0.0,13.93
23687,2368.7,3,0,0.0,13.94
23688,2368.8,3,0,0.0,13.93
23689,2368.9,3,0,0.0,13.97
23690,2369.0,2,1,0.0,13.93
23691,2369.1,2,0,0.0,13.91
23692,2369.2,2,0,0.0,13.97
23693,2369.3,2,0,0.0,13.95
23694,2369.4,2,0,0.0,13.96
23695,2369.5,2,0,0.0,13.88
23696,2369.6,2,0,0.0,13.98
23697,2369.7,2,0,0.0,13.95
23698,2369.8,2,0,0.0,13.89
23699,2369.9,2,0,0.0,13.97
23700,2370.0,2,0,0.0,13.93
23701,2370.1,2,0,0.0,13.97
23702,2370.2,3,0,0.0,13.53
23703,2370.3,3,0,0.0,13.51
23704,2370.4,3,0,0.0,13.54
23705,2370.5,3,0,0.0,13.52
23706,2370.6,3,0,0.0,13.55
23707,2370.7,3,0,0.0,13.55
23708,2370.8,2,1,0.0,13.94
23709,2370.9,2,0,0.0,13.96
23710,2371.0,2,0,0.0,13.95
23711,2371.1,2,0,0.0,13.95
23712,2371.2,2,0,0.0,13.95
23713,2371.3,2,0,0.0,13.94
23714,2371.4,1,1,0.0,13.87
23715,2371.5,1,0,0.0,13.96
23716,2371.6,1,0,0.0,13.99
23717,2371.7,1,0,0.0,13.96
23718,2371.8,1,0,0.0,13.94
23719,2371.9,1,0,0.0,13.95
23720,2372.0,1,0,0.0,13.93
23721,2372.1,1,0,0.0,13.92
23722,2372.2,1,0,0.0,13.97
23723,2372.3,1,0,0.0,13.91
23724,2372.4,1,0,0.0,13.91
23725,2372.5,1,0,0.0,13.92
23726,2372.6,1,0,0.0,13.95
23727,2372.7,1,0,0.0,13.96
23728,2372.8,1,0,0.0,13.92
23729,2372.9,1,0,0.0,13.93
23730,2373.0,1,0,0.0,13.96
23731,2373.1,1,0,0.0,13.89
23732,2373.2,1,0,0.0,13.94
23733,2373.3,1,0,0.0,13.98
23734,2373.4,1,0,0.0,13.99
23735,2373.5,1,0,0.0,13.97
23736,2373.6,2,0,0.0,13.89
23737,2373.7,2,0,0.0,13.86
23738,2373.8,2,0,0.0,13.81
23739,2373.9,2,0,0.0,13.84
23740,2374.0,2,0,0.0,13.78
23741,2374.1,2,0,0.0,13.78
23742,2374.2,3,0,0.0,12.8
23743,2374.3,3,0,0.0,12.74
23744,2374.4,3,0,0.0,12.79
23745,2374.5,3,0,0.0,12.76
23746,2374.6,3,0,0.0,12.71
23747,2374.7,3,0,0.0,12.75
23748,2374.8,3,0,0.0,12.77
23749,2374.9,3,0,0.0,12.75
23750,2375.0,3,0,0.0,12.8
23751,2375.1,4,0,0.0,13.07
23752,2375.2,4,0,0.0,13.08
23753,2375.3,4,0,0.0,13.06
23754,2375.4,4,0,0.0,13.04
23755,2375.5,4,0,0.0,13.06
23756,2375.6,4,0,0.0,13.06
23757,2375.7,3,1,0.0,12.79
23758,2375.8,3,0,0.0,12.75
23759,2375.9,3,0,0.0,12.78
23760,2376.0,3,0,0.0,12.78
23761,2376.1,3,0,0.0,12.78
23762,2376.2,3,0,0.0,12.8
23763,2376.3,3,0,0.0,12.79
23764,2376.4,3,0,0.0,12.79
23765,2376.5,3,0,0.0,12.82
23766,2376.6,3,0,0.0,12.77
23767,2376.7,3,0,0.0,12.76
23768,2376.8,3,0,0.0,12.79
23769,2376.9,3,0,0.0,12.8
23770,2377.0,3,0,0.0,12.79
23771,2377.1,2,1,0.0,12.15
23772,2377.2,2,0,0.0,12.22
23773,2377.3,2,0,0.0,12.19
23774,2377.4,2,0,0.0,12.22
23775,2377.5,2,0,0.0,12.17
23776,2377.6,2,0,0.0,12.13
23777,2377.7,2,0,0.0,12.19
23778,2377.8,2,0,0.0,12.15
23779,2377.9,2,0,0.0,12.18
23780,2378.0,2,0,0.0,12.22
23781,2378.1,2,0,0.0,12.18
23782,2378.2,2,0,0.0,12.17
23783,2378.3,2,0,0.0,12.21
23784,2378.4,2,0,0.0,12.22
23785,2378.5,2,0,0.0,12.15
23786,2378.6,2,0,0.0,12.13
23787,2378.7,1,1,0.0,13.72
23788,2378.8,1,0,0.0,13.73
23789,2378.9,1,0,0.0,13.73
23790,2379.0,1,0,0.0,13.7
23791,2379.1,1,0,0.0,13.72
23792,2379.2,2,0,0.0,13.85
23793,2379.3,2,0,0.0,13.8
23794,2379.4,2,0,0.0,13.82
23795,2379.5,2,0,0.0,13.8
23796,2379.6,2,0,0.0,13.83
23797,2379.7,2,0,0.0,13.83
23798,2379.8,2,0,0.0,13.82
23799,2379.9,2,0,0.0,13.82
23800,2380.0,2,0,0.0,13.8
23801,2380.1,3,0,0.0,13.38
23802,2380.2,3,0,0.0,13.36
23803,2380.3,3,0,0.0,13.36
23804,2380.4,3,0,0.0,13.34
23805,2380.5,3,0,0.0,13.35
23806,2380.6,3,0,0.0,13.37
23807,2380.7,2,1,0.0,13.83
23808,2380.8,2,0,0.0,13.86
23809,2380.9,2,0,0.0,13.89
23810,2381.0,2,0,0.0,13.84
23811,2381.1,2,0,0.0,13.8
23812,2381.2,3,0,0.0,12.55
23813,2381.3,3,0,0.0,12.55
23814,2381.4,2,1,0.0,13.82
23815,2381.5,2,0,0.0,13.84
23816,2381.6,2,0,0.0,13.89
23817,2381.7,2,0,0.0,13.83
23818,2381.8,2,0,0.0,13.8
23819,2381.9,2,0,0.0,13.84
23820,2382.0,2,0,0.0,13.84
23821,2382.1,2,0,0.0,13.85
23822,2382.2,2,0,0.0,13.83
23823,2382.3,2,0,0.0,13.83
23824,2382.4,2,0,0.0,13.84
23825,2382.5,2,0,0.0,13.8
23826,2382.6,2,0,0.0,13.88
23827,2382.7,2,0,0.0,13.85
23828,2382.8,2,0,0.0,13.8
23829,2382.9,2,1,0.0,13.94
23830,2383.0,2,0,0.0,13.92
23831,2383.1,2,0,0.0,13.95
23832,2383.2,2,0,0.0,13.95
23833,2383.3,2,0,0.0,13.94
23834,2383.4,2,0,0.0,13.94
23835,2383.5,2,0,0.0,13.88
23836,2383.6,2,0,0.0,13.94
23837,2383.7,2,0,0.0,13.94
23838,2383.8,2,0,0.0,13.94
23839,2383.9,2,0,0.0,13.9
23840,2384.0,2,0,0.0,13.9
23841,2384.1,2,0,0.0,13.98
23842,2384.2,2,0,0.0,13.97
23843,2384.3,2,0,0.0,13.91
23844,2384.4,2,0,0.0,13.98
23845,2384.5,2,0,0.0,13.95
23846,2384.6,2,0,0.0,13.93
23847,2384.7,2,0,0.0,13.94
23848,2384.8,2,0,0.0,13.97
23849,2384.9,3,0,0.0,13.74
23850,2385.0,3,0,0.0,13.71
23851,2385.1,4,0,0.0,13.59
23852,2385.2,4,0,0.0,13.64
23853,2385.3,4,0,0.0,13.55
23854,2385.4,4,0,0.0,13.57
23855,2385.5,4,0,0.0,13.6
23856,2385.6,4,0,0.0,13.62
23857,2385.7,3,1,0.0,13.71
23858,2385.8,3,0,0.0,13.76
23859,2385.9,3,0,0.0,13.75
23860,2386.0,3,0,0.0,13.7
23861,2386.1,3,0,0.0,13.74
23862,2386.2,4,0,0.0,12.79
23863,2386.3,4,0,0.0,12.82
23864,2386.4,3,1,0.0,12.38
23865,2386.5,3,0,0.0,12.41
23866,2386.6,3,0,0.0,12.39
23867,2386.7,3,0,0.0,12.42
23868,2386.8,3,0,0.0,12.42
23869,2386.9,3,0,0.0,12.44
23870,2387.0,3,0,0.0,12.38
23871,2387.1,3,0,0.0,12.44
23872,2387.2,3,0,0.0,12.43
23873,2387.3,3,0,0.0,12.4
23874,2387.4,3,0,0.0,12.39
23875,2387.5,3,0,0.0,12.42
23876,2387.6,3,0,0.0,12.38
23877,2387.7,3,0,0.0,12.42
23878,2387.8,3,0,0.0,12.4
23879,2387.9,3,0,0.0,12.37
23880,2388.0,3,0,0.0,12.43
23881,2388.1,3,0,0.0,12.38
23882,2388.2,3,0,0.0,12.41
23883,2388.3,3,0,0.0,12.41
23884,2388.4,2,1,0.0,11.66
23885,2388.5,2,0,0.0,11.64
23886,2388.6,2,0,0.0,11.64
23887,2388.7,2,0,0.0,11.62
23888,2388.8,2,0,0.0,11.62
23889,2388.9,2,0,0.0,11.67
23890,2389.0,2,0,0.0,11.66
23891,2389.1,2,0,0.0,11.66
23892,2389.2,2,0,0.0,11.67
23893,2389.3,2,0,0.0,11.65
23894,2389.4,2,0,0.0,11.65
23895,2389.5,2,0,0.0,11.63
23896,2389.6,2,0,0.0,11.64
23897,2389.7,2,0,0.0,11.67
23898,2389.8,2,0,0.0,11.62
23899,2389.9,2,0,0.0,11.69
23900,2390.0,2,0,0.0,11.62
23901,2390.1,3,0,0.0,12.42
23902,2390.2,3,0,0.0,12.4
23903,2390.3,3,0,0.0,12.43
23904,2390.4,3,0,0.0,12.42
23905,2390.5,3,0,0.0,12.39
23906,2390.6,4,0,0.0,12.81
23907,2390.7,3,1,0.0,12.4
23908,2390.8,3,0,0.0,12.42
23909,2390.9,3,0,0.0,12.41
23910,2391.0,3,0,0.0,12.43
23911,2391.1,3,0,0.0,12.4
23912,2391.2,3,0,0.0,12.4
23913,2391.3,3,0,0.0,12.42
23914,2391.4,3,0,0.0,12.43
23915,2391.5,4,0,0.0,12.81
23916,2391.6,4,0,0.0,12.78
23917,2391.7,4,0,0.0,12.79
23918,2391.8,4,0,0.0,12.79
23919,2391.9,4,0,0.0,12.78
23920,2392.0,4,0,0.0,12.81
23921,2392.1,4,0,0.0,12.77
23922,2392.2,4,0,0.0,12.8
23923,2392.3,4,0,0.0,12.78
23924,2392.4,4,0,0.0,12.77
23925,2392.5,4,0,0.0,12.8
23926,2392.6,4,0,0.0,12.82
23927,2392.7,4,0,0.0,12.82
23928,2392.8,4,0,0.0,12.79
23929,2392.9,4,0,0.0,12.81
23930,2393.0,4,0,0.0,12.8
23931,2393.1,4,0,0.0,12.78
23932,2393.2,4,0,0.0,12.78
23933,2393.3,4,0,0.0,12.83
23934,2393.4,4,0,0.0,12.8
23935,2393.5,4,0,0.0,12.81
23936,2393.6,4,0,0.0,12.81
23937,2393.7,4,0,0.0,12.81
23938,2393.8,4,0,0.0,12.78
23939,2393.9,4,0,0.0,12.74
23940,2394.0,4,0,0.0,12.75
23941,2394.1,4,0,0.0,12.73
23942,2394.2,4,0,0.0,12.71
23943,2394.3,4,0,0.0,12.66
23944,2394.4,4,0,0.0,12.66
23945,2394.5,3,1,0.0,12.43
23946,2394.6,3,0,0.0,12.36
23947,2394.7,3,0,0.0,12.31
23948,2394.8,3,0,0.0,12.35
23949,2394.9,3,0,0.0,12.32
23950,2395.0,3,1,0.0,12.3
23951,2395.1,3,0,0.0,12.26
23952,2395.2,3,0,0.0,12.18
23953,2395.3,3,0,0.0,12.22
23954,2395.4,3,0,0.0,12.15
23955,2395.5,3,0,0.0,12.18
23956,2395.6,2,1,0.0,11.22
23957,2395.7,2,0,0.0,11.15
23958,2395.8,2,0,0.0,11.13
23959,2395.9,2,0,0.0,11.12
23960,2396.0,2,0,0.0,11.1
23961,2396.1,2,0,0.0,11.04
23962,2396.2,2,0,0.0,11.04
23963,2396.3,3,0,0.0,12.02
23964,2396.4,3,0,0.0,11.98
23965,2396.5,3,0,0.0,11.94
23966,2396.6,3,0,0.0,11.91
23967,2396.7,3,0,0.0,11.89
23968,2396.8,3,0,0.0,11.91
23969,2396.9,3,0,0.0,11.87
23970,2397.0,3,0,0.0,11.83
23971,2397.1,3,0,0.0,11.83
23972,2397.2,3,0,0.0,11.81
23973,2397.3,3,0,0.0,11.8
23974,2397.4,3,0,0.0,11.8
23975,2397.5,3,0,0.0,11.8
23976,2397.6,3,0,0.0,11.76
23977,2397.7,3,0,0.0,11.77
23978,2397.8,3,0,0.0,11.73
23979,2397.9,3,0,0.0,11.73
23980,2398.0,3,0,0.0,11.71
23981,2398.1,3,0,0.0,11.68
23982,2398.2,3,0,0.0,11.68
23983,2398.3,3,0,0.0,11.67
23984,2398.4,2,1,0.0,12.52
23985,2398.5,2,0,0.0,12.6
23986,2398.6,2,0,0.0,12.64
23987,2398.7,2,0,0.0,12.77
23988,2398.8,2,0,0.0,12.81
23989,2398.9,2,0,0.0,12.95
23990,2399.0,2,0,0.0,13.05
23991,2399.1,2,0,0.0,13.19
23992,2399.2,2,0,0.0,13.3
23993,2399.3,2,0,0.0,13.41
23994,2399.4,2,0,0.0,13.52
23995,2399.5,2,0,0.0,13.62
23996,2399.6,2,0,0.0,13.73
23997,2399.7,2,0,0.0,13.8
23998,2399.8,2,0,0.0,13.93
23999,2399.9,2,0,0.0,13.92
24000,2400.0,3,0,0.0,13.92
24001,2400.1,4,0,0.0,12.95
24002,2400.2,4,0,0.0,12.94
24003,2400.3,4,0,0.0,12.96
24004,2400.4,4,0,0.0,12.97
24005,2400.5,3,1,0.0,12.63
24006,2400.6,2,1,0.0,11.94
24007,2400.7,2,0,0.0,11.99
24008,2400.8,2,0,0.0,11.93
24009,2400.9,3,0,0.0,10.21
24010,2401.0,3,0,0.0,10.19
24011,2401.1,3,0,0.0,10.21
24012,2401.2,3,0,0.0,10.3
24013,2401.3,3,0,0.0,10.32
24014,2401.4,3,0,0.0,10.36
24015,2401.5,3,0,0.0,10.4
24016,2401.6,3,0,0.0,10.45
24017,2401.7,3,0,0.0,10.44
24018,2401.8,3,0,0.0,10.49
24019,2401.9,4,0,0.0,11.4
24020,2402.0,4,0,0.0,11.37
24021,2402.1,4,0,0.0,11.41
24022,2402.2,4,0,0.0,11.41
24023,2402.3,4,0,0.0,11.44
24024,2402.4,4,0,0.0,11.44
24025,2402.5,4,0,0.0,11.5
24026,2402.6,4,0,0.0,11.5
24027,2402.7,4,0,0.0,11.51
24028,2402.8,4,0,0.0,11.51
24029,2402.9,4,0,0.0,11.52
24030,2403.0,4,0,0.0,11.55
24031,2403.1,4,0,0.0,11.57
24032,2403.2,4,0,0.0,11.6
24033,2403.3,4,0,0.0,11.59
24034,2403.4,4,0,0.0,11.63
24035,2403.5,4,0,0.0,11.63
24036,2403.6,4,0,0.0,11.61
24037,2403.7,4,0,0.0,11.6
24038,2403.8,4,0,0.0,11.65
24039,2403.9,4,0,0.0,11.67
24040,2404.0,4,0,0.0,11.65
24041,2404.1,4,0,0.0,11.67
24042,2404.2,4,0,0.0,11.68
24043,2404.3,4,0,0.0,11.7
24044,2404.4,3,1,0.0,12.29
24045,2404.5,3,0,0.0,12.4
24046,2404.6,3,0,0.0,12.46
24047,2404.7,3,0,0.0,12.49
24048,2404.8,3,0,0.0,12.61
24049,2404.9,3,0,0.0,12.66
24050,2405.0,4,0,0.0,13.04
24051,2405.1,4,0,0.0,13.08
24052,2405.2,4,0,0.0,13.12
24053,2405.3,4,0,0.0,13.13
24054,2405.4,4,0,0.0,13.21
24055,2405.5,3,1,0.0,13.07
24056,2405.6,2,1,0.0,12.74
24057,2405.7,2,0,0.0,12.85
24058,2405.8,2,0,0.0,12.93
24059,2405.9,2,0,0.0,13.01
24060,2406.0,2,0,0.0,13.12
24061,2406.1,2,0,0.0,13.27
24062,2406.2,1,1,0.0,13.86
24063,2406.3,1,0,0.0,13.92
24064,2406.4,1,0,0.0,13.8
24065,2406.5,1,0,0.0,13.91
24066,2406.6,1,0,0.0,13.85
24067,2406.7,1,0,0.0,13.86
24068,2406.8,1,0,0.0,13.85
24069,2406.9,1,0,0.0,13.82
24070,2407.0,1,0,0.0,13.91
24071,2407.1,1,0,0.0,13.88
24072,2407.2,1,0,0.0,13.84
24073,2407.3,1,0,0.0,13.9
24074,2407.4,1,0,0.0,13.9
24075,2407.5,1,0,0.0,13.9
24076,2407.6,2,0,0.0,12.92
24077,2407.7,2,0,0.0,12.89
24078,2407.8,2,0,0.0,12.92
24079,2407.9,2,0,0.0,12.89
24080,2408.0,2,0,0.0,12.96
24081,2408.1,2,0,0.0,12.91
24082,2408.2,2,0,0.0,12.88
24083,2408.3,2,0,0.0,12.88
24084,2408.4,2,0,0.0,12.87
24085,2408.5,2,0,0.0,12.92
24086,2408.6,2,0,0.0,12.91
24087,2408.7,2,0,0.0,12.89
24088,2408.8,2,0,0.0,12.89
24089,2408.9,3,0,0.0,12.52
24090,2409.0,3,0,0.0,12.49
24091,2409.1,3,0,0.0,12.48
24092,2409.2,3,0,0.0,12.47
24093,2409.3,3,0,0.0,12.51
24094,2409.4,3,0,0.0,12.46
24095,2409.5,3,0,0.0,12.48
24096,2409.6,4,0,0.0,11.84
24097,2409.7,4,0,0.0,11.86
24098,2409.8,3,1,0.0,12.47
24099,2409.9,3,0,0.0,12.54
24100,2410.0,4,0,0.0,12.46
24101,2410.1,4,0,0.0,12.4
24102,2410.2,4,0,0.0,12.46
24103,2410.3,4,0,0.0,12.48
24104,2410.4,4,0,0.0,12.45
24105,2410.5,4,0,0.0,12.48
24106,2410.6,3,1,0.0,12.51
24107,2410.7,3,0,0.0,12.47
24108,2410.8,3,0,0.0,12.47
24109,2410.9,3,0,0.0,12.53
24110,2411.0,3,0,0.0,12.47
24111,2411.1,2,1,0.0,11.8
24112,2411.2,2,0,0.0,11.79
24113,2411.3,2,0,0.0,11.8
24114,2411.4,2,0,0.0,11.8
24115,2411.5,2,0,0.0,11.74
24116,2411.6,2,0,0.0,11.82
24117,2411.7,2,0,0.0,11.8
24118,2411.8,2,0,0.0,11.77
24119,2411.9,2,0,0.0,11.83
24120,2412.0,2,0,0.0,11.81
24121,2412.1,2,0,0.0,11.8
24122,2412.2,2,0,0.0,11.8
24123,2412.3,2,0,0.0,11.81
24124,2412.4,2,0,0.0,11.83
24125,2412.5,2,0,0.0,11.83
24126,2412.6,2,0,0.0,11.86
24127,2412.7,2,0,0.0,11.77
24128,2412.8,2,0,0.0,11.79
24129,2412.9,2,0,0.0,11.78
24130,2413.0,1,1,0.0,11.95
24131,2413.1,1,0,0.0,11.94
24132,2413.2,1,0,0.0,11.87
24133,2413.3,2,0,0.0,12.58
24134,2413.4,2,0,0.0,12.54
24135,2413.5,2,0,0.0,12.51
24136,2413.6,2,0,0.0,12.54
24137,2413.7,2,0,0.0,12.48
24138,2413.8,2,0,0.0,12.51
24139,2413.9,2,0,0.0,12.57
24140,2414.0,2,0,0.0,12.56
24141,2414.1,2,0,0.0,12.55
24142,2414.2,2,0,0.0,12.47
24143,2414.3,2,0,0.0,12.54
24144,2414.4,2,0,0.0,12.52
24145,2414.5,2,0,0.0,12.58
24146,2414.6,2,0,0.0,12.49
24147,2414.7,2,0,0.0,12.51
24148,2414.8,2,0,0.0,12.56
24149,2414.9,2,0,0.0,12.51
24150,2415.0,3,0,0.0,12.75
24151,2415.1,3,0,0.0,12.77
24152,2415.2,3,0,0.0,12.73
24153,2415.3,3,0,0.0,12.77
24154,2415.4,3,0,0.0,12.74
24155,2415.5,3,0,0.0,12.71
24156,2415.6,2,1,0.0,12.49
24157,2415.7,2,0,0.0,12.56
24158,2415.8,2,0,0.0,12.47
24159,2415.9,2,0,0.0,12.5
24160,2416.0,2,0,0.0,12.51
24161,2416.1,2,0,0.0,12.53
24162,2416.2,2,0,0.0,12.55
24163,2416.3,2,0,0.0,12.55
24164,2416.4,2,0,0.0,12.58
24165,2416.5,2,0,0.0,12.56
24166,2416.6,2,0,0.0,12.57
24167,2416.7,2,0,0.0,12.53
24168,2416.8,2,0,0.0,12.53
24169,2416.9,2,0,0.0,12.51
24170,2417.0,2,0,0.0,12.51
24171,2417.1,2,0,0.0,12.57
24172,2417.2,2,0,0.0,12.53
24173,2417.3,2,0,0.0,12.51
24174,2417.4,2,0,0.0,12.51
24175,2417.5,2,0,0.0,12.55
24176,2417.6,3,0,0.0,11.84
24177,2417.7,3,0,0.0,11.8
24178,2417.8,3,0,0.0,11.82
24179,2417.9,3,0,0.0,11.79
24180,2418.0,3,0,0.0,11.82
24181,2418.1,3,0,0.0,11.82
24182,2418.2,3,0,0.0,11.81
24183,2418.3,2,1,0.0,11.74
24184,2418.4,2,0,0.0,11.73
24185,2418.5,2,0,0.0,11.77
24186,2418.6,2,0,0.0,11.78
24187,2418.7,2,0,0.0,11.69
24188,2418.8,2,0,0.0,11.72
24189,2418.9,2,0,0.0,11.77
24190,2419.0,3,0,0.0,12.49
24191,2419.1,3,0,0.0,12.51
24192,2419.2,3,0,0.0,12.47
24193,2419.3,3,0,0.0,12.5
24194,2419.4,3,0,0.0,12.49
24195,2419.5,3,0,0.0,12.46
24196,2419.6,3,0,0.0,12.45
24197,2419.7,3,0,0.0,12.49
24198,2419.8,3,0,0.0,12.48
24199,2419.9,4,0,0.0,12.68
24200,2420.0,4,0,0.0,12.67
24201,2420.1,4,0,0.0,12.68
24202,2420.2,4,0,0.0,12.68
24203,2420.3,4,0,0.0,12.69
24204,2420.4,4,0,0.0,12.67
24205,2420.5,3,1,0.0,12.52
24206,2420.6,3,0,0.0,12.44
24207,2420.7,3,0,0.0,12.45
24208,2420.8,3,0,0.0,12.49
24209,2420.9,3,0,0.0,12.48
24210,2421.0,3,0,0.0,12.46
24211,2421.1,3,0,0.0,12.48
24212,2421.2,3,0,0.0,12.52
24213,2421.3,3,0,0.0,12.45
24214,2421.4,3,0,0.0,12.47
24215,2421.5,3,0,0.0,12.49
24216,2421.6,3,0,0.0,12.44
24217,2421.7,3,0,0.0,12.47
24218,2421.8,3,0,0.0,12.46
24219,2421.9,3,0,0.0,12.47
24220,2422.0,3,0,0.0,12.49
24221,2422.1,3,0,0.0,12.47
24222,2422.2,2,1,0.0,13.53
24223,2422.3,2,0,0.0,13.52
24224,2422.4,2,0,0.0,13.49
24225,2422.5,2,0,0.0,13.48
24226,2422.6,2,0,0.0,13.55
24227,2422.7,2,0,0.0,13.55
24228,2422.8,2,0,0.0,13.51
24229,2422.9,2,0,0.0,13.55
24230,2423.0,1,1,0.0,13.93
24231,2423.1,1,0,0.0,13.94
24232,2423.2,1,0,0.0,13.98
24233,2423.3,1,0,0.0,13.99
24234,2423.4,1,0,0.0,13.91
24235,2423.5,1,0,0.0,13.9
24236,2423.6,1,0,0.0,13.99
24237,2423.7,1,0,0.0,13.89
24238,2423.8,1,0,0.0,13.91
24239,2423.9,1,0,0.0,13.9
24240,2424.0,1,0,0.0,13.99
24241,2424.1,1,0,0.0,13.94
24242,2424.2,1,0,0.0,13.94
24243,2424.3,1,0,0.0,13.9
24244,2424.4,1,0,0.0,13.94
24245,2424.5,1,0,0.0,13.89
24246,2424.6,1,0,0.0,13.93
24247,2424.7,2,0,0.0,13.96
24248,2424.8,2,0,0.0,13.97
24249,2424.9,3,0,0.0,13.97
24250,2425.0,3,0,0.0,13.91
24251,2425.1,3,0,0.0,13.96
24252,2425.2,3,0,0.0,13.94
24253,2425.3,3,0,0.0,13.92
24254,2425.4,3,0,0.0,13.99
24255,2425.5,2,1,0.0,13.96
24256,2425.6,2,0,0.0,13.95
24257,2425.7,2,0,0.0,13.88
24258,2425.8,2,0,0.0,13.9
24259,2425.9,2,0,0.0,13.91
24260,2426.0,2,0,0.0,13.94
24261,2426.1,2,0,0.0,13.88
24262,2426.2,2,0,0.0,13.93
24263,2426.3,3,0,0.0,13.56
24264,2426.4,3,0,0.0,13.52
24265,2426.5,3,0,0.0,13.53
24266,2426.6,3,0,0.0,13.56
24267,2426.7,3,0,0.0,13.54
24268,2426.8,3,0,0.0,13.51
24269,2426.9,3,0,0.0,13.57
24270,2427.0,3,0,0.0,13.54
24271,2427.1,3,0,0.0,13.5
24272,2427.2,3,0,0.0,13.56
24273,2427.3,3,0,0.0,13.5
24274,2427.4,3,0,0.0,13.56
24275,2427.5,3,0,0.0,13.54
24276,2427.6,3,0,0.0,13.56
24277,2427.7,3,0,0.0,13.55
24278,2427.8,3,0,0.0,13.57
24279,2427.9,3,0,0.0,13.55
24280,2428.0,4,0,0.0,12.66
24281,2428.1,4,0,0.0,12.64
24282,2428.2,3,1,0.0,12.21
24283,2428.3,3,0,0.0,12.23
24284,2428.4,3,0,0.0,12.22
24285,2428.5,3,0,0.0,12.23
24286,2428.6,3,0,0.0,12.2
24287,2428.7,3,0,0.0,12.22
24288,2428.8,3,0,0.0,12.23
24289,2428.9,3,0,0.0,12.24
24290,2429.0,3,0,0.0,12.18
24291,2429.1,3,0,0.0,12.18
24292,2429.2,3,0,0.0,12.21
24293,2429.3,3,0,0.0,12.23
24294,2429.4,3,0,0.0,12.2
24295,2429.5,3,0,0.0,12.24
24296,2429.6,3,0,0.0,12.24
24297,2429.7,3,0,0.0,12.2
24298,2429.8,3,0,0.0,12.24
24299,2429.9,4,0,0.0,12.67
24300,2430.0,4,0,0.0,12.65
24301,2430.1,3,1,0.0,12.64
24302,2430.2,3,0,0.0,12.63
24303,2430.3,4,0,0.0,12.4
24304,2430.4,4,0,0.0,12.4
24305,2430.5,3,1,0.0,11.83
24306,2430.6,3,0,0.0,11.79
24307,2430.7,3,0,0.0,11.8
24308,2430.8,3,0,0.0,11.78
24309,2430.9,3,0,0.0,11.79
24310,2431.0,3,0,0.0,11.77
24311,2431.1,3,0,0.0,11.75
24312,2431.2,3,0,0.0,11.74
24313,2431.3,3,0,0.0,11.73
24314,2431.4,3,0,0.0,11.7
24315,2431.5,3,0,0.0,11.74
24316,2431.6,3,0,0.0,11.66
24317,2431.7,3,0,0.0,11.68
24318,2431.8,3,0,0.0,11.67
24319,2431.9,3,0,0.0,11.68
24320,2432.0,3,0,0.0,11.64
24321,2432.1,3,0,0.0,11.65
24322,2432.2,3,0,0.0,11.62
24323,2432.3,3,0,0.0,11.6
24324,2432.4,3,0,0.0,11.59
24325,2432.5,3,0,0.0,11.58
24326,2432.6,3,0,0.0,11.57
24327,2432.7,3,0,0.0,11.58
24328,2432.8,3,0,0.0,11.58
24329,2432.9,3,0,0.0,11.56
24330,2433.0,3,0,0.0,11.56
24331,2433.1,3,0,0.0,11.57
24332,2433.2,3,0,0.0,11.56
24333,2433.3,3,0,0.0,11.56
24334,2433.4,3,0,0.0,11.54
24335,2433.5,3,0,0.0,11.52
24336,2433.6,3,0,0.0,11.51
24337,2433.7,3,0,0.0,11.54
24338,2433.8,3,0,0.0,11.52
24339,2433.9,2,1,0.0,10.28
24340,2434.0,2,0,0.0,10.28
24341,2434.1,2,0,0.0,10.23
24342,2434.2,2,0,0.0,10.28
24343,2434.3,2,0,0.0,10.26
24344,2434.4,2,0,0.0,10.2
24345,2434.5,2,0,0.0,10.23
24346,2434.6,2,0,0.0,10.18
24347,2434.7,2,0,0.0,10.19
24348,2434.8,2,0,0.0,10.17
24349,2434.9,3,0,0.0,11.47
24350,2435.0,4,0,0.0,12.09
24351,2435.1,4,0,0.0,12.07
24352,2435.2,4,0,0.0,12.04
24353,2435.3,4,0,0.0,12.06
24354,2435.4,4,0,0.0,12.01
24355,2435.5,3,1,0.0,11.41
24356,2435.6,3,0,0.0,11.39
24357,2435.7,3,0,0.0,11.42
24358,2435.8,3,0,0.0,11.42
24359,2435.9,3,0,0.0,11.44
24360,2436.0,4,0,0.0,12.07
24361,2436.1,4,0,0.0,12.02
24362,2436.2,4,0,0.0,12.04
24363,2436.3,4,0,0.0,12.01
24364,2436.4,4,0,0.0,11.99
24365,2436.5,4,0,0.0,12.0
24366,2436.6,4,0,0.0,12.02
24367,2436.7,4,0,0.0,12.01
24368,2436.8,4,0,0.0,12.03
24369,2436.9,4,0,0.0,12.01
24370,2437.0,4,0,0.0,12.03
24371,2437.1,4,0,0.0,12.03
24372,2437.2,4,0,0.0,12.02
24373,2437.3,4,0,0.0,11.98
24374,2437.4,4,0,0.0,11.98
24375,2437.5,4,0,0.0,11.98
24376,2437.6,4,0,0.0,11.99
24377,2437.7,4,0,0.0,12.01
24378,2437.8,4,0,0.0,12.01
24379,2437.9,5,0,0.0,11.58
24380,2438.0,5,0,0.0,11.59
24381,2438.1,4,1,0.0,12.0
24382,2438.2,4,0,0.0,11.98
24383,2438.3,4,0,0.0,11.98
24384,2438.4,4,0,0.0,12.01
24385,2438.5,3,1,0.0,11.37
24386,2438.6,3,0,0.0,11.35
24387,2438.7,3,0,0.0,11.31
24388,2438.8,3,0,0.0,11.34
24389,2438.9,3,0,0.0,11.35
24390,2439.0,3,0,0.0,11.33
24391,2439.1,3,0,0.0,11.34
24392,2439.2,3,0,0.0,11.32
24393,2439.3,3,0,0.0,11.36
24394,2439.4,3,0,0.0,11.33
24395,2439.5,3,0,0.0,11.3
24396,2439.6,3,0,0.0,11.33
24397,2439.7,3,0,0.0,11.34
24398,2439.8,3,0,0.0,11.33
24399,2439.9,4,0,0.0,12.0
24400,2440.0,4,0,0.0,11.97
24401,2440.1,4,0,0.0,11.95
24402,2440.2,3,1,0.0,12.63
24403,2440.3,3,0,0.0,12.71
24404,2440.4,3,0,0.0,12.79
24405,2440.5,2,1,0.0,12.32
24406,2440.6,2,0,0.0,12.41
24407,2440.7,2,0,0.0,12.48
24408,2440.8,2,0,0.0,12.58
24409,2440.9,2,0,0.0,12.66
24410,2441.0,2,0,0.0,12.75
24411,2441.1,2,0,0.0,12.82
24412,2441.2,2,0,0.0,12.96
24413,2441.3,2,0,0.0,13.01
24414,2441.4,2,0,0.0,13.11
24415,2441.5,2,0,0.0,13.23
24416,2441.6,2,0,0.0,13.29
24417,2441.7,3,0,0.0,13.08
24418,2441.8,3,0,0.0,13.1
24419,2441.9,3,0,0.0,13.15
24420,2442.0,3,0,0.0,13.21
24421,2442.1,3,0,0.0,13.31
24422,2442.2,2,1,0.0,13.1
24423,2442.3,2,0,0.0,13.08
24424,2442.4,2,0,0.0,13.11
24425,2442.5,2,0,0.0,13.11
24426,2442.6,2,0,0.0,13.12
24427,2442.7,2,0,0.0,13.09
24428,2442.8,2,0,0.0,13.1
24429,2442.9,2,0,0.0,13.09
24430,2443.0,2,0,0.0,13.08
24431,2443.1,2,0,0.0,13.1
24432,2443.2,2,0,0.0,13.07
24433,2443.3,2,0,0.0,13.1
24434,2443.4,2,0,0.0,13.12
24435,2443.5,2,0,0.0,13.11
24436,2443.6,2,0,0.0,13.09
24437,2443.7,3,0,0.0,13.38
24438,2443.8,3,0,0.0,13.36
24439,2443.9,3,0,0.0,13.36
24440,2444.0,3,0,0.0,13.39
24441,2444.1,3,0,0.0,13.41
24442,2444.2,3,0,0.0,13.4
24443,2444.3,3,0,0.0,13.36
24444,2444.4,3,0,0.0,13.37
24445,2444.5,3,0,0.0,13.36
24446,2444.6,3,0,0.0,13.38
24447,2444.7,3,0,0.0,13.38
24448,2444.8,4,0,0.0,13.29
24449,2444.9,4,0,0.0,13.25
24450,2445.0,4,0,0.0,13.25
24451,2445.1,4,0,0.0,13.27
24452,2445.2,3,1,0.0,13.04
24453,2445.3,3,0,0.0,13.01
24454,2445.4,2,1,0.0,13.11
24455,2445.5,2,0,0.0,13.1
24456,2445.6,2,0,0.0,13.13
24457,2445.7,2,0,0.0,13.1
24458,2445.8,2,0,0.0,13.11
24459,2445.9,2,0,0.0,13.1
24460,2446.0,2,0,0.0,13.07
24461,2446.1,2,0,0.0,13.09
24462,2446.2,2,0,0.0,13.09
24463,2446.3,2,0,0.0,13.07
24464,2446.4,2,0,0.0,13.1
24465,2446.5,2,0,0.0,13.15
24466,2446.6,2,0,0.0,13.11
24467,2446.7,2,0,0.0,13.14
24468,2446.8,2,0,0.0,13.12
24469,2446.9,2,0,0.0,13.07
24470,2447.0,2,0,0.0,13.14
24471,2447.1,2,0,0.0,13.12
24472,2447.2,1,1,0.0,12.31
24473,2447.3,1,0,0.0,12.2
24474,2447.4,2,0,0.0,13.12
24475,2447.5,2,0,0.0,13.06
24476,2447.6,2,0,0.0,13.12
24477,2447.7,2,0,0.0,13.06
24478,2447.8,2,0,0.0,13.09
24479,2447.9,2,0,0.0,13.11
24480,2448.0,2,0,0.0,13.12
24481,2448.1,2,0,0.0,13.07
24482,2448.2,2,0,0.0,13.08
24483,2448.3,2,0,0.0,13.06
24484,2448.4,2,0,0.0,13.09
24485,2448.5,2,0,0.0,13.09
24486,2448.6,2,0,0.0,13.13
24487,2448.7,2,0,0.0,13.16
24488,2448.8,2,0,0.0,13.14
24489,2448.9,2,0,0.0,13.13
24490,2449.0,2,0,0.0,13.04
24491,2449.1,2,0,0.0,13.14
24492,2449.2,2,0,0.0,13.06
24493,2449.3,2,0,0.0,13.11
24494,2449.4,2,0,0.0,13.05
24495,2449.5,2,0,0.0,13.07
24496,2449.6,2,0,0.0,13.1
24497,2449.7,2,0,0.0,13.05
24498,2449.8,3,0,0.0,13.42
24499,2449.9,3,0,0.0,13.37
24500,2450.0,3,0,0.0,13.35
24501,2450.1,3,0,0.0,13.39
24502,2450.2,3,0,0.0,13.38
24503,2450.3,3,0,0.0,13.39
24504,2450.4,2,1,0.0,13.07
24505,2450.5,2,0,0.0,13.15
24506,2450.6,2,0,0.0,13.11
24507,2450.7,2,0,0.0,13.05
24508,2450.8,2,0,0.0,13.09
24509,2450.9,2,0,0.0,13.11
24510,2451.0,2,0,0.0,13.1
24511,2451.1,2,0,0.0,13.12
24512,2451.2,2,0,0.0,13.09
24513,2451.3,2,0,0.0,13.14
24514,2451.4,2,0,0.0,13.12
24515,2451.5,2,0,0.0,13.11
24516,2451.6,2,0,0.0,13.14
24517,2451.7,2,0,0.0,13.13
24518,2451.8,2,0,0.0,13.11
24519,2451.9,2,0,0.0,13.07
24520,2452.0,2,0,0.0,13.1
24521,2452.1,1,1,0.0,13.96
24522,2452.2,1,0,0.0,13.9
24523,2452.3,1,0,0.0,13.99
24524,2452.4,2,0,0.0,14.0
24525,2452.5,2,0,0.0,13.89
24526,2452.6,2,0,0.0,13.94
24527,2452.7,2,0,0.0,13.95
24528,2452.8,2,0,0.0,13.89
24529,2452.9,2,0,0.0,13.98
24530,2453.0,3,0,0.0,13.95
24531,2453.1,3,0,0.0,13.91
24532,2453.2,3,0,0.0,13.92
24533,2453.3,3,0,0.0,13.95
24534,2453.4,3,0,0.0,13.95
24535,2453.5,3,0,0.0,13.9
24536,2453.6,3,0,0.0,13.89
24537,2453.7,3,0,0.0,13.99
24538,2453.8,3,0,0.0,13.97
24539,2453.9,3,0,0.0,13.96
24540,2454.0,3,0,0.0,13.93
24541,2454.1,3,0,0.0,13.92
24542,2454.2,3,0,0.0,13.97
24543,2454.3,3,0,0.0,13.9
24544,2454.4,3,0,0.0,13.89
24545,2454.5,3,0,0.0,13.93
24546,2454.6,3,0,0.0,13.96
24547,2454.7,3,0,0.0,13.92
24548,2454.8,4,0,0.0,13.49
24549,2454.9,4,0,0.0,13.48
24550,2455.0,4,0,0.0,13.51
24551,2455.1,4,0,0.0,13.48
24552,2455.2,4,0,0.0,13.47
24553,2455.3,4,0,0.0,13.46
24554,2455.4,3,1,0.0,13.95
24555,2455.5,3,0,0.0,13.94
24556,2455.6,3,0,0.0,13.88
24557,2455.7,3,0,0.0,13.96
24558,2455.8,3,0,0.0,13.92
24559,2455.9,2,1,0.0,13.95
24560,2456.0,2,0,0.0,13.95
24561,2456.1,2,0,0.0,13.94
24562,2456.2,2,0,0.0,13.92
24563,2456.3,2,0,0.0,13.89
24564,2456.4,2,0,0.0,13.92
24565,2456.5,2,0,0.0,13.94
24566,2456.6,1,1,0.0,13.91
24567,2456.7,1,0,0.0,13.93
24568,2456.8,1,0,0.0,13.91
24569,2456.9,1,0,0.0,13.89
24570,2457.0,1,0,0.0,13.93
24571,2457.1,1,0,0.0,13.87
24572,2457.2,1,0,0.0,13.88
24573,2457.3,1,0,0.0,14.0
24574,2457.4,1,0,0.0,13.92
24575,2457.5,1,0,0.0,13.89
24576,2457.6,1,0,0.0,13.96
24577,2457.7,1,0,0.0,13.91
24578,2457.8,1,0,0.0,13.95
24579,2457.9,1,0,0.0,13.88
24580,2458.0,1,0,0.0,13.98
24581,2458.1,1,0,0.0,13.99
24582,2458.2,1,0,0.0,13.96
24583,2458.3,1,0,0.0,13.95
24584,2458.4,1,0,0.0,13.98
24585,2458.5,1,0,0.0,13.9
24586,2458.6,1,0,0.0,13.98
24587,2458.7,2,0,0.0,13.97
24588,2458.8,2,0,0.0,13.99
24589,2458.9,2,0,0.0,13.93
24590,2459.0,2,0,0.0,13.93
24591,2459.1,2,0,0.0,13.97
24592,2459.2,2,0,0.0,13.94
24593,2459.3,2,0,0.0,13.96
24594,2459.4,2,0,0.0,13.95
24595,2459.5,2,0,0.0,13.9
24596,2459.6,2,0,0.0,13.94
24597,2459.7,2,0,0.0,13.94
24598,2459.8,3,0,0.0,13.61
24599,2459.9,3,0,0.0,13.54
24600,2460.0,3,0,0.0,13.56
24601,2460.1,3,0,0.0,13.56
24602,2460.2,3,0,0.0,13.55
24603,2460.3,3,0,0.0,13.54
24604,2460.4,2,1,0.0,13.93
24605,2460.5,2,0,0.0,13.93
24606,2460.6,2,0,0.0,13.93
24607,2460.7,2,0,0.0,13.93
24608,2460.8,2,0,0.0,13.96
24609,2460.9,2,0,0.0,13.92
24610,2461.0,2,0,0.0,13.98
24611,2461.1,3,0,0.0,13.77
24612,2461.2,3,0,0.0,13.77
24613,2461.3,3,0,0.0,13.74
24614,2461.4,3,0,0.0,13.72
24615,2461.5,3,0,0.0,13.75
24616,2461.6,3,0,0.0,13.77
24617,2461.7,3,0,0.0,13.78
24618,2461.8,3,0,0.0,13.75
24619,2461.9,3,0,0.0,13.72
24620,2462.0,3,0,0.0,13.73
24621,2462.1,3,0,0.0,13.73
24622,2462.2,2,1,0.0,13.69
24623,2462.3,2,0,0.0,13.69
24624,2462.4,2,0,0.0,13.69
24625,2462.5,2,0,0.0,13.64
24626,2462.6,2,0,0.0,13.69
24627,2462.7,2,0,0.0,13.63
24628,2462.8,2,0,0.0,13.66
24629,2462.9,2,0,0.0,13.68
24630,2463.0,2,0,0.0,13.67
24631,2463.1,2,0,0.0,13.64
24632,2463.2,2,0,0.0,13.66
24633,2463.3,2,0,0.0,13.69
24634,2463.4,2,0,0.0,13.66
24635,2463.5,2,0,0.0,13.63
24636,2463.6,2,0,0.0,13.68
24637,2463.7,2,0,0.0,13.63
24638,2463.8,2,0,0.0,13.68
24639,2463.9,2,0,0.0,13.64
24640,2464.0,2,0,0.0,13.65
24641,2464.1,2,0,0.0,13.63
24642,2464.2,2,0,0.0,13.67
24643,2464.3,2,0,0.0,13.69
24644,2464.4,3,0,0.0,13.76
24645,2464.5,3,0,0.0,13.77
24646,2464.6,3,0,0.0,13.76
24647,2464.7,2,1,0.0,13.92
24648,2464.8,3,0,0.0,13.82
24649,2464.9,3,0,0.0,13.86
24650,2465.0,3,0,0.0,13.85
24651,2465.1,3,0,0.0,13.79
24652,2465.2,3,0,0.0,13.82
24653,2465.3,3,0,0.0,13.78
24654,2465.4,2,1,0.0,13.91
24655,2465.5,2,0,0.0,13.99
24656,2465.6,2,0,0.0,13.98
24657,2465.7,2,0,0.0,13.95
24658,2465.8,2,0,0.0,13.9
24659,2465.9,2,0,0.0,13.9
24660,2466.0,2,0,0.0,13.91
24661,2466.1,2,0,0.0,13.92
24662,2466.2,2,0,0.0,13.92
24663,2466.3,3,0,0.0,12.66
24664,2466.4,3,0,0.0,12.64
24665,2466.5,2,1,0.0,13.93
24666,2466.6,2,0,0.0,13.95
24667,2466.7,2,0,0.0,13.89
24668,2466.8,2,0,0.0,13.91
24669,2466.9,2,0,0.0,13.91
24670,2467.0,2,0,0.0,13.94
24671,2467.1,2,0,0.0,13.95
24672,2467.2,2,0,0.0,13.91
24673,2467.3,2,0,0.0,13.9
24674,2467.4,2,0,0.0,13.94
24675,2467.5,2,0,0.0,13.94
24676,2467.6,2,0,0.0,13.94
24677,2467.7,2,0,0.0,13.91
24678,2467.8,2,0,0.0,13.93
24679,2467.9,1,1,0.0,13.91
24680,2468.0,1,0,0.0,13.88
24681,2468.1,1,0,0.0,13.99
24682,2468.2,1,0,0.0,13.96
24683,2468.3,1,0,0.0,13.93
24684,2468.4,1,0,0.0,13.91
24685,2468.5,1,0,0.0,13.96
24686,2468.6,1,0,0.0,13.99
24687,2468.7,1,0,0.0,13.92
24688,2468.8,1,0,0.0,13.94
24689,2468.9,1,0,0.0,13.93
24690,2469.0,1,0,0.0,13.9
24691,2469.1,1,0,0.0,13.9
24692,2469.2,1,0,0.0,13.98
24693,2469.3,1,0,0.0,13.91
24694,2469.4,1,0,0.0,13.94
24695,2469.5,1,0,0.0,13.9
24696,2469.6,1,0,0.0,13.92
24697,2469.7,2,0,0.0,13.94
24698,2469.8,3,0,0.0,13.99
24699,2469.9,4,0,0.0,12.96
24700,2470.0,4,0,0.0,12.95
24701,2470.1,4,0,0.0,12.96
24702,2470.2,4,0,0.0,12.97
24703,2470.3,3,1,0.0,12.59
24704,2470.4,3,0,0.0,12.61
24705,2470.5,3,0,0.0,12.58
24706,2470.6,3,0,0.0,12.64
24707,2470.7,4,0,0.0,11.16
24708,2470.8,4,0,0.0,11.14
24709,2470.9,4,0,0.0,11.14
24710,2471.0,4,0,0.0,11.21
24711,2471.1,4,0,0.0,11.22
24712,2471.2,4,0,0.0,11.26
24713,2471.3,4,0,0.0,11.28
24714,2471.4,4,0,0.0,11.33
24715,2471.5,4,0,0.0,11.32
24716,2471.6,4,0,0.0,11.36
24717,2471.7,4,0,0.0,11.36
24718,2471.8,4,0,0.0,11.43
24719,2471.9,4,0,0.0,11.4
24720,2472.0,4,0,0.0,11.44
24721,2472.1,4,0,0.0,11.48
24722,2472.2,4,0,0.0,11.45
24723,2472.3,4,0,0.0,11.51
24724,2472.4,4,0,0.0,11.5
24725,2472.5,4,0,0.0,11.55
24726,2472.6,4,0,0.0,11.53
24727,2472.7,4,0,0.0,11.55
24728,2472.8,4,0,0.0,11.55
24729,2472.9,4,0,0.0,11.59
24730,2473.0,4,0,0.0,11.58
24731,2473.1,4,0,0.0,11.62
24732,2473.2,4,0,0.0,11.61
24733,2473.3,3,1,0.0,10.88
24734,2473.4,3,0,0.0,10.87
24735,2473.5,3,0,0.0,10.91
24736,2473.6,2,1,0.0,9.41
24737,2473.7,2,0,0.0,9.42
24738,2473.8,2,0,0.0,9.46
24739,2473.9,2,0,0.0,9.41
24740,2474.0,2,0,0.0,9.44
24741,2474.1,2,0,0.0,9.51
24742,2474.2,2,0,0.0,9.49
24743,2474.3,2,0,0.0,9.52
24744,2474.4,2,0,0.0,9.54
24745,2474.5,2,0,0.0,9.56
24746,2474.6,2,0,0.0,9.53
24747,2474.7,3,0,0.0,11.05
24748,2474.8,3,0,0.0,11.06
24749,2474.9,3,0,0.0,11.05
24750,2475.0,3,0,0.0,11.07
24751,2475.1,3,0,0.0,11.07
24752,2475.2,3,0,0.0,11.05
24753,2475.3,2,1,0.0,9.64
24754,2475.4,2,0,0.0,9.65
24755,2475.5,2,0,0.0,9.67
24756,2475.6,2,0,0.0,9.72
24757,2475.7,2,0,0.0,9.7
24758,2475.8,3,0,0.0,10.84
24759,2475.9,3,0,0.0,10.82
24760,2476.0,3,0,0.0,10.81
24761,2476.1,3,0,0.0,10.84
24762,2476.2,3,0,0.0,10.79
24763,2476.3,3,0,0.0,10.82
24764,2476.4,3,0,0.0,10.85
24765,2476.5,3,0,0.0,10.83
24766,2476.6,3,0,0.0,10.84
24767,2476.7,3,0,0.0,10.86
24768,2476.8,3,0,0.0,10.84
24769,2476.9,3,0,0.0,10.85
24770,2477.0,3,0,0.0,10.88
24771,2477.1,3,0,0.0,10.87
24772,2477.2,3,0,0.0,10.91
24773,2477.3,3,0,0.0,10.91
24774,2477.4,3,0,0.0,10.91
24775,2477.5,3,0,0.0,10.87
24776,2477.6,3,0,0.0,10.91
24777,2477.7,3,0,0.0,10.88
24778,2477.8,3,0,0.0,10.89
24779,2477.9,3,0,0.0,10.86
24780,2478.0,3,0,0.0,10.9
24781,2478.1,3,0,0.0,10.89
24782,2478.2,3,0,0.0,10.89
24783,2478.3,3,0,0.0,10.91
24784,2478.4,3,0,0.0,10.9
24785,2478.5,4,0,0.0,11.67
24786,2478.6,4,0,0.0,11.66
24787,2478.7,4,0,0.0,11.68
24788,2478.8,4,0,0.0,11.68
24789,2478.9,4,0,0.0,11.66
24790,2479.0,4,0,0.0,11.68
24791,2479.1,4,0,0.0,11.68
24792,2479.2,4,0,0.0,11.69
24793,2479.3,4,0,0.0,11.66
24794,2479.4,4,0,0.0,11.66
24795,2479.5,4,0,0.0,11.69
24796,2479.6,4,0,0.0,11.69
24797,2479.7,5,0,0.0,11.71
24798,2479.8,5,0,0.0,11.68
24799,2479.9,5,0,0.0,11.68
24800,2480.0,5,0,0.0,11.69
24801,2480.1,5,0,0.0,11.69
24802,2480.2,5,0,0.0,11.69
24803,2480.3,5,0,0.0,11.7
24804,2480.4,4,1,0.0,11.7
24805,2480.5,4,0,0.0,11.68
24806,2480.6,4,0,0.0,11.69
24807,2480.7,4,0,0.0,11.65
24808,2480.8,4,0,0.0,11.63
24809,2480.9,4,0,0.0,11.62
24810,2481.0,4,0,0.0,11.58
24811,2481.1,4,0,0.0,11.56
24812,2481.2,4,0,0.0,11.55
24813,2481.3,4,0,0.0,11.57
24814,2481.4,5,0,0.0,11.56
24815,2481.5,5,0,0.0,11.55
24816,2481.6,5,0,0.0,11.56
24817,2481.7,5,0,0.0,11.56
24818,2481.8,5,0,0.0,11.53
24819,2481.9,5,0,0.0,11.48
24820,2482.0,4,1,0.0,10.87
24821,2482.1,3,1,0.0,11.19
24822,2482.2,3,0,0.0,11.26
24823,2482.3,3,0,0.0,11.35
24824,2482.4,3,0,0.0,11.41
24825,2482.5,3,0,0.0,11.51
24826,2482.6,3,0,0.0,11.6
24827,2482.7,3,0,0.0,11.72
24828,2482.8,3,0,0.0,11.8
24829,2482.9,3,0,0.0,11.9
24830,2483.0,3,0,0.0,12.0
24831,2483.1,3,0,0.0,12.11
24832,2483.2,3,0,0.0,12.22
24833,2483.3,3,0,0.0,12.32
24834,2483.4,3,0,0.0,12.46
24835,2483.5,3,0,0.0,12.51
24836,2483.6,3,0,0.0,12.55
24837,2483.7,3,0,0.0,12.68
24838,2483.8,3,0,0.0,12.7
24839,2483.9,3,0,0.0,12.78
24840,2484.0,2,1,0.0,12.36
24841,2484.1,2,0,0.0,12.38
24842,2484.2,2,0,0.0,12.37
24843,2484.3,2,0,0.0,12.38
24844,2484.4,2,0,0.0,12.37
24845,2484.5,2,0,0.0,12.41
24846,2484.6,2,0,0.0,12.37
24847,2484.7,3,0,0.0,12.9
24848,2484.8,3,0,0.0,12.89
24849,2484.9,3,0,0.0,12.92
24850,2485.0,3,0,0.0,12.9
24851,2485.1,3,0,0.0,12.9
24852,2485.2,3,0,0.0,12.89
24853,2485.3,2,1,0.0,12.4
24854,2485.4,2,0,0.0,12.37
24855,2485.5,2,0,0.0,12.38
24856,2485.6,2,0,0.0,12.4
24857,2485.7,1,1,0.0,11.69
24858,2485.8,1,0,0.0,11.69
24859,2485.9,1,0,0.0,11.69
24860,2486.0,1,0,0.0,11.78
24861,2486.1,1,0,0.0,11.76
24862,2486.2,1,0,0.0,11.68
24863,2486.3,1,0,0.0,11.8
24864,2486.4,1,0,0.0,11.78
24865,2486.5,1,0,0.0,11.76
24866,2486.6,1,0,0.0,11.79
24867,2486.7,1,0,0.0,11.77
24868,2486.8,1,0,0.0,11.79
24869,2486.9,1,0,0.0,11.8
24870,2487.0,1,0,0.0,11.69
24871,2487.1,2,0,0.0,12.77
24872,2487.2,3,0,0.0,13.18
24873,2487.3,3,0,0.0,13.14
24874,2487.4,3,0,0.0,13.15
24875,2487.5,3,0,0.0,13.11
24876,2487.6,3,0,0.0,13.14
24877,2487.7,3,0,0.0,13.17
24878,2487.8,3,0,0.0,13.11
24879,2487.9,3,0,0.0,13.14
24880,2488.0,3,0,0.0,13.1
24881,2488.1,3,0,0.0,13.12
24882,2488.2,3,0,0.0,13.12
24883,2488.3,3,0,0.0,13.1
24884,2488.4,3,0,0.0,13.09
24885,2488.5,3,0,0.0,13.13
24886,2488.6,3,0,0.0,13.09
24887,2488.7,3,0,0.0,13.15
24888,2488.8,3,0,0.0,13.13
24889,2488.9,3,0,0.0,13.16
24890,2489.0,3,0,0.0,13.11
24891,2489.1,3,0,0.0,13.14
24892,2489.2,3,0,0.0,13.16
24893,2489.3,3,0,0.0,13.15
24894,2489.4,3,0,0.0,13.15
24895,2489.5,3,0,0.0,13.11
24896,2489.6,4,0,0.0,13.36
24897,2489.7,4,0,0.0,13.32
24898,2489.8,4,0,0.0,13.37
24899,2489.9,4,0,0.0,13.32
24900,2490.0,4,0,0.0,13.31
24901,2490.1,4,0,0.0,13.35
24902,2490.2,3,1,0.0,13.14
24903,2490.3,3,0,0.0,13.15
24904,2490.4,3,0,0.0,13.17
24905,2490.5,3,0,0.0,13.13
24906,2490.6,3,0,0.0,13.1
24907,2490.7,2,1,0.0,12.74
24908,2490.8,2,0,0.0,12.77
24909,2490.9,2,0,0.0,12.76
24910,2491.0,2,0,0.0,12.77
24911,2491.1,2,0,0.0,12.71
24912,2491.2,2,0,0.0,12.76
24913,2491.3,2,0,0.0,12.75
24914,2491.4,2,0,0.0,12.76
24915,2491.5,2,0,0.0,12.72
24916,2491.6,2,0,0.0,12.73
24917,2491.7,2,0,0.0,12.74
24918,2491.8,2,0,0.0,12.7
24919,2491.9,2,0,0.0,12.73
24920,2492.0,2,0,0.0,12.7
24921,2492.1,2,0,0.0,12.72
24922,2492.2,2,0,0.0,12.77
24923,2492.3,1,1,0.0,13.66
24924,2492.4,1,0,0.0,13.74
24925,2492.5,1,0,0.0,13.68
24926,2492.6,1,0,0.0,13.68
24927,2492.7,1,0,0.0,13.67
24928,2492.8,2,0,0.0,13.87
24929,2492.9,2,0,0.0,13.79
24930,2493.0,2,0,0.0,13.82
24931,2493.1,2,0,0.0,13.85
24932,2493.2,2,0,0.0,13.83
24933,2493.3,2,0,0.0,13.87
24934,2493.4,2,0,0.0,13.83
24935,2493.5,2,0,0.0,13.81
24936,2493.6,2,0,0.0,13.77
24937,2493.7,2,0,0.0,13.84
24938,2493.8,2,0,0.0,13.79
24939,2493.9,2,0,0.0,13.83
24940,2494.0,2,0,0.0,13.82
24941,2494.1,2,0,0.0,13.84
24942,2494.2,2,0,0.0,13.8
24943,2494.3,2,0,0.0,13.82
24944,2494.4,2,0,0.0,13.82
24945,2494.5,2,0,0.0,13.82
24946,2494.6,3,0,0.0,12.51
24947,2494.7,3,0,0.0,12.47
24948,2494.8,3,0,0.0,12.48
24949,2494.9,3,0,0.0,12.53
24950,2495.0,3,0,0.0,12.51
24951,2495.1,3,0,0.0,12.54
24952,2495.2,3,0,0.0,12.48
24953,2495.3,3,0,0.0,12.54
24954,2495.4,3,1,0.0,12.54
24955,2495.5,3,0,0.0,12.55
24956,2495.6,2,1,0.0,13.81
24957,2495.7,2,0,0.0,13.81
24958,2495.8,2,0,0.0,13.77
24959,2495.9,3,0,0.0,13.87
24960,2496.0,3,0,0.0,13.86
24961,2496.1,3,0,0.0,13.88
24962,2496.2,3,0,0.0,13.84
24963,2496.3,3,0,0.0,13.89
24964,2496.4,2,1,0.0,13.97
24965,2496.5,2,0,0.0,13.94
24966,2496.6,2,0,0.0,13.98
24967,2496.7,2,0,0.0,13.94
24968,2496.8,2,0,0.0,13.94
24969,2496.9,2,0,0.0,13.96
24970,2497.0,2,0,0.0,13.9
24971,2497.1,2,0,0.0,13.92
24972,2497.2,2,0,0.0,13.92
24973,2497.3,2,0,0.0,13.9
24974,2497.4,2,0,0.0,13.94
24975,2497.5,2,0,0.0,13.93
24976,2497.6,2,0,0.0,13.9
24977,2497.7,2,0,0.0,13.97
24978,2497.8,2,0,0.0,13.97
24979,2497.9,2,0,0.0,13.89
24980,2498.0,2,0,0.0,13.91
24981,2498.1,2,0,0.0,13.94
24982,2498.2,2,0,0.0,13.99
24983,2498.3,2,0,0.0,13.89
24984,2498.4,2,0,0.0,13.95
24985,2498.5,3,0,0.0,13.79
24986,2498.6,3,0,0.0,13.73
24987,2498.7,3,0,0.0,13.73
24988,2498.8,3,0,0.0,13.76
24989,2498.9,3,0,0.0,13.72
24990,2499.0,3,0,0.0,13.7
24991,2499.1,3,0,0.0,13.74
24992,2499.2,3,0,0.0,13.69
24993,2499.3,3,0,0.0,13.73
24994,2499.4,2,1,0.0,13.66
24995,2499.5,2,0,0.0,13.65
24996,2499.6,3,0,0.0,13.08
24997,2499.7,3,0,0.0,13.02
24998,2499.8,3,0,0.0,13.09
24999,2499.9,3,0,0.0,13.11
25000,2500.0,3,0,0.0,13.06
25001,2500.1,4,0,0.0,12.31
25002,2500.2,3,1,0.0,12.4
25003,2500.3,3,0,0.0,12.39
25004,2500.4,3,0,0.0,12.4
25005,2500.5,3,0,0.0,12.41
25006,2500.6,3,0,0.0,12.43
25007,2500.7,3,0,0.0,12.39
25008,2500.8,3,0,0.0,12.4
25009,2500.9,3,0,0.0,12.42
25010,2501.0,3,0,0.0,12.39
25011,2501.1,3,0,0.0,12.42
25012,2501.2,3,0,0.0,12.43
25013,2501.3,3,0,0.0,12.43
25014,2501.4,3,0,0.0,12.44
25015,2501.5,3,0,0.0,12.43
25016,2501.6,3,0,0.0,12.42
25017,2501.7,3,0,0.0,12.4
25018,2501.8,3,0,0.0,12.41
25019,2501.9,3,0,0.0,12.42
25020,2502.0,2,1,0.0,11.64
25021,2502.1,2,0,0.0,11.68
25022,2502.2,2,0,0.0,11.62
25023,2502.3,2,0,0.0,11.64
25024,2502.4,2,0,0.0,11.67
25025,2502.5,2,0,0.0,11.67
25026,2502.6,2,0,0.0,11.64
25027,2502.7,2,0,0.0,11.62
25028,2502.8,2,0,0.0,11.65
25029,2502.9,2,0,0.0,11.67
25030,2503.0,2,0,0.0,11.65
25031,2503.1,2,0,0.0,11.61
25032,2503.2,2,0,0.0,11.61
25033,2503.3,2,0,0.0,11.65
25034,2503.4,2,0,0.0,11.63
25035,2503.5,2,0,0.0,11.66
25036,2503.6,2,0,0.0,11.64
25037,2503.7,2,0,0.0,11.64
25038,2503.8,2,0,0.0,11.67
25039,2503.9,2,0,0.0,11.63
25040,2504.0,2,0,0.0,11.7
25041,2504.1,3,0,0.0,12.45
25042,2504.2,3,0,0.0,12.38
25043,2504.3,3,0,0.0,12.41
25044,2504.4,2,1,0.0,13.65
25045,2504.5,2,0,0.0,13.67
25046,2504.6,4,0,0.0,13.8
25047,2504.7,4,0,0.0,13.79
25048,2504.8,4,0,0.0,13.74
25049,2504.9,4,0,0.0,13.75
25050,2505.0,4,0,0.0,13.75
25051,2505.1,4,0,0.0,13.74
25052,2505.2,3,1,0.0,13.73
25053,2505.3,3,0,0.0,13.73
25054,2505.4,3,0,0.0,13.76
25055,2505.5,3,0,0.0,13.72
25056,2505.6,3,0,0.0,13.74
25057,2505.7,3,0,0.0,13.76
25058,2505.8,3,0,0.0,13.73
25059,2505.9,3,0,0.0,13.73
25060,2506.0,3,0,0.0,13.74
25061,2506.1,3,0,0.0,13.74
25062,2506.2,3,0,0.0,13.72
25063,2506.3,3,0,0.0,13.75
25064,2506.4,3,0,0.0,13.73
25065,2506.5,3,0,0.0,13.71
25066,2506.6,3,0,0.0,13.73
25067,2506.7,3,0,0.0,13.72
25068,2506.8,3,0,0.0,13.75
25069,2506.9,3,0,0.0,13.74
25070,2507.0,3,0,0.0,13.73
25071,2507.1,3,0,0.0,13.74
25072,2507.2,3,0,0.0,13.72
25073,2507.3,3,0,0.0,13.73
25074,2507.4,3,0,0.0,13.73
25075,2507.5,3,0,0.0,13.75
25076,2507.6,3,0,0.0,13.74
25077,2507.7,3,0,0.0,13.72
25078,2507.8,3,0,0.0,13.76
25079,2507.9,3,0,0.0,13.7
25080,2508.0,3,0,0.0,13.74
25081,2508.1,1,2,0.0,13.94
25082,2508.2,1,0,0.0,13.96
25083,2508.3,1,0,0.0,13.97
25084,2508.4,1,0,0.0,13.93
25085,2508.5,1,0,0.0,13.95
25086,2508.6,1,0,0.0,13.9
25087,2508.7,1,0,0.0,13.91
25088,2508.8,1,0,0.0,13.96
25089,2508.9,1,0,0.0,13.95
25090,2509.0,1,0,0.0,14.0
25091,2509.1,1,0,0.0,13.95
25092,2509.2,1,0,0.0,13.92
25093,2509.3,1,0,0.0,13.89
25094,2509.4,1,0,0.0,13.9
25095,2509.5,1,0,0.0,13.98
25096,2509.6,2,0,0.0,14.0
25097,2509.7,2,0,0.0,13.89
25098,2509.8,3,0,0.0,13.97
25099,2509.9,3,0,0.0,13.93
25100,2510.0,3,0,0.0,13.9
25101,2510.1,3,0,0.0,13.93
25102,2510.2,2,1,0.0,13.95
25103,2510.3,2,0,0.0,13.92
25104,2510.4,2,0,0.0,13.91
25105,2510.5,2,0,0.0,13.92
25106,2510.6,2,0,0.0,13.98
25107,2510.7,2,0,0.0,13.95
25108,2510.8,2,0,0.0,13.93
25109,2510.9,2,0,0.0,13.97
25110,2511.0,2,0,0.0,13.95
25111,2511.1,2,0,0.0,13.97
25112,2511.2,2,0,0.0,13.9
25113,2511.3,2,0,0.0,13.99
25114,2511.4,2,0,0.0,13.93
25115,2511.5,2,0,0.0,13.94
25116,2511.6,2,0,0.0,13.92
25117,2511.7,3,0,0.0,12.64
25118,2511.8,3,0,0.0,12.57
25119,2511.9,3,0,0.0,12.62
25120,2512.0,3,0,0.0,12.6
25121,2512.1,3,0,0.0,12.62
25122,2512.2,3,0,0.0,12.59
25123,2512.3,3,0,0.0,12.59
25124,2512.4,3,0,0.0,12.6
25125,2512.5,3,0,0.0,12.6
25126,2512.6,3,0,0.0,12.61
25127,2512.7,3,0,0.0,12.64
25128,2512.8,3,0,0.0,12.59
25129,2512.9,3,0,0.0,12.61
25130,2513.0,3,0,0.0,12.63
25131,2513.1,3,0,0.0,12.6
25132,2513.2,3,0,0.0,12.62
25133,2513.3,3,1,0.0,12.65
25134,2513.4,3,0,0.0,12.61
25135,2513.5,3,0,0.0,12.59
25136,2513.6,3,0,0.0,12.59
25137,2513.7,3,0,0.0,12.6
25138,2513.8,3,0,0.0,12.62
25139,2513.9,3,0,0.0,12.6
25140,2514.0,3,0,0.0,12.6
25141,2514.1,3,0,0.0,12.6
25142,2514.2,3,0,0.0,12.61
25143,2514.3,3,0,0.0,12.62
25144,2514.4,3,0,0.0,12.6
25145,2514.5,4,0,0.0,12.48
25146,2514.6,4,0,0.0,12.44
25147,2514.7,4,0,0.0,12.46
25148,2514.8,4,0,0.0,12.45
25149,2514.9,4,0,0.0,12.45
25150,2515.0,4,0,0.0,12.44
25151,2515.1,3,1,0.0,12.65
25152,2515.2,3,0,0.0,12.6
25153,2515.3,3,0,0.0,12.62
25154,2515.4,3,0,0.0,12.6
25155,2515.5,4,0,0.0,11.94
25156,2515.6,4,0,0.0,11.91
25157,2515.7,4,0,0.0,11.89
25158,2515.8,4,0,0.0,11.93
25159,2515.9,4,0,0.0,11.94
25160,2516.0,4,0,0.0,11.93
25161,2516.1,4,0,0.0,11.94
25162,2516.2,4,0,0.0,11.95
25163,2516.3,4,0,0.0,11.92
25164,2516.4,4,0,0.0,11.92
25165,2516.5,4,0,0.0,11.89
25166,2516.6,4,0,0.0,11.94
25167,2516.7,4,0,0.0,11.9
25168,2516.8,3,1,0.0,11.28
25169,2516.9,3,0,0.0,11.24
25170,2517.0,3,0,0.0,11.22
25171,2517.1,3,0,0.0,11.26
25172,2517.2,3,0,0.0,11.24
25173,2517.3,3,0,0.0,11.22
25174,2517.4,3,0,0.0,11.22
25175,2517.5,3,0,0.0,11.26
25176,2517.6,3,0,0.0,11.24
25177,2517.7,3,0,0.0,11.23
25178,2517.8,3,0,0.0,11.25
25179,2517.9,3,0,0.0,11.25
25180,2518.0,3,0,0.0,11.23
25181,2518.1,3,0,0.0,11.24
25182,2518.2,3,0,0.0,11.26
25183,2518.3,3,0,0.0,11.24
25184,2518.4,3,0,0.0,11.25
25185,2518.5,3,0,0.0,11.26
25186,2518.6,3,0,0.0,11.26
25187,2518.7,3,0,0.0,11.29
25188,2518.8,3,0,0.0,11.25
25189,2518.9,3,0,0.0,11.26
25190,2519.0,2,1,0.0,9.91
25191,2519.1,2,0,0.0,9.93
25192,2519.2,2,0,0.0,9.92
25193,2519.3,2,0,0.0,9.9
25194,2519.4,2,0,0.0,9.89
25195,2519.5,3,0,0.0,11.05
25196,2519.6,3,0,0.0,11.03
25197,2519.7,3,0,0.0,11.01
25198,2519.8,3,0,0.0,11.0
25199,2519.9,3,0,0.0,11.04
25200,2520.0,3,0,0.0,11.04
25201,2520.1,2,1,0.0,9.91
25202,2520.2,2,0,0.0,9.94
25203,2520.3,2,0,0.0,9.92
25204,2520.4,2,0,0.0,9.93
25205,2520.5,2,0,0.0,9.94
25206,2520.6,2,0,0.0,9.89
25207,2520.7,2,0,0.0,9.91
25208,2520.8,2,0,0.0,9.93
25209,2520.9,2,0,0.0,9.92
25210,2521.0,2,0,0.0,9.93
25211,2521.1,2,0,0.0,9.9
25212,2521.2,3,0,0.0,11.27
25213,2521.3,3,0,0.0,11.23
25214,2521.4,3,0,0.0,11.23
25215,2521.5,3,0,0.0,11.24
25216,2521.6,3,0,0.0,11.27
25217,2521.7,3,0,0.0,11.26
25218,2521.8,3,0,0.0,11.24
25219,2521.9,3,0,0.0,11.24
25220,2522.0,4,0,0.0,11.91
25221,2522.1,4,0,0.0,11.92
25222,2522.2,4,0,0.0,11.93
25223,2522.3,4,0,0.0,11.89
25224,2522.4,4,0,0.0,11.94
25225,2522.5,4,0,0.0,11.93
25226,2522.6,4,0,0.0,11.91
25227,2522.7,4,0,0.0,11.94
25228,2522.8,4,0,0.0,11.89
25229,2522.9,5,0,0.0,11.55
25230,2523.0,5,0,0.0,11.54
25231,2523.1,4,1,0.0,11.94
25232,2523.2,4,0,0.0,11.92
25233,2523.3,4,0,0.0,11.9
25234,2523.4,4,0,0.0,11.94
25235,2523.5,4,0,0.0,11.92
25236,2523.6,4,0,0.0,11.93
25237,2523.7,4,0,0.0,11.91
25238,2523.8,4,0,0.0,11.91
25239,2523.9,3,1,0.0,12.59
25240,2524.0,3,0,0.0,12.59
25241,2524.1,3,0,0.0,12.56
25242,2524.2,3,0,0.0,12.58
25243,2524.3,3,0,0.0,12.54
25244,2524.4,3,0,0.0,12.57
25245,2524.5,4,0,0.0,12.86
25246,2524.6,4,0,0.0,12.84
25247,2524.7,4,0,0.0,12.78
25248,2524.8,4,0,0.0,12.83
25249,2524.9,4,0,0.0,12.83
25250,2525.0,4,0,0.0,12.81
25251,2525.1,3,1,0.0,12.56
25252,2525.2,3,0,0.0,12.55
25253,2525.3,3,0,0.0,12.56
25254,2525.4,3,0,0.0,12.52
25255,2525.5,2,1,0.0,11.88
25256,2525.6,2,0,0.0,11.93
25257,2525.7,2,0,0.0,11.88
25258,2525.8,2,0,0.0,11.9
25259,2525.9,2,0,0.0,11.84
25260,2526.0,2,0,0.0,11.9
25261,2526.1,2,0,0.0,11.84
25262,2526.2,2,0,0.0,11.9
25263,2526.3,2,0,0.0,11.94
25264,2526.4,2,0,0.0,11.86
25265,2526.5,2,0,0.0,11.89
25266,2526.6,2,0,0.0,11.85
25267,2526.7,2,0,0.0,11.84
25268,2526.8,2,0,0.0,11.88
25269,2526.9,3,0,0.0,12.35
25270,2527.0,3,0,0.0,12.37
25271,2527.1,3,0,0.0,12.39
25272,2527.2,3,0,0.0,12.39
25273,2527.3,3,0,0.0,12.32
25274,2527.4,3,0,0.0,12.28
25275,2527.5,3,0,0.0,12.25
25276,2527.6,3,0,0.0,12.22
25277,2527.7,3,0,0.0,12.2
25278,2527.8,3,0,0.0,12.18
25279,2527.9,3,0,0.0,12.12
25280,2528.0,3,0,0.0,12.12
25281,2528.1,3,0,0.0,12.08
25282,2528.2,3,0,0.0,12.07
25283,2528.3,3,0,0.0,12.06
25284,2528.4,3,0,0.0,12.03
25285,2528.5,2,1,0.0,13.02
25286,2528.6,2,0,0.0,13.15
25287,2528.7,2,0,0.0,13.26
25288,2528.8,2,0,0.0,13.3
25289,2528.9,2,0,0.0,13.39
25290,2529.0,2,0,0.0,13.52
25291,2529.1,2,0,0.0,13.61
25292,2529.2,2,0,0.0,13.62
25293,2529.3,2,0,0.0,13.57
25294,2529.4,2,0,0.0,13.64
25295,2529.5,3,0,0.0,13.76
25296,2529.6,3,0,0.0,13.71
25297,2529.7,3,0,0.0,13.68
25298,2529.8,3,0,0.0,13.72
25299,2529.9,3,0,0.0,13.72
25300,2530.0,3,0,0.0,13.68
25301,2530.1,2,1,0.0,13.61
25302,2530.2,2,0,0.0,13.55
25303,2530.3,2,0,0.0,13.62
25304,2530.4,1,1,0.0,13.29
25305,2530.5,1,0,0.0,13.24
25306,2530.6,1,0,0.0,13.26
25307,2530.7,2,0,0.0,13.66
25308,2530.8,2,0,0.0,13.59
25309,2530.9,2,0,0.0,13.61
25310,2531.0,2,0,0.0,13.58
25311,2531.1,2,0,0.0,13.59
25312,2531.2,2,0,0.0,13.61
25313,2531.3,2,0,0.0,13.59
25314,2531.4,2,0,0.0,13.61
25315,2531.5,2,0,0.0,13.6
25316,2531.6,2,0,0.0,13.63
25317,2531.7,2,0,0.0,13.59
25318,2531.8,2,0,0.0,13.61
25319,2531.9,2,0,0.0,13.63
25320,2532.0,2,0,0.0,13.6
25321,2532.1,2,0,0.0,13.59
25322,2532.2,2,0,0.0,13.62
25323,2532.3,2,0,0.0,13.56
25324,2532.4,2,0,0.0,13.6
25325,2532.5,3,0,0.0,13.74
25326,2532.6,3,0,0.0,13.71
25327,2532.7,3,0,0.0,13.7
25328,2532.8,3,0,0.0,13.75
25329,2532.9,3,0,0.0,13.69
25330,2533.0,3,0,0.0,13.7
25331,2533.1,3,0,0.0,13.72
25332,2533.2,3,0,0.0,13.71
25333,2533.3,3,0,0.0,13.73
25334,2533.4,3,0,0.0,13.69
25335,2533.5,3,0,0.0,13.71
25336,2533.6,3,0,0.0,13.69
25337,2533.7,3,0,0.0,13.74
25338,2533.8,3,0,0.0,13.73
25339,2533.9,3,0,0.0,13.73
25340,2534.0,3,0,0.0,13.71
25341,2534.1,3,0,0.0,13.71
25342,2534.2,2,1,0.0,13.63
25343,2534.3,2,0,0.0,13.62
25344,2534.4,2,0,0.0,13.63
25345,2534.5,3,0,0.0,13.4
25346,2534.6,3,0,0.0,13.41
25347,2534.7,3,0,0.0,13.41
25348,2534.8,3,0,0.0,13.37
25349,2534.9,3,0,0.0,13.35
25350,2535.0,3,0,0.0,13.39
25351,2535.1,2,1,0.0,13.56
25352,2535.2,2,0,0.0,13.58
25353,2535.3,2,0,0.0,13.63
25354,2535.4,2,0,0.0,13.6
25355,2535.5,2,0,0.0,13.66
25356,2535.6,2,0,0.0,13.61
25357,2535.7,2,0,0.0,13.61
25358,2535.8,2,0,0.0,13.62
25359,2535.9,2,0,0.0,13.62
25360,2536.0,2,0,0.0,13.62
25361,2536.1,2,0,0.0,13.63
25362,2536.2,2,0,0.0,13.61
25363,2536.3,2,0,0.0,13.58
25364,2536.4,2,0,0.0,13.63
25365,2536.5,1,1,0.0,13.91
25366,2536.6,1,0,0.0,14.0
25367,2536.7,1,0,0.0,13.93
25368,2536.8,1,0,0.0,13.95
25369,2536.9,1,0,0.0,13.9
25370,2537.0,1,0,0.0,13.89
25371,2537.1,1,0,0.0,13.92
25372,2537.2,1,0,0.0,13.96
25373,2537.3,1,0,0.0,13.98
25374,2537.4,1,0,0.0,13.92
25375,2537.5,1,0,0.0,13.89
25376,2537.6,1,0,0.0,13.91
25377,2537.7,1,0,0.0,13.9
25378,2537.8,1,0,0.0,13.95
25379,2537.9,1,0,0.0,13.93
25380,2538.0,1,0,0.0,13.92
25381,2538.1,1,0,0.0,13.93
25382,2538.2,2,0,0.0,13.99
25383,2538.3,2,0,0.0,13.94
25384,2538.4,2,0,0.0,13.94
25385,2538.5,2,0,0.0,13.94
25386,2538.6,2,0,0.0,13.89
25387,2538.7,2,0,0.0,13.93
25388,2538.8,2,0,0.0,13.99
25389,2538.9,2,0,0.0,14.0
25390,2539.0,2,0,0.0,13.9
25391,2539.1,2,0,0.0,13.96
25392,2539.2,2,0,0.0,13.93
25393,2539.3,2,0,0.0,13.97
25394,2539.4,4,0,0.0,13.54
25395,2539.5,4,0,0.0,13.52
25396,2539.6,4,0,0.0,13.51
25397,2539.7,4,0,0.0,13.51
25398,2539.8,4,0,0.0,13.55
25399,2539.9,4,0,0.0,13.52
25400,2540.0,3,1,0.0,13.94
25401,2540.1,3,0,0.0,13.95
25402,2540.2,3,0,0.0,13.96
25403,2540.3,3,0,0.0,13.96
25404,2540.4,3,0,0.0,13.96
25405,2540.5,3,0,0.0,13.96
25406,2540.6,3,0,0.0,13.97
25407,2540.7,3,0,0.0,13.91
25408,2540.8,3,0,0.0,13.91
25409,2540.9,3,0,0.0,13.97
25410,2541.0,3,0,0.0,13.92
25411,2541.1,3,0,0.0,13.93
25412,2541.2,3,0,0.0,13.99
25413,2541.3,3,0,0.0,13.94
25414,2541.4,3,0,0.0,13.96
25415,2541.5,3,0,0.0,13.89
25416,2541.6,3,0,0.0,13.92
25417,2541.7,2,1,0.0,13.97
25418,2541.8,2,0,0.0,13.87
25419,2541.9,2,0,0.0,13.94
25420,2542.0,2,0,0.0,13.89
25421,2542.1,2,0,0.0,13.9
25422,2542.2,2,0,0.0,13.91
25423,2542.3,2,0,0.0,13.97
25424,2542.4,2,0,0.0,13.95
25425,2542.5,2,0,0.0,13.94
25426,2542.6,2,0,0.0,13.9
25427,2542.7,2,0,0.0,13.88
25428,2542.8,2,0,0.0,13.95
25429,2542.9,1,1,0.0,13.99
25430,2543.0,1,0,0.0,13.97
25431,2543.1,1,0,0.0,13.99
25432,2543.2,1,0,0.0,13.92
25433,2543.3,1,0,0.0,13.9
25434,2543.4,1,0,0.0,13.97
25435,2543.5,1,0,0.0,14.0
25436,2543.6,1,0,0.0,13.93
25437,2543.7,1,0,0.0,13.94
25438,2543.8,1,0,0.0,13.99
25439,2543.9,2,0,0.0,13.25
25440,2544.0,2,0,0.0,13.16
25441,2544.1,2,0,0.0,13.21
25442,2544.2,2,0,0.0,13.22
25443,2544.3,2,0,0.0,13.18
25444,2544.4,3,0,0.0,13.46
25445,2544.5,3,0,0.0,13.48
25446,2544.6,3,0,0.0,13.44
25447,2544.7,3,0,0.0,13.46
25448,2544.8,3,0,0.0,13.47
25449,2544.9,3,0,0.0,13.47
25450,2545.0,2,1,0.0,13.2
25451,2545.1,2,0,0.0,13.17
25452,2545.2,2,0,0.0,13.25
25453,2545.3,2,0,0.0,13.18
25454,2545.4,2,0,0.0,13.17
25455,2545.5,2,0,0.0,13.23
25456,2545.6,2,0,0.0,13.19
25457,2545.7,2,0,0.0,13.22
25458,2545.8,2,0,0.0,13.19
25459,2545.9,2,0,0.0,13.2
25460,2546.0,2,0,0.0,13.24
25461,2546.1,2,0,0.0,13.23
25462,2546.2,2,0,0.0,13.23
25463,2546.3,2,0,0.0,13.23
25464,2546.4,2,0,0.0,13.18
25465,2546.5,2,0,0.0,13.16
25466,2546.6,2,0,0.0,13.23
25467,2546.7,2,0,0.0,13.26
25468,2546.8,2,0,0.0,13.23
25469,2546.9,2,0,0.0,13.23
25470,2547.0,2,0,0.0,13.23
25471,2547.1,2,0,0.0,13.24
25472,2547.2,2,0,0.0,13.19
25473,2547.3,2,0,0.0,13.21
25474,2547.4,1,1,0.0,12.57
25475,2547.5,1,0,0.0,12.53
25476,2547.6,1,0,0.0,12.51
25477,2547.7,1,0,0.0,12.52
25478,2547.8,1,0,0.0,12.55
25479,2547.9,1,0,0.0,12.46
25480,2548.0,1,0,0.0,12.57
25481,2548.1,2,0,0.0,13.23
25482,2548.2,2,0,0.0,13.23
25483,2548.3,2,0,0.0,13.19
25484,2548.4,2,0,0.0,13.19
25485,2548.5,2,0,0.0,13.19
25486,2548.6,2,0,0.0,13.22
25487,2548.7,2,0,0.0,13.26
25488,2548.8,2,0,0.0,13.21
25489,2548.9,2,0,0.0,13.24
25490,2549.0,2,0,0.0,13.22
25491,2549.1,2,0,0.0,13.24
25492,2549.2,2,0,0.0,13.17
25493,2549.3,2,0,0.0,13.2
25494,2549.4,3,0,0.0,13.04
25495,2549.5,3,0,0.0,13.08
25496,2549.6,4,0,0.0,13.05
25497,2549.7,4,0,0.0,13.01
25498,2549.8,4,0,0.0,13.02
25499,2549.9,4,0,0.0,12.99
25500,2550.0,3,1,0.0,13.18
25501,2550.1,3,0,0.0,13.17
25502,2550.2,3,0,0.0,13.17
25503,2550.3,3,0,0.0,13.15
25504,2550.4,3,0,0.0,13.18
25505,2550.5,3,0,0.0,13.14
25506,2550.6,3,0,0.0,13.15
25507,2550.7,3,0,0.0,13.18
25508,2550.8,3,0,0.0,13.11
25509,2550.9,3,0,0.0,13.16
25510,2551.0,3,0,0.0,13.18
25511,2551.1,3,0,0.0,13.17
25512,2551.2,3,0,0.0,13.13
25513,2551.3,4,0,0.0,12.38
25514,2551.4,4,0,0.0,12.38
25515,2551.5,3,1,0.0,13.13
25516,2551.6,2,1,0.0,12.76
25517,2551.7,2,0,0.0,12.76
25518,2551.8,2,0,0.0,12.76
25519,2551.9,2,0,0.0,12.75
25520,2552.0,2,0,0.0,12.77
25521,2552.1,2,0,0.0,12.75
25522,2552.2,2,0,0.0,12.79
25523,2552.3,2,0,0.0,12.76
25524,2552.4,2,0,0.0,12.8
25525,2552.5,2,0,0.0,12.76
25526,2552.6,2,0,0.0,12.73
25527,2552.7,2,0,0.0,12.82
25528,2552.8,2,0,0.0,12.77
25529,2552.9,2,0,0.0,12.72
25530,2553.0,2,0,0.0,12.74
25531,2553.1,2,0,0.0,12.77
25532,2553.2,2,0,0.0,12.72
25533,2553.3,2,0,0.0,12.78
25534,2553.4,2,0,0.0,12.75
25535,2553.5,2,0,0.0,12.79
25536,2553.6,3,0,0.0,11.84
25537,2553.7,3,0,0.0,11.81
25538,2553.8,3,0,0.0,11.82
25539,2553.9,3,0,0.0,11.83
25540,2554.0,3,0,0.0,11.83
25541,2554.1,2,1,0.0,11.52
25542,2554.2,2,0,0.0,11.52
25543,2554.3,2,0,0.0,11.47
25544,2554.4,3,0,0.0,12.19
25545,2554.5,3,0,0.0,12.19
25546,2554.6,3,0,0.0,12.17
25547,2554.7,3,0,0.0,12.18
25548,2554.8,3,0,0.0,12.17
25549,2554.9,3,0,0.0,12.18
25550,2555.0,2,1,0.0,11.5
25551,2555.1,2,0,0.0,11.47
25552,2555.2,3,0,0.0,10.89
25553,2555.3,3,0,0.0,10.85
25554,2555.4,3,0,0.0,10.87
25555,2555.5,3,0,0.0,10.89
25556,2555.6,3,0,0.0,10.89
25557,2555.7,3,0,0.0,10.91
25558,2555.8,3,0,0.0,10.87
25559,2555.9,3,0,0.0,10.9
25560,2556.0,3,0,0.0,10.88
25561,2556.1,3,0,0.0,10.87
25562,2556.2,3,0,0.0,10.92
25563,2556.3,3,0,0.0,10.89
25564,2556.4,3,0,0.0,10.92
25565,2556.5,3,0,0.0,10.92
25566,2556.6,3,0,0.0,10.88
25567,2556.7,3,0,0.0,10.93
25568,2556.8,4,0,0.0,10.95
25569,2556.9,4,0,0.0,10.95
25570,2557.0,4,0,0.0,10.92
25571,2557.1,4,0,0.0,10.97
25572,2557.2,4,0,0.0,10.95
25573,2557.3,4,0,0.0,10.96
25574,2557.4,4,0,0.0,10.97
25575,2557.5,4,0,0.0,10.98
25576,2557.6,4,0,0.0,10.92
25577,2557.7,4,0,0.0,10.91
25578,2557.8,4,0,0.0,10.97
25579,2557.9,4,0,0.0,10.97
25580,2558.0,4,0,0.0,10.96
25581,2558.1,4,0,0.0,10.95
25582,2558.2,4,0,0.0,10.97
25583,2558.3,4,0,0.0,10.96
25584,2558.4,4,0,0.0,10.93
25585,2558.5,4,0,0.0,10.98
25586,2558.6,4,0,0.0,11.0
25587,2558.7,4,0,0.0,10.95
25588,2558.8,4,0,0.0,10.96
25589,2558.9,4,0,0.0,10.97
25590,2559.0,4,0,0.0,10.98
25591,2559.1,4,0,0.0,10.96
25592,2559.2,4,0,0.0,10.93
25593,2559.3,4,0,0.0,10.95
25594,2559.4,4,1,0.0,10.72
25595,2559.5,4,0,0.0,10.71
25596,2559.6,4,0,0.0,10.72
25597,2559.7,4,0,0.0,10.7
25598,2559.8,4,0,0.0,10.71
25599,2559.9,4,0,0.0,10.72
25600,2560.0,3,1,0.0,10.32
25601,2560.1,3,0,0.0,10.32
25602,2560.2,3,0,0.0,10.32
25603,2560.3,3,0,0.0,10.3
25604,2560.4,3,0,0.0,10.32
25605,2560.5,3,0,0.0,10.32
25606,2560.6,3,0,0.0,10.27
25607,2560.7,3,0,0.0,10.3
25608,2560.8,3,0,0.0,10.3
25609,2560.9,4,0,0.0,11.22
25610,2561.0,4,0,0.0,11.22
25611,2561.1,4,0,0.0,11.2
25612,2561.2,3,1,0.0,11.29
25613,2561.3,3,0,0.0,11.29
25614,2561.4,3,0,0.0,11.29
25615,2561.5,3,0,0.0,11.28
25616,2561.6,3,0,0.0,11.28
25617,2561.7,3,0,0.0,11.27
25618,2561.8,3,0,0.0,11.3
25619,2561.9,3,0,0.0,11.24
25620,2562.0,3,0,0.0,11.25
25621,2562.1,3,0,0.0,11.3
25622,2562.2,3,0,0.0,11.3
25623,2562.3,3,0,0.0,11.28
25624,2562.4,3,0,0.0,11.28
25625,2562.5,3,0,0.0,11.3
25626,2562.6,3,0,0.0,11.28
25627,2562.7,3,0,0.0,11.26
25628,2562.8,3,0,0.0,11.28
25629,2562.9,3,0,0.0,11.29
25630,2563.0,3,0,0.0,11.31
25631,2563.1,3,0,0.0,11.28
25632,2563.2,3,0,0.0,11.27
25633,2563.3,3,0,0.0,11.28
25634,2563.4,3,0,0.0,11.29
25635,2563.5,3,0,0.0,11.3
25636,2563.6,3,0,0.0,11.29
25637,2563.7,3,0,0.0,11.29
25638,2563.8,3,0,0.0,11.28
25639,2563.9,3,0,0.0,11.29
25640,2564.0,3,0,0.0,11.27
25641,2564.1,3,0,0.0,11.27
25642,2564.2,3,0,0.0,11.28
25643,2564.3,4,0,0.0,11.99
25644,2564.4,4,0,0.0,11.96
25645,2564.5,4,0,0.0,11.94
25646,2564.6,4,0,0.0,11.97
25647,2564.7,4,0,0.0,11.96
25648,2564.8,4,0,0.0,11.94
25649,2564.9,3,1,0.0,11.26
25650,2565.0,3,0,0.0,11.28
25651,2565.1,3,0,0.0,11.3
25652,2565.2,3,0,0.0,11.26
25653,2565.3,3,0,0.0,11.24
25654,2565.4,3,0,0.0,11.29
25655,2565.5,4,0,0.0,11.77
25656,2565.6,4,0,0.0,11.74
25657,2565.7,4,0,0.0,11.78
25658,2565.8,3,1,0.0,12.32
25659,2565.9,3,0,0.0,12.43
25660,2566.0,3,0,0.0,12.46
25661,2566.1,3,0,0.0,12.56
25662,2566.2,3,0,0.0,12.62
25663,2566.3,3,0,0.0,12.67
25664,2566.4,3,0,0.0,12.73
25665,2566.5,3,0,0.0,12.81
25666,2566.6,4,0,0.0,12.95
25667,2566.7,4,0,0.0,13.01
25668,2566.8,4,0,0.0,13.07
25669,2566.9,4,0,0.0,13.1
25670,2567.0,4,0,0.0,13.14
25671,2567.1,4,0,0.0,13.21
25672,2567.2,4,0,0.0,13.26
25673,2567.3,4,0,0.0,13.3
25674,2567.4,4,0,0.0,13.34
25675,2567.5,4,0,0.0,13.43
25676,2567.6,4,0,0.0,13.46
25677,2567.7,3,1,0.0,13.4
25678,2567.8,3,0,0.0,13.37
25679,2567.9,3,0,0.0,13.38
25680,2568.0,3,0,0.0,13.41
25681,2568.1,3,0,0.0,13.41
25682,2568.2,3,0,0.0,13.41
25683,2568.3,3,0,0.0,13.4
25684,2568.4,3,0,0.0,13.44
25685,2568.5,3,0,0.0,13.38
25686,2568.6,3,0,0.0,13.42
25687,2568.7,3,0,0.0,13.44
25688,2568.8,3,0,0.0,13.39
25689,2568.9,3,0,0.0,13.38
25690,2569.0,3,0,0.0,13.38
25691,2569.1,3,0,0.0,13.39
25692,2569.2,2,1,0.0,13.52
25693,2569.3,3,0,0.0,13.68
25694,2569.4,3,0,0.0,13.67
25695,2569.5,3,0,0.0,13.7
25696,2569.6,3,0,0.0,13.69
25697,2569.7,3,0,0.0,13.69
25698,2569.8,3,0,0.0,13.63
25699,2569.9,2,1,0.0,13.5
25700,2570.0,2,0,0.0,13.53
25701,2570.1,1,1,0.0,13.12
25702,2570.2,1,0,0.0,13.16
25703,2570.3,1,0,0.0,13.08
25704,2570.4,1,0,0.0,13.13
25705,2570.5,1,0,0.0,13.07
25706,2570.6,1,0,0.0,13.15
25707,2570.7,1,0,0.0,13.07
25708,2570.8,1,0,0.0,13.15
25709,2570.9,1,0,0.0,13.1
25710,2571.0,1,0,0.0,13.08
25711,2571.1,1,0,0.0,13.14
25712,2571.2,1,0,0.0,13.07
25713,2571.3,1,0,0.0,13.08
25714,2571.4,1,0,0.0,13.08
25715,2571.5,1,0,0.0,13.14
25716,2571.6,1,0,0.0,13.07
25717,2571.7,1,0,0.0,13.1
25718,2571.8,1,0,0.0,13.09
25719,2571.9,1,0,0.0,13.19
25720,2572.0,1,0,0.0,13.12
25721,2572.1,1,0,0.0,13.17
25722,2572.2,1,0,0.0,13.12
25723,2572.3,2,0,0.0,13.54
25724,2572.4,2,0,0.0,13.52
25725,2572.5,2,0,0.0,13.54
25726,2572.6,2,0,0.0,13.55
25727,2572.7,2,0,0.0,13.57
25728,2572.8,2,0,0.0,13.55
25729,2572.9,2,0,0.0,13.5
25730,2573.0,2,0,0.0,13.53
25731,2573.1,2,0,0.0,13.53
25732,2573.2,2,0,0.0,13.54
25733,2573.3,2,0,0.0,13.51
25734,2573.4,2,0,0.0,13.51
25735,2573.5,2,0,0.0,13.55
25736,2573.6,2,0,0.0,13.48
25737,2573.7,2,0,0.0,13.53
25738,2573.8,2,0,0.0,13.53
25739,2573.9,2,0,0.0,13.51
25740,2574.0,2,0,0.0,13.5
25741,2574.1,2,0,0.0,13.58
25742,2574.2,3,0,0.0,13.29
25743,2574.3,4,0,0.0,13.4
25744,2574.4,4,0,0.0,13.42
25745,2574.5,4,0,0.0,13.41
25746,2574.6,4,0,0.0,13.4
25747,2574.7,4,0,0.0,13.43
25748,2574.8,4,0,0.0,13.42
25749,2574.9,3,1,0.0,13.24
25750,2575.0,3,0,0.0,13.25
25751,2575.1,3,0,0.0,13.25
25752,2575.2,3,0,0.0,13.26
25753,2575.3,3,0,0.0,13.28
25754,2575.4,3,0,0.0,13.24
25755,2575.5,3,0,0.0,13.26
25756,2575.6,3,0,0.0,13.27
25757,2575.7,3,0,0.0,13.28
25758,2575.8,3,0,0.0,13.26
25759,2575.9,3,0,0.0,13.24
25760,2576.0,3,0,0.0,13.27
25761,2576.1,3,0,0.0,13.28
25762,2576.2,3,0,0.0,13.25
25763,2576.3,2,1,0.0,13.33
25764,2576.4,2,0,0.0,13.27
25765,2576.5,2,0,0.0,13.32
25766,2576.6,2,0,0.0,13.3
25767,2576.7,2,0,0.0,13.31
25768,2576.8,2,0,0.0,13.32
25769,2576.9,2,0,0.0,13.29
25770,2577.0,2,0,0.0,13.37
25771,2577.1,2,0,0.0,13.31
25772,2577.2,2,0,0.0,13.31
25773,2577.3,2,0,0.0,13.32
25774,2577.4,2,0,0.0,13.35
25775,2577.5,2,0,0.0,13.33
25776,2577.6,2,0,0.0,13.34
25777,2577.7,2,0,0.0,13.33
25778,2577.8,2,0,0.0,13.32
25779,2577.9,2,0,0.0,13.32
25780,2578.0,2,1,0.0,13.95
25781,2578.1,2,0,0.0,13.95
25782,2578.2,2,0,0.0,13.93
25783,2578.3,2,0,0.0,13.94
25784,2578.4,2,0,0.0,13.91
25785,2578.5,2,0,0.0,13.93
25786,2578.6,2,0,0.0,13.9
25787,2578.7,2,0,0.0,13.97
25788,2578.8,2,0,0.0,13.97
25789,2578.9,2,0,0.0,13.93
25790,2579.0,2,0,0.0,13.94
25791,2579.1,2,0,0.0,13.94
25792,2579.2,2,0,0.0,13.95
25793,2579.3,3,0,0.0,13.94
25794,2579.4,3,0,0.0,13.92
25795,2579.5,3,0,0.0,13.96
25796,2579.6,3,0,0.0,13.93
25797,2579.7,3,0,0.0,13.93
25798,2579.8,3,0,0.0,13.91
25799,2579.9,3,1,0.0,12.65
25800,2580.0,3,0,0.0,12.62
25801,2580.1,2,1,0.0,13.93
25802,2580.2,2,0,0.0,13.96
25803,2580.3,2,0,0.0,13.89
25804,2580.4,2,0,0.0,13.93
25805,2580.5,2,0,0.0,13.92
25806,2580.6,2,0,0.0,13.95
25807,2580.7,2,0,0.0,13.94
25808,2580.8,2,0,0.0,13.95
25809,2580.9,2,0,0.0,13.93
25810,2581.0,2,0,0.0,13.93
25811,2581.1,2,0,0.0,13.93
25812,2581.2,2,0,0.0,13.97
25813,2581.3,2,0,0.0,13.9
25814,2581.4,2,0,0.0,13.97
25815,2581.5,1,1,0.0,13.92
25816,2581.6,1,0,0.0,13.88
25817,2581.7,1,0,0.0,13.99
25818,2581.8,1,0,0.0,13.97
25819,2581.9,1,0,0.0,13.89
25820,2582.0,1,0,0.0,13.92
25821,2582.1,1,0,0.0,13.91
25822,2582.2,1,0,0.0,13.99
25823,2582.3,1,0,0.0,13.9
25824,2582.4,1,0,0.0,13.99
25825,2582.5,1,0,0.0,13.96
25826,2582.6,1,0,0.0,14.0
25827,2582.7,1,0,0.0,13.93
25828,2582.8,1,0,0.0,13.98
25829,2582.9,2,0,0.0,13.74
25830,2583.0,2,0,0.0,13.71
25831,2583.1,2,0,0.0,13.69
25832,2583.2,2,0,0.0,13.64
25833,2583.3,2,0,0.0,13.69
25834,2583.4,2,0,0.0,13.67
25835,2583.5,2,0,0.0,13.73
25836,2583.6,3,0,0.0,13.77
25837,2583.7,3,0,0.0,13.8
25838,2583.8,3,0,0.0,13.78
25839,2583.9,3,0,0.0,13.77
25840,2584.0,3,0,0.0,13.76
25841,2584.1,3,0,0.0,13.76
25842,2584.2,3,0,0.0,13.8
25843,2584.3,4,0,0.0,13.8
25844,2584.4,4,0,0.0,13.85
25845,2584.5,4,0,0.0,13.82
25846,2584.6,4,0,0.0,13.81
25847,2584.7,4,0,0.0,13.79
25848,2584.8,4,0,0.0,13.8
25849,2584.9,3,1,0.0,13.8
25850,2585.0,3,0,0.0,13.78
25851,2585.1,3,0,0.0,13.75
25852,2585.2,3,0,0.0,13.81
25853,2585.3,3,0,0.0,13.77
25854,2585.4,3,0,0.0,13.76
25855,2585.5,3,0,0.0,13.81
25856,2585.6,3,0,0.0,13.77
25857,2585.7,3,0,0.0,13.78
25858,2585.8,3,0,0.0,13.82
25859,2585.9,3,0,0.0,13.75
25860,2586.0,3,0,0.0,13.78
25861,2586.1,3,0,0.0,13.78
25862,2586.2,3,0,0.0,13.8
25863,2586.3,3,0,0.0,13.77
25864,2586.4,3,0,0.0,13.81
25865,2586.5,2,1,0.0,13.91
25866,2586.6,2,0,0.0,13.94
25867,2586.7,2,0,0.0,13.99
25868,2586.8,2,0,0.0,13.91
25869,2586.9,2,0,0.0,13.9
25870,2587.0,2,0,0.0,13.91
25871,2587.1,2,0,0.0,13.89
25872,2587.2,1,1,0.0,13.96
25873,2587.3,1,0,0.0,13.98
25874,2587.4,1,0,0.0,13.97
25875,2587.5,1,0,0.0,14.0
25876,2587.6,1,0,0.0,13.95
25877,2587.7,1,0,0.0,13.97
25878,2587.8,1,0,0.0,13.88
25879,2587.9,1,0,0.0,13.87
25880,2588.0,1,0,0.0,13.99
25881,2588.1,1,0,0.0,13.99
25882,2588.2,1,0,0.0,13.91
25883,2588.3,1,0,0.0,13.9
25884,2588.4,1,0,0.0,13.89
25885,2588.5,1,0,0.0,13.91
25886,2588.6,1,0,0.0,13.99
25887,2588.7,1,0,0.0,14.0
25888,2588.8,1,0,0.0,13.93
25889,2588.9,1,0,0.0,13.99
25890,2589.0,1,0,0.0,13.89
25891,2589.1,1,0,0.0,13.9
25892,2589.2,2,0,0.0,13.86
25893,2589.3,3,0,0.0,13.89
25894,2589.4,3,0,0.0,13.88
25895,2589.5,3,0,0.0,13.88
25896,2589.6,3,0,0.0,13.89
25897,2589.7,3,0,0.0,13.86
25898,2589.8,2,1,0.0,13.93
25899,2589.9,2,0,0.0,13.96
25900,2590.0,2,0,0.0,13.91
25901,2590.1,2,0,0.0,13.93
25902,2590.2,2,0,0.0,13.93
25903,2590.3,2,0,0.0,13.94
25904,2590.4,2,0,0.0,13.89
25905,2590.5,2,0,0.0,13.95
25906,2590.6,2,0,0.0,13.97
25907,2590.7,2,0,0.0,13.9
25908,2590.8,2,0,0.0,13.95
25909,2590.9,2,0,0.0,13.93
25910,2591.0,2,0,0.0,13.93
25911,2591.1,2,0,0.0,13.97
25912,2591.2,2,0,0.0,13.96
25913,2591.3,2,0,0.0,13.93
25914,2591.4,2,0,0.0,13.91
25915,2591.5,2,0,0.0,13.93
25916,2591.6,3,0,0.0,13.94
25917,2591.7,3,0,0.0,13.91
25918,2591.8,3,0,0.0,13.94
25919,2591.9,3,0,0.0,13.93
25920,2592.0,3,0,0.0,13.92
25921,2592.1,3,0,0.0,13.89
25922,2592.2,3,0,0.0,13.91
25923,2592.3,3,0,0.0,13.93
25924,2592.4,3,0,0.0,13.94
25925,2592.5,3,0,0.0,13.92
25926,2592.6,3,0,0.0,13.93
25927,2592.7,3,0,0.0,13.95
25928,2592.8,2,1,0.0,13.9
25929,2592.9,2,0,0.0,13.91
25930,2593.0,2,0,0.0,13.91
25931,2593.1,2,0,0.0,14.0
25932,2593.2,2,0,0.0,13.94
25933,2593.3,2,0,0.0,13.94
25934,2593.4,2,0,0.0,13.97
25935,2593.5,2,0,0.0,13.95
25936,2593.6,2,0,0.0,13.88
25937,2593.7,2,0,0.0,13.98
25938,2593.8,2,0,0.0,13.89
25939,2593.9,2,0,0.0,13.96
25940,2594.0,2,0,0.0,13.97
25941,2594.1,2,0,0.0,13.93
25942,2594.2,3,0,0.0,13.96
25943,2594.3,3,0,0.0,13.93
25944,2594.4,3,0,0.0,13.95
25945,2594.5,3,0,0.0,13.94
25946,2594.6,3,0,0.0,13.94
25947,2594.7,3,0,0.0,13.93
25948,2594.8,2,1,0.0,13.94
25949,2594.9,2,0,0.0,13.94
25950,2595.0,3,0,0.0,13.99
25951,2595.1,2,1,0.0,13.97
25952,2595.2,2,0,0.0,13.93
25953,2595.3,2,0,0.0,13.95
25954,2595.4,2,0,0.0,13.91
25955,2595.5,2,0,0.0,13.93
25956,2595.6,2,0,0.0,13.92
25957,2595.7,2,0,0.0,13.92
25958,2595.8,2,0,0.0,13.95
25959,2595.9,3,0,0.0,12.47
25960,2596.0,3,0,0.0,12.5
25961,2596.1,3,0,0.0,12.52
25962,2596.2,3,0,0.0,12.55
25963,2596.3,3,0,0.0,12.6
25964,2596.4,3,0,0.0,12.63
25965,2596.5,3,0,0.0,12.6
25966,2596.6,3,0,0.0,12.64
25967,2596.7,3,0,0.0,12.58
25968,2596.8,3,0,0.0,12.61
25969,2596.9,3,0,0.0,12.61
25970,2597.0,3,0,0.0,12.64
25971,2597.1,3,0,0.0,12.63
25972,2597.2,3,0,0.0,12.64
25973,2597.3,3,0,0.0,12.62
25974,2597.4,3,0,0.0,12.62
25975,2597.5,3,0,0.0,12.63
25976,2597.6,3,0,0.0,12.61
25977,2597.7,3,0,0.0,12.62
25978,2597.8,3,0,0.0,12.59
25979,2597.9,3,0,0.0,12.6
25980,2598.0,3,0,0.0,12.62
25981,2598.1,3,0,0.0,12.62
25982,2598.2,3,0,0.0,12.63
25983,2598.3,3,0,0.0,12.6
25984,2598.4,3,0,0.0,12.61
25985,2598.5,2,1,0.0,11.93
25986,2598.6,2,0,0.0,11.99
25987,2598.7,2,0,0.0,11.95
25988,2598.8,2,0,0.0,11.95
25989,2598.9,2,0,0.0,11.97
25990,2599.0,2,0,0.0,11.94
25991,2599.1,2,0,0.0,11.98
25992,2599.2,3,0,0.0,11.92
25993,2599.3,3,0,0.0,11.9
25994,2599.4,3,0,0.0,11.89
25995,2599.5,3,0,0.0,11.87
25996,2599.6,3,0,0.0,11.89
25997,2599.7,3,0,0.0,11.91
25998,2599.8,3,0,0.0,11.89
25999,2599.9,2,1,0.0,11.97
26000,2600.0,2,0,0.0,11.91
26001,2600.1,3,0,0.0,11.3
26002,2600.2,3,0,0.0,11.3
26003,2600.3,3,0,0.0,11.3
26004,2600.4,3,0,0.0,11.29
26005,2600.5,3,0,0.0,11.28
26006,2600.6,3,0,0.0,11.29
26007,2600.7,4,0,0.0,11.98
26008,2600.8,4,0,0.0,11.94
26009,2600.9,5,0,0.0,10.94
26010,2601.0,5,0,0.0,10.89
26011,2601.1,5,0,0.0,10.91
26012,2601.2,5,0,0.0,10.96
26013,2601.3,5,0,0.0,10.96
26014,2601.4,5,0,0.0,10.99
26015,2601.5,5,0,0.0,11.06
26016,2601.6,5,0,0.0,11.05
26017,2601.7,5,0,0.0,11.07
26018,2601.8,5,0,0.0,11.1
26019,2601.9,5,0,0.0,11.1
26020,2602.0,5,0,0.0,11.08
26021,2602.1,5,0,0.0,11.09
26022,2602.2,5,0,0.0,11.14
26023,2602.3,5,0,0.0,11.17
26024,2602.4,5,0,0.0,11.19
26025,2602.5,5,0,0.0,11.19
26026,2602.6,5,0,0.0,11.21
26027,2602.7,5,0,0.0,11.23
26028,2602.8,5,0,0.0,11.23
26029,2602.9,5,0,0.0,11.24
26030,2603.0,5,0,0.0,11.23
26031,2603.1,5,0,0.0,11.24
26032,2603.2,5,0,0.0,11.28
26033,2603.3,5,0,0.0,11.29
26034,2603.4,5,0,0.0,11.28
26035,2603.5,5,0,0.0,11.31
26036,2603.6,5,0,0.0,11.31
26037,2603.7,5,0,0.0,11.3
26038,2603.8,5,0,0.0,11.32
26039,2603.9,5,0,0.0,11.34
26040,2604.0,5,0,0.0,11.36
26041,2604.1,5,0,0.0,11.33
26042,2604.2,5,1,0.0,11.29
26043,2604.3,5,0,0.0,11.27
26044,2604.4,4,1,0.0,11.6
26045,2604.5,4,0,0.0,11.68
26046,2604.6,4,0,0.0,11.73
26047,2604.7,4,0,0.0,11.77
26048,2604.8,3,1,0.0,11.26
26049,2604.9,3,0,0.0,11.33
26050,2605.0,3,0,0.0,11.37
26051,2605.1,3,0,0.0,11.39
26052,2605.2,3,0,0.0,11.43
26053,2605.3,3,0,0.0,11.48
26054,2605.4,3,0,0.0,11.5
26055,2605.5,3,0,0.0,11.53
26056,2605.6,3,0,0.0,11.56
26057,2605.7,3,0,0.0,11.58
26058,2605.8,3,0,0.0,11.6
26059,2605.9,3,0,0.0,11.67
26060,2606.0,3,0,0.0,11.68
26061,2606.1,3,0,0.0,11.72
26062,2606.2,2,1,0.0,11.4
26063,2606.3,2,0,0.0,11.35
26064,2606.4,3,0,0.0,12.21
26065,2606.5,3,0,0.0,12.17
26066,2606.6,3,0,0.0,12.14
26067,2606.7,3,0,0.0,12.08
26068,2606.8,3,0,0.0,12.08
26069,2606.9,3,0,0.0,12.04
26070,2607.0,3,0,0.0,12.04
26071,2607.1,3,0,0.0,12.0
26072,2607.2,3,0,0.0,12.0
26073,2607.3,3,0,0.0,11.98
26074,2607.4,3,0,0.0,11.95
26075,2607.5,3,0,0.0,11.96
26076,2607.6,3,0,0.0,11.93
26077,2607.7,3,0,0.0,11.91
26078,2607.8,3,0,0.0,11.89
26079,2607.9,3,0,0.0,11.9
26080,2608.0,4,0,0.0,11.41
26081,2608.1,3,1,0.0,11.85
26082,2608.2,2,1,0.0,12.9
26083,2608.3,2,0,0.0,13.02
26084,2608.4,2,0,0.0,13.1
26085,2608.5,2,0,0.0,13.17
26086,2608.6,2,0,0.0,13.34
26087,2608.7,2,0,0.0,13.47
26088,2608.8,2,0,0.0,13.48
26089,2608.9,3,0,0.0,13.71
26090,2609.0,3,0,0.0,13.77
26091,2609.1,4,0,0.0,13.58
26092,2609.2,4,0,0.0,13.63
26093,2609.3,4,0,0.0,13.63
26094,2609.4,4,0,0.0,13.63
26095,2609.5,4,0,0.0,13.65
26096,2609.6,4,0,0.0,13.61
26097,2609.7,3,1,0.0,13.97
26098,2609.8,3,0,0.0,13.96
26099,2609.9,3,0,0.0,13.94
26100,2610.0,3,0,0.0,13.9
26101,2610.1,3,0,0.0,13.95
26102,2610.2,3,0,0.0,13.91
26103,2610.3,2,1,0.0,13.93
26104,2610.4,2,0,0.0,13.92
26105,2610.5,2,0,0.0,13.99
26106,2610.6,2,0,0.0,13.94
26107,2610.7,2,0,0.0,13.94
26108,2610.8,2,0,0.0,13.97
26109,2610.9,2,0,0.0,13.92
26110,2611.0,2,0,0.0,13.91
26111,2611.1,2,0,0.0,13.98
26112,2611.2,2,0,0.0,13.94
26113,2611.3,2,0,0.0,13.94
26114,2611.4,2,0,0.0,14.0
26115,2611.5,2,0,0.0,13.9
26116,2611.6,2,0,0.0,13.93
26117,2611.7,2,0,0.0,13.93
26118,2611.8,2,0,0.0,13.95
26119,2611.9,2,0,0.0,13.93
26120,2612.0,3,0,0.0,13.75
26121,2612.1,3,0,0.0,13.74
26122,2612.2,3,0,0.0,13.68
26123,2612.3,3,0,0.0,13.7
26124,2612.4,2,1,0.0,13.64
26125,2612.5,2,0,0.0,13.61
26126,2612.6,2,0,0.0,13.62
26127,2612.7,2,0,0.0,13.63
26128,2612.8,2,0,0.0,13.63
26129,2612.9,2,0,0.0,13.64
26130,2613.0,2,0,0.0,13.64
26131,2613.1,2,0,0.0,13.63
26132,2613.2,2,0,0.0,13.68
26133,2613.3,2,0,0.0,13.61
26134,2613.4,2,0,0.0,13.64
26135,2613.5,2,0,0.0,13.68
26136,2613.6,2,0,0.0,13.61
26137,2613.7,2,0,0.0,13.58
26138,2613.8,2,0,0.0,13.65
26139,2613.9,2,0,0.0,13.61
26140,2614.0,2,0,0.0,13.63
26141,2614.1,3,0,0.0,13.22
26142,2614.2,3,0,0.0,13.16
26143,2614.3,3,0,0.0,13.19
26144,2614.4,3,0,0.0,13.17
26145,2614.5,3,0,0.0,13.17
26146,2614.6,3,0,0.0,13.22
26147,2614.7,2,1,0.0,13.59
26148,2614.8,2,0,0.0,13.64
26149,2614.9,2,0,0.0,13.66
26150,2615.0,2,0,0.0,13.64
26151,2615.1,2,0,0.0,13.61
26152,2615.2,2,0,0.0,13.66
26153,2615.3,2,0,0.0,13.61
26154,2615.4,2,0,0.0,13.64
26155,2615.5,2,0,0.0,13.64
26156,2615.6,1,1,0.0,13.27
26157,2615.7,1,0,0.0,13.27
26158,2615.8,1,0,0.0,13.37
26159,2615.9,1,0,0.0,13.28
26160,2616.0,1,0,0.0,13.33
26161,2616.1,1,0,0.0,13.32
26162,2616.2,1,0,0.0,13.26
26163,2616.3,1,0,0.0,13.35
26164,2616.4,1,0,0.0,13.33
26165,2616.5,1,0,0.0,13.39
26166,2616.6,1,0,0.0,13.39
26167,2616.7,1,0,0.0,13.28
26168,2616.8,1,0,0.0,13.29
26169,2616.9,1,0,0.0,13.32
26170,2617.0,1,0,0.0,13.38
26171,2617.1,1,0,0.0,13.38
26172,2617.2,1,0,0.0,13.33
26173,2617.3,1,0,0.0,13.29
26174,2617.4,1,0,0.0,13.38
26175,2617.5,1,0,0.0,13.27
26176,2617.6,2,0,0.0,13.68
26177,2617.7,3,0,0.0,13.74
26178,2617.8,3,0,0.0,13.78
26179,2617.9,3,0,0.0,13.71
26180,2618.0,3,0,0.0,13.75
26181,2618.1,3,0,0.0,13.73
26182,2618.2,3,0,0.0,13.72
26183,2618.3,3,0,0.0,13.73
26184,2618.4,3,0,0.0,13.71
26185,2618.5,3,0,0.0,13.76
26186,2618.6,3,0,0.0,13.78
26187,2618.7,3,0,0.0,13.68
26188,2618.8,3,0,0.0,13.75
26189,2618.9,3,0,0.0,13.7
26190,2619.0,3,0,0.0,13.74
26191,2619.1,4,0,0.0,13.77
26192,2619.2,4,0,0.0,13.79
26193,2619.3,4,0,0.0,13.76
26194,2619.4,4,0,0.0,13.78
26195,2619.5,4,0,0.0,13.78
26196,2619.6,4,0,0.0,13.74
26197,2619.7,3,1,0.0,13.77
26198,2619.8,3,0,0.0,13.72
26199,2619.9,3,0,0.0,13.7
26200,2620.0,3,0,0.0,13.69
26201,2620.1,3,0,0.0,13.74
26202,2620.2,3,0,0.0,13.74
26203,2620.3,3,0,0.0,13.75
26204,2620.4,3,0,0.0,13.76
26205,2620.5,3,0,0.0,13.72
26206,2620.6,3,0,0.0,13.72
26207,2620.7,3,0,0.0,13.73
26208,2620.8,3,0,0.0,13.69
26209,2620.9,3,0,0.0,13.73
26210,2621.0,3,0,0.0,13.75
26211,2621.1,2,1,0.0,13.63
26212,2621.2,2,0,0.0,13.66
26213,2621.3,2,0,0.0,13.58
26214,2621.4,2,0,0.0,13.62
26215,2621.5,2,0,0.0,13.66
26216,2621.6,1,1,0.0,13.89
26217,2621.7,1,0,0.0,14.0
26218,2621.8,1,0,0.0,13.89
26219,2621.9,1,0,0.0,13.87
26220,2622.0,1,0,0.0,13.87
26221,2622.1,1,0,0.0,13.89
26222,2622.2,1,0,0.0,13.88
26223,2622.3,1,0,0.0,13.88
26224,2622.4,1,0,0.0,13.98
26225,2622.5,1,0,0.0,13.93
26226,2622.6,1,0,0.0,13.98
26227,2622.7,1,0,0.0,13.94
26228,2622.8,1,0,0.0,13.9
26229,2622.9,1,0,0.0,13.93
26230,2623.0,1,0,0.0,13.95
26231,2623.1,1,0,0.0,13.93
26232,2623.2,1,0,0.0,13.94
26233,2623.3,1,0,0.0,13.9
26234,2623.4,2,0,0.0,13.97
26235,2623.5,2,0,0.0,13.9
26236,2623.6,2,0,0.0,13.94
26237,2623.7,2,0,0.0,13.94
26238,2623.8,2,0,0.0,13.93
26239,2623.9,2,0,0.0,13.9
26240,2624.0,2,0,0.0,13.93
26241,2624.1,3,0,0.0,13.96
26242,2624.2,3,0,0.0,13.95
26243,2624.3,3,0,0.0,13.92
26244,2624.4,3,0,0.0,13.93
26245,2624.5,3,0,0.0,13.94
26246,2624.6,3,0,0.0,13.95
26247,2624.7,2,1,0.0,13.91
26248,2624.8,2,0,0.0,13.91
26249,2624.9,2,0,0.0,13.94
26250,2625.0,2,0,0.0,13.92
26251,2625.1,2,0,0.0,13.9
26252,2625.2,2,0,0.0,13.95
26253,2625.3,2,0,0.0,13.92
26254,2625.4,2,0,0.0,13.95
26255,2625.5,2,0,0.0,13.91
26256,2625.6,2,0,0.0,13.9
26257,2625.7,2,0,0.0,13.89
26258,2625.8,2,0,0.0,13.94
26259,2625.9,2,0,0.0,13.89
26260,2626.0,2,0,0.0,13.91
26261,2626.1,2,0,0.0,13.92
26262,2626.2,2,0,0.0,13.88
26263,2626.3,3,0,0.0,13.91
26264,2626.4,3,0,0.0,13.89
26265,2626.5,3,0,0.0,13.91
26266,2626.6,3,0,0.0,13.9
26267,2626.7,3,0,0.0,13.87
26268,2626.8,3,0,0.0,13.88
26269,2626.9,2,1,0.0,13.89
26270,2627.0,2,0,0.0,13.84
26271,2627.1,2,0,0.0,13.92
26272,2627.2,2,0,0.0,13.89
26273,2627.3,2,0,0.0,13.85
26274,2627.4,2,0,0.0,13.9
26275,2627.5,2,0,0.0,13.9
26276,2627.6,2,0,0.0,13.88
26277,2627.7,2,0,0.0,13.83
26278,2627.8,2,0,0.0,13.86
26279,2627.9,2,0,0.0,13.91
26280,2628.0,2,0,0.0,13.85
26281,2628.1,2,0,0.0,13.82
26282,2628.2,2,0,0.0,13.83
26283,2628.3,2,0,0.0,13.86
26284,2628.4,2,0,0.0,13.84
26285,2628.5,2,0,0.0,13.89
26286,2628.6,2,0,0.0,13.86
26287,2628.7,2,0,0.0,13.88
26288,2628.8,2,0,0.0,13.84
26289,2628.9,2,0,0.0,13.84
26290,2629.0,2,0,0.0,13.89
26291,2629.1,4,0,0.0,13.97
26292,2629.2,4,0,0.0,13.89
26293,2629.3,4,0,0.0,13.91
26294,2629.4,4,0,0.0,13.93
26295,2629.5,4,0,0.0,13.91
26296,2629.6,4,0,0.0,13.87
26297,2629.7,3,1,0.0,13.93
26298,2629.8,2,1,0.0,13.89
26299,2629.9,2,0,0.0,13.95
26300,2630.0,2,0,0.0,13.92
26301,2630.1,2,0,0.0,13.87
26302,2630.2,2,0,0.0,13.86
26303,2630.3,2,0,0.0,13.91
26304,2630.4,2,0,0.0,13.88
26305,2630.5,2,0,0.0,13.9
26306,2630.6,2,0,0.0,13.86
26307,2630.7,2,0,0.0,13.94
26308,2630.8,2,0,0.0,13.95
26309,2630.9,2,0,0.0,13.86
26310,2631.0,2,0,0.0,13.87
26311,2631.1,2,0,0.0,13.92
26312,2631.2,2,0,0.0,13.9
26313,2631.3,2,0,0.0,13.87
26314,2631.4,2,0,0.0,13.91
26315,2631.5,2,0,0.0,13.91
26316,2631.6,2,0,0.0,13.95
26317,2631.7,2,0,0.0,13.92
26318,2631.8,2,0,0.0,13.89
26319,2631.9,2,0,0.0,13.91
26320,2632.0,2,0,0.0,13.93
26321,2632.1,2,0,0.0,13.94
26322,2632.2,2,0,0.0,13.91
26323,2632.3,2,0,0.0,13.92
26324,2632.4,2,0,0.0,13.89
26325,2632.5,2,0,0.0,13.97
26326,2632.6,1,1,0.0,13.9
26327,2632.7,1,0,0.0,13.93
26328,2632.8,1,0,0.0,13.94
26329,2632.9,1,0,0.0,13.88
26330,2633.0,1,0,0.0,13.88
26331,2633.1,1,0,0.0,13.87
26332,2633.2,1,0,0.0,13.88
26333,2633.3,1,0,0.0,13.93
26334,2633.4,1,0,0.0,13.94
26335,2633.5,1,0,0.0,13.88
26336,2633.6,1,0,0.0,13.94
26337,2633.7,1,0,0.0,13.88
26338,2633.8,1,0,0.0,13.91
26339,2633.9,1,0,0.0,13.95
26340,2634.0,2,0,0.0,13.33
26341,2634.1,2,0,0.0,13.3
26342,2634.2,2,0,0.0,13.32
26343,2634.3,2,0,0.0,13.27
26344,2634.4,2,0,0.0,13.29
26345,2634.5,2,0,0.0,13.37
26346,2634.6,1,1,0.0,13.89
26347,2634.7,2,0,0.0,13.95
26348,2634.8,2,0,0.0,13.92
26349,2634.9,2,0,0.0,13.94
26350,2635.0,3,0,0.0,13.65
26351,2635.1,3,0,0.0,13.6
26352,2635.2,3,0,0.0,13.61
26353,2635.3,3,0,0.0,13.6
26354,2635.4,3,0,0.0,13.61
26355,2635.5,3,0,0.0,13.62
26356,2635.6,3,0,0.0,13.62
26357,2635.7,3,0,0.0,13.61
26358,2635.8,3,0,0.0,13.61
26359,2635.9,3,0,0.0,13.63
26360,2636.0,3,0,0.0,13.64
26361,2636.1,3,0,0.0,13.62
26362,2636.2,3,0,0.0,13.65
26363,2636.3,4,0,0.0,12.75
26364,2636.4,4,0,0.0,12.71
26365,2636.5,3,1,0.0,13.63
26366,2636.6,3,0,0.0,13.66
26367,2636.7,3,0,0.0,13.6
26368,2636.8,3,0,0.0,13.62
26369,2636.9,3,0,0.0,13.59
26370,2637.0,3,0,0.0,13.62
26371,2637.1,3,0,0.0,13.61
26372,2637.2,3,0,0.0,13.65
26373,2637.3,4,0,0.0,12.73
26374,2637.4,4,0,0.0,12.72
26375,2637.5,4,0,0.0,12.7
26376,2637.6,4,0,0.0,12.69
26377,2637.7,4,0,0.0,12.71
26378,2637.8,4,0,0.0,12.7
26379,2637.9,4,0,0.0,12.68
26380,2638.0,4,0,0.0,12.7
26381,2638.1,4,0,0.0,12.69
26382,2638.2,4,0,0.0,12.7
26383,2638.3,3,1,0.0,12.28
26384,2638.4,3,0,0.0,12.32
26385,2638.5,3,0,0.0,12.28
26386,2638.6,3,0,0.0,12.3
26387,2638.7,2,1,0.0,11.94
26388,2638.8,2,0,0.0,11.94
26389,2638.9,2,0,0.0,11.96
26390,2639.0,3,0,0.0,12.28
26391,2639.1,3,0,0.0,12.3
26392,2639.2,3,0,0.0,12.26
26393,2639.3,3,0,0.0,12.26
26394,2639.4,3,0,0.0,12.27
26395,2639.5,3,0,0.0,12.27
26396,2639.6,2,1,0.0,11.98
26397,2639.7,2,0,0.0,11.96
26398,2639.8,2,0,0.0,11.99
26399,2639.9,2,0,0.0,11.98
26400,2640.0,2,0,0.0,11.97
26401,2640.1,2,0,0.0,11.96
26402,2640.2,2,0,0.0,11.95
26403,2640.3,2,0,0.0,11.98
26404,2640.4,3,0,0.0,12.59
26405,2640.5,3,0,0.0,12.55
26406,2640.6,3,0,0.0,12.5
26407,2640.7,3,0,0.0,12.49
26408,2640.8,3,0,0.0,12.46
26409,2640.9,3,0,0.0,12.47
26410,2641.0,3,0,0.0,12.4
26411,2641.1,3,0,0.0,12.37
26412,2641.2,3,0,0.0,12.32
26413,2641.3,3,0,0.0,12.34
26414,2641.4,3,0,0.0,12.31
26415,2641.5,3,0,0.0,12.27
26416,2641.6,3,0,0.0,12.23
26417,2641.7,3,0,0.0,12.19
26418,2641.8,3,0,0.0,12.17
26419,2641.9,3,0,0.0,12.17
26420,2642.0,3,0,0.0,12.16
26421,2642.1,3,0,0.0,12.13
26422,2642.2,3,0,0.0,12.1
26423,2642.3,3,0,0.0,12.09
26424,2642.4,3,0,0.0,12.05
26425,2642.5,3,0,0.0,12.03
26426,2642.6,3,0,0.0,12.01
26427,2642.7,3,0,0.0,11.99
26428,2642.8,3,0,0.0,11.96
26429,2642.9,3,0,0.0,11.96
26430,2643.0,3,0,0.0,11.96
26431,2643.1,3,0,0.0,11.91
26432,2643.2,3,0,0.0,11.91
26433,2643.3,3,0,0.0,11.87
26434,2643.4,3,0,0.0,11.88
26435,2643.5,3,0,0.0,11.87
26436,2643.6,3,0,0.0,11.87
26437,2643.7,4,0,0.0,12.37
26438,2643.8,4,0,0.0,12.32
26439,2643.9,3,1,0.0,11.81
26440,2644.0,4,0,0.0,12.33
26441,2644.1,4,0,0.0,12.33
26442,2644.2,4,0,0.0,12.32
26443,2644.3,4,0,0.0,12.31
26444,2644.4,4,0,0.0,12.29
26445,2644.5,4,0,0.0,12.29
26446,2644.6,3,1,0.0,11.73
26447,2644.7,3,0,0.0,11.71
26448,2644.8,3,0,0.0,11.67
26449,2644.9,3,0,0.0,11.67
26450,2645.0,3,0,0.0,11.65
26451,2645.1,3,0,0.0,11.64
26452,2645.2,3,0,0.0,11.61
26453,2645.3,3,0,0.0,11.61
26454,2645.4,3,0,0.0,11.63
26455,2645.5,3,0,0.0,11.62
26456,2645.6,3,0,0.0,11.64
26457,2645.7,3,0,0.0,11.59
26458,2645.8,3,0,0.0,11.57
26459,2645.9,3,0,0.0,11.56
26460,2646.0,3,0,0.0,11.53
26461,2646.1,4,0,0.0,12.17
26462,2646.2,4,0,0.0,12.14
26463,2646.3,4,0,0.0,12.14
26464,2646.4,4,0,0.0,12.16
26465,2646.5,4,0,0.0,12.11
26466,2646.6,4,0,0.0,12.14
26467,2646.7,4,0,0.0,12.15
26468,2646.8,4,0,0.0,12.13
26469,2646.9,4,0,0.0,12.11
26470,2647.0,4,0,0.0,12.09
26471,2647.1,4,0,0.0,12.1
26472,2647.2,3,1,0.0,11.45
26473,2647.3,3,0,0.0,11.48
26474,2647.4,3,0,0.0,11.5
26475,2647.5,3,0,0.0,11.45
26476,2647.6,3,0,0.0,11.47
26477,2647.7,3,0,0.0,11.47
26478,2647.8,3,0,0.0,11.47
26479,2647.9,3,0,0.0,11.46
26480,2648.0,3,0,0.0,11.45
26481,2648.1,3,0,0.0,11.46
26482,2648.2,3,0,0.0,11.44
26483,2648.3,3,0,0.0,11.39
26484,2648.4,3,0,0.0,11.44
26485,2648.5,3,0,0.0,11.45
26486,2648.6,3,0,0.0,11.41
26487,2648.7,3,0,0.0,11.4
26488,2648.8,3,0,0.0,11.43
26489,2648.9,3,0,0.0,11.38
26490,2649.0,4,0,0.0,12.05
26491,2649.1,4,0,0.0,12.04
26492,2649.2,4,0,0.0,12.03
26493,2649.3,4,0,0.0,12.04
26494,2649.4,4,0,0.0,12.02
26495,2649.5,3,1,0.0,12.7
26496,2649.6,2,1,0.0,12.13
26497,2649.7,2,0,0.0,12.23
26498,2649.8,2,0,0.0,12.38
26499,2649.9,2,0,0.0,12.44
26500,2650.0,2,0,0.0,12.53
26501,2650.1,2,0,0.0,12.65
26502,2650.2,2,0,0.0,12.74
26503,2650.3,2,0,0.0,12.85
26504,2650.4,2,0,0.0,12.96
26505,2650.5,2,0,0.0,13.03
26506,2650.6,2,0,0.0,13.2
26507,2650.7,2,0,0.0,13.25
26508,2650.8,2,0,0.0,13.34
26509,2650.9,2,0,0.0,13.49
26510,2651.0,2,0,0.0,13.55
26511,2651.1,2,0,0.0,13.65
26512,2651.2,2,0,0.0,13.79
26513,2651.3,2,0,0.0,13.89
26514,2651.4,2,0,0.0,13.89
26515,2651.5,1,1,0.0,13.88
26516,2651.6,1,0,0.0,14.0
26517,2651.7,1,0,0.0,14.0
26518,2651.8,2,0,0.0,13.96
26519,2651.9,2,0,0.0,13.92
26520,2652.0,2,0,0.0,13.97
26521,2652.1,2,0,0.0,13.91
26522,2652.2,2,0,0.0,13.93
26523,2652.3,2,0,0.0,13.93
26524,2652.4,3,0,0.0,13.84
26525,2652.5,3,0,0.0,13.78
26526,2652.6,3,0,0.0,13.81
26527,2652.7,3,0,0.0,13.82
26528,2652.8,3,0,0.0,13.82
26529,2652.9,3,0,0.0,13.85
26530,2653.0,3,0,0.0,13.78
26531,2653.1,3,0,0.0,13.86
26532,2653.2,3,0,0.0,13.83
26533,2653.3,3,0,0.0,13.82
26534,2653.4,3,0,0.0,13.81
26535,2653.5,3,0,0.0,13.81
26536,2653.6,3,0,0.0,13.83
26537,2653.7,3,0,0.0,13.82
26538,2653.8,3,0,0.0,13.86
26539,2653.9,3,0,0.0,13.83
26540,2654.0,4,0,0.0,13.53
26541,2654.1,4,0,0.0,13.53
26542,2654.2,4,0,0.0,13.53
26543,2654.3,4,0,0.0,13.52
26544,2654.4,4,0,0.0,13.55
26545,2654.5,4,0,0.0,13.56
26546,2654.6,3,1,0.0,13.79
26547,2654.7,3,0,0.0,13.8
26548,2654.8,3,0,0.0,13.8
26549,2654.9,3,0,0.0,13.82
26550,2655.0,3,0,0.0,13.83
26551,2655.1,3,0,0.0,13.84
26552,2655.2,3,0,0.0,13.78
26553,2655.3,2,1,0.0,13.76
26554,2655.4,2,0,0.0,13.76
26555,2655.5,2,0,0.0,13.71
26556,2655.6,2,0,0.0,13.77
26557,2655.7,2,0,0.0,13.76
26558,2655.8,2,0,0.0,13.71
26559,2655.9,2,0,0.0,13.71
26560,2656.0,1,1,0.0,13.9
26561,2656.1,1,0,0.0,13.93
26562,2656.2,1,0,0.0,13.99
26563,2656.3,1,0,0.0,13.96
26564,2656.4,1,0,0.0,13.92
26565,2656.5,1,0,0.0,13.96
26566,2656.6,1,0,0.0,13.92
26567,2656.7,1,0,0.0,13.91
26568,2656.8,1,0,0.0,13.95
26569,2656.9,1,0,0.0,13.97
26570,2657.0,1,0,0.0,13.9
26571,2657.1,1,0,0.0,13.89
26572,2657.2,1,0,0.0,13.92
26573,2657.3,1,0,0.0,13.95
26574,2657.4,1,0,0.0,13.99
26575,2657.5,2,0,0.0,13.97
26576,2657.6,2,0,0.0,13.95
26577,2657.7,2,0,0.0,13.96
26578,2657.8,2,0,0.0,13.94
26579,2657.9,2,0,0.0,13.93
26580,2658.0,2,0,0.0,13.96
26581,2658.1,2,0,0.0,13.97
26582,2658.2,2,0,0.0,13.95
26583,2658.3,2,0,0.0,13.96
26584,2658.4,2,0,0.0,13.95
26585,2658.5,2,0,0.0,13.93
26586,2658.6,2,0,0.0,13.91
26587,2658.7,2,0,0.0,13.95
26588,2658.8,2,0,0.0,13.93
26589,2658.9,3,0,0.0,13.51
26590,2659.0,3,0,0.0,13.49
26591,2659.1,3,0,0.0,13.48
26592,2659.2,3,0,0.0,13.5
26593,2659.3,3,0,0.0,13.54
26594,2659.4,3,0,0.0,13.45
26595,2659.5,2,1,0.0,13.91
26596,2659.6,2,0,0.0,13.93
26597,2659.7,2,0,0.0,13.93
26598,2659.8,2,0,0.0,13.96
26599,2659.9,2,0,0.0,13.94
26600,2660.0,2,0,0.0,13.96
26601,2660.1,2,0,0.0,13.93
26602,2660.2,2,0,0.0,13.89
26603,2660.3,2,0,0.0,13.92
26604,2660.4,2,0,0.0,13.91
26605,2660.5,2,0,0.0,13.94
26606,2660.6,2,0,0.0,13.95
26607,2660.7,2,0,0.0,13.92
26608,2660.8,2,0,0.0,13.9
26609,2660.9,2,0,0.0,13.9
26610,2661.0,1,1,0.0,13.89
26611,2661.1,2,0,0.0,13.34
26612,2661.2,2,0,0.0,13.25
26613,2661.3,2,0,0.0,13.32
26614,2661.4,2,0,0.0,13.33
26615,2661.5,2,0,0.0,13.32
26616,2661.6,2,0,0.0,13.31
26617,2661.7,2,0,0.0,13.23
26618,2661.8,2,0,0.0,13.25
26619,2661.9,2,0,0.0,13.28
26620,2662.0,2,0,0.0,13.27
26621,2662.1,2,0,0.0,13.28
26622,2662.2,2,0,0.0,13.29
26623,2662.3,2,0,0.0,13.23
26624,2662.4,2,0,0.0,13.27
26625,2662.5,2,0,0.0,13.3
26626,2662.6,2,0,0.0,13.29
26627,2662.7,2,0,0.0,13.29
26628,2662.8,2,0,0.0,13.25
26629,2662.9,2,0,0.0,13.28
26630,2663.0,2,0,0.0,13.24
26631,2663.1,3,0,0.0,13.52
26632,2663.2,3,0,0.0,13.49
26633,2663.3,3,0,0.0,13.52
26634,2663.4,3,0,0.0,13.49
26635,2663.5,3,0,0.0,13.51
26636,2663.6,3,0,0.0,13.48
26637,2663.7,3,0,0.0,13.49
26638,2663.8,3,0,0.0,13.5
26639,2663.9,4,0,0.0,13.59
26640,2664.0,4,0,0.0,13.64
26641,2664.1,4,0,0.0,13.62
26642,2664.2,4,0,0.0,13.62
26643,2664.3,4,0,0.0,13.63
26644,2664.4,4,0,0.0,13.56
26645,2664.5,3,1,0.0,13.48
26646,2664.6,3,0,0.0,13.52
26647,2664.7,4,0,0.0,12.61
26648,2664.8,4,0,0.0,12.62
26649,2664.9,2,2,0.0,13.89
26650,2665.0,2,0,0.0,13.94
26651,2665.1,2,0,0.0,13.9
26652,2665.2,2,0,0.0,13.94
26653,2665.3,2,0,0.0,13.91
26654,2665.4,2,0,0.0,13.89
26655,2665.5,2,0,0.0,13.96
26656,2665.6,2,0,0.0,13.95
26657,2665.7,2,0,0.0,13.93
26658,2665.8,2,0,0.0,13.94
26659,2665.9,2,0,0.0,13.94
26660,2666.0,2,0,0.0,13.96
26661,2666.1,2,0,0.0,13.94
26662,2666.2,2,0,0.0,13.96
26663,2666.3,2,0,0.0,13.96
26664,2666.4,2,0,0.0,13.87
26665,2666.5,2,0,0.0,13.96
26666,2666.6,2,0,0.0,13.97
26667,2666.7,1,1,0.0,13.98
26668,2666.8,1,0,0.0,13.99
26669,2666.9,1,0,0.0,13.91
26670,2667.0,1,0,0.0,13.9
26671,2667.1,1,0,0.0,13.99
26672,2667.2,1,0,0.0,14.0
26673,2667.3,1,0,0.0,14.0
26674,2667.4,1,0,0.0,13.97
26675,2667.5,1,0,0.0,13.89
26676,2667.6,1,0,0.0,13.9
26677,2667.7,1,0,0.0,13.92
26678,2667.8,1,0,0.0,13.91
26679,2667.9,1,0,0.0,13.87
26680,2668.0,1,0,0.0,13.98
26681,2668.1,1,0,0.0,13.87
26682,2668.2,1,0,0.0,13.97
26683,2668.3,1,0,0.0,14.0
26684,2668.4,1,0,0.0,13.92
26685,2668.5,1,0,0.0,13.91
26686,2668.6,1,0,0.0,13.96
26687,2668.7,1,0,0.0,13.99
26688,2668.8,2,0,0.0,13.99
26689,2668.9,3,0,0.0,13.73
26690,2669.0,3,0,0.0,13.72
26691,2669.1,3,0,0.0,13.7
26692,2669.2,3,0,0.0,13.7
26693,2669.3,3,0,0.0,13.71
26694,2669.4,3,0,0.0,13.67
26695,2669.5,2,1,0.0,13.95
26696,2669.6,2,0,0.0,13.92
26697,2669.7,2,0,0.0,13.93
26698,2669.8,3,0,0.0,13.97
26699,2669.9,3,0,0.0,13.95
26700,2670.0,3,0,0.0,13.95
26701,2670.1,3,0,0.0,13.96
26702,2670.2,3,0,0.0,13.94
26703,2670.3,3,0,0.0,13.93
26704,2670.4,3,0,0.0,13.94
26705,2670.5,3,0,0.0,13.99
26706,2670.6,3,0,0.0,13.95
26707,2670.7,3,0,0.0,13.97
26708,2670.8,3,0,0.0,13.94
26709,2670.9,3,0,0.0,13.95
26710,2671.0,3,0,0.0,13.96
26711,2671.1,3,0,0.0,13.9
26712,2671.2,3,0,0.0,13.96
26713,2671.3,3,0,0.0,13.9
26714,2671.4,3,0,0.0,13.93
26715,2671.5,3,0,0.0,13.95
26716,2671.6,3,0,0.0,13.91
26717,2671.7,3,0,0.0,13.94
26718,2671.8,3,0,0.0,13.93
26719,2671.9,3,0,0.0,13.94
26720,2672.0,3,0,0.0,13.92
26721,2672.1,3,0,0.0,13.93
26722,2672.2,3,0,0.0,13.97
26723,2672.3,2,1,0.0,13.98
26724,2672.4,2,0,0.0,13.94
26725,2672.5,2,0,0.0,13.94
26726,2672.6,2,0,0.0,13.97
26727,2672.7,2,0,0.0,13.92
26728,2672.8,2,0,0.0,13.96
26729,2672.9,2,0,0.0,13.93
26730,2673.0,2,0,0.0,13.94
26731,2673.1,2,0,0.0,13.9
26732,2673.2,2,0,0.0,13.91
26733,2673.3,1,1,0.0,13.96
26734,2673.4,1,0,0.0,13.95
26735,2673.5,1,0,0.0,13.89
26736,2673.6,1,0,0.0,14.0
26737,2673.7,1,0,0.0,13.91
26738,2673.8,1,0,0.0,13.94
26739,2673.9,2,0,0.0,13.4
26740,2674.0,2,0,0.0,13.38
26741,2674.1,2,0,0.0,13.37
26742,2674.2,2,0,0.0,13.39
26743,2674.3,2,0,0.0,13.38
26744,2674.4,2,0,0.0,13.34
26745,2674.5,2,1,0.0,13.72
26746,2674.6,2,0,0.0,13.69
26747,2674.7,2,0,0.0,13.68
26748,2674.8,2,0,0.0,13.65
26749,2674.9,2,0,0.0,13.74
26750,2675.0,2,0,0.0,13.74
26751,2675.1,2,0,0.0,13.72
26752,2675.2,2,0,0.0,13.68
26753,2675.3,2,0,0.0,13.66
26754,2675.4,2,0,0.0,13.66
26755,2675.5,2,0,0.0,13.65
26756,2675.6,2,0,0.0,13.68
26757,2675.7,2,0,0.0,13.65
26758,2675.8,2,0,0.0,13.69
26759,2675.9,2,0,0.0,13.69
26760,2676.0,2,0,0.0,13.74
26761,2676.1,2,0,0.0,13.63
26762,2676.2,2,0,0.0,13.67
26763,2676.3,2,0,0.0,13.71
26764,2676.4,2,0,0.0,13.7
26765,2676.5,2,0,0.0,13.68
26766,2676.6,2,0,0.0,13.66
26767,2676.7,2,0,0.0,13.69
26768,2676.8,2,0,0.0,13.68
26769,2676.9,2,0,0.0,13.67
26770,2677.0,2,0,0.0,13.68
26771,2677.1,2,0,0.0,13.67
26772,2677.2,2,0,0.0,13.65
26773,2677.3,2,0,0.0,13.67
26774,2677.4,2,0,0.0,13.7
26775,2677.5,2,0,0.0,13.68
26776,2677.6,2,0,0.0,13.69
26777,2677.7,2,0,0.0,13.66
26778,2677.8,2,0,0.0,13.72
26779,2677.9,2,0,0.0,13.69
26780,2678.0,1,1,0.0,13.43
26781,2678.1,1,0,0.0,13.47
26782,2678.2,1,0,0.0,13.45
26783,2678.3,1,0,0.0,13.37
26784,2678.4,1,0,0.0,13.37
26785,2678.5,2,0,0.0,13.72
26786,2678.6,2,0,0.0,13.72
26787,2678.7,2,0,0.0,13.68
26788,2678.8,2,0,0.0,13.66
26789,2678.9,3,0,0.0,13.77
26790,2679.0,3,0,0.0,13.78
26791,2679.1,3,0,0.0,13.79
26792,2679.2,4,0,0.0,12.83
26793,2679.3,4,0,0.0,12.81
26794,2679.4,4,0,0.0,12.8
26795,2679.5,3,1,0.0,12.44
26796,2679.6,3,0,0.0,12.43
26797,2679.7,3,0,0.0,12.43
26798,2679.8,3,0,0.0,12.48
26799,2679.9,3,0,0.0,12.41
26800,2680.0,3,0,0.0,12.45
26801,2680.1,3,0,0.0,12.45
26802,2680.2,4,0,0.0,11.22
26803,2680.3,4,0,0.0,11.2
26804,2680.4,4,0,0.0,11.24
26805,2680.5,4,0,0.0,11.29
26806,2680.6,4,0,0.0,11.25
26807,2680.7,4,0,0.0,11.31
26808,2680.8,4,0,0.0,11.29
26809,2680.9,4,0,0.0,11.34
26810,2681.0,4,0,0.0,11.33
26811,2681.1,4,0,0.0,11.39
26812,2681.2,4,0,0.0,11.4
26813,2681.3,4,0,0.0,11.4
26814,2681.4,4,0,0.0,11.43
26815,2681.5,4,0,0.0,11.41
26816,2681.6,4,0,0.0,11.46
26817,2681.7,4,0,0.0,11.46
26818,2681.8,4,0,0.0,11.48
26819,2681.9,4,0,0.0,11.48
26820,2682.0,3,1,0.0,10.67
26821,2682.1,3,0,0.0,10.72
26822,2682.2,3,0,0.0,10.71
26823,2682.3,3,0,0.0,10.71
26824,2682.4,3,0,0.0,10.72
26825,2682.5,3,0,0.0,10.72
26826,2682.6,3,0,0.0,10.79
26827,2682.7,3,0,0.0,10.77
26828,2682.8,3,0,0.0,10.8
26829,2682.9,3,0,0.0,10.79
26830,2683.0,3,0,0.0,10.78
26831,2683.1,3,0,0.0,10.85
26832,2683.2,3,0,0.0,10.85
26833,2683.3,3,0,0.0,10.84
26834,2683.4,3,0,0.0,10.84
26835,2683.5,3,0,0.0,10.84
26836,2683.6,3,0,0.0,10.83
26837,2683.7,3,0,0.0,10.88
26838,2683.8,4,0,0.0,11.67
26839,2683.9,4,0,0.0,11.64
26840,2684.0,3,1,0.0,11.06
26841,2684.1,3,0,0.0,11.05
26842,2684.2,3,0,0.0,11.07
26843,2684.3,3,0,0.0,11.07
26844,2684.4,2,1,0.0,9.72
26845,2684.5,2,0,0.0,9.67
26846,2684.6,2,0,0.0,9.7
26847,2684.7,2,0,0.0,9.72
26848,2684.8,2,0,0.0,9.68
26849,2684.9,2,0,0.0,9.67
26850,2685.0,2,0,0.0,9.75
26851,2685.1,2,0,0.0,9.76
26852,2685.2,2,0,0.0,9.76
26853,2685.3,2,0,0.0,9.73
26854,2685.4,2,0,0.0,9.73
26855,2685.5,2,0,0.0,9.75
26856,2685.6,2,0,0.0,9.75
26857,2685.7,2,0,0.0,9.73
26858,2685.8,3,0,0.0,11.19
26859,2685.9,3,0,0.0,11.19
26860,2686.0,3,0,0.0,11.15
26861,2686.1,3,0,0.0,11.17
26862,2686.2,3,0,0.0,11.19
26863,2686.3,3,0,0.0,11.19
26864,2686.4,3,0,0.0,11.19
26865,2686.5,3,0,0.0,11.2
26866,2686.6,3,0,0.0,11.2
26867,2686.7,3,0,0.0,11.21
26868,2686.8,3,0,0.0,11.23
26869,2686.9,3,0,0.0,11.21
26870,2687.0,3,0,0.0,11.21
26871,2687.1,3,0,0.0,11.23
26872,2687.2,4,0,0.0,11.89
26873,2687.3,4,0,0.0,11.9
26874,2687.4,4,0,0.0,11.88
26875,2687.5,4,0,0.0,11.89
26876,2687.6,4,0,0.0,11.89
26877,2687.7,4,0,0.0,11.9
26878,2687.8,4,0,0.0,11.93
26879,2687.9,4,0,0.0,11.9
26880,2688.0,4,0,0.0,11.94
26881,2688.1,4,0,0.0,11.9
26882,2688.2,4,0,0.0,11.92
26883,2688.3,4,0,0.0,11.9
26884,2688.4,4,0,0.0,11.9
26885,2688.5,4,0,0.0,11.95
26886,2688.6,4,0,0.0,11.89
26887,2688.7,4,0,0.0,11.9
26888,2688.8,5,0,0.0,11.91
26889,2688.9,5,0,0.0,11.88
26890,2689.0,5,0,0.0,11.92
26891,2689.1,5,0,0.0,11.89
26892,2689.2,5,0,0.0,11.89
26893,2689.3,5,0,0.0,11.89
26894,2689.4,5,0,0.0,11.88
26895,2689.5,4,1,0.0,11.94
26896,2689.6,4,0,0.0,11.92
26897,2689.7,4,0,0.0,11.93
26898,2689.8,4,0,0.0,11.9
26899,2689.9,4,0,0.0,11.93
26900,2690.0,4,0,0.0,11.91
26901,2690.1,4,0,0.0,11.92
26902,2690.2,4,0,0.0,11.92
26903,2690.3,4,0,0.0,11.91
26904,2690.4,4,0,0.0,11.86
26905,2690.5,4,0,0.0,11.9
26906,2690.6,4,0,0.0,11.85
26907,2690.7,3,1,0.0,11.15
26908,2690.8,3,0,0.0,11.13
26909,2690.9,3,0,0.0,11.1
26910,2691.0,3,0,0.0,11.06
26911,2691.1,3,0,0.0,11.04
26912,2691.2,3,0,0.0,10.95
26913,2691.3,3,0,0.0,10.95
26914,2691.4,2,1,0.0,11.4
26915,2691.5,3,0,0.0,12.12
26916,2691.6,3,0,0.0,12.18
26917,2691.7,3,0,0.0,12.21
26918,2691.8,3,0,0.0,12.31
26919,2691.9,3,0,0.0,12.42
26920,2692.0,3,0,0.0,12.5
26921,2692.1,3,0,0.0,12.61
26922,2692.2,3,0,0.0,12.66
26923,2692.3,3,0,0.0,12.77
26924,2692.4,3,0,0.0,12.82
26925,2692.5,3,0,0.0,12.92
26926,2692.6,3,0,0.0,13.01
26927,2692.7,3,0,0.0,13.07
26928,2692.8,3,0,0.0,13.19
26929,2692.9,3,0,0.0,13.32
26930,2693.0,4,0,0.0,12.55
26931,2693.1,4,0,0.0,12.62
26932,2693.2,3,1,0.0,13.53
26933,2693.3,2,1,0.0,13.66
26934,2693.4,2,0,0.0,13.67
26935,2693.5,2,0,0.0,13.63
26936,2693.6,2,0,0.0,13.66
26937,2693.7,2,0,0.0,13.71
26938,2693.8,3,0,0.0,12.75
26939,2693.9,3,0,0.0,12.76
26940,2694.0,3,0,0.0,12.78
26941,2694.1,3,0,0.0,12.73
26942,2694.2,3,0,0.0,12.71
26943,2694.3,3,0,0.0,12.76
26944,2694.4,3,0,0.0,12.77
26945,2694.5,2,1,0.0,13.65
26946,2694.6,2,0,0.0,13.66
26947,2694.7,2,0,0.0,13.67
26948,2694.8,2,0,0.0,13.67
26949,2694.9,2,0,0.0,13.69
26950,2695.0,2,0,0.0,13.63
26951,2695.1,1,1,0.0,13.33
26952,2695.2,1,0,0.0,13.36
26953,2695.3,1,0,0.0,13.41
26954,2695.4,1,0,0.0,13.37
26955,2695.5,1,0,0.0,13.34
26956,2695.6,1,0,0.0,13.37
26957,2695.7,1,0,0.0,13.41
26958,2695.8,1,0,0.0,13.45
26959,2695.9,2,0,0.0,13.67
26960,2696.0,2,0,0.0,13.7
26961,2696.1,2,0,0.0,13.65
26962,2696.2,2,0,0.0,13.68
26963,2696.3,2,0,0.0,13.66
26964,2696.4,2,0,0.0,13.65
26965,2696.5,2,0,0.0,13.61
26966,2696.6,2,0,0.0,13.66
26967,2696.7,2,0,0.0,13.65
26968,2696.8,2,0,0.0,13.64
26969,2696.9,2,0,0.0,13.67
26970,2697.0,2,0,0.0,13.67
26971,2697.1,2,0,0.0,13.7
26972,2697.2,3,0,0.0,13.58
26973,2697.3,3,0,0.0,13.57
26974,2697.4,3,0,0.0,13.59
26975,2697.5,3,0,0.0,13.57
26976,2697.6,3,0,0.0,13.64
26977,2697.7,3,0,0.0,13.59
26978,2697.8,3,0,0.0,13.59
26979,2697.9,3,0,0.0,13.57
26980,2698.0,3,0,0.0,13.61
26981,2698.1,3,0,0.0,13.58
26982,2698.2,3,0,0.0,13.57
26983,2698.3,3,0,0.0,13.59
26984,2698.4,3,0,0.0,13.6
26985,2698.5,3,0,0.0,13.58
26986,2698.6,3,0,0.0,13.6
26987,2698.7,3,0,0.0,13.6
26988,2698.8,4,0,0.0,13.34
26989,2698.9,4,0,0.0,13.37
26990,2699.0,4,0,0.0,13.36
26991,2699.1,4,0,0.0,13.33
26992,2699.2,4,0,0.0,13.37
26993,2699.3,4,0,0.0,13.35
26994,2699.4,2,2,0.0,13.46
26995,2699.5,2,0,0.0,13.41
26996,2699.6,2,0,0.0,13.4
26997,2699.7,2,0,0.0,13.41
26998,2699.8,2,0,0.0,13.43
26999,2699.9,2,0,0.0,13.45
27000,2700.0,2,0,0.0,13.43
27001,2700.1,3,0,0.0,12.26
27002,2700.2,3,0,0.0,12.26
27003,2700.3,3,0,0.0,12.28
27004,2700.4,3,0,0.0,12.28
27005,2700.5,3,0,0.0,12.26
27006,2700.6,3,0,0.0,12.28
27007,2700.7,3,0,0.0,12.27
27008,2700.8,3,0,0.0,12.29
27009,2700.9,3,0,0.0,12.28
27010,2701.0,2,1,0.0,11.71
27011,2701.1,2,0,0.0,11.72
27012,2701.2,2,0,0.0,11.72
27013,2701.3,2,0,0.0,11.71
27014,2701.4,2,0,0.0,11.68
27015,2701.5,2,0,0.0,11.71
27016,2701.6,2,0,0.0,11.7
27017,2701.7,2,0,0.0,11.69
27018,2701.8,2,0,0.0,11.69
27019,2701.9,2,0,0.0,11.67
27020,2702.0,2,0,0.0,11.68
27021,2702.1,2,0,0.0,11.73
27022,2702.2,2,0,0.0,11.7
27023,2702.3,2,0,0.0,11.68
27024,2702.4,2,0,0.0,11.71
27025,2702.5,2,0,0.0,11.69
27026,2702.6,2,0,0.0,11.73
27027,2702.7,2,0,0.0,11.7
27028,2702.8,2,0,0.0,11.71
27029,2702.9,3,0,0.0,12.49
27030,2703.0,3,0,0.0,12.43
27031,2703.1,3,0,0.0,12.47
27032,2703.2,3,0,0.0,12.45
27033,2703.3,3,0,0.0,12.46
27034,2703.4,3,0,0.0,12.42
27035,2703.5,3,0,0.0,12.43
27036,2703.6,3,0,0.0,12.45
27037,2703.7,4,0,0.0,12.78
27038,2703.8,4,0,0.0,12.75
27039,2703.9,4,0,0.0,12.76
27040,2704.0,4,0,0.0,12.76
27041,2704.1,4,0,0.0,12.77
27042,2704.2,4,0,0.0,12.74
27043,2704.3,3,1,0.0,12.43
27044,2704.4,2,1,0.0,13.66
27045,2704.5,2,0,0.0,13.67
27046,2704.6,3,0,0.0,13.76
27047,2704.7,3,0,0.0,13.76
27048,2704.8,3,0,0.0,13.77
27049,2704.9,3,0,0.0,13.74
27050,2705.0,3,0,0.0,13.82
27051,2705.1,3,0,0.0,13.79
27052,2705.2,3,0,0.0,13.77
27053,2705.3,3,0,0.0,13.74
27054,2705.4,3,0,0.0,13.77
27055,2705.5,3,0,0.0,13.8
27056,2705.6,3,0,0.0,13.77
27057,2705.7,3,0,0.0,13.79
27058,2705.8,3,0,0.0,13.78
27059,2705.9,3,0,0.0,13.73
27060,2706.0,3,0,0.0,13.71
27061,2706.1,3,0,0.0,13.79
27062,2706.2,3,0,0.0,13.79
27063,2706.3,3,0,0.0,13.83
27064,2706.4,3,0,0.0,13.77
27065,2706.5,3,0,0.0,13.82
27066,2706.6,3,0,0.0,13.81
27067,2706.7,2,1,0.0,13.94
27068,2706.8,2,0,0.0,13.92
27069,2706.9,2,0,0.0,13.92
27070,2707.0,2,0,0.0,13.94
27071,2707.1,2,0,0.0,13.94
27072,2707.2,2,0,0.0,13.9
27073,2707.3,2,0,0.0,13.94
27074,2707.4,2,0,0.0,13.9
27075,2707.5,2,0,0.0,13.91
27076,2707.6,2,0,0.0,13.98
27077,2707.7,2,0,0.0,13.94
27078,2707.8,2,0,0.0,13.95
27079,2707.9,2,0,0.0,13.91
27080,2708.0,2,0,0.0,13.98
27081,2708.1,1,1,0.0,13.99
27082,2708.2,1,0,0.0,13.89
27083,2708.3,1,0,0.0,13.91
27084,2708.4,1,0,0.0,13.97
27085,2708.5,1,0,0.0,13.88
27086,2708.6,2,0,0.0,13.91
27087,2708.7,3,0,0.0,13.34
27088,2708.8,3,0,0.0,13.34
27089,2708.9,3,0,0.0,13.34
27090,2709.0,3,0,0.0,13.29
27091,2709.1,3,0,0.0,13.35
27092,2709.2,3,0,0.0,13.32
27093,2709.3,2,1,0.0,13.91
27094,2709.4,2,0,0.0,13.87
27095,2709.5,2,0,0.0,13.85
27096,2709.6,2,0,0.0,13.95
27097,2709.7,2,0,0.0,13.89
27098,2709.8,2,0,0.0,13.91
27099,2709.9,2,0,0.0,13.91
27100,2710.0,2,0,0.0,13.88
27101,2710.1,2,0,0.0,13.89
27102,2710.2,2,0,0.0,13.92
27103,2710.3,2,0,0.0,13.9
27104,2710.4,2,0,0.0,13.87
27105,2710.5,2,0,0.0,13.93
27106,2710.6,2,0,0.0,13.89
27107,2710.7,2,0,0.0,13.87
27108,2710.8,2,0,0.0,13.93
27109,2710.9,2,0,0.0,13.89
27110,2711.0,2,0,0.0,13.86
27111,2711.1,2,0,0.0,13.87
27112,2711.2,2,0,0.0,13.9
27113,2711.3,2,0,0.0,13.88
27114,2711.4,2,0,0.0,13.88
27115,2711.5,2,0,0.0,13.89
27116,2711.6,2,0,0.0,13.91
27117,2711.7,2,0,0.0,13.93
27118,2711.8,2,0,0.0,13.91
27119,2711.9,2,0,0.0,13.88
27120,2712.0,2,0,0.0,13.91
27121,2712.1,1,1,0.0,13.86
27122,2712.2,1,0,0.0,13.91
27123,2712.3,1,0,0.0,13.9
27124,2712.4,1,0,0.0,13.86
27125,2712.5,1,0,0.0,13.86
27126,2712.6,1,0,0.0,13.9
27127,2712.7,1,0,0.0,13.84
27128,2712.8,1,0,0.0,13.87
27129,2712.9,1,0,0.0,13.88
27130,2713.0,1,0,0.0,13.87
27131,2713.1,1,0,0.0,13.85
27132,2713.2,1,0,0.0,13.88
27133,2713.3,2,0,0.0,13.9
27134,2713.4,2,0,0.0,13.95
27135,2713.5,2,0,0.0,13.86
27136,2713.6,2,0,0.0,13.85
27137,2713.7,3,0,0.0,13.92
27138,2713.8,3,0,0.0,13.88
27139,2713.9,3,0,0.0,13.91
27140,2714.0,3,0,0.0,13.93
27141,2714.1,3,0,0.0,13.88
27142,2714.2,4,0,0.0,13.92
27143,2714.3,3,1,0.0,13.87
27144,2714.4,3,0,0.0,13.92
27145,2714.5,3,0,0.0,13.92
27146,2714.6,3,0,0.0,13.91
27147,2714.7,3,0,0.0,13.9
27148,2714.8,3,0,0.0,13.9
27149,2714.9,3,0,0.0,13.91
27150,2715.0,3,0,0.0,13.93
27151,2715.1,3,0,0.0,13.92
27152,2715.2,3,0,0.0,13.91
27153,2715.3,3,0,0.0,13.9
27154,2715.4,3,0,0.0,13.93
27155,2715.5,3,0,0.0,13.91
27156,2715.6,3,0,0.0,13.95
27157,2715.7,3,0,0.0,13.9
27158,2715.8,3,0,0.0,13.91
27159,2715.9,3,0,0.0,13.92
27160,2716.0,3,0,0.0,13.94
27161,2716.1,3,0,0.0,13.91
27162,2716.2,3,0,0.0,13.9
27163,2716.3,3,0,0.0,13.9
27164,2716.4,3,0,0.0,13.92
27165,2716.5,3,0,0.0,13.9
27166,2716.6,3,0,0.0,13.85
27167,2716.7,3,0,0.0,13.93
27168,2716.8,2,1,0.0,13.94
27169,2716.9,2,0,0.0,13.95
27170,2717.0,2,0,0.0,13.89
27171,2717.1,2,0,0.0,13.9
27172,2717.2,2,0,0.0,13.87
27173,2717.3,2,0,0.0,13.87
27174,2717.4,2,0,0.0,13.91
27175,2717.5,2,0,0.0,13.9
27176,2717.6,2,0,0.0,13.9
27177,2717.7,2,0,0.0,13.86
27178,2717.8,1,1,0.0,13.97
27179,2717.9,1,0,0.0,13.94
27180,2718.0,1,0,0.0,13.89
27181,2718.1,1,0,0.0,14.0
27182,2718.2,1,0,0.0,13.9
27183,2718.3,1,0,0.0,13.9
27184,2718.4,1,0,0.0,13.98
27185,2718.5,1,0,0.0,13.92
27186,2718.6,1,0,0.0,13.94
27187,2718.7,2,0,0.0,13.37
27188,2718.8,2,0,0.0,13.27
27189,2718.9,2,0,0.0,13.33
27190,2719.0,2,0,0.0,13.27
27191,2719.1,2,0,0.0,13.32
27192,2719.2,2,0,0.0,13.28
27193,2719.3,1,1,0.0,13.95
27194,2719.4,1,0,0.0,13.92
27195,2719.5,1,0,0.0,13.93
27196,2719.6,1,0,0.0,13.9
27197,2719.7,1,0,0.0,13.9
27198,2719.8,1,0,0.0,13.92
27199,2719.9,2,0,0.0,12.87
27200,2720.0,2,0,0.0,12.79
27201,2720.1,2,0,0.0,12.87
27202,2720.2,2,0,0.0,12.86
27203,2720.3,2,0,0.0,12.88
27204,2720.4,2,0,0.0,12.83
27205,2720.5,2,0,0.0,12.83
27206,2720.6,2,0,0.0,12.81
27207,2720.7,2,0,0.0,12.86
27208,2720.8,2,0,0.0,12.8
27209,2720.9,2,0,0.0,12.83
27210,2721.0,3,0,0.0,11.14
27211,2721.1,3,0,0.0,11.15
27212,2721.2,3,0,0.0,11.15
27213,2721.3,3,0,0.0,11.2
27214,2721.4,4,0,0.0,10.92
27215,2721.5,4,0,0.0,10.94
27216,2721.6,3,1,0.0,11.31
27217,2721.7,3,0,0.0,11.28
27218,2721.8,3,0,0.0,11.36
27219,2721.9,3,0,0.0,11.36
27220,2722.0,4,0,0.0,11.83
27221,2722.1,4,0,0.0,11.78
27222,2722.2,4,0,0.0,11.82
27223,2722.3,4,0,0.0,11.84
27224,2722.4,4,0,0.0,11.85
27225,2722.5,4,0,0.0,11.86
27226,2722.6,4,0,0.0,11.88
27227,2722.7,4,0,0.0,11.94
27228,2722.8,4,0,0.0,11.97
27229,2722.9,4,0,0.0,12.0
27230,2723.0,4,0,0.0,12.01
27231,2723.1,4,0,0.0,12.04
27232,2723.2,4,0,0.0,12.04
27233,2723.3,4,0,0.0,12.1
27234,2723.4,3,1,0.0,11.47
27235,2723.5,3,0,0.0,11.55
27236,2723.6,3,0,0.0,11.57
27237,2723.7,4,0,0.0,11.86
27238,2723.8,4,0,0.0,11.85
27239,2723.9,4,0,0.0,11.83
27240,2724.0,4,0,0.0,11.87
27241,2724.1,4,0,0.0,11.87
27242,2724.2,4,0,0.0,11.86
27243,2724.3,3,1,0.0,11.55
27244,2724.4,3,0,0.0,11.56
27245,2724.5,3,0,0.0,11.53
27246,2724.6,3,0,0.0,11.56
27247,2724.7,3,0,0.0,11.55
27248,2724.8,3,0,0.0,11.54
27249,2724.9,3,0,0.0,11.54
27250,2725.0,3,0,0.0,11.56
27251,2725.1,3,0,0.0,11.57
27252,2725.2,3,0,0.0,11.57
27253,2725.3,3,0,0.0,11.57
27254,2725.4,3,0,0.0,11.53
27255,2725.5,3,0,0.0,11.58
27256,2725.6,4,0,0.0,11.88
27257,2725.7,3,1,0.0,11.5
27258,2725.8,3,0,0.0,11.54
27259,2725.9,3,0,0.0,11.52
27260,2726.0,3,0,0.0,11.52
27261,2726.1,3,0,0.0,11.52
27262,2726.2,3,0,0.0,11.49
27263,2726.3,3,0,0.0,11.5
27264,2726.4,3,0,0.0,11.49
27265,2726.5,3,0,0.0,11.5
27266,2726.6,3,0,0.0,11.47
27267,2726.7,3,0,0.0,11.52
27268,2726.8,3,0,0.0,11.53
27269,2726.9,3,0,0.0,11.52
27270,2727.0,3,0,0.0,11.47
27271,2727.1,3,0,0.0,11.5
27272,2727.2,3,0,0.0,11.52
27273,2727.3,3,0,0.0,11.49
27274,2727.4,3,0,0.0,11.49
27275,2727.5,3,0,0.0,11.51
27276,2727.6,3,0,0.0,11.5
27277,2727.7,3,0,0.0,11.54
27278,2727.8,3,0,0.0,11.51
27279,2727.9,3,0,0.0,11.54
27280,2728.0,3,0,0.0,11.47
27281,2728.1,3,0,0.0,11.54
27282,2728.2,3,0,0.0,11.5
27283,2728.3,3,0,0.0,11.48
27284,2728.4,3,0,0.0,11.51
27285,2728.5,3,0,0.0,11.48
27286,2728.6,4,0,0.0,12.14
27287,2728.7,4,0,0.0,12.09
27288,2728.8,4,0,0.0,12.09
27289,2728.9,4,0,0.0,12.12
27290,2729.0,4,0,0.0,12.11
27291,2729.1,4,0,0.0,12.11
27292,2729.2,3,1,0.0,11.49
27293,2729.3,3,0,0.0,11.51
27294,2729.4,3,0,0.0,11.54
27295,2729.5,3,0,0.0,11.5
27296,2729.6,3,0,0.0,11.52
27297,2729.7,3,0,0.0,11.48
27298,2729.8,3,0,0.0,11.51
27299,2729.9,3,0,0.0,11.54
27300,2730.0,3,0,0.0,11.51
27301,2730.1,3,0,0.0,11.53
27302,2730.2,3,0,0.0,11.5
27303,2730.3,3,0,0.0,11.49
27304,2730.4,3,0,0.0,11.53
27305,2730.5,3,0,0.0,11.49
27306,2730.6,3,0,0.0,11.52
27307,2730.7,4,0,0.0,11.84
27308,2730.8,3,1,0.0,11.83
27309,2730.9,3,0,0.0,11.83
27310,2731.0,3,0,0.0,11.85
27311,2731.1,3,0,0.0,11.84
27312,2731.2,3,0,0.0,11.82
27313,2731.3,4,0,0.0,12.37
27314,2731.4,4,0,0.0,12.35
27315,2731.5,4,0,0.0,12.3
27316,2731.6,4,0,0.0,12.31
27317,2731.7,4,0,0.0,12.26
27318,2731.8,4,0,0.0,12.25
27319,2731.9,4,0,0.0,12.26
27320,2732.0,4,0,0.0,12.26
27321,2732.1,4,0,0.0,12.21
27322,2732.2,4,0,0.0,12.19
27323,2732.3,4,0,0.0,12.16
27324,2732.4,4,0,0.0,12.15
27325,2732.5,4,0,0.0,12.14
27326,2732.6,4,0,0.0,12.12
27327,2732.7,4,0,0.0,12.12
27328,2732.8,4,0,0.0,12.1
27329,2732.9,4,0,0.0,12.11
27330,2733.0,4,0,0.0,12.11
27331,2733.1,4,0,0.0,12.06
27332,2733.2,4,0,0.0,12.05
27333,2733.3,4,0,0.0,12.05
27334,2733.4,4,0,0.0,12.05
27335,2733.5,3,1,0.0,12.75
27336,2733.6,4,0,0.0,13.11
27337,2733.7,4,0,0.0,13.14
27338,2733.8,4,0,0.0,13.21
27339,2733.9,4,0,0.0,13.28
27340,2734.0,4,0,0.0,13.32
27341,2734.1,4,0,0.0,13.34
27342,2734.2,3,1,0.0,13.13
27343,2734.3,3,0,0.0,13.15
27344,2734.4,3,0,0.0,13.16
27345,2734.5,2,1,0.0,13.35
27346,2734.6,2,0,0.0,13.35
27347,2734.7,2,0,0.0,13.41
27348,2734.8,2,0,0.0,13.36
27349,2734.9,2,0,0.0,13.38
27350,2735.0,2,0,0.0,13.43
27351,2735.1,2,0,0.0,13.4
27352,2735.2,2,0,0.0,13.34
27353,2735.3,2,0,0.0,13.35
27354,2735.4,2,0,0.0,13.4
27355,2735.5,2,0,0.0,13.37
27356,2735.6,2,0,0.0,13.38
27357,2735.7,1,1,0.0,13.94
27358,2735.8,1,0,0.0,13.87
27359,2735.9,1,0,0.0,13.89
27360,2736.0,1,0,0.0,13.91
27361,2736.1,1,0,0.0,13.91
27362,2736.2,1,0,0.0,13.93
27363,2736.3,1,0,0.0,14.0
27364,2736.4,1,0,0.0,13.98
27365,2736.5,1,0,0.0,13.95
27366,2736.6,1,0,0.0,13.95
27367,2736.7,1,0,0.0,13.87
27368,2736.8,1,0,0.0,13.98
27369,2736.9,2,0,0.0,13.83
27370,2737.0,2,0,0.0,13.72
27371,2737.1,2,0,0.0,13.79
27372,2737.2,2,0,0.0,13.79
27373,2737.3,2,0,0.0,13.8
27374,2737.4,2,0,0.0,13.81
27375,2737.5,2,0,0.0,13.8
27376,2737.6,2,0,0.0,13.77
27377,2737.7,2,0,0.0,13.77
27378,2737.8,2,0,0.0,13.78
27379,2737.9,2,0,0.0,13.77
27380,2738.0,2,0,0.0,13.81
27381,2738.1,2,0,0.0,13.75
27382,2738.2,2,0,0.0,13.81
27383,2738.3,2,0,0.0,13.75
27384,2738.4,2,0,0.0,13.78
27385,2738.5,2,0,0.0,13.73
27386,2738.6,3,0,0.0,13.89
27387,2738.7,3,0,0.0,13.84
27388,2738.8,3,0,0.0,13.8
27389,2738.9,3,0,0.0,13.81
27390,2739.0,3,0,0.0,13.82
27391,2739.1,3,0,0.0,13.81
27392,2739.2,2,1,0.0,13.78
27393,2739.3,2,0,0.0,13.75
27394,2739.4,3,0,0.0,13.89
27395,2739.5,3,0,0.0,13.78
27396,2739.6,3,0,0.0,13.86
27397,2739.7,3,0,0.0,13.84
27398,2739.8,3,0,0.0,13.85
27399,2739.9,3,0,0.0,13.83
27400,2740.0,3,0,0.0,13.8
27401,2740.1,3,0,0.0,13.81
27402,2740.2,3,0,0.0,13.79
27403,2740.3,3,0,0.0,13.85
27404,2740.4,3,0,0.0,13.8
27405,2740.5,2,1,0.0,13.82
27406,2740.6,2,0,0.0,13.81
27407,2740.7,2,0,0.0,13.77
27408,2740.8,2,0,0.0,13.77
27409,2740.9,2,0,0.0,13.82
27410,2741.0,2,0,0.0,13.77
27411,2741.1,2,0,0.0,13.8
27412,2741.2,2,0,0.0,13.76
27413,2741.3,2,0,0.0,13.76
27414,2741.4,2,0,0.0,13.77
27415,2741.5,2,0,0.0,13.8
27416,2741.6,2,0,0.0,13.83
27417,2741.7,2,0,0.0,13.78
27418,2741.8,2,0,0.0,13.78
27419,2741.9,2,0,0.0,13.81
27420,2742.0,2,0,0.0,13.81
27421,2742.1,2,0,0.0,13.8
27422,2742.2,2,0,0.0,13.77
27423,2742.3,2,0,0.0,13.76
27424,2742.4,2,0,0.0,13.8
27425,2742.5,2,0,0.0,13.75
27426,2742.6,3,0,0.0,13.83
27427,2742.7,3,0,0.0,13.83
27428,2742.8,3,0,0.0,13.81
27429,2742.9,2,1,0.0,13.78
27430,2743.0,2,0,0.0,13.78
27431,2743.1,2,0,0.0,13.81
27432,2743.2,2,0,0.0,13.77
27433,2743.3,2,0,0.0,13.74
27434,2743.4,2,0,0.0,13.77
27435,2743.5,2,0,0.0,13.77
27436,2743.6,3,0,0.0,13.85
27437,2743.7,3,0,0.0,13.83
27438,2743.8,3,0,0.0,13.81
27439,2743.9,3,0,0.0,13.85
27440,2744.0,3,0,0.0,13.82
27441,2744.1,3,0,0.0,13.89
27442,2744.2,2,1,0.0,13.77
27443,2744.3,2,0,0.0,13.83
27444,2744.4,2,0,0.0,13.82
27445,2744.5,2,0,0.0,13.78
27446,2744.6,2,0,0.0,13.81
27447,2744.7,2,0,0.0,13.77
27448,2744.8,2,0,0.0,13.76
27449,2744.9,2,0,0.0,13.75
27450,2745.0,2,0,0.0,13.81
27451,2745.1,2,0,0.0,13.81
27452,2745.2,2,0,0.0,13.76
27453,2745.3,2,0,0.0,13.74
27454,2745.4,2,0,0.0,13.71
27455,2745.5,2,0,0.0,13.76
27456,2745.6,2,0,0.0,13.84
27457,2745.7,2,0,0.0,13.76
27458,2745.8,2,0,0.0,13.79
27459,2745.9,2,0,0.0,13.74
27460,2746.0,2,0,0.0,13.78
27461,2746.1,2,0,0.0,13.78
27462,2746.2,2,0,0.0,13.79
27463,2746.3,1,1,0.0,13.92
27464,2746.4,1,0,0.0,13.93
27465,2746.5,1,0,0.0,13.97
27466,2746.6,1,0,0.0,13.9
27467,2746.7,1,0,0.0,13.94
27468,2746.8,1,0,0.0,13.94
27469,2746.9,1,0,0.0,13.88
27470,2747.0,1,0,0.0,13.98
27471,2747.1,1,0,0.0,13.96
27472,2747.2,1,0,0.0,13.99
27473,2747.3,1,0,0.0,13.88
27474,2747.4,1,0,0.0,13.97
27475,2747.5,1,0,0.0,13.99
27476,2747.6,1,0,0.0,13.98
27477,2747.7,1,0,0.0,13.88
27478,2747.8,1,0,0.0,13.91
27479,2747.9,1,0,0.0,13.93
27480,2748.0,1,0,0.0,13.88
27481,2748.1,2,0,0.0,13.99
27482,2748.2,2,0,0.0,13.96
27483,2748.3,3,0,0.0,13.95
27484,2748.4,3,0,0.0,13.94
27485,2748.5,3,0,0.0,13.9
27486,2748.6,4,0,0.0,13.6
27487,2748.7,4,0,0.0,13.58
27488,2748.8,4,0,0.0,13.54
27489,2748.9,4,0,0.0,13.57
27490,2749.0,4,0,0.0,13.53
27491,2749.1,4,0,0.0,13.54
27492,2749.2,3,1,0.0,13.92
27493,2749.3,3,0,0.0,13.92
27494,2749.4,3,0,0.0,13.94
27495,2749.5,3,0,0.0,13.91
27496,2749.6,3,0,0.0,13.95
27497,2749.7,4,0,0.0,12.96
27498,2749.8,4,0,0.0,12.94
27499,2749.9,3,1,0.0,13.97
27500,2750.0,3,0,0.0,13.89
27501,2750.1,3,0,0.0,13.97
27502,2750.2,3,0,0.0,13.95
27503,2750.3,3,0,0.0,13.93
27504,2750.4,3,0,0.0,13.95
27505,2750.5,3,0,0.0,13.96
27506,2750.6,3,0,0.0,13.97
27507,2750.7,3,0,0.0,13.93
27508,2750.8,3,0,0.0,13.91
27509,2750.9,3,0,0.0,13.94
27510,2751.0,3,0,0.0,13.92
27511,2751.1,3,0,0.0,13.97
27512,2751.2,3,0,0.0,13.93
27513,2751.3,3,0,0.0,13.97
27514,2751.4,3,0,0.0,13.89
27515,2751.5,3,0,0.0,13.9
27516,2751.6,2,1,0.0,13.89
27517,2751.7,2,0,0.0,13.88
27518,2751.8,1,1,0.0,13.98
27519,2751.9,1,0,0.0,13.91
27520,2752.0,1,0,0.0,13.93
27521,2752.1,1,0,0.0,13.99
27522,2752.2,1,0,0.0,13.99
27523,2752.3,1,0,0.0,13.88
27524,2752.4,1,0,0.0,13.98
27525,2752.5,1,0,0.0,13.95
27526,2752.6,1,0,0.0,13.91
27527,2752.7,1,0,0.0,13.91
27528,2752.8,1,0,0.0,13.96
27529,2752.9,1,0,0.0,13.93
27530,2753.0,1,0,0.0,13.88
27531,2753.1,1,0,0.0,13.98
27532,2753.2,1,0,0.0,13.89
27533,2753.3,1,0,0.0,13.93
27534,2753.4,1,0,0.0,13.95
27535,2753.5,2,0,0.0,13.73
27536,2753.6,2,0,0.0,13.73
27537,2753.7,2,0,0.0,13.67
27538,2753.8,2,0,0.0,13.71
27539,2753.9,2,0,0.0,13.73
27540,2754.0,3,0,0.0,13.8
27541,2754.1,2,1,0.0,13.91
27542,2754.2,2,0,0.0,13.93
27543,2754.3,2,0,0.0,13.93
27544,2754.4,2,0,0.0,13.91
27545,2754.5,2,0,0.0,13.95
27546,2754.6,2,0,0.0,13.97
27547,2754.7,2,0,0.0,13.92
27548,2754.8,2,0,0.0,13.89
27549,2754.9,2,0,0.0,13.98
27550,2755.0,2,0,0.0,13.96
27551,2755.1,2,0,0.0,13.9
27552,2755.2,2,0,0.0,13.92
27553,2755.3,2,0,0.0,13.89
27554,2755.4,2,0,0.0,13.89
27555,2755.5,2,0,0.0,13.94
27556,2755.6,2,0,0.0,13.9
27557,2755.7,2,0,0.0,13.9
27558,2755.8,2,0,0.0,13.96
27559,2755.9,2,0,0.0,13.98
27560,2756.0,2,0,0.0,13.98
27561,2756.1,2,0,0.0,13.95
27562,2756.2,2,0,0.0,13.95
27563,2756.3,2,0,0.0,13.93
27564,2756.4,2,0,0.0,13.89
27565,2756.5,2,0,0.0,13.91
27566,2756.6,2,0,0.0,13.95
27567,2756.7,2,0,0.0,13.95
27568,2756.8,3,0,0.0,13.96
27569,2756.9,3,0,0.0,13.95
27570,2757.0,3,0,0.0,13.94
27571,2757.1,3,0,0.0,13.98
27572,2757.2,3,0,0.0,13.94
27573,2757.3,3,0,0.0,13.94
27574,2757.4,3,0,0.0,13.98
27575,2757.5,2,1,0.0,13.88
27576,2757.6,2,0,0.0,13.96
27577,2757.7,2,0,0.0,13.95
27578,2757.8,2,0,0.0,13.92
27579,2757.9,2,0,0.0,13.9
27580,2758.0,2,0,0.0,13.91
27581,2758.1,2,0,0.0,13.99
27582,2758.2,2,0,0.0,13.96
27583,2758.3,2,0,0.0,13.98
27584,2758.4,2,0,0.0,13.95
27585,2758.5,3,0,0.0,13.98
27586,2758.6,3,0,0.0,13.95
27587,2758.7,3,0,0.0,13.92
27588,2758.8,3,0,0.0,13.92
27589,2758.9,3,0,0.0,13.95
27590,2759.0,3,0,0.0,13.93
27591,2759.1,2,1,0.0,13.96
27592,2759.2,2,0,0.0,13.88
27593,2759.3,2,0,0.0,13.96
27594,2759.4,2,0,0.0,13.94
27595,2759.5,2,0,0.0,13.91
27596,2759.6,2,0,0.0,13.93
27597,2759.7,3,0,0.0,13.92
27598,2759.8,3,0,0.0,13.96
27599,2759.9,3,0,0.0,13.95
27600,2760.0,3,0,0.0,13.97
27601,2760.1,3,0,0.0,13.91
27602,2760.2,3,0,0.0,13.92
27603,2760.3,2,1,0.0,13.95
27604,2760.4,2,0,0.0,13.93
27605,2760.5,2,0,0.0,13.95
27606,2760.6,2,0,0.0,13.88
27607,2760.7,2,0,0.0,13.91
27608,2760.8,2,0,0.0,13.96
27609,2760.9,2,0,0.0,13.9
27610,2761.0,2,0,0.0,13.98
27611,2761.1,2,0,0.0,13.95
27612,2761.2,2,0,0.0,13.89
27613,2761.3,2,0,0.0,13.89
27614,2761.4,2,0,0.0,13.9
27615,2761.5,2,0,0.0,13.94
27616,2761.6,2,0,0.0,13.95
27617,2761.7,2,0,0.0,13.94
27618,2761.8,2,0,0.0,13.93
27619,2761.9,2,0,0.0,13.9
27620,2762.0,2,0,0.0,13.94
27621,2762.1,2,0,0.0,13.92
27622,2762.2,2,0,0.0,13.94
27623,2762.3,2,0,0.0,13.92
27624,2762.4,2,0,0.0,13.99
27625,2762.5,2,0,0.0,13.92
27626,2762.6,2,0,0.0,13.91
27627,2762.7,2,0,0.0,13.92
27628,2762.8,2,0,0.0,13.95
27629,2762.9,3,0,0.0,12.63
27630,2763.0,3,0,0.0,12.62
27631,2763.1,3,0,0.0,12.61
27632,2763.2,2,1,0.0,11.96
27633,2763.3,2,0,0.0,11.98
27634,2763.4,2,0,0.0,11.94
27635,2763.5,3,0,0.0,12.39
27636,2763.6,3,0,0.0,12.38
27637,2763.7,3,0,0.0,12.37
27638,2763.8,3,0,0.0,12.39
27639,2763.9,3,0,0.0,12.39
27640,2764.0,3,0,0.0,12.42
27641,2764.1,2,1,0.0,11.95
27642,2764.2,2,0,0.0,11.94
27643,2764.3,2,0,0.0,11.93
27644,2764.4,2,0,0.0,11.95
27645,2764.5,2,0,0.0,11.96
27646,2764.6,2,0,0.0,11.95
27647,2764.7,2,0,0.0,11.96
27648,2764.8,2,0,0.0,11.94
27649,2764.9,2,0,0.0,11.96
27650,2765.0,2,0,0.0,11.93
27651,2765.1,2,0,0.0,11.93
27652,2765.2,2,0,0.0,11.94
27653,2765.3,3,0,0.0,11.96
27654,2765.4,3,0,0.0,11.97
27655,2765.5,4,0,0.0,12.17
27656,2765.6,4,0,0.0,12.19
27657,2765.7,4,0,0.0,12.11
27658,2765.8,4,0,0.0,12.14
27659,2765.9,4,0,0.0,12.11
27660,2766.0,4,0,0.0,12.08
27661,2766.1,4,0,0.0,12.09
27662,2766.2,4,0,0.0,12.08
27663,2766.3,4,0,0.0,12.07
27664,2766.4,4,0,0.0,12.07
27665,2766.5,4,0,0.0,12.02
27666,2766.6,4,0,0.0,12.06
27667,2766.7,4,0,0.0,12.03
27668,2766.8,4,0,0.0,12.0
27669,2766.9,4,0,0.0,12.0
27670,2767.0,4,0,0.0,12.02
27671,2767.1,4,0,0.0,12.01
27672,2767.2,4,0,0.0,12.0
27673,2767.3,4,0,0.0,11.96
27674,2767.4,4,0,0.0,11.97
27675,2767.5,4,0,0.0,11.94
27676,2767.6,4,0,0.0,11.94
27677,2767.7,4,0,0.0,11.93
27678,2767.8,4,0,0.0,11.94
27679,2767.9,4,0,0.0,11.9
27680,2768.0,4,0,0.0,11.92
27681,2768.1,4,0,0.0,11.91
27682,2768.2,4,0,0.0,11.93
27683,2768.3,4,0,0.0,11.91
27684,2768.4,4,0,0.0,11.89
27685,2768.5,5,0,0.0,12.31
27686,2768.6,5,0,0.0,12.32
27687,2768.7,5,0,0.0,12.29
27688,2768.8,5,0,0.0,12.28
27689,2768.9,4,1,0.0,11.86
27690,2769.0,4,0,0.0,11.88
27691,2769.1,3,1,0.0,11.18
27692,2769.2,2,1,0.0,10.33
27693,2769.3,2,0,0.0,10.31
27694,2769.4,2,0,0.0,10.24
27695,2769.5,2,0,0.0,10.24
27696,2769.6,2,0,0.0,10.26
27697,2769.7,2,0,0.0,10.21
27698,2769.8,2,0,0.0,10.21
27699,2769.9,2,0,0.0,10.24
27700,2770.0,2,0,0.0,10.18
27701,2770.1,2,0,0.0,10.22
27702,2770.2,2,0,0.0,10.24
27703,2770.3,2,0,0.0,10.22
27704,2770.4,2,0,0.0,10.2
27705,2770.5,2,0,0.0,10.2
27706,2770.6,2,0,0.0,10.18
27707,2770.7,2,0,0.0,10.16
27708,2770.8,2,0,0.0,10.14
27709,2770.9,2,0,0.0,10.15
27710,2771.0,3,0,0.0,11.42
27711,2771.1,3,0,0.0,11.4
27712,2771.2,3,0,0.0,11.4
27713,2771.3,3,0,0.0,11.38
27714,2771.4,3,0,0.0,11.39
27715,2771.5,3,0,0.0,11.37
27716,2771.6,3,0,0.0,11.39
27717,2771.7,3,0,0.0,11.4
27718,2771.8,3,0,0.0,11.37
27719,2771.9,3,0,0.0,11.4
27720,2772.0,3,0,0.0,11.37
27721,2772.1,3,0,0.0,11.4
27722,2772.2,3,0,0.0,11.38
27723,2772.3,3,0,0.0,11.35
27724,2772.4,3,0,0.0,11.35
27725,2772.5,3,0,0.0,11.37
27726,2772.6,3,0,0.0,11.39
27727,2772.7,3,0,0.0,11.39
27728,2772.8,3,0,0.0,11.35
27729,2772.9,3,0,0.0,11.35
27730,2773.0,3,0,0.0,11.32
27731,2773.1,3,0,0.0,11.33
27732,2773.2,3,0,0.0,11.36
27733,2773.3,3,0,0.0,11.34
27734,2773.4,3,0,0.0,11.35
27735,2773.5,4,0,0.0,11.83
27736,2773.6,4,0,0.0,11.79
27737,2773.7,4,0,0.0,11.78
27738,2773.8,4,0,0.0,11.83
27739,2773.9,4,0,0.0,11.81
27740,2774.0,4,0,0.0,11.8
27741,2774.1,3,1,0.0,11.36
27742,2774.2,4,0,0.0,11.72
27743,2774.3,4,0,0.0,11.68
27744,2774.4,4,0,0.0,11.7
27745,2774.5,4,0,0.0,11.69
27746,2774.6,4,0,0.0,11.69
27747,2774.7,4,0,0.0,11.7
27748,2774.8,4,0,0.0,11.69
27749,2774.9,4,0,0.0,11.71
27750,2775.0,4,0,0.0,11.69
27751,2775.1,3,1,0.0,12.28
27752,2775.2,3,0,0.0,12.34
27753,2775.3,3,0,0.0,12.39
27754,2775.4,3,0,0.0,12.43
27755,2775.5,3,0,0.0,12.5
27756,2775.6,3,0,0.0,12.61
27757,2775.7,3,0,0.0,12.66
27758,2775.8,3,0,0.0,12.7
27759,2775.9,3,0,0.0,12.8
27760,2776.0,3,0,0.0,12.89
27761,2776.1,3,0,0.0,12.92
27762,2776.2,3,0,0.0,12.99
27763,2776.3,3,0,0.0,13.08
27764,2776.4,3,0,0.0,13.14
27765,2776.5,3,0,0.0,13.24
27766,2776.6,3,0,0.0,13.28
27767,2776.7,4,0,0.0,13.32
27768,2776.8,4,0,0.0,13.36
27769,2776.9,4,0,0.0,13.39
27770,2777.0,3,1,0.0,13.35
27771,2777.1,3,0,0.0,13.35
27772,2777.2,3,0,0.0,13.33
27773,2777.3,3,0,0.0,13.39
27774,2777.4,3,0,0.0,13.34
27775,2777.5,3,0,0.0,13.33
27776,2777.6,3,0,0.0,13.35
27777,2777.7,3,0,0.0,13.37
27778,2777.8,3,0,0.0,13.31
27779,2777.9,3,0,0.0,13.35
27780,2778.0,2,1,0.0,13.6
27781,2778.1,3,0,0.0,12.37
27782,2778.2,3,0,0.0,12.41
27783,2778.3,2,1,0.0,13.57
27784,2778.4,3,0,0.0,13.71
27785,2778.5,3,0,0.0,13.72
27786,2778.6,3,0,0.0,13.71
27787,2778.7,3,0,0.0,13.7
27788,2778.8,3,0,0.0,13.72
27789,2778.9,3,0,0.0,13.7
27790,2779.0,2,1,0.0,13.55
27791,2779.1,2,0,0.0,13.58
27792,2779.2,2,0,0.0,13.6
27793,2779.3,2,0,0.0,13.64
27794,2779.4,2,0,0.0,13.61
27795,2779.5,2,0,0.0,13.56
27796,2779.6,2,0,0.0,13.61
27797,2779.7,2,0,0.0,13.57
27798,2779.8,2,0,0.0,13.64
27799,2779.9,2,0,0.0,13.61
27800,2780.0,2,0,0.0,13.61
27801,2780.1,2,0,0.0,13.6
27802,2780.2,1,1,0.0,13.25
27803,2780.3,1,0,0.0,13.22
27804,2780.4,1,0,0.0,13.32
27805,2780.5,1,0,0.0,13.3
27806,2780.6,1,0,0.0,13.34
27807,2780.7,1,0,0.0,13.3
27808,2780.8,1,0,0.0,13.33
27809,2780.9,1,0,0.0,13.3
27810,2781.0,1,0,0.0,13.25
27811,2781.1,1,0,0.0,13.22
27812,2781.2,1,0,0.0,13.29
27813,2781.3,1,0,0.0,13.25
27814,2781.4,1,0,0.0,13.27
27815,2781.5,1,0,0.0,13.34
27816,2781.6,1,0,0.0,13.34
27817,2781.7,1,0,0.0,13.24
27818,2781.8,1,0,0.0,13.32
27819,2781.9,1,0,0.0,13.25
27820,2782.0,1,0,0.0,13.32
27821,2782.1,1,0,0.0,13.33
27822,2782.2,1,0,0.0,13.29
27823,2782.3,1,0,0.0,13.34
27824,2782.4,2,0,0.0,12.89
27825,2782.5,2,0,0.0,12.87
27826,2782.6,2,0,0.0,12.84
27827,2782.7,2,0,0.0,12.88
27828,2782.8,2,0,0.0,12.86
27829,2782.9,3,0,0.0,13.17
27830,2783.0,3,0,0.0,13.09
27831,2783.1,3,0,0.0,13.12
27832,2783.2,3,0,0.0,13.11
27833,2783.3,3,0,0.0,13.1
27834,2783.4,4,0,0.0,13.07
27835,2783.5,4,0,0.0,13.06
27836,2783.6,4,0,0.0,13.09
27837,2783.7,4,0,0.0,13.09
27838,2783.8,4,0,0.0,13.03
27839,2783.9,4,0,0.0,13.06
27840,2784.0,3,1,0.0,13.09
27841,2784.1,3,0,0.0,13.14
27842,2784.2,3,0,0.0,13.11
27843,2784.3,3,0,0.0,13.1
27844,2784.4,3,0,0.0,13.1
27845,2784.5,3,0,0.0,13.08
27846,2784.6,3,0,0.0,13.14
27847,2784.7,3,0,0.0,13.08
27848,2784.8,3,0,0.0,13.13
27849,2784.9,3,0,0.0,13.09
27850,2785.0,3,0,0.0,13.12
27851,2785.1,3,0,0.0,13.11
27852,2785.2,3,0,0.0,13.15
27853,2785.3,3,0,0.0,13.1
27854,2785.4,3,0,0.0,13.12
27855,2785.5,3,0,0.0,13.11
27856,2785.6,3,0,0.0,13.12
27857,2785.7,3,0,0.0,13.07
27858,2785.8,3,0,0.0,13.15
27859,2785.9,3,0,0.0,13.15
27860,2786.0,3,0,0.0,13.11
27861,2786.1,3,0,0.0,13.1
27862,2786.2,3,0,0.0,13.09
27863,2786.3,2,1,0.0,12.99
27864,2786.4,1,1,0.0,12.45
27865,2786.5,1,0,0.0,12.41
27866,2786.6,1,0,0.0,12.44
27867,2786.7,1,0,0.0,12.35
27868,2786.8,1,0,0.0,12.35
27869,2786.9,1,0,0.0,12.32
27870,2787.0,1,0,0.0,12.34
27871,2787.1,1,0,0.0,12.37
27872,2787.2,1,0,0.0,12.4
27873,2787.3,1,0,0.0,12.44
27874,2787.4,1,0,0.0,12.41
27875,2787.5,1,0,0.0,12.33
27876,2787.6,1,0,0.0,12.39
27877,2787.7,1,0,0.0,12.43
27878,2787.8,1,0,0.0,12.39
27879,2787.9,1,0,0.0,12.4
27880,2788.0,2,0,0.0,13.19
27881,2788.1,2,0,0.0,13.16
27882,2788.2,2,0,0.0,13.17
27883,2788.3,2,0,0.0,13.2
27884,2788.4,3,0,0.0,13.43
27885,2788.5,3,0,0.0,13.45
27886,2788.6,3,0,0.0,13.43
27887,2788.7,3,0,0.0,13.41
27888,2788.8,3,0,0.0,13.43
27889,2788.9,3,0,0.0,13.41
27890,2789.0,2,1,0.0,13.19
27891,2789.1,2,0,0.0,13.15
27892,2789.2,2,0,0.0,13.18
27893,2789.3,2,0,0.0,13.19
27894,2789.4,2,0,0.0,13.13
27895,2789.5,2,0,0.0,13.15
27896,2789.6,2,0,0.0,13.19
27897,2789.7,2,0,0.0,13.17
27898,2789.8,2,0,0.0,13.14
27899,2789.9,2,0,0.0,13.16
27900,2790.0,2,0,0.0,13.19
27901,2790.1,2,0,0.0,13.16
27902,2790.2,2,0,0.0,13.14
27903,2790.3,2,0,0.0,13.13
27904,2790.4,2,0,0.0,13.19
27905,2790.5,2,0,0.0,13.14
27906,2790.6,2,0,0.0,13.16
27907,2790.7,2,0,0.0,13.16
27908,2790.8,2,0,0.0,13.15
27909,2790.9,2,0,0.0,13.16
27910,2791.0,2,0,0.0,13.17
27911,2791.1,2,0,0.0,13.13
27912,2791.2,2,0,0.0,13.18
27913,2791.3,2,0,0.0,13.17
27914,2791.4,2,0,0.0,13.18
27915,2791.5,2,0,0.0,13.17
27916,2791.6,3,0,0.0,13.44
27917,2791.7,3,0,0.0,13.42
27918,2791.8,3,0,0.0,13.37
27919,2791.9,3,0,0.0,13.38
27920,2792.0,3,0,0.0,13.39
27921,2792.1,3,0,0.0,13.45
27922,2792.2,3,0,0.0,13.4
27923,2792.3,3,0,0.0,13.38
27924,2792.4,3,0,0.0,13.43
27925,2792.5,3,0,0.0,13.43
27926,2792.6,3,0,0.0,13.4
27927,2792.7,2,1,0.0,13.94
27928,2792.8,2,0,0.0,13.96
27929,2792.9,2,0,0.0,13.91
27930,2793.0,2,0,0.0,13.93
27931,2793.1,2,0,0.0,13.92
27932,2793.2,2,0,0.0,13.92
27933,2793.3,2,0,0.0,13.89
27934,2793.4,3,0,0.0,13.53
27935,2793.5,3,0,0.0,13.5
27936,2793.6,3,0,0.0,13.51
27937,2793.7,4,0,0.0,13.65
27938,2793.8,4,0,0.0,13.61
27939,2793.9,4,0,0.0,13.63
27940,2794.0,3,1,0.0,13.94
27941,2794.1,3,0,0.0,13.93
27942,2794.2,3,0,0.0,13.93
27943,2794.3,3,0,0.0,13.91
27944,2794.4,3,0,0.0,13.93
27945,2794.5,3,0,0.0,13.94
27946,2794.6,3,0,0.0,13.93
27947,2794.7,3,0,0.0,13.94
27948,2794.8,3,0,0.0,13.92
27949,2794.9,3,0,0.0,13.91
27950,2795.0,3,0,0.0,13.97
27951,2795.1,2,1,0.0,13.97
27952,2795.2,2,0,0.0,13.97
27953,2795.3,2,0,0.0,13.95
27954,2795.4,2,0,0.0,13.94
27955,2795.5,2,0,0.0,13.95
27956,2795.6,2,0,0.0,13.94
27957,2795.7,2,0,0.0,13.97
27958,2795.8,2,0,0.0,13.92
27959,2795.9,2,0,0.0,13.88
27960,2796.0,2,0,0.0,13.93
27961,2796.1,2,0,0.0,13.96
27962,2796.2,2,0,0.0,13.91
27963,2796.3,2,0,0.0,13.93
27964,2796.4,2,0,0.0,13.94
27965,2796.5,2,0,0.0,13.9
27966,2796.6,2,0,0.0,13.88
27967,2796.7,2,0,0.0,13.95
27968,2796.8,2,0,0.0,13.94
27969,2796.9,2,0,0.0,13.92
27970,2797.0,2,0,0.0,13.97
27971,2797.1,2,0,0.0,13.91
27972,2797.2,1,1,0.0,13.96
27973,2797.3,1,0,0.0,13.88
27974,2797.4,1,0,0.0,13.98
27975,2797.5,1,0,0.0,13.96
27976,2797.6,1,0,0.0,13.92
27977,2797.7,1,0,0.0,13.92
27978,2797.8,1,0,0.0,14.0
27979,2797.9,1,0,0.0,13.94
27980,2798.0,1,0,0.0,13.93
27981,2798.1,1,0,0.0,13.98
27982,2798.2,1,0,0.0,13.99
27983,2798.3,2,0,0.0,13.78
27984,2798.4,2,0,0.0,13.7
27985,2798.5,2,0,0.0,13.73
27986,2798.6,2,0,0.0,13.7
27987,2798.7,2,0,0.0,13.74
27988,2798.8,2,0,0.0,13.71
27989,2798.9,1,1,0.0,13.98
27990,2799.0,1,0,0.0,13.97
27991,2799.1,1,0,0.0,13.91
27992,2799.2,1,0,0.0,13.89
27993,2799.3,1,0,0.0,13.94
27994,2799.4,2,0,0.0,13.99
27995,2799.5,2,0,0.0,13.93
27996,2799.6,2,0,0.0,13.9
27997,2799.7,2,0,0.0,13.93
27998,2799.8,2,0,0.0,13.92
27999,2799.9,2,0,0.0,13.96
28000,2800.0,2,0,0.0,13.95
28001,2800.1,3,0,0.0,12.65
28002,2800.2,3,0,0.0,12.59
28003,2800.3,3,0,0.0,12.59
28004,2800.4,3,0,0.0,12.62
28005,2800.5,3,0,0.0,12.62
28006,2800.6,3,0,0.0,12.61
28007,2800.7,3,0,0.0,12.59
28008,2800.8,3,0,0.0,12.61
28009,2800.9,4,0,0.0,11.13
28010,2801.0,4,0,0.0,11.1
28011,2801.1,4,0,0.0,11.19
28012,2801.2,4,0,0.0,11.21
28013,2801.3,4,0,0.0,11.25
28014,2801.4,4,0,0.0,11.25
28015,2801.5,4,0,0.0,11.32
28016,2801.6,4,0,0.0,11.31
28017,2801.7,4,0,0.0,11.31
28018,2801.8,4,0,0.0,11.35
28019,2801.9,4,0,0.0,11.37
28020,2802.0,4,0,0.0,11.41
28021,2802.1,4,0,0.0,11.41
28022,2802.2,4,0,0.0,11.42
28023,2802.3,4,0,0.0,11.46
28024,2802.4,4,0,0.0,11.47
28025,2802.5,4,0,0.0,11.51
28026,2802.6,4,0,0.0,11.49
28027,2802.7,4,0,0.0,11.5
28028,2802.8,4,0,0.0,11.53
28029,2802.9,3,1,0.0,10.77
28030,2803.0,3,0,0.0,10.82
28031,2803.1,3,0,0.0,10.84
28032,2803.2,3,0,0.0,10.82
28033,2803.3,4,0,0.0,11.44
28034,2803.4,4,0,0.0,11.4
28035,2803.5,4,0,0.0,11.41
28036,2803.6,4,0,0.0,11.44
28037,2803.7,4,0,0.0,11.43
28038,2803.8,4,0,0.0,11.45
28039,2803.9,3,1,0.0,10.95
28040,2804.0,3,0,0.0,10.93
28041,2804.1,3,0,0.0,10.93
28042,2804.2,3,0,0.0,10.97
28043,2804.3,3,0,0.0,10.98
28044,2804.4,2,1,0.0,11.46
28045,2804.5,2,0,0.0,11.52
28046,2804.6,2,0,0.0,11.62
28047,2804.7,2,0,0.0,11.73
28048,2804.8,3,0,0.0,11.23
28049,2804.9,3,0,0.0,11.26
28050,2805.0,3,0,0.0,11.33
28051,2805.1,3,0,0.0,11.43
28052,2805.2,3,0,0.0,11.47
28053,2805.3,3,0,0.0,11.56
28054,2805.4,3,0,0.0,11.62
28055,2805.5,3,0,0.0,11.68
28056,2805.6,4,0,0.0,10.5
28057,2805.7,4,0,0.0,10.53
28058,2805.8,4,0,0.0,10.57
28059,2805.9,4,0,0.0,10.67
28060,2806.0,4,0,0.0,10.74
28061,2806.1,4,0,0.0,10.83
28062,2806.2,3,1,0.0,10.4
28063,2806.3,3,0,0.0,10.41
28064,2806.4,4,0,0.0,10.33
28065,2806.5,4,0,0.0,10.36
28066,2806.6,3,1,0.0,10.55
28067,2806.7,3,0,0.0,10.55
28068,2806.8,3,0,0.0,10.56
28069,2806.9,3,0,0.0,10.58
28070,2807.0,3,0,0.0,10.62
28071,2807.1,3,0,0.0,10.66
28072,2807.2,3,0,0.0,10.67
28073,2807.3,3,0,0.0,10.73
28074,2807.4,3,0,0.0,10.75
28075,2807.5,3,0,0.0,10.77
28076,2807.6,3,0,0.0,10.77
28077,2807.7,3,0,0.0,10.77
28078,2807.8,3,0,0.0,10.79
28079,2807.9,3,0,0.0,10.81
28080,2808.0,3,0,0.0,10.86
28081,2808.1,3,0,0.0,10.84
28082,2808.2,3,0,0.0,10.9
28083,2808.3,4,0,0.0,11.65
28084,2808.4,4,0,0.0,11.66
28085,2808.5,4,0,0.0,11.68
28086,2808.6,3,1,0.0,10.97
28087,2808.7,3,0,0.0,10.94
28088,2808.8,3,0,0.0,10.92
28089,2808.9,2,1,0.0,9.46
28090,2809.0,3,0,0.0,11.0
28091,2809.1,3,0,0.0,10.99
28092,2809.2,3,0,0.0,10.97
28093,2809.3,3,0,0.0,11.0
28094,2809.4,3,0,0.0,11.04
28095,2809.5,3,0,0.0,11.04
28096,2809.6,3,0,0.0,11.04
28097,2809.7,3,0,0.0,11.05
28098,2809.8,3,0,0.0,11.02
28099,2809.9,3,0,0.0,11.07
28100,2810.0,3,0,0.0,11.07
28101,2810.1,3,0,0.0,11.08
28102,2810.2,3,0,0.0,11.06
28103,2810.3,3,0,0.0,11.09
28104,2810.4,3,0,0.0,11.11
28105,2810.5,3,0,0.0,11.09
28106,2810.6,3,0,0.0,11.09
28107,2810.7,3,0,0.0,11.1
28108,2810.8,4,0,0.0,11.81
28109,2810.9,4,0,0.0,11.81
28110,2811.0,4,0,0.0,11.84
28111,2811.1,4,0,0.0,11.86
28112,2811.2,4,0,0.0,11.87
28113,2811.3,4,0,0.0,11.84
28114,2811.4,4,0,0.0,11.86
28115,2811.5,4,0,0.0,11.85
28116,2811.6,4,0,0.0,11.84
28117,2811.7,4,0,0.0,11.84
28118,2811.8,4,0,0.0,11.84
28119,2811.9,4,0,0.0,11.86
28120,2812.0,4,0,0.0,11.85
28121,2812.1,4,0,0.0,11.87
28122,2812.2,4,0,0.0,11.83
28123,2812.3,4,0,0.0,11.87
28124,2812.4,4,0,0.0,11.91
28125,2812.5,3,1,0.0,11.18
28126,2812.6,3,0,0.0,11.19
28127,2812.7,3,0,0.0,11.21
28128,2812.8,3,0,0.0,11.17
28129,2812.9,3,0,0.0,11.22
28130,2813.0,3,0,0.0,11.23
28131,2813.1,3,0,0.0,11.23
28132,2813.2,3,0,0.0,11.2
28133,2813.3,4,0,0.0,11.47
28134,2813.4,4,0,0.0,11.44
28135,2813.5,4,0,0.0,11.45
28136,2813.6,4,0,0.0,11.4
28137,2813.7,4,0,0.0,11.47
28138,2813.8,4,0,0.0,11.44
28139,2813.9,3,1,0.0,11.2
28140,2814.0,3,0,0.0,11.12
28141,2814.1,3,0,0.0,11.1
28142,2814.2,3,0,0.0,11.09
28143,2814.3,3,0,0.0,11.05
28144,2814.4,3,0,0.0,11.06
28145,2814.5,3,0,0.0,11.01
28146,2814.6,3,0,0.0,10.95
28147,2814.7,3,0,0.0,10.95
28148,2814.8,3,0,0.0,10.97
28149,2814.9,3,0,0.0,10.93
28150,2815.0,3,0,0.0,10.89
28151,2815.1,3,0,0.0,10.84
28152,2815.2,3,0,0.0,10.84
28153,2815.3,3,0,0.0,10.82
28154,2815.4,3,0,0.0,10.8
28155,2815.5,3,0,0.0,10.78
28156,2815.6,3,0,0.0,10.71
28157,2815.7,3,0,0.0,10.73
28158,2815.8,3,0,0.0,10.71
28159,2815.9,3,0,0.0,10.71
28160,2816.0,3,0,0.0,10.67
28161,2816.1,3,0,0.0,10.63
28162,2816.2,3,0,0.0,10.65
28163,2816.3,3,0,0.0,10.61
28164,2816.4,4,0,0.0,11.03
28165,2816.5,4,0,0.0,10.97
28166,2816.6,4,0,0.0,10.96
28167,2816.7,4,0,0.0,10.96
28168,2816.8,4,0,0.0,10.93
28169,2816.9,4,0,0.0,10.94
28170,2817.0,3,1,0.0,11.28
28171,2817.1,3,0,0.0,11.29
28172,2817.2,3,0,0.0,11.4
28173,2817.3,3,0,0.0,11.47
28174,2817.4,3,0,0.0,11.6
28175,2817.5,3,0,0.0,11.66
28176,2817.6,3,0,0.0,11.78
28177,2817.7,4,0,0.0,12.39
28178,2817.8,4,0,0.0,12.49
28179,2817.9,4,0,0.0,12.57
28180,2818.0,4,0,0.0,12.65
28181,2818.1,4,0,0.0,12.74
28182,2818.2,4,0,0.0,12.82
28183,2818.3,5,0,0.0,13.11
28184,2818.4,5,0,0.0,13.16
28185,2818.5,5,0,0.0,13.21
28186,2818.6,5,0,0.0,13.26
28187,2818.7,5,0,0.0,13.37
28188,2818.8,5,0,0.0,13.46
28189,2818.9,3,2,0.0,13.3
28190,2819.0,3,0,0.0,13.41
28191,2819.1,3,0,0.0,13.38
28192,2819.2,3,0,0.0,13.38
28193,2819.3,3,0,0.0,13.39
28194,2819.4,3,0,0.0,13.38
28195,2819.5,3,0,0.0,13.39
28196,2819.6,3,0,0.0,13.33
28197,2819.7,3,0,0.0,13.39
28198,2819.8,3,0,0.0,13.4
28199,2819.9,3,0,0.0,13.37
28200,2820.0,3,0,0.0,13.4
28201,2820.1,3,0,0.0,13.4
28202,2820.2,3,0,0.0,13.34
28203,2820.3,3,0,0.0,13.35
28204,2820.4,3,0,0.0,13.33
28205,2820.5,2,1,0.0,13.09
28206,2820.6,2,0,0.0,13.11
28207,2820.7,2,0,0.0,13.04
28208,2820.8,2,0,0.0,13.04
28209,2820.9,2,0,0.0,13.13
28210,2821.0,2,0,0.0,13.08
28211,2821.1,2,0,0.0,13.1
28212,2821.2,1,1,0.0,12.18
28213,2821.3,1,0,0.0,12.28
28214,2821.4,1,0,0.0,12.21
28215,2821.5,1,0,0.0,12.24
28216,2821.6,1,0,0.0,12.25
28217,2821.7,1,0,0.0,12.2
28218,2821.8,1,0,0.0,12.19
28219,2821.9,1,0,0.0,12.21
28220,2822.0,1,0,0.0,12.28
28221,2822.1,2,0,0.0,12.46
28222,2822.2,2,0,0.0,12.38
28223,2822.3,2,0,0.0,12.45
28224,2822.4,2,0,0.0,12.39
28225,2822.5,2,0,0.0,12.4
28226,2822.6,2,0,0.0,12.38
28227,2822.7,2,0,0.0,12.37
28228,2822.8,2,0,0.0,12.42
28229,2822.9,2,0,0.0,12.39
28230,2823.0,2,0,0.0,12.4
28231,2823.1,2,0,0.0,12.35
28232,2823.2,3,0,0.0,12.91
28233,2823.3,3,0,0.0,12.91
28234,2823.4,3,0,0.0,12.91
28235,2823.5,3,0,0.0,12.91
28236,2823.6,3,0,0.0,12.9
28237,2823.7,3,0,0.0,12.89
28238,2823.8,2,1,0.0,12.38
28239,2823.9,2,0,0.0,12.4
28240,2824.0,2,0,0.0,12.37
28241,2824.1,2,0,0.0,12.37
28242,2824.2,2,0,0.0,12.38
28243,2824.3,2,0,0.0,12.37
28244,2824.4,2,0,0.0,12.37
28245,2824.5,2,0,0.0,12.41
28246,2824.6,2,0,0.0,12.41
28247,2824.7,2,0,0.0,12.38
28248,2824.8,2,0,0.0,12.36
28249,2824.9,2,0,0.0,12.42
28250,2825.0,2,0,0.0,12.4
28251,2825.1,2,0,0.0,12.34
28252,2825.2,2,0,0.0,12.35
28253,2825.3,2,0,0.0,12.39
28254,2825.4,2,0,0.0,12.37
28255,2825.5,2,0,0.0,12.41
28256,2825.6,2,0,0.0,12.39
28257,2825.7,2,0,0.0,12.42
28258,2825.8,2,0,0.0,12.44
28259,2825.9,2,0,0.0,12.42
28260,2826.0,2,0,0.0,12.38
28261,2826.1,2,0,0.0,12.4
28262,2826.2,2,0,0.0,12.41
28263,2826.3,3,0,0.0,12.74
28264,2826.4,3,0,0.0,12.72
28265,2826.5,3,0,0.0,12.72
28266,2826.6,3,0,0.0,12.69
28267,2826.7,3,0,0.0,12.72
28268,2826.8,2,1,0.0,12.98
28269,2826.9,2,0,0.0,12.96
28270,2827.0,2,0,0.0,12.99
28271,2827.1,2,0,0.0,12.96
28272,2827.2,2,0,0.0,13.01
28273,2827.3,2,0,0.0,12.92
28274,2827.4,2,0,0.0,12.95
28275,2827.5,2,0,0.0,12.94
28276,2827.6,2,0,0.0,13.01
28277,2827.7,2,0,0.0,12.93
28278,2827.8,3,0,0.0,13.29
28279,2827.9,3,0,0.0,13.31
28280,2828.0,3,0,0.0,13.32
28281,2828.1,3,0,0.0,13.27
28282,2828.2,4,0,0.0,12.9
28283,2828.3,4,0,0.0,12.85
28284,2828.4,4,0,0.0,12.83
28285,2828.5,4,0,0.0,12.9
28286,2828.6,4,0,0.0,12.87
28287,2828.7,4,0,0.0,12.87
28288,2828.8,4,0,0.0,12.87
28289,2828.9,3,1,0.0,13.27
28290,2829.0,3,0,0.0,13.28
28291,2829.1,3,0,0.0,13.31
28292,2829.2,3,0,0.0,13.3
28293,2829.3,3,0,0.0,13.29
28294,2829.4,3,0,0.0,13.3
28295,2829.5,3,0,0.0,13.26
28296,2829.6,3,0,0.0,13.28
28297,2829.7,3,0,0.0,13.3
28298,2829.8,3,0,0.0,13.28
28299,2829.9,2,1,0.0,13.22
28300,2830.0,2,0,0.0,13.23
28301,2830.1,2,0,0.0,13.25
28302,2830.2,2,0,0.0,13.23
28303,2830.3,2,0,0.0,13.26
28304,2830.4,2,0,0.0,13.31
28305,2830.5,2,0,0.0,13.23
28306,2830.6,2,0,0.0,13.22
28307,2830.7,2,0,0.0,13.29
28308,2830.8,2,0,0.0,13.22
28309,2830.9,2,0,0.0,13.22
28310,2831.0,2,0,0.0,13.3
28311,2831.1,2,0,0.0,13.24
28312,2831.2,2,0,0.0,13.23
28313,2831.3,2,0,0.0,13.3
28314,2831.4,2,0,0.0,13.21
28315,2831.5,2,0,0.0,13.24
28316,2831.6,2,0,0.0,13.23
28317,2831.7,2,0,0.0,13.31
28318,2831.8,2,0,0.0,13.22
28319,2831.9,2,0,0.0,13.26
28320,2832.0,2,0,0.0,13.3
28321,2832.1,2,0,0.0,13.24
28322,2832.2,2,0,0.0,13.3
28323,2832.3,1,1,0.0,13.98
28324,2832.4,1,0,0.0,13.94
28325,2832.5,1,0,0.0,13.9
28326,2832.6,1,0,0.0,13.96
28327,2832.7,1,0,0.0,13.93
28328,2832.8,1,0,0.0,13.94
28329,2832.9,1,0,0.0,13.97
28330,2833.0,1,0,0.0,13.97
28331,2833.1,1,0,0.0,13.93
28332,2833.2,2,0,0.0,13.96
28333,2833.3,2,0,0.0,13.97
28334,2833.4,2,0,0.0,13.9
28335,2833.5,3,0,0.0,13.98
28336,2833.6,3,0,0.0,13.99
28337,2833.7,3,0,0.0,13.94
28338,2833.8,2,1,0.0,13.9
28339,2833.9,2,0,0.0,13.96
28340,2834.0,2,0,0.0,13.95
28341,2834.1,2,0,0.0,13.92
28342,2834.2,2,0,0.0,13.9
28343,2834.3,2,0,0.0,13.98
28344,2834.4,2,0,0.0,13.92
28345,2834.5,2,0,0.0,13.96
28346,2834.6,2,0,0.0,13.94
28347,2834.7,3,0,0.0,12.61
28348,2834.8,3,0,0.0,12.61
28349,2834.9,2,1,0.0,13.9
28350,2835.0,3,0,0.0,13.84
28351,2835.1,3,0,0.0,13.81
28352,2835.2,3,0,0.0,13.83
28353,2835.3,3,0,0.0,13.82
28354,2835.4,3,0,0.0,13.79
28355,2835.5,3,0,0.0,13.81
28356,2835.6,3,0,0.0,13.77
28357,2835.7,3,0,0.0,13.79
28358,2835.8,3,0,0.0,13.81
28359,2835.9,3,0,0.0,13.79
28360,2836.0,3,0,0.0,13.82
28361,2836.1,3,0,0.0,13.82
28362,2836.2,3,0,0.0,13.81
28363,2836.3,3,0,0.0,13.77
28364,2836.4,3,0,0.0,13.81
28365,2836.5,3,0,0.0,13.83
28366,2836.6,3,0,0.0,13.79
28367,2836.7,3,0,0.0,13.83
28368,2836.8,3,0,0.0,13.77
28369,2836.9,3,0,0.0,13.82
28370,2837.0,2,1,0.0,13.73
28371,2837.1,2,0,0.0,13.71
28372,2837.2,2,0,0.0,13.71
28373,2837.3,2,0,0.0,13.77
28374,2837.4,2,0,0.0,13.73
28375,2837.5,2,0,0.0,13.77
28376,2837.6,2,0,0.0,13.7
28377,2837.7,2,0,0.0,13.72
28378,2837.8,2,0,0.0,13.75
28379,2837.9,2,0,0.0,13.75
28380,2838.0,2,0,0.0,13.7
28381,2838.1,2,0,0.0,13.7
28382,2838.2,3,0,0.0,13.68
28383,2838.3,3,0,0.0,13.66
28384,2838.4,3,0,0.0,13.65
28385,2838.5,3,0,0.0,13.64
28386,2838.6,2,1,0.0,13.73
28387,2838.7,2,0,0.0,13.65
28388,2838.8,1,1,0.0,13.9
28389,2838.9,1,0,0.0,13.97
28390,2839.0,1,0,0.0,13.88
28391,2839.1,2,0,0.0,13.94
28392,2839.2,2,0,0.0,13.93
28393,2839.3,2,0,0.0,13.92
28394,2839.4,2,0,0.0,13.9
28395,2839.5,2,0,0.0,13.93
28396,2839.6,2,0,0.0,13.9
28397,2839.7,2,0,0.0,13.95
28398,2839.8,2,0,0.0,13.94
28399,2839.9,2,0,0.0,13.91
28400,2840.0,2,0,0.0,13.9
28401,2840.1,2,0,0.0,13.96
28402,2840.2,2,0,0.0,13.92
28403,2840.3,2,0,0.0,13.92
28404,2840.4,2,0,0.0,13.95
28405,2840.5,2,0,0.0,13.97
28406,2840.6,2,0,0.0,13.95
28407,2840.7,2,0,0.0,13.96
28408,2840.8,2,0,0.0,13.95
28409,2840.9,2,0,0.0,13.98
28410,2841.0,2,0,0.0,13.9
28411,2841.1,2,0,0.0,13.96
28412,2841.2,2,0,0.0,13.97
28413,2841.3,2,0,0.0,13.97
28414,2841.4,2,0,0.0,13.94
28415,2841.5,2,0,0.0,13.99
28416,2841.6,2,0,0.0,13.88
28417,2841.7,2,0,0.0,13.97
28418,2841.8,2,0,0.0,13.93
28419,2841.9,2,0,0.0,13.89
28420,2842.0,2,0,0.0,13.94
28421,2842.1,2,0,0.0,13.94
28422,2842.2,2,0,0.0,13.91
28423,2842.3,2,0,0.0,13.96
28424,2842.4,2,0,0.0,13.94
28425,2842.5,2,0,0.0,13.98
28426,2842.6,2,0,0.0,14.0
28427,2842.7,1,1,0.0,13.93
28428,2842.8,1,0,0.0,13.99
28429,2842.9,1,0,0.0,13.99
28430,2843.0,1,0,0.0,13.94
28431,2843.1,1,0,0.0,13.87
28432,2843.2,2,0,0.0,13.52
28433,2843.3,2,0,0.0,13.46
28434,2843.4,2,0,0.0,13.52
28435,2843.5,2,0,0.0,13.51
28436,2843.6,2,0,0.0,13.52
28437,2843.7,3,0,0.0,13.7
28438,2843.8,2,1,0.0,13.94
28439,2843.9,2,0,0.0,13.94
28440,2844.0,2,0,0.0,13.91
28441,2844.1,2,0,0.0,13.92
28442,2844.2,2,0,0.0,13.93
28443,2844.3,2,0,0.0,13.93
28444,2844.4,2,0,0.0,13.92
28445,2844.5,2,0,0.0,13.95
28446,2844.6,2,0,0.0,13.95
28447,2844.7,2,0,0.0,13.96
28448,2844.8,3,0,0.0,13.96
28449,2844.9,3,0,0.0,13.92
28450,2845.0,3,0,0.0,13.91
28451,2845.1,3,0,0.0,13.93
28452,2845.2,3,0,0.0,13.89
28453,2845.3,3,0,0.0,13.97
28454,2845.4,3,0,0.0,13.91
28455,2845.5,3,0,0.0,13.95
28456,2845.6,3,0,0.0,13.92
28457,2845.7,3,0,0.0,13.96
28458,2845.8,3,0,0.0,13.93
28459,2845.9,3,0,0.0,13.94
28460,2846.0,3,0,0.0,13.93
28461,2846.1,3,0,0.0,13.95
28462,2846.2,3,0,0.0,13.91
28463,2846.3,3,0,0.0,13.94
28464,2846.4,3,0,0.0,13.94
28465,2846.5,3,0,0.0,13.9
28466,2846.6,4,0,0.0,12.95
28467,2846.7,4,0,0.0,12.95
28468,2846.8,4,0,0.0,12.93
28469,2846.9,4,0,0.0,12.95
28470,2847.0,4,0,0.0,12.97
28471,2847.1,4,0,0.0,12.95
28472,2847.2,3,1,0.0,12.61
28473,2847.3,3,0,0.0,12.63
28474,2847.4,3,0,0.0,12.64
28475,2847.5,3,0,0.0,12.64
28476,2847.6,3,0,0.0,12.59
28477,2847.7,3,0,0.0,12.64
28478,2847.8,3,0,0.0,12.63
28479,2847.9,3,0,0.0,12.65
28480,2848.0,3,0,0.0,12.59
28481,2848.1,4,0,0.0,12.68
28482,2848.2,4,0,0.0,12.69
28483,2848.3,3,1,0.0,12.22
28484,2848.4,3,0,0.0,12.25
28485,2848.5,3,0,0.0,12.24
28486,2848.6,3,0,0.0,12.22
28487,2848.7,2,1,0.0,11.96
28488,2848.8,2,0,0.0,11.95
28489,2848.9,2,0,0.0,11.97
28490,2849.0,2,0,0.0,11.92
28491,2849.1,2,0,0.0,11.95
28492,2849.2,2,0,0.0,11.95
28493,2849.3,2,0,0.0,11.98
28494,2849.4,2,0,0.0,11.96
28495,2849.5,2,0,0.0,11.92
28496,2849.6,2,0,0.0,11.93
28497,2849.7,2,0,0.0,11.95
28498,2849.8,2,0,0.0,11.97
28499,2849.9,2,0,0.0,11.93
28500,2850.0,2,0,0.0,11.92
28501,2850.1,2,0,0.0,11.93
28502,2850.2,2,0,0.0,11.95
28503,2850.3,2,0,0.0,11.97
28504,2850.4,2,0,0.0,11.94
28505,2850.5,3,0,0.0,12.62
28506,2850.6,3,0,0.0,12.6
28507,2850.7,3,0,0.0,12.6
28508,2850.8,3,0,0.0,12.61
28509,2850.9,3,0,0.0,12.61
28510,2851.0,3,0,0.0,12.62
28511,2851.1,3,0,0.0,12.61
28512,2851.2,3,0,0.0,12.63
28513,2851.3,3,0,0.0,12.61
28514,2851.4,3,0,0.0,12.62
28515,2851.5,3,0,0.0,12.64
28516,2851.6,3,0,0.0,12.64
28517,2851.7,3,0,0.0,12.58
28518,2851.8,3,0,0.0,12.6
28519,2851.9,3,0,0.0,12.61
28520,2852.0,3,0,0.0,12.62
28521,2852.1,3,0,0.0,12.61
28522,2852.2,3,0,0.0,12.64
28523,2852.3,3,0,0.0,12.58
28524,2852.4,4,0,0.0,12.96
28525,2852.5,4,0,0.0,12.93
28526,2852.6,4,0,0.0,12.93
28527,2852.7,4,0,0.0,12.89
28528,2852.8,4,0,0.0,12.85
28529,2852.9,4,0,0.0,12.85
28530,2853.0,4,0,0.0,12.83
28531,2853.1,5,0,0.0,12.91
28532,2853.2,5,0,0.0,12.91
28533,2853.3,5,0,0.0,12.88
28534,2853.4,5,0,0.0,12.89
28535,2853.5,5,0,0.0,12.87
28536,2853.6,5,0,0.0,12.85
28537,2853.7,4,1,0.0,12.65
28538,2853.8,4,0,0.0,12.65
28539,2853.9,4,0,0.0,12.65
28540,2854.0,3,1,0.0,12.16
28541,2854.1,3,0,0.0,12.13
28542,2854.2,3,0,0.0,12.14
28543,2854.3,3,0,0.0,12.13
28544,2854.4,3,0,0.0,12.09
28545,2854.5,3,0,0.0,12.08
28546,2854.6,3,0,0.0,12.08
28547,2854.7,3,0,0.0,12.07
28548,2854.8,3,0,0.0,12.01
28549,2854.9,3,0,0.0,12.0
28550,2855.0,3,0,0.0,11.98
28551,2855.1,3,0,0.0,11.95
28552,2855.2,3,0,0.0,11.96
28553,2855.3,3,0,0.0,11.9
28554,2855.4,3,0,0.0,11.91
28555,2855.5,3,0,0.0,11.89
28556,2855.6,3,0,0.0,11.89
28557,2855.7,3,0,0.0,11.86
28558,2855.8,3,0,0.0,11.87
28559,2855.9,2,1,0.0,10.76
28560,2856.0,2,0,0.0,10.71
28561,2856.1,2,0,0.0,10.74
28562,2856.2,3,0,0.0,11.8
28563,2856.3,3,0,0.0,11.78
28564,2856.4,3,0,0.0,11.76
28565,2856.5,3,0,0.0,11.76
28566,2856.6,3,0,0.0,11.73
28567,2856.7,3,0,0.0,11.71
28568,2856.8,3,0,0.0,11.66
28569,2856.9,3,0,0.0,11.68
28570,2857.0,3,0,0.0,11.64
28571,2857.1,3,0,0.0,11.67
28572,2857.2,3,0,0.0,11.64
28573,2857.3,3,0,0.0,11.62
28574,2857.4,3,0,0.0,11.63
28575,2857.5,3,0,0.0,11.62
28576,2857.6,3,0,0.0,11.61
28577,2857.7,3,0,0.0,11.61
28578,2857.8,3,0,0.0,11.62
28579,2857.9,3,0,0.0,11.56
28580,2858.0,3,0,0.0,11.54
28581,2858.1,4,0,0.0,11.74
28582,2858.2,4,0,0.0,11.74
28583,2858.3,4,0,0.0,11.73
28584,2858.4,4,0,0.0,11.73
28585,2858.5,4,0,0.0,11.69
28586,2858.6,4,0,0.0,11.68
28587,2858.7,3,1,0.0,11.5
28588,2858.8,2,1,0.0,12.28
28589,2858.9,2,0,0.0,12.35
28590,2859.0,2,0,0.0,12.42
28591,2859.1,2,0,0.0,12.55
28592,2859.2,2,0,0.0,12.66
28593,2859.3,2,0,0.0,12.77
28594,2859.4,2,0,0.0,12.84
28595,2859.5,2,0,0.0,12.99
28596,2859.6,2,0,0.0,13.09
28597,2859.7,2,0,0.0,13.19
28598,2859.8,2,0,0.0,13.22
28599,2859.9,2,0,0.0,13.4
28600,2860.0,2,0,0.0,13.47
28601,2860.1,2,0,0.0,13.64
28602,2860.2,2,0,0.0,13.71
28603,2860.3,2,0,0.0,13.84
28604,2860.4,2,0,0.0,13.9
28605,2860.5,2,0,0.0,13.92
28606,2860.6,2,0,0.0,13.93
28607,2860.7,2,0,0.0,13.95
28608,2860.8,1,1,0.0,13.93
28609,2860.9,1,0,0.0,13.89
28610,2861.0,1,0,0.0,13.93
28611,2861.1,2,0,0.0,13.48
28612,2861.2,2,0,0.0,13.47
28613,2861.3,2,0,0.0,13.53
28614,2861.4,2,0,0.0,13.47
28615,2861.5,2,0,0.0,13.49
28616,2861.6,2,0,0.0,13.46
28617,2861.7,2,0,0.0,13.51
28618,2861.8,2,0,0.0,13.48
28619,2861.9,3,0,0.0,13.42
28620,2862.0,3,0,0.0,13.4
28621,2862.1,3,0,0.0,13.43
28622,2862.2,3,0,0.0,13.42
28623,2862.3,3,0,0.0,13.38
28624,2862.4,3,0,0.0,13.37
28625,2862.5,3,0,0.0,13.41
28626,2862.6,3,0,0.0,13.4
28627,2862.7,3,0,0.0,13.42
28628,2862.8,3,0,0.0,13.4
28629,2862.9,3,0,0.0,13.39
28630,2863.0,3,0,0.0,13.4
28631,2863.1,4,0,0.0,13.46
28632,2863.2,4,0,0.0,13.47
28633,2863.3,4,0,0.0,13.51
28634,2863.4,4,0,0.0,13.48
28635,2863.5,4,0,0.0,13.47
28636,2863.6,4,0,0.0,13.47
28637,2863.7,4,1,0.0,12.57
28638,2863.8,4,0,0.0,12.52
28639,2863.9,3,1,0.0,13.41
28640,2864.0,3,0,0.0,13.38
28641,2864.1,3,0,0.0,13.41
28642,2864.2,3,0,0.0,13.4
28643,2864.3,3,0,0.0,13.34
28644,2864.4,3,0,0.0,13.38
28645,2864.5,3,0,0.0,13.42
28646,2864.6,3,0,0.0,13.4
28647,2864.7,3,0,0.0,13.39
28648,2864.8,2,1,0.0,13.58
28649,2864.9,2,0,0.0,13.63
28650,2865.0,2,0,0.0,13.59
28651,2865.1,2,0,0.0,13.55
28652,2865.2,2,0,0.0,13.59
28653,2865.3,2,0,0.0,13.63
28654,2865.4,1,1,0.0,13.28
28655,2865.5,1,0,0.0,13.25
28656,2865.6,1,0,0.0,13.25
28657,2865.7,1,0,0.0,13.18
28658,2865.8,1,0,0.0,13.2
28659,2865.9,1,0,0.0,13.22
28660,2866.0,1,0,0.0,13.21
28661,2866.1,1,0,0.0,13.25
28662,2866.2,1,0,0.0,13.29
28663,2866.3,1,0,0.0,13.28
28664,2866.4,1,0,0.0,13.26
28665,2866.5,1,0,0.0,13.25
28666,2866.6,1,0,0.0,13.22
28667,2866.7,1,0,0.0,13.23
28668,2866.8,1,0,0.0,13.27
28669,2866.9,1,0,0.0,13.19
28670,2867.0,1,0,0.0,13.2
28671,2867.1,1,0,0.0,13.27
28672,2867.2,1,0,0.0,13.29
28673,2867.3,1,0,0.0,13.3
28674,2867.4,1,0,0.0,13.3
28675,2867.5,2,0,0.0,12.48
28676,2867.6,2,0,0.0,12.45
28677,2867.7,2,0,0.0,12.45
28678,2867.8,2,0,0.0,12.49
28679,2867.9,2,0,0.0,12.46
28680,2868.0,2,0,0.0,12.48
28681,2868.1,3,0,0.0,12.26
28682,2868.2,3,0,0.0,12.28
28683,2868.3,3,0,0.0,12.28
28684,2868.4,3,0,0.0,12.3
28685,2868.5,3,0,0.0,12.3
28686,2868.6,3,0,0.0,12.25
28687,2868.7,3,0,0.0,12.22
28688,2868.8,2,1,0.0,12.42
28689,2868.9,2,0,0.0,12.43
28690,2869.0,2,0,0.0,12.44
28691,2869.1,2,0,0.0,12.49
28692,2869.2,2,0,0.0,12.4
28693,2869.3,2,0,0.0,12.47
28694,2869.4,2,0,0.0,12.5
28695,2869.5,2,0,0.0,12.46
28696,2869.6,2,0,0.0,12.49
28697,2869.7,2,0,0.0,12.41
28698,2869.8,3,0,0.0,12.95
28699,2869.9,3,0,0.0,12.92
28700,2870.0,3,0,0.0,12.99
28701,2870.1,3,0,0.0,12.97
28702,2870.2,3,0,0.0,12.93
28703,2870.3,3,0,0.0,12.93
28704,2870.4,3,0,0.0,12.94
28705,2870.5,3,0,0.0,12.94
28706,2870.6,3,0,0.0,12.93
28707,2870.7,3,0,0.0,12.96
28708,2870.8,3,0,0.0,12.91
28709,2870.9,3,0,0.0,12.96
28710,2871.0,3,0,0.0,12.94
28711,2871.1,3,0,0.0,12.97
28712,2871.2,3,0,0.0,12.95
28713,2871.3,3,0,0.0,12.95
28714,2871.4,3,0,0.0,12.95
28715,2871.5,2,1,0.0,12.78
28716,2871.6,2,0,0.0,12.83
28717,2871.7,2,0,0.0,12.81
28718,2871.8,2,0,0.0,12.82
28719,2871.9,2,0,0.0,12.8
28720,2872.0,2,0,0.0,12.85
28721,2872.1,2,0,0.0,12.84
28722,2872.2,2,0,0.0,12.79
28723,2872.3,2,0,0.0,12.77
28724,2872.4,2,0,0.0,12.77
28725,2872.5,2,0,0.0,12.83
28726,2872.6,2,0,0.0,12.78
28727,2872.7,2,0,0.0,12.81
28728,2872.8,2,0,0.0,12.81
28729,2872.9,2,0,0.0,12.81
28730,2873.0,3,0,0.0,12.44
28731,2873.1,3,0,0.0,12.43
28732,2873.2,4,0,0.0,12.63
28733,2873.3,3,1,0.0,12.17
28734,2873.4,3,0,0.0,12.18
28735,2873.5,3,0,0.0,12.16
28736,2873.6,3,0,0.0,12.14
28737,2873.7,2,1,0.0,12.46
28738,2873.8,2,0,0.0,12.48
28739,2873.9,2,0,0.0,12.43
28740,2874.0,2,0,0.0,12.48
28741,2874.1,2,0,0.0,12.43
28742,2874.2,2,0,0.0,12.46
28743,2874.3,2,0,0.0,12.44
28744,2874.4,2,0,0.0,12.46
28745,2874.5,2,0,0.0,12.44
28746,2874.6,2,0,0.0,12.4
28747,2874.7,2,0,0.0,12.42
28748,2874.8,2,0,0.0,12.45
28749,2874.9,2,0,0.0,12.45
28750,2875.0,2,0,0.0,12.49
28751,2875.1,2,0,0.0,12.44
28752,2875.2,2,0,0.0,12.47
28753,2875.3,2,0,0.0,12.44
28754,2875.4,2,0,0.0,12.41
28755,2875.5,2,0,0.0,12.46
28756,2875.6,2,0,0.0,12.44
28757,2875.7,2,0,0.0,12.45
28758,2875.8,2,0,0.0,12.4
28759,2875.9,2,0,0.0,12.44
28760,2876.0,2,0,0.0,12.46
28761,2876.1,2,0,0.0,12.48
28762,2876.2,2,0,0.0,12.41
28763,2876.3,2,0,0.0,12.42
28764,2876.4,2,0,0.0,12.44
28765,2876.5,2,0,0.0,12.49
28766,2876.6,2,0,0.0,12.46
28767,2876.7,2,0,0.0,12.42
28768,2876.8,2,0,0.0,12.45
28769,2876.9,2,0,0.0,12.46
28770,2877.0,2,0,0.0,12.41
28771,2877.1,2,0,0.0,12.43
28772,2877.2,2,0,0.0,12.4
28773,2877.3,2,0,0.0,12.45
28774,2877.4,2,0,0.0,12.43
28775,2877.5,2,0,0.0,12.45
28776,2877.6,2,0,0.0,12.43
28777,2877.7,2,0,0.0,12.45
28778,2877.8,2,0,0.0,12.46
28779,2877.9,2,0,0.0,12.45
28780,2878.0,3,0,0.0,12.96
28781,2878.1,3,0,0.0,12.92
28782,2878.2,3,0,0.0,12.94
28783,2878.3,3,0,0.0,12.94
28784,2878.4,2,1,0.0,13.6
28785,2878.5,3,0,0.0,13.69
28786,2878.6,2,1,0.0,13.58
28787,2878.7,2,0,0.0,13.52
28788,2878.8,2,0,0.0,13.6
28789,2878.9,3,0,0.0,13.71
28790,2879.0,3,0,0.0,13.67
28791,2879.1,3,0,0.0,13.65
28792,2879.2,3,0,0.0,13.67
28793,2879.3,3,0,0.0,13.68
28794,2879.4,3,0,0.0,13.7
28795,2879.5,3,0,0.0,13.72
28796,2879.6,3,0,0.0,13.71
28797,2879.7,3,0,0.0,13.67
28798,2879.8,3,0,0.0,13.7
28799,2879.9,3,0,0.0,13.69
28800,2880.0,3,0,0.0,13.68
28801,2880.1,3,0,0.0,13.7
28802,2880.2,3,0,0.0,13.7
28803,2880.3,3,0,0.0,13.71
28804,2880.4,3,0,0.0,13.74
28805,2880.5,3,0,0.0,13.73
28806,2880.6,3,0,0.0,13.68
28807,2880.7,3,0,0.0,13.68
28808,2880.8,3,0,0.0,13.68
28809,2880.9,3,0,0.0,13.71
28810,2881.0,3,0,0.0,13.7
28811,2881.1,3,0,0.0,13.71
28812,2881.2,3,0,0.0,13.7
28813,2881.3,3,0,0.0,13.67
28814,2881.4,3,0,0.0,13.66
28815,2881.5,3,0,0.0,13.67
28816,2881.6,3,0,0.0,13.7
28817,2881.7,3,0,0.0,13.7
28818,2881.8,3,0,0.0,13.68
28819,2881.9,3,0,0.0,13.69
28820,2882.0,2,1,0.0,13.6
28821,2882.1,2,0,0.0,13.61
28822,2882.2,2,0,0.0,13.58
28823,2882.3,2,0,0.0,13.56
28824,2882.4,2,0,0.0,13.52
28825,2882.5,2,0,0.0,13.59
28826,2882.6,2,0,0.0,13.61
28827,2882.7,2,0,0.0,13.57
28828,2882.8,2,0,0.0,13.6
28829,2882.9,1,1,0.0,13.93
28830,2883.0,2,0,0.0,13.96
28831,2883.1,2,0,0.0,13.94
28832,2883.2,2,0,0.0,13.93
28833,2883.3,2,0,0.0,13.9
28834,2883.4,2,0,0.0,13.93
28835,2883.5,2,0,0.0,13.95
28836,2883.6,1,1,0.0,13.97
28837,2883.7,1,0,0.0,13.89
28838,2883.8,1,0,0.0,13.92
28839,2883.9,1,0,0.0,13.91
28840,2884.0,1,0,0.0,13.89
28841,2884.1,1,0,0.0,13.98
28842,2884.2,1,0,0.0,13.9
28843,2884.3,1,0,0.0,13.9
28844,2884.4,1,0,0.0,13.88
28845,2884.5,1,0,0.0,13.96
28846,2884.6,2,0,0.0,13.97
28847,2884.7,2,0,0.0,13.95
28848,2884.8,2,0,0.0,13.96
28849,2884.9,2,0,0.0,13.94
28850,2885.0,2,0,0.0,13.93
28851,2885.1,2,0,0.0,13.94
28852,2885.2,2,0,0.0,13.98
28853,2885.3,2,0,0.0,13.94
28854,2885.4,2,0,0.0,13.93
28855,2885.5,2,0,0.0,13.95
28856,2885.6,2,0,0.0,13.92
28857,2885.7,2,0,0.0,13.9
28858,2885.8,2,0,0.0,13.92
28859,2885.9,2,0,0.0,13.95
28860,2886.0,2,0,0.0,13.94
28861,2886.1,2,0,0.0,13.92
28862,2886.2,2,0,0.0,13.99
28863,2886.3,2,0,0.0,13.95
28864,2886.4,2,0,0.0,13.88
28865,2886.5,2,0,0.0,13.91
28866,2886.6,2,0,0.0,13.94
28867,2886.7,2,0,0.0,13.96
28868,2886.8,2,0,0.0,13.91
28869,2886.9,2,0,0.0,13.95
28870,2887.0,2,0,0.0,13.95
28871,2887.1,2,0,0.0,13.93
28872,2887.2,3,0,0.0,13.98
28873,2887.3,3,0,0.0,13.95
28874,2887.4,3,0,0.0,14.0
28875,2887.5,3,0,0.0,13.91
28876,2887.6,3,0,0.0,13.94
28877,2887.7,3,0,0.0,13.93
28878,2887.8,3,0,0.0,13.89
28879,2887.9,3,0,0.0,13.93
28880,2888.0,4,0,0.0,13.93
28881,2888.1,3,1,0.0,13.93
28882,2888.2,3,0,0.0,13.93
28883,2888.3,3,0,0.0,13.94
28884,2888.4,3,0,0.0,13.96
28885,2888.5,4,0,0.0,12.92
28886,2888.6,3,1,0.0,12.63
28887,2888.7,3,0,0.0,12.64
28888,2888.8,3,0,0.0,12.62
28889,2888.9,3,0,0.0,12.62
28890,2889.0,3,0,0.0,12.65
28891,2889.1,3,0,0.0,12.6
28892,2889.2,3,0,0.0,12.62
28893,2889.3,3,0,0.0,12.61
28894,2889.4,3,0,0.0,12.61
28895,2889.5,3,0,0.0,12.61
28896,2889.6,3,0,0.0,12.62
28897,2889.7,3,0,0.0,12.6
28898,2889.8,3,0,0.0,12.61
28899,2889.9,3,0,0.0,12.59
28900,2890.0,3,0,0.0,12.6
28901,2890.1,3,0,0.0,12.59
28902,2890.2,3,0,0.0,12.65
28903,2890.3,4,0,0.0,12.01
28904,2890.4,4,0,0.0,12.02
28905,2890.5,4,0,0.0,12.01
28906,2890.6,4,0,0.0,12.02
28907,2890.7,3,1,0.0,11.38
28908,2890.8,3,0,0.0,11.34
28909,2890.9,3,0,0.0,11.34
28910,2891.0,3,0,0.0,11.31
28911,2891.1,3,0,0.0,11.37
28912,2891.2,3,0,0.0,11.36
28913,2891.3,3,0,0.0,11.36
28914,2891.4,4,0,0.0,11.0
28915,2891.5,4,0,0.0,10.99
28916,2891.6,3,1,0.0,11.33
28917,2891.7,3,0,0.0,11.33
28918,2891.8,3,0,0.0,11.38
28919,2891.9,3,0,0.0,11.36
28920,2892.0,3,0,0.0,11.34
28921,2892.1,3,0,0.0,11.34
28922,2892.2,3,0,0.0,11.33
28923,2892.3,3,0,0.0,11.33
28924,2892.4,3,0,0.0,11.35
28925,2892.5,3,0,0.0,11.34
28926,2892.6,3,0,0.0,11.34
28927,2892.7,3,0,0.0,11.32
28928,2892.8,3,0,0.0,11.34
28929,2892.9,4,0,0.0,11.39
28930,2893.0,4,0,0.0,11.37
28931,2893.1,4,0,0.0,11.35
28932,2893.2,4,0,0.0,11.38
28933,2893.3,4,0,0.0,11.37
28934,2893.4,4,0,0.0,11.39
28935,2893.5,4,0,0.0,11.38
28936,2893.6,3,1,0.0,11.31
28937,2893.7,3,0,0.0,11.33
28938,2893.8,2,1,0.0,9.97
28939,2893.9,2,0,0.0,9.99
28940,2894.0,2,0,0.0,10.01
28941,2894.1,2,0,0.0,10.03
28942,2894.2,2,0,0.0,10.0
28943,2894.3,2,0,0.0,9.97
28944,2894.4,2,0,0.0,9.95
28945,2894.5,2,0,0.0,9.98
28946,2894.6,2,0,0.0,9.98
28947,2894.7,2,0,0.0,9.99
28948,2894.8,2,0,0.0,10.0
28949,2894.9,2,0,0.0,9.98
28950,2895.0,2,0,0.0,10.0
28951,2895.1,2,0,0.0,10.0
28952,2895.2,2,0,0.0,9.99
28953,2895.3,2,0,0.0,10.0
28954,2895.4,2,0,0.0,10.01
28955,2895.5,2,0,0.0,10.01
28956,2895.6,2,0,0.0,9.96
28957,2895.7,2,0,0.0,9.97
28958,2895.8,2,0,0.0,9.95
28959,2895.9,4,0,0.0,11.67
28960,2896.0,4,0,0.0,11.63
28961,2896.1,4,0,0.0,11.6
28962,2896.2,4,0,0.0,11.63
28963,2896.3,4,0,0.0,11.64
28964,2896.4,4,0,0.0,11.64
28965,2896.5,4,0,0.0,11.64
28966,2896.6,4,0,0.0,11.62
28967,2896.7,4,0,0.0,11.61
28968,2896.8,4,0,0.0,11.64
28969,2896.9,4,0,0.0,11.64
28970,2897.0,4,0,0.0,11.66
28971,2897.1,4,0,0.0,11.61
28972,2897.2,4,0,0.0,11.67
28973,2897.3,4,0,0.0,11.63
28974,2897.4,4,0,0.0,11.61
28975,2897.5,4,0,0.0,11.65
28976,2897.6,4,0,0.0,11.6
28977,2897.7,4,0,0.0,11.62
28978,2897.8,4,0,0.0,11.61
28979,2897.9,5,0,0.0,11.95
28980,2898.0,5,0,0.0,11.94
28981,2898.1,5,0,0.0,11.92
28982,2898.2,5,0,0.0,11.93
28983,2898.3,5,0,0.0,11.95
28984,2898.4,5,0,0.0,11.92
28985,2898.5,4,1,0.0,11.63
28986,2898.6,4,0,0.0,11.59
28987,2898.7,4,0,0.0,11.6
28988,2898.8,4,0,0.0,11.6
28989,2898.9,4,0,0.0,11.63
28990,2899.0,4,0,0.0,11.58
28991,2899.1,4,0,0.0,11.65
28992,2899.2,4,0,0.0,11.63
28993,2899.3,4,0,0.0,11.63
28994,2899.4,4,0,0.0,11.64
28995,2899.5,4,0,0.0,11.59
28996,2899.6,4,0,0.0,11.6
28997,2899.7,3,1,0.0,11.32
28998,2899.8,3,0,0.0,11.29
28999,2899.9,3,0,0.0,11.28
29000,2900.0,3,0,0.0,11.29
29001,2900.1,4,0,0.0,10.94
29002,2900.2,4,0,0.0,10.96
29003,2900.3,4,0,0.0,10.98
29004,2900.4,4,0,0.0,10.98
29005,2900.5,4,0,0.0,10.97
29006,2900.6,4,0,0.0,10.97
29007,2900.7,3,1,0.0,11.32
29008,2900.8,3,0,0.0,11.38
29009,2900.9,3,0,0.0,11.44
29010,2901.0,3,0,0.0,11.5
29011,2901.1,3,0,0.0,11.59
29012,2901.2,3,0,0.0,11.65
29013,2901.3,3,0,0.0,11.74
29014,2901.4,3,0,0.0,11.81
29015,2901.5,3,0,0.0,11.87
29016,2901.6,4,0,0.0,12.46
29017,2901.7,4,0,0.0,12.48
29018,2901.8,4,0,0.0,12.52
29019,2901.9,4,0,0.0,12.54
29020,2902.0,4,0,0.0,12.6
29021,2902.1,4,0,0.0,12.64
29022,2902.2,4,0,0.0,12.72
29023,2902.3,4,0,0.0,12.79
29024,2902.4,4,0,0.0,12.83
29025,2902.5,4,0,0.0,12.89
29026,2902.6,3,1,0.0,12.64
29027,2902.7,3,0,0.0,12.62
29028,2902.8,3,0,0.0,12.64
29029,2902.9,4,0,0.0,12.65
29030,2903.0,4,0,0.0,12.66
29031,2903.1,4,0,0.0,12.63
29032,2903.2,4,0,0.0,12.66
29033,2903.3,4,0,0.0,12.61
29034,2903.4,4,0,0.0,12.66
29035,2903.5,3,1,0.0,12.62
29036,2903.6,3,0,0.0,12.6
29037,2903.7,3,0,0.0,12.59
29038,2903.8,3,0,0.0,12.65
29039,2903.9,3,0,0.0,12.62
29040,2904.0,3,0,0.0,12.6
29041,2904.1,3,0,0.0,12.61
29042,2904.2,3,0,0.0,12.65
29043,2904.3,3,0,0.0,12.63
29044,2904.4,2,1,0.0,13.96
29045,2904.5,2,0,0.0,13.94
29046,2904.6,3,0,0.0,13.98
29047,2904.7,3,0,0.0,13.93
29048,2904.8,3,0,0.0,13.94
29049,2904.9,3,0,0.0,13.93
29050,2905.0,3,0,0.0,13.96
29051,2905.1,2,1,0.0,13.91
29052,2905.2,2,0,0.0,13.9
29053,2905.3,2,0,0.0,13.94
29054,2905.4,2,0,0.0,13.97
29055,2905.5,2,0,0.0,13.9
29056,2905.6,2,0,0.0,13.89
29057,2905.7,2,0,0.0,13.95
29058,2905.8,2,0,0.0,13.95
29059,2905.9,2,0,0.0,13.89
29060,2906.0,2,0,0.0,13.9
29061,2906.1,2,0,0.0,13.9
29062,2906.2,2,0,0.0,13.95
29063,2906.3,2,0,0.0,13.93
29064,2906.4,2,0,0.0,13.95
29065,2906.5,2,0,0.0,13.97
29066,2906.6,2,0,0.0,13.93
29067,2906.7,2,0,0.0,13.92
29068,2906.8,2,0,0.0,13.92
29069,2906.9,2,0,0.0,13.91
29070,2907.0,2,0,0.0,13.96
29071,2907.1,2,0,0.0,13.94
29072,2907.2,2,0,0.0,13.98
29073,2907.3,3,0,0.0,13.94
29074,2907.4,3,0,0.0,13.95
29075,2907.5,3,0,0.0,13.95
29076,2907.6,3,0,0.0,13.93
29077,2907.7,3,0,0.0,13.97
29078,2907.8,3,0,0.0,13.94
29079,2907.9,4,0,0.0,13.95
29080,2908.0,4,0,0.0,13.95
29081,2908.1,3,1,0.0,13.92
29082,2908.2,3,0,0.0,13.93
29083,2908.3,3,0,0.0,13.97
29084,2908.4,3,0,0.0,13.91
29085,2908.5,2,1,0.0,13.92
29086,2908.6,2,0,0.0,13.93
29087,2908.7,2,0,0.0,13.97
29088,2908.8,2,0,0.0,13.93
29089,2908.9,2,0,0.0,13.96
29090,2909.0,2,0,0.0,13.94
29091,2909.1,2,0,0.0,13.95
29092,2909.2,2,0,0.0,13.95
29093,2909.3,2,0,0.0,13.94
29094,2909.4,2,0,0.0,13.94
29095,2909.5,2,0,0.0,13.91
29096,2909.6,2,0,0.0,13.93
29097,2909.7,2,0,0.0,13.89
29098,2909.8,2,0,0.0,13.92
29099,2909.9,2,0,0.0,13.95
29100,2910.0,2,0,0.0,13.93
29101,2910.1,2,0,0.0,13.9
29102,2910.2,2,0,0.0,13.95
29103,2910.3,2,0,0.0,13.91
29104,2910.4,2,0,0.0,13.95
29105,2910.5,2,0,0.0,13.92
29106,2910.6,2,0,0.0,13.91
29107,2910.7,2,0,0.0,13.98
29108,2910.8,1,1,0.0,13.92
29109,2910.9,1,0,0.0,13.98
29110,2911.0,1,0,0.0,13.94
29111,2911.1,1,0,0.0,13.9
29112,2911.2,1,0,0.0,13.97
29113,2911.3,1,0,0.0,13.92
29114,2911.4,1,0,0.0,13.92
29115,2911.5,1,0,0.0,13.97
29116,2911.6,1,0,0.0,13.95
29117,2911.7,1,0,0.0,13.95
29118,2911.8,1,0,0.0,13.93
29119,2911.9,1,0,0.0,13.99
29120,2912.0,1,0,0.0,13.89
29121,2912.1,1,0,0.0,13.99
29122,2912.2,1,0,0.0,13.98
29123,2912.3,1,0,0.0,13.95
29124,2912.4,1,0,0.0,13.91
29125,2912.5,1,0,0.0,13.92
29126,2912.6,1,0,0.0,13.97
29127,2912.7,1,0,0.0,13.97
29128,2912.8,1,0,0.0,13.96
29129,2912.9,2,0,0.0,13.94
29130,2913.0,3,0,0.0,13.95
29131,2913.1,3,0,0.0,13.94
29132,2913.2,3,0,0.0,13.96
29133,2913.3,4,0,0.0,13.99
29134,2913.4,4,0,0.0,13.91
29135,2913.5,3,1,0.0,13.93
29136,2913.6,3,0,0.0,13.91
29137,2913.7,3,0,0.0,13.92
29138,2913.8,3,0,0.0,13.95
29139,2913.9,3,0,0.0,13.92
29140,2914.0,3,0,0.0,13.92
29141,2914.1,3,0,0.0,13.96
29142,2914.2,3,0,0.0,13.93
29143,2914.3,3,0,0.0,13.89
29144,2914.4,3,0,0.0,13.93
29145,2914.5,3,0,0.0,13.97
29146,2914.6,3,0,0.0,13.95
29147,2914.7,3,0,0.0,13.97
29148,2914.8,3,0,0.0,13.95
29149,2914.9,3,0,0.0,13.97
29150,2915.0,3,0,0.0,13.97
29151,2915.1,3,0,0.0,13.96
29152,2915.2,3,0,0.0,13.91
29153,2915.3,3,0,0.0,13.94
29154,2915.4,3,0,0.0,13.97
29155,2915.5,3,0,0.0,13.93
29156,2915.6,3,0,0.0,13.94
29157,2915.7,3,0,0.0,13.94
29158,2915.8,3,0,0.0,13.92
29159,2915.9,3,0,0.0,13.91
29160,2916.0,3,0,0.0,13.92
29161,2916.1,3,0,0.0,13.96
29162,2916.2,3,0,0.0,13.9
29163,2916.3,3,0,0.0,13.91
29164,2916.4,3,0,0.0,13.9
29165,2916.5,2,1,0.0,13.88
29166,2916.6,2,0,0.0,13.9
29167,2916.7,2,0,0.0,13.97
29168,2916.8,1,1,0.0,13.95
29169,2916.9,1,0,0.0,13.88
29170,2917.0,1,0,0.0,13.88
29171,2917.1,1,0,0.0,13.98
29172,2917.2,1,0,0.0,14.0
29173,2917.3,1,0,0.0,13.9
29174,2917.4,1,0,0.0,13.98
29175,2917.5,1,0,0.0,13.95
29176,2917.6,1,0,0.0,13.94
29177,2917.7,1,0,0.0,13.96
29178,2917.8,2,0,0.0,13.98
29179,2917.9,2,0,0.0,13.94
29180,2918.0,2,0,0.0,13.89
29181,2918.1,2,0,0.0,13.95
29182,2918.2,2,0,0.0,13.93
29183,2918.3,2,0,0.0,13.91
29184,2918.4,1,1,0.0,13.96
29185,2918.5,1,0,0.0,13.9
29186,2918.6,2,0,0.0,13.98
29187,2918.7,2,0,0.0,13.92
29188,2918.8,2,0,0.0,13.92
29189,2918.9,2,0,0.0,13.94
29190,2919.0,2,0,0.0,13.92
29191,2919.1,2,0,0.0,13.93
29192,2919.2,2,0,0.0,13.93
29193,2919.3,2,0,0.0,13.96
29194,2919.4,2,0,0.0,13.94
29195,2919.5,2,0,0.0,13.93
29196,2919.6,2,0,0.0,13.92
29197,2919.7,2,0,0.0,13.93
29198,2919.8,3,0,0.0,12.6
29199,2919.9,3,0,0.0,12.6
29200,2920.0,2,1,0.0,13.93
29201,2920.1,2,0,0.0,13.94
29202,2920.2,2,0,0.0,13.95
29203,2920.3,2,0,0.0,13.95
29204,2920.4,2,0,0.0,13.98
29205,2920.5,2,0,0.0,13.9
29206,2920.6,2,0,0.0,13.91
29207,2920.7,2,0,0.0,13.9
29208,2920.8,2,0,0.0,13.9
29209,2920.9,2,0,0.0,13.92
29210,2921.0,2,0,0.0,13.88
29211,2921.1,2,0,0.0,13.91
29212,2921.2,2,0,0.0,13.91
29213,2921.3,2,0,0.0,13.94
29214,2921.4,2,0,0.0,13.91
29215,2921.5,2,0,0.0,13.91
29216,2921.6,2,0,0.0,13.92
29217,2921.7,2,0,0.0,13.98
29218,2921.8,2,0,0.0,13.95
29219,2921.9,2,0,0.0,13.91
29220,2922.0,3,0,0.0,13.49
29221,2922.1,3,0,0.0,13.5
29222,2922.2,2,1,0.0,13.27
29223,2922.3,2,0,0.0,13.22
29224,2922.4,2,0,0.0,13.19
29225,2922.5,2,0,0.0,13.24
29226,2922.6,2,0,0.0,13.25
29227,2922.7,2,0,0.0,13.21
29228,2922.8,3,0,0.0,13.48
29229,2922.9,3,0,0.0,13.45
29230,2923.0,3,0,0.0,13.44
29231,2923.1,3,0,0.0,13.44
29232,2923.2,3,0,0.0,13.45
29233,2923.3,3,0,0.0,13.47
29234,2923.4,2,1,0.0,13.23
29235,2923.5,2,0,0.0,13.24
29236,2923.6,2,0,0.0,13.27
29237,2923.7,2,0,0.0,13.22
29238,2923.8,2,0,0.0,13.26
29239,2923.9,2,0,0.0,13.22
29240,2924.0,2,0,0.0,13.25
29241,2924.1,2,0,0.0,13.2
29242,2924.2,2,0,0.0,13.22
29243,2924.3,3,0,0.0,12.66
29244,2924.4,3,0,0.0,12.61
29245,2924.5,3,0,0.0,12.64
29246,2924.6,3,0,0.0,12.62
29247,2924.7,3,0,0.0,12.66
29248,2924.8,3,0,0.0,12.59
29249,2924.9,3,0,0.0,12.63
29250,2925.0,3,0,0.0,12.59
29251,2925.1,3,0,0.0,12.64
29252,2925.2,3,0,0.0,12.66
29253,2925.3,3,0,0.0,12.61
29254,2925.4,3,0,0.0,12.62
29255,2925.5,3,0,0.0,12.63
29256,2925.6,3,0,0.0,12.67
29257,2925.7,3,0,0.0,12.64
29258,2925.8,2,1,0.0,12.71
29259,2925.9,2,0,0.0,12.63
29260,2926.0,2,0,0.0,12.64
29261,2926.1,2,0,0.0,12.66
29262,2926.2,2,0,0.0,12.68
29263,2926.3,2,0,0.0,12.67
29264,2926.4,2,0,0.0,12.68
29265,2926.5,2,0,0.0,12.68
29266,2926.6,2,0,0.0,12.66
29267,2926.7,2,0,0.0,12.68
29268,2926.8,2,0,0.0,12.71
29269,2926.9,2,0,0.0,12.69
29270,2927.0,2,0,0.0,12.62
29271,2927.1,2,0,0.0,12.7
29272,2927.2,2,0,0.0,12.67
29273,2927.3,2,0,0.0,12.68
29274,2927.4,2,0,0.0,12.68
29275,2927.5,2,0,0.0,12.66
29276,2927.6,2,0,0.0,12.7
29277,2927.7,2,0,0.0,12.68
29278,2927.8,2,1,0.0,12.7
29279,2927.9,2,0,0.0,12.67
29280,2928.0,2,0,0.0,12.64
29281,2928.1,2,0,0.0,12.7
29282,2928.2,2,0,0.0,12.69
29283,2928.3,2,0,0.0,12.64
29284,2928.4,1,1,0.0,11.34
29285,2928.5,1,0,0.0,11.34
29286,2928.6,1,0,0.0,11.36
29287,2928.7,1,0,0.0,11.33
29288,2928.8,1,0,0.0,11.35
29289,2928.9,1,0,0.0,11.43
29290,2929.0,1,0,0.0,11.4
29291,2929.1,1,0,0.0,11.39
29292,2929.2,1,0,0.0,11.45
29293,2929.3,1,0,0.0,11.36
29294,2929.4,1,0,0.0,11.39
29295,2929.5,1,0,0.0,11.39
29296,2929.6,1,0,0.0,11.39
29297,2929.7,1,0,0.0,11.43
29298,2929.8,1,0,0.0,11.37
29299,2929.9,1,0,0.0,11.33
29300,2930.0,2,0,0.0,12.46
29301,2930.1,2,0,0.0,12.44
29302,2930.2,2,0,0.0,12.42
29303,2930.3,2,0,0.0,12.41
29304,2930.4,2,0,0.0,12.43
29305,2930.5,2,0,0.0,12.45
29306,2930.6,2,0,0.0,12.41
29307,2930.7,3,0,0.0,12.94
29308,2930.8,3,0,0.0,12.93
29309,2930.9,3,0,0.0,12.94
29310,2931.0,4,0,0.0,12.1
29311,2931.1,4,0,0.0,12.07
29312,2931.2,4,0,0.0,12.09
29313,2931.3,4,0,0.0,12.15
29314,2931.4,4,0,0.0,12.13
29315,2931.5,4,0,0.0,12.15
29316,2931.6,4,0,0.0,12.17
29317,2931.7,4,0,0.0,12.2
29318,2931.8,4,0,0.0,12.19
29319,2931.9,4,0,0.0,12.2
29320,2932.0,4,0,0.0,12.19
29321,2932.1,4,0,0.0,12.2
29322,2932.2,4,0,0.0,12.18
29323,2932.3,4,0,0.0,12.19
29324,2932.4,4,0,0.0,12.16
29325,2932.5,4,0,0.0,12.2
29326,2932.6,4,0,0.0,12.16
29327,2932.7,4,0,0.0,12.21
29328,2932.8,5,0,0.0,12.56
29329,2932.9,5,0,0.0,12.55
29330,2933.0,5,0,0.0,12.55
29331,2933.1,5,0,0.0,12.54
29332,2933.2,5,0,0.0,12.56
29333,2933.3,5,0,0.0,12.54
29334,2933.4,4,1,0.0,12.15
29335,2933.5,4,0,0.0,12.19
29336,2933.6,4,0,0.0,12.17
29337,2933.7,4,0,0.0,12.19
29338,2933.8,4,0,0.0,12.17
29339,2933.9,4,0,0.0,12.17
29340,2934.0,4,0,0.0,12.19
29341,2934.1,4,0,0.0,12.19
29342,2934.2,3,1,0.0,11.6
29343,2934.3,3,0,0.0,11.6
29344,2934.4,3,0,0.0,11.59
29345,2934.5,3,0,0.0,11.6
29346,2934.6,3,0,0.0,11.6
29347,2934.7,3,0,0.0,11.57
29348,2934.8,3,0,0.0,11.62
29349,2934.9,3,0,0.0,11.62
29350,2935.0,3,0,0.0,11.61
29351,2935.1,3,0,0.0,11.59
29352,2935.2,3,0,0.0,11.6
29353,2935.3,3,0,0.0,11.6
29354,2935.4,3,0,0.0,11.61
29355,2935.5,2,1,0.0,11.72
29356,2935.6,2,0,0.0,11.7
29357,2935.7,3,0,0.0,12.47
29358,2935.8,3,0,0.0,12.43
29359,2935.9,3,0,0.0,12.48
29360,2936.0,3,0,0.0,12.47
29361,2936.1,3,0,0.0,12.45
29362,2936.2,3,0,0.0,12.46
29363,2936.3,3,0,0.0,12.42
29364,2936.4,3,0,0.0,12.43
29365,2936.5,3,0,0.0,12.46
29366,2936.6,3,0,0.0,12.41
29367,2936.7,3,0,0.0,12.46
29368,2936.8,3,0,0.0,12.45
29369,2936.9,3,0,0.0,12.41
29370,2937.0,3,0,0.0,12.45
29371,2937.1,3,0,0.0,12.43
29372,2937.2,3,0,0.0,12.43
29373,2937.3,3,0,0.0,12.45
29374,2937.4,3,0,0.0,12.47
29375,2937.5,3,0,0.0,12.41
29376,2937.6,3,0,0.0,12.47
29377,2937.7,3,0,0.0,12.41
29378,2937.8,4,0,0.0,12.85
29379,2937.9,4,0,0.0,12.82
29380,2938.0,4,0,0.0,12.83
29381,2938.1,4,0,0.0,12.83
29382,2938.2,4,0,0.0,12.82
29383,2938.3,4,0,0.0,12.82
29384,2938.4,3,1,0.0,12.44
29385,2938.5,3,0,0.0,12.46
29386,2938.6,3,0,0.0,12.46
29387,2938.7,3,0,0.0,12.45
29388,2938.8,3,0,0.0,12.46
29389,2938.9,3,0,0.0,12.45
29390,2939.0,3,0,0.0,12.44
29391,2939.1,3,0,0.0,12.48
29392,2939.2,3,0,0.0,12.47
29393,2939.3,3,0,0.0,12.45
29394,2939.4,4,0,0.0,12.4
29395,2939.5,3,1,0.0,11.98
29396,2939.6,3,0,0.0,12.0
29397,2939.7,3,0,0.0,11.99
29398,2939.8,3,0,0.0,11.92
29399,2939.9,3,0,0.0,11.92
29400,2940.0,3,0,0.0,11.92
29401,2940.1,3,0,0.0,11.85
29402,2940.2,3,0,0.0,11.85
29403,2940.3,3,0,0.0,11.81
29404,2940.4,3,0,0.0,11.78
29405,2940.5,3,0,0.0,11.73
29406,2940.6,3,0,0.0,11.69
29407,2940.7,3,0,0.0,11.66
29408,2940.8,3,0,0.0,11.67
29409,2940.9,3,0,0.0,11.61
29410,2941.0,3,0,0.0,11.61
29411,2941.1,3,0,0.0,11.62
29412,2941.2,3,0,0.0,11.56
29413,2941.3,3,0,0.0,11.55
29414,2941.4,4,0,0.0,11.89
29415,2941.5,4,0,0.0,11.87
29416,2941.6,4,0,0.0,11.82
29417,2941.7,4,0,0.0,11.82
29418,2941.8,4,0,0.0,11.83
29419,2941.9,4,0,0.0,11.79
29420,2942.0,4,0,0.0,11.77
29421,2942.1,4,0,0.0,11.77
29422,2942.2,4,0,0.0,11.72
29423,2942.3,4,0,0.0,11.72
29424,2942.4,4,0,0.0,11.72
29425,2942.5,4,0,0.0,11.7
29426,2942.6,4,0,0.0,11.71
29427,2942.7,5,0,0.0,12.15
29428,2942.8,5,0,0.0,12.12
29429,2942.9,5,0,0.0,12.12
29430,2943.0,5,0,0.0,12.12
29431,2943.1,5,0,0.0,12.09
29432,2943.2,5,0,0.0,12.1
29433,2943.3,3,2,0.0,12.15
29434,2943.4,2,1,0.0,12.33
29435,2943.5,2,0,0.0,12.38
29436,2943.6,2,0,0.0,12.5
29437,2943.7,2,0,0.0,12.61
29438,2943.8,2,0,0.0,12.73
29439,2943.9,2,0,0.0,12.82
29440,2944.0,2,0,0.0,12.92
29441,2944.1,2,0,0.0,13.04
29442,2944.2,2,0,0.0,13.09
29443,2944.3,2,0,0.0,13.24
29444,2944.4,2,0,0.0,13.3
29445,2944.5,2,0,0.0,13.38
29446,2944.6,2,0,0.0,13.42
29447,2944.7,2,0,0.0,13.41
29448,2944.8,2,0,0.0,13.48
29449,2944.9,2,0,0.0,13.43
29450,2945.0,2,0,0.0,13.46
29451,2945.1,2,0,0.0,13.41
29452,2945.2,2,0,0.0,13.48
29453,2945.3,1,1,0.0,12.91
29454,2945.4,1,0,0.0,12.97
29455,2945.5,1,0,0.0,12.9
29456,2945.6,1,0,0.0,12.89
29457,2945.7,1,0,0.0,13.01
29458,2945.8,1,0,0.0,13.0
29459,2945.9,1,0,0.0,12.98
29460,2946.0,1,0,0.0,12.93
29461,2946.1,1,0,0.0,12.95
29462,2946.2,1,0,0.0,12.93
29463,2946.3,1,0,0.0,12.91
29464,2946.4,1,0,0.0,12.9
29465,2946.5,1,0,0.0,13.0
29466,2946.6,1,0,0.0,12.96
29467,2946.7,1,0,0.0,12.95
29468,2946.8,1,0,0.0,12.91
29469,2946.9,1,0,0.0,12.97
29470,2947.0,2,0,0.0,13.39
29471,2947.1,2,0,0.0,13.35
29472,2947.2,2,0,0.0,13.35
29473,2947.3,2,0,0.0,13.34
29474,2947.4,2,0,0.0,13.35
29475,2947.5,2,0,0.0,13.31
29476,2947.6,2,0,0.0,13.28
29477,2947.7,3,0,0.0,13.1
29478,2947.8,3,0,0.0,13.11
29479,2947.9,3,0,0.0,13.07
29480,2948.0,3,0,0.0,13.09
29481,2948.1,4,0,0.0,13.23
29482,2948.2,4,0,0.0,13.27
29483,2948.3,4,1,0.0,12.61
29484,2948.4,4,0,0.0,12.61
29485,2948.5,3,1,0.0,13.49
29486,2948.6,3,0,0.0,13.52
29487,2948.7,3,0,0.0,13.5
29488,2948.8,3,0,0.0,13.49
29489,2948.9,3,0,0.0,13.48
29490,2949.0,3,0,0.0,13.51
29491,2949.1,3,0,0.0,13.48
29492,2949.2,3,0,0.0,13.49
29493,2949.3,3,0,0.0,13.44
29494,2949.4,3,0,0.0,13.47
29495,2949.5,3,0,0.0,13.52
29496,2949.6,3,0,0.0,13.47
29497,2949.7,3,0,0.0,13.49
29498,2949.8,3,0,0.0,13.48
29499,2949.9,3,0,0.0,13.46
29500,2950.0,3,0,0.0,13.48
29501,2950.1,3,0,0.0,13.49
29502,2950.2,3,0,0.0,13.5
29503,2950.3,3,0,0.0,13.46
29504,2950.4,3,0,0.0,13.52
29505,2950.5,3,0,0.0,13.49
29506,2950.6,3,0,0.0,13.49
29507,2950.7,3,0,0.0,13.49
29508,2950.8,3,0,0.0,13.46
29509,2950.9,3,0,0.0,13.47
29510,2951.0,3,0,0.0,13.48
29511,2951.1,3,0,0.0,13.48
29512,2951.2,3,0,0.0,13.46
29513,2951.3,2,1,0.0,13.78
29514,2951.4,2,0,0.0,13.73
29515,2951.5,2,0,0.0,13.71
29516,2951.6,1,1,0.0,13.78
29517,2951.7,1,0,0.0,13.71
29518,2951.8,1,0,0.0,13.79
29519,2951.9,1,0,0.0,13.72
29520,2952.0,1,0,0.0,13.77
29521,2952.1,1,0,0.0,13.75
29522,2952.2,1,0,0.0,13.77
29523,2952.3,1,0,0.0,13.76
29524,2952.4,1,0,0.0,13.68
29525,2952.5,1,0,0.0,13.72
29526,2952.6,1,0,0.0,13.7
29527,2952.7,3,0,0.0,12.69
29528,2952.8,3,0,0.0,12.66
29529,2952.9,3,0,0.0,12.63
29530,2953.0,3,0,0.0,12.65
29531,2953.1,3,0,0.0,12.63
29532,2953.2,3,0,0.0,12.69
29533,2953.3,2,1,0.0,12.52
29534,2953.4,2,0,0.0,12.58
29535,2953.5,2,0,0.0,12.58
29536,2953.6,2,0,0.0,12.57
29537,2953.7,2,0,0.0,12.56
29538,2953.8,2,0,0.0,12.56
29539,2953.9,2,0,0.0,12.55
29540,2954.0,2,0,0.0,12.57
29541,2954.1,2,0,0.0,12.52
29542,2954.2,2,0,0.0,12.56
29543,2954.3,2,0,0.0,12.57
29544,2954.4,2,0,0.0,12.53
29545,2954.5,2,0,0.0,12.58
29546,2954.6,2,0,0.0,12.54
29547,2954.7,2,0,0.0,12.49
29548,2954.8,2,0,0.0,12.56
29549,2954.9,2,0,0.0,12.53
29550,2955.0,2,0,0.0,12.55
29551,2955.1,2,0,0.0,12.59
29552,2955.2,2,0,0.0,12.52
29553,2955.3,2,0,0.0,12.52
29554,2955.4,2,0,0.0,12.53
29555,2955.5,2,0,0.0,12.58
29556,2955.6,2,0,0.0,12.52
29557,2955.7,2,0,0.0,12.5
29558,2955.8,2,0,0.0,12.58
29559,2955.9,2,0,0.0,12.52
29560,2956.0,2,0,0.0,12.55
29561,2956.1,2,0,0.0,12.59
29562,2956.2,2,0,0.0,12.54
29563,2956.3,1,1,0.0,11.3
29564,2956.4,1,0,0.0,11.36
29565,2956.5,1,0,0.0,11.31
29566,2956.6,1,0,0.0,11.42
29567,2956.7,1,0,0.0,11.4
29568,2956.8,2,0,0.0,12.21
29569,2956.9,2,0,0.0,12.16
29570,2957.0,2,0,0.0,12.2
29571,2957.1,2,0,0.0,12.2
29572,2957.2,2,0,0.0,12.16
29573,2957.3,2,0,0.0,12.12
29574,2957.4,2,0,0.0,12.18
29575,2957.5,2,0,0.0,12.2
29576,2957.6,2,0,0.0,12.16
29577,2957.7,3,0,0.0,11.52
29578,2957.8,3,0,0.0,11.51
29579,2957.9,3,0,0.0,11.47
29580,2958.0,3,0,0.0,11.45
29581,2958.1,3,0,0.0,11.45
29582,2958.2,3,0,0.0,11.5
29583,2958.3,3,0,0.0,11.48
29584,2958.4,4,0,0.0,12.1
29585,2958.5,3,1,0.0,12.75
29586,2958.6,3,0,0.0,12.76
29587,2958.7,3,0,0.0,12.73
29588,2958.8,3,0,0.0,12.76
29589,2958.9,3,0,0.0,12.78
29590,2959.0,3,0,0.0,12.79
29591,2959.1,3,0,0.0,12.77
29592,2959.2,3,0,0.0,12.76
29593,2959.3,3,0,0.0,12.74
29594,2959.4,3,0,0.0,12.74
29595,2959.5,3,0,0.0,12.75
29596,2959.6,3,0,0.0,12.75
29597,2959.7,3,0,0.0,12.77
29598,2959.8,3,0,0.0,12.75
29599,2959.9,3,0,0.0,12.76
29600,2960.0,3,0,0.0,12.75
29601,2960.1,3,0,0.0,12.74
29602,2960.2,3,0,0.0,12.73
29603,2960.3,3,0,0.0,12.76
29604,2960.4,3,0,0.0,12.79
29605,2960.5,2,1,0.0,12.68
29606,2960.6,2,0,0.0,12.67
29607,2960.7,2,0,0.0,12.62
29608,2960.8,2,0,0.0,12.64
29609,2960.9,2,0,0.0,12.66
29610,2961.0,2,0,0.0,12.62
29611,2961.1,2,0,0.0,12.6
29612,2961.2,2,0,0.0,12.63
29613,2961.3,2,0,0.0,12.65
29614,2961.4,2,0,0.0,12.61
29615,2961.5,2,0,0.0,12.63
29616,2961.6,2,0,0.0,12.65
29617,2961.7,2,0,0.0,12.68
29618,2961.8,2,0,0.0,12.65
29619,2961.9,2,0,0.0,12.7
29620,2962.0,2,0,0.0,12.61
29621,2962.1,2,0,0.0,12.68
29622,2962.2,2,0,0.0,12.61
29623,2962.3,2,0,0.0,12.63
29624,2962.4,2,0,0.0,12.65
29625,2962.5,2,0,0.0,12.66
29626,2962.6,2,0,0.0,12.66
29627,2962.7,3,0,0.0,13.08
29628,2962.8,3,0,0.0,13.07
29629,2962.9,3,0,0.0,13.05
29630,2963.0,3,0,0.0,13.09
29631,2963.1,3,0,0.0,13.07
29632,2963.2,3,0,0.0,13.06
29633,2963.3,2,1,0.0,12.62
29634,2963.4,2,0,0.0,12.62
29635,2963.5,2,0,0.0,12.64
29636,2963.6,2,0,0.0,12.64
29637,2963.7,2,0,0.0,12.67
29638,2963.8,2,0,0.0,12.63
29639,2963.9,1,1,0.0,13.9
29640,2964.0,1,0,0.0,13.95
29641,2964.1,2,0,0.0,13.94
29642,2964.2,2,0,0.0,13.91
29643,2964.3,2,0,0.0,13.91
29644,2964.4,2,0,0.0,13.95
29645,2964.5,2,0,0.0,13.88
29646,2964.6,2,0,0.0,13.94
29647,2964.7,2,0,0.0,13.94
29648,2964.8,2,0,0.0,13.94
29649,2964.9,2,0,0.0,13.91
29650,2965.0,2,0,0.0,13.94
29651,2965.1,2,0,0.0,13.93
29652,2965.2,2,0,0.0,13.89
29653,2965.3,2,0,0.0,13.96
29654,2965.4,2,0,0.0,13.97
29655,2965.5,3,0,0.0,13.94
29656,2965.6,3,0,0.0,13.93
29657,2965.7,3,0,0.0,13.96
29658,2965.8,3,0,0.0,13.91
29659,2965.9,3,0,0.0,13.94
29660,2966.0,3,0,0.0,13.96
29661,2966.1,3,0,0.0,13.93
29662,2966.2,3,0,0.0,13.98
29663,2966.3,3,0,0.0,13.95
29664,2966.4,3,0,0.0,13.95
29665,2966.5,3,0,0.0,13.98
29666,2966.6,3,0,0.0,13.9
29667,2966.7,3,0,0.0,13.94
29668,2966.8,3,0,0.0,13.93
29669,2966.9,3,0,0.0,13.95
29670,2967.0,3,0,0.0,13.98
29671,2967.1,3,0,0.0,13.92
29672,2967.2,3,0,0.0,13.93
29673,2967.3,3,0,0.0,13.94
29674,2967.4,3,0,0.0,13.9
29675,2967.5,3,0,0.0,13.9
29676,2967.6,3,1,0.0,13.77
29677,2967.7,3,0,0.0,13.75
29678,2967.8,3,0,0.0,13.77
29679,2967.9,3,0,0.0,13.73
29680,2968.0,3,0,0.0,13.78
29681,2968.1,3,0,0.0,13.75
29682,2968.2,2,1,0.0,13.94
29683,2968.3,2,0,0.0,13.99
29684,2968.4,2,0,0.0,13.92
29685,2968.5,2,0,0.0,13.95
29686,2968.6,2,0,0.0,13.94
29687,2968.7,2,0,0.0,13.96
29688,2968.8,2,0,0.0,13.98
29689,2968.9,2,0,0.0,13.93
29690,2969.0,1,1,0.0,13.88
29691,2969.1,1,0,0.0,13.89
29692,2969.2,1,0,0.0,13.89
29693,2969.3,1,0,0.0,13.87
29694,2969.4,1,0,0.0,14.0
29695,2969.5,1,0,0.0,13.9
29696,2969.6,1,0,0.0,13.99
29697,2969.7,2,0,0.0,13.95
29698,2969.8,2,0,0.0,13.96
29699,2969.9,2,0,0.0,13.94
29700,2970.0,2,0,0.0,13.89
29701,2970.1,2,0,0.0,13.95
29702,2970.2,2,0,0.0,13.91
29703,2970.3,2,0,0.0,13.91
29704,2970.4,2,0,0.0,13.93
29705,2970.5,2,0,0.0,13.92
29706,2970.6,2,0,0.0,13.91
29707,2970.7,2,0,0.0,13.93
29708,2970.8,2,0,0.0,13.95
29709,2970.9,2,0,0.0,13.91
29710,2971.0,2,0,0.0,13.93
29711,2971.1,2,0,0.0,13.95
29712,2971.2,2,0,0.0,13.93
29713,2971.3,2,0,0.0,13.91
29714,2971.4,2,0,0.0,13.91
29715,2971.5,2,0,0.0,13.93
29716,2971.6,2,0,0.0,13.96
29717,2971.7,2,0,0.0,13.9
29718,2971.8,2,0,0.0,13.91
29719,2971.9,2,0,0.0,13.95
29720,2972.0,2,0,0.0,13.93
29721,2972.1,2,0,0.0,13.93
29722,2972.2,3,0,0.0,12.63
29723,2972.3,3,0,0.0,12.61
29724,2972.4,3,0,0.0,12.65
29725,2972.5,3,0,0.0,12.6
29726,2972.6,4,0,0.0,12.51
29727,2972.7,4,0,0.0,12.46
29728,2972.8,4,0,0.0,12.47
29729,2972.9,4,0,0.0,12.48
29730,2973.0,4,0,0.0,12.47
29731,2973.1,4,0,0.0,12.47
29732,2973.2,3,1,0.0,12.61
29733,2973.3,2,1,0.0,11.98
29734,2973.4,2,0,0.0,11.97
29735,2973.5,2,0,0.0,11.96
29736,2973.6,2,0,0.0,11.96
29737,2973.7,2,0,0.0,11.96
29738,2973.8,2,0,0.0,11.93
29739,2973.9,2,0,0.0,11.97
29740,2974.0,2,0,0.0,11.92
29741,2974.1,2,0,0.0,11.96
29742,2974.2,3,0,0.0,11.91
29743,2974.3,3,0,0.0,11.87
29744,2974.4,3,0,0.0,11.91
29745,2974.5,3,0,0.0,11.89
29746,2974.6,3,0,0.0,11.87
29747,2974.7,3,0,0.0,11.88
29748,2974.8,3,0,0.0,11.88
29749,2974.9,3,0,0.0,11.87
29750,2975.0,3,0,0.0,11.87
29751,2975.1,3,0,0.0,11.87
29752,2975.2,3,0,0.0,11.85
29753,2975.3,3,0,0.0,11.87
29754,2975.4,4,0,0.0,12.18
29755,2975.5,4,0,0.0,12.19
29756,2975.6,4,0,0.0,12.2
29757,2975.7,4,0,0.0,12.2
29758,2975.8,4,0,0.0,12.19
29759,2975.9,4,0,0.0,12.21
29760,2976.0,4,0,0.0,12.18
29761,2976.1,4,0,0.0,12.21
29762,2976.2,4,0,0.0,12.22
29763,2976.3,4,0,0.0,12.21
29764,2976.4,4,0,0.0,12.21
29765,2976.5,5,0,0.0,11.76
29766,2976.6,5,0,0.0,11.71
29767,2976.7,4,1,0.0,12.16
29768,2976.8,4,0,0.0,12.15
29769,2976.9,4,0,0.0,12.16
29770,2977.0,4,0,0.0,12.09
29771,2977.1,4,0,0.0,12.11
29772,2977.2,4,0,0.0,12.07
29773,2977.3,4,0,0.0,12.08
29774,2977.4,4,0,0.0,12.01
29775,2977.5,4,0,0.0,12.01
29776,2977.6,5,0,0.0,12.33
29777,2977.7,5,0,0.0,12.32
29778,2977.8,5,0,0.0,12.31
29779,2977.9,5,0,0.0,12.31
29780,2978.0,5,0,0.0,12.31
29781,2978.1,5,0,0.0,12.28
29782,2978.2,4,1,0.0,11.94
29783,2978.3,3,1,0.0,12.0
29784,2978.4,3,0,0.0,11.95
29785,2978.5,3,0,0.0,11.93
29786,2978.6,3,0,0.0,11.88
29787,2978.7,3,0,0.0,11.88
29788,2978.8,3,0,0.0,11.83
29789,2978.9,2,1,0.0,10.85
29790,2979.0,2,0,0.0,10.81
29791,2979.1,2,0,0.0,10.76
29792,2979.2,2,0,0.0,10.74
29793,2979.3,2,0,0.0,10.72
29794,2979.4,2,0,0.0,10.71
29795,2979.5,2,0,0.0,10.7
29796,2979.6,2,0,0.0,10.68
29797,2979.7,2,0,0.0,10.62
29798,2979.8,2,0,0.0,10.63
29799,2979.9,2,0,0.0,10.62
29800,2980.0,2,0,0.0,10.58
29801,2980.1,2,0,0.0,10.57
29802,2980.2,2,0,0.0,10.57
29803,2980.3,2,0,0.0,10.56
29804,2980.4,2,0,0.0,10.52
29805,2980.5,2,0,0.0,10.48
29806,2980.6,2,0,0.0,10.53
29807,2980.7,2,0,0.0,10.49
29808,2980.8,2,0,0.0,10.42
29809,2980.9,2,0,0.0,10.45
29810,2981.0,2,0,0.0,10.39
29811,2981.1,3,0,0.0,11.22
29812,2981.2,3,0,0.0,11.24
29813,2981.3,3,0,0.0,11.21
29814,2981.4,3,0,0.0,11.19
29815,2981.5,3,0,0.0,11.17
29816,2981.6,3,0,0.0,11.17
29817,2981.7,3,0,0.0,11.2
29818,2981.8,3,0,0.0,11.17
29819,2981.9,3,0,0.0,11.15
29820,2982.0,3,0,0.0,11.14
29821,2982.1,3,0,0.0,11.16
29822,2982.2,3,0,0.0,11.14
29823,2982.3,3,0,0.0,11.11
29824,2982.4,3,0,0.0,11.11
29825,2982.5,3,0,0.0,11.14
29826,2982.6,4,0,0.0,11.07
29827,2982.7,4,0,0.0,11.04
29828,2982.8,4,0,0.0,11.03
29829,2982.9,5,0,0.0,11.56
29830,2983.0,5,0,0.0,11.52
29831,2983.1,5,0,0.0,11.49
29832,2983.2,5,0,0.0,11.52
29833,2983.3,4,1,0.0,11.66
29834,2983.4,4,0,0.0,11.68
29835,2983.5,4,0,0.0,11.66
29836,2983.6,4,0,0.0,11.62
29837,2983.7,4,0,0.0,11.61
29838,2983.8,4,0,0.0,11.63
29839,2983.9,4,0,0.0,11.63
29840,2984.0,4,0,0.0,11.64
29841,2984.1,4,0,0.0,11.65
29842,2984.2,4,0,0.0,11.62
29843,2984.3,4,0,0.0,11.6
29844,2984.4,3,1,0.0,12.15
29845,2984.5,3,0,0.0,12.23
29846,2984.6,3,0,0.0,12.29
29847,2984.7,3,0,0.0,12.35
29848,2984.8,3,0,0.0,12.42
29849,2984.9,3,0,0.0,12.48
29850,2985.0,3,0,0.0,12.52
29851,2985.1,3,0,0.0,12.64
29852,2985.2,3,0,0.0,12.67
29853,2985.3,3,0,0.0,12.78
29854,2985.4,3,0,0.0,12.79
29855,2985.5,3,0,0.0,12.88
29856,2985.6,3,0,0.0,12.98
29857,2985.7,3,0,0.0,12.98
29858,2985.8,3,0,0.0,13.07
29859,2985.9,3,0,0.0,13.09
29860,2986.0,3,0,0.0,13.09
29861,2986.1,3,0,0.0,13.12
29862,2986.2,3,0,0.0,13.11
29863,2986.3,3,0,0.0,13.15
29864,2986.4,2,1,0.0,13.13
29865,2986.5,1,1,0.0,12.77
29866,2986.6,1,0,0.0,12.77
29867,2986.7,1,0,0.0,12.84
29868,2986.8,2,0,0.0,13.41
29869,2986.9,2,0,0.0,13.35
29870,2987.0,2,0,0.0,13.4
29871,2987.1,2,0,0.0,13.41
29872,2987.2,2,0,0.0,13.41
29873,2987.3,2,0,0.0,13.35
29874,2987.4,2,0,0.0,13.38
29875,2987.5,3,0,0.0,13.53
29876,2987.6,3,0,0.0,13.53
29877,2987.7,3,0,0.0,13.52
29878,2987.8,3,0,0.0,13.48
29879,2987.9,3,0,0.0,13.48
29880,2988.0,3,0,0.0,13.5
29881,2988.1,2,1,0.0,13.41
29882,2988.2,2,0,0.0,13.39
29883,2988.3,2,0,0.0,13.34
29884,2988.4,2,0,0.0,13.34
29885,2988.5,2,0,0.0,13.36
29886,2988.6,2,0,0.0,13.37
29887,2988.7,2,0,0.0,13.34
29888,2988.8,2,0,0.0,13.4
29889,2988.9,2,0,0.0,13.41
29890,2989.0,2,0,0.0,13.35
29891,2989.1,2,0,0.0,13.4
29892,2989.2,2,0,0.0,13.36
29893,2989.3,2,0,0.0,13.38
29894,2989.4,2,0,0.0,13.4
29895,2989.5,2,0,0.0,13.42
29896,2989.6,2,0,0.0,13.43
29897,2989.7,2,0,0.0,13.37
29898,2989.8,2,0,0.0,13.35
29899,2989.9,2,0,0.0,13.38
29900,2990.0,2,0,0.0,13.41
29901,2990.1,2,0,0.0,13.42
29902,2990.2,2,0,0.0,13.41
29903,2990.3,2,0,0.0,13.35
29904,2990.4,2,0,0.0,13.34
29905,2990.5,2,0,0.0,13.44
29906,2990.6,2,0,0.0,13.33
29907,2990.7,2,0,0.0,13.38
29908,2990.8,2,0,0.0,13.43
29909,2990.9,2,0,0.0,13.35
29910,2991.0,1,1,0.0,13.99
29911,2991.1,1,0,0.0,13.88
29912,2991.2,1,0,0.0,13.9
29913,2991.3,1,0,0.0,13.99
29914,2991.4,1,0,0.0,13.88
29915,2991.5,1,0,0.0,13.94
29916,2991.6,2,0,0.0,13.84
29917,2991.7,2,0,0.0,13.82
29918,2991.8,2,0,0.0,13.8
29919,2991.9,2,0,0.0,13.8
29920,2992.0,2,0,0.0,13.87
29921,2992.1,2,0,0.0,13.83
29922,2992.2,2,0,0.0,13.8
29923,2992.3,2,0,0.0,13.82
29924,2992.4,2,0,0.0,13.84
29925,2992.5,4,0,0.0,13.93
29926,2992.6,4,0,0.0,13.87
29927,2992.7,4,0,0.0,13.88
29928,2992.8,4,0,0.0,13.87
29929,2992.9,4,0,0.0,13.86
29930,2993.0,4,0,0.0,13.89
29931,2993.1,3,1,0.0,13.86
29932,2993.2,3,0,0.0,13.85
29933,2993.3,3,0,0.0,13.81
29934,2993.4,3,0,0.0,13.84
29935,2993.5,3,0,0.0,13.87
29936,2993.6,3,0,0.0,13.88
29937,2993.7,3,0,0.0,13.9
29938,2993.8,3,0,0.0,13.84
29939,2993.9,3,0,0.0,13.85
29940,2994.0,3,0,0.0,13.88
29941,2994.1,3,0,0.0,13.84
29942,2994.2,3,0,0.0,13.88
29943,2994.3,3,0,0.0,13.85
29944,2994.4,3,0,0.0,13.83
29945,2994.5,3,0,0.0,13.85
29946,2994.6,3,0,0.0,13.85
29947,2994.7,3,0,0.0,13.87
29948,2994.8,3,0,0.0,13.85
29949,2994.9,3,0,0.0,13.89
29950,2995.0,3,0,0.0,13.87
29951,2995.1,2,1,0.0,13.95
29952,2995.2,2,0,0.0,13.93
29953,2995.3,2,0,0.0,13.91
29954,2995.4,2,0,0.0,13.94
29955,2995.5,2,0,0.0,13.93
29956,2995.6,2,0,0.0,13.91
29957,2995.7,2,0,0.0,13.92
29958,2995.8,2,0,0.0,13.97
29959,2995.9,2,0,0.0,13.94
29960,2996.0,1,1,0.0,13.94
29961,2996.1,1,0,0.0,13.87
29962,2996.2,1,0,0.0,13.95
29963,2996.3,1,0,0.0,13.96
29964,2996.4,1,0,0.0,13.99
29965,2996.5,1,0,0.0,13.99
29966,2996.6,1,0,0.0,13.97
29967,2996.7,1,0,0.0,13.96
29968,2996.8,1,0,0.0,13.88
29969,2996.9,1,0,0.0,13.87
29970,2997.0,1,0,0.0,13.9
29971,2997.1,1,0,0.0,13.88
29972,2997.2,1,0,0.0,13.88
29973,2997.3,1,0,0.0,13.94
29974,2997.4,1,0,0.0,13.88
29975,2997.5,2,0,0.0,13.73
29976,2997.6,2,0,0.0,13.73
29977,2997.7,2,0,0.0,13.71
29978,2997.8,2,0,0.0,13.65
29979,2997.9,2,0,0.0,13.65
29980,2998.0,2,0,0.0,13.72
29981,2998.1,2,1,0.0,13.82
29982,2998.2,2,0,0.0,13.76
29983,2998.3,2,0,0.0,13.74
29984,2998.4,2,0,0.0,13.78
29985,2998.5,2,0,0.0,13.77
29986,2998.6,2,0,0.0,13.7
29987,2998.7,2,0,0.0,13.76
29988,2998.8,2,0,0.0,13.79
29989,2998.9,2,0,0.0,13.76
29990,2999.0,2,0,0.0,13.73
29991,2999.1,2,0,0.0,13.78
29992,2999.2,2,0,0.0,13.75
29993,2999.3,2,0,0.0,13.74
29994,2999.4,2,0,0.0,13.76
29995,2999.5,2,0,0.0,13.73
29996,2999.6,2,0,0.0,13.75
29997,2999.7,2,0,0.0,13.79
29998,2999.8,2,0,0.0,13.76
29999,2999.9,2,0,0.0,13.8
30000,3000.0,2,0,0.0,13.76
30001,3000.1,3,0,0.0,12.52
30002,3000.2,3,0,0.0,12.49
30003,3000.3,3,0,0.0,12.5
30004,3000.4,3,0,0.0,12.49
30005,3000.5,3,0,0.0,12.48
30006,3000.6,3,0,0.0,12.5
30007,3000.7,3,0,0.0,12.49
30008,3000.8,3,0,0.0,12.48
30009,3000.9,4,0,0.0,11.08
30010,3001.0,4,0,0.0,11.04
30011,3001.1,4,0,0.0,11.08
30012,3001.2,4,0,0.0,11.12
30013,3001.3,4,0,0.0,11.16
30014,3001.4,4,0,0.0,11.17
30015,3001.5,4,0,0.0,11.18
30016,3001.6,4,0,0.0,11.25
30017,3001.7,3,1,0.0,10.36
30018,3001.8,3,0,0.0,10.39
30019,3001.9,3,0,0.0,10.43
30020,3002.0,3,0,0.0,10.43
30021,3002.1,3,0,0.0,10.46
30022,3002.2,3,0,0.0,10.46
30023,3002.3,3,0,0.0,10.52
30024,3002.4,3,0,0.0,10.52
30025,3002.5,4,0,0.0,11.02
30026,3002.6,4,0,0.0,11.03
30027,3002.7,4,0,0.0,11.05
30028,3002.8,4,0,0.0,11.03
30029,3002.9,4,0,0.0,11.1
30030,3003.0,4,0,0.0,11.1
30031,3003.1,3,1,0.0,10.68
30032,3003.2,3,0,0.0,10.69
30033,3003.3,3,0,0.0,10.73
30034,3003.4,3,0,0.0,10.76
30035,3003.5,3,0,0.0,10.74
30036,3003.6,3,0,0.0,10.73
30037,3003.7,3,0,0.0,10.75
30038,3003.8,4,0,0.0,11.6
30039,3003.9,4,0,0.0,11.59
30040,3004.0,4,0,0.0,11.62
30041,3004.1,4,0,0.0,11.63
30042,3004.2,4,0,0.0,11.61
30043,3004.3,4,0,0.0,11.61
30044,3004.4,3,1,0.0,12.22
30045,3004.5,3,0,0.0,12.23
30046,3004.6,3,0,0.0,12.34
30047,3004.7,3,0,0.0,12.39
30048,3004.8,4,0,0.0,11.83
30049,3004.9,4,0,0.0,11.86
30050,3005.0,3,1,0.0,12.55
30051,3005.1,3,0,0.0,12.64
30052,3005.2,3,0,0.0,12.65
30053,3005.3,3,0,0.0,12.73
30054,3005.4,3,0,0.0,12.77
30055,3005.5,3,0,0.0,12.88
30056,3005.6,3,0,0.0,12.91
30057,3005.7,3,0,0.0,13.03
30058,3005.8,3,0,0.0,13.08
30059,3005.9,3,0,0.0,13.17
30060,3006.0,3,0,0.0,13.22
30061,3006.1,3,0,0.0,13.26
30062,3006.2,2,1,0.0,13.74
30063,3006.3,2,0,0.0,13.75
30064,3006.4,2,0,0.0,13.73
30065,3006.5,2,0,0.0,13.78
30066,3006.6,2,0,0.0,13.74
30067,3006.7,2,0,0.0,13.73
30068,3006.8,2,0,0.0,13.77
30069,3006.9,2,0,0.0,13.74
30070,3007.0,2,0,0.0,13.77
30071,3007.1,2,0,0.0,13.75
30072,3007.2,2,0,0.0,13.73
30073,3007.3,2,0,0.0,13.79
30074,3007.4,2,0,0.0,13.74
30075,3007.5,2,1,0.0,13.86
30076,3007.6,2,0,0.0,13.87
30077,3007.7,2,0,0.0,13.88
30078,3007.8,2,0,0.0,13.84
30079,3007.9,2,0,0.0,13.79
30080,3008.0,2,0,0.0,13.81
30081,3008.1,1,1,0.0,13.89
30082,3008.2,1,0,0.0,13.93
30083,3008.3,1,0,0.0,13.99
30084,3008.4,1,0,0.0,13.89
30085,3008.5,1,0,0.0,13.96
30086,3008.6,1,0,0.0,13.92
30087,3008.7,1,0,0.0,13.93
30088,3008.8,1,0,0.0,13.88
30089,3008.9,1,0,0.0,13.94
30090,3009.0,2,0,0.0,13.79
30091,3009.1,2,0,0.0,13.75
30092,3009.2,2,0,0.0,13.76
30093,3009.3,2,0,0.0,13.71
30094,3009.4,2,0,0.0,13.77
30095,3009.5,3,0,0.0,13.82
30096,3009.6,3,0,0.0,13.82
30097,3009.7,3,0,0.0,13.82
30098,3009.8,3,0,0.0,13.79
30099,3009.9,3,0,0.0,13.83
30100,3010.0,3,0,0.0,13.83
30101,3010.1,3,0,0.0,13.81
30102,3010.2,3,0,0.0,13.8
30103,3010.3,3,0,0.0,13.79
30104,3010.4,3,0,0.0,13.81
30105,3010.5,3,0,0.0,13.83
30106,3010.6,3,0,0.0,13.79
30107,3010.7,3,0,0.0,13.86
30108,3010.8,3,0,0.0,13.78
30109,3010.9,3,0,0.0,13.83
30110,3011.0,3,0,0.0,13.82
30111,3011.1,3,0,0.0,13.84
30112,3011.2,3,0,0.0,13.83
30113,3011.3,3,0,0.0,13.81
30114,3011.4,3,0,0.0,13.81
30115,3011.5,3,0,0.0,13.8
30116,3011.6,3,0,0.0,13.83
30117,3011.7,3,0,0.0,13.86
30118,3011.8,3,0,0.0,13.78
30119,3011.9,3,0,0.0,13.78
30120,3012.0,3,0,0.0,13.82
30121,3012.1,3,0,0.0,13.8
30122,3012.2,3,0,0.0,13.81
30123,3012.3,3,0,0.0,13.81
30124,3012.4,4,0,0.0,13.85
30125,3012.5,4,0,0.0,13.85
30126,3012.6,3,1,0.0,13.93
30127,3012.7,3,0,0.0,13.93
30128,3012.8,3,0,0.0,13.92
30129,3012.9,3,0,0.0,13.96
30130,3013.0,1,2,0.0,13.92
30131,3013.1,1,0,0.0,13.93
30132,3013.2,1,0,0.0,13.98
30133,3013.3,1,0,0.0,13.99
30134,3013.4,1,0,0.0,13.98
30135,3013.5,1,0,0.0,13.92
30136,3013.6,1,0,0.0,14.0
30137,3013.7,1,0,0.0,13.9
30138,3013.8,1,0,0.0,13.91
30139,3013.9,1,0,0.0,13.96
30140,3014.0,1,0,0.0,13.94
30141,3014.1,2,0,0.0,11.96
30142,3014.2,2,0,0.0,11.95
30143,3014.3,2,0,0.0,11.98
30144,3014.4,2,0,0.0,11.93
30145,3014.5,2,0,0.0,11.94
30146,3014.6,2,0,0.0,11.96
30147,3014.7,2,0,0.0,11.92
30148,3014.8,2,0,0.0,11.93
30149,3014.9,2,0,0.0,11.92
30150,3015.0,2,0,0.0,11.98
30151,3015.1,2,0,0.0,11.93
30152,3015.2,3,0,0.0,10.62
30153,3015.3,3,0,0.0,10.62
30154,3015.4,3,0,0.0,10.61
30155,3015.5,3,0,0.0,10.62
30156,3015.6,3,0,0.0,10.67
30157,3015.7,3,0,0.0,10.71
30158,3015.8,3,0,0.0,10.71
30159,3015.9,3,0,0.0,10.71
30160,3016.0,3,0,0.0,10.71
30161,3016.1,3,0,0.0,10.76
30162,3016.2,3,0,0.0,10.79
30163,3016.3,3,0,0.0,10.81
30164,3016.4,3,0,0.0,10.83
30165,3016.5,3,0,0.0,10.86
30166,3016.6,3,0,0.0,10.86
30167,3016.7,3,0,0.0,10.88
30168,3016.8,3,0,0.0,10.86
30169,3016.9,3,0,0.0,10.89
30170,3017.0,3,0,0.0,10.89
30171,3017.1,3,0,0.0,10.92
30172,3017.2,3,0,0.0,10.9
30173,3017.3,3,0,0.0,10.95
30174,3017.4,4,0,0.0,11.28
30175,3017.5,4,0,0.0,11.27
30176,3017.6,4,0,0.0,11.28
30177,3017.7,5,0,0.0,11.72
30178,3017.8,5,0,0.0,11.69
30179,3017.9,5,0,0.0,11.7
30180,3018.0,4,1,0.0,11.57
30181,3018.1,4,0,0.0,11.59
30182,3018.2,4,0,0.0,11.62
30183,3018.3,4,0,0.0,11.61
30184,3018.4,4,0,0.0,11.6
30185,3018.5,4,0,0.0,11.63
30186,3018.6,4,0,0.0,11.65
30187,3018.7,3,1,0.0,10.88
30188,3018.8,3,0,0.0,10.84
30189,3018.9,3,0,0.0,10.89
30190,3019.0,3,0,0.0,10.85
30191,3019.1,3,0,0.0,10.88
30192,3019.2,3,0,0.0,10.89
30193,3019.3,3,0,0.0,10.89
30194,3019.4,3,0,0.0,10.92
30195,3019.5,3,0,0.0,10.92
30196,3019.6,3,0,0.0,10.93
30197,3019.7,3,0,0.0,10.91
30198,3019.8,3,0,0.0,10.94
30199,3019.9,3,0,0.0,10.91
30200,3020.0,3,0,0.0,10.92
30201,3020.1,3,0,0.0,10.91
30202,3020.2,3,0,0.0,10.93
30203,3020.3,3,0,0.0,10.93
30204,3020.4,3,0,0.0,10.93
30205,3020.5,3,0,0.0,10.94
30206,3020.6,3,0,0.0,10.93
30207,3020.7,3,0,0.0,10.91
30208,3020.8,4,0,0.0,11.7
30209,3020.9,4,0,0.0,11.72
30210,3021.0,4,0,0.0,11.7
30211,3021.1,4,0,0.0,11.68
30212,3021.2,4,0,0.0,11.73
30213,3021.3,3,1,0.0,11.21
30214,3021.4,3,0,0.0,11.22
30215,3021.5,3,0,0.0,11.19
30216,3021.6,3,0,0.0,11.2
30217,3021.7,3,0,0.0,11.22
30218,3021.8,3,0,0.0,11.18
30219,3021.9,3,0,0.0,11.22
30220,3022.0,3,0,0.0,11.22
30221,3022.1,3,0,0.0,11.21
30222,3022.2,3,0,0.0,11.27
30223,3022.3,3,0,0.0,11.23
30224,3022.4,4,0,0.0,11.92
30225,3022.5,4,0,0.0,11.94
30226,3022.6,4,0,0.0,11.89
30227,3022.7,4,0,0.0,11.88
30228,3022.8,4,0,0.0,11.91
30229,3022.9,4,0,0.0,11.95
30230,3023.0,3,1,0.0,11.24
30231,3023.1,3,0,0.0,11.23
30232,3023.2,3,0,0.0,11.22
30233,3023.3,3,0,0.0,11.24
30234,3023.4,3,0,0.0,11.26
30235,3023.5,3,0,0.0,11.24
30236,3023.6,3,0,0.0,11.25
30237,3023.7,3,0,0.0,11.24
30238,3023.8,3,0,0.0,11.28
30239,3023.9,3,0,0.0,11.25
30240,3024.0,3,0,0.0,11.25
30241,3024.1,3,0,0.0,11.25
30242,3024.2,3,0,0.0,11.28
30243,3024.3,3,0,0.0,11.24
30244,3024.4,3,0,0.0,11.27
30245,3024.5,3,0,0.0,11.27
30246,3024.6,3,0,0.0,11.27
30247,3024.7,3,0,0.0,11.28
30248,3024.8,3,0,0.0,11.27
30249,3024.9,3,0,0.0,11.24
30250,3025.0,3,0,0.0,11.24
30251,3025.1,3,0,0.0,11.3
30252,3025.2,3,0,0.0,11.26
30253,3025.3,3,0,0.0,11.27
30254,3025.4,3,0,0.0,11.28
30255,3025.5,3,0,0.0,11.29
30256,3025.6,3,0,0.0,11.26
30257,3025.7,3,0,0.0,11.2
30258,3025.8,3,0,0.0,11.17
30259,3025.9,3,0,0.0,11.1
30260,3026.0,3,0,0.0,11.07
30261,3026.1,3,0,0.0,11.07
30262,3026.2,3,0,0.0,11.03
30263,3026.3,2,1,0.0,11.5
30264,3026.4,3,0,0.0,11.94
30265,3026.5,4,0,0.0,11.96
30266,3026.6,4,0,0.0,12.03
30267,3026.7,4,0,0.0,12.09
30268,3026.8,4,0,0.0,12.13
30269,3026.9,4,0,0.0,12.22
30270,3027.0,4,0,0.0,12.23
30271,3027.1,4,0,0.0,12.32
30272,3027.2,4,0,0.0,12.4
30273,3027.3,4,0,0.0,12.46
30274,3027.4,5,0,0.0,12.47
30275,3027.5,5,0,0.0,12.52
30276,3027.6,5,0,0.0,12.57
30277,3027.7,5,0,0.0,12.67
30278,3027.8,5,0,0.0,12.68
30279,3027.9,5,0,0.0,12.71
30280,3028.0,4,1,0.0,12.88
30281,3028.1,4,0,0.0,12.97
30282,3028.2,3,1,0.0,12.8
30283,3028.3,3,0,0.0,12.81
30284,3028.4,3,0,0.0,12.78
30285,3028.5,3,0,0.0,12.81
30286,3028.6,3,0,0.0,12.79
30287,3028.7,3,0,0.0,12.75
30288,3028.8,3,0,0.0,12.83
30289,3028.9,3,0,0.0,12.81
30290,3029.0,3,0,0.0,12.79
30291,3029.1,3,0,0.0,12.81
30292,3029.2,3,0,0.0,12.77
30293,3029.3,3,0,0.0,12.79
30294,3029.4,3,0,0.0,12.78
30295,3029.5,3,0,0.0,12.78
30296,3029.6,3,0,0.0,12.82
30297,3029.7,3,0,0.0,12.74
30298,3029.8,3,0,0.0,12.81
30299,3029.9,3,0,0.0,12.78
30300,3030.0,2,1,0.0,12.21
30301,3030.1,2,0,0.0,12.24
30302,3030.2,1,1,0.0,11.84
30303,3030.3,1,0,0.0,11.89
30304,3030.4,1,0,0.0,11.88
30305,3030.5,1,0,0.0,11.92
30306,3030.6,1,0,0.0,11.91
30307,3030.7,1,0,0.0,11.8
30308,3030.8,1,0,0.0,11.82
30309,3030.9,1,0,0.0,11.88
30310,3031.0,1,0,0.0,11.89
30311,3031.1,1,0,0.0,11.83
30312,3031.2,1,0,0.0,11.87
30313,3031.3,1,0,0.0,11.87
30314,3031.4,1,0,0.0,11.85
30315,3031.5,1,0,0.0,11.82
30316,3031.6,1,0,0.0,11.84
30317,3031.7,1,0,0.0,11.89
30318,3031.8,1,0,0.0,11.9
30319,3031.9,1,0,0.0,11.86
30320,3032.0,1,0,0.0,11.89
30321,3032.1,1,0,0.0,11.81
30322,3032.2,2,0,0.0,12.9
30323,3032.3,2,0,0.0,12.89
30324,3032.4,3,0,0.0,12.82
30325,3032.5,3,0,0.0,12.78
30326,3032.6,3,0,0.0,12.82
30327,3032.7,3,0,0.0,12.8
30328,3032.8,3,0,0.0,12.82
30329,3032.9,3,0,0.0,12.84
30330,3033.0,2,1,0.0,12.88
30331,3033.1,2,0,0.0,12.88
30332,3033.2,3,0,0.0,11.89
30333,3033.3,3,0,0.0,11.95
30334,3033.4,2,1,0.0,12.9
30335,3033.5,2,0,0.0,12.9
30336,3033.6,2,0,0.0,12.93
30337,3033.7,2,0,0.0,12.87
30338,3033.8,2,0,0.0,12.88
30339,3033.9,2,0,0.0,12.93
30340,3034.0,2,0,0.0,12.89
30341,3034.1,2,0,0.0,12.88
30342,3034.2,2,0,0.0,12.85
30343,3034.3,2,0,0.0,12.94
30344,3034.4,2,0,0.0,12.91
30345,3034.5,2,0,0.0,12.86
30346,3034.6,2,0,0.0,12.92
30347,3034.7,2,0,0.0,12.86
30348,3034.8,2,0,0.0,12.91
30349,3034.9,2,0,0.0,12.89
30350,3035.0,2,0,0.0,12.91
30351,3035.1,3,0,0.0,13.25
30352,3035.2,3,0,0.0,13.26
30353,3035.3,3,0,0.0,13.21
30354,3035.4,3,0,0.0,13.24
30355,3035.5,3,0,0.0,13.25
30356,3035.6,3,0,0.0,13.24
30357,3035.7,3,0,0.0,13.25
30358,3035.8,3,0,0.0,13.25
30359,3035.9,3,0,0.0,13.27
30360,3036.0,3,0,0.0,13.24
30361,3036.1,3,0,0.0,13.23
30362,3036.2,3,0,0.0,13.25
30363,3036.3,3,0,0.0,13.23
30364,3036.4,3,0,0.0,13.26
30365,3036.5,3,0,0.0,13.24
30366,3036.6,3,0,0.0,13.2
30367,3036.7,3,0,0.0,13.21
30368,3036.8,3,0,0.0,13.23
30369,3036.9,3,0,0.0,13.22
30370,3037.0,3,0,0.0,13.24
30371,3037.1,3,0,0.0,13.27
30372,3037.2,3,0,0.0,13.28
30373,3037.3,3,1,0.0,13.97
30374,3037.4,3,0,0.0,13.93
30375,3037.5,3,0,0.0,13.94
30376,3037.6,3,0,0.0,13.94
30377,3037.7,3,0,0.0,13.96
30378,3037.8,3,0,0.0,13.95
30379,3037.9,3,1,0.0,13.96
30380,3038.0,3,0,0.0,13.95
30381,3038.1,3,0,0.0,13.94
30382,3038.2,3,0,0.0,13.93
30383,3038.3,3,0,0.0,13.96
30384,3038.4,3,0,0.0,13.94
30385,3038.5,3,0,0.0,13.93
30386,3038.6,2,1,0.0,13.92
30387,3038.7,2,0,0.0,13.94
30388,3038.8,2,0,0.0,13.89
30389,3038.9,2,0,0.0,13.91
30390,3039.0,2,0,0.0,13.95
30391,3039.1,2,0,0.0,13.97
30392,3039.2,2,0,0.0,13.93
30393,3039.3,2,0,0.0,13.96
30394,3039.4,2,0,0.0,13.9
30395,3039.5,2,0,0.0,13.96
30396,3039.6,2,0,0.0,13.95
30397,3039.7,2,0,0.0,13.91
30398,3039.8,2,0,0.0,13.93
30399,3039.9,2,0,0.0,13.92
30400,3040.0,2,0,0.0,13.91
30401,3040.1,2,0,0.0,13.95
30402,3040.2,2,0,0.0,13.96
30403,3040.3,2,0,0.0,13.9
30404,3040.4,2,0,0.0,13.93
30405,3040.5,2,0,0.0,13.93
30406,3040.6,2,0,0.0,13.94
30407,3040.7,2,0,0.0,13.88
30408,3040.8,2,0,0.0,13.91
30409,3040.9,2,0,0.0,13.99
30410,3041.0,2,0,0.0,13.94
30411,3041.1,2,0,0.0,13.98
30412,3041.2,2,0,0.0,13.94
30413,3041.3,2,0,0.0,13.95
30414,3041.4,1,1,0.0,13.95
30415,3041.5,1,0,0.0,13.88
30416,3041.6,1,0,0.0,13.94
30417,3041.7,1,0,0.0,13.88
30418,3041.8,1,0,0.0,13.94
30419,3041.9,1,0,0.0,13.91
30420,3042.0,1,0,0.0,13.94
30421,3042.1,1,0,0.0,13.91
30422,3042.2,1,0,0.0,13.94
30423,3042.3,2,0,0.0,13.79
30424,3042.4,2,0,0.0,13.78
30425,3042.5,2,0,0.0,13.79
30426,3042.6,2,0,0.0,13.77
30427,3042.7,2,0,0.0,13.81
30428,3042.8,2,0,0.0,13.73
30429,3042.9,1,1,0.0,13.9
30430,3043.0,1,0,0.0,13.88
30431,3043.1,1,0,0.0,13.99
30432,3043.2,1,0,0.0,13.91
30433,3043.3,1,0,0.0,13.89
30434,3043.4,1,0,0.0,13.9
30435,3043.5,1,0,0.0,13.96
30436,3043.6,2,0,0.0,13.98
30437,3043.7,3,0,0.0,13.96
30438,3043.8,3,0,0.0,13.93
30439,3043.9,3,0,0.0,13.92
30440,3044.0,3,0,0.0,13.93
30441,3044.1,3,0,0.0,13.91
30442,3044.2,3,0,0.0,13.9
30443,3044.3,3,0,0.0,13.91
30444,3044.4,3,0,0.0,13.92
30445,3044.5,3,0,0.0,13.95
30446,3044.6,3,0,0.0,13.89
30447,3044.7,3,0,0.0,13.96
30448,3044.8,3,0,0.0,13.9
30449,3044.9,3,0,0.0,13.88
30450,3045.0,3,0,0.0,13.91
30451,3045.1,3,0,0.0,13.91
30452,3045.2,3,0,0.0,13.91
30453,3045.3,3,0,0.0,13.92
30454,3045.4,3,0,0.0,13.94
30455,3045.5,3,0,0.0,13.96
30456,3045.6,3,0,0.0,13.93
30457,3045.7,3,0,0.0,13.89
30458,3045.8,3,0,0.0,13.94
30459,3045.9,3,0,0.0,13.93
30460,3046.0,3,0,0.0,13.92
30461,3046.1,3,0,0.0,13.96
30462,3046.2,3,0,0.0,13.9
30463,3046.3,3,0,0.0,13.92
30464,3046.4,3,0,0.0,13.93
30465,3046.5,3,0,0.0,13.94
30466,3046.6,3,0,0.0,13.96
30467,3046.7,3,0,0.0,13.92
30468,3046.8,3,0,0.0,13.95
30469,3046.9,3,0,0.0,13.91
30470,3047.0,3,0,0.0,13.93
30471,3047.1,2,1,0.0,13.94
30472,3047.2,1,1,0.0,13.93
30473,3047.3,2,0,0.0,13.96
30474,3047.4,2,0,0.0,13.94
30475,3047.5,2,0,0.0,13.96
30476,3047.6,2,0,0.0,13.95
30477,3047.7,2,0,0.0,13.97
30478,3047.8,2,0,0.0,13.93
30479,3047.9,1,1,0.0,13.99
30480,3048.0,1,0,0.0,13.96
30481,3048.1,1,0,0.0,13.95
30482,3048.2,1,0,0.0,13.91
30483,3048.3,1,0,0.0,13.88
30484,3048.4,1,0,0.0,13.92
30485,3048.5,1,0,0.0,13.94
30486,3048.6,1,0,0.0,13.98
30487,3048.7,1,0,0.0,13.88
30488,3048.8,1,0,0.0,13.98
30489,3048.9,1,0,0.0,13.91
30490,3049.0,1,0,0.0,13.95
30491,3049.1,1,0,0.0,13.88
30492,3049.2,2,0,0.0,13.94
30493,3049.3,2,0,0.0,13.95
30494,3049.4,2,0,0.0,13.94
30495,3049.5,2,0,0.0,13.94
30496,3049.6,2,0,0.0,13.91
30497,3049.7,2,0,0.0,13.93
30498,3049.8,2,0,0.0,13.96
30499,3049.9,2,0,0.0,13.96
30500,3050.0,2,0,0.0,13.92
30501,3050.1,2,0,0.0,13.93
30502,3050.2,2,0,0.0,13.96
30503,3050.3,2,0,0.0,13.91
30504,3050.4,2,0,0.0,13.95
30505,3050.5,2,0,0.0,13.92
30506,3050.6,2,0,0.0,13.98
30507,3050.7,2,0,0.0,13.92
30508,3050.8,2,0,0.0,13.92
30509,3050.9,2,0,0.0,13.92
30510,3051.0,2,0,0.0,13.95
30511,3051.1,2,0,0.0,13.89
30512,3051.2,2,0,0.0,13.99
30513,3051.3,2,0,0.0,13.98
30514,3051.4,2,0,0.0,13.94
30515,3051.5,2,0,0.0,13.96
30516,3051.6,2,0,0.0,13.94
30517,3051.7,2,0,0.0,13.94
30518,3051.8,2,0,0.0,13.89
30519,3051.9,2,0,0.0,13.92
30520,3052.0,2,0,0.0,13.91
30521,3052.1,2,0,0.0,13.93
30522,3052.2,2,0,0.0,13.9
30523,3052.3,3,0,0.0,13.51
30524,3052.4,4,0,0.0,13.5
30525,3052.5,4,0,0.0,13.45
30526,3052.6,4,0,0.0,13.52
30527,3052.7,4,0,0.0,13.48
30528,3052.8,3,1,0.0,13.35
30529,3052.9,2,1,0.0,13.67
30530,3053.0,2,0,0.0,13.65
30531,3053.1,2,0,0.0,13.65
30532,3053.2,2,0,0.0,13.67
30533,3053.3,2,0,0.0,13.65
30534,3053.4,2,0,0.0,13.65
30535,3053.5,2,0,0.0,13.64
30536,3053.6,2,0,0.0,13.69
30537,3053.7,2,0,0.0,13.66
30538,3053.8,2,0,0.0,13.66
30539,3053.9,2,0,0.0,13.66
30540,3054.0,2,0,0.0,13.7
30541,3054.1,2,0,0.0,13.66
30542,3054.2,2,0,0.0,13.67
30543,3054.3,2,0,0.0,13.67
30544,3054.4,2,0,0.0,13.66
30545,3054.5,2,0,0.0,13.68
30546,3054.6,2,0,0.0,13.64
30547,3054.7,2,0,0.0,13.7
30548,3054.8,2,0,0.0,13.68
30549,3054.9,3,0,0.0,13.77
30550,3055.0,3,0,0.0,13.71
30551,3055.1,3,0,0.0,13.73
30552,3055.2,3,0,0.0,13.76
30553,3055.3,3,0,0.0,13.74
30554,3055.4,3,0,0.0,13.77
30555,3055.5,3,0,0.0,13.74
30556,3055.6,3,0,0.0,13.74
30557,3055.7,3,0,0.0,13.76
30558,3055.8,3,0,0.0,13.76
30559,3055.9,4,0,0.0,12.82
30560,3056.0,3,1,0.0,12.58
30561,3056.1,3,0,0.0,12.63
30562,3056.2,3,0,0.0,12.61
30563,3056.3,3,0,0.0,12.62
30564,3056.4,3,0,0.0,12.61
30565,3056.5,3,0,0.0,12.61
30566,3056.6,3,0,0.0,12.6
30567,3056.7,3,0,0.0,12.58
30568,3056.8,3,0,0.0,12.63
30569,3056.9,3,0,0.0,12.64
30570,3057.0,3,0,0.0,12.6
30571,3057.1,3,0,0.0,12.63
30572,3057.2,3,0,0.0,12.62
30573,3057.3,4,0,0.0,12.85
30574,3057.4,4,0,0.0,12.83
30575,3057.5,4,0,0.0,12.83
30576,3057.6,4,0,0.0,12.81
30577,3057.7,4,0,0.0,12.83
30578,3057.8,4,0,0.0,12.84
30579,3057.9,3,1,0.0,12.59
30580,3058.0,3,0,0.0,12.59
30581,3058.1,3,0,0.0,12.63
30582,3058.2,3,0,0.0,12.65
30583,3058.3,3,0,0.0,12.62
30584,3058.4,2,1,0.0,11.96
30585,3058.5,2,0,0.0,11.93
30586,3058.6,2,0,0.0,11.93
30587,3058.7,2,0,0.0,11.94
30588,3058.8,2,0,0.0,11.95
30589,3058.9,2,0,0.0,11.96
30590,3059.0,2,0,0.0,11.95
30591,3059.1,2,0,0.0,11.95
30592,3059.2,2,0,0.0,11.95
30593,3059.3,2,0,0.0,11.92
30594,3059.4,2,0,0.0,11.93
30595,3059.5,2,0,0.0,11.92
30596,3059.6,2,0,0.0,11.97
30597,3059.7,2,0,0.0,11.96
30598,3059.8,2,0,0.0,11.94
30599,3059.9,2,0,0.0,11.92
30600,3060.0,2,0,0.0,11.91
30601,3060.1,2,0,0.0,11.98
30602,3060.2,2,0,0.0,11.97
30603,3060.3,2,0,0.0,11.92
30604,3060.4,2,0,0.0,11.92
30605,3060.5,2,0,0.0,11.94
30606,3060.6,3,0,0.0,12.4
30607,3060.7,3,0,0.0,12.38
30608,3060.8,3,0,0.0,12.4
30609,3060.9,3,0,0.0,12.41
30610,3061.0,3,0,0.0,12.38
30611,3061.1,4,0,0.0,12.15
30612,3061.2,4,0,0.0,12.15
30613,3061.3,4,0,0.0,12.12
30614,3061.4,4,0,0.0,12.14
30615,3061.5,5,0,0.0,11.73
30616,3061.6,5,0,0.0,11.71
30617,3061.7,4,1,0.0,12.17
30618,3061.8,4,0,0.0,12.15
30619,3061.9,4,0,0.0,12.15
30620,3062.0,4,0,0.0,12.14
30621,3062.1,4,0,0.0,12.14
30622,3062.2,5,0,0.0,12.54
30623,3062.3,5,0,0.0,12.48
30624,3062.4,5,0,0.0,12.54
30625,3062.5,5,0,0.0,12.53
30626,3062.6,5,0,0.0,12.48
30627,3062.7,5,0,0.0,12.52
30628,3062.8,4,1,0.0,12.14
30629,3062.9,4,0,0.0,12.16
30630,3063.0,4,0,0.0,12.16
30631,3063.1,4,0,0.0,12.15
30632,3063.2,4,0,0.0,12.16
30633,3063.3,4,0,0.0,12.12
30634,3063.4,4,0,0.0,12.13
30635,3063.5,4,0,0.0,12.13
30636,3063.6,4,0,0.0,12.16
30637,3063.7,4,0,0.0,12.17
30638,3063.8,4,0,0.0,12.15
30639,3063.9,4,0,0.0,12.16
30640,3064.0,4,0,0.0,12.15
30641,3064.1,3,1,0.0,11.57
30642,3064.2,3,0,0.0,11.56
30643,3064.3,3,0,0.0,11.54
30644,3064.4,3,0,0.0,11.53
30645,3064.5,3,0,0.0,11.52
30646,3064.6,3,0,0.0,11.57
30647,3064.7,3,0,0.0,11.53
30648,3064.8,3,0,0.0,11.58
30649,3064.9,3,0,0.0,11.56
30650,3065.0,3,0,0.0,11.57
30651,3065.1,3,0,0.0,11.53
30652,3065.2,3,0,0.0,11.58
30653,3065.3,2,1,0.0,11.58
30654,3065.4,2,0,0.0,11.59
30655,3065.5,2,0,0.0,11.59
30656,3065.6,2,0,0.0,11.59
30657,3065.7,2,0,0.0,11.58
30658,3065.8,2,0,0.0,11.61
30659,3065.9,2,0,0.0,11.64
30660,3066.0,2,0,0.0,11.58
30661,3066.1,2,0,0.0,11.62
30662,3066.2,2,0,0.0,11.62
30663,3066.3,3,0,0.0,12.4
30664,3066.4,3,0,0.0,12.34
30665,3066.5,3,0,0.0,12.31
30666,3066.6,3,0,0.0,12.3
30667,3066.7,3,0,0.0,12.27
30668,3066.8,3,0,0.0,12.21
30669,3066.9,3,0,0.0,12.2
30670,3067.0,3,0,0.0,12.19
30671,3067.1,3,0,0.0,12.18
30672,3067.2,4,0,0.0,12.6
30673,3067.3,4,0,0.0,12.57
30674,3067.4,4,0,0.0,12.58
30675,3067.5,4,0,0.0,12.57
30676,3067.6,4,0,0.0,12.5
30677,3067.7,4,0,0.0,12.5
30678,3067.8,3,1,0.0,12.02
30679,3067.9,3,0,0.0,11.99
30680,3068.0,3,0,0.0,11.97
30681,3068.1,2,1,0.0,13.0
30682,3068.2,2,0,0.0,13.07
30683,3068.3,2,0,0.0,13.15
30684,3068.4,2,0,0.0,13.3
30685,3068.5,2,0,0.0,13.4
30686,3068.6,2,0,0.0,13.47
30687,3068.7,2,0,0.0,13.53
30688,3068.8,2,0,0.0,13.56
30689,3068.9,2,0,0.0,13.6
30690,3069.0,2,0,0.0,13.57
30691,3069.1,2,0,0.0,13.57
30692,3069.2,2,0,0.0,13.61
30693,3069.3,2,0,0.0,13.62
30694,3069.4,2,0,0.0,13.59
30695,3069.5,2,0,0.0,13.62
30696,3069.6,2,0,0.0,13.57
30697,3069.7,2,0,0.0,13.59
30698,3069.8,3,0,0.0,13.7
30699,3069.9,3,0,0.0,13.69
30700,3070.0,3,0,0.0,13.7
30701,3070.1,3,0,0.0,13.71
30702,3070.2,3,0,0.0,13.71
30703,3070.3,3,0,0.0,13.71
30704,3070.4,2,1,0.0,13.89
30705,3070.5,2,0,0.0,13.89
30706,3070.6,2,0,0.0,13.96
30707,3070.7,2,0,0.0,13.86
30708,3070.8,2,0,0.0,13.89
30709,3070.9,2,0,0.0,13.9
30710,3071.0,2,0,0.0,13.97
30711,3071.1,2,0,0.0,13.89
30712,3071.2,2,0,0.0,13.93
30713,3071.3,2,0,0.0,13.89
30714,3071.4,2,0,0.0,13.92
30715,3071.5,2,0,0.0,13.92
30716,3071.6,2,0,0.0,13.93
30717,3071.7,2,0,0.0,13.92
30718,3071.8,2,0,0.0,13.91
30719,3071.9,3,0,0.0,13.95
30720,3072.0,3,0,0.0,13.94
30721,3072.1,3,0,0.0,13.92
30722,3072.2,4,0,0.0,13.93
30723,3072.3,4,0,0.0,13.91
30724,3072.4,4,0,0.0,13.94
30725,3072.5,4,0,0.0,13.91
30726,3072.6,4,0,0.0,13.95
30727,3072.7,4,0,0.0,13.97
30728,3072.8,3,1,0.0,13.94
30729,3072.9,3,0,0.0,13.96
30730,3073.0,3,0,0.0,13.89
30731,3073.1,3,0,0.0,13.91
30732,3073.2,3,0,0.0,13.92
30733,3073.3,2,1,0.0,13.92
30734,3073.4,2,0,0.0,13.89
30735,3073.5,2,0,0.0,13.97
30736,3073.6,2,0,0.0,13.92
30737,3073.7,2,0,0.0,13.97
30738,3073.8,2,0,0.0,13.88
30739,3073.9,2,0,0.0,13.9
30740,3074.0,2,0,0.0,13.98
30741,3074.1,2,0,0.0,13.9
30742,3074.2,2,0,0.0,13.92
30743,3074.3,2,0,0.0,13.92
30744,3074.4,2,0,0.0,13.89
30745,3074.5,2,0,0.0,13.89
30746,3074.6,2,0,0.0,13.9
30747,3074.7,2,0,0.0,13.93
30748,3074.8,2,0,0.0,13.88
30749,3074.9,2,0,0.0,13.93
30750,3075.0,2,0,0.0,13.92
30751,3075.1,2,0,0.0,13.94
30752,3075.2,2,0,0.0,13.89
30753,3075.3,2,0,0.0,13.89
30754,3075.4,2,0,0.0,13.96
30755,3075.5,1,1,0.0,13.98
30756,3075.6,1,0,0.0,13.99
30757,3075.7,1,0,0.0,13.97
30758,3075.8,1,0,0.0,13.97
30759,3075.9,1,0,0.0,13.97
30760,3076.0,1,0,0.0,13.95
30761,3076.1,1,0,0.0,13.9
30762,3076.2,1,0,0.0,13.89
30763,3076.3,1,0,0.0,13.88
30764,3076.4,1,0,0.0,13.93
30765,3076.5,1,0,0.0,13.9
30766,3076.6,1,0,0.0,13.95
30767,3076.7,1,0,0.0,13.9
30768,3076.8,1,0,0.0,13.9
30769,3076.9,1,0,0.0,13.96
30770,3077.0,1,0,0.0,13.9
30771,3077.1,1,0,0.0,13.95
30772,3077.2,2,0,0.0,13.35
30773,3077.3,2,0,0.0,13.34
30774,3077.4,2,0,0.0,13.38
30775,3077.5,2,0,0.0,13.35
30776,3077.6,3,0,0.0,13.24
30777,3077.7,3,0,0.0,13.23
30778,3077.8,2,1,0.0,13.51
30779,3077.9,2,0,0.0,13.44
30780,3078.0,2,0,0.0,13.49
30781,3078.1,2,0,0.0,13.52
30782,3078.2,2,0,0.0,13.49
30783,3078.3,2,0,0.0,13.47
30784,3078.4,2,0,0.0,13.44
30785,3078.5,3,0,0.0,12.96
30786,3078.6,3,0,0.0,12.92
30787,3078.7,3,0,0.0,12.95
30788,3078.8,3,0,0.0,12.96
30789,3078.9,3,0,0.0,12.93
30790,3079.0,3,0,0.0,12.99
30791,3079.1,3,0,0.0,12.94
30792,3079.2,3,0,0.0,12.94
30793,3079.3,3,0,0.0,12.93
30794,3079.4,3,0,0.0,12.95
30795,3079.5,3,0,0.0,12.94
30796,3079.6,3,0,0.0,12.93
30797,3079.7,3,0,0.0,12.95
30798,3079.8,3,0,0.0,12.93
30799,3079.9,3,0,0.0,12.96
30800,3080.0,3,0,0.0,12.95
30801,3080.1,3,0,0.0,12.97
30802,3080.2,3,0,0.0,12.96
30803,3080.3,3,0,0.0,12.93
30804,3080.4,3,0,0.0,12.97
30805,3080.5,3,0,0.0,12.93
30806,3080.6,3,0,0.0,12.94
30807,3080.7,3,0,0.0,12.93
30808,3080.8,3,0,0.0,12.92
30809,3080.9,3,0,0.0,12.95
30810,3081.0,3,0,0.0,12.94
30811,3081.1,2,1,0.0,12.45
30812,3081.2,2,0,0.0,12.43
30813,3081.3,2,0,0.0,12.45
30814,3081.4,2,0,0.0,12.45
30815,3081.5,2,0,0.0,12.46
30816,3081.6,2,0,0.0,12.46
30817,3081.7,2,0,0.0,12.49
30818,3081.8,2,0,0.0,12.44
30819,3081.9,2,0,0.0,12.5
30820,3082.0,2,0,0.0,12.39
30821,3082.1,2,0,0.0,12.41
30822,3082.2,3,0,0.0,12.64
30823,3082.3,3,0,0.0,12.63
30824,3082.4,3,0,0.0,12.61
30825,3082.5,3,0,0.0,12.63
30826,3082.6,2,1,0.0,12.99
30827,3082.7,2,0,0.0,13.01
30828,3082.8,1,1,0.0,13.03
30829,3082.9,1,0,0.0,13.04
30830,3083.0,1,0,0.0,13.02
30831,3083.1,1,0,0.0,12.98
30832,3083.2,1,0,0.0,13.0
30833,3083.3,2,0,0.0,13.52
30834,3083.4,2,0,0.0,13.47
30835,3083.5,2,0,0.0,13.49
30836,3083.6,2,0,0.0,13.52
30837,3083.7,2,0,0.0,13.48
30838,3083.8,2,0,0.0,13.45
30839,3083.9,2,0,0.0,13.49
30840,3084.0,2,0,0.0,13.5
30841,3084.1,2,0,0.0,13.5
30842,3084.2,2,0,0.0,13.49
30843,3084.3,2,0,0.0,13.49
30844,3084.4,2,0,0.0,13.5
30845,3084.5,2,0,0.0,13.54
30846,3084.6,2,0,0.0,13.5
30847,3084.7,2,0,0.0,13.47
30848,3084.8,2,0,0.0,13.46
30849,3084.9,2,0,0.0,13.46
30850,3085.0,2,0,0.0,13.54
30851,3085.1,2,0,0.0,13.45
30852,3085.2,2,0,0.0,13.47
30853,3085.3,2,0,0.0,13.49
30854,3085.4,2,0,0.0,13.47
30855,3085.5,2,0,0.0,13.53
30856,3085.6,2,0,0.0,13.53
30857,3085.7,2,0,0.0,13.46
30858,3085.8,2,0,0.0,13.53
30859,3085.9,2,0,0.0,13.48
30860,3086.0,2,0,0.0,13.44
30861,3086.1,2,0,0.0,13.46
30862,3086.2,2,0,0.0,13.49
30863,3086.3,2,0,0.0,13.5
30864,3086.4,2,0,0.0,13.49
30865,3086.5,2,0,0.0,13.5
30866,3086.6,2,0,0.0,13.49
30867,3086.7,2,0,0.0,13.48
30868,3086.8,2,0,0.0,13.49
30869,3086.9,2,0,0.0,13.49
30870,3087.0,2,0,0.0,13.48
30871,3087.1,3,0,0.0,13.46
30872,3087.2,4,0,0.0,13.27
30873,3087.3,4,0,0.0,13.22
30874,3087.4,3,1,0.0,13.34
30875,3087.5,3,0,0.0,13.32
30876,3087.6,3,0,0.0,13.32
30877,3087.7,2,1,0.0,13.29
30878,3087.8,2,0,0.0,13.36
30879,3087.9,2,0,0.0,13.28
30880,3088.0,2,0,0.0,13.32
30881,3088.1,2,0,0.0,13.3
30882,3088.2,2,0,0.0,13.34
30883,3088.3,2,0,0.0,13.32
30884,3088.4,2,0,0.0,13.27
30885,3088.5,2,0,0.0,13.34
30886,3088.6,2,0,0.0,13.33
30887,3088.7,2,0,0.0,13.36
30888,3088.8,2,0,0.0,13.31
30889,3088.9,2,0,0.0,13.3
30890,3089.0,3,0,0.0,13.58
30891,3089.1,3,0,0.0,13.52
30892,3089.2,3,0,0.0,13.59
30893,3089.3,3,0,0.0,13.57
30894,3089.4,3,0,0.0,13.54
30895,3089.5,3,0,0.0,13.5
30896,3089.6,3,0,0.0,13.51
30897,3089.7,3,0,0.0,13.49
30898,3089.8,3,0,0.0,13.51
30899,3089.9,4,0,0.0,12.63
30900,3090.0,4,0,0.0,12.63
30901,3090.1,3,1,0.0,13.56
30902,3090.2,3,0,0.0,13.5
30903,3090.3,3,0,0.0,13.51
30904,3090.4,3,0,0.0,13.53
30905,3090.5,3,0,0.0,13.51
30906,3090.6,3,0,0.0,13.52
30907,3090.7,3,0,0.0,13.55
30908,3090.8,3,0,0.0,13.52
30909,3090.9,3,0,0.0,13.48
30910,3091.0,2,1,0.0,13.88
30911,3091.1,2,0,0.0,13.89
30912,3091.2,2,0,0.0,13.92
30913,3091.3,2,0,0.0,13.91
30914,3091.4,2,0,0.0,13.88
30915,3091.5,2,0,0.0,13.94
30916,3091.6,2,0,0.0,13.94
30917,3091.7,2,0,0.0,13.91
30918,3091.8,2,0,0.0,13.93
30919,3091.9,2,0,0.0,13.95
30920,3092.0,2,0,0.0,13.91
30921,3092.1,3,0,0.0,13.95
30922,3092.2,3,0,0.0,13.92
30923,3092.3,3,0,0.0,13.93
30924,3092.4,3,0,0.0,13.92
30925,3092.5,2,1,0.0,13.92
30926,3092.6,2,0,0.0,13.97
30927,3092.7,1,1,0.0,13.93
30928,3092.8,1,0,0.0,13.91
30929,3092.9,1,0,0.0,13.95
30930,3093.0,1,0,0.0,13.87
30931,3093.1,1,0,0.0,13.95
30932,3093.2,1,0,0.0,13.98
30933,3093.3,1,0,0.0,13.94
30934,3093.4,1,0,0.0,13.96
30935,3093.5,1,0,0.0,13.91
30936,3093.6,1,0,0.0,13.91
30937,3093.7,1,0,0.0,13.93
30938,3093.8,1,0,0.0,13.99
30939,3093.9,1,0,0.0,13.97
30940,3094.0,1,0,0.0,13.96
30941,3094.1,1,0,0.0,13.87
30942,3094.2,1,0,0.0,13.89
30943,3094.3,1,0,0.0,13.89
30944,3094.4,1,0,0.0,13.96
30945,3094.5,1,0,0.0,14.0
30946,3094.6,1,0,0.0,13.99
30947,3094.7,2,0,0.0,13.85
30948,3094.8,2,0,0.0,13.77
30949,3094.9,2,0,0.0,13.84
30950,3095.0,2,0,0.0,13.77
30951,3095.1,2,0,0.0,13.82
30952,3095.2,2,0,0.0,13.76
30953,3095.3,2,0,0.0,13.82
30954,3095.4,2,0,0.0,13.79
30955,3095.5,2,0,0.0,13.82
30956,3095.6,2,0,0.0,13.79
30957,3095.7,2,0,0.0,13.8
30958,3095.8,2,0,0.0,13.8
30959,3095.9,3,0,0.0,13.85
30960,3096.0,3,0,0.0,13.82
30961,3096.1,3,0,0.0,13.84
30962,3096.2,3,0,0.0,13.83
30963,3096.3,3,0,0.0,13.8
30964,3096.4,3,0,0.0,13.85
30965,3096.5,3,0,0.0,13.85
30966,3096.6,3,0,0.0,13.86
30967,3096.7,3,0,0.0,13.83
30968,3096.8,3,0,0.0,13.84
30969,3096.9,3,0,0.0,13.81
30970,3097.0,3,0,0.0,13.83
30971,3097.1,4,0,0.0,13.89
30972,3097.2,4,0,0.0,13.87
30973,3097.3,4,0,0.0,13.83
30974,3097.4,4,0,0.0,13.87
30975,3097.5,4,0,0.0,13.89
30976,3097.6,4,0,0.0,13.88
30977,3097.7,3,1,0.0,13.83
30978,3097.8,4,0,0.0,12.9
30979,3097.9,4,0,0.0,12.9
30980,3098.0,4,0,0.0,12.91
30981,3098.1,4,0,0.0,12.87
30982,3098.2,3,1,0.0,12.54
30983,3098.3,3,0,0.0,12.5
30984,3098.4,3,0,0.0,12.54
30985,3098.5,3,0,0.0,12.56
30986,3098.6,3,0,0.0,12.55
30987,3098.7,3,0,0.0,12.54
30988,3098.8,3,0,0.0,12.5
30989,3098.9,3,0,0.0,12.51
30990,3099.0,3,0,0.0,12.53
30991,3099.1,3,0,0.0,12.53
30992,3099.2,3,0,0.0,12.49
30993,3099.3,3,0,0.0,12.52
30994,3099.4,2,1,0.0,11.8
30995,3099.5,2,0,0.0,11.79
30996,3099.6,2,0,0.0,11.81
30997,3099.7,2,0,0.0,11.82
30998,3099.8,2,0,0.0,11.81
30999,3099.9,2,0,0.0,11.81
31000,3100.0,2,0,0.0,11.85
31001,3100.1,3,0,0.0,11.2
31002,3100.2,3,0,0.0,11.2
31003,3100.3,4,0,0.0,11.49
31004,3100.4,4,0,0.0,11.46
31005,3100.5,4,0,0.0,11.44
31006,3100.6,4,0,0.0,11.46
31007,3100.7,4,0,0.0,11.43
31008,3100.8,4,0,0.0,11.38
31009,3100.9,4,0,0.0,11.38
31010,3101.0,4,0,0.0,11.36
31011,3101.1,4,0,0.0,11.36
31012,3101.2,4,0,0.0,11.31
31013,3101.3,4,0,0.0,11.33
31014,3101.4,4,0,0.0,11.31
31015,3101.5,4,0,0.0,11.3
31016,3101.6,4,0,0.0,11.28
31017,3101.7,4,0,0.0,11.26
31018,3101.8,4,0,0.0,11.27
31019,3101.9,4,0,0.0,11.29
31020,3102.0,4,0,0.0,11.26
31021,3102.1,5,0,0.0,11.75
31022,3102.2,5,0,0.0,11.7
31023,3102.3,5,0,0.0,11.72
31024,3102.4,5,0,0.0,11.7
31025,3102.5,5,0,0.0,11.71
31026,3102.6,5,0,0.0,11.67
31027,3102.7,4,1,0.0,11.17
31028,3102.8,4,0,0.0,11.18
31029,3102.9,4,0,0.0,11.18
31030,3103.0,4,0,0.0,11.16
31031,3103.1,4,0,0.0,11.13
31032,3103.2,4,0,0.0,11.13
31033,3103.3,4,0,0.0,11.13
31034,3103.4,4,0,0.0,11.12
31035,3103.5,4,0,0.0,11.14
31036,3103.6,4,0,0.0,11.11
31037,3103.7,4,0,0.0,11.12
31038,3103.8,4,0,0.0,11.11
31039,3103.9,4,0,0.0,11.11
31040,3104.0,3,1,0.0,10.25
31041,3104.1,3,0,0.0,10.23
31042,3104.2,3,0,0.0,10.22
31043,3104.3,3,0,0.0,10.21
31044,3104.4,2,1,0.0,10.29
31045,3104.5,2,0,0.0,10.29
31046,3104.6,3,0,0.0,11.3
31047,3104.7,3,0,0.0,11.27
31048,3104.8,3,0,0.0,11.24
31049,3104.9,3,0,0.0,11.25
31050,3105.0,3,0,0.0,11.25
31051,3105.1,3,0,0.0,11.28
31052,3105.2,3,0,0.0,11.28
31053,3105.3,3,0,0.0,11.25
31054,3105.4,3,0,0.0,11.28
31055,3105.5,3,0,0.0,11.21
31056,3105.6,3,0,0.0,11.21
31057,3105.7,3,0,0.0,11.24
31058,3105.8,3,0,0.0,11.23
31059,3105.9,3,0,0.0,11.23
31060,3106.0,4,0,0.0,11.89
31061,3106.1,4,0,0.0,11.87
31062,3106.2,4,0,0.0,11.89
31063,3106.3,4,0,0.0,11.86
31064,3106.4,4,0,0.0,11.88
31065,3106.5,4,0,0.0,11.88
31066,3106.6,4,0,0.0,11.87
31067,3106.7,4,0,0.0,11.9
31068,3106.8,4,0,0.0,11.91
31069,3106.9,4,0,0.0,11.86
31070,3107.0,5,0,0.0,12.2
31071,3107.1,5,0,0.0,12.15
31072,3107.2,5,0,0.0,12.15
31073,3107.3,5,0,0.0,12.14
31074,3107.4,5,0,0.0,12.15
31075,3107.5,5,0,0.0,12.13
31076,3107.6,4,1,0.0,11.84
31077,3107.7,4,0,0.0,11.84
31078,3107.8,4,0,0.0,11.88
31079,3107.9,4,0,0.0,11.85
31080,3108.0,4,0,0.0,11.87
31081,3108.1,4,0,0.0,11.86
31082,3108.2,3,1,0.0,11.35
31083,3108.3,3,0,0.0,11.33
31084,3108.4,3,0,0.0,11.35
31085,3108.5,3,0,0.0,11.36
31086,3108.6,3,0,0.0,11.33
31087,3108.7,3,0,0.0,11.33
31088,3108.8,3,0,0.0,11.38
31089,3108.9,3,0,0.0,11.38
31090,3109.0,3,0,0.0,11.37
31091,3109.1,3,0,0.0,11.35
31092,3109.2,3,0,0.0,11.35
31093,3109.3,3,0,0.0,11.35
31094,3109.4,3,0,0.0,11.35
31095,3109.5,3,0,0.0,11.31
31096,3109.6,3,0,0.0,11.36
31097,3109.7,3,0,0.0,11.37
31098,3109.8,3,0,0.0,11.35
31099,3109.9,3,0,0.0,11.34
31100,3110.0,2,1,0.0,12.03
31101,3110.1,2,0,0.0,12.13
31102,3110.2,2,0,0.0,12.21
31103,3110.3,2,0,0.0,12.37
31104,3110.4,2,0,0.0,12.45
31105,3110.5,2,0,0.0,12.51
31106,3110.6,2,0,0.0,12.57
31107,3110.7,2,0,0.0,12.66
31108,3110.8,2,0,0.0,12.72
31109,3110.9,2,0,0.0,12.84
31110,3111.0,2,0,0.0,12.91
31111,3111.1,2,0,0.0,13.0
31112,3111.2,2,0,0.0,13.11
31113,3111.3,2,0,0.0,13.19
31114,3111.4,2,0,0.0,13.28
31115,3111.5,2,0,0.0,13.36
31116,3111.6,2,0,0.0,13.41
31117,3111.7,3,0,0.0,13.61
31118,3111.8,3,0,0.0,13.6
31119,3111.9,3,0,0.0,13.57
31120,3112.0,3,1,0.0,13.11
31121,3112.1,3,0,0.0,13.06
31122,3112.2,3,0,0.0,13.1
31123,3112.3,3,0,0.0,13.1
31124,3112.4,3,0,0.0,13.11
31125,3112.5,3,0,0.0,13.08
31126,3112.6,3,0,0.0,13.09
31127,3112.7,2,1,0.0,13.9
31128,3112.8,2,0,0.0,13.9
31129,3112.9,2,0,0.0,13.96
31130,3113.0,2,0,0.0,13.94
31131,3113.1,2,0,0.0,13.95
31132,3113.2,2,0,0.0,13.99
31133,3113.3,3,0,0.0,13.98
31134,3113.4,3,0,0.0,13.93
31135,3113.5,3,0,0.0,13.92
31136,3113.6,3,0,0.0,13.96
31137,3113.7,3,0,0.0,13.94
31138,3113.8,3,0,0.0,13.95
31139,3113.9,3,0,0.0,13.94
31140,3114.0,3,0,0.0,13.92
31141,3114.1,3,0,0.0,13.92
31142,3114.2,3,0,0.0,13.94
31143,3114.3,3,0,0.0,13.92
31144,3114.4,3,0,0.0,13.96
31145,3114.5,3,0,0.0,13.93
31146,3114.6,3,0,0.0,13.91
31147,3114.7,3,0,0.0,13.92
31148,3114.8,3,0,0.0,13.92
31149,3114.9,3,0,0.0,13.94
31150,3115.0,3,0,0.0,13.93
31151,3115.1,3,0,0.0,13.92
31152,3115.2,2,1,0.0,13.91
31153,3115.3,2,0,0.0,13.91
31154,3115.4,2,0,0.0,13.96
31155,3115.5,2,0,0.0,13.97
31156,3115.6,2,0,0.0,13.93
31157,3115.7,2,0,0.0,13.91
31158,3115.8,2,0,0.0,13.89
31159,3115.9,2,0,0.0,13.97
31160,3116.0,2,0,0.0,13.97
31161,3116.1,2,0,0.0,13.91
31162,3116.2,2,0,0.0,13.9
31163,3116.3,2,0,0.0,13.95
31164,3116.4,2,0,0.0,13.97
31165,3116.5,2,0,0.0,13.93
31166,3116.6,2,0,0.0,13.97
31167,3116.7,2,0,0.0,13.9
31168,3116.8,1,1,0.0,13.98
31169,3116.9,1,0,0.0,13.95
31170,3117.0,2,0,0.0,13.94
31171,3117.1,2,0,0.0,13.88
31172,3117.2,2,0,0.0,13.93
31173,3117.3,2,0,0.0,13.91
31174,3117.4,3,0,0.0,13.96
31175,3117.5,3,0,0.0,13.9
31176,3117.6,2,1,0.0,13.91
31177,3117.7,2,0,0.0,13.89
31178,3117.8,2,0,0.0,13.94
31179,3117.9,2,0,0.0,13.93
31180,3118.0,2,0,0.0,13.97
31181,3118.1,2,0,0.0,13.93
31182,3118.2,3,0,0.0,12.65
31183,3118.3,3,0,0.0,12.6
31184,3118.4,2,1,0.0,13.98
31185,3118.5,2,0,0.0,13.9
31186,3118.6,2,0,0.0,13.95
31187,3118.7,2,0,0.0,13.97
31188,3118.8,2,0,0.0,13.88
31189,3118.9,2,0,0.0,13.95
31190,3119.0,2,0,0.0,13.88
31191,3119.1,2,0,0.0,13.93
31192,3119.2,2,0,0.0,13.93
31193,3119.3,2,0,0.0,13.93
31194,3119.4,2,0,0.0,13.97
31195,3119.5,2,0,0.0,13.98
31196,3119.6,2,0,0.0,13.94
31197,3119.7,2,0,0.0,13.97
31198,3119.8,2,0,0.0,13.94
31199,3119.9,2,0,0.0,13.94
31200,3120.0,2,0,0.0,13.97
31201,3120.1,2,0,0.0,13.93
31202,3120.2,2,0,0.0,13.98
31203,3120.3,2,0,0.0,13.95
31204,3120.4,2,0,0.0,13.94
31205,3120.5,2,0,0.0,13.94
31206,3120.6,2,0,0.0,13.96
31207,3120.7,2,0,0.0,13.98
31208,3120.8,2,0,0.0,13.92
31209,3120.9,1,1,0.0,13.98
31210,3121.0,1,0,0.0,13.89
31211,3121.1,1,0,0.0,13.88
31212,3121.2,1,0,0.0,13.89
31213,3121.3,1,0,0.0,13.98
31214,3121.4,1,0,0.0,13.92
31215,3121.5,1,0,0.0,13.88
31216,3121.6,1,0,0.0,13.97
31217,3121.7,1,0,0.0,13.91
31218,3121.8,1,0,0.0,13.92
31219,3121.9,1,0,0.0,13.91
31220,3122.0,3,0,0.0,13.57
31221,3122.1,3,0,0.0,13.54
31222,3122.2,3,0,0.0,13.54
31223,3122.3,3,0,0.0,13.54
31224,3122.4,3,0,0.0,13.51
31225,3122.5,3,0,0.0,13.54
31226,3122.6,2,1,0.0,13.36
31227,3122.7,2,0,0.0,13.31
31228,3122.8,2,0,0.0,13.38
31229,3122.9,2,0,0.0,13.34
31230,3123.0,3,0,0.0,13.57
31231,3123.1,3,0,0.0,13.59
31232,3123.2,3,0,0.0,13.52
31233,3123.3,3,0,0.0,13.53
31234,3123.4,3,0,0.0,13.53
31235,3123.5,3,0,0.0,13.57
31236,3123.6,3,0,0.0,13.54
31237,3123.7,3,0,0.0,13.57
31238,3123.8,3,0,0.0,13.53
31239,3123.9,3,0,0.0,13.6
31240,3124.0,3,0,0.0,13.56
31241,3124.1,3,0,0.0,13.54
31242,3124.2,3,0,0.0,13.55
31243,3124.3,3,0,0.0,13.56
31244,3124.4,3,0,0.0,13.55
31245,3124.5,3,0,0.0,13.57
31246,3124.6,3,0,0.0,13.53
31247,3124.7,3,0,0.0,13.57
31248,3124.8,3,0,0.0,13.54
31249,3124.9,3,0,0.0,13.6
31250,3125.0,3,0,0.0,13.54
31251,3125.1,3,0,0.0,13.54
31252,3125.2,3,0,0.0,13.53
31253,3125.3,3,0,0.0,13.52
31254,3125.4,3,0,0.0,13.53
31255,3125.5,3,0,0.0,13.53
31256,3125.6,3,0,0.0,13.54
31257,3125.7,3,0,0.0,13.53
31258,3125.8,2,1,0.0,13.94
31259,3125.9,2,0,0.0,13.93
31260,3126.0,2,0,0.0,13.95
31261,3126.1,2,0,0.0,13.96
31262,3126.2,2,0,0.0,13.96
31263,3126.3,2,0,0.0,13.97
31264,3126.4,2,0,0.0,13.94
31265,3126.5,2,0,0.0,13.91
31266,3126.6,1,1,0.0,13.9
31267,3126.7,1,0,0.0,13.89
31268,3126.8,1,0,0.0,13.98
31269,3126.9,1,0,0.0,13.9
31270,3127.0,2,0,0.0,13.68
31271,3127.1,2,0,0.0,13.65
31272,3127.2,2,0,0.0,13.61
31273,3127.3,2,0,0.0,13.66
31274,3127.4,2,0,0.0,13.61
31275,3127.5,2,0,0.0,13.69
31276,3127.6,1,1,0.0,13.98
31277,3127.7,1,0,0.0,13.96
31278,3127.8,1,0,0.0,13.89
31279,3127.9,1,0,0.0,13.96
31280,3128.0,1,0,0.0,13.92
31281,3128.1,1,0,0.0,13.89
31282,3128.2,1,0,0.0,13.93
31283,3128.3,1,0,0.0,13.89
31284,3128.4,1,0,0.0,13.96
31285,3128.5,1,0,0.0,13.88
31286,3128.6,1,0,0.0,13.92
31287,3128.7,2,0,0.0,13.97
31288,3128.8,2,0,0.0,13.9
31289,3128.9,2,0,0.0,13.96
31290,3129.0,2,0,0.0,13.92
31291,3129.1,2,0,0.0,13.89
31292,3129.2,2,0,0.0,13.95
31293,3129.3,2,0,0.0,13.95
31294,3129.4,2,0,0.0,13.95
31295,3129.5,2,0,0.0,13.92
31296,3129.6,2,0,0.0,13.95
31297,3129.7,2,0,0.0,13.93
31298,3129.8,2,0,0.0,13.91
31299,3129.9,2,0,0.0,13.98
31300,3130.0,2,0,0.0,13.92
31301,3130.1,2,0,0.0,13.91
31302,3130.2,2,0,0.0,13.93
31303,3130.3,2,0,0.0,13.94
31304,3130.4,2,0,0.0,13.96
31305,3130.5,2,0,0.0,13.99
31306,3130.6,2,0,0.0,13.98
31307,3130.7,3,0,0.0,13.99
31308,3130.8,3,0,0.0,13.94
31309,3130.9,3,0,0.0,13.95
31310,3131.0,3,0,0.0,13.95
31311,3131.1,3,0,0.0,13.93
31312,3131.2,3,0,0.0,13.94
31313,3131.3,3,0,0.0,13.97
31314,3131.4,3,0,0.0,13.99
31315,3131.5,3,0,0.0,13.92
31316,3131.6,3,0,0.0,13.95
31317,3131.7,3,0,0.0,13.96
31318,3131.8,3,0,0.0,13.92
31319,3131.9,4,0,0.0,13.46
31320,3132.0,4,0,0.0,13.42
31321,3132.1,4,0,0.0,13.4
31322,3132.2,3,1,0.0,13.26
31323,3132.3,3,0,0.0,13.24
31324,3132.4,3,0,0.0,13.3
31325,3132.5,2,1,0.0,13.93
31326,3132.6,2,0,0.0,13.92
31327,3132.7,2,0,0.0,13.99
31328,3132.8,2,0,0.0,13.93
31329,3132.9,2,0,0.0,13.89
31330,3133.0,2,0,0.0,13.97
31331,3133.1,2,0,0.0,13.91
31332,3133.2,2,0,0.0,13.95
31333,3133.3,2,0,0.0,13.9
31334,3133.4,2,0,0.0,13.97
31335,3133.5,2,0,0.0,13.94
31336,3133.6,2,0,0.0,13.94
31337,3133.7,2,0,0.0,13.96
31338,3133.8,2,0,0.0,13.99
31339,3133.9,2,0,0.0,13.92
31340,3134.0,2,0,0.0,13.92
31341,3134.1,2,0,0.0,13.95
31342,3134.2,1,1,0.0,13.96
31343,3134.3,1,0,0.0,13.96
31344,3134.4,2,0,0.0,13.95
31345,3134.5,2,0,0.0,13.94
31346,3134.6,2,0,0.0,13.92
31347,3134.7,2,0,0.0,13.93
31348,3134.8,2,0,0.0,13.93
31349,3134.9,2,0,0.0,13.98
31350,3135.0,2,0,0.0,13.95
31351,3135.1,2,0,0.0,13.92
31352,3135.2,2,0,0.0,13.92
31353,3135.3,2,0,0.0,13.98
31354,3135.4,2,0,0.0,13.96
31355,3135.5,2,0,0.0,13.9
31356,3135.6,2,0,0.0,13.9
31357,3135.7,2,0,0.0,13.95
31358,3135.8,2,0,0.0,13.95
31359,3135.9,2,0,0.0,13.94
31360,3136.0,2,0,0.0,13.94
31361,3136.1,2,0,0.0,13.95
31362,3136.2,2,0,0.0,13.96
31363,3136.3,2,0,0.0,13.99
31364,3136.4,2,0,0.0,13.94
31365,3136.5,2,0,0.0,13.96
31366,3136.6,2,0,0.0,13.9
31367,3136.7,2,0,0.0,13.94
31368,3136.8,2,0,0.0,13.9
31369,3136.9,3,0,0.0,13.94
31370,3137.0,3,0,0.0,13.93
31371,3137.1,3,0,0.0,13.93
31372,3137.2,3,0,0.0,13.94
31373,3137.3,3,0,0.0,13.94
31374,3137.4,3,0,0.0,13.96
31375,3137.5,2,1,0.0,13.97
31376,3137.6,2,0,0.0,13.98
31377,3137.7,2,0,0.0,13.93
31378,3137.8,2,0,0.0,13.96
31379,3137.9,1,1,0.0,13.97
31380,3138.0,1,0,0.0,13.97
31381,3138.1,1,0,0.0,13.97
31382,3138.2,1,0,0.0,13.96
31383,3138.3,1,0,0.0,13.99
31384,3138.4,1,0,0.0,13.9
31385,3138.5,1,0,0.0,13.94
31386,3138.6,1,0,0.0,13.98
31387,3138.7,1,0,0.0,13.92
31388,3138.8,1,0,0.0,13.96
31389,3138.9,1,0,0.0,13.92
31390,3139.0,1,0,0.0,13.89
31391,3139.1,1,0,0.0,13.94
31392,3139.2,1,0,0.0,13.94
31393,3139.3,1,0,0.0,13.93
31394,3139.4,2,0,0.0,13.37
31395,3139.5,2,0,0.0,13.33
31396,3139.6,3,0,0.0,12.23
31397,3139.7,3,0,0.0,12.25
31398,3139.8,3,0,0.0,12.21
31399,3139.9,3,0,0.0,12.24
31400,3140.0,3,0,0.0,12.25
31401,3140.1,3,0,0.0,12.23
31402,3140.2,3,0,0.0,12.24
31403,3140.3,3,0,0.0,12.24
31404,3140.4,4,0,0.0,10.86
31405,3140.5,4,0,0.0,10.82
31406,3140.6,4,0,0.0,10.86
31407,3140.7,4,0,0.0,10.94
31408,3140.8,4,0,0.0,10.93
31409,3140.9,4,0,0.0,10.94
31410,3141.0,4,0,0.0,11.0
31411,3141.1,4,0,0.0,11.03
31412,3141.2,4,0,0.0,11.03
31413,3141.3,4,0,0.0,11.08
31414,3141.4,4,0,0.0,11.06
31415,3141.5,4,0,0.0,11.11
31416,3141.6,4,0,0.0,11.1
31417,3141.7,4,0,0.0,11.15
31418,3141.8,4,0,0.0,11.17
31419,3141.9,5,0,0.0,11.74
31420,3142.0,5,0,0.0,11.76
31421,3142.1,5,0,0.0,11.77
31422,3142.2,5,0,0.0,11.77
31423,3142.3,5,0,0.0,11.79
31424,3142.4,5,0,0.0,11.79
31425,3142.5,4,1,0.0,11.29
31426,3142.6,4,0,0.0,11.29
31427,3142.7,4,0,0.0,11.32
31428,3142.8,4,0,0.0,11.35
31429,3142.9,4,0,0.0,11.32
31430,3143.0,4,0,0.0,11.36
31431,3143.1,4,0,0.0,11.32
31432,3143.2,3,1,0.0,10.93
31433,3143.3,3,0,0.0,10.92
31434,3143.4,3,0,0.0,10.92
31435,3143.5,3,0,0.0,10.96
31436,3143.6,2,1,0.0,9.47
31437,3143.7,2,0,0.0,9.44
31438,3143.8,2,0,0.0,9.5
31439,3143.9,2,0,0.0,9.46
31440,3144.0,2,0,0.0,9.54
31441,3144.1,2,0,0.0,9.51
31442,3144.2,2,0,0.0,9.55
31443,3144.3,2,0,0.0,9.58
31444,3144.4,2,0,0.0,9.53
31445,3144.5,2,0,0.0,9.59
31446,3144.6,2,0,0.0,9.6
31447,3144.7,2,0,0.0,9.65
31448,3144.8,2,0,0.0,9.6
31449,3144.9,2,0,0.0,9.63
31450,3145.0,2,0,0.0,9.68
31451,3145.1,2,0,0.0,9.63
31452,3145.2,2,0,0.0,9.67
31453,3145.3,2,0,0.0,9.7
31454,3145.4,2,0,0.0,9.69
31455,3145.5,2,0,0.0,9.69
31456,3145.6,2,0,0.0,9.69
31457,3145.7,2,0,0.0,9.75
31458,3145.8,3,0,0.0,11.16
31459,3145.9,3,0,0.0,11.11
31460,3146.0,3,0,0.0,11.13
31461,3146.1,3,0,0.0,11.14
31462,3146.2,3,0,0.0,11.12
31463,3146.3,3,0,0.0,11.12
31464,3146.4,3,0,0.0,11.13
31465,3146.5,3,0,0.0,11.13
31466,3146.6,4,0,0.0,10.88
31467,3146.7,4,0,0.0,10.87
31468,3146.8,3,1,0.0,11.18
31469,3146.9,4,0,0.0,11.22
31470,3147.0,4,0,0.0,11.22
31471,3147.1,4,0,0.0,11.21
31472,3147.2,4,0,0.0,11.23
31473,3147.3,4,0,0.0,11.21
31474,3147.4,4,0,0.0,11.21
31475,3147.5,4,0,0.0,11.2
31476,3147.6,3,1,0.0,11.21
31477,3147.7,3,0,0.0,11.21
31478,3147.8,3,0,0.0,11.22
31479,3147.9,3,0,0.0,11.18
31480,3148.0,3,0,0.0,11.19
31481,3148.1,4,0,0.0,11.83
31482,3148.2,4,0,0.0,11.83
31483,3148.3,4,0,0.0,11.8
31484,3148.4,4,0,0.0,11.83
31485,3148.5,4,0,0.0,11.84
31486,3148.6,4,0,0.0,11.84
31487,3148.7,4,0,0.0,11.82
31488,3148.8,4,0,0.0,11.83
31489,3148.9,4,0,0.0,11.81
31490,3149.0,4,0,0.0,11.84
31491,3149.1,4,0,0.0,11.85
31492,3149.2,4,0,0.0,11.84
31493,3149.3,4,0,0.0,11.79
31494,3149.4,4,0,0.0,11.76
31495,3149.5,4,0,0.0,11.79
31496,3149.6,4,0,0.0,11.74
31497,3149.7,4,0,0.0,11.71
31498,3149.8,4,0,0.0,11.71
31499,3149.9,4,0,0.0,11.67
31500,3150.0,4,0,0.0,11.66
31501,3150.1,4,0,0.0,11.64
31502,3150.2,4,0,0.0,11.64
31503,3150.3,4,0,0.0,11.61
31504,3150.4,4,0,0.0,11.57
31505,3150.5,4,0,0.0,11.61
31506,3150.6,4,0,0.0,11.55
31507,3150.7,4,0,0.0,11.52
31508,3150.8,4,0,0.0,11.54
31509,3150.9,4,0,0.0,11.52
31510,3151.0,4,0,0.0,11.48
31511,3151.1,4,0,0.0,11.46
31512,3151.2,4,0,0.0,11.46
31513,3151.3,4,0,0.0,11.44
31514,3151.4,5,0,0.0,11.88
31515,3151.5,5,0,0.0,11.86
31516,3151.6,4,1,0.0,11.4
31517,3151.7,4,0,0.0,11.34
31518,3151.8,3,1,0.0,11.77
31519,3151.9,4,0,0.0,12.38
31520,3152.0,4,0,0.0,12.41
31521,3152.1,4,0,0.0,12.51
31522,3152.2,4,0,0.0,12.54
31523,3152.3,4,0,0.0,12.64
31524,3152.4,4,0,0.0,12.71
31525,3152.5,3,1,0.0,12.4
31526,3152.6,3,0,0.0,12.55
31527,3152.7,3,0,0.0,12.64
31528,3152.8,3,0,0.0,12.73
31529,3152.9,3,0,0.0,12.86
31530,3153.0,3,0,0.0,13.0
31531,3153.1,3,0,0.0,13.11
31532,3153.2,3,0,0.0,13.17
31533,3153.3,3,0,0.0,13.3
31534,3153.4,3,0,0.0,13.39
31535,3153.5,3,0,0.0,13.48
31536,3153.6,3,0,0.0,13.57
31537,3153.7,2,1,0.0,13.72
31538,3153.8,2,0,0.0,13.74
31539,3153.9,2,0,0.0,13.79
31540,3154.0,2,0,0.0,13.79
31541,3154.1,2,0,0.0,13.75
31542,3154.2,2,0,0.0,13.74
31543,3154.3,2,0,0.0,13.77
31544,3154.4,2,0,0.0,13.73
31545,3154.5,2,0,0.0,13.72
31546,3154.6,2,0,0.0,13.73
31547,3154.7,2,0,0.0,13.78
31548,3154.8,2,0,0.0,13.74
31549,3154.9,2,0,0.0,13.7
31550,3155.0,2,0,0.0,13.74
31551,3155.1,2,0,0.0,13.77
31552,3155.2,2,0,0.0,13.76
31553,3155.3,1,1,0.0,13.62
31554,3155.4,1,0,0.0,13.57
31555,3155.5,1,0,0.0,13.51
31556,3155.6,1,0,0.0,13.52
31557,3155.7,1,0,0.0,13.61
31558,3155.8,1,0,0.0,13.56
31559,3155.9,1,0,0.0,13.51
31560,3156.0,1,0,0.0,13.61
31561,3156.1,1,0,0.0,13.58
31562,3156.2,1,0,0.0,13.58
31563,3156.3,1,0,0.0,13.55
31564,3156.4,1,0,0.0,13.6
31565,3156.5,1,0,0.0,13.53
31566,3156.6,1,0,0.0,13.58
31567,3156.7,1,0,0.0,13.62
31568,3156.8,3,0,0.0,13.64
31569,3156.9,3,0,0.0,13.64
31570,3157.0,3,0,0.0,13.62
31571,3157.1,4,0,0.0,13.51
31572,3157.2,4,0,0.0,13.47
31573,3157.3,4,0,0.0,13.49
31574,3157.4,3,1,0.0,13.55
31575,3157.5,3,0,0.0,13.54
31576,3157.6,3,0,0.0,13.55
31577,3157.7,3,0,0.0,13.51
31578,3157.8,3,0,0.0,13.5
31579,3157.9,3,0,0.0,13.53
31580,3158.0,3,0,0.0,13.54
31581,3158.1,3,0,0.0,13.53
31582,3158.2,3,0,0.0,13.55
31583,3158.3,3,0,0.0,13.52
31584,3158.4,3,0,0.0,13.54
31585,3158.5,3,0,0.0,13.57
31586,3158.6,3,0,0.0,13.51
31587,3158.7,3,0,0.0,13.53
31588,3158.8,3,0,0.0,13.55
31589,3158.9,3,0,0.0,13.57
31590,3159.0,3,0,0.0,13.54
31591,3159.1,3,0,0.0,13.54
31592,3159.2,3,0,0.0,13.55
31593,3159.3,3,0,0.0,13.55
31594,3159.4,3,0,0.0,13.55
31595,3159.5,3,0,0.0,13.51
31596,3159.6,3,0,0.0,13.54
31597,3159.7,3,0,0.0,13.56
31598,3159.8,3,0,0.0,13.57
31599,3159.9,3,0,0.0,13.52
31600,3160.0,3,0,0.0,13.52
31601,3160.1,3,0,0.0,13.57
31602,3160.2,3,0,0.0,13.56
31603,3160.3,2,1,0.0,13.31
31604,3160.4,2,0,0.0,13.35
31605,3160.5,2,0,0.0,13.32
31606,3160.6,2,0,0.0,13.34
31607,3160.7,2,0,0.0,13.3
31608,3160.8,1,1,0.0,13.09
31609,3160.9,1,0,0.0,13.14
31610,3161.0,1,0,0.0,13.16
31611,3161.1,1,0,0.0,13.08
31612,3161.2,1,0,0.0,13.06
31613,3161.3,1,0,0.0,13.07
31614,3161.4,1,0,0.0,13.13
31615,3161.5,1,0,0.0,13.06
31616,3161.6,1,0,0.0,13.14
31617,3161.7,1,0,0.0,13.07
31618,3161.8,2,0,0.0,12.28
31619,3161.9,2,0,0.0,12.2
31620,3162.0,2,0,0.0,12.28
31621,3162.1,2,0,0.0,12.26
31622,3162.2,2,0,0.0,12.22
31623,3162.3,2,0,0.0,12.21
31624,3162.4,2,0,0.0,12.21
31625,3162.5,1,1,0.0,13.09
31626,3162.6,1,0,0.0,13.05
31627,3162.7,1,0,0.0,13.08
31628,3162.8,2,0,0.0,12.94
31629,3162.9,2,0,0.0,12.88
31630,3163.0,2,0,0.0,12.85
31631,3163.1,2,0,0.0,12.86
31632,3163.2,2,0,0.0,12.87
31633,3163.3,2,0,0.0,12.85
31634,3163.4,2,0,0.0,12.86
31635,3163.5,2,0,0.0,12.92
31636,3163.6,2,0,0.0,12.91
31637,3163.7,2,0,0.0,12.9
31638,3163.8,2,0,0.0,12.9
31639,3163.9,2,0,0.0,12.9
31640,3164.0,2,0,0.0,12.88
31641,3164.1,2,0,0.0,12.92
31642,3164.2,2,0,0.0,12.95
31643,3164.3,2,0,0.0,12.86
31644,3164.4,2,0,0.0,12.84
31645,3164.5,2,0,0.0,12.88
31646,3164.6,2,0,0.0,12.88
31647,3164.7,2,0,0.0,12.94
31648,3164.8,2,0,0.0,12.89
31649,3164.9,2,0,0.0,12.86
31650,3165.0,2,0,0.0,12.93
31651,3165.1,2,0,0.0,12.86
31652,3165.2,2,0,0.0,12.91
31653,3165.3,2,0,0.0,12.87
31654,3165.4,2,0,0.0,12.88
31655,3165.5,3,0,0.0,12.89
31656,3165.6,3,0,0.0,12.91
31657,3165.7,3,0,0.0,12.89
31658,3165.8,3,0,0.0,12.9
31659,3165.9,3,0,0.0,12.9
31660,3166.0,3,0,0.0,12.87
31661,3166.1,3,0,0.0,12.91
31662,3166.2,3,0,0.0,12.92
31663,3166.3,3,0,0.0,12.94
31664,3166.4,3,0,0.0,12.9
31665,3166.5,3,0,0.0,12.9
31666,3166.6,3,0,0.0,12.91
31667,3166.7,3,0,0.0,12.92
31668,3166.8,3,1,0.0,13.2
31669,3166.9,3,0,0.0,13.17
31670,3167.0,3,0,0.0,13.19
31671,3167.1,3,0,0.0,13.17
31672,3167.2,3,0,0.0,13.21
31673,3167.3,3,0,0.0,13.2
31674,3167.4,2,1,0.0,12.81
31675,3167.5,2,0,0.0,12.83
31676,3167.6,2,0,0.0,12.76
31677,3167.7,2,0,0.0,12.82
31678,3167.8,2,0,0.0,12.81
31679,3167.9,2,0,0.0,12.76
31680,3168.0,2,0,0.0,12.78
31681,3168.1,2,0,0.0,12.81
31682,3168.2,2,0,0.0,12.77
31683,3168.3,2,0,0.0,12.81
31684,3168.4,2,0,0.0,12.81
31685,3168.5,3,0,0.0,12.62
31686,3168.6,3,0,0.0,12.61
31687,3168.7,3,0,0.0,12.59
31688,3168.8,3,0,0.0,12.6
31689,3168.9,3,0,0.0,12.56
31690,3169.0,3,0,0.0,12.56
31691,3169.1,3,0,0.0,12.62
31692,3169.2,2,1,0.0,12.47
31693,3169.3,2,0,0.0,12.48
31694,3169.4,2,0,0.0,12.45
31695,3169.5,2,0,0.0,12.43
31696,3169.6,2,0,0.0,12.44
31697,3169.7,2,0,0.0,12.43
31698,3169.8,2,0,0.0,12.39
31699,3169.9,2,0,0.0,12.4
31700,3170.0,2,0,0.0,12.46
31701,3170.1,2,0,0.0,12.42
31702,3170.2,2,0,0.0,12.44
31703,3170.3,2,0,0.0,12.45
31704,3170.4,2,0,0.0,12.47
31705,3170.5,2,0,0.0,12.4
31706,3170.6,2,0,0.0,12.39
31707,3170.7,2,0,0.0,12.41
31708,3170.8,2,0,0.0,12.39
31709,3170.9,2,0,0.0,12.45
31710,3171.0,2,0,0.0,12.47
31711,3171.1,2,0,0.0,12.46
31712,3171.2,2,0,0.0,12.42
31713,3171.3,2,0,0.0,12.46
31714,3171.4,2,0,0.0,12.43
31715,3171.5,2,0,0.0,12.46
31716,3171.6,2,0,0.0,12.46
31717,3171.7,2,0,0.0,12.44
31718,3171.8,3,0,0.0,12.97
31719,3171.9,3,0,0.0,12.95
31720,3172.0,3,0,0.0,12.93
31721,3172.1,3,0,0.0,12.96
31722,3172.2,3,0,0.0,12.95
31723,3172.3,3,0,0.0,12.92
31724,3172.4,2,1,0.0,12.44
31725,3172.5,2,0,0.0,12.47
31726,3172.6,2,0,0.0,12.45
31727,3172.7,2,0,0.0,12.43
31728,3172.8,2,0,0.0,12.47
31729,3172.9,1,1,0.0,12.18
31730,3173.0,1,0,0.0,12.22
31731,3173.1,1,0,0.0,12.14
31732,3173.2,1,0,0.0,12.26
31733,3173.3,1,0,0.0,12.15
31734,3173.4,1,0,0.0,12.18
31735,3173.5,1,0,0.0,12.18
31736,3173.6,1,0,0.0,12.19
31737,3173.7,1,0,0.0,12.26
31738,3173.8,1,0,0.0,12.2
31739,3173.9,1,0,0.0,12.15
31740,3174.0,1,0,0.0,12.16
31741,3174.1,1,0,0.0,12.24
31742,3174.2,3,0,0.0,12.48
31743,3174.3,3,0,0.0,12.43
31744,3174.4,3,0,0.0,12.45
31745,3174.5,3,0,0.0,12.46
31746,3174.6,3,0,0.0,12.45
31747,3174.7,3,0,0.0,12.45
31748,3174.8,3,0,0.0,12.4
31749,3174.9,4,0,0.0,11.78
31750,3175.0,4,0,0.0,11.8
31751,3175.1,3,1,0.0,12.44
31752,3175.2,3,0,0.0,12.41
31753,3175.3,3,0,0.0,12.44
31754,3175.4,3,0,0.0,12.44
31755,3175.5,3,0,0.0,12.42
31756,3175.6,3,0,0.0,12.43
31757,3175.7,3,0,0.0,12.43
31758,3175.8,3,0,0.0,12.45
31759,3175.9,3,0,0.0,12.42
31760,3176.0,3,0,0.0,12.42
31761,3176.1,3,0,0.0,12.41
31762,3176.2,3,0,0.0,12.41
31763,3176.3,3,0,0.0,12.42
31764,3176.4,3,0,0.0,12.41
31765,3176.5,3,0,0.0,12.44
31766,3176.6,3,0,0.0,12.4
31767,3176.7,3,0,0.0,12.39
31768,3176.8,4,0,0.0,12.77
31769,3176.9,4,0,0.0,12.76
31770,3177.0,4,0,0.0,12.72
31771,3177.1,4,0,0.0,12.76
31772,3177.2,4,0,0.0,12.75
31773,3177.3,4,0,0.0,12.78
31774,3177.4,3,1,0.0,12.47
31775,3177.5,3,0,0.0,12.41
31776,3177.6,3,0,0.0,12.42
31777,3177.7,2,1,0.0,11.72
31778,3177.8,2,0,0.0,11.63
31779,3177.9,2,0,0.0,11.68
31780,3178.0,2,0,0.0,11.72
31781,3178.1,2,0,0.0,11.7
31782,3178.2,2,0,0.0,11.68
31783,3178.3,2,0,0.0,11.65
31784,3178.4,2,0,0.0,11.69
31785,3178.5,2,0,0.0,11.7
31786,3178.6,2,0,0.0,11.69
31787,3178.7,2,0,0.0,11.67
31788,3178.8,2,0,0.0,11.68
31789,3178.9,2,0,0.0,11.7
31790,3179.0,1,1,0.0,11.13
31791,3179.1,1,0,0.0,11.22
31792,3179.2,1,0,0.0,11.14
31793,3179.3,1,0,0.0,11.17
31794,3179.4,1,0,0.0,11.13
31795,3179.5,1,0,0.0,11.2
31796,3179.6,1,0,0.0,11.12
31797,3179.7,1,0,0.0,11.14
31798,3179.8,2,0,0.0,12.59
31799,3179.9,2,0,0.0,12.56
31800,3180.0,2,0,0.0,12.6
31801,3180.1,2,0,0.0,12.58
31802,3180.2,2,0,0.0,12.5
31803,3180.3,2,0,0.0,12.56
31804,3180.4,2,0,0.0,12.54
31805,3180.5,2,0,0.0,12.55
31806,3180.6,2,0,0.0,12.56
31807,3180.7,2,0,0.0,12.56
31808,3180.8,2,0,0.0,12.59
31809,3180.9,2,0,0.0,12.58
31810,3181.0,2,0,0.0,12.55
31811,3181.1,2,0,0.0,12.57
31812,3181.2,2,0,0.0,12.55
31813,3181.3,2,0,0.0,12.58
31814,3181.4,2,0,0.0,12.57
31815,3181.5,3,0,0.0,11.68
31816,3181.6,3,0,0.0,11.7
31817,3181.7,4,0,0.0,11.73
31818,3181.8,4,0,0.0,11.71
31819,3181.9,4,0,0.0,11.68
31820,3182.0,4,0,0.0,11.71
31821,3182.1,4,0,0.0,11.69
31822,3182.2,4,0,0.0,11.72
31823,3182.3,4,0,0.0,11.71
31824,3182.4,3,1,0.0,11.7
31825,3182.5,3,0,0.0,11.72
31826,3182.6,3,0,0.0,11.71
31827,3182.7,3,0,0.0,11.72
31828,3182.8,3,0,0.0,11.72
31829,3182.9,4,0,0.0,12.17
31830,3183.0,4,0,0.0,12.14
31831,3183.1,4,0,0.0,12.14
31832,3183.2,4,0,0.0,12.15
31833,3183.3,4,0,0.0,12.16
31834,3183.4,4,0,0.0,12.12
31835,3183.5,4,0,0.0,12.15
31836,3183.6,4,0,0.0,12.13
31837,3183.7,4,0,0.0,12.16
31838,3183.8,4,0,0.0,12.13
31839,3183.9,4,0,0.0,12.15
31840,3184.0,4,0,0.0,12.16
31841,3184.1,4,0,0.0,12.13
31842,3184.2,4,0,0.0,12.12
31843,3184.3,4,0,0.0,12.14
31844,3184.4,4,0,0.0,12.14
31845,3184.5,4,0,0.0,12.13
31846,3184.6,4,0,0.0,12.15
31847,3184.7,4,0,0.0,12.18
31848,3184.8,4,0,0.0,12.14
31849,3184.9,4,0,0.0,12.15
31850,3185.0,4,0,0.0,12.14
31851,3185.1,4,0,0.0,12.14
31852,3185.2,4,0,0.0,12.15
31853,3185.3,4,0,0.0,12.17
31854,3185.4,4,0,0.0,12.15
31855,3185.5,5,0,0.0,12.52
31856,3185.6,4,1,0.0,12.81
31857,3185.7,4,0,0.0,12.83
31858,3185.8,4,0,0.0,12.83
31859,3185.9,4,0,0.0,12.81
31860,3186.0,4,0,0.0,12.83
31861,3186.1,4,0,0.0,12.86
31862,3186.2,4,0,0.0,12.87
31863,3186.3,4,0,0.0,12.83
31864,3186.4,4,0,0.0,12.82
31865,3186.5,3,1,0.0,12.62
31866,3186.6,3,0,0.0,12.58
31867,3186.7,4,0,0.0,12.98
31868,3186.8,4,0,0.0,12.93
31869,3186.9,4,0,0.0,12.9
31870,3187.0,4,0,0.0,12.95
31871,3187.1,4,0,0.0,12.93
31872,3187.2,4,0,0.0,12.96
31873,3187.3,3,1,0.0,12.6
31874,3187.4,3,0,0.0,12.6
31875,3187.5,3,0,0.0,12.57
31876,3187.6,3,0,0.0,12.58
31877,3187.7,3,0,0.0,12.6
31878,3187.8,3,0,0.0,12.58
31879,3187.9,3,0,0.0,12.57
31880,3188.0,3,0,0.0,12.52
31881,3188.1,3,0,0.0,12.51
31882,3188.2,3,0,0.0,12.46
31883,3188.3,3,0,0.0,12.42
31884,3188.4,3,0,0.0,12.39
31885,3188.5,3,0,0.0,12.41
31886,3188.6,3,0,0.0,12.38
31887,3188.7,3,0,0.0,12.3
31888,3188.8,3,0,0.0,12.28
31889,3188.9,3,0,0.0,12.26
31890,3189.0,2,1,0.0,11.36
31891,3189.1,2,0,0.0,11.36
31892,3189.2,2,0,0.0,11.28
31893,3189.3,2,0,0.0,11.25
31894,3189.4,2,0,0.0,11.26
31895,3189.5,2,0,0.0,11.22
31896,3189.6,2,0,0.0,11.18
31897,3189.7,2,0,0.0,11.13
31898,3189.8,2,0,0.0,11.12
31899,3189.9,2,0,0.0,11.06
31900,3190.0,2,0,0.0,11.06
31901,3190.1,2,0,0.0,11.0
31902,3190.2,2,0,0.0,11.02
31903,3190.3,2,0,0.0,10.96
31904,3190.4,2,0,0.0,10.92
31905,3190.5,2,0,0.0,10.92
31906,3190.6,2,0,0.0,10.88
31907,3190.7,2,0,0.0,10.88
31908,3190.8,2,0,0.0,10.82
31909,3190.9,2,0,0.0,10.81
31910,3191.0,2,0,0.0,10.76
31911,3191.1,2,0,0.0,10.79
31912,3191.2,3,0,0.0,11.59
31913,3191.3,3,0,0.0,11.52
31914,3191.4,3,0,0.0,11.48
31915,3191.5,3,0,0.0,11.5
31916,3191.6,4,0,0.0,11.74
31917,3191.7,5,0,0.0,12.16
31918,3191.8,5,0,0.0,12.16
31919,3191.9,5,0,0.0,12.11
31920,3192.0,5,0,0.0,12.11
31921,3192.1,5,0,0.0,12.14
31922,3192.2,5,0,0.0,12.12
31923,3192.3,4,1,0.0,11.67
31924,3192.4,4,0,0.0,11.66
31925,3192.5,4,0,0.0,11.68
31926,3192.6,4,0,0.0,11.67
31927,3192.7,4,0,0.0,11.66
31928,3192.8,4,0,0.0,11.61
31929,3192.9,4,0,0.0,11.65
31930,3193.0,4,0,0.0,11.6
31931,3193.1,4,0,0.0,11.6
31932,3193.2,4,0,0.0,11.58
31933,3193.3,4,0,0.0,11.59
31934,3193.4,4,0,0.0,11.6
31935,3193.5,4,0,0.0,11.57
31936,3193.6,4,0,0.0,11.58
31937,3193.7,3,1,0.0,12.1
31938,3193.8,3,0,0.0,12.17
31939,3193.9,3,0,0.0,12.18
31940,3194.0,3,0,0.0,12.3
31941,3194.1,3,0,0.0,12.37
31942,3194.2,3,0,0.0,12.39
31943,3194.3,3,0,0.0,12.43
31944,3194.4,3,0,0.0,12.52
31945,3194.5,3,0,0.0,12.62
31946,3194.6,3,0,0.0,12.66
31947,3194.7,3,0,0.0,12.7
31948,3194.8,3,0,0.0,12.74
31949,3194.9,3,0,0.0,12.83
31950,3195.0,3,0,0.0,12.91
31951,3195.1,3,0,0.0,12.94
31952,3195.2,3,0,0.0,13.02
31953,3195.3,3,0,0.0,13.08
31954,3195.4,3,0,0.0,13.14
31955,3195.5,2,1,0.0,13.53
31956,3195.6,2,0,0.0,13.52
31957,3195.7,1,1,0.0,13.08
31958,3195.8,1,0,0.0,13.17
31959,3195.9,1,0,0.0,13.18
31960,3196.0,1,0,0.0,13.11
31961,3196.1,1,0,0.0,13.09
31962,3196.2,1,0,0.0,13.13
31963,3196.3,1,0,0.0,13.13
31964,3196.4,1,0,0.0,13.12
31965,3196.5,1,0,0.0,13.17
31966,3196.6,1,0,0.0,13.1
31967,3196.7,2,0,0.0,13.58
31968,3196.8,2,0,0.0,13.54
31969,3196.9,3,0,0.0,13.72
31970,3197.0,3,0,0.0,13.64
31971,3197.1,3,0,0.0,13.69
31972,3197.2,3,0,0.0,13.67
31973,3197.3,2,1,0.0,13.52
31974,3197.4,2,0,0.0,13.55
31975,3197.5,2,0,0.0,13.54
31976,3197.6,2,0,0.0,13.53
31977,3197.7,2,0,0.0,13.53
31978,3197.8,2,0,0.0,13.59
31979,3197.9,2,0,0.0,13.55
31980,3198.0,2,0,0.0,13.55
31981,3198.1,2,0,0.0,13.56
31982,3198.2,2,0,0.0,13.53
31983,3198.3,2,0,0.0,13.53
31984,3198.4,2,0,0.0,13.48
31985,3198.5,2,0,0.0,13.57
31986,3198.6,2,0,0.0,13.57
31987,3198.7,2,0,0.0,13.54
31988,3198.8,2,0,0.0,13.54
31989,3198.9,2,0,0.0,13.59
31990,3199.0,2,0,0.0,13.56
31991,3199.1,2,0,0.0,13.53
31992,3199.2,2,0,0.0,13.54
31993,3199.3,2,0,0.0,13.55
31994,3199.4,2,0,0.0,13.49
31995,3199.5,2,0,0.0,13.54
31996,3199.6,2,0,0.0,13.58
31997,3199.7,2,0,0.0,13.54
31998,3199.8,2,0,0.0,13.5
31999,3199.9,2,0,0.0,13.59
32000,3200.0,2,0,0.0,13.56
32001,3200.1,3,0,0.0,12.36
32002,3200.2,3,0,0.0,12.32
32003,3200.3,3,0,0.0,12.35
32004,3200.4,3,0,0.0,12.37
32005,3200.5,3,0,0.0,12.32
32006,3200.6,3,0,0.0,12.35
32007,3200.7,3,0,0.0,12.33
32008,3200.8,3,0,0.0,12.32
32009,3200.9,3,1,0.0,10.22
32010,3201.0,3,0,0.0,10.19
32011,3201.1,3,0,0.0,10.22
32012,3201.2,3,0,0.0,10.3
32013,3201.3,3,0,0.0,10.35
32014,3201.4,3,0,0.0,10.37
32015,3201.5,3,0,0.0,10.42
32016,3201.6,4,0,0.0,11.35
32017,3201.7,4,0,0.0,11.34
32018,3201.8,4,0,0.0,11.35
32019,3201.9,4,0,0.0,11.4
32020,3202.0,4,0,0.0,11.4
32021,3202.1,4,0,0.0,11.4
32022,3202.2,3,1,0.0,10.6
32023,3202.3,3,0,0.0,10.61
32024,3202.4,3,0,0.0,10.67
32025,3202.5,4,0,0.0,10.75
32026,3202.6,4,0,0.0,10.79
32027,3202.7,4,0,0.0,10.83
32028,3202.8,4,0,0.0,10.81
32029,3202.9,4,0,0.0,10.82
32030,3203.0,4,0,0.0,10.83
32031,3203.1,4,0,0.0,10.84
32032,3203.2,5,0,0.0,10.7
32033,3203.3,5,0,0.0,10.72
32034,3203.4,4,1,0.0,10.91
32035,3203.5,4,0,0.0,10.93
32036,3203.6,4,0,0.0,10.96
32037,3203.7,4,0,0.0,10.95
32038,3203.8,4,0,0.0,10.97
32039,3203.9,4,0,0.0,10.96
32040,3204.0,4,0,0.0,10.97
32041,3204.1,4,0,0.0,10.96
32042,3204.2,4,0,0.0,10.99
32043,3204.3,4,0,0.0,10.97
32044,3204.4,3,1,0.0,11.32
32045,3204.5,3,0,0.0,11.37
32046,3204.6,3,0,0.0,11.47
32047,3204.7,3,0,0.0,11.53
32048,3204.8,3,0,0.0,11.6
32049,3204.9,3,0,0.0,11.66
32050,3205.0,3,0,0.0,11.75
32051,3205.1,3,0,0.0,11.81
32052,3205.2,3,0,0.0,11.89
32053,3205.3,3,0,0.0,12.0
32054,3205.4,3,0,0.0,12.04
32055,3205.5,3,0,0.0,12.09
32056,3205.6,3,0,0.0,12.19
32057,3205.7,3,0,0.0,12.24
32058,3205.8,3,0,0.0,12.32
32059,3205.9,3,0,0.0,12.38
32060,3206.0,3,0,0.0,12.41
32061,3206.1,2,1,0.0,11.79
32062,3206.2,1,1,0.0,11.03
32063,3206.3,1,0,0.0,11.01
32064,3206.4,1,0,0.0,11.08
32065,3206.5,1,0,0.0,11.03
32066,3206.6,2,0,0.0,12.5
32067,3206.7,2,0,0.0,12.45
32068,3206.8,2,0,0.0,12.47
32069,3206.9,2,0,0.0,12.44
32070,3207.0,2,0,0.0,12.48
32071,3207.1,2,0,0.0,12.52
32072,3207.2,1,1,0.0,11.06
32073,3207.3,1,0,0.0,10.99
32074,3207.4,1,0,0.0,11.06
32075,3207.5,1,0,0.0,10.96
32076,3207.6,1,0,0.0,10.97
32077,3207.7,1,0,0.0,10.96
32078,3207.8,1,0,0.0,10.99
32079,3207.9,1,0,0.0,11.01
32080,3208.0,1,0,0.0,11.04
32081,3208.1,1,0,0.0,10.99
32082,3208.2,2,0,0.0,12.49
32083,3208.3,2,0,0.0,12.49
32084,3208.4,2,0,0.0,12.46
32085,3208.5,2,0,0.0,12.48
32086,3208.6,2,0,0.0,12.47
32087,3208.7,2,0,0.0,12.46
32088,3208.8,2,0,0.0,12.44
32089,3208.9,2,0,0.0,12.52
32090,3209.0,3,0,0.0,12.61
32091,3209.1,3,0,0.0,12.6
32092,3209.2,3,0,0.0,12.61
32093,3209.3,3,0,0.0,12.63
32094,3209.4,3,0,0.0,12.66
32095,3209.5,3,0,0.0,12.62
32096,3209.6,3,0,0.0,12.62
32097,3209.7,3,0,0.0,12.65
32098,3209.8,3,0,0.0,12.63
32099,3209.9,3,0,0.0,12.63
32100,3210.0,3,0,0.0,12.66
32101,3210.1,3,0,0.0,12.62
32102,3210.2,3,0,0.0,12.63
32103,3210.3,3,0,0.0,12.6
32104,3210.4,3,0,0.0,12.63
32105,3210.5,3,0,0.0,12.63
32106,3210.6,3,0,0.0,12.61
32107,3210.7,3,0,0.0,12.66
32108,3210.8,3,0,0.0,12.64
32109,3210.9,3,0,0.0,12.58
32110,3211.0,3,0,0.0,12.6
32111,3211.1,3,0,0.0,12.66
32112,3211.2,3,0,0.0,12.61
32113,3211.3,3,0,0.0,12.59
32114,3211.4,3,0,0.0,12.64
32115,3211.5,3,0,0.0,12.62
32116,3211.6,4,0,0.0,12.54
32117,3211.7,4,0,0.0,12.53
32118,3211.8,4,0,0.0,12.5
32119,3211.9,4,0,0.0,12.5
32120,3212.0,4,0,0.0,12.52
32121,3212.1,4,0,0.0,12.5
32122,3212.2,3,1,0.0,12.62
32123,3212.3,3,0,0.0,12.59
32124,3212.4,3,0,0.0,12.66
32125,3212.5,3,0,0.0,12.6
32126,3212.6,3,0,0.0,12.63
32127,3212.7,2,1,0.0,12.45
32128,3212.8,2,0,0.0,12.47
32129,3212.9,2,0,0.0,12.44
32130,3213.0,2,0,0.0,12.48
32131,3213.1,2,0,0.0,12.49
32132,3213.2,2,0,0.0,12.48
32133,3213.3,2,0,0.0,12.48
32134,3213.4,2,0,0.0,12.42
32135,3213.5,2,0,0.0,12.47
32136,3213.6,2,0,0.0,12.48
32137,3213.7,2,0,0.0,12.47
32138,3213.8,2,0,0.0,12.47
32139,3213.9,3,0,0.0,12.61
32140,3214.0,3,0,0.0,12.57
32141,3214.1,2,1,0.0,13.39
32142,3214.2,2,0,0.0,13.31
32143,3214.3,2,0,0.0,13.32
32144,3214.4,2,0,0.0,13.36
32145,3214.5,2,0,0.0,13.39
32146,3214.6,2,0,0.0,13.4
32147,3214.7,2,0,0.0,13.4
32148,3214.8,2,0,0.0,13.34
32149,3214.9,2,0,0.0,13.36
32150,3215.0,2,0,0.0,13.3
32151,3215.1,2,0,0.0,13.34
32152,3215.2,2,0,0.0,13.33
32153,3215.3,2,0,0.0,13.32
32154,3215.4,2,0,0.0,13.37
32155,3215.5,2,0,0.0,13.32
32156,3215.6,2,0,0.0,13.37
32157,3215.7,2,0,0.0,13.33
32158,3215.8,2,0,0.0,13.36
32159,3215.9,2,0,0.0,13.37
32160,3216.0,2,0,0.0,13.32
32161,3216.1,2,0,0.0,13.34
32162,3216.2,2,0,0.0,13.36
32163,3216.3,2,0,0.0,13.38
32164,3216.4,2,0,0.0,13.4
32165,3216.5,2,0,0.0,13.39
32166,3216.6,3,0,0.0,13.58
32167,3216.7,3,0,0.0,13.55
32168,3216.8,3,0,0.0,13.56
32169,3216.9,3,0,0.0,13.54
32170,3217.0,3,0,0.0,13.55
32171,3217.1,3,0,0.0,13.57
32172,3217.2,2,1,0.0,13.33
32173,3217.3,2,0,0.0,13.36
32174,3217.4,1,1,0.0,12.74
32175,3217.5,1,0,0.0,12.72
32176,3217.6,1,0,0.0,12.72
32177,3217.7,2,0,0.0,12.78
32178,3217.8,2,0,0.0,12.7
32179,3217.9,2,0,0.0,12.74
32180,3218.0,2,0,0.0,12.73
32181,3218.1,2,0,0.0,12.72
32182,3218.2,2,0,0.0,12.71
32183,3218.3,2,0,0.0,12.75
32184,3218.4,2,0,0.0,12.7
32185,3218.5,2,0,0.0,12.73
32186,3218.6,2,0,0.0,12.74
32187,3218.7,2,0,0.0,12.74
32188,3218.8,2,0,0.0,12.75
32189,3218.9,2,0,0.0,12.74
32190,3219.0,2,0,0.0,12.7
32191,3219.1,2,0,0.0,12.68
32192,3219.2,2,0,0.0,12.73
32193,3219.3,2,0,0.0,12.74
32194,3219.4,2,0,0.0,12.7
32195,3219.5,2,0,0.0,12.75
32196,3219.6,3,0,0.0,13.13
32197,3219.7,3,0,0.0,13.1
32198,3219.8,3,0,0.0,13.1
32199,3219.9,3,0,0.0,13.14
32200,3220.0,3,0,0.0,13.16
32201,3220.1,3,0,0.0,13.11
32202,3220.2,3,0,0.0,13.15
32203,3220.3,3,0,0.0,13.09
32204,3220.4,3,0,0.0,13.16
32205,3220.5,3,0,0.0,13.16
32206,3220.6,3,0,0.0,13.16
32207,3220.7,3,0,0.0,13.13
32208,3220.8,3,0,0.0,13.16
32209,3220.9,3,0,0.0,13.11
32210,3221.0,3,0,0.0,13.09
32211,3221.1,3,0,0.0,13.13
32212,3221.2,3,0,0.0,13.12
32213,3221.3,3,0,0.0,13.16
32214,3221.4,3,0,0.0,13.14
32215,3221.5,2,1,0.0,13.33
32216,3221.6,3,0,0.0,13.55
32217,3221.7,3,0,0.0,13.49
32218,3221.8,3,0,0.0,13.54
32219,3221.9,3,0,0.0,13.51
32220,3222.0,3,0,0.0,13.55
32221,3222.1,3,0,0.0,13.48
32222,3222.2,2,1,0.0,13.35
32223,3222.3,2,0,0.0,13.32
32224,3222.4,2,0,0.0,13.36
32225,3222.5,2,0,0.0,13.38
32226,3222.6,2,0,0.0,13.4
32227,3222.7,2,0,0.0,13.35
32228,3222.8,2,0,0.0,13.37
32229,3222.9,2,0,0.0,13.36
32230,3223.0,2,0,0.0,13.33
32231,3223.1,2,0,0.0,13.37
32232,3223.2,2,0,0.0,13.32
32233,3223.3,2,0,0.0,13.38
32234,3223.4,3,0,0.0,12.23
32235,3223.5,3,0,0.0,12.28
32236,3223.6,3,0,0.0,12.22
32237,3223.7,3,0,0.0,12.21
32238,3223.8,3,0,0.0,12.23
32239,3223.9,2,1,0.0,11.99
32240,3224.0,2,0,0.0,11.93
32241,3224.1,2,0,0.0,11.95
32242,3224.2,2,0,0.0,11.99
32243,3224.3,2,0,0.0,11.95
32244,3224.4,2,0,0.0,11.97
32245,3224.5,2,0,0.0,11.92
32246,3224.6,2,0,0.0,11.94
32247,3224.7,2,0,0.0,11.92
32248,3224.8,2,0,0.0,11.96
32249,3224.9,2,0,0.0,11.97
32250,3225.0,2,0,0.0,11.93
32251,3225.1,2,0,0.0,11.97
32252,3225.2,2,0,0.0,11.94
32253,3225.3,3,0,0.0,11.5
32254,3225.4,3,0,0.0,11.5
32255,3225.5,3,0,0.0,11.49
32256,3225.6,3,0,0.0,11.47
32257,3225.7,3,0,0.0,11.46
32258,3225.8,3,0,0.0,11.48
32259,3225.9,3,0,0.0,11.44
32260,3226.0,3,0,0.0,11.43
32261,3226.1,3,0,0.0,11.44
32262,3226.2,3,0,0.0,11.46
32263,3226.3,3,0,0.0,11.43
32264,3226.4,4,0,0.0,11.68
32265,3226.5,5,0,0.0,12.13
32266,3226.6,5,0,0.0,12.14
32267,3226.7,5,0,0.0,12.12
32268,3226.8,5,0,0.0,12.14
32269,3226.9,5,0,0.0,12.11
32270,3227.0,5,0,0.0,12.1
32271,3227.1,4,1,0.0,11.64
32272,3227.2,4,0,0.0,11.66
32273,3227.3,4,0,0.0,11.64
32274,3227.4,4,0,0.0,11.65
32275,3227.5,4,0,0.0,11.63
32276,3227.6,4,0,0.0,11.63
32277,3227.7,4,0,0.0,11.61
32278,3227.8,4,0,0.0,11.63
32279,3227.9,4,0,0.0,11.63
32280,3228.0,4,0,0.0,11.59
32281,3228.1,4,0,0.0,11.6
32282,3228.2,4,0,0.0,11.59
32283,3228.3,4,0,0.0,11.62
32284,3228.4,4,0,0.0,11.62
32285,3228.5,4,0,0.0,11.59
32286,3228.6,4,0,0.0,11.63
32287,3228.7,4,0,0.0,11.63
32288,3228.8,3,1,0.0,10.86
32289,3228.9,3,0,0.0,10.84
32290,3229.0,3,0,0.0,10.82
32291,3229.1,3,0,0.0,10.83
32292,3229.2,3,0,0.0,10.8
32293,3229.3,3,0,0.0,10.82
32294,3229.4,3,0,0.0,10.81
32295,3229.5,3,0,0.0,10.86
32296,3229.6,3,0,0.0,10.8
32297,3229.7,3,0,0.0,10.8
32298,3229.8,3,0,0.0,10.82
32299,3229.9,3,0,0.0,10.81
32300,3230.0,3,0,0.0,10.82
32301,3230.1,3,0,0.0,10.77
32302,3230.2,3,0,0.0,10.82
32303,3230.3,2,1,0.0,10.03
32304,3230.4,2,0,0.0,10.05
32305,3230.5,2,0,0.0,10.05
32306,3230.6,2,0,0.0,10.03
32307,3230.7,2,0,0.0,10.06
32308,3230.8,2,0,0.0,10.05
32309,3230.9,3,0,0.0,11.27
32310,3231.0,3,0,0.0,11.27
32311,3231.1,3,0,0.0,11.25
32312,3231.2,3,0,0.0,11.22
32313,3231.3,3,0,0.0,11.2
32314,3231.4,3,0,0.0,11.23
32315,3231.5,4,0,0.0,11.95
32316,3231.6,4,0,0.0,11.94
32317,3231.7,4,0,0.0,11.89
32318,3231.8,4,0,0.0,11.93
32319,3231.9,4,0,0.0,11.89
32320,3232.0,4,0,0.0,11.94
32321,3232.1,4,1,0.0,10.92
32322,3232.2,4,0,0.0,10.91
32323,3232.3,3,1,0.0,11.22
32324,3232.4,3,0,0.0,11.24
32325,3232.5,3,0,0.0,11.21
32326,3232.6,3,0,0.0,11.23
32327,3232.7,3,0,0.0,11.25
32328,3232.8,3,0,0.0,11.22
32329,3232.9,3,0,0.0,11.23
32330,3233.0,3,0,0.0,11.21
32331,3233.1,3,0,0.0,11.24
32332,3233.2,3,0,0.0,11.26
32333,3233.3,3,0,0.0,11.22
32334,3233.4,3,0,0.0,11.23
32335,3233.5,3,0,0.0,11.2
32336,3233.6,3,0,0.0,11.23
32337,3233.7,3,0,0.0,11.24
32338,3233.8,3,0,0.0,11.2
32339,3233.9,3,0,0.0,11.25
32340,3234.0,3,0,0.0,11.21
32341,3234.1,3,0,0.0,11.26
32342,3234.2,3,0,0.0,11.23
32343,3234.3,3,0,0.0,11.24
32344,3234.4,3,0,0.0,11.25
32345,3234.5,3,0,0.0,11.22
32346,3234.6,3,0,0.0,11.22
32347,3234.7,3,0,0.0,11.23
32348,3234.8,3,0,0.0,11.22
32349,3234.9,3,0,0.0,11.21
32350,3235.0,3,0,0.0,11.22
32351,3235.1,4,0,0.0,11.93
32352,3235.2,4,0,0.0,11.92
32353,3235.3,4,0,0.0,11.91
32354,3235.4,4,0,0.0,11.88
32355,3235.5,4,0,0.0,11.91
32356,3235.6,3,1,0.0,12.53
32357,3235.7,3,0,0.0,12.61
32358,3235.8,3,0,0.0,12.67
32359,3235.9,3,0,0.0,12.73
32360,3236.0,3,0,0.0,12.76
32361,3236.1,3,0,0.0,12.86
32362,3236.2,3,0,0.0,12.94
32363,3236.3,3,0,0.0,13.0
32364,3236.4,3,0,0.0,13.04
32365,3236.5,4,0,0.0,13.35
32366,3236.6,5,0,0.0,13.5
32367,3236.7,5,0,0.0,13.52
32368,3236.8,5,0,0.0,13.52
32369,3236.9,5,0,0.0,13.54
32370,3237.0,5,0,0.0,13.61
32371,3237.1,4,1,0.0,13.58
32372,3237.2,4,0,0.0,13.62
32373,3237.3,4,0,0.0,13.63
32374,3237.4,4,0,0.0,13.68
32375,3237.5,4,0,0.0,13.73
32376,3237.6,3,1,0.0,13.85
32377,3237.7,3,0,0.0,13.87
32378,3237.8,3,0,0.0,13.84
32379,3237.9,3,0,0.0,13.84
32380,3238.0,3,0,0.0,13.88
32381,3238.1,3,0,0.0,13.87
32382,3238.2,3,0,0.0,13.88
32383,3238.3,3,0,0.0,13.87
32384,3238.4,3,0,0.0,13.85
32385,3238.5,3,0,0.0,13.87
32386,3238.6,2,1,0.0,13.83
32387,3238.7,2,0,0.0,13.88
32388,3238.8,2,0,0.0,13.84
32389,3238.9,2,0,0.0,13.86
32390,3239.0,2,0,0.0,13.84
32391,3239.1,2,0,0.0,13.82
32392,3239.2,2,0,0.0,13.81
32393,3239.3,2,0,0.0,13.84
32394,3239.4,2,0,0.0,13.81
32395,3239.5,2,0,0.0,13.82
32396,3239.6,2,0,0.0,13.81
32397,3239.7,2,0,0.0,13.83
32398,3239.8,2,0,0.0,13.83
32399,3239.9,2,0,0.0,13.78
32400,3240.0,2,0,0.0,13.81
32401,3240.1,2,0,0.0,13.77
32402,3240.2,1,1,0.0,13.95
32403,3240.3,1,0,0.0,13.92
32404,3240.4,1,0,0.0,13.87
32405,3240.5,1,0,0.0,13.88
32406,3240.6,1,0,0.0,13.96
32407,3240.7,1,0,0.0,13.89
32408,3240.8,1,0,0.0,13.99
32409,3240.9,1,0,0.0,13.87
32410,3241.0,1,0,0.0,13.88
32411,3241.1,1,0,0.0,13.98
32412,3241.2,1,0,0.0,14.0
32413,3241.3,1,0,0.0,13.87
32414,3241.4,1,0,0.0,13.98
32415,3241.5,2,0,0.0,13.64
32416,3241.6,2,0,0.0,13.61
32417,3241.7,2,0,0.0,13.64
32418,3241.8,2,0,0.0,13.62
32419,3241.9,2,0,0.0,13.59
32420,3242.0,2,0,0.0,13.65
32421,3242.1,1,1,0.0,13.95
32422,3242.2,1,0,0.0,13.88
32423,3242.3,2,0,0.0,13.97
32424,3242.4,2,0,0.0,13.98
32425,3242.5,2,0,0.0,13.93
32426,3242.6,2,0,0.0,13.95
32427,3242.7,2,0,0.0,13.96
32428,3242.8,2,0,0.0,13.98
32429,3242.9,2,0,0.0,13.95
32430,3243.0,2,0,0.0,13.91
32431,3243.1,2,0,0.0,13.92
32432,3243.2,2,0,0.0,13.9
32433,3243.3,2,0,0.0,13.91
32434,3243.4,2,0,0.0,13.96
32435,3243.5,2,0,0.0,13.94
32436,3243.6,2,0,0.0,13.97
32437,3243.7,2,0,0.0,13.91
32438,3243.8,3,0,0.0,13.93
32439,3243.9,3,0,0.0,13.9
32440,3244.0,3,0,0.0,13.96
32441,3244.1,3,0,0.0,13.92
32442,3244.2,3,0,0.0,13.89
32443,3244.3,3,0,0.0,13.93
32444,3244.4,3,0,0.0,13.94
32445,3244.5,3,0,0.0,13.95
32446,3244.6,3,0,0.0,13.95
32447,3244.7,3,0,0.0,13.97
32448,3244.8,3,0,0.0,13.94
32449,3244.9,3,0,0.0,13.95
32450,3245.0,3,0,0.0,13.95
32451,3245.1,3,0,0.0,13.88
32452,3245.2,3,0,0.0,13.91
32453,3245.3,3,0,0.0,13.95
32454,3245.4,3,0,0.0,13.95
32455,3245.5,3,0,0.0,13.95
32456,3245.6,3,0,0.0,13.97
32457,3245.7,3,0,0.0,13.92
32458,3245.8,2,1,0.0,13.9
32459,3245.9,2,0,0.0,13.9
32460,3246.0,2,0,0.0,13.95
32461,3246.1,2,0,0.0,13.94
32462,3246.2,2,0,0.0,13.92
32463,3246.3,2,0,0.0,13.94
32464,3246.4,2,0,0.0,13.95
32465,3246.5,3,0,0.0,13.73
32466,3246.6,3,0,0.0,13.69
32467,3246.7,3,0,0.0,13.69
32468,3246.8,3,0,0.0,13.68
32469,3246.9,3,0,0.0,13.71
32470,3247.0,3,0,0.0,13.72
32471,3247.1,2,1,0.0,13.92
32472,3247.2,2,0,0.0,13.9
32473,3247.3,1,1,0.0,13.99
32474,3247.4,1,0,0.0,13.92
32475,3247.5,1,0,0.0,13.91
32476,3247.6,1,0,0.0,13.94
32477,3247.7,1,0,0.0,13.96
32478,3247.8,1,0,0.0,13.98
32479,3247.9,1,0,0.0,13.98
32480,3248.0,2,0,0.0,13.97
32481,3248.1,2,0,0.0,13.95
32482,3248.2,2,0,0.0,13.96
32483,3248.3,2,0,0.0,13.93
32484,3248.4,2,0,0.0,13.93
32485,3248.5,2,0,0.0,13.93
32486,3248.6,2,0,0.0,13.94
32487,3248.7,2,0,0.0,13.98
32488,3248.8,2,0,0.0,13.9
32489,3248.9,2,0,0.0,13.91
32490,3249.0,2,0,0.0,13.96
32491,3249.1,2,0,0.0,13.95
32492,3249.2,2,0,0.0,13.93
32493,3249.3,2,0,0.0,13.93
32494,3249.4,2,0,0.0,13.96
32495,3249.5,2,0,0.0,13.94
32496,3249.6,2,0,0.0,13.93
32497,3249.7,2,0,0.0,13.95
32498,3249.8,2,0,0.0,13.96
32499,3249.9,2,0,0.0,13.96
32500,3250.0,2,0,0.0,13.92
32501,3250.1,2,0,0.0,13.94
32502,3250.2,2,0,0.0,13.92
32503,3250.3,2,0,0.0,13.92
32504,3250.4,2,0,0.0,13.98
32505,3250.5,2,0,0.0,13.95
32506,3250.6,2,0,0.0,13.98
32507,3250.7,2,0,0.0,13.94
32508,3250.8,2,0,0.0,13.91
32509,3250.9,2,0,0.0,13.93
32510,3251.0,2,0,0.0,13.96
32511,3251.1,2,0,0.0,13.93
32512,3251.2,2,0,0.0,13.93
32513,3251.3,2,0,0.0,13.9
32514,3251.4,3,0,0.0,13.53
32515,3251.5,2,1,0.0,13.31
32516,3251.6,2,0,0.0,13.31
32517,3251.7,2,0,0.0,13.28
32518,3251.8,2,0,0.0,13.31
32519,3251.9,2,0,0.0,13.33
32520,3252.0,1,1,0.0,13.93
32521,3252.1,1,0,0.0,13.9
32522,3252.2,1,0,0.0,13.97
32523,3252.3,1,0,0.0,13.9
32524,3252.4,1,0,0.0,13.93
32525,3252.5,2,0,0.0,12.52
32526,3252.6,2,0,0.0,12.49
32527,3252.7,2,0,0.0,12.52
32528,3252.8,2,0,0.0,12.47
32529,3252.9,2,0,0.0,12.48
32530,3253.0,2,0,0.0,12.46
32531,3253.1,2,0,0.0,12.48
32532,3253.2,2,0,0.0,12.48
32533,3253.3,2,0,0.0,12.53
32534,3253.4,2,0,0.0,12.47
32535,3253.5,2,0,0.0,12.47
32536,3253.6,3,0,0.0,13.01
32537,3253.7,3,0,0.0,12.98
32538,3253.8,3,0,0.0,12.97
32539,3253.9,3,0,0.0,12.97
32540,3254.0,3,0,0.0,12.96
32541,3254.1,3,0,0.0,12.95
32542,3254.2,3,0,0.0,13.0
32543,3254.3,3,0,0.0,12.95
32544,3254.4,3,0,0.0,13.0
32545,3254.5,3,0,0.0,12.97
32546,3254.6,3,0,0.0,12.95
32547,3254.7,3,0,0.0,12.97
32548,3254.8,3,0,0.0,12.96
32549,3254.9,3,0,0.0,12.98
32550,3255.0,3,0,0.0,12.95
32551,3255.1,3,0,0.0,12.91
32552,3255.2,3,0,0.0,12.96
32553,3255.3,3,0,0.0,12.95
32554,3255.4,3,0,0.0,12.99
32555,3255.5,3,0,0.0,12.98
32556,3255.6,3,0,0.0,12.97
32557,3255.7,3,0,0.0,12.98
32558,3255.8,3,0,0.0,13.0
32559,3255.9,3,0,0.0,13.02
32560,3256.0,3,0,0.0,12.96
32561,3256.1,3,0,0.0,12.96
32562,3256.2,3,0,0.0,12.97
32563,3256.3,3,0,0.0,12.97
32564,3256.4,4,0,0.0,13.2
32565,3256.5,4,0,0.0,13.2
32566,3256.6,4,0,0.0,13.22
32567,3256.7,4,0,0.0,13.19
32568,3256.8,4,0,0.0,13.21
32569,3256.9,3,1,0.0,13.97
32570,3257.0,2,1,0.0,13.93
32571,3257.1,2,0,0.0,13.94
32572,3257.2,1,1,0.0,13.94
32573,3257.3,1,0,0.0,13.91
32574,3257.4,1,0,0.0,13.94
32575,3257.5,1,0,0.0,13.91
32576,3257.6,1,0,0.0,13.99
32577,3257.7,1,0,0.0,13.93
32578,3257.8,1,0,0.0,13.98
32579,3257.9,1,0,0.0,13.89
32580,3258.0,1,0,0.0,13.93
32581,3258.1,1,0,0.0,13.96
32582,3258.2,1,0,0.0,13.96
32583,3258.3,1,0,0.0,13.97
32584,3258.4,1,0,0.0,13.9
32585,3258.5,1,0,0.0,13.87
32586,3258.6,1,0,0.0,13.9
32587,3258.7,1,0,0.0,13.96
32588,3258.8,1,0,0.0,13.99
32589,3258.9,1,0,0.0,13.99
32590,3259.0,1,0,0.0,13.9
32591,3259.1,1,0,0.0,13.88
32592,3259.2,1,0,0.0,13.93
32593,3259.3,2,0,0.0,13.97
32594,3259.4,2,0,0.0,13.92
32595,3259.5,2,0,0.0,13.94
32596,3259.6,2,0,0.0,13.95
32597,3259.7,2,0,0.0,13.94
32598,3259.8,2,0,0.0,13.97
32599,3259.9,3,0,0.0,12.63
32600,3260.0,3,0,0.0,12.61
32601,3260.1,2,1,0.0,13.97
32602,3260.2,2,0,0.0,13.94
32603,3260.3,2,0,0.0,13.95
32604,3260.4,2,0,0.0,13.94
32605,3260.5,2,0,0.0,13.93
32606,3260.6,2,0,0.0,13.96
32607,3260.7,2,0,0.0,13.89
32608,3260.8,2,0,0.0,13.94
32609,3260.9,2,0,0.0,13.89
32610,3261.0,2,0,0.0,13.93
32611,3261.1,3,0,0.0,13.88
32612,3261.2,3,0,0.0,13.86
32613,3261.3,3,0,0.0,13.87
32614,3261.4,4,0,0.0,13.6
32615,3261.5,4,0,0.0,13.6
32616,3261.6,4,0,0.0,13.59
32617,3261.7,4,0,0.0,13.56
32618,3261.8,4,0,0.0,13.57
32619,3261.9,4,0,0.0,13.58
32620,3262.0,3,1,0.0,13.89
32621,3262.1,3,0,0.0,13.9
32622,3262.2,3,0,0.0,13.92
32623,3262.3,3,0,0.0,13.86
32624,3262.4,3,0,0.0,13.86
32625,3262.5,3,0,0.0,13.86
32626,3262.6,3,0,0.0,13.86
32627,3262.7,3,0,0.0,13.89
32628,3262.8,2,1,0.0,13.82
32629,3262.9,2,0,0.0,13.84
32630,3263.0,2,0,0.0,13.84
32631,3263.1,2,0,0.0,13.82
32632,3263.2,2,0,0.0,13.87
32633,3263.3,2,0,0.0,13.86
32634,3263.4,2,0,0.0,13.85
32635,3263.5,2,0,0.0,13.85
32636,3263.6,2,0,0.0,13.84
32637,3263.7,2,0,0.0,13.83
32638,3263.8,2,0,0.0,13.83
32639,3263.9,2,0,0.0,13.84
32640,3264.0,2,0,0.0,13.83
32641,3264.1,2,0,0.0,13.81
32642,3264.2,2,0,0.0,13.79
32643,3264.3,2,0,0.0,13.83
32644,3264.4,2,0,0.0,13.85
32645,3264.5,2,0,0.0,13.84
32646,3264.6,1,1,0.0,13.92
32647,3264.7,1,0,0.0,13.94
32648,3264.8,1,0,0.0,13.99
32649,3264.9,1,0,0.0,13.89
32650,3265.0,2,0,0.0,13.71
32651,3265.1,2,0,0.0,13.7
32652,3265.2,2,0,0.0,13.72
32653,3265.3,2,0,0.0,13.66
32654,3265.4,2,0,0.0,13.67
32655,3265.5,2,0,0.0,13.64
32656,3265.6,2,0,0.0,13.68
32657,3265.7,2,0,0.0,13.67
32658,3265.8,2,0,0.0,13.64
32659,3265.9,2,0,0.0,13.68
32660,3266.0,3,0,0.0,12.25
32661,3266.1,3,0,0.0,12.23
32662,3266.2,3,0,0.0,12.26
32663,3266.3,3,0,0.0,12.28
32664,3266.4,4,0,0.0,12.51
32665,3266.5,4,0,0.0,12.51
32666,3266.6,4,0,0.0,12.57
32667,3266.7,4,0,0.0,12.54
32668,3266.8,4,0,0.0,12.56
32669,3266.9,4,0,0.0,12.55
32670,3267.0,3,1,0.0,12.43
32671,3267.1,3,0,0.0,12.44
32672,3267.2,3,0,0.0,12.43
32673,3267.3,3,0,0.0,12.43
32674,3267.4,3,0,0.0,12.48
32675,3267.5,3,0,0.0,12.45
32676,3267.6,3,0,0.0,12.41
32677,3267.7,3,0,0.0,12.41
32678,3267.8,3,0,0.0,12.43
32679,3267.9,3,0,0.0,12.45
32680,3268.0,3,0,0.0,12.4
32681,3268.1,3,0,0.0,12.48
32682,3268.2,3,0,0.0,12.45
32683,3268.3,3,0,0.0,12.45
32684,3268.4,3,0,0.0,12.45
32685,3268.5,2,1,0.0,11.69
32686,3268.6,2,0,0.0,11.7
32687,3268.7,2,0,0.0,11.72
32688,3268.8,2,0,0.0,11.69
32689,3268.9,2,0,0.0,11.73
32690,3269.0,2,0,0.0,11.67
32691,3269.1,2,0,0.0,11.66
32692,3269.2,2,0,0.0,11.69
32693,3269.3,2,0,0.0,11.68
32694,3269.4,2,0,0.0,11.68
32695,3269.5,2,0,0.0,11.68
32696,3269.6,2,0,0.0,11.7
32697,3269.7,2,0,0.0,11.69
32698,3269.8,3,0,0.0,12.33
32699,3269.9,3,0,0.0,12.31
32700,3270.0,3,0,0.0,12.32
32701,3270.1,3,0,0.0,12.32
32702,3270.2,3,0,0.0,12.33
32703,3270.3,3,0,0.0,12.36
32704,3270.4,3,0,0.0,12.29
32705,3270.5,3,0,0.0,12.33
32706,3270.6,3,0,0.0,12.31
32707,3270.7,4,0,0.0,12.72
32708,3270.8,4,0,0.0,12.71
32709,3270.9,4,0,0.0,12.65
32710,3271.0,4,0,0.0,12.67
32711,3271.1,4,0,0.0,12.7
32712,3271.2,4,0,0.0,12.68
32713,3271.3,4,0,0.0,12.66
32714,3271.4,5,0,0.0,12.96
32715,3271.5,5,0,0.0,12.96
32716,3271.6,5,0,0.0,12.96
32717,3271.7,5,0,0.0,12.91
32718,3271.8,5,0,0.0,12.94
32719,3271.9,5,0,0.0,12.95
32720,3272.0,4,1,0.0,12.65
32721,3272.1,4,0,0.0,12.66
32722,3272.2,4,0,0.0,12.72
32723,3272.3,4,0,0.0,12.71
32724,3272.4,4,0,0.0,12.69
32725,3272.5,4,0,0.0,12.66
32726,3272.6,4,0,0.0,12.69
32727,3272.7,4,0,0.0,12.68
32728,3272.8,4,0,0.0,12.68
32729,3272.9,4,0,0.0,12.68
32730,3273.0,4,0,0.0,12.69
32731,3273.1,4,0,0.0,12.7
32732,3273.2,4,0,0.0,12.65
32733,3273.3,3,1,0.0,12.37
32734,3273.4,3,0,0.0,12.35
32735,3273.5,3,0,0.0,12.36
32736,3273.6,3,0,0.0,12.41
32737,3273.7,3,0,0.0,12.39
32738,3273.8,3,0,0.0,12.41
32739,3273.9,3,0,0.0,12.39
32740,3274.0,3,0,0.0,12.42
32741,3274.1,3,0,0.0,12.36
32742,3274.2,3,0,0.0,12.37
32743,3274.3,3,0,0.0,12.36
32744,3274.4,3,0,0.0,12.39
32745,3274.5,2,1,0.0,11.85
32746,3274.6,2,0,0.0,11.86
32747,3274.7,2,0,0.0,11.86
32748,3274.8,2,0,0.0,11.88
32749,3274.9,2,0,0.0,11.83
32750,3275.0,2,0,0.0,11.86
32751,3275.1,2,0,0.0,11.79
32752,3275.2,2,0,0.0,11.73
32753,3275.3,2,0,0.0,11.74
32754,3275.4,2,0,0.0,11.7
32755,3275.5,2,0,0.0,11.65
32756,3275.6,2,0,0.0,11.61
32757,3275.7,2,0,0.0,11.56
32758,3275.8,2,0,0.0,11.48
32759,3275.9,2,0,0.0,11.46
32760,3276.0,2,0,0.0,11.44
32761,3276.1,2,0,0.0,11.4
32762,3276.2,2,0,0.0,11.33
32763,3276.3,3,0,0.0,12.23
32764,3276.4,4,0,0.0,12.62
32765,3276.5,4,0,0.0,12.58
32766,3276.6,4,0,0.0,12.55
32767,3276.7,4,0,0.0,12.54
32768,3276.8,4,0,0.0,12.55
32769,3276.9,3,1,0.0,12.06
32770,3277.0,3,0,0.0,12.04
32771,3277.1,3,0,0.0,12.0
32772,3277.2,3,0,0.0,11.99
32773,3277.3,3,0,0.0,11.98
32774,3277.4,3,0,0.0,11.94
32775,3277.5,3,0,0.0,11.93
32776,3277.6,3,0,0.0,11.92
32777,3277.7,3,0,0.0,11.91
32778,3277.8,3,0,0.0,11.88
32779,3277.9,3,0,0.0,11.87
32780,3278.0,3,0,0.0,11.83
32781,3278.1,3,0,0.0,11.85
32782,3278.2,3,0,0.0,11.83
32783,3278.3,2,1,0.0,12.73
32784,3278.4,2,0,0.0,12.85
32785,3278.5,3,0,0.0,13.3
32786,3278.6,3,0,0.0,13.37
32787,3278.7,3,0,0.0,13.43
32788,3278.8,3,0,0.0,13.52
32789,3278.9,3,0,0.0,13.56
32790,3279.0,3,0,0.0,13.63
32791,3279.1,3,0,0.0,13.74
32792,3279.2,3,0,0.0,13.8
32793,3279.3,3,0,0.0,13.84
32794,3279.4,3,0,0.0,13.91
32795,3279.5,3,0,0.0,13.88
32796,3279.6,3,0,0.0,13.88
32797,3279.7,3,0,0.0,13.87
32798,3279.8,3,0,0.0,13.91
32799,3279.9,3,0,0.0,13.85
32800,3280.0,3,0,0.0,13.82
32801,3280.1,3,0,0.0,13.92
32802,3280.2,3,0,0.0,13.88
32803,3280.3,3,0,0.0,13.9
32804,3280.4,2,1,0.0,13.96
32805,3280.5,2,0,0.0,13.91
32806,3280.6,2,0,0.0,13.94
32807,3280.7,2,0,0.0,13.95
32808,3280.8,2,0,0.0,13.95
32809,3280.9,2,0,0.0,13.94
32810,3281.0,2,0,0.0,13.93
32811,3281.1,2,0,0.0,13.92
32812,3281.2,2,0,0.0,13.95
32813,3281.3,3,0,0.0,13.59
32814,3281.4,3,0,0.0,13.63
32815,3281.5,3,0,0.0,13.58
32816,3281.6,3,0,0.0,13.59
32817,3281.7,3,0,0.0,13.6
32818,3281.8,3,0,0.0,13.62
32819,3281.9,2,1,0.0,13.93
32820,3282.0,2,1,0.0,14.0
32821,3282.1,2,0,0.0,13.97
32822,3282.2,2,0,0.0,13.98
32823,3282.3,2,0,0.0,13.94
32824,3282.4,2,0,0.0,13.92
32825,3282.5,2,0,0.0,13.98
32826,3282.6,2,0,0.0,13.97
32827,3282.7,2,0,0.0,13.94
32828,3282.8,2,0,0.0,13.96
32829,3282.9,2,0,0.0,13.97
32830,3283.0,2,0,0.0,13.95
32831,3283.1,2,0,0.0,13.98
32832,3283.2,2,0,0.0,13.95
32833,3283.3,2,0,0.0,13.93
32834,3283.4,2,0,0.0,13.93
32835,3283.5,2,0,0.0,13.95
32836,3283.6,2,0,0.0,13.94
32837,3283.7,2,0,0.0,13.94
32838,3283.8,2,0,0.0,13.92
32839,3283.9,2,0,0.0,13.91
32840,3284.0,2,0,0.0,13.92
32841,3284.1,2,0,0.0,13.97
32842,3284.2,2,0,0.0,13.92
32843,3284.3,2,0,0.0,13.91
32844,3284.4,2,0,0.0,13.91
32845,3284.5,2,0,0.0,13.98
32846,3284.6,2,0,0.0,13.93
32847,3284.7,2,0,0.0,13.95
32848,3284.8,2,0,0.0,13.95
32849,3284.9,2,0,0.0,13.98
32850,3285.0,2,0,0.0,13.99
32851,3285.1,2,0,0.0,13.97
32852,3285.2,2,0,0.0,13.95
32853,3285.3,2,0,0.0,13.95
32854,3285.4,2,0,0.0,13.92
32855,3285.5,2,0,0.0,13.92
32856,3285.6,1,1,0.0,13.94
32857,3285.7,1,0,0.0,13.88
32858,3285.8,1,0,0.0,13.97
32859,3285.9,1,0,0.0,13.93
32860,3286.0,1,0,0.0,13.98
32861,3286.1,1,0,0.0,13.97
32862,3286.2,1,0,0.0,13.89
32863,3286.3,2,0,0.0,13.9
32864,3286.4,2,0,0.0,13.82
32865,3286.5,2,0,0.0,13.87
32866,3286.6,2,0,0.0,13.8
32867,3286.7,2,0,0.0,13.82
32868,3286.8,2,0,0.0,13.82
32869,3286.9,1,1,0.0,13.89
32870,3287.0,1,0,0.0,13.89
32871,3287.1,1,0,0.0,13.94
32872,3287.2,2,0,0.0,12.88
32873,3287.3,2,0,0.0,12.86
32874,3287.4,2,0,0.0,12.89
32875,3287.5,2,0,0.0,12.85
32876,3287.6,2,0,0.0,12.85
32877,3287.7,3,0,0.0,12.58
32878,3287.8,3,0,0.0,12.54
32879,3287.9,3,0,0.0,12.55
32880,3288.0,3,0,0.0,12.55
32881,3288.1,3,0,0.0,12.56
32882,3288.2,3,0,0.0,12.52
32883,3288.3,4,0,0.0,11.96
32884,3288.4,4,0,0.0,11.93
32885,3288.5,3,1,0.0,12.58
32886,3288.6,3,0,0.0,12.56
32887,3288.7,3,0,0.0,12.55
32888,3288.8,3,0,0.0,12.57
32889,3288.9,3,0,0.0,12.58
32890,3289.0,3,0,0.0,12.56
32891,3289.1,3,0,0.0,12.56
32892,3289.2,3,0,0.0,12.58
32893,3289.3,3,0,0.0,12.56
32894,3289.4,3,0,0.0,12.59
32895,3289.5,3,0,0.0,12.56
32896,3289.6,3,0,0.0,12.56
32897,3289.7,3,0,0.0,12.58
32898,3289.8,3,0,0.0,12.57
32899,3289.9,3,0,0.0,12.54
32900,3290.0,3,0,0.0,12.6
32901,3290.1,3,0,0.0,12.6
32902,3290.2,3,0,0.0,12.57
32903,3290.3,3,0,0.0,12.58
32904,3290.4,3,0,0.0,12.55
32905,3290.5,3,0,0.0,12.55
32906,3290.6,3,0,0.0,12.56
32907,3290.7,3,0,0.0,12.58
32908,3290.8,3,0,0.0,12.57
32909,3290.9,3,0,0.0,12.55
32910,3291.0,3,0,0.0,12.61
32911,3291.1,3,0,0.0,12.56
32912,3291.2,2,1,0.0,11.89
32913,3291.3,2,1,0.0,12.8
32914,3291.4,2,0,0.0,12.72
32915,3291.5,2,0,0.0,12.76
32916,3291.6,2,0,0.0,12.74
32917,3291.7,2,0,0.0,12.77
32918,3291.8,2,0,0.0,12.77
32919,3291.9,1,1,0.0,11.94
32920,3292.0,1,0,0.0,11.98
32921,3292.1,1,0,0.0,11.93
32922,3292.2,1,0,0.0,11.97
32923,3292.3,1,0,0.0,12.02
32924,3292.4,1,0,0.0,11.97
32925,3292.5,1,0,0.0,12.02
32926,3292.6,1,0,0.0,11.97
32927,3292.7,1,0,0.0,11.99
32928,3292.8,1,0,0.0,11.99
32929,3292.9,1,0,0.0,11.96
32930,3293.0,1,0,0.0,11.94
32931,3293.1,1,0,0.0,11.99
32932,3293.2,1,0,0.0,11.95
32933,3293.3,1,0,0.0,11.95
32934,3293.4,2,0,0.0,12.96
32935,3293.5,2,0,0.0,12.96
32936,3293.6,2,0,0.0,12.96
32937,3293.7,2,0,0.0,12.97
32938,3293.8,2,0,0.0,12.92
32939,3293.9,2,0,0.0,12.91
32940,3294.0,2,0,0.0,12.99
32941,3294.1,2,0,0.0,12.96
32942,3294.2,2,0,0.0,12.96
32943,3294.3,2,0,0.0,12.96
32944,3294.4,2,0,0.0,12.99
32945,3294.5,2,0,0.0,13.01
32946,3294.6,2,0,0.0,12.92
32947,3294.7,2,0,0.0,12.91
32948,3294.8,2,0,0.0,12.95
32949,3294.9,2,0,0.0,12.93
32950,3295.0,2,0,0.0,12.98
32951,3295.1,2,0,0.0,12.96
32952,3295.2,2,0,0.0,12.96
32953,3295.3,2,0,0.0,12.91
32954,3295.4,2,0,0.0,12.93
32955,3295.5,2,0,0.0,12.93
32956,3295.6,2,0,0.0,12.92
32957,3295.7,2,0,0.0,12.97
32958,3295.8,2,0,0.0,12.98
32959,3295.9,3,0,0.0,13.13
32960,3296.0,3,0,0.0,13.15
32961,3296.1,3,0,0.0,13.1
32962,3296.2,4,0,0.0,13.05
32963,3296.3,4,0,0.0,13.01
32964,3296.4,4,0,0.0,13.02
32965,3296.5,4,0,0.0,13.01
32966,3296.6,4,0,0.0,13.04
32967,3296.7,4,0,0.0,13.04
32968,3296.8,3,1,0.0,13.13
32969,3296.9,3,0,0.0,13.14
32970,3297.0,3,0,0.0,13.12
32971,3297.1,3,0,0.0,13.11
32972,3297.2,3,0,0.0,13.1
32973,3297.3,3,0,0.0,13.1
32974,3297.4,3,0,0.0,13.13
32975,3297.5,3,0,0.0,13.11
32976,3297.6,3,0,0.0,13.14
32977,3297.7,3,0,0.0,13.15
32978,3297.8,3,0,0.0,13.11
32979,3297.9,3,0,0.0,13.13
32980,3298.0,3,0,0.0,13.13
32981,3298.1,3,0,0.0,13.14
32982,3298.2,3,0,0.0,13.15
32983,3298.3,3,0,0.0,13.12
32984,3298.4,2,1,0.0,13.68
32985,3298.5,2,0,0.0,13.69
32986,3298.6,2,0,0.0,13.71
32987,3298.7,2,0,0.0,13.68
32988,3298.8,2,0,0.0,13.67
32989,3298.9,2,0,0.0,13.69
32990,3299.0,2,0,0.0,13.71
32991,3299.1,3,0,0.0,13.2
32992,3299.2,3,0,0.0,13.23
32993,3299.3,3,0,0.0,13.17
32994,3299.4,3,0,0.0,13.18
32995,3299.5,2,1,0.0,12.99
32996,3299.6,2,0,0.0,13.06
32997,3299.7,2,0,0.0,13.08
32998,3299.8,2,0,0.0,13.01
32999,3299.9,2,0,0.0,13.04
33000,3300.0,2,0,0.0,13.06
33001,3300.1,3,0,0.0,12.04
33002,3300.2,3,0,0.0,11.99
33003,3300.3,3,0,0.0,12.01
33004,3300.4,3,0,0.0,12.04
33005,3300.5,3,0,0.0,11.99
33006,3300.6,3,0,0.0,12.04
33007,3300.7,3,0,0.0,12.01
33008,3300.8,3,0,0.0,11.98
33009,3300.9,3,0,0.0,12.0
33010,3301.0,3,0,0.0,12.0
33011,3301.1,3,0,0.0,12.03
33012,3301.2,4,0,0.0,12.49
33013,3301.3,4,0,0.0,12.51
33014,3301.4,4,0,0.0,12.49
33015,3301.5,4,0,0.0,12.46
33016,3301.6,4,0,0.0,12.51
33017,3301.7,4,0,0.0,12.48
33018,3301.8,3,1,0.0,12.01
33019,3301.9,3,0,0.0,12.0
33020,3302.0,3,0,0.0,12.02
33021,3302.1,3,0,0.0,12.05
33022,3302.2,3,0,0.0,12.07
33023,3302.3,3,0,0.0,12.02
33024,3302.4,3,0,0.0,12.04
33025,3302.5,3,0,0.0,12.01
33026,3302.6,2,1,0.0,11.06
33027,3302.7,2,0,0.0,11.07
33028,3302.8,2,0,0.0,11.04
33029,3302.9,2,0,0.0,11.05
33030,3303.0,2,0,0.0,11.07
33031,3303.1,2,0,0.0,11.06
33032,3303.2,2,0,0.0,11.09
33033,3303.3,2,0,0.0,11.05
33034,3303.4,2,0,0.0,11.07
33035,3303.5,2,0,0.0,11.05
33036,3303.6,2,0,0.0,11.06
33037,3303.7,2,0,0.0,11.07
33038,3303.8,2,0,0.0,11.04
33039,3303.9,2,0,0.0,11.04
33040,3304.0,2,0,0.0,11.09
33041,3304.1,2,0,0.0,11.04
33042,3304.2,2,0,0.0,11.04
33043,3304.3,2,0,0.0,11.06
33044,3304.4,1,1,0.0,12.17
33045,3304.5,1,0,0.0,12.12
33046,3304.6,2,0,0.0,12.97
33047,3304.7,3,0,0.0,13.08
33048,3304.8,3,0,0.0,13.05
33049,3304.9,3,0,0.0,13.08
33050,3305.0,3,0,0.0,13.04
33051,3305.1,3,0,0.0,13.09
33052,3305.2,3,0,0.0,13.07
33053,3305.3,3,0,0.0,13.1
33054,3305.4,3,0,0.0,13.05
33055,3305.5,3,0,0.0,13.05
33056,3305.6,3,0,0.0,13.07
33057,3305.7,3,0,0.0,13.09
33058,3305.8,3,0,0.0,13.07
33059,3305.9,3,0,0.0,13.05
33060,3306.0,3,0,0.0,13.07
33061,3306.1,3,0,0.0,13.04
33062,3306.2,4,0,0.0,13.3
33063,3306.3,4,0,0.0,13.31
33064,3306.4,4,0,0.0,13.27
33065,3306.5,4,0,0.0,13.26
33066,3306.6,4,0,0.0,13.26
33067,3306.7,4,0,0.0,13.26
33068,3306.8,3,1,0.0,13.05
33069,3306.9,3,0,0.0,13.04
33070,3307.0,3,0,0.0,13.07
33071,3307.1,4,0,0.0,12.31
33072,3307.2,4,0,0.0,12.3
33073,3307.3,4,0,0.0,12.28
33074,3307.4,4,0,0.0,12.32
33075,3307.5,4,0,0.0,12.29
33076,3307.6,4,0,0.0,12.26
33077,3307.7,4,0,0.0,12.28
33078,3307.8,4,0,0.0,12.25
33079,3307.9,4,0,0.0,12.3
33080,3308.0,4,0,0.0,12.29
33081,3308.1,3,1,0.0,11.78
33082,3308.2,3,0,0.0,11.8
33083,3308.3,3,0,0.0,11.8
33084,3308.4,3,0,0.0,11.81
33085,3308.5,3,0,0.0,11.8
33086,3308.6,3,0,0.0,11.8
33087,3308.7,3,0,0.0,11.81
33088,3308.8,3,0,0.0,11.8
33089,3308.9,3,0,0.0,11.81
33090,3309.0,3,0,0.0,11.82
33091,3309.1,3,0,0.0,11.81
33092,3309.2,3,0,0.0,11.78
33093,3309.3,3,0,0.0,11.79
33094,3309.4,3,0,0.0,11.79
33095,3309.5,3,0,0.0,11.79
33096,3309.6,2,1,0.0,11.63
33097,3309.7,2,0,0.0,11.61
33098,3309.8,2,0,0.0,11.61
33099,3309.9,2,0,0.0,11.66
33100,3310.0,2,0,0.0,11.63
33101,3310.1,2,0,0.0,11.63
33102,3310.2,2,0,0.0,11.65
33103,3310.3,2,0,0.0,11.65
33104,3310.4,3,0,0.0,12.43
33105,3310.5,3,0,0.0,12.44
33106,3310.6,3,0,0.0,12.42
33107,3310.7,3,0,0.0,12.42
33108,3310.8,3,0,0.0,12.41
33109,3310.9,3,0,0.0,12.36
33110,3311.0,3,0,0.0,12.35
33111,3311.1,3,0,0.0,12.33
33112,3311.2,4,0,0.0,12.75
33113,3311.3,4,0,0.0,12.68
33114,3311.4,4,0,0.0,12.65
33115,3311.5,4,0,0.0,12.63
33116,3311.6,4,0,0.0,12.6
33117,3311.7,4,0,0.0,12.62
33118,3311.8,3,1,0.0,12.14
33119,3311.9,3,0,0.0,12.08
33120,3312.0,3,0,0.0,12.08
33121,3312.1,3,0,0.0,12.03
33122,3312.2,3,0,0.0,12.01
33123,3312.3,3,0,0.0,11.99
33124,3312.4,3,0,0.0,12.0
33125,3312.5,3,0,0.0,11.95
33126,3312.6,3,0,0.0,11.89
33127,3312.7,3,0,0.0,11.89
33128,3312.8,3,0,0.0,11.89
33129,3312.9,3,0,0.0,11.82
33130,3313.0,3,0,0.0,11.81
33131,3313.1,3,0,0.0,11.82
33132,3313.2,3,0,0.0,11.8
33133,3313.3,4,0,0.0,12.32
33134,3313.4,4,0,0.0,12.31
33135,3313.5,4,0,0.0,12.29
33136,3313.6,4,0,0.0,12.24
33137,3313.7,4,0,0.0,12.24
33138,3313.8,4,0,0.0,12.27
33139,3313.9,4,0,0.0,12.25
33140,3314.0,4,0,0.0,12.22
33141,3314.1,4,0,0.0,12.22
33142,3314.2,4,0,0.0,12.17
33143,3314.3,3,1,0.0,11.81
33144,3314.4,3,0,0.0,11.78
33145,3314.5,3,0,0.0,11.76
33146,3314.6,3,0,0.0,11.8
33147,3314.7,3,0,0.0,11.74
33148,3314.8,3,0,0.0,11.74
33149,3314.9,3,0,0.0,11.74
33150,3315.0,3,0,0.0,11.7
33151,3315.1,3,0,0.0,11.68
33152,3315.2,3,0,0.0,11.71
33153,3315.3,3,0,0.0,11.68
33154,3315.4,3,0,0.0,11.69
33155,3315.5,3,0,0.0,11.66
33156,3315.6,3,0,0.0,11.65
33157,3315.7,3,0,0.0,11.62
33158,3315.8,3,0,0.0,11.62
33159,3315.9,3,0,0.0,11.62
33160,3316.0,3,0,0.0,11.58
33161,3316.1,4,0,0.0,11.93
33162,3316.2,5,0,0.0,12.33
33163,3316.3,5,0,0.0,12.33
33164,3316.4,5,0,0.0,12.32
33165,3316.5,5,0,0.0,12.29
33166,3316.6,5,0,0.0,12.3
33167,3316.7,5,0,0.0,12.3
33168,3316.8,4,2,0.0,10.91
33169,3316.9,4,0,0.0,10.87
33170,3317.0,3,1,0.0,11.13
33171,3317.1,3,0,0.0,11.18
33172,3317.2,3,0,0.0,11.17
33173,3317.3,3,0,0.0,11.13
33174,3317.4,3,0,0.0,11.19
33175,3317.5,3,0,0.0,11.17
33176,3317.6,3,0,0.0,11.1
33177,3317.7,3,0,0.0,11.13
33178,3317.8,3,0,0.0,11.13
33179,3317.9,3,0,0.0,11.13
33180,3318.0,3,0,0.0,11.08
33181,3318.1,3,0,0.0,11.09
33182,3318.2,3,0,0.0,11.1
33183,3318.3,3,0,0.0,11.13
33184,3318.4,3,0,0.0,11.09
33185,3318.5,3,0,0.0,11.07
33186,3318.6,3,0,0.0,11.09
33187,3318.7,3,0,0.0,11.06
33188,3318.8,3,0,0.0,11.09
33189,3318.9,3,0,0.0,11.05
33190,3319.0,3,0,0.0,11.06
33191,3319.1,3,0,0.0,11.03
33192,3319.2,3,0,0.0,11.07
33193,3319.3,2,1,0.0,11.57
33194,3319.4,2,0,0.0,11.65
33195,3319.5,2,0,0.0,11.81
33196,3319.6,2,0,0.0,11.89
33197,3319.7,2,0,0.0,12.01
33198,3319.8,2,0,0.0,12.11
33199,3319.9,2,0,0.0,12.25
33200,3320.0,2,0,0.0,12.29
33201,3320.1,2,0,0.0,12.41
33202,3320.2,2,0,0.0,12.51
33203,3320.3,2,0,0.0,12.57
33204,3320.4,2,0,0.0,12.66
33205,3320.5,2,0,0.0,12.73
33206,3320.6,2,0,0.0,12.9
33207,3320.7,2,0,0.0,13.0
33208,3320.8,2,0,0.0,13.05
33209,3320.9,2,0,0.0,13.16
33210,3321.0,2,0,0.0,13.27
33211,3321.1,3,0,0.0,13.51
33212,3321.2,3,0,0.0,13.49
33213,3321.3,2,1,0.0,13.29
33214,3321.4,2,0,0.0,13.31
33215,3321.5,2,0,0.0,13.31
33216,3321.6,2,0,0.0,13.24
33217,3321.7,1,1,0.0,12.85
33218,3321.8,2,0,0.0,13.32
33219,3321.9,2,0,0.0,13.3
33220,3322.0,3,0,0.0,13.5
33221,3322.1,3,0,0.0,13.5
33222,3322.2,3,0,0.0,13.45
33223,3322.3,3,0,0.0,13.44
33224,3322.4,3,0,0.0,13.46
33225,3322.5,3,0,0.0,13.46
33226,3322.6,3,0,0.0,13.44
33227,3322.7,3,0,0.0,13.48
33228,3322.8,3,0,0.0,13.47
33229,3322.9,3,0,0.0,13.48
33230,3323.0,3,0,0.0,13.45
33231,3323.1,3,0,0.0,13.43
33232,3323.2,3,0,0.0,13.43
33233,3323.3,3,0,0.0,13.44
33234,3323.4,3,0,0.0,13.43
33235,3323.5,3,0,0.0,13.48
33236,3323.6,3,0,0.0,13.43
33237,3323.7,3,0,0.0,13.43
33238,3323.8,3,0,0.0,13.48
33239,3323.9,3,0,0.0,13.45
33240,3324.0,3,0,0.0,13.47
33241,3324.1,3,0,0.0,13.46
33242,3324.2,3,0,0.0,13.47
33243,3324.3,3,0,0.0,13.5
33244,3324.4,3,0,0.0,13.46
33245,3324.5,3,0,0.0,13.47
33246,3324.6,3,0,0.0,13.43
33247,3324.7,3,0,0.0,13.48
33248,3324.8,3,0,0.0,13.46
33249,3324.9,3,0,0.0,13.47
33250,3325.0,3,0,0.0,13.45
33251,3325.1,3,0,0.0,13.49
33252,3325.2,3,0,0.0,13.45
33253,3325.3,3,0,0.0,13.47
33254,3325.4,3,0,0.0,13.47
33255,3325.5,2,1,0.0,13.33
33256,3325.6,2,0,0.0,13.31
33257,3325.7,2,0,0.0,13.33
33258,3325.8,2,0,0.0,13.26
33259,3325.9,2,0,0.0,13.33
33260,3326.0,1,1,0.0,13.69
33261,3326.1,2,0,0.0,13.88
33262,3326.2,2,0,0.0,13.83
33263,3326.3,2,0,0.0,13.83
33264,3326.4,2,0,0.0,13.85
33265,3326.5,2,0,0.0,13.83
33266,3326.6,2,0,0.0,13.79
33267,3326.7,1,1,0.0,13.71
33268,3326.8,1,0,0.0,13.78
33269,3326.9,1,0,0.0,13.7
33270,3327.0,1,0,0.0,13.75
33271,3327.1,1,0,0.0,13.79
33272,3327.2,1,0,0.0,13.76
33273,3327.3,1,0,0.0,13.69
33274,3327.4,1,0,0.0,13.77
33275,3327.5,2,0,0.0,12.45
33276,3327.6,2,0,0.0,12.39
33277,3327.7,2,0,0.0,12.4
33278,3327.8,2,0,0.0,12.41
33279,3327.9,2,0,0.0,12.4
33280,3328.0,2,0,0.0,12.4
33281,3328.1,2,0,0.0,12.42
33282,3328.2,2,0,0.0,12.39
33283,3328.3,2,0,0.0,12.42
33284,3328.4,2,0,0.0,12.48
33285,3328.5,2,0,0.0,12.47
33286,3328.6,2,0,0.0,12.44
33287,3328.7,2,0,0.0,12.42
33288,3328.8,2,0,0.0,12.41
33289,3328.9,2,0,0.0,12.45
33290,3329.0,2,0,0.0,12.43
33291,3329.1,2,0,0.0,12.48
33292,3329.2,2,0,0.0,12.43
33293,3329.3,2,0,0.0,12.46
33294,3329.4,2,0,0.0,12.42
33295,3329.5,2,0,0.0,12.45
33296,3329.6,2,0,0.0,12.44
33297,3329.7,2,0,0.0,12.44
33298,3329.8,2,0,0.0,12.45
33299,3329.9,2,0,0.0,12.43
33300,3330.0,2,0,0.0,12.43
33301,3330.1,2,0,0.0,12.41
33302,3330.2,2,0,0.0,12.45
33303,3330.3,2,0,0.0,12.48
33304,3330.4,2,0,0.0,12.4
33305,3330.5,2,0,0.0,12.44
33306,3330.6,2,0,0.0,12.41
33307,3330.7,3,0,0.0,12.96
33308,3330.8,3,0,0.0,12.92
33309,3330.9,3,0,0.0,12.93
33310,3331.0,3,0,0.0,12.92
33311,3331.1,3,1,0.0,12.58
33312,3331.2,3,0,0.0,12.57
33313,3331.3,3,0,0.0,12.51
33314,3331.4,3,0,0.0,12.56
33315,3331.5,3,0,0.0,12.54
33316,3331.6,3,0,0.0,12.56
33317,3331.7,2,1,0.0,12.49
33318,3331.8,2,0,0.0,12.5
33319,3331.9,2,0,0.0,12.57
33320,3332.0,2,0,0.0,12.49
33321,3332.1,2,0,0.0,12.49
33322,3332.2,2,0,0.0,12.52
33323,3332.3,2,0,0.0,12.52
33324,3332.4,2,0,0.0,12.54
33325,3332.5,2,0,0.0,12.5
33326,3332.6,2,0,0.0,12.48
33327,3332.7,2,0,0.0,12.52
33328,3332.8,2,0,0.0,12.53
33329,3332.9,2,0,0.0,12.55
33330,3333.0,2,0,0.0,12.49
33331,3333.1,3,0,0.0,12.95
33332,3333.2,3,0,0.0,12.93
33333,3333.3,3,0,0.0,12.92
33334,3333.4,3,0,0.0,12.89
33335,3333.5,3,0,0.0,12.91
33336,3333.6,3,0,0.0,12.94
33337,3333.7,3,0,0.0,12.88
33338,3333.8,3,0,0.0,12.94
33339,3333.9,3,0,0.0,12.92
33340,3334.0,3,0,0.0,12.89
33341,3334.1,3,0,0.0,12.89
33342,3334.2,2,1,0.0,12.41
33343,3334.3,2,0,0.0,12.43
33344,3334.4,2,0,0.0,12.38
33345,3334.5,2,0,0.0,12.39
33346,3334.6,2,0,0.0,12.46
33347,3334.7,2,0,0.0,12.39
33348,3334.8,2,0,0.0,12.41
33349,3334.9,2,0,0.0,12.38
33350,3335.0,2,0,0.0,12.42
33351,3335.1,2,0,0.0,12.46
33352,3335.2,2,0,0.0,12.37
33353,3335.3,2,0,0.0,12.36
33354,3335.4,2,0,0.0,12.44
33355,3335.5,2,0,0.0,12.45
33356,3335.6,2,0,0.0,12.4
33357,3335.7,2,0,0.0,12.39
33358,3335.8,2,0,0.0,12.4
33359,3335.9,2,0,0.0,12.44
33360,3336.0,2,0,0.0,12.39
33361,3336.1,3,0,0.0,12.68
33362,3336.2,3,0,0.0,12.68
33363,3336.3,3,0,0.0,12.66
33364,3336.4,3,0,0.0,12.67
33365,3336.5,3,0,0.0,12.66
33366,3336.6,3,0,0.0,12.66
33367,3336.7,2,1,0.0,12.39
33368,3336.8,2,0,0.0,12.42
33369,3336.9,2,0,0.0,12.39
33370,3337.0,2,0,0.0,12.42
33371,3337.1,2,0,0.0,12.44
33372,3337.2,2,0,0.0,12.39
33373,3337.3,2,0,0.0,12.41
33374,3337.4,2,0,0.0,12.38
33375,3337.5,2,0,0.0,12.44
33376,3337.6,2,0,0.0,12.41
33377,3337.7,2,0,0.0,12.37
33378,3337.8,2,0,0.0,12.41
33379,3337.9,2,0,0.0,12.39
33380,3338.0,2,0,0.0,12.44
33381,3338.1,2,0,0.0,12.47
33382,3338.2,2,0,0.0,12.43
33383,3338.3,2,0,0.0,12.4
33384,3338.4,2,0,0.0,12.44
33385,3338.5,2,0,0.0,12.43
33386,3338.6,2,0,0.0,12.43
33387,3338.7,2,0,0.0,12.42
33388,3338.8,3,0,0.0,12.93
33389,3338.9,3,0,0.0,12.91
33390,3339.0,2,1,0.0,13.84
33391,3339.1,2,0,0.0,13.84
33392,3339.2,2,0,0.0,13.8
33393,3339.3,2,0,0.0,13.82
33394,3339.4,3,0,0.0,13.43
33395,3339.5,3,0,0.0,13.46
33396,3339.6,3,0,0.0,13.46
33397,3339.7,3,0,0.0,13.41
33398,3339.8,3,0,0.0,13.43
33399,3339.9,3,0,0.0,13.43
33400,3340.0,3,0,0.0,13.46
33401,3340.1,3,0,0.0,13.44
33402,3340.2,3,0,0.0,13.49
33403,3340.3,3,0,0.0,13.48
33404,3340.4,3,0,0.0,13.45
33405,3340.5,3,0,0.0,13.5
33406,3340.6,3,0,0.0,13.48
33407,3340.7,3,0,0.0,13.44
33408,3340.8,3,0,0.0,13.45
33409,3340.9,3,0,0.0,13.45
33410,3341.0,3,0,0.0,13.41
33411,3341.1,4,0,0.0,13.62
33412,3341.2,4,0,0.0,13.55
33413,3341.3,4,0,0.0,13.55
33414,3341.4,4,0,0.0,13.59
33415,3341.5,4,0,0.0,13.57
33416,3341.6,4,0,0.0,13.56
33417,3341.7,3,1,0.0,13.47
33418,3341.8,3,0,0.0,13.47
33419,3341.9,3,0,0.0,13.43
33420,3342.0,3,0,0.0,13.45
33421,3342.1,3,0,0.0,13.46
33422,3342.2,3,0,0.0,13.45
33423,3342.3,3,0,0.0,13.45
33424,3342.4,2,1,0.0,13.34
33425,3342.5,2,0,0.0,13.32
33426,3342.6,2,0,0.0,13.36
33427,3342.7,2,0,0.0,13.32
33428,3342.8,2,0,0.0,13.33
33429,3342.9,2,0,0.0,13.3
33430,3343.0,2,0,0.0,13.34
33431,3343.1,2,0,0.0,13.35
33432,3343.2,1,1,0.0,13.95
33433,3343.3,1,0,0.0,13.98
33434,3343.4,1,0,0.0,14.0
33435,3343.5,1,0,0.0,14.0
33436,3343.6,1,0,0.0,13.96
33437,3343.7,1,0,0.0,13.9
33438,3343.8,1,0,0.0,13.99
33439,3343.9,1,0,0.0,13.97
33440,3344.0,1,0,0.0,13.95
33441,3344.1,1,0,0.0,13.99
33442,3344.2,1,0,0.0,13.93
33443,3344.3,1,0,0.0,13.96
33444,3344.4,1,0,0.0,13.97
33445,3344.5,2,0,0.0,13.95
33446,3344.6,2,0,0.0,13.96
33447,3344.7,2,0,0.0,13.96
33448,3344.8,2,0,0.0,13.91
33449,3344.9,2,0,0.0,13.94
33450,3345.0,3,0,0.0,12.64
33451,3345.1,3,0,0.0,12.61
33452,3345.2,2,1,0.0,13.94
33453,3345.3,2,0,0.0,13.95
33454,3345.4,2,0,0.0,13.89
33455,3345.5,2,0,0.0,13.97
33456,3345.6,2,0,0.0,13.97
33457,3345.7,2,0,0.0,13.94
33458,3345.8,2,0,0.0,13.92
33459,3345.9,2,0,0.0,13.93
33460,3346.0,3,0,0.0,13.93
33461,3346.1,3,0,0.0,13.96
33462,3346.2,3,0,0.0,13.93
33463,3346.3,3,0,0.0,13.94
33464,3346.4,3,0,0.0,13.96
33465,3346.5,3,0,0.0,13.92
33466,3346.6,2,1,0.0,13.93
33467,3346.7,2,0,0.0,13.93
33468,3346.8,2,0,0.0,13.91
33469,3346.9,2,0,0.0,13.92
33470,3347.0,2,0,0.0,13.89
33471,3347.1,2,0,0.0,13.92
33472,3347.2,2,0,0.0,13.96
33473,3347.3,2,0,0.0,13.92
33474,3347.4,2,0,0.0,13.91
33475,3347.5,2,0,0.0,13.95
33476,3347.6,2,0,0.0,13.94
33477,3347.7,2,0,0.0,13.91
33478,3347.8,2,0,0.0,13.94
33479,3347.9,2,0,0.0,13.92
33480,3348.0,1,1,0.0,13.99
33481,3348.1,2,0,0.0,13.51
33482,3348.2,2,0,0.0,13.5
33483,3348.3,2,0,0.0,13.52
33484,3348.4,2,0,0.0,13.49
33485,3348.5,2,0,0.0,13.48
33486,3348.6,2,0,0.0,13.47
33487,3348.7,2,0,0.0,13.45
33488,3348.8,2,0,0.0,13.48
33489,3348.9,3,0,0.0,12.35
33490,3349.0,3,0,0.0,12.34
33491,3349.1,3,0,0.0,12.32
33492,3349.2,3,0,0.0,12.3
33493,3349.3,3,0,0.0,12.29
33494,3349.4,3,0,0.0,12.3
33495,3349.5,3,0,0.0,12.28
33496,3349.6,3,0,0.0,12.32
33497,3349.7,3,0,0.0,12.29
33498,3349.8,3,0,0.0,12.3
33499,3349.9,3,0,0.0,12.34
33500,3350.0,3,0,0.0,12.31
33501,3350.1,3,0,0.0,12.31
33502,3350.2,4,0,0.0,11.4
33503,3350.3,4,0,0.0,11.38
33504,3350.4,4,0,0.0,11.38
33505,3350.5,4,0,0.0,11.43
33506,3350.6,4,0,0.0,11.44
33507,3350.7,4,0,0.0,11.41
33508,3350.8,4,0,0.0,11.42
33509,3350.9,4,0,0.0,11.43
33510,3351.0,5,0,0.0,11.96
33511,3351.1,5,0,0.0,11.94
33512,3351.2,5,0,0.0,11.97
33513,3351.3,5,0,0.0,11.97
33514,3351.4,5,0,0.0,11.99
33515,3351.5,5,0,0.0,11.99
33516,3351.6,4,1,0.0,11.51
33517,3351.7,4,0,0.0,11.51
33518,3351.8,3,1,0.0,11.0
33519,3351.9,3,0,0.0,11.02
33520,3352.0,3,0,0.0,11.03
33521,3352.1,3,0,0.0,11.0
33522,3352.2,3,0,0.0,11.08
33523,3352.3,3,0,0.0,11.07
33524,3352.4,3,0,0.0,11.09
33525,3352.5,3,0,0.0,11.05
33526,3352.6,3,0,0.0,11.05
33527,3352.7,3,0,0.0,11.08
33528,3352.8,3,0,0.0,11.09
33529,3352.9,3,0,0.0,11.1
33530,3353.0,3,0,0.0,11.09
33531,3353.1,3,0,0.0,11.13
33532,3353.2,3,0,0.0,11.13
33533,3353.3,3,0,0.0,11.16
33534,3353.4,3,0,0.0,11.15
33535,3353.5,3,0,0.0,11.13
33536,3353.6,3,0,0.0,11.14
33537,3353.7,2,1,0.0,9.73
33538,3353.8,2,0,0.0,9.78
33539,3353.9,2,0,0.0,9.76
33540,3354.0,2,0,0.0,9.74
33541,3354.1,2,0,0.0,9.79
33542,3354.2,2,0,0.0,9.79
33543,3354.3,2,0,0.0,9.76
33544,3354.4,2,0,0.0,9.76
33545,3354.5,2,0,0.0,9.76
33546,3354.6,2,0,0.0,9.78
33547,3354.7,2,0,0.0,9.83
33548,3354.8,2,0,0.0,9.86
33549,3354.9,2,0,0.0,9.81
33550,3355.0,2,0,0.0,9.82
33551,3355.1,2,0,0.0,9.84
33552,3355.2,2,0,0.0,9.84
33553,3355.3,2,0,0.0,9.88
33554,3355.4,2,0,0.0,9.85
33555,3355.5,2,0,0.0,9.85
33556,3355.6,2,0,0.0,9.84
33557,3355.7,2,0,0.0,9.84
33558,3355.8,3,0,0.0,10.94
33559,3355.9,3,0,0.0,10.91
33560,3356.0,4,0,0.0,11.68
33561,3356.1,4,0,0.0,11.67
33562,3356.2,4,0,0.0,11.65
33563,3356.3,4,0,0.0,11.65
33564,3356.4,4,0,0.0,11.66
33565,3356.5,4,0,0.0,11.64
33566,3356.6,3,1,0.0,10.89
33567,3356.7,3,0,0.0,10.91
33568,3356.8,4,0,0.0,11.49
33569,3356.9,4,0,0.0,11.46
33570,3357.0,4,0,0.0,11.46
33571,3357.1,4,0,0.0,11.47
33572,3357.2,4,0,0.0,11.47
33573,3357.3,4,0,0.0,11.47
33574,3357.4,4,0,0.0,11.46
33575,3357.5,4,0,0.0,11.46
33576,3357.6,4,0,0.0,11.47
33577,3357.7,4,0,0.0,11.48
33578,3357.8,4,0,0.0,11.45
33579,3357.9,4,0,0.0,11.49
33580,3358.0,4,0,0.0,11.5
33581,3358.1,4,0,0.0,11.47
33582,3358.2,4,0,0.0,11.45
33583,3358.3,4,0,0.0,11.45
33584,3358.4,4,0,0.0,11.46
33585,3358.5,4,0,0.0,11.47
33586,3358.6,4,0,0.0,11.46
33587,3358.7,4,0,0.0,11.45
33588,3358.8,4,0,0.0,11.49
33589,3358.9,4,0,0.0,11.48
33590,3359.0,4,0,0.0,11.48
33591,3359.1,4,0,0.0,11.48
33592,3359.2,4,0,0.0,11.49
33593,3359.3,4,0,0.0,11.48
33594,3359.4,4,0,0.0,11.48
33595,3359.5,4,0,0.0,11.46
33596,3359.6,4,0,0.0,11.46
33597,3359.7,4,0,0.0,11.46
33598,3359.8,4,0,0.0,11.49
33599,3359.9,4,0,0.0,11.48
33600,3360.0,4,0,0.0,11.5
33601,3360.1,4,0,0.0,11.49
33602,3360.2,4,0,0.0,11.47
33603,3360.3,4,0,0.0,11.47
33604,3360.4,4,0,0.0,11.49
33605,3360.5,3,1,0.0,10.92
33606,3360.6,3,0,0.0,10.99
33607,3360.7,3,0,0.0,10.98
33608,3360.8,3,0,0.0,10.99
33609,3360.9,3,0,0.0,10.97
33610,3361.0,4,0,0.0,11.43
33611,3361.1,3,1,0.0,11.87
33612,3361.2,3,0,0.0,11.94
33613,3361.3,3,0,0.0,12.02
33614,3361.4,3,0,0.0,12.07
33615,3361.5,4,0,0.0,12.63
33616,3361.6,3,1,0.0,12.61
33617,3361.7,3,0,0.0,12.7
33618,3361.8,3,0,0.0,12.75
33619,3361.9,3,0,0.0,12.82
33620,3362.0,3,0,0.0,12.88
33621,3362.1,3,0,0.0,12.93
33622,3362.2,3,0,0.0,13.0
33623,3362.3,3,0,0.0,13.08
33624,3362.4,3,0,0.0,13.1
33625,3362.5,3,0,0.0,13.19
33626,3362.6,3,0,0.0,13.27
33627,3362.7,3,0,0.0,13.33
33628,3362.8,3,0,0.0,13.44
33629,3362.9,3,0,0.0,13.46
33630,3363.0,2,1,0.0,13.46
33631,3363.1,2,0,0.0,13.46
33632,3363.2,2,0,0.0,13.46
33633,3363.3,2,0,0.0,13.41
33634,3363.4,2,0,0.0,13.41
33635,3363.5,2,0,0.0,13.48
33636,3363.6,2,0,0.0,13.45
33637,3363.7,2,0,0.0,13.46
33638,3363.8,2,0,0.0,13.49
33639,3363.9,2,0,0.0,13.41
33640,3364.0,2,0,0.0,13.44
33641,3364.1,2,0,0.0,13.49
33642,3364.2,2,0,0.0,13.5
33643,3364.3,2,0,0.0,13.45
33644,3364.4,2,0,0.0,13.46
33645,3364.5,2,0,0.0,13.44
33646,3364.6,2,0,0.0,13.42
33647,3364.7,2,0,0.0,13.43
33648,3364.8,2,0,0.0,13.48
33649,3364.9,2,0,0.0,13.42
33650,3365.0,2,0,0.0,13.47
33651,3365.1,2,0,0.0,13.51
33652,3365.2,2,0,0.0,13.42
33653,3365.3,2,0,0.0,13.46
33654,3365.4,2,0,0.0,13.48
33655,3365.5,3,0,0.0,13.37
33656,3365.6,2,1,0.0,13.59
33657,3365.7,2,0,0.0,13.5
33658,3365.8,2,0,0.0,13.56
33659,3365.9,2,0,0.0,13.54
33660,3366.0,3,0,0.0,13.69
33661,3366.1,3,0,0.0,13.64
33662,3366.2,3,0,0.0,13.69
33663,3366.3,3,0,0.0,13.65
33664,3366.4,3,0,0.0,13.69
33665,3366.5,3,0,0.0,13.68
33666,3366.6,2,1,0.0,13.57
33667,3366.7,2,0,0.0,13.54
33668,3366.8,2,0,0.0,13.56
33669,3366.9,2,0,0.0,13.56
33670,3367.0,2,0,0.0,13.6
33671,3367.1,2,0,0.0,13.5
33672,3367.2,3,0,0.0,13.67
33673,3367.3,3,0,0.0,13.68
33674,3367.4,3,0,0.0,13.7
33675,3367.5,3,0,0.0,13.69
33676,3367.6,3,0,0.0,13.7
33677,3367.7,3,0,0.0,13.67
33678,3367.8,3,0,0.0,13.67
33679,3367.9,3,0,0.0,13.69
33680,3368.0,3,0,0.0,13.69
33681,3368.1,3,0,0.0,13.69
33682,3368.2,3,0,0.0,13.69
33683,3368.3,3,0,0.0,13.69
33684,3368.4,3,0,0.0,13.65
33685,3368.5,3,0,0.0,13.67
33686,3368.6,3,0,0.0,13.65
33687,3368.7,3,0,0.0,13.68
33688,3368.8,3,0,0.0,13.69
33689,3368.9,3,0,0.0,13.67
33690,3369.0,3,0,0.0,13.66
33691,3369.1,3,0,0.0,13.64
33692,3369.2,2,1,0.0,13.94
33693,3369.3,2,0,0.0,13.91
33694,3369.4,2,0,0.0,13.92
33695,3369.5,2,0,0.0,13.91
33696,3369.6,2,0,0.0,13.95
33697,3369.7,2,0,0.0,13.96
33698,3369.8,2,0,0.0,13.93
33699,3369.9,2,0,0.0,13.94
33700,3370.0,2,0,0.0,13.96
33701,3370.1,2,0,0.0,13.9
33702,3370.2,2,0,0.0,13.9
33703,3370.3,2,0,0.0,13.89
33704,3370.4,2,0,0.0,13.94
33705,3370.5,2,0,0.0,13.93
33706,3370.6,2,0,0.0,13.92
33707,3370.7,1,1,0.0,13.91
33708,3370.8,1,0,0.0,13.94
33709,3370.9,2,0,0.0,13.99
33710,3371.0,2,0,0.0,13.89
33711,3371.1,2,0,0.0,13.94
33712,3371.2,2,0,0.0,13.94
33713,3371.3,2,0,0.0,13.92
33714,3371.4,2,0,0.0,13.94
33715,3371.5,1,1,0.0,13.89
33716,3371.6,1,0,0.0,13.9
33717,3371.7,1,0,0.0,13.93
33718,3371.8,1,0,0.0,13.93
33719,3371.9,1,0,0.0,13.97
33720,3372.0,1,0,0.0,13.91
33721,3372.1,1,0,0.0,13.98
33722,3372.2,1,0,0.0,13.96
33723,3372.3,1,0,0.0,13.94
33724,3372.4,1,0,0.0,13.97
33725,3372.5,1,0,0.0,14.0
33726,3372.6,1,0,0.0,13.88
33727,3372.7,1,0,0.0,13.88
33728,3372.8,1,0,0.0,13.97
33729,3372.9,2,0,0.0,13.95
33730,3373.0,2,0,0.0,13.91
33731,3373.1,2,0,0.0,13.88
33732,3373.2,2,0,0.0,13.9
33733,3373.3,3,0,0.0,12.63
33734,3373.4,3,0,0.0,12.6
33735,3373.5,2,1,0.0,13.89
33736,3373.6,2,0,0.0,13.94
33737,3373.7,2,0,0.0,13.94
33738,3373.8,2,0,0.0,13.99
33739,3373.9,2,0,0.0,13.94
33740,3374.0,2,0,0.0,13.98
33741,3374.1,2,0,0.0,13.95
33742,3374.2,3,0,0.0,13.99
33743,3374.3,3,0,0.0,13.93
33744,3374.4,3,0,0.0,13.92
33745,3374.5,3,0,0.0,13.96
33746,3374.6,3,0,0.0,13.95
33747,3374.7,3,0,0.0,13.91
33748,3374.8,3,0,0.0,13.91
33749,3374.9,3,0,0.0,13.91
33750,3375.0,3,0,0.0,13.95
33751,3375.1,3,0,0.0,13.97
33752,3375.2,3,0,0.0,13.93
33753,3375.3,3,0,0.0,13.93
33754,3375.4,3,0,0.0,13.91
33755,3375.5,3,0,0.0,13.97
33756,3375.6,3,0,0.0,13.96
33757,3375.7,3,0,0.0,13.95
33758,3375.8,3,0,0.0,13.95
33759,3375.9,4,0,0.0,13.83
33760,3376.0,4,0,0.0,13.82
33761,3376.1,4,0,0.0,13.78
33762,3376.2,4,0,0.0,13.78
33763,3376.3,4,0,0.0,13.81
33764,3376.4,3,1,0.0,13.77
33765,3376.5,2,1,0.0,13.96
33766,3376.6,2,0,0.0,13.89
33767,3376.7,2,0,0.0,13.89
33768,3376.8,2,0,0.0,13.95
33769,3376.9,2,0,0.0,13.95
33770,3377.0,2,0,0.0,13.95
33771,3377.1,2,0,0.0,13.93
33772,3377.2,2,0,0.0,13.92
33773,3377.3,2,0,0.0,13.94
33774,3377.4,2,0,0.0,13.92
33775,3377.5,2,0,0.0,13.96
33776,3377.6,2,0,0.0,13.92
33777,3377.7,1,1,0.0,13.87
33778,3377.8,1,0,0.0,14.0
33779,3377.9,1,0,0.0,13.91
33780,3378.0,1,0,0.0,13.95
33781,3378.1,1,0,0.0,14.0
33782,3378.2,1,0,0.0,13.9
33783,3378.3,1,0,0.0,13.97
33784,3378.4,1,0,0.0,13.97
33785,3378.5,1,0,0.0,13.95
33786,3378.6,2,0,0.0,12.44
33787,3378.7,2,0,0.0,12.43
33788,3378.8,2,0,0.0,12.43
33789,3378.9,2,0,0.0,12.43
33790,3379.0,2,0,0.0,12.46
33791,3379.1,2,0,0.0,12.39
33792,3379.2,2,0,0.0,12.42
33793,3379.3,2,0,0.0,12.38
33794,3379.4,2,0,0.0,12.42
33795,3379.5,2,0,0.0,12.37
33796,3379.6,2,0,0.0,12.48
33797,3379.7,2,0,0.0,12.41
33798,3379.8,2,0,0.0,12.49
33799,3379.9,2,0,0.0,12.42
33800,3380.0,2,0,0.0,12.48
33801,3380.1,2,0,0.0,12.44
33802,3380.2,2,0,0.0,12.4
33803,3380.3,2,0,0.0,12.41
33804,3380.4,2,0,0.0,12.43
33805,3380.5,2,0,0.0,12.44
33806,3380.6,2,0,0.0,12.46
33807,3380.7,2,0,0.0,12.45
33808,3380.8,2,0,0.0,12.39
33809,3380.9,3,0,0.0,12.97
33810,3381.0,3,0,0.0,12.94
33811,3381.1,3,0,0.0,12.93
33812,3381.2,3,0,0.0,12.9
33813,3381.3,3,0,0.0,12.89
33814,3381.4,3,0,0.0,12.92
33815,3381.5,2,1,0.0,12.44
33816,3381.6,2,0,0.0,12.41
33817,3381.7,2,0,0.0,12.44
33818,3381.8,2,0,0.0,12.39
33819,3381.9,2,0,0.0,12.46
33820,3382.0,2,0,0.0,12.45
33821,3382.1,1,1,0.0,10.89
33822,3382.2,1,0,0.0,10.88
33823,3382.3,1,0,0.0,10.97
33824,3382.4,1,0,0.0,10.96
33825,3382.5,1,0,0.0,10.92
33826,3382.6,1,0,0.0,10.91
33827,3382.7,1,0,0.0,10.9
33828,3382.8,1,0,0.0,10.95
33829,3382.9,2,0,0.0,12.46
33830,3383.0,2,0,0.0,12.43
33831,3383.1,2,0,0.0,12.39
33832,3383.2,2,0,0.0,12.4
33833,3383.3,2,0,0.0,12.39
33834,3383.4,2,0,0.0,12.47
33835,3383.5,2,0,0.0,12.45
33836,3383.6,2,0,0.0,12.41
33837,3383.7,2,0,0.0,12.45
33838,3383.8,2,0,0.0,12.43
33839,3383.9,2,0,0.0,12.45
33840,3384.0,2,0,0.0,12.42
33841,3384.1,2,0,0.0,12.46
33842,3384.2,3,0,0.0,12.73
33843,3384.3,3,0,0.0,12.71
33844,3384.4,3,0,0.0,12.7
33845,3384.5,3,0,0.0,12.73
33846,3384.6,3,0,0.0,12.77
33847,3384.7,3,0,0.0,12.73
33848,3384.8,3,0,0.0,12.73
33849,3384.9,3,0,0.0,12.73
33850,3385.0,3,0,0.0,12.73
33851,3385.1,3,0,0.0,12.74
33852,3385.2,3,0,0.0,12.73
33853,3385.3,3,0,0.0,12.74
33854,3385.4,3,0,0.0,12.72
33855,3385.5,3,0,0.0,12.74
33856,3385.6,3,0,0.0,12.71
33857,3385.7,3,0,0.0,12.73
33858,3385.8,3,0,0.0,12.73
33859,3385.9,4,0,0.0,12.83
33860,3386.0,4,0,0.0,12.83
33861,3386.1,4,0,0.0,12.78
33862,3386.2,4,0,0.0,12.81
33863,3386.3,4,0,0.0,12.8
33864,3386.4,3,1,0.0,12.43
33865,3386.5,2,1,0.0,12.08
33866,3386.6,2,0,0.0,12.13
33867,3386.7,2,0,0.0,12.15
33868,3386.8,2,0,0.0,12.17
33869,3386.9,2,0,0.0,12.14
33870,3387.0,2,0,0.0,12.14
33871,3387.1,2,0,0.0,12.16
33872,3387.2,2,0,0.0,12.08
33873,3387.3,2,0,0.0,12.12
33874,3387.4,2,0,0.0,12.12
33875,3387.5,2,0,0.0,12.11
33876,3387.6,2,0,0.0,12.17
33877,3387.7,2,0,0.0,12.12
33878,3387.8,2,0,0.0,12.11
33879,3387.9,2,0,0.0,12.15
33880,3388.0,2,0,0.0,12.07
33881,3388.1,2,0,0.0,12.13
33882,3388.2,2,0,0.0,12.1
33883,3388.3,2,0,0.0,12.11
33884,3388.4,2,0,0.0,12.1
33885,3388.5,2,0,0.0,12.09
33886,3388.6,2,0,0.0,12.11
33887,3388.7,2,0,0.0,12.12
33888,3388.8,2,0,0.0,12.1
33889,3388.9,2,0,0.0,12.13
33890,3389.0,2,0,0.0,12.1
33891,3389.1,2,0,0.0,12.09
33892,3389.2,2,0,0.0,12.13
33893,3389.3,2,0,0.0,12.1
33894,3389.4,2,0,0.0,12.08
33895,3389.5,2,0,0.0,12.16
33896,3389.6,2,0,0.0,12.13
33897,3389.7,2,0,0.0,12.12
33898,3389.8,2,0,0.0,12.11
33899,3389.9,3,0,0.0,12.77
33900,3390.0,3,0,0.0,12.7
33901,3390.1,3,0,0.0,12.72
33902,3390.2,3,0,0.0,12.74
33903,3390.3,2,1,0.0,13.58
33904,3390.4,2,0,0.0,13.69
33905,3390.5,2,0,0.0,13.62
33906,3390.6,2,0,0.0,13.66
33907,3390.7,2,0,0.0,13.6
33908,3390.8,4,0,0.0,12.23
33909,3390.9,4,0,0.0,12.15
33910,3391.0,4,0,0.0,12.2
33911,3391.1,4,0,0.0,12.2
33912,3391.2,4,0,0.0,12.25
33913,3391.3,4,0,0.0,12.23
33914,3391.4,4,0,0.0,12.25
33915,3391.5,3,1,0.0,12.43
33916,3391.6,4,0,0.0,12.82
33917,3391.7,4,0,0.0,12.8
33918,3391.8,4,0,0.0,12.8
33919,3391.9,4,0,0.0,12.81
33920,3392.0,4,0,0.0,12.78
33921,3392.1,4,0,0.0,12.79
33922,3392.2,4,0,0.0,12.77
33923,3392.3,4,0,0.0,12.79
33924,3392.4,4,0,0.0,12.82
33925,3392.5,4,0,0.0,12.78
33926,3392.6,4,0,0.0,12.79
33927,3392.7,4,0,0.0,12.77
33928,3392.8,4,0,0.0,12.79
33929,3392.9,4,0,0.0,12.8
33930,3393.0,4,0,0.0,12.77
33931,3393.1,4,0,0.0,12.8
33932,3393.2,4,0,0.0,12.79
33933,3393.3,4,0,0.0,12.82
33934,3393.4,4,0,0.0,12.82
33935,3393.5,4,0,0.0,12.78
33936,3393.6,4,0,0.0,12.79
33937,3393.7,4,0,0.0,12.76
33938,3393.8,3,1,0.0,12.61
33939,3393.9,3,0,0.0,12.63
33940,3394.0,3,0,0.0,12.6
33941,3394.1,3,0,0.0,12.61
33942,3394.2,3,0,0.0,12.6
33943,3394.3,3,0,0.0,12.62
33944,3394.4,3,0,0.0,12.6
33945,3394.5,3,0,0.0,12.58
33946,3394.6,3,0,0.0,12.64
33947,3394.7,3,0,0.0,12.62
33948,3394.8,3,0,0.0,12.59
33949,3394.9,3,0,0.0,12.58
33950,3395.0,3,0,0.0,12.63
33951,3395.1,2,1,0.0,11.94
33952,3395.2,2,0,0.0,11.94
33953,3395.3,2,0,0.0,11.97
33954,3395.4,2,0,0.0,11.94
33955,3395.5,2,0,0.0,11.98
33956,3395.6,3,0,0.0,12.29
33957,3395.7,3,0,0.0,12.26
33958,3395.8,4,0,0.0,12.54
33959,3395.9,4,0,0.0,12.54
33960,3396.0,4,0,0.0,12.54
33961,3396.1,4,0,0.0,12.5
33962,3396.2,4,0,0.0,12.54
33963,3396.3,4,0,0.0,12.54
33964,3396.4,3,1,0.0,12.24
33965,3396.5,3,0,0.0,12.27
33966,3396.6,3,0,0.0,12.23
33967,3396.7,3,0,0.0,12.24
33968,3396.8,3,0,0.0,12.24
33969,3396.9,3,0,0.0,12.24
33970,3397.0,3,0,0.0,12.25
33971,3397.1,3,0,0.0,12.26
33972,3397.2,3,0,0.0,12.22
33973,3397.3,3,0,0.0,12.23
33974,3397.4,3,0,0.0,12.23
33975,3397.5,3,0,0.0,12.27
33976,3397.6,3,0,0.0,12.25
33977,3397.7,3,0,0.0,12.28
33978,3397.8,3,0,0.0,12.24
33979,3397.9,3,0,0.0,12.27
33980,3398.0,3,0,0.0,12.23
33981,3398.1,3,0,0.0,12.24
33982,3398.2,3,0,0.0,12.24
33983,3398.3,3,0,0.0,12.23
33984,3398.4,3,0,0.0,12.25
33985,3398.5,3,0,0.0,12.27
33986,3398.6,3,0,0.0,12.28
33987,3398.7,3,0,0.0,12.28
33988,3398.8,3,0,0.0,12.27
33989,3398.9,3,0,0.0,12.25
33990,3399.0,3,0,0.0,12.25
33991,3399.1,2,1,0.0,11.42
33992,3399.2,2,0,0.0,11.43
33993,3399.3,2,0,0.0,11.38
33994,3399.4,2,0,0.0,11.42
33995,3399.5,2,0,0.0,11.39
33996,3399.6,2,0,0.0,11.39
33997,3399.7,2,0,0.0,11.4
33998,3399.8,2,0,0.0,11.36
33999,3399.9,2,0,0.0,11.39
34000,3400.0,2,0,0.0,11.39
34001,3400.1,3,0,0.0,10.94
34002,3400.2,3,0,0.0,10.92
34003,3400.3,3,0,0.0,10.93
34004,3400.4,3,0,0.0,10.9
34005,3400.5,3,0,0.0,10.96
34006,3400.6,3,0,0.0,10.91
34007,3400.7,3,0,0.0,10.91
34008,3400.8,4,0,0.0,11.44
34009,3400.9,5,0,0.0,10.48
34010,3401.0,5,0,0.0,10.47
34011,3401.1,5,0,0.0,10.49
34012,3401.2,5,0,0.0,10.53
34013,3401.3,6,0,0.0,11.11
34014,3401.4,5,1,0.0,10.77
34015,3401.5,5,0,0.0,10.79
34016,3401.6,5,0,0.0,10.82
34017,3401.7,6,0,0.0,10.72
34018,3401.8,6,0,0.0,10.71
34019,3401.9,5,1,0.0,10.9
34020,3402.0,5,0,0.0,10.89
34021,3402.1,5,0,0.0,10.94
34022,3402.2,5,0,0.0,10.93
34023,3402.3,5,0,0.0,10.93
34024,3402.4,5,0,0.0,10.95
34025,3402.5,5,0,0.0,10.99
34026,3402.6,5,0,0.0,10.99
34027,3402.7,5,0,0.0,11.0
34028,3402.8,5,0,0.0,11.03
34029,3402.9,5,0,0.0,11.02
34030,3403.0,4,1,0.0,11.3
34031,3403.1,4,0,0.0,11.32
34032,3403.2,4,0,0.0,11.32
34033,3403.3,4,0,0.0,11.31
34034,3403.4,4,0,0.0,11.33
34035,3403.5,4,0,0.0,11.37
34036,3403.6,4,0,0.0,11.37
34037,3403.7,4,0,0.0,11.41
34038,3403.8,4,0,0.0,11.39
34039,3403.9,4,0,0.0,11.41
34040,3404.0,4,0,0.0,11.4
34041,3404.1,4,0,0.0,11.42
34042,3404.2,4,0,0.0,11.4
34043,3404.3,4,0,0.0,11.45
34044,3404.4,3,1,0.0,11.96
34045,3404.5,3,0,0.0,12.0
34046,3404.6,3,0,0.0,12.06
34047,3404.7,3,0,0.0,12.11
34048,3404.8,3,0,0.0,12.19
34049,3404.9,3,0,0.0,12.22
34050,3405.0,3,0,0.0,12.28
34051,3405.1,3,0,0.0,12.35
34052,3405.2,3,0,0.0,12.4
34053,3405.3,3,0,0.0,12.44
34054,3405.4,3,0,0.0,12.54
34055,3405.5,2,1,0.0,12.45
34056,3405.6,2,0,0.0,12.49
34057,3405.7,2,0,0.0,12.58
34058,3405.8,3,0,0.0,13.13
34059,3405.9,3,0,0.0,13.15
34060,3406.0,3,0,0.0,13.25
34061,3406.1,3,0,0.0,13.31
34062,3406.2,2,1,0.0,13.9
34063,3406.3,2,0,0.0,13.93
34064,3406.4,1,1,0.0,13.99
34065,3406.5,1,0,0.0,13.88
34066,3406.6,1,0,0.0,13.98
34067,3406.7,1,0,0.0,13.88
34068,3406.8,1,0,0.0,13.91
34069,3406.9,2,0,0.0,13.95
34070,3407.0,2,0,0.0,13.93
34071,3407.1,2,0,0.0,13.95
34072,3407.2,2,0,0.0,13.94
34073,3407.3,2,0,0.0,13.96
34074,3407.4,2,0,0.0,13.96
34075,3407.5,2,0,0.0,13.91
34076,3407.6,2,0,0.0,13.92
34077,3407.7,2,0,0.0,13.92
34078,3407.8,2,0,0.0,13.95
34079,3407.9,2,0,0.0,13.95
34080,3408.0,2,0,0.0,13.93
34081,3408.1,2,0,0.0,13.92
34082,3408.2,2,0,0.0,13.95
34083,3408.3,2,0,0.0,13.92
34084,3408.4,2,0,0.0,13.97
34085,3408.5,2,0,0.0,13.92
34086,3408.6,2,0,0.0,13.91
34087,3408.7,2,0,0.0,13.95
34088,3408.8,2,0,0.0,13.96
34089,3408.9,2,0,0.0,13.95
34090,3409.0,3,0,0.0,14.0
34091,3409.1,3,0,0.0,13.9
34092,3409.2,3,0,0.0,13.93
34093,3409.3,3,0,0.0,13.9
34094,3409.4,3,0,0.0,13.92
34095,3409.5,3,0,0.0,13.94
34096,3409.6,3,0,0.0,13.93
34097,3409.7,3,0,0.0,13.92
34098,3409.8,3,0,0.0,13.91
34099,3409.9,3,0,0.0,13.93
34100,3410.0,3,0,0.0,13.92
34101,3410.1,3,0,0.0,13.95
34102,3410.2,3,0,0.0,13.95
34103,3410.3,3,0,0.0,13.9
34104,3410.4,3,0,0.0,13.96
34105,3410.5,2,1,0.0,13.97
34106,3410.6,2,0,0.0,13.87
34107,3410.7,2,0,0.0,13.92
34108,3410.8,3,0,0.0,13.21
34109,3410.9,3,0,0.0,13.21
34110,3411.0,3,0,0.0,13.18
34111,3411.1,3,0,0.0,13.16
34112,3411.2,3,0,0.0,13.19
34113,3411.3,3,0,0.0,13.17
34114,3411.4,3,0,0.0,13.17
34115,3411.5,2,1,0.0,13.93
34116,3411.6,2,0,0.0,13.95
34117,3411.7,2,0,0.0,13.95
34118,3411.8,2,0,0.0,13.93
34119,3411.9,2,0,0.0,13.95
34120,3412.0,2,0,0.0,13.92
34121,3412.1,2,0,0.0,13.94
34122,3412.2,2,0,0.0,13.92
34123,3412.3,2,0,0.0,13.99
34124,3412.4,2,0,0.0,13.93
34125,3412.5,1,1,0.0,13.94
34126,3412.6,2,0,0.0,13.6
34127,3412.7,2,0,0.0,13.51
34128,3412.8,2,0,0.0,13.57
34129,3412.9,2,0,0.0,13.5
34130,3413.0,2,0,0.0,13.54
34131,3413.1,2,0,0.0,13.57
34132,3413.2,2,0,0.0,13.56
34133,3413.3,2,0,0.0,13.52
34134,3413.4,2,0,0.0,13.51
34135,3413.5,2,0,0.0,13.54
34136,3413.6,2,0,0.0,13.52
34137,3413.7,2,0,0.0,13.5
34138,3413.8,2,0,0.0,13.55
34139,3413.9,2,0,0.0,13.53
34140,3414.0,2,0,0.0,13.52
34141,3414.1,2,0,0.0,13.56
34142,3414.2,2,0,0.0,13.53
34143,3414.3,2,0,0.0,13.49
34144,3414.4,2,0,0.0,13.58
34145,3414.5,2,0,0.0,13.53
34146,3414.6,2,0,0.0,13.5
34147,3414.7,2,0,0.0,13.49
34148,3414.8,2,0,0.0,13.57
34149,3414.9,2,0,0.0,13.51
34150,3415.0,2,0,0.0,13.55
34151,3415.1,2,0,0.0,13.48
34152,3415.2,2,0,0.0,13.55
34153,3415.3,2,0,0.0,13.56
34154,3415.4,2,0,0.0,13.51
34155,3415.5,2,0,0.0,13.54
34156,3415.6,2,0,0.0,13.51
34157,3415.7,3,0,0.0,13.3
34158,3415.8,3,0,0.0,13.29
34159,3415.9,3,0,0.0,13.28
34160,3416.0,3,0,0.0,13.28
34161,3416.1,2,1,0.0,12.94
34162,3416.2,2,0,0.0,12.99
34163,3416.3,1,1,0.0,13.18
34164,3416.4,1,0,0.0,13.08
34165,3416.5,1,0,0.0,13.18
34166,3416.6,1,0,0.0,13.1
34167,3416.7,1,0,0.0,13.14
34168,3416.8,1,0,0.0,13.18
34169,3416.9,1,0,0.0,13.18
34170,3417.0,1,0,0.0,13.21
34171,3417.1,1,0,0.0,13.09
34172,3417.2,1,0,0.0,13.11
34173,3417.3,1,0,0.0,13.16
34174,3417.4,1,0,0.0,13.13
34175,3417.5,1,0,0.0,13.19
34176,3417.6,1,0,0.0,13.11
34177,3417.7,2,0,0.0,12.16
34178,3417.8,2,0,0.0,12.12
34179,3417.9,2,0,0.0,12.12
34180,3418.0,2,0,0.0,12.14
34181,3418.1,2,0,0.0,12.15
34182,3418.2,2,0,0.0,12.11
34183,3418.3,3,0,0.0,12.47
34184,3418.4,3,0,0.0,12.5
34185,3418.5,3,0,0.0,12.48
34186,3418.6,3,0,0.0,12.51
34187,3418.7,3,0,0.0,12.49
34188,3418.8,3,0,0.0,12.5
34189,3418.9,3,0,0.0,12.48
34190,3419.0,3,0,0.0,12.53
34191,3419.1,3,0,0.0,12.46
34192,3419.2,3,0,0.0,12.5
34193,3419.3,3,0,0.0,12.51
34194,3419.4,3,0,0.0,12.52
34195,3419.5,3,0,0.0,12.49
34196,3419.6,3,0,0.0,12.46
34197,3419.7,3,0,0.0,12.5
34198,3419.8,3,0,0.0,12.45
34199,3419.9,3,0,0.0,12.44
34200,3420.0,3,0,0.0,12.45
34201,3420.1,3,0,0.0,12.45
34202,3420.2,3,0,0.0,12.46
34203,3420.3,3,0,0.0,12.5
34204,3420.4,3,0,0.0,12.47
34205,3420.5,3,0,0.0,12.49
34206,3420.6,3,0,0.0,12.51
34207,3420.7,4,0,0.0,12.63
34208,3420.8,4,0,0.0,12.58
34209,3420.9,4,0,0.0,12.58
34210,3421.0,4,0,0.0,12.57
34211,3421.1,4,0,0.0,12.6
34212,3421.2,4,0,0.0,12.6
34213,3421.3,3,1,0.0,12.47
34214,3421.4,3,0,0.0,12.51
34215,3421.5,3,0,0.0,12.47
34216,3421.6,3,0,0.0,12.45
34217,3421.7,3,0,0.0,12.48
34218,3421.8,3,0,0.0,12.48
34219,3421.9,3,0,0.0,12.47
34220,3422.0,2,1,0.0,13.18
34221,3422.1,2,0,0.0,13.12
34222,3422.2,2,0,0.0,13.16
34223,3422.3,1,1,0.0,13.18
34224,3422.4,1,0,0.0,13.12
34225,3422.5,1,0,0.0,13.13
34226,3422.6,1,0,0.0,13.25
34227,3422.7,1,0,0.0,13.21
34228,3422.8,1,0,0.0,13.13
34229,3422.9,1,0,0.0,13.19
34230,3423.0,1,0,0.0,13.2
34231,3423.1,1,0,0.0,13.21
34232,3423.2,1,0,0.0,13.23
34233,3423.3,1,0,0.0,13.21
34234,3423.4,1,0,0.0,13.2
34235,3423.5,1,0,0.0,13.17
34236,3423.6,1,0,0.0,13.13
34237,3423.7,1,0,0.0,13.18
34238,3423.8,1,0,0.0,13.23
34239,3423.9,1,0,0.0,13.17
34240,3424.0,2,0,0.0,13.56
34241,3424.1,2,0,0.0,13.53
34242,3424.2,2,0,0.0,13.54
34243,3424.3,2,0,0.0,13.53
34244,3424.4,2,0,0.0,13.54
34245,3424.5,2,0,0.0,13.56
34246,3424.6,2,0,0.0,13.53
34247,3424.7,2,0,0.0,13.56
34248,3424.8,2,0,0.0,13.59
34249,3424.9,2,0,0.0,13.56
34250,3425.0,2,0,0.0,13.5
34251,3425.1,2,0,0.0,13.56
34252,3425.2,2,0,0.0,13.55
34253,3425.3,2,0,0.0,13.58
34254,3425.4,2,0,0.0,13.61
34255,3425.5,2,0,0.0,13.59
34256,3425.6,2,0,0.0,13.6
34257,3425.7,3,0,0.0,13.53
34258,3425.8,3,0,0.0,13.51
34259,3425.9,3,0,0.0,13.54
34260,3426.0,3,0,0.0,13.47
34261,3426.1,3,0,0.0,13.46
34262,3426.2,3,0,0.0,13.52
34263,3426.3,2,1,0.0,13.58
34264,3426.4,3,0,0.0,13.59
34265,3426.5,3,0,0.0,13.58
34266,3426.6,3,0,0.0,13.57
34267,3426.7,3,0,0.0,13.62
34268,3426.8,3,0,0.0,13.61
34269,3426.9,3,0,0.0,13.58
34270,3427.0,3,0,0.0,13.58
34271,3427.1,3,0,0.0,13.56
34272,3427.2,3,0,0.0,13.6
34273,3427.3,3,0,0.0,13.6
34274,3427.4,3,0,0.0,13.58
34275,3427.5,3,0,0.0,13.58
34276,3427.6,3,0,0.0,13.61
34277,3427.7,3,0,0.0,13.58
34278,3427.8,3,0,0.0,13.59
34279,3427.9,3,0,0.0,13.56
34280,3428.0,2,1,0.0,13.76
34281,3428.1,2,0,0.0,13.79
34282,3428.2,2,0,0.0,13.77
34283,3428.3,2,0,0.0,13.77
34284,3428.4,2,0,0.0,13.79
34285,3428.5,2,0,0.0,13.84
34286,3428.6,2,0,0.0,13.79
34287,3428.7,2,0,0.0,13.79
34288,3428.8,2,0,0.0,13.8
34289,3428.9,2,0,0.0,13.77
34290,3429.0,2,0,0.0,13.76
34291,3429.1,2,0,0.0,13.82
34292,3429.2,2,0,0.0,13.82
34293,3429.3,2,0,0.0,13.81
34294,3429.4,2,0,0.0,13.86
34295,3429.5,2,0,0.0,13.77
34296,3429.6,2,0,0.0,13.8
34297,3429.7,3,0,0.0,13.63
34298,3429.8,3,0,0.0,13.58
34299,3429.9,2,1,0.0,13.54
34300,3430.0,3,0,0.0,12.37
34301,3430.1,3,0,0.0,12.36
34302,3430.2,2,1,0.0,13.55
34303,3430.3,2,0,0.0,13.55
34304,3430.4,2,0,0.0,13.51
34305,3430.5,2,0,0.0,13.53
34306,3430.6,2,0,0.0,13.53
34307,3430.7,3,0,0.0,13.44
34308,3430.8,3,0,0.0,13.44
34309,3430.9,3,0,0.0,13.42
34310,3431.0,3,0,0.0,13.4
34311,3431.1,3,0,0.0,13.44
34312,3431.2,3,0,0.0,13.44
34313,3431.3,2,1,0.0,13.55
34314,3431.4,2,0,0.0,13.51
34315,3431.5,2,0,0.0,13.57
34316,3431.6,2,0,0.0,13.57
34317,3431.7,2,0,0.0,13.57
34318,3431.8,2,0,0.0,13.55
34319,3431.9,2,0,0.0,13.53
34320,3432.0,2,0,0.0,13.55
34321,3432.1,2,0,0.0,13.49
34322,3432.2,2,0,0.0,13.53
34323,3432.3,2,0,0.0,13.56
34324,3432.4,2,0,0.0,13.5
34325,3432.5,2,0,0.0,13.49
34326,3432.6,2,0,0.0,13.58
34327,3432.7,3,0,0.0,12.39
34328,3432.8,3,0,0.0,12.34
34329,3432.9,3,0,0.0,12.35
34330,3433.0,3,0,0.0,12.35
34331,3433.1,3,0,0.0,12.35
34332,3433.2,2,1,0.0,11.59
34333,3433.3,2,0,0.0,11.55
34334,3433.4,2,0,0.0,11.58
34335,3433.5,2,0,0.0,11.55
34336,3433.6,2,0,0.0,11.54
34337,3433.7,2,0,0.0,11.54
34338,3433.8,2,0,0.0,11.56
34339,3433.9,2,0,0.0,11.58
34340,3434.0,2,0,0.0,11.55
34341,3434.1,2,0,0.0,11.53
34342,3434.2,2,0,0.0,11.55
34343,3434.3,2,0,0.0,11.61
34344,3434.4,2,0,0.0,11.6
34345,3434.5,2,0,0.0,11.58
34346,3434.6,2,0,0.0,11.55
34347,3434.7,2,0,0.0,11.57
34348,3434.8,2,0,0.0,11.54
34349,3434.9,2,0,0.0,11.54
34350,3435.0,2,0,0.0,11.57
34351,3435.1,3,0,0.0,12.05
34352,3435.2,3,0,0.0,12.05
34353,3435.3,4,0,0.0,12.14
34354,3435.4,4,0,0.0,12.15
34355,3435.5,4,0,0.0,12.14
34356,3435.6,4,0,0.0,12.1
34357,3435.7,5,0,0.0,12.48
34358,3435.8,5,0,0.0,12.46
34359,3435.9,5,0,0.0,12.41
34360,3436.0,5,0,0.0,12.42
34361,3436.1,5,0,0.0,12.41
34362,3436.2,5,0,0.0,12.42
34363,3436.3,4,1,0.0,12.0
34364,3436.4,4,0,0.0,11.98
34365,3436.5,4,0,0.0,11.97
34366,3436.6,4,0,0.0,11.96
34367,3436.7,4,0,0.0,11.98
34368,3436.8,4,0,0.0,11.97
34369,3436.9,4,0,0.0,11.94
34370,3437.0,4,0,0.0,11.9
34371,3437.1,4,0,0.0,11.94
34372,3437.2,4,0,0.0,11.89
34373,3437.3,4,0,0.0,11.92
34374,3437.4,4,0,0.0,11.84
34375,3437.5,4,0,0.0,11.88
34376,3437.6,4,0,0.0,11.83
34377,3437.7,4,0,0.0,11.84
34378,3437.8,4,0,0.0,11.83
34379,3437.9,4,0,0.0,11.83
34380,3438.0,4,0,0.0,11.82
34381,3438.1,4,0,0.0,11.81
34382,3438.2,4,0,0.0,11.8
34383,3438.3,4,0,0.0,11.8
34384,3438.4,4,0,0.0,11.77
34385,3438.5,4,0,0.0,11.77
34386,3438.6,4,0,0.0,11.73
34387,3438.7,4,0,0.0,11.78
34388,3438.8,3,1,0.0,11.36
34389,3438.9,3,0,0.0,11.34
34390,3439.0,3,0,0.0,11.3
34391,3439.1,3,0,0.0,11.35
34392,3439.2,3,0,0.0,11.32
34393,3439.3,3,0,0.0,11.29
34394,3439.4,2,1,0.0,10.38
34395,3439.5,2,0,0.0,10.37
34396,3439.6,2,0,0.0,10.31
34397,3439.7,2,0,0.0,10.35
34398,3439.8,2,0,0.0,10.3
34399,3439.9,2,0,0.0,10.28
34400,3440.0,2,0,0.0,10.27
34401,3440.1,2,0,0.0,10.29
34402,3440.2,2,0,0.0,10.28
34403,3440.3,2,0,0.0,10.31
34404,3440.4,2,0,0.0,10.27
34405,3440.5,2,0,0.0,10.25
34406,3440.6,3,0,0.0,11.17
34407,3440.7,3,0,0.0,11.12
34408,3440.8,3,0,0.0,11.11
34409,3440.9,3,0,0.0,11.08
34410,3441.0,4,0,0.0,11.78
34411,3441.1,4,0,0.0,11.77
34412,3441.2,3,1,0.0,11.4
34413,3441.3,3,0,0.0,11.41
34414,3441.4,3,0,0.0,11.38
34415,3441.5,3,0,0.0,11.38
34416,3441.6,3,0,0.0,11.35
34417,3441.7,3,0,0.0,11.38
34418,3441.8,3,0,0.0,11.39
34419,3441.9,3,0,0.0,11.35
34420,3442.0,3,0,0.0,11.35
34421,3442.1,3,0,0.0,11.39
34422,3442.2,3,0,0.0,11.36
34423,3442.3,3,0,0.0,11.33
34424,3442.4,3,0,0.0,11.37
34425,3442.5,3,0,0.0,11.36
34426,3442.6,3,0,0.0,11.34
34427,3442.7,3,0,0.0,11.31
34428,3442.8,3,0,0.0,11.28
34429,3442.9,3,0,0.0,11.36
34430,3443.0,3,0,0.0,11.36
34431,3443.1,3,0,0.0,11.36
34432,3443.2,3,0,0.0,11.3
34433,3443.3,3,0,0.0,11.33
34434,3443.4,3,0,0.0,11.28
34435,3443.5,3,0,0.0,11.3
34436,3443.6,3,0,0.0,11.3
34437,3443.7,3,0,0.0,11.3
34438,3443.8,4,0,0.0,11.3
34439,3443.9,4,0,0.0,11.3
34440,3444.0,4,0,0.0,11.29
34441,3444.1,4,0,0.0,11.28
34442,3444.2,4,0,0.0,11.26
34443,3444.3,4,0,0.0,11.26
34444,3444.4,4,0,0.0,11.27
34445,3444.5,4,0,0.0,11.27
34446,3444.6,4,0,0.0,11.29
34447,3444.7,4,0,0.0,11.24
34448,3444.8,4,0,0.0,11.25
34449,3444.9,3,1,0.0,11.73
34450,3445.0,3,0,0.0,11.79
34451,3445.1,3,0,0.0,11.84
34452,3445.2,3,0,0.0,11.93
34453,3445.3,3,0,0.0,11.99
34454,3445.4,3,0,0.0,12.0
34455,3445.5,3,0,0.0,12.08
34456,3445.6,4,0,0.0,12.56
34457,3445.7,4,0,0.0,12.58
34458,3445.8,4,0,0.0,12.62
34459,3445.9,4,0,0.0,12.64
34460,3446.0,4,0,0.0,12.71
34461,3446.1,4,0,0.0,12.74
34462,3446.2,3,1,0.0,12.53
34463,3446.3,3,0,0.0,12.57
34464,3446.4,3,0,0.0,12.62
34465,3446.5,3,0,0.0,12.66
34466,3446.6,3,0,0.0,12.74
34467,3446.7,4,0,0.0,12.9
34468,3446.8,4,0,0.0,12.94
34469,3446.9,3,1,0.0,12.72
34470,3447.0,3,0,0.0,12.7
34471,3447.1,3,0,0.0,12.71
34472,3447.2,3,0,0.0,12.75
34473,3447.3,3,0,0.0,12.72
34474,3447.4,3,0,0.0,12.71
34475,3447.5,3,0,0.0,12.72
34476,3447.6,3,0,0.0,12.7
34477,3447.7,3,0,0.0,12.74
34478,3447.8,3,0,0.0,12.73
34479,3447.9,3,0,0.0,12.69
34480,3448.0,3,0,0.0,12.73
34481,3448.1,2,1,0.0,13.42
34482,3448.2,2,0,0.0,13.49
34483,3448.3,2,0,0.0,13.44
34484,3448.4,2,0,0.0,13.43
34485,3448.5,2,0,0.0,13.46
34486,3448.6,2,0,0.0,13.43
34487,3448.7,2,0,0.0,13.44
34488,3448.8,2,0,0.0,13.45
34489,3448.9,2,0,0.0,13.43
34490,3449.0,2,0,0.0,13.46
34491,3449.1,2,0,0.0,13.46
34492,3449.2,2,0,0.0,13.45
34493,3449.3,2,0,0.0,13.43
34494,3449.4,2,0,0.0,13.42
34495,3449.5,2,0,0.0,13.45
34496,3449.6,2,0,0.0,13.44
34497,3449.7,2,0,0.0,13.42
34498,3449.8,2,0,0.0,13.45
34499,3449.9,2,0,0.0,13.44
34500,3450.0,2,0,0.0,13.48
34501,3450.1,2,0,0.0,13.45
34502,3450.2,2,0,0.0,13.46
34503,3450.3,1,1,0.0,13.13
34504,3450.4,1,0,0.0,13.11
34505,3450.5,1,0,0.0,13.08
34506,3450.6,2,0,0.0,13.59
34507,3450.7,2,0,0.0,13.54
34508,3450.8,2,0,0.0,13.52
34509,3450.9,2,0,0.0,13.55
34510,3451.0,2,0,0.0,13.52
34511,3451.1,2,0,0.0,13.5
34512,3451.2,1,1,0.0,13.14
34513,3451.3,1,0,0.0,13.16
34514,3451.4,1,0,0.0,13.09
34515,3451.5,1,0,0.0,13.18
34516,3451.6,1,0,0.0,13.14
34517,3451.7,1,0,0.0,13.16
34518,3451.8,1,0,0.0,13.14
34519,3451.9,1,0,0.0,13.19
34520,3452.0,1,0,0.0,13.08
34521,3452.1,1,0,0.0,13.2
34522,3452.2,1,0,0.0,13.11
34523,3452.3,1,0,0.0,13.17
34524,3452.4,2,0,0.0,13.57
34525,3452.5,3,0,0.0,13.69
34526,3452.6,3,0,0.0,13.69
34527,3452.7,3,0,0.0,13.66
34528,3452.8,3,0,0.0,13.68
34529,3452.9,3,0,0.0,13.65
34530,3453.0,3,0,0.0,13.68
34531,3453.1,3,0,0.0,13.66
34532,3453.2,3,0,0.0,13.65
34533,3453.3,3,0,0.0,13.68
34534,3453.4,3,0,0.0,13.67
34535,3453.5,3,0,0.0,13.67
34536,3453.6,3,0,0.0,13.71
34537,3453.7,3,0,0.0,13.68
34538,3453.8,3,0,0.0,13.67
34539,3453.9,3,0,0.0,13.69
34540,3454.0,3,0,0.0,13.66
34541,3454.1,3,0,0.0,13.71
34542,3454.2,3,0,0.0,13.64
34543,3454.3,3,0,0.0,13.66
34544,3454.4,3,0,0.0,13.66
34545,3454.5,3,0,0.0,13.68
34546,3454.6,3,0,0.0,13.68
34547,3454.7,3,0,0.0,13.66
34548,3454.8,3,0,0.0,13.65
34549,3454.9,3,0,0.0,13.65
34550,3455.0,3,0,0.0,13.68
34551,3455.1,3,0,0.0,13.69
34552,3455.2,3,0,0.0,13.68
34553,3455.3,3,0,0.0,13.68
34554,3455.4,3,0,0.0,13.66
34555,3455.5,3,0,0.0,13.67
34556,3455.6,4,0,0.0,13.76
34557,3455.7,4,0,0.0,13.72
34558,3455.8,4,0,0.0,13.71
34559,3455.9,4,0,0.0,13.74
34560,3456.0,3,1,0.0,13.68
34561,3456.1,3,0,0.0,13.65
34562,3456.2,2,1,0.0,13.51
34563,3456.3,2,0,0.0,13.51
34564,3456.4,1,1,0.0,13.98
34565,3456.5,1,0,0.0,13.89
34566,3456.6,1,0,0.0,13.99
34567,3456.7,1,0,0.0,13.92
34568,3456.8,1,0,0.0,13.97
34569,3456.9,1,0,0.0,13.89
34570,3457.0,1,0,0.0,13.94
34571,3457.1,1,0,0.0,13.93
34572,3457.2,1,0,0.0,13.99
34573,3457.3,1,0,0.0,13.98
34574,3457.4,1,0,0.0,13.89
34575,3457.5,1,0,0.0,13.91
34576,3457.6,1,0,0.0,13.93
34577,3457.7,1,0,0.0,13.91
34578,3457.8,1,0,0.0,13.98
34579,3457.9,1,0,0.0,13.88
34580,3458.0,1,0,0.0,13.94
34581,3458.1,2,0,0.0,12.9
34582,3458.2,2,0,0.0,12.84
34583,3458.3,2,0,0.0,12.85
34584,3458.4,3,0,0.0,11.89
34585,3458.5,3,0,0.0,11.88
34586,3458.6,2,1,0.0,12.87
34587,3458.7,2,0,0.0,12.85
34588,3458.8,2,0,0.0,12.85
34589,3458.9,2,0,0.0,12.81
34590,3459.0,2,0,0.0,12.86
34591,3459.1,2,0,0.0,12.87
34592,3459.2,2,0,0.0,12.83
34593,3459.3,2,0,0.0,12.83
34594,3459.4,2,0,0.0,12.86
34595,3459.5,2,0,0.0,12.84
34596,3459.6,2,0,0.0,12.82
34597,3459.7,2,0,0.0,12.86
34598,3459.8,2,0,0.0,12.83
34599,3459.9,2,0,0.0,12.83
34600,3460.0,2,0,0.0,12.84
34601,3460.1,2,0,0.0,12.79
34602,3460.2,2,0,0.0,12.89
34603,3460.3,2,0,0.0,12.83
34604,3460.4,2,0,0.0,12.85
34605,3460.5,2,0,0.0,12.83
34606,3460.6,3,0,0.0,13.25
34607,3460.7,3,0,0.0,13.21
34608,3460.8,3,0,0.0,13.23
34609,3460.9,3,0,0.0,13.22
34610,3461.0,3,0,0.0,13.19
34611,3461.1,3,0,0.0,13.21
34612,3461.2,3,1,0.0,12.92
34613,3461.3,3,0,0.0,12.9
34614,3461.4,3,0,0.0,12.9
34615,3461.5,3,0,0.0,12.89
34616,3461.6,2,1,0.0,12.42
34617,3461.7,2,0,0.0,12.35
34618,3461.8,2,0,0.0,12.36
34619,3461.9,2,0,0.0,12.41
34620,3462.0,2,0,0.0,12.37
34621,3462.1,2,0,0.0,12.4
34622,3462.2,2,0,0.0,12.4
34623,3462.3,2,0,0.0,12.39
34624,3462.4,2,0,0.0,12.4
34625,3462.5,2,0,0.0,12.45
34626,3462.6,2,0,0.0,12.41
34627,3462.7,2,0,0.0,12.44
34628,3462.8,2,0,0.0,12.41
34629,3462.9,2,0,0.0,12.4
34630,3463.0,2,0,0.0,12.37
34631,3463.1,2,0,0.0,12.36
34632,3463.2,2,0,0.0,12.44
34633,3463.3,2,0,0.0,12.36
34634,3463.4,2,0,0.0,12.41
34635,3463.5,2,0,0.0,12.41
34636,3463.6,2,0,0.0,12.39
34637,3463.7,3,0,0.0,11.73
34638,3463.8,3,0,0.0,11.74
34639,3463.9,3,0,0.0,11.71
34640,3464.0,3,0,0.0,11.69
34641,3464.1,3,0,0.0,11.75
34642,3464.2,3,0,0.0,11.66
34643,3464.3,3,0,0.0,11.71
34644,3464.4,3,0,0.0,11.72
34645,3464.5,3,0,0.0,11.71
34646,3464.6,3,0,0.0,11.7
34647,3464.7,3,0,0.0,11.7
34648,3464.8,3,0,0.0,11.75
34649,3464.9,2,1,0.0,11.02
34650,3465.0,2,0,0.0,11.02
34651,3465.1,2,0,0.0,11.09
34652,3465.2,2,0,0.0,11.0
34653,3465.3,2,0,0.0,11.04
34654,3465.4,2,0,0.0,11.03
34655,3465.5,3,0,0.0,12.02
34656,3465.6,3,0,0.0,11.98
34657,3465.7,3,0,0.0,11.96
34658,3465.8,3,0,0.0,12.01
34659,3465.9,3,0,0.0,11.98
34660,3466.0,3,0,0.0,11.98
34661,3466.1,2,1,0.0,11.05
34662,3466.2,2,0,0.0,11.01
34663,3466.3,2,0,0.0,11.04
34664,3466.4,2,0,0.0,11.02
34665,3466.5,2,0,0.0,11.02
34666,3466.6,2,0,0.0,11.01
34667,3466.7,2,0,0.0,11.0
34668,3466.8,2,0,0.0,11.09
34669,3466.9,2,0,0.0,11.01
34670,3467.0,2,0,0.0,11.02
34671,3467.1,2,0,0.0,11.07
34672,3467.2,2,0,0.0,11.01
34673,3467.3,2,0,0.0,11.01
34674,3467.4,2,0,0.0,11.05
34675,3467.5,2,0,0.0,11.0
34676,3467.6,2,0,0.0,11.06
34677,3467.7,2,0,0.0,11.06
34678,3467.8,2,0,0.0,11.04
34679,3467.9,2,0,0.0,11.03
34680,3468.0,2,0,0.0,11.05
34681,3468.1,2,0,0.0,11.03
34682,3468.2,2,0,0.0,11.04
34683,3468.3,2,0,0.0,11.03
34684,3468.4,2,0,0.0,11.01
34685,3468.5,2,0,0.0,11.01
34686,3468.6,2,0,0.0,11.04
34687,3468.7,2,0,0.0,11.04
34688,3468.8,2,0,0.0,11.01
34689,3468.9,2,0,0.0,11.01
34690,3469.0,1,1,0.0,10.35
34691,3469.1,1,0,0.0,10.33
34692,3469.2,1,0,0.0,10.36
34693,3469.3,1,0,0.0,10.27
34694,3469.4,2,0,0.0,12.18
34695,3469.5,2,0,0.0,12.13
34696,3469.6,2,0,0.0,12.15
34697,3469.7,2,0,0.0,12.09
34698,3469.8,2,0,0.0,12.18
34699,3469.9,3,0,0.0,12.75
34700,3470.0,3,0,0.0,12.76
34701,3470.1,3,0,0.0,12.71
34702,3470.2,3,0,0.0,12.75
34703,3470.3,3,0,0.0,12.76
34704,3470.4,3,0,0.0,12.71
34705,3470.5,4,0,0.0,13.06
34706,3470.6,4,0,0.0,13.01
34707,3470.7,4,0,0.0,13.02
34708,3470.8,4,0,0.0,13.05
34709,3470.9,4,0,0.0,13.07
34710,3471.0,4,0,0.0,13.05
34711,3471.1,3,1,0.0,12.74
34712,3471.2,3,0,0.0,12.76
34713,3471.3,3,0,0.0,12.75
34714,3471.4,3,0,0.0,12.71
34715,3471.5,3,0,0.0,12.73
34716,3471.6,3,0,0.0,12.69
34717,3471.7,3,0,0.0,12.74
34718,3471.8,3,0,0.0,12.71
34719,3471.9,3,0,0.0,12.72
34720,3472.0,3,0,0.0,12.72
34721,3472.1,3,0,0.0,12.73
34722,3472.2,3,0,0.0,12.73
34723,3472.3,3,0,0.0,12.74
34724,3472.4,3,0,0.0,12.73
34725,3472.5,3,0,0.0,12.78
34726,3472.6,3,0,0.0,12.77
34727,3472.7,3,0,0.0,12.7
34728,3472.8,3,0,0.0,12.74
34729,3472.9,3,0,0.0,12.75
34730,3473.0,3,0,0.0,12.7
34731,3473.1,3,0,0.0,12.73
34732,3473.2,3,0,0.0,12.76
34733,3473.3,3,0,0.0,12.71
34734,3473.4,2,1,0.0,12.15
34735,3473.5,2,0,0.0,12.17
34736,3473.6,2,0,0.0,12.15
34737,3473.7,2,0,0.0,12.16
34738,3473.8,2,0,0.0,12.11
34739,3473.9,2,0,0.0,12.17
34740,3474.0,2,0,0.0,12.15
34741,3474.1,2,0,0.0,12.16
34742,3474.2,2,0,0.0,12.1
34743,3474.3,2,0,0.0,12.12
34744,3474.4,2,0,0.0,12.1
34745,3474.5,3,0,0.0,11.4
34746,3474.6,3,0,0.0,11.39
34747,3474.7,3,0,0.0,11.39
34748,3474.8,3,0,0.0,11.4
34749,3474.9,3,0,0.0,11.41
34750,3475.0,3,0,0.0,11.43
34751,3475.1,3,0,0.0,11.42
34752,3475.2,3,0,0.0,11.42
34753,3475.3,4,0,0.0,10.23
34754,3475.4,4,0,0.0,10.19
34755,3475.5,5,0,0.0,11.01
34756,3475.6,5,0,0.0,11.02
34757,3475.7,5,0,0.0,11.05
34758,3475.8,5,0,0.0,11.06
34759,3475.9,5,0,0.0,11.1
34760,3476.0,4,1,0.0,11.3
34761,3476.1,3,1,0.0,10.46
34762,3476.2,3,0,0.0,10.5
34763,3476.3,3,0,0.0,10.53
34764,3476.4,3,0,0.0,10.58
34765,3476.5,3,0,0.0,10.58
34766,3476.6,3,0,0.0,10.61
34767,3476.7,3,0,0.0,10.64
34768,3476.8,3,0,0.0,10.66
34769,3476.9,3,0,0.0,10.67
34770,3477.0,3,0,0.0,10.69
34771,3477.1,3,0,0.0,10.72
34772,3477.2,3,0,0.0,10.76
34773,3477.3,3,0,0.0,10.75
34774,3477.4,3,0,0.0,10.8
34775,3477.5,3,0,0.0,10.79
34776,3477.6,3,0,0.0,10.78
34777,3477.7,3,0,0.0,10.86
34778,3477.8,3,0,0.0,10.86
34779,3477.9,3,0,0.0,10.87
34780,3478.0,3,0,0.0,10.87
34781,3478.1,3,0,0.0,10.87
34782,3478.2,3,0,0.0,10.93
34783,3478.3,3,0,0.0,10.92
34784,3478.4,3,0,0.0,10.9
34785,3478.5,4,0,0.0,11.28
34786,3478.6,3,1,0.0,10.41
34787,3478.7,3,0,0.0,10.45
34788,3478.8,3,0,0.0,10.43
34789,3478.9,3,0,0.0,10.44
34790,3479.0,3,0,0.0,10.43
34791,3479.1,3,0,0.0,10.48
34792,3479.2,3,0,0.0,10.49
34793,3479.3,3,0,0.0,10.46
34794,3479.4,3,0,0.0,10.46
34795,3479.5,3,0,0.0,10.48
34796,3479.6,3,0,0.0,10.52
34797,3479.7,3,0,0.0,10.48
34798,3479.8,3,0,0.0,10.51
34799,3479.9,3,0,0.0,10.53
34800,3480.0,3,0,0.0,10.49
34801,3480.1,3,0,0.0,10.49
34802,3480.2,3,0,0.0,10.56
34803,3480.3,3,0,0.0,10.53
34804,3480.4,3,0,0.0,10.58
34805,3480.5,4,0,0.0,11.39
34806,3480.6,4,0,0.0,11.4
34807,3480.7,4,0,0.0,11.43
34808,3480.8,5,0,0.0,11.05
34809,3480.9,5,0,0.0,11.02
34810,3481.0,5,0,0.0,11.04
34811,3481.1,4,1,0.0,10.29
34812,3481.2,4,0,0.0,10.33
34813,3481.3,4,0,0.0,10.28
34814,3481.4,4,0,0.0,10.31
34815,3481.5,4,0,0.0,10.31
34816,3481.6,4,0,0.0,10.32
34817,3481.7,4,0,0.0,10.34
34818,3481.8,4,0,0.0,10.3
34819,3481.9,4,0,0.0,10.33
34820,3482.0,4,0,0.0,10.33
34821,3482.1,4,0,0.0,10.3
34822,3482.2,4,0,0.0,10.34
34823,3482.3,4,0,0.0,10.33
34824,3482.4,3,1,0.0,9.67
34825,3482.5,3,0,0.0,9.73
34826,3482.6,3,0,0.0,9.71
34827,3482.7,3,0,0.0,9.69
34828,3482.8,3,0,0.0,9.69
34829,3482.9,3,0,0.0,9.69
34830,3483.0,3,0,0.0,9.69
34831,3483.1,3,0,0.0,9.73
34832,3483.2,3,0,0.0,9.71
34833,3483.3,3,0,0.0,9.74
34834,3483.4,3,0,0.0,9.73
34835,3483.5,3,0,0.0,9.7
34836,3483.6,3,0,0.0,9.76
34837,3483.7,3,0,0.0,9.72
34838,3483.8,3,0,0.0,9.73
34839,3483.9,3,0,0.0,9.77
34840,3484.0,3,0,0.0,9.72
34841,3484.1,3,0,0.0,9.71
34842,3484.2,3,0,0.0,9.75
34843,3484.3,3,0,0.0,9.73
34844,3484.4,3,0,0.0,9.75
34845,3484.5,3,0,0.0,9.75
34846,3484.6,3,0,0.0,9.74
34847,3484.7,3,0,0.0,9.73
34848,3484.8,3,0,0.0,9.76
34849,3484.9,3,0,0.0,9.73
34850,3485.0,3,0,0.0,9.75
34851,3485.1,3,0,0.0,9.73
34852,3485.2,3,0,0.0,9.74
34853,3485.3,3,0,0.0,9.76
34854,3485.4,4,0,0.0,10.82
34855,3485.5,4,0,0.0,10.77
34856,3485.6,4,0,0.0,10.79
34857,3485.7,4,0,0.0,10.78
34858,3485.8,4,0,0.0,10.81
34859,3485.9,4,0,0.0,10.78
34860,3486.0,3,1,0.0,9.75
34861,3486.1,3,0,0.0,9.74
34862,3486.2,3,0,0.0,9.74
34863,3486.3,3,0,0.0,9.73
34864,3486.4,4,0,0.0,10.35
34865,3486.5,4,0,0.0,10.33
34866,3486.6,4,0,0.0,10.34
34867,3486.7,4,1,0.0,10.37
34868,3486.8,4,0,0.0,10.37
34869,3486.9,3,1,0.0,10.61
34870,3487.0,3,0,0.0,10.69
34871,3487.1,3,0,0.0,10.76
34872,3487.2,4,0,0.0,11.61
34873,3487.3,4,0,0.0,11.68
34874,3487.4,4,0,0.0,11.69
34875,3487.5,4,0,0.0,11.76
34876,3487.6,4,0,0.0,11.82
34877,3487.7,4,0,0.0,11.85
34878,3487.8,4,0,0.0,11.93
34879,3487.9,4,0,0.0,11.94
34880,3488.0,4,0,0.0,11.92
34881,3488.1,4,0,0.0,11.92
34882,3488.2,4,0,0.0,11.95
34883,3488.3,4,0,0.0,11.9
34884,3488.4,4,0,0.0,11.9
34885,3488.5,4,0,0.0,11.91
34886,3488.6,4,0,0.0,11.92
34887,3488.7,3,1,0.0,11.82
34888,3488.8,3,0,0.0,11.85
34889,3488.9,3,0,0.0,11.77
34890,3489.0,3,0,0.0,11.81
34891,3489.1,3,0,0.0,11.8
34892,3489.2,3,0,0.0,11.85
34893,3489.3,3,0,0.0,11.85
34894,3489.4,3,0,0.0,11.8
34895,3489.5,3,0,0.0,11.84
34896,3489.6,3,0,0.0,11.81
34897,3489.7,3,0,0.0,11.8
34898,3489.8,3,0,0.0,11.84
34899,3489.9,3,0,0.0,11.79
34900,3490.0,3,0,0.0,11.81
34901,3490.1,3,0,0.0,11.79
34902,3490.2,3,0,0.0,11.82
34903,3490.3,3,0,0.0,11.78
34904,3490.4,4,0,0.0,12.27
34905,3490.5,4,0,0.0,12.27
34906,3490.6,4,0,0.0,12.27
34907,3490.7,3,1,0.0,11.73
34908,3490.8,3,0,0.0,11.67
34909,3490.9,3,0,0.0,11.71
34910,3491.0,2,1,0.0,10.73
34911,3491.1,2,0,0.0,10.76
34912,3491.2,2,0,0.0,10.81
34913,3491.3,2,0,0.0,10.77
34914,3491.4,2,0,0.0,10.72
34915,3491.5,2,0,0.0,10.75
34916,3491.6,2,0,0.0,10.75
34917,3491.7,2,0,0.0,10.81
34918,3491.8,2,0,0.0,10.72
34919,3491.9,2,0,0.0,10.77
34920,3492.0,2,0,0.0,10.77
34921,3492.1,3,0,0.0,11.27
34922,3492.2,3,0,0.0,11.27
34923,3492.3,3,0,0.0,11.29
34924,3492.4,3,0,0.0,11.29
34925,3492.5,3,0,0.0,11.3
34926,3492.6,3,0,0.0,11.27
34927,3492.7,3,0,0.0,11.32
34928,3492.8,3,0,0.0,11.31
34929,3492.9,3,0,0.0,11.29
34930,3493.0,3,0,0.0,11.28
34931,3493.1,3,0,0.0,11.28
34932,3493.2,3,0,0.0,11.3
34933,3493.3,3,0,0.0,11.3
34934,3493.4,3,0,0.0,11.31
34935,3493.5,3,0,0.0,11.28
34936,3493.6,3,0,0.0,11.26
34937,3493.7,3,0,0.0,11.26
34938,3493.8,3,0,0.0,11.29
34939,3493.9,3,0,0.0,11.29
34940,3494.0,3,0,0.0,11.26
34941,3494.1,3,0,0.0,11.27
34942,3494.2,3,0,0.0,11.26
34943,3494.3,2,1,0.0,12.22
34944,3494.4,2,0,0.0,12.26
34945,3494.5,2,0,0.0,12.25
34946,3494.6,2,0,0.0,12.2
34947,3494.7,2,0,0.0,12.18
34948,3494.8,2,0,0.0,12.24
34949,3494.9,2,0,0.0,12.25
34950,3495.0,2,0,0.0,12.22
34951,3495.1,2,0,0.0,12.16
34952,3495.2,2,0,0.0,12.2
34953,3495.3,2,0,0.0,12.22
34954,3495.4,3,0,0.0,12.01
34955,3495.5,3,0,0.0,11.97
34956,3495.6,3,0,0.0,11.99
34957,3495.7,3,0,0.0,11.96
34958,3495.8,3,0,0.0,11.98
34959,3495.9,4,0,0.0,12.23
34960,3496.0,4,0,0.0,12.2
34961,3496.1,3,1,0.0,12.42
34962,3496.2,3,0,0.0,12.45
34963,3496.3,3,0,0.0,12.4
34964,3496.4,3,0,0.0,12.39
34965,3496.5,3,0,0.0,12.45
34966,3496.6,3,0,0.0,12.43
34967,3496.7,3,0,0.0,12.4
34968,3496.8,3,0,0.0,12.43
34969,3496.9,2,1,0.0,12.57
34970,3497.0,2,0,0.0,12.54
34971,3497.1,2,0,0.0,12.59
34972,3497.2,2,0,0.0,12.57
34973,3497.3,2,0,0.0,12.59
34974,3497.4,2,0,0.0,12.65
34975,3497.5,2,0,0.0,12.63
34976,3497.6,2,0,0.0,12.59
34977,3497.7,2,0,0.0,12.56
34978,3497.8,3,0,0.0,12.89
34979,3497.9,3,0,0.0,12.85
34980,3498.0,3,0,0.0,12.9
34981,3498.1,3,0,0.0,12.9
34982,3498.2,3,0,0.0,12.91
34983,3498.3,3,0,0.0,12.91
34984,3498.4,3,0,0.0,12.87
34985,3498.5,3,0,0.0,12.9
34986,3498.6,3,0,0.0,12.9
34987,3498.7,3,0,0.0,12.87
34988,3498.8,3,0,0.0,12.89
34989,3498.9,3,0,0.0,12.87
34990,3499.0,3,0,0.0,12.87
34991,3499.1,3,0,0.0,12.9
34992,3499.2,3,0,0.0,12.92
34993,3499.3,3,0,0.0,12.86
34994,3499.4,3,0,0.0,12.9
34995,3499.5,3,0,0.0,12.89
34996,3499.6,3,0,0.0,12.89
34997,3499.7,2,1,0.0,12.95
34998,3499.8,2,0,0.0,12.9
34999,3499.9,2,0,0.0,12.89
35000,3500.0,2,0,0.0,12.91
35001,3500.1,3,0,0.0,11.91
35002,3500.2,3,0,0.0,11.92
35003,3500.3,3,0,0.0,11.94
35004,3500.4,4,0,0.0,12.44
35005,3500.5,4,0,0.0,12.44
35006,3500.6,4,0,0.0,12.44
35007,3500.7,4,0,0.0,12.43
35008,3500.8,4,0,0.0,12.44
35009,3500.9,4,0,0.0,12.43
35010,3501.0,3,1,0.0,11.9
35011,3501.1,3,0,0.0,11.94
35012,3501.2,3,0,0.0,11.95
35013,3501.3,3,0,0.0,11.92
35014,3501.4,3,0,0.0,11.95
35015,3501.5,3,0,0.0,11.91
35016,3501.6,3,0,0.0,11.94
35017,3501.7,3,0,0.0,11.9
35018,3501.8,3,0,0.0,11.92
35019,3501.9,3,0,0.0,11.92
35020,3502.0,3,0,0.0,11.92
35021,3502.1,3,0,0.0,11.9
35022,3502.2,3,0,0.0,11.95
35023,3502.3,3,0,0.0,11.94
35024,3502.4,2,1,0.0,11.69
35025,3502.5,2,0,0.0,11.7
35026,3502.6,2,0,0.0,11.7
35027,3502.7,2,0,0.0,11.73
35028,3502.8,2,0,0.0,11.7
35029,3502.9,2,0,0.0,11.72
35030,3503.0,2,0,0.0,11.71
35031,3503.1,2,0,0.0,11.7
35032,3503.2,2,0,0.0,11.73
35033,3503.3,2,0,0.0,11.75
35034,3503.4,2,0,0.0,11.72
35035,3503.5,3,0,0.0,11.9
35036,3503.6,3,0,0.0,11.85
35037,3503.7,3,0,0.0,11.83
35038,3503.8,3,0,0.0,11.86
35039,3503.9,3,0,0.0,11.89
35040,3504.0,3,0,0.0,11.87
35041,3504.1,3,0,0.0,11.89
35042,3504.2,3,0,0.0,11.88
35043,3504.3,3,0,0.0,11.84
35044,3504.4,2,1,0.0,12.81
35045,3504.5,2,0,0.0,12.8
35046,3504.6,3,0,0.0,12.92
35047,3504.7,3,0,0.0,12.92
35048,3504.8,3,0,0.0,12.87
35049,3504.9,3,0,0.0,12.84
35050,3505.0,3,0,0.0,12.87
35051,3505.1,3,0,0.0,12.89
35052,3505.2,3,0,0.0,12.89
35053,3505.3,3,0,0.0,12.88
35054,3505.4,4,0,0.0,12.83
35055,3505.5,4,0,0.0,12.78
35056,3505.6,4,0,0.0,12.8
35057,3505.7,4,0,0.0,12.81
35058,3505.8,4,0,0.0,12.78
35059,3505.9,4,0,0.0,12.77
35060,3506.0,3,1,0.0,12.89
35061,3506.1,3,0,0.0,12.89
35062,3506.2,3,0,0.0,12.87
35063,3506.3,3,0,0.0,12.93
35064,3506.4,3,0,0.0,12.91
35065,3506.5,3,0,0.0,12.89
35066,3506.6,3,0,0.0,12.91
35067,3506.7,3,0,0.0,12.91
35068,3506.8,3,0,0.0,12.94
35069,3506.9,3,0,0.0,12.89
35070,3507.0,3,0,0.0,12.87
35071,3507.1,3,0,0.0,12.91
35072,3507.2,3,0,0.0,12.89
35073,3507.3,2,1,0.0,12.56
35074,3507.4,2,0,0.0,12.59
35075,3507.5,2,0,0.0,12.62
35076,3507.6,2,0,0.0,12.59
35077,3507.7,2,0,0.0,12.57
35078,3507.8,2,0,0.0,12.6
35079,3507.9,2,0,0.0,12.6
35080,3508.0,2,0,0.0,12.63
35081,3508.1,2,0,0.0,12.56
35082,3508.2,2,0,0.0,12.57
35083,3508.3,1,1,0.0,12.13
35084,3508.4,1,0,0.0,12.18
35085,3508.5,1,0,0.0,12.16
35086,3508.6,1,0,0.0,12.12
35087,3508.7,1,0,0.0,12.18
35088,3508.8,1,0,0.0,12.14
35089,3508.9,1,0,0.0,12.08
35090,3509.0,1,0,0.0,12.18
35091,3509.1,1,0,0.0,12.19
35092,3509.2,2,0,0.0,12.24
35093,3509.3,2,0,0.0,12.17
35094,3509.4,2,0,0.0,12.17
35095,3509.5,2,0,0.0,12.21
35096,3509.6,2,0,0.0,12.19
35097,3509.7,2,0,0.0,12.21
35098,3509.8,2,0,0.0,12.13
35099,3509.9,2,0,0.0,12.15
35100,3510.0,2,0,0.0,12.17
35101,3510.1,2,0,0.0,12.14
35102,3510.2,2,0,0.0,12.16
35103,3510.3,3,0,0.0,12.77
35104,3510.4,3,0,0.0,12.78
35105,3510.5,3,0,0.0,12.8
35106,3510.6,3,0,0.0,12.8
35107,3510.7,3,0,0.0,12.77
35108,3510.8,3,0,0.0,12.79
35109,3510.9,2,1,0.0,12.18
35110,3511.0,2,0,0.0,12.15
35111,3511.1,2,0,0.0,12.13
35112,3511.2,2,0,0.0,12.2
35113,3511.3,2,0,0.0,12.16
35114,3511.4,2,0,0.0,12.22
35115,3511.5,2,0,0.0,12.16
35116,3511.6,2,0,0.0,12.2
35117,3511.7,2,0,0.0,12.22
35118,3511.8,2,0,0.0,12.22
35119,3511.9,2,0,0.0,12.2
35120,3512.0,2,0,0.0,12.14
35121,3512.1,2,0,0.0,12.15
35122,3512.2,2,0,0.0,12.15
35123,3512.3,2,0,0.0,12.16
35124,3512.4,2,0,0.0,12.14
35125,3512.5,2,0,0.0,12.23
35126,3512.6,2,0,0.0,12.21
35127,3512.7,2,0,0.0,12.16
35128,3512.8,2,0,0.0,12.15
35129,3512.9,2,0,0.0,12.13
35130,3513.0,2,0,0.0,12.17
35131,3513.1,2,0,0.0,12.13
35132,3513.2,2,0,0.0,12.14
35133,3513.3,3,0,0.0,11.86
35134,3513.4,3,0,0.0,11.85
35135,3513.5,3,0,0.0,11.85
35136,3513.6,3,0,0.0,11.85
35137,3513.7,3,0,0.0,11.84
35138,3513.8,3,0,0.0,11.89
35139,3513.9,3,0,0.0,11.83
35140,3514.0,2,1,0.0,11.71
35141,3514.1,2,0,0.0,11.69
35142,3514.2,2,0,0.0,11.72
35143,3514.3,2,0,0.0,11.66
35144,3514.4,2,0,0.0,11.73
35145,3514.5,2,0,0.0,11.72
35146,3514.6,2,0,0.0,11.7
35147,3514.7,2,0,0.0,11.73
35148,3514.8,3,0,0.0,12.08
35149,3514.9,3,0,0.0,12.07
35150,3515.0,3,0,0.0,12.07
35151,3515.1,4,0,0.0,11.57
35152,3515.2,4,0,0.0,11.55
35153,3515.3,4,1,0.0,12.57
35154,3515.4,4,0,0.0,12.53
35155,3515.5,4,0,0.0,12.56
35156,3515.6,4,0,0.0,12.54
35157,3515.7,4,0,0.0,12.55
35158,3515.8,4,0,0.0,12.57
35159,3515.9,3,1,0.0,12.07
35160,3516.0,3,0,0.0,12.08
35161,3516.1,3,0,0.0,12.07
35162,3516.2,3,0,0.0,12.06
35163,3516.3,3,0,0.0,12.05
35164,3516.4,4,0,0.0,11.55
35165,3516.5,4,0,0.0,11.59
35166,3516.6,4,0,0.0,11.56
35167,3516.7,4,0,0.0,11.55
35168,3516.8,4,0,0.0,11.57
35169,3516.9,4,0,0.0,11.57
35170,3517.0,4,0,0.0,11.56
35171,3517.1,4,0,0.0,11.54
35172,3517.2,4,0,0.0,11.54
35173,3517.3,4,0,0.0,11.55
35174,3517.4,4,0,0.0,11.54
35175,3517.5,4,0,0.0,11.53
35176,3517.6,3,1,0.0,11.71
35177,3517.7,3,0,0.0,11.7
35178,3517.8,3,0,0.0,11.69
35179,3517.9,3,0,0.0,11.64
35180,3518.0,3,0,0.0,11.65
35181,3518.1,3,0,0.0,11.68
35182,3518.2,3,0,0.0,11.7
35183,3518.3,3,0,0.0,11.68
35184,3518.4,3,0,0.0,11.67
35185,3518.5,3,0,0.0,11.64
35186,3518.6,3,0,0.0,11.66
35187,3518.7,3,0,0.0,11.69
35188,3518.8,3,0,0.0,11.7
35189,3518.9,3,0,0.0,11.66
35190,3519.0,3,0,0.0,11.65
35191,3519.1,3,0,0.0,11.69
35192,3519.2,3,0,0.0,11.67
35193,3519.3,3,0,0.0,11.67
35194,3519.4,3,0,0.0,11.65
35195,3519.5,3,0,0.0,11.68
35196,3519.6,2,1,0.0,11.38
35197,3519.7,2,0,0.0,11.38
35198,3519.8,2,0,0.0,11.39
35199,3519.9,2,0,0.0,11.38
35200,3520.0,2,0,0.0,11.4
35201,3520.1,2,0,0.0,11.41
35202,3520.2,2,0,0.0,11.37
35203,3520.3,3,0,0.0,11.64
35204,3520.4,3,0,0.0,11.59
35205,3520.5,4,0,0.0,12.19
35206,3520.6,4,0,0.0,12.18
35207,3520.7,4,0,0.0,12.14
35208,3520.8,4,0,0.0,12.18
35209,3520.9,3,1,0.0,12.23
35210,3521.0,3,0,0.0,12.26
35211,3521.1,3,0,0.0,12.25
35212,3521.2,3,0,0.0,12.24
35213,3521.3,3,0,0.0,12.27
35214,3521.4,3,0,0.0,12.23
35215,3521.5,3,0,0.0,12.23
35216,3521.6,3,0,0.0,12.23
35217,3521.7,3,0,0.0,12.27
35218,3521.8,3,0,0.0,12.22
35219,3521.9,3,0,0.0,12.22
35220,3522.0,4,0,0.0,12.71
35221,3522.1,4,0,0.0,12.69
35222,3522.2,4,0,0.0,12.65
35223,3522.3,4,0,0.0,12.66
35224,3522.4,4,0,0.0,12.69
35225,3522.5,4,0,0.0,12.67
35226,3522.6,4,0,0.0,12.7
35227,3522.7,4,0,0.0,12.67
35228,3522.8,4,0,0.0,12.65
35229,3522.9,4,0,0.0,12.67
35230,3523.0,4,0,0.0,12.66
35231,3523.1,4,0,0.0,12.65
35232,3523.2,4,0,0.0,12.61
35233,3523.3,4,0,0.0,12.59
35234,3523.4,4,0,0.0,12.55
35235,3523.5,4,0,0.0,12.53
35236,3523.6,4,0,0.0,12.53
35237,3523.7,4,0,0.0,12.47
35238,3523.8,4,0,0.0,12.47
35239,3523.9,4,0,0.0,12.44
35240,3524.0,4,0,0.0,12.44
35241,3524.1,4,0,0.0,12.41
35242,3524.2,4,0,0.0,12.39
35243,3524.3,4,0,0.0,12.35
35244,3524.4,4,0,0.0,12.36
35245,3524.5,4,0,0.0,12.36
35246,3524.6,4,0,0.0,12.35
35247,3524.7,4,0,0.0,12.3
35248,3524.8,3,1,0.0,12.12
35249,3524.9,3,0,0.0,12.08
35250,3525.0,3,0,0.0,12.08
35251,3525.1,3,0,0.0,12.04
35252,3525.2,3,0,0.0,12.02
35253,3525.3,4,0,0.0,12.49
35254,3525.4,4,0,0.0,12.46
35255,3525.5,3,1,0.0,11.95
35256,3525.6,3,0,0.0,11.96
35257,3525.7,3,0,0.0,11.94
35258,3525.8,3,0,0.0,11.94
35259,3525.9,2,1,0.0,10.86
35260,3526.0,2,0,0.0,10.86
35261,3526.1,2,0,0.0,10.8
35262,3526.2,3,0,0.0,11.88
35263,3526.3,3,0,0.0,11.81
35264,3526.4,3,0,0.0,11.84
35265,3526.5,3,0,0.0,11.78
35266,3526.6,3,0,0.0,11.78
35267,3526.7,3,0,0.0,11.76
35268,3526.8,3,0,0.0,11.77
35269,3526.9,3,0,0.0,11.74
35270,3527.0,3,0,0.0,11.72
35271,3527.1,3,0,0.0,11.69
35272,3527.2,3,0,0.0,11.73
35273,3527.3,3,0,0.0,11.71
35274,3527.4,3,0,0.0,11.69
35275,3527.5,3,0,0.0,11.69
35276,3527.6,3,0,0.0,11.66
35277,3527.7,3,0,0.0,11.65
35278,3527.8,3,0,0.0,11.67
35279,3527.9,3,0,0.0,11.62
35280,3528.0,3,0,0.0,11.62
35281,3528.1,3,0,0.0,11.59
35282,3528.2,3,0,0.0,11.59
35283,3528.3,3,0,0.0,11.55
35284,3528.4,3,0,0.0,11.58
35285,3528.5,3,0,0.0,11.59
35286,3528.6,2,1,0.0,12.39
35287,3528.7,2,0,0.0,12.5
35288,3528.8,2,0,0.0,12.56
35289,3528.9,2,0,0.0,12.72
35290,3529.0,2,0,0.0,12.82
35291,3529.1,2,0,0.0,12.92
35292,3529.2,2,0,0.0,13.02
35293,3529.3,2,0,0.0,13.12
35294,3529.4,2,0,0.0,13.23
35295,3529.5,2,0,0.0,13.31
35296,3529.6,2,0,0.0,13.4
35297,3529.7,2,0,0.0,13.52
35298,3529.8,2,0,0.0,13.65
35299,3529.9,2,0,0.0,13.76
35300,3530.0,2,0,0.0,13.87
35301,3530.1,2,0,0.0,13.9
35302,3530.2,2,0,0.0,13.91
35303,3530.3,3,0,0.0,12.79
35304,3530.4,3,0,0.0,12.78
35305,3530.5,3,0,0.0,12.77
35306,3530.6,2,1,0.0,12.19
35307,3530.7,3,0,0.0,12.76
35308,3530.8,3,0,0.0,12.76
35309,3530.9,3,0,0.0,12.71
35310,3531.0,2,1,0.0,13.86
35311,3531.1,2,0,0.0,13.85
35312,3531.2,2,0,0.0,13.87
35313,3531.3,2,0,0.0,13.87
35314,3531.4,2,0,0.0,13.85
35315,3531.5,2,0,0.0,13.85
35316,3531.6,2,0,0.0,13.92
35317,3531.7,2,0,0.0,13.87
35318,3531.8,2,0,0.0,13.88
35319,3531.9,3,0,0.0,13.53
35320,3532.0,3,0,0.0,13.55
35321,3532.1,3,0,0.0,13.49
35322,3532.2,3,0,0.0,13.53
35323,3532.3,3,0,0.0,13.55
35324,3532.4,3,0,0.0,13.55
35325,3532.5,3,0,0.0,13.56
35326,3532.6,3,0,0.0,13.51
35327,3532.7,3,0,0.0,13.54
35328,3532.8,3,0,0.0,13.53
35329,3532.9,3,0,0.0,13.51
35330,3533.0,3,0,0.0,13.54
35331,3533.1,3,0,0.0,13.52
35332,3533.2,3,0,0.0,13.52
35333,3533.3,3,0,0.0,13.52
35334,3533.4,3,0,0.0,13.52
35335,3533.5,3,0,0.0,13.55
35336,3533.6,3,0,0.0,13.56
35337,3533.7,3,0,0.0,13.53
35338,3533.8,3,0,0.0,13.56
35339,3533.9,3,0,0.0,13.53
35340,3534.0,3,0,0.0,13.56
35341,3534.1,3,0,0.0,13.52
35342,3534.2,2,1,0.0,13.37
35343,3534.3,2,0,0.0,13.36
35344,3534.4,2,0,0.0,13.38
35345,3534.5,2,0,0.0,13.36
35346,3534.6,2,0,0.0,13.38
35347,3534.7,2,0,0.0,13.37
35348,3534.8,2,0,0.0,13.41
35349,3534.9,2,0,0.0,13.39
35350,3535.0,2,0,0.0,13.36
35351,3535.1,2,0,0.0,13.4
35352,3535.2,3,0,0.0,12.89
35353,3535.3,3,0,0.0,12.9
35354,3535.4,2,1,0.0,12.33
35355,3535.5,2,0,0.0,12.34
35356,3535.6,2,0,0.0,12.36
35357,3535.7,2,0,0.0,12.33
35358,3535.8,2,0,0.0,12.34
35359,3535.9,1,1,0.0,12.9
35360,3536.0,1,0,0.0,12.89
35361,3536.1,1,0,0.0,12.87
35362,3536.2,1,0,0.0,12.82
35363,3536.3,1,0,0.0,12.84
35364,3536.4,1,0,0.0,12.83
35365,3536.5,1,0,0.0,12.82
35366,3536.6,1,0,0.0,12.8
35367,3536.7,1,0,0.0,12.88
35368,3536.8,1,0,0.0,12.84
35369,3536.9,1,0,0.0,12.86
35370,3537.0,1,0,0.0,12.81
35371,3537.1,1,0,0.0,12.84
35372,3537.2,1,0,0.0,12.88
35373,3537.3,1,0,0.0,12.9
35374,3537.4,1,0,0.0,12.79
35375,3537.5,2,0,0.0,13.26
35376,3537.6,2,0,0.0,13.27
35377,3537.7,2,0,0.0,13.18
35378,3537.8,2,0,0.0,13.21
35379,3537.9,2,0,0.0,13.18
35380,3538.0,2,0,0.0,13.23
35381,3538.1,2,0,0.0,13.21
35382,3538.2,2,0,0.0,13.21
35383,3538.3,2,0,0.0,13.21
35384,3538.4,2,0,0.0,13.22
35385,3538.5,2,0,0.0,13.18
35386,3538.6,2,0,0.0,13.22
35387,3538.7,2,0,0.0,13.24
35388,3538.8,2,0,0.0,13.22
35389,3538.9,2,0,0.0,13.2
35390,3539.0,2,0,0.0,13.25
35391,3539.1,2,0,0.0,13.17
35392,3539.2,2,0,0.0,13.21
35393,3539.3,2,0,0.0,13.18
35394,3539.4,3,0,0.0,12.78
35395,3539.5,3,0,0.0,12.79
35396,3539.6,3,0,0.0,12.82
35397,3539.7,3,0,0.0,12.8
35398,3539.8,3,0,0.0,12.81
35399,3539.9,3,0,0.0,12.8
35400,3540.0,3,0,0.0,12.77
35401,3540.1,3,0,0.0,12.8
35402,3540.2,4,0,0.0,12.57
35403,3540.3,4,0,0.0,12.52
35404,3540.4,4,0,0.0,12.56
35405,3540.5,4,0,0.0,12.56
35406,3540.6,4,0,0.0,12.54
35407,3540.7,4,0,0.0,12.56
35408,3540.8,4,0,0.0,12.57
35409,3540.9,3,1,0.0,12.77
35410,3541.0,3,0,0.0,12.8
35411,3541.1,3,0,0.0,12.82
35412,3541.2,3,0,0.0,12.8
35413,3541.3,3,0,0.0,12.78
35414,3541.4,3,0,0.0,12.77
35415,3541.5,3,0,0.0,12.78
35416,3541.6,3,0,0.0,12.77
35417,3541.7,3,0,0.0,12.81
35418,3541.8,2,1,0.0,12.77
35419,3541.9,2,0,0.0,12.77
35420,3542.0,2,0,0.0,12.81
35421,3542.1,2,0,0.0,12.82
35422,3542.2,2,0,0.0,12.72
35423,3542.3,2,0,0.0,12.77
35424,3542.4,2,0,0.0,12.8
35425,3542.5,2,0,0.0,12.8
35426,3542.6,2,0,0.0,12.79
35427,3542.7,2,0,0.0,12.78
35428,3542.8,2,0,0.0,12.76
35429,3542.9,2,0,0.0,12.77
35430,3543.0,2,0,0.0,12.76
35431,3543.1,2,0,0.0,12.74
35432,3543.2,3,0,0.0,13.18
35433,3543.3,3,0,0.0,13.16
35434,3543.4,3,1,0.0,12.47
35435,3543.5,3,0,0.0,12.51
35436,3543.6,2,1,0.0,13.75
35437,3543.7,2,0,0.0,13.79
35438,3543.8,2,0,0.0,13.72
35439,3543.9,2,0,0.0,13.69
35440,3544.0,2,0,0.0,13.76
35441,3544.1,2,0,0.0,13.78
35442,3544.2,2,0,0.0,13.77
35443,3544.3,2,0,0.0,13.81
35444,3544.4,2,0,0.0,13.73
35445,3544.5,2,0,0.0,13.75
35446,3544.6,2,0,0.0,13.72
35447,3544.7,2,0,0.0,13.75
35448,3544.8,2,0,0.0,13.81
35449,3544.9,2,0,0.0,13.81
35450,3545.0,2,0,0.0,13.74
35451,3545.1,2,0,0.0,13.75
35452,3545.2,3,0,0.0,13.15
35453,3545.3,3,0,0.0,13.09
35454,3545.4,3,0,0.0,13.1
35455,3545.5,3,0,0.0,13.04
35456,3545.6,3,0,0.0,13.11
35457,3545.7,3,0,0.0,13.08
35458,3545.8,3,0,0.0,13.08
35459,3545.9,2,1,0.0,13.71
35460,3546.0,2,0,0.0,13.72
35461,3546.1,2,0,0.0,13.78
35462,3546.2,2,0,0.0,13.78
35463,3546.3,2,0,0.0,13.76
35464,3546.4,2,0,0.0,13.76
35465,3546.5,2,0,0.0,13.75
35466,3546.6,2,0,0.0,13.73
35467,3546.7,2,0,0.0,13.74
35468,3546.8,2,0,0.0,13.75
35469,3546.9,1,1,0.0,13.91
35470,3547.0,1,0,0.0,13.97
35471,3547.1,1,0,0.0,13.87
35472,3547.2,1,0,0.0,13.89
35473,3547.3,1,0,0.0,13.98
35474,3547.4,1,0,0.0,13.98
35475,3547.5,1,0,0.0,13.92
35476,3547.6,1,0,0.0,13.93
35477,3547.7,1,0,0.0,13.99
35478,3547.8,1,0,0.0,13.97
35479,3547.9,1,0,0.0,13.89
35480,3548.0,1,0,0.0,13.88
35481,3548.1,2,0,0.0,13.94
35482,3548.2,2,0,0.0,13.97
35483,3548.3,2,0,0.0,13.93
35484,3548.4,2,0,0.0,13.92
35485,3548.5,2,0,0.0,13.93
35486,3548.6,2,0,0.0,13.91
35487,3548.7,2,0,0.0,13.96
35488,3548.8,2,0,0.0,13.9
35489,3548.9,3,0,0.0,13.76
35490,3549.0,3,0,0.0,13.77
35491,3549.1,3,0,0.0,13.79
35492,3549.2,3,0,0.0,13.75
35493,3549.3,3,0,0.0,13.75
35494,3549.4,3,0,0.0,13.74
35495,3549.5,3,0,0.0,13.78
35496,3549.6,3,0,0.0,13.76
35497,3549.7,3,0,0.0,13.76
35498,3549.8,3,0,0.0,13.8
35499,3549.9,3,0,0.0,13.77
35500,3550.0,3,0,0.0,13.78
35501,3550.1,3,0,0.0,13.77
35502,3550.2,4,0,0.0,13.83
35503,3550.3,4,0,0.0,13.84
35504,3550.4,4,0,0.0,13.78
35505,3550.5,4,0,0.0,13.79
35506,3550.6,4,0,0.0,13.79
35507,3550.7,4,0,0.0,13.8
35508,3550.8,3,1,0.0,13.79
35509,3550.9,3,0,0.0,13.8
35510,3551.0,3,0,0.0,13.8
35511,3551.1,3,0,0.0,13.79
35512,3551.2,3,0,0.0,13.76
35513,3551.3,3,0,0.0,13.78
35514,3551.4,3,0,0.0,13.75
35515,3551.5,3,0,0.0,13.76
35516,3551.6,2,1,0.0,13.73
35517,3551.7,2,0,0.0,13.67
35518,3551.8,2,0,0.0,13.66
35519,3551.9,2,0,0.0,13.64
35520,3552.0,2,0,0.0,13.68
35521,3552.1,2,0,0.0,13.7
35522,3552.2,2,0,0.0,13.7
35523,3552.3,2,0,0.0,13.66
35524,3552.4,1,1,0.0,13.48
35525,3552.5,1,0,0.0,13.47
35526,3552.6,1,0,0.0,13.43
35527,3552.7,1,0,0.0,13.42
35528,3552.8,1,0,0.0,13.39
35529,3552.9,1,0,0.0,13.39
35530,3553.0,1,0,0.0,13.42
35531,3553.1,1,0,0.0,13.46
35532,3553.2,1,0,0.0,13.5
35533,3553.3,1,0,0.0,13.45
35534,3553.4,1,0,0.0,13.41
35535,3553.5,1,0,0.0,13.44
35536,3553.6,1,0,0.0,13.44
35537,3553.7,1,0,0.0,13.47
35538,3553.8,1,0,0.0,13.38
35539,3553.9,1,0,0.0,13.44
35540,3554.0,1,0,0.0,13.5
35541,3554.1,1,0,0.0,13.42
35542,3554.2,1,0,0.0,13.39
35543,3554.3,1,0,0.0,13.47
35544,3554.4,1,0,0.0,13.4
35545,3554.5,1,0,0.0,13.4
35546,3554.6,2,0,0.0,12.81
35547,3554.7,2,0,0.0,12.78
35548,3554.8,2,0,0.0,12.8
35549,3554.9,2,0,0.0,12.77
35550,3555.0,2,0,0.0,12.74
35551,3555.1,2,0,0.0,12.8
35552,3555.2,3,0,0.0,13.18
35553,3555.3,3,0,0.0,13.13
35554,3555.4,3,0,0.0,13.18
35555,3555.5,3,0,0.0,13.19
35556,3555.6,3,0,0.0,13.15
35557,3555.7,3,0,0.0,13.16
35558,3555.8,2,1,0.0,12.81
35559,3555.9,2,0,0.0,12.75
35560,3556.0,2,0,0.0,12.71
35561,3556.1,2,0,0.0,12.76
35562,3556.2,2,0,0.0,12.77
35563,3556.3,2,0,0.0,12.74
35564,3556.4,2,0,0.0,12.76
35565,3556.5,2,0,0.0,12.78
35566,3556.6,2,0,0.0,12.72
35567,3556.7,2,0,0.0,12.8
35568,3556.8,3,0,0.0,13.06
35569,3556.9,3,0,0.0,13.05
35570,3557.0,3,0,0.0,13.05
35571,3557.1,3,0,0.0,13.03
35572,3557.2,3,0,0.0,13.07
35573,3557.3,3,0,0.0,13.05
35574,3557.4,3,0,0.0,13.07
35575,3557.5,3,0,0.0,13.03
35576,3557.6,3,0,0.0,13.04
35577,3557.7,3,0,0.0,13.01
35578,3557.8,3,0,0.0,13.04
35579,3557.9,3,0,0.0,13.0
35580,3558.0,3,0,0.0,13.01
35581,3558.1,3,0,0.0,13.0
35582,3558.2,4,0,0.0,12.28
35583,3558.3,4,0,0.0,12.27
35584,3558.4,3,1,0.0,11.87
35585,3558.5,3,0,0.0,11.89
35586,3558.6,3,0,0.0,11.88
35587,3558.7,3,0,0.0,11.91
35588,3558.8,3,0,0.0,11.91
35589,3558.9,3,0,0.0,11.9
35590,3559.0,3,0,0.0,11.9
35591,3559.1,3,0,0.0,11.89
35592,3559.2,3,0,0.0,11.88
35593,3559.3,3,0,0.0,11.93
35594,3559.4,3,0,0.0,11.91
35595,3559.5,3,0,0.0,11.87
35596,3559.6,3,0,0.0,11.85
35597,3559.7,3,0,0.0,11.91
35598,3559.8,3,0,0.0,11.91
35599,3559.9,3,0,0.0,11.84
35600,3560.0,3,0,0.0,11.86
35601,3560.1,4,0,0.0,12.42
35602,3560.2,4,0,0.0,12.38
35603,3560.3,4,1,0.0,11.8
35604,3560.4,4,0,0.0,11.8
35605,3560.5,4,0,0.0,11.79
35606,3560.6,4,0,0.0,11.75
35607,3560.7,3,1,0.0,11.04
35608,3560.8,3,0,0.0,10.98
35609,3560.9,3,0,0.0,11.0
35610,3561.0,3,0,0.0,10.98
35611,3561.1,3,0,0.0,10.96
35612,3561.2,3,0,0.0,10.98
35613,3561.3,3,0,0.0,10.98
35614,3561.4,3,0,0.0,10.98
35615,3561.5,3,0,0.0,10.96
35616,3561.6,3,0,0.0,10.99
35617,3561.7,3,0,0.0,10.94
35618,3561.8,3,0,0.0,10.93
35619,3561.9,3,0,0.0,10.91
35620,3562.0,3,0,0.0,10.93
35621,3562.1,3,0,0.0,10.89
35622,3562.2,3,0,0.0,10.94
35623,3562.3,3,0,0.0,10.9
35624,3562.4,3,0,0.0,10.88
35625,3562.5,3,0,0.0,10.9
35626,3562.6,3,0,0.0,10.91
35627,3562.7,3,0,0.0,10.9
35628,3562.8,3,0,0.0,10.87
35629,3562.9,3,0,0.0,10.84
35630,3563.0,3,0,0.0,10.88
35631,3563.1,3,0,0.0,10.86
35632,3563.2,3,0,0.0,10.82
35633,3563.3,3,0,0.0,10.83
35634,3563.4,3,0,0.0,10.84
35635,3563.5,3,0,0.0,10.83
35636,3563.6,3,0,0.0,10.83
35637,3563.7,3,0,0.0,10.79
35638,3563.8,3,0,0.0,10.8
35639,3563.9,3,0,0.0,10.79
35640,3564.0,3,0,0.0,10.81
35641,3564.1,3,0,0.0,10.77
35642,3564.2,3,0,0.0,10.78
35643,3564.3,3,0,0.0,10.78
35644,3564.4,3,0,0.0,10.76
35645,3564.5,3,0,0.0,10.78
35646,3564.6,3,0,0.0,10.79
35647,3564.7,3,0,0.0,10.76
35648,3564.8,3,0,0.0,10.79
35649,3564.9,3,0,0.0,10.8
35650,3565.0,3,0,0.0,10.76
35651,3565.1,3,1,0.0,10.71
35652,3565.2,3,0,0.0,10.7
35653,3565.3,3,0,0.0,10.73
35654,3565.4,3,0,0.0,10.69
35655,3565.5,4,0,0.0,11.52
35656,3565.6,4,0,0.0,11.5
35657,3565.7,3,1,0.0,11.38
35658,3565.8,3,0,0.0,11.36
35659,3565.9,4,0,0.0,12.0
35660,3566.0,4,0,0.0,11.98
35661,3566.1,4,0,0.0,12.01
35662,3566.2,4,0,0.0,12.0
35663,3566.3,4,0,0.0,11.99
35664,3566.4,4,0,0.0,12.02
35665,3566.5,4,0,0.0,11.99
35666,3566.6,4,0,0.0,12.01
35667,3566.7,4,0,0.0,11.97
35668,3566.8,4,0,0.0,12.02
35669,3566.9,4,0,0.0,11.96
35670,3567.0,4,0,0.0,11.98
35671,3567.1,4,0,0.0,11.98
35672,3567.2,4,0,0.0,11.98
35673,3567.3,4,0,0.0,11.98
35674,3567.4,4,0,0.0,11.98
35675,3567.5,4,0,0.0,11.99
35676,3567.6,4,0,0.0,11.97
35677,3567.7,4,0,0.0,12.01
35678,3567.8,4,0,0.0,11.98
35679,3567.9,4,0,0.0,11.97
35680,3568.0,4,0,0.0,12.0
35681,3568.1,4,0,0.0,12.0
35682,3568.2,4,0,0.0,11.98
35683,3568.3,4,0,0.0,11.96
35684,3568.4,4,0,0.0,11.98
35685,3568.5,4,0,0.0,11.96
35686,3568.6,4,0,0.0,11.96
35687,3568.7,4,0,0.0,11.97
35688,3568.8,4,0,0.0,11.99
35689,3568.9,4,0,0.0,11.97
35690,3569.0,3,1,0.0,11.27
35691,3569.1,3,0,0.0,11.33
35692,3569.2,3,0,0.0,11.32
35693,3569.3,3,0,0.0,11.29
35694,3569.4,3,0,0.0,11.36
35695,3569.5,3,0,0.0,11.33
35696,3569.6,3,0,0.0,11.29
35697,3569.7,3,0,0.0,11.33
35698,3569.8,3,0,0.0,11.29
35699,3569.9,3,0,0.0,11.31
35700,3570.0,3,0,0.0,11.31
35701,3570.1,4,0,0.0,11.96
35702,3570.2,4,0,0.0,11.95
35703,3570.3,4,0,0.0,11.98
35704,3570.4,3,1,0.0,12.57
35705,3570.5,3,0,0.0,12.66
35706,3570.6,3,0,0.0,12.74
35707,3570.7,2,1,0.0,12.34
35708,3570.8,2,0,0.0,12.38
35709,3570.9,2,0,0.0,12.49
35710,3571.0,2,0,0.0,12.59
35711,3571.1,2,0,0.0,12.65
35712,3571.2,2,0,0.0,12.77
35713,3571.3,2,0,0.0,12.91
35714,3571.4,2,0,0.0,12.99
35715,3571.5,2,0,0.0,13.07
35716,3571.6,3,0,0.0,13.44
35717,3571.7,4,0,0.0,12.61
35718,3571.8,4,0,0.0,12.63
35719,3571.9,3,1,0.0,13.54
35720,3572.0,3,0,0.0,13.66
35721,3572.1,3,0,0.0,13.69
35722,3572.2,3,0,0.0,13.76
35723,3572.3,2,1,0.0,13.95
35724,3572.4,2,0,0.0,13.91
35725,3572.5,2,0,0.0,13.93
35726,3572.6,2,0,0.0,13.91
35727,3572.7,2,0,0.0,13.89
35728,3572.8,2,0,0.0,13.96
35729,3572.9,2,0,0.0,13.94
35730,3573.0,2,0,0.0,13.92
35731,3573.1,2,0,0.0,13.95
35732,3573.2,2,0,0.0,13.99
35733,3573.3,2,0,0.0,13.93
35734,3573.4,2,0,0.0,13.97
35735,3573.5,2,0,0.0,13.94
35736,3573.6,2,0,0.0,13.99
35737,3573.7,2,0,0.0,13.95
35738,3573.8,2,0,0.0,13.96
35739,3573.9,2,0,0.0,13.9
35740,3574.0,2,0,0.0,13.96
35741,3574.1,2,0,0.0,13.93
35742,3574.2,3,0,0.0,13.54
35743,3574.3,3,0,0.0,13.5
35744,3574.4,3,0,0.0,13.49
35745,3574.5,3,0,0.0,13.48
35746,3574.6,3,0,0.0,13.49
35747,3574.7,3,0,0.0,13.51
35748,3574.8,3,0,0.0,13.51
35749,3574.9,3,0,0.0,13.5
35750,3575.0,3,0,0.0,13.52
35751,3575.1,3,1,0.0,12.88
35752,3575.2,3,0,0.0,12.88
35753,3575.3,3,0,0.0,12.89
35754,3575.4,3,0,0.0,12.83
35755,3575.5,3,0,0.0,12.83
35756,3575.6,3,0,0.0,12.85
35757,3575.7,2,1,0.0,13.29
35758,3575.8,2,0,0.0,13.3
35759,3575.9,2,0,0.0,13.28
35760,3576.0,2,0,0.0,13.27
35761,3576.1,2,0,0.0,13.23
35762,3576.2,2,0,0.0,13.3
35763,3576.3,2,0,0.0,13.32
35764,3576.4,2,0,0.0,13.29
35765,3576.5,2,0,0.0,13.28
35766,3576.6,2,0,0.0,13.26
35767,3576.7,2,0,0.0,13.28
35768,3576.8,2,0,0.0,13.26
35769,3576.9,2,0,0.0,13.29
35770,3577.0,2,0,0.0,13.25
35771,3577.1,2,0,0.0,13.28
35772,3577.2,2,0,0.0,13.27
35773,3577.3,3,0,0.0,13.32
35774,3577.4,3,0,0.0,13.34
35775,3577.5,3,0,0.0,13.34
35776,3577.6,3,0,0.0,13.34
35777,3577.7,3,0,0.0,13.35
35778,3577.8,3,0,0.0,13.32
35779,3577.9,3,0,0.0,13.31
35780,3578.0,2,1,0.0,13.72
35781,3578.1,2,0,0.0,13.68
35782,3578.2,2,0,0.0,13.68
35783,3578.3,2,0,0.0,13.68
35784,3578.4,2,0,0.0,13.66
35785,3578.5,2,0,0.0,13.72
35786,3578.6,2,0,0.0,13.71
35787,3578.7,2,0,0.0,13.67
35788,3578.8,2,0,0.0,13.69
35789,3578.9,2,0,0.0,13.74
35790,3579.0,2,0,0.0,13.72
35791,3579.1,2,0,0.0,13.69
35792,3579.2,2,0,0.0,13.67
35793,3579.3,2,0,0.0,13.68
35794,3579.4,2,0,0.0,13.71
35795,3579.5,2,0,0.0,13.68
35796,3579.6,2,0,0.0,13.74
35797,3579.7,2,0,0.0,13.72
35798,3579.8,2,0,0.0,13.73
35799,3579.9,2,0,0.0,13.68
35800,3580.0,2,0,0.0,13.71
35801,3580.1,3,0,0.0,13.17
35802,3580.2,3,0,0.0,13.1
35803,3580.3,3,0,0.0,13.15
35804,3580.4,3,0,0.0,13.08
35805,3580.5,3,0,0.0,13.08
35806,3580.6,3,0,0.0,13.13
35807,3580.7,2,1,0.0,13.71
35808,3580.8,1,1,0.0,13.44
35809,3580.9,1,0,0.0,13.39
35810,3581.0,1,0,0.0,13.39
35811,3581.1,1,0,0.0,13.47
35812,3581.2,1,0,0.0,13.44
35813,3581.3,1,0,0.0,13.37
35814,3581.4,1,0,0.0,13.4
35815,3581.5,1,0,0.0,13.38
35816,3581.6,1,0,0.0,13.39
35817,3581.7,1,0,0.0,13.49
35818,3581.8,1,0,0.0,13.39
35819,3581.9,1,0,0.0,13.37
35820,3582.0,1,0,0.0,13.48
35821,3582.1,1,0,0.0,13.39
35822,3582.2,1,0,0.0,13.46
35823,3582.3,1,0,0.0,13.44
35824,3582.4,1,0,0.0,13.45
35825,3582.5,1,0,0.0,13.45
35826,3582.6,1,0,0.0,13.37
35827,3582.7,1,0,0.0,13.45
35828,3582.8,1,0,0.0,13.49
35829,3582.9,2,0,0.0,13.73
35830,3583.0,3,0,0.0,13.43
35831,3583.1,3,0,0.0,13.41
35832,3583.2,3,0,0.0,13.42
35833,3583.3,3,0,0.0,13.4
35834,3583.4,3,0,0.0,13.41
35835,3583.5,3,0,0.0,13.41
35836,3583.6,3,0,0.0,13.4
35837,3583.7,3,0,0.0,13.41
35838,3583.8,3,0,0.0,13.37
35839,3583.9,3,0,0.0,13.4
35840,3584.0,3,0,0.0,13.41
35841,3584.1,3,0,0.0,13.4
35842,3584.2,3,0,0.0,13.37
35843,3584.3,3,0,0.0,13.37
35844,3584.4,3,0,0.0,13.41
35845,3584.5,3,0,0.0,13.44
35846,3584.6,3,0,0.0,13.41
35847,3584.7,3,0,0.0,13.37
35848,3584.8,3,0,0.0,13.37
35849,3584.9,3,0,0.0,13.4
35850,3585.0,4,0,0.0,13.54
35851,3585.1,4,0,0.0,13.51
35852,3585.2,4,0,0.0,13.53
35853,3585.3,4,0,0.0,13.54
35854,3585.4,4,0,0.0,13.54
35855,3585.5,4,0,0.0,13.49
35856,3585.6,3,1,0.0,13.37
35857,3585.7,3,0,0.0,13.39
35858,3585.8,3,0,0.0,13.38
35859,3585.9,3,0,0.0,13.36
35860,3586.0,3,0,0.0,13.37
35861,3586.1,3,0,0.0,13.4
35862,3586.2,3,0,0.0,13.37
35863,3586.3,3,0,0.0,13.42
35864,3586.4,2,1,0.0,13.1
35865,3586.5,2,0,0.0,13.14
35866,3586.6,2,0,0.0,13.14
35867,3586.7,2,0,0.0,13.13
35868,3586.8,1,1,0.0,12.87
35869,3586.9,1,0,0.0,12.8
35870,3587.0,1,0,0.0,12.83
35871,3587.1,1,0,0.0,12.82
35872,3587.2,1,0,0.0,12.85
35873,3587.3,1,0,0.0,12.75
35874,3587.4,1,0,0.0,12.78
35875,3587.5,1,0,0.0,12.86
35876,3587.6,1,0,0.0,12.77
35877,3587.7,1,0,0.0,12.78
35878,3587.8,1,0,0.0,12.86
35879,3587.9,1,0,0.0,12.82
35880,3588.0,1,0,0.0,12.85
35881,3588.1,1,0,0.0,12.87
35882,3588.2,1,0,0.0,12.86
35883,3588.3,1,0,0.0,12.76
35884,3588.4,1,0,0.0,12.82
35885,3588.5,1,0,0.0,12.87
35886,3588.6,2,0,0.0,13.43
35887,3588.7,2,0,0.0,13.44
35888,3588.8,2,0,0.0,13.35
35889,3588.9,2,0,0.0,13.38
35890,3589.0,2,0,0.0,13.42
35891,3589.1,2,0,0.0,13.37
35892,3589.2,2,0,0.0,13.37
35893,3589.3,2,0,0.0,13.39
35894,3589.4,2,0,0.0,13.37
35895,3589.5,2,0,0.0,13.37
35896,3589.6,2,0,0.0,13.38
35897,3589.7,2,0,0.0,13.34
35898,3589.8,2,0,0.0,13.34
35899,3589.9,2,0,0.0,13.38
35900,3590.0,3,0,0.0,13.41
35901,3590.1,3,0,0.0,13.35
35902,3590.2,3,0,0.0,13.38
35903,3590.3,3,0,0.0,13.39
35904,3590.4,3,0,0.0,13.36
35905,3590.5,3,0,0.0,13.41
35906,3590.6,2,1,0.0,13.34
35907,3590.7,2,0,0.0,13.38
35908,3590.8,2,0,0.0,13.38
35909,3590.9,2,0,0.0,13.35
35910,3591.0,2,0,0.0,13.32
35911,3591.1,2,0,0.0,13.38
35912,3591.2,2,0,0.0,13.38
35913,3591.3,2,0,0.0,13.39
35914,3591.4,2,0,0.0,13.43
35915,3591.5,2,0,0.0,13.39
35916,3591.6,3,0,0.0,13.58
35917,3591.7,3,0,0.0,13.58
35918,3591.8,3,0,0.0,13.54
35919,3591.9,3,0,0.0,13.55
35920,3592.0,3,0,0.0,13.55
35921,3592.1,3,0,0.0,13.57
35922,3592.2,3,0,0.0,13.55
35923,3592.3,3,0,0.0,13.58
35924,3592.4,3,0,0.0,13.57
35925,3592.5,3,0,0.0,13.58
35926,3592.6,3,0,0.0,13.6
35927,3592.7,3,0,0.0,13.55
35928,3592.8,3,0,0.0,13.55
35929,3592.9,3,0,0.0,13.55
35930,3593.0,2,1,0.0,13.95
35931,3593.1,2,0,0.0,13.94
35932,3593.2,2,0,0.0,13.97
35933,3593.3,2,0,0.0,13.94
35934,3593.4,2,0,0.0,13.93
35935,3593.5,2,0,0.0,13.93
35936,3593.6,2,0,0.0,13.94
35937,3593.7,2,0,0.0,13.94
35938,3593.8,2,0,0.0,13.9
35939,3593.9,2,0,0.0,13.95
35940,3594.0,2,0,0.0,13.94
35941,3594.1,2,0,0.0,13.93
35942,3594.2,2,0,0.0,13.88
35943,3594.3,3,0,0.0,13.67
35944,3594.4,3,0,0.0,13.65
35945,3594.5,3,0,0.0,13.62
35946,3594.6,3,0,0.0,13.66
35947,3594.7,3,0,0.0,13.63
35948,3594.8,3,0,0.0,13.68
35949,3594.9,3,0,0.0,13.64
35950,3595.0,4,0,0.0,13.75
35951,3595.1,3,1,0.0,13.66
35952,3595.2,3,0,0.0,13.64
35953,3595.3,3,0,0.0,13.67
35954,3595.4,3,0,0.0,13.65
35955,3595.5,3,0,0.0,13.68
35956,3595.6,2,1,0.0,13.51
35957,3595.7,2,0,0.0,13.53
35958,3595.8,2,0,0.0,13.51
35959,3595.9,2,0,0.0,13.56
35960,3596.0,2,0,0.0,13.49
35961,3596.1,2,0,0.0,13.51
35962,3596.2,2,0,0.0,13.55
35963,3596.3,2,0,0.0,13.53
35964,3596.4,2,0,0.0,13.51
35965,3596.5,2,0,0.0,13.57
35966,3596.6,2,0,0.0,13.51
35967,3596.7,2,0,0.0,13.55
35968,3596.8,2,0,0.0,13.55
35969,3596.9,2,0,0.0,13.53
35970,3597.0,2,0,0.0,13.48
35971,3597.1,2,0,0.0,13.56
35972,3597.2,2,0,0.0,13.52
35973,3597.3,2,0,0.0,13.46
35974,3597.4,2,0,0.0,13.55
35975,3597.5,2,0,0.0,13.51
35976,3597.6,2,0,0.0,13.49
35977,3597.7,2,0,0.0,13.56
35978,3597.8,1,1,0.0,13.04
35979,3597.9,1,0,0.0,13.09
35980,3598.0,1,0,0.0,13.08
35981,3598.1,1,0,0.0,13.16
35982,3598.2,1,0,0.0,13.15
35983,3598.3,1,0,0.0,13.11
35984,3598.4,1,0,0.0,13.05
35985,3598.5,1,0,0.0,13.09
35986,3598.6,1,0,0.0,13.05
35987,3598.7,1,0,0.0,13.11
35988,3598.8,1,0,0.0,13.17
35989,3598.9,1,0,0.0,13.15
35990,3599.0,1,0,0.0,13.05
35991,3599.1,1,0,0.0,13.15
35992,3599.2,1,0,0.0,13.15
35993,3599.3,1,0,0.0,13.15
35994,3599.4,1,0,0.0,13.05
35995,3599.5,1,0,0.0,13.04
35996,3599.6,1,0,0.0,13.05
35997,3599.7,1,0,0.0,13.05
35998,3599.8,1,0,0.0,13.16
35999,3599.9,1,0,0.0,13.13
36000,3600.0,3,0,0.0,12.95
36001,3600.1,3,0,0.0,12.88
36002,3600.2,3,0,0.0,12.92
36003,3600.3,3,0,0.0,12.9
36004,3600.4,3,0,0.0,12.92
36005,3600.5,3,0,0.0,12.93
36006,3600.6,3,0,0.0,12.92
36007,3600.7,3,1,0.0,12.36
36008,3600.8,3,0,0.0,12.3
36009,3600.9,3,1,0.0,12.22
36010,3601.0,3,0,0.0,12.26
36011,3601.1,3,0,0.0,12.26
36012,3601.2,3,0,0.0,12.31
36013,3601.3,3,0,0.0,12.3
36014,3601.4,3,0,0.0,12.34
36015,3601.5,3,0,0.0,12.34
36016,3601.6,3,0,0.0,12.31
36017,3601.7,3,0,0.0,12.35
36018,3601.8,3,0,0.0,12.35
36019,3601.9,3,0,0.0,12.36
36020,3602.0,3,0,0.0,12.34
36021,3602.1,3,0,0.0,12.35
36022,3602.2,3,0,0.0,12.35
36023,3602.3,3,0,0.0,12.35
36024,3602.4,3,0,0.0,12.35
36025,3602.5,3,0,0.0,12.33
36026,3602.6,3,0,0.0,12.34
36027,3602.7,3,0,0.0,12.31
36028,3602.8,3,0,0.0,12.34
36029,3602.9,3,0,0.0,12.33
36030,3603.0,3,0,0.0,12.34
36031,3603.1,3,0,0.0,12.35
36032,3603.2,3,0,0.0,12.33
36033,3603.3,3,0,0.0,12.35
36034,3603.4,3,0,0.0,12.32
36035,3603.5,3,0,0.0,12.3
36036,3603.6,3,0,0.0,12.32
36037,3603.7,3,0,0.0,12.33
36038,3603.8,3,0,0.0,12.33
36039,3603.9,3,0,0.0,12.33
36040,3604.0,2,1,0.0,11.96
36041,3604.1,2,0,0.0,11.95
36042,3604.2,2,0,0.0,11.92
36043,3604.3,2,0,0.0,11.99
36044,3604.4,2,0,0.0,11.95
36045,3604.5,2,0,0.0,11.98
36046,3604.6,2,0,0.0,11.99
36047,3604.7,2,0,0.0,11.93
36048,3604.8,2,0,0.0,11.96
36049,3604.9,2,0,0.0,11.97
36050,3605.0,2,0,0.0,11.94
36051,3605.1,2,0,0.0,11.93
36052,3605.2,2,0,0.0,11.96
36053,3605.3,2,0,0.0,11.97
36054,3605.4,2,0,0.0,11.93
36055,3605.5,2,0,0.0,11.94
36056,3605.6,2,0,0.0,11.94
36057,3605.7,2,0,0.0,11.96
36058,3605.8,2,0,0.0,11.95
36059,3605.9,2,0,0.0,11.98
36060,3606.0,2,0,0.0,11.96
36061,3606.1,2,0,0.0,11.96
36062,3606.2,2,0,0.0,11.96
36063,3606.3,2,0,0.0,11.97
36064,3606.4,2,0,0.0,11.93
36065,3606.5,2,0,0.0,11.96
36066,3606.6,2,0,0.0,11.98
36067,3606.7,2,0,0.0,11.98
36068,3606.8,2,0,0.0,11.95
36069,3606.9,2,0,0.0,11.98
36070,3607.0,2,0,0.0,11.94
36071,3607.1,2,0,0.0,11.93
36072,3607.2,2,0,0.0,11.97
36073,3607.3,2,0,0.0,11.98
36074,3607.4,2,0,0.0,11.97
36075,3607.5,2,0,0.0,11.93
36076,3607.6,2,0,0.0,11.95
36077,3607.7,2,0,0.0,11.97
36078,3607.8,2,0,0.0,11.94
36079,3607.9,2,0,0.0,11.96
36080,3608.0,2,0,0.0,11.98
36081,3608.1,2,0,0.0,11.95
36082,3608.2,2,0,0.0,11.97
36083,3608.3,2,0,0.0,11.96
36084,3608.4,2,0,0.0,11.96
36085,3608.5,2,0,0.0,11.93
36086,3608.6,2,0,0.0,11.93
36087,3608.7,2,0,0.0,11.94
36088,3608.8,2,0,0.0,11.97
36089,3608.9,2,0,0.0,11.95
36090,3609.0,2,0,0.0,11.94
36091,3609.1,2,0,0.0,11.94
36092,3609.2,1,1,0.0,9.95
36093,3609.3,1,0,0.0,9.98
36094,3609.4,1,0,0.0,9.96
36095,3609.5,1,0,0.0,9.97
36096,3609.6,1,0,0.0,9.98
36097,3609.7,1,0,0.0,9.98
36098,3609.8,1,0,0.0,9.95
36099,3609.9,1,0,0.0,9.96
36100,3610.0,1,0,0.0,9.96
36101,3610.1,1,0,0.0,9.98
36102,3610.2,1,0,0.0,9.96
36103,3610.3,1,0,0.0,9.97
36104,3610.4,1,0,0.0,9.99
36105,3610.5,1,0,0.0,9.97
36106,3610.6,1,0,0.0,9.96
36107,3610.7,1,0,0.0,9.94
36108,3610.8,1,0,0.0,9.97
36109,3610.9,1,0,0.0,9.95
36110,3611.0,1,0,0.0,9.98
36111,3611.1,1,0,0.0,9.98
36112,3611.2,1,0,0.0,9.98
36113,3611.3,1,0,0.0,9.98
36114,3611.4,1,0,0.0,9.96
36115,3611.5,1,0,0.0,9.98
36116,3611.6,1,0,0.0,9.95
36117,3611.7,1,0,0.0,9.97
36118,3611.8,1,0,0.0,9.98
36119,3611.9,1,0,0.0,10.0
36120,3612.0,1,0,0.0,9.96
36121,3612.1,1,0,0.0,9.97
36122,3612.2,1,0,0.0,9.95
36123,3612.3,1,0,0.0,9.97
36124,3612.4,1,0,0.0,9.95
36125,3612.5,1,0,0.0,10.0
36126,3612.6,1,0,0.0,9.96
36127,3612.7,1,0,0.0,9.96
36128,3612.8,1,0,0.0,9.97
36129,3612.9,1,0,0.0,10.0
36130,3613.0,1,0,0.0,9.94
36131,3613.1,0,1,0.0,0.0
