step,sim_time,active_vehicles,arrived_vehicles,mean_waiting_time_sec,mean_speed_m_s
1,0.1,3,0,0,14
2,0.2,3,0,0,13.94
3,0.3,3,0,0,13.98
4,0.4,3,0,0,13.9
5,0.5,3,0,0,13.93
6,0.6,3,0,0,13.93
7,0.7,3,1,0,12.62
8,0.8,3,0,0,12.61
9,0.9,2,1,0,13.95
10,1,4,0,0,11.81
11,1.1,4,0,0,11.81
12,1.2,4,0,0,11.84
13,1.3,4,0,0,11.9
14,1.4,4,0,0,11.92
15,1.5,4,0,0,11.95
16,1.6,4,0,0,11.95
17,1.7,4,0,0,11.96
18,1.8,4,0,0,11.94
19,1.9,4,0,0,11.94
20,2,4,0,0,11.94
21,2.1,4,0,0,11.94
22,2.2,4,0,0,11.93
23,2.3,4,0,0,11.96
24,2.4,4,0,0,11.97
25,2.5,4,0,0,11.94
26,2.6,4,0,0,11.93
27,2.7,4,0,0,11.97
28,2.8,4,0,0,11.94
29,2.9,4,0,0,11.93
30,3,5,0,0,12.36
31,3.1,5,0,0,12.35
32,3.2,5,0,0,12.34
33,3.3,6,0,0,12.25
34,3.4,6,0,0,12.25
35,3.5,6,0,0,12.25
36,3.6,4,2,0,11.36
37,3.7,5,0,0,11.62
38,3.8,5,0,0,11.63
39,3.9,5,0,0,11.58
40,4,5,0,0,11.58
41,4.1,5,0,0,11.53
42,4.2,5,0,0,11.54
43,4.3,5,0,0,11.51
44,4.4,5,0,0,11.49
45,4.5,5,0,0,11.45
46,4.6,5,0,0,11.44
47,4.7,5,0,0,11.4
48,4.8,5,0,0,11.39
49,4.9,5,0,0,11.41
50,5,5,0,0,11.37
51,5.1,5,0,0,11.34
52,5.2,5,0,0,11.36
53,5.3,4,1,0,11.64
54,5.4,4,0,0,11.7
55,5.5,4,0,0,11.74
56,5.6,4,0,0,11.79
57,5.7,4,0,0,11.84
58,5.8,5,0,0,11.88
59,5.9,5,0,0,11.9
60,6,5,0,0,11.88
61,6.1,5,0,0,11.89
62,6.2,5,0,0,11.89
63,6.3,5,0,0,11.86
64,6.4,6,0,0,12.24
65,6.5,5,1,0,12.28
66,6.6,5,0,0,12.28
67,6.7,5,0,0,12.28
68,6.8,5,0,0,12.28
69,6.9,5,0,0,12.24
70,7,5,0,0,12.28
71,7.1,5,0,0,12.27
72,7.2,5,0,0,12.24
73,7.3,6,0,0,12.56
74,7.4,6,0,0,12.53
75,7.5,5,1,0,12.48
76,7.6,5,0,0,12.44
77,7.7,5,0,0,12.44
78,7.8,5,0,0,12.43
79,7.9,5,0,0,12.37
80,8,5,0,0,12.39
81,8.1,5,0,0,12.34
82,8.2,5,0,0,12.32
83,8.3,5,0,0,12.31
84,8.4,5,0,0,12.29
85,8.5,5,0,0,12.29
86,8.6,6,0,0,12.55
87,8.7,6,0,0,12.53
88,8.8,6,0,0,12.54
89,8.9,6,0,0,12.49
90,9,6,0,0,12.47
91,9.1,6,0,0,12.45
92,9.2,5,1,0,12.15
93,9.3,4,1,0,11.7
94,9.4,4,0,0,11.68
95,9.5,4,0,0,11.65
96,9.6,5,0,0,12.13
97,9.7,5,0,0,12.06
98,9.8,5,0,0,12.04
99,9.9,5,0,0,12.02
100,10,5,0,0,12.03
101,10.1,5,0,0,11.99
102,10.2,5,0,0,11.98
103,10.3,5,0,0,12.04
104,10.4,5,0,0,12
105,10.5,5,0,0,12
106,10.6,5,0,0,11.98
107,10.7,5,0,0,11.99
108,10.8,5,1,0,11.93
109,10.9,5,0,0,11.88
110,11,5,0,0,11.87
111,11.1,5,0,0,11.9
112,11.2,5,0,0,11.85
113,11.3,5,0,0,11.86
114,11.4,6,0,0,12.03
115,11.5,6,0,0,11.98
116,11.6,6,0,0,12
117,11.7,6,0,0,11.98
118,11.8,6,0,0,11.97
119,11.9,6,0,0,11.94
120,12,5,1,0,11.79
121,12.1,5,0,0,11.77
122,12.2,5,0,0,11.78
123,12.3,5,0,0,11.76
124,12.4,5,0,0,11.75
125,12.5,5,0,0,11.73
126,12.6,5,0,0,11.74
127,12.7,6,0,0,11.81
128,12.8,6,0,0,11.78
129,12.9,6,0,0,11.78
130,13,6,0,0,11.79
131,13.1,6,0,0,11.8
132,13.2,5,1,0,12.12
133,13.3,5,0,0,12.16
134,13.4,5,0,0,12.19
135,13.5,5,0,0,12.25
136,13.6,5,0,0,12.33
137,13.7,5,0,0,12.42
138,13.8,5,0,0,12.52
139,13.9,5,0,0,12.56
140,14,5,0,0,12.63
141,14.1,5,0,0,12.67
142,14.2,5,0,0,12.75
143,14.3,5,1,0,12.68
144,14.4,6,0,0,12.77
145,14.5,6,0,0,12.78
146,14.6,6,0,0,12.77
147,14.7,6,0,0,12.76
148,14.8,6,0,0,12.76
149,14.9,5,1,0,12.7
150,15,5,0,0,12.68
151,15.1,5,0,0,12.67
152,15.2,4,1,0,12.81
153,15.3,4,0,0,12.88
154,15.4,4,0,0,12.88
155,15.5,4,0,0,12.97
156,15.6,4,0,0,13.03
157,15.7,4,0,0,13.06
158,15.8,4,0,0,13.13
159,15.9,5,0,0,13.35
160,16,5,0,0,13.34
161,16.1,6,0,0,12.82
162,16.2,6,0,0,12.82
163,16.3,5,1,0,13.38
164,16.4,5,0,0,13.39
165,16.5,5,0,0,13.38
166,16.6,5,0,0,13.39
167,16.7,4,1,0,13.23
168,16.8,4,0,0,13.22
169,16.9,4,0,0,13.23
170,17,4,0,0,13.26
171,17.1,5,0,0,13.39
172,17.2,5,0,0,13.39
173,17.3,5,0,0,13.4
174,17.4,5,0,0,13.39
175,17.5,5,0,0,13.38
176,17.6,5,0,0,13.37
177,17.7,4,1,0,13.26
178,17.8,4,0,0,13.24
179,17.9,5,0,0,13.32
180,18,5,0,0,13.28
181,18.1,4,1,0,13.39
182,18.2,4,0,0,13.4
183,18.3,4,0,0,13.37
184,18.4,4,0,0,13.37
185,18.5,4,0,0,13.37
186,18.6,4,0,0,13.34
187,18.7,4,0,0,13.35
188,18.8,3,1,0,13.21
189,18.9,3,0,0,13.19
190,19,4,0,0,12.99
191,19.1,4,0,0,12.99
192,19.2,4,0,0,12.95
193,19.3,4,0,0,12.97
194,19.4,4,0,0,12.98
195,19.5,4,0,0,12.95
196,19.6,4,0,0,12.96
197,19.7,4,0,0,12.95
198,19.8,4,0,0,12.95
199,19.9,5,0,0,12.63
200,20,5,0,0,12.65
201,20.1,5,0,0,12.64
202,20.2,5,0,0,12.64
203,20.3,5,0,0,12.66
204,20.4,5,0,0,12.64
205,20.5,5,0,0,12.65
206,20.6,4,1,0,12.92
207,20.7,4,0,0,12.94
208,20.8,4,0,0,12.94
209,20.9,4,0,0,12.94
210,21,4,0,0,12.96
211,21.1,4,0,0,12.95
212,21.2,4,0,0,12.96
213,21.3,4,0,0,12.96
214,21.4,4,0,0,12.96
215,21.5,4,1,0,12.63
216,21.6,4,0,0,12.62
217,21.7,4,0,0,12.61
218,21.8,4,0,0,12.59
219,21.9,4,0,0,12.62
220,22,4,0,0,12.63
221,22.1,4,0,0,12.62
222,22.2,5,0,0,12.65
223,22.3,5,0,0,12.64
224,22.4,5,0,0,12.61
225,22.5,5,0,0,12.6
226,22.6,5,0,0,12.64
227,22.7,6,0,0,12.72
228,22.8,6,0,0,12.69
229,22.9,6,0,0,12.69
230,23,6,0,0,12.69
231,23.1,6,0,0,12.69
232,23.2,6,1,0,12.06
233,23.3,5,1,0,11.88
234,23.4,5,0,0,11.9
235,23.5,5,0,0,11.95
236,23.6,5,0,0,11.95
237,23.7,5,0,0,11.97
238,23.8,5,0,0,12
239,23.9,5,0,0,12.03
240,24,5,0,0,12.02
241,24.1,5,0,0,12.03
242,24.2,5,0,0,12.07
243,24.3,5,0,0,12.08
244,24.4,5,0,0,12.09
245,24.5,5,0,0,12.12
246,24.6,5,0,0,12.12
247,24.7,5,0,0,12.16
248,24.8,5,0,0,12.2
249,24.9,5,0,0,12.17
250,25,6,0,0,12.31
251,25.1,5,1,0,11.96
252,25.2,5,0,0,11.98
253,25.3,6,0,0,11.76
254,25.4,6,0,0,11.76
255,25.5,5,1,0,11.68
256,25.6,6,0,0,12.1
257,25.7,6,0,0,12.05
258,25.8,6,0,0,12.04
259,25.9,6,0,0,12.04
260,26,6,0,0,12.06
261,26.1,6,0,0,12.03
262,26.2,5,1,0,11.68
263,26.3,5,0,0,11.69
264,26.4,5,0,0,11.69
265,26.5,5,0,0,11.65
266,26.6,5,0,0,11.65
267,26.7,5,0,0,11.65
268,26.8,5,0,0,11.63
269,26.9,5,0,0,11.64
270,27,5,0,0,11.63
271,27.1,5,0,0,11.63
272,27.2,5,0,0,11.63
273,27.3,5,0,0,11.63
274,27.4,5,0,0,11.63
275,27.5,5,0,0,11.61
276,27.6,5,0,0,11.62
277,27.7,5,0,0,11.64
278,27.8,5,0,0,11.63
279,27.9,5,0,0,11.63
280,28,5,0,0,11.64
281,28.1,5,0,0,11.61
282,28.2,5,0,0,11.62
283,28.3,5,0,0,11.62
284,28.4,6,0,0,12
285,28.5,7,0,0,12.27
286,28.6,8,0,0,12.45
287,28.7,7,1,0,12.39
288,28.8,7,0,0,12.4
289,28.9,7,0,0,12.4
290,29,6,1,0,12.13
291,29.1,6,0,0,12.16
292,29.2,6,0,0,12.14
293,29.3,6,0,0,12.13
294,29.4,5,1,0,12.08
295,29.5,5,0,0,12.04
296,29.6,5,0,0,12.01
297,29.7,5,0,0,12.03
298,29.8,5,0,0,12.02
299,29.9,5,0,0,11.98
300,30,5,0,0,11.97
301,30.1,5,0,0,11.95
302,30.2,5,0,0,11.93
303,30.3,5,0,0,11.89
304,30.4,5,0,0,11.9
305,30.5,5,0,0,11.88
306,30.6,5,0,0,11.87
307,30.7,5,0,0,11.83
308,30.8,5,0,0,11.81
309,30.9,5,0,0,11.8
310,31,5,0,0,11.79
311,31.1,5,0,0,11.78
312,31.2,6,0,0,12.13
313,31.3,6,0,0,12.12
314,31.4,6,0,0,12.13
315,31.5,6,0,0,12.11
316,31.6,7,0,0,12.3
317,31.7,7,0,0,12.26
318,31.8,6,1,0,11.98
319,31.9,6,0,0,11.98
320,32,6,0,0,11.95
321,32.1,6,1,0,11.32
322,32.2,7,0,0,11.69
323,32.3,5,2,0,11.85
324,32.4,5,0,0,11.81
325,32.5,5,0,0,11.82
326,32.6,5,0,0,11.83
327,32.7,5,0,0,11.8
328,32.8,5,0,0,11.81
329,32.9,5,0,0,11.78
330,33,5,0,0,11.77
331,33.1,5,0,0,11.75
332,33.2,5,0,0,11.74
333,33.3,5,0,0,11.74
334,33.4,5,0,0,11.71
335,33.5,5,0,0,11.73
336,33.6,5,0,0,11.72
337,33.7,5,0,0,11.71
338,33.8,5,0,0,11.71
339,33.9,5,0,0,11.69
340,34,6,0,0,11.83
341,34.1,6,0,0,11.82
342,34.2,6,0,0,11.81
343,34.3,6,0,0,11.81
344,34.4,6,0,0,11.8
345,34.5,6,0,0,11.8
346,34.6,5,1,0,11.66
347,34.7,5,0,0,11.66
348,34.8,6,0,0,12.03
349,34.9,6,0,0,12.01
350,35,6,0,0,12.02
351,35.1,6,0,0,12.02
352,35.2,6,0,0,11.99
353,35.3,6,0,0,11.99
354,35.4,6,0,0,12.01
355,35.5,6,0,0,12.01
356,35.6,5,1,0,12.36
357,35.7,5,1,0,12.3
358,35.8,5,0,0,12.37
359,35.9,5,0,0,12.42
360,36,5,0,0,12.49
361,36.1,5,0,0,12.56
362,36.2,5,0,0,12.63
363,36.3,5,0,0,12.65
364,36.4,5,0,0,12.73
365,36.5,5,0,0,12.8
366,36.6,5,0,0,12.86
367,36.7,5,0,0,12.91
368,36.8,5,0,0,13
369,36.9,6,0,0,13.19
370,37,6,0,0,13.24
371,37.1,6,0,0,13.31
372,37.2,6,0,0,13.37
373,37.3,6,0,0,13.4
374,37.4,6,0,0,13.5
375,37.5,4,2,0,13.44
376,37.6,4,0,0,13.49
377,37.7,4,0,0,13.49
378,37.8,4,0,0,13.53
379,37.9,5,0,0,13.67
380,38,5,0,0,13.73
381,38.1,5,0,0,13.69
382,38.2,5,0,0,13.67
383,38.3,5,0,0,13.71
384,38.4,5,0,0,13.7
385,38.5,5,0,0,13.72
386,38.6,5,0,0,13.7
387,38.7,5,0,0,13.67
388,38.8,5,0,0,13.71
389,38.9,4,1,0,13.59
390,39,4,0,0,13.65
391,39.1,4,0,0,13.61
392,39.2,4,0,0,13.67
393,39.3,4,1,0,13.85
394,39.4,4,0,0,13.86
395,39.5,4,0,0,13.85
396,39.6,4,0,0,13.81
397,39.7,5,0,0,13.84
398,39.8,5,0,0,13.83
399,39.9,5,0,0,13.88
400,40,5,0,0,13.8
401,40.1,5,0,0,13.83
402,40.2,5,0,0,13.85
403,40.3,4,1,0,13.85
404,40.4,4,0,0,13.8
405,40.5,4,0,0,13.83
406,40.6,4,0,0,13.8
407,40.7,4,0,0,13.78
408,40.8,4,0,0,13.8
409,40.9,4,0,0,13.8
410,41,4,0,0,13.84
411,41.1,5,1,0,13.15
412,41.2,5,0,0,13.12
413,41.3,5,0,0,13.1
414,41.4,5,0,0,13.12
415,41.5,5,0,0,13.11
416,41.6,5,0,0,13.13
417,41.7,5,0,0,13.12
418,41.8,5,0,0,13.09
419,41.9,5,0,0,13.13
420,42,5,0,0,13.09
421,42.1,5,0,0,13.12
422,42.2,5,0,0,13.12
423,42.3,5,0,0,13.12
424,42.4,5,0,0,13.13
425,42.5,6,0,0,12.95
426,42.6,6,0,0,12.95
427,42.7,6,0,0,12.94
428,42.8,6,1,0,12.29
429,42.9,6,0,0,12.29
430,43,6,0,0,12.27
431,43.1,5,1,0,12.3
432,43.2,5,0,0,12.29
433,43.3,5,0,0,12.3
434,43.4,5,0,0,12.29
435,43.5,5,0,0,12.3
436,43.6,5,0,0,12.28
437,43.7,5,0,0,12.33
438,43.8,5,0,0,12.32
439,43.9,5,0,0,12.32
440,44,4,1,0,11.89
441,44.1,4,0,0,11.92
442,44.2,5,0,0,11.9
443,44.3,5,0,0,11.93
444,44.4,5,0,0,11.91
445,44.5,5,0,0,11.87
446,44.6,5,0,0,11.88
447,44.7,5,0,0,11.87
448,44.8,5,0,0,11.88
449,44.9,5,0,0,11.89
450,45,5,0,0,11.88
451,45.1,5,0,0,11.89
452,45.2,5,0,0,11.89
453,45.3,6,0,0,12.23
454,45.4,5,1,0,12.69
455,45.5,5,0,0,12.75
456,45.6,5,0,0,12.81
457,45.7,5,0,0,12.84
458,45.8,5,0,0,12.88
459,45.9,4,1,0,12.66
460,46,4,0,0,12.7
461,46.1,4,0,0,12.75
462,46.2,4,0,0,12.8
463,46.3,5,0,0,12.27
464,46.4,6,0,0,12.51
465,46.5,6,0,0,12.52
466,46.6,6,0,0,12.51
467,46.7,6,0,0,12.53
468,46.8,6,0,0,12.54
469,46.9,6,0,0,12.56
470,47,6,0,0,12.5
471,47.1,5,1,0,12.25
472,47.2,5,0,0,12.25
473,47.3,5,0,0,12.27
474,47.4,5,1,0,11.5
475,47.5,5,0,0,11.51
476,47.6,5,0,0,11.47
477,47.7,5,0,0,11.5
478,47.8,5,0,0,11.52
479,47.9,5,0,0,11.53
480,48,5,0,0,11.56
481,48.1,6,0,0,11.31
482,48.2,6,0,0,11.32
483,48.3,6,1,0,11.75
484,48.4,6,0,0,11.74
485,48.5,6,0,0,11.73
486,48.6,6,0,0,11.75
487,48.7,6,0,0,11.75
488,48.8,6,0,0,11.76
489,48.9,5,1,0,11.65
490,49,5,0,0,11.67
491,49.1,5,0,0,11.68
492,49.2,5,0,0,11.68
493,49.3,5,0,0,11.67
494,49.4,5,0,0,11.68
495,49.5,5,0,0,11.68
496,49.6,5,0,0,11.69
497,49.7,5,0,0,11.67
498,49.8,5,0,0,11.71
499,49.9,5,1,0,11.72
500,50,5,0,0,11.72
501,50.1,5,0,0,11.73
502,50.2,5,0,0,11.72
503,50.3,5,0,0,11.72
504,50.4,4,1,0,11.23
505,50.5,5,0,0,11.48
506,50.6,5,0,0,11.46
507,50.7,5,0,0,11.45
508,50.8,5,0,0,11.44
509,50.9,5,0,0,11.43
510,51,6,0,0,11.77
511,51.1,6,0,0,11.75
512,51.2,6,0,0,11.74
513,51.3,6,0,0,11.73
514,51.4,6,0,0,11.71
515,51.5,6,0,0,11.71
516,51.6,5,1,0,11.36
517,51.7,5,0,0,11.35
518,51.8,5,0,0,11.35
519,51.9,5,0,0,11.35
520,52,5,0,0,11.35
521,52.1,5,0,0,11.34
522,52.2,5,0,0,11.33
523,52.3,5,0,0,11.33
524,52.4,5,0,0,11.33
525,52.5,5,0,0,11.34
526,52.6,5,0,0,11.31
527,52.7,5,0,0,11.32
528,52.8,5,0,0,11.29
529,52.9,5,0,0,11.31
530,53,5,0,0,11.29
531,53.1,5,0,0,11.27
532,53.2,5,0,0,11.28
533,53.3,5,0,0,11.29
534,53.4,4,1,0,10.57
535,53.5,5,0,0,11.3
536,53.6,6,0,0,11.74
537,53.7,6,0,0,11.71
538,53.8,7,0,0,12.02
539,53.9,7,0,0,12.01
540,54,7,0,0,12
541,54.1,7,0,0,12.02
542,54.2,7,0,0,12
543,54.3,7,0,0,12.02
544,54.4,6,1,0,11.7
545,54.5,6,0,0,11.7
546,54.6,6,0,0,11.66
547,54.7,6,0,0,11.66
548,54.8,6,0,0,11.67
549,54.9,6,0,0,11.66
550,55,5,1,0,11.64
551,55.1,5,0,0,11.64
552,55.2,5,0,0,11.64
553,55.3,5,0,0,11.63
554,55.4,5,0,0,11.64
555,55.5,5,0,0,11.62
556,55.6,5,0,0,11.57
557,55.7,5,0,0,11.58
558,55.8,5,0,0,11.54
559,55.9,5,0,0,11.53
560,56,5,0,0,11.5
561,56.1,5,0,0,11.46
562,56.2,5,0,0,11.46
563,56.3,5,0,0,11.46
564,56.4,5,0,0,11.42
565,56.5,5,0,0,11.4
566,56.6,6,0,0,11.79
567,56.7,6,0,0,11.74
568,56.8,7,0,0,11.92
569,56.9,7,0,0,11.92
570,57,6,1,0,11.57
571,57.1,7,0,0,11.66
572,57.2,6,1,0,11.33
573,57.3,6,0,0,11.29
574,57.4,6,0,0,11.26
575,57.5,6,0,0,11.23
576,57.6,6,0,0,11.24
577,57.7,6,0,0,11.23
578,57.8,6,0,0,11.2
579,57.9,6,0,0,11.23
580,58,6,0,0,11.18
581,58.1,6,0,0,11.19
582,58.2,6,0,0,11.16
583,58.3,6,0,0,11.17
584,58.4,6,0,0,11.15
585,58.5,5,1,0,11.39
586,58.6,5,0,0,11.42
587,58.7,5,0,0,11.42
588,58.8,5,0,0,11.48
589,58.9,5,0,0,11.58
590,59,5,0,0,11.67
591,59.1,5,0,0,11.73
592,59.2,5,0,0,11.82
593,59.3,5,0,0,11.91
594,59.4,5,0,0,11.96
595,59.5,6,0,0,12.14
596,59.6,6,0,0,12.18
597,59.7,6,0,0,12.31
598,59.8,6,0,0,12.32
599,59.9,7,0,0,12.46
600,60,7,0,0,12.51
601,60.1,6,1,0,12.62
602,60.2,6,0,0,12.65
603,60.3,6,0,0,12.74
604,60.4,6,0,0,12.81
605,60.5,5,1,0,12.75
606,60.6,6,0,0,13
607,60.7,6,0,0,13.03
608,60.8,6,0,0,13.08
609,60.9,6,0,0,13.16
610,61,5,1,0,13.37
611,61.1,5,0,0,13.45
612,61.2,5,0,0,13.5
613,61.3,5,0,0,13.48
614,61.4,5,0,0,13.46
615,61.5,5,0,0,13.44
616,61.6,5,0,0,13.48
617,61.7,5,0,0,13.46
618,61.8,4,1,0,13.37
619,61.9,4,0,0,13.34
620,62,4,0,0,13.38
621,62.1,4,0,0,13.38
622,62.2,4,0,0,13.42
623,62.3,5,0,0,13.49
624,62.4,5,0,0,13.46
625,62.5,5,0,0,13.48
626,62.6,5,0,0,13.45
627,62.7,5,0,0,13.45
628,62.8,5,0,0,13.45
629,62.9,4,1,0,13.38
630,63,4,0,0,13.37
631,63.1,5,0,0,13.5
632,63.2,5,0,0,13.46
633,63.3,4,1,0,13.36
634,63.4,4,0,0,13.36
635,63.5,4,0,0,13.39
636,63.6,4,0,0,13.36
637,63.7,4,0,0,13.38
638,63.8,4,0,0,13.36
639,63.9,4,0,0,13.39
640,64,4,0,0,13.38
641,64.1,4,1,0,12.39
642,64.2,5,0,0,12.51
643,64.3,4,1,0,13.11
644,64.4,4,0,0,13.14
645,64.5,4,0,0,13.13
646,64.6,4,0,0,13.11
647,64.7,4,0,0,13.12
648,64.8,4,0,0,13.13
649,64.9,4,0,0,13.16
650,65,4,0,0,13.13
651,65.1,5,0,0,13.3
652,65.2,5,0,0,13.28
653,65.3,5,0,0,13.3
654,65.4,5,0,0,13.28
655,65.5,5,0,0,13.29
656,65.6,5,0,0,13.3
657,65.7,4,1,0,13.13
658,65.8,4,0,0,13.12
659,65.9,4,0,0,13.16
660,66,4,0,0,13.11
661,66.1,4,0,0,13.14
662,66.2,5,0,0,13.16
663,66.3,5,0,0,13.16
664,66.4,5,0,0,13.15
665,66.5,5,0,0,13.14
666,66.6,4,1,0,13.19
667,66.7,4,0,0,13.17
668,66.8,4,0,0,13.23
669,66.9,4,0,0,13.2
670,67,4,0,0,13.16
671,67.1,4,0,0,13.21
672,67.2,4,0,0,13.2
673,67.3,4,0,0,13.19
674,67.4,4,0,0,13.21
675,67.5,4,0,0,13.18
676,67.6,4,0,0,13.19
677,67.7,5,0,0,13.31
678,67.8,5,0,0,13.27
679,67.9,5,1,0,13.46
680,68,5,0,0,13.46
681,68.1,5,0,0,13.46
682,68.2,5,0,0,13.49
683,68.3,5,0,0,13.45
684,68.4,5,0,0,13.46
685,68.5,4,1,0,13.35
686,68.6,4,0,0,13.34
687,68.7,4,0,0,13.32
688,68.8,4,0,0,13.35
689,68.9,4,0,0,13.33
690,69,4,0,0,13.36
691,69.1,4,0,0,13.37
692,69.2,4,0,0,13.36
693,69.3,4,0,0,13.33
694,69.4,5,0,0,13.42
695,69.5,5,0,0,13.39
696,69.6,5,0,0,13.39
697,69.7,5,0,0,13.41
698,69.8,5,0,0,13.39
699,69.9,5,0,0,13.39
700,70,4,1,0,13.58
701,70.1,4,0,0,13.58
702,70.2,4,0,0,13.57
703,70.3,4,0,0,13.61
704,70.4,5,0,0,12.81
705,70.5,5,0,0,12.8
706,70.6,5,0,0,12.8
707,70.7,6,0,0,13.03
708,70.8,6,0,0,13.02
709,70.9,6,0,0,13.01
710,71,6,0,0,13.06
711,71.1,6,0,0,13.03
712,71.2,5,1,0,12.92
713,71.3,5,1,0,12.94
714,71.4,5,0,0,12.92
715,71.5,5,0,0,12.92
716,71.6,5,0,0,12.92
717,71.7,5,0,0,12.95
718,71.8,5,0,0,12.93
719,71.9,5,0,0,12.91
720,72,5,0,0,12.91
721,72.1,5,0,0,12.91
722,72.2,5,0,0,12.93
723,72.3,4,1,0,12.68
724,72.4,4,0,0,12.66
725,72.5,5,0,0,12.36
726,72.6,5,0,0,12.39
727,72.7,5,0,0,12.32
728,72.8,5,0,0,12.34
729,72.9,5,0,0,12.32
730,73,5,0,0,12.34
731,73.1,5,0,0,12.32
732,73.2,5,0,0,12.3
733,73.3,5,0,0,12.31
734,73.4,5,0,0,12.32
735,73.5,5,0,0,12.28
736,73.6,6,0,0,12.57
737,73.7,6,0,0,12.59
738,73.8,6,0,0,12.55
739,73.9,6,0,0,12.53
740,74,6,0,0,12.54
741,74.1,6,0,0,12.56
742,74.2,5,1,0,12.27
743,74.3,5,0,0,12.27
744,74.4,5,0,0,12.25
745,74.5,5,0,0,12.23
746,74.6,5,0,0,12.23
747,74.7,5,0,0,12.24
748,74.8,5,1,0,12.15
749,74.9,5,0,0,12.15
750,75,5,0,0,12.13
751,75.1,5,0,0,12.12
752,75.2,5,0,0,12.16
753,75.3,5,0,0,12.12
754,75.4,5,0,0,12.14
755,75.5,5,0,0,12.1
756,75.6,5,0,0,12.09
757,75.7,6,0,0,12.42
758,75.8,6,0,0,12.4
759,75.9,5,1,0,12.26
760,76,5,0,0,12.27
761,76.1,5,0,0,12.24
762,76.2,5,0,0,12.26
763,76.3,5,0,0,12.24
764,76.4,6,0,0,12.45
765,76.5,6,0,0,12.43
766,76.6,6,0,0,12.46
767,76.7,6,0,0,12.43
768,76.8,6,0,0,12.41
769,76.9,6,0,0,12.42
770,77,5,1,0,12.16
771,77.1,5,0,0,12.16
772,77.2,5,0,0,12.12
773,77.3,5,0,0,12.11
774,77.4,5,0,0,12.07
775,77.5,5,0,0,12.06
776,77.6,5,0,0,12.09
777,77.7,5,0,0,12.03
778,77.8,5,0,0,12.04
779,77.9,5,0,0,12.01
780,78,5,0,0,11.95
781,78.1,5,0,0,11.97
782,78.2,5,0,0,11.96
783,78.3,5,0,0,11.94
784,78.4,5,1,0,12.03
785,78.5,5,0,0,12.02
786,78.6,5,0,0,12
787,78.7,5,0,0,12.01
788,78.8,5,1,0,12.05
789,78.9,5,0,0,12.05
790,79,5,0,0,12.02
791,79.1,5,0,0,12.01
792,79.2,6,0,0,12.32
793,79.3,6,0,0,12.32
794,79.4,6,0,0,12.31
795,79.5,6,0,0,12.29
796,79.6,6,0,0,12.26
797,79.7,6,0,0,12.27
798,79.8,5,1,0,11.93
799,79.9,5,0,0,11.9
800,80,5,0,0,11.87
801,80.1,6,0,0,11.57
802,80.2,6,0,0,11.57
803,80.3,5,1,0,11.86
804,80.4,5,0,0,11.84
805,80.5,5,0,0,11.85
806,80.6,5,0,0,11.83
807,80.7,5,0,0,11.84
808,80.8,5,0,0,11.81
809,80.9,5,0,0,11.81
810,81,5,0,0,11.8
811,81.1,5,0,0,11.81
812,81.2,5,0,0,11.8
813,81.3,5,0,0,11.78
814,81.4,5,0,0,11.79
815,81.5,5,0,0,11.78
816,81.6,5,0,0,11.78
817,81.7,5,0,0,11.75
818,81.8,5,0,0,11.72
819,81.9,4,1,0,11.22
820,82,7,0,0,11.82
821,82.1,7,0,0,11.82
822,82.2,7,0,0,11.79
823,82.3,7,0,0,11.8
824,82.4,7,0,0,11.81
825,82.5,7,0,0,11.79
826,82.6,5,2,0,11.68
827,82.7,5,0,0,11.77
828,82.8,5,0,0,11.79
829,82.9,5,0,0,11.86
830,83,5,0,0,11.93
831,83.1,6,0,0,11.24
832,83.2,6,0,0,11.28
833,83.3,6,0,0,11.33
834,83.4,6,0,0,11.38
835,83.5,6,0,0,11.46
836,83.6,6,0,0,11.48
837,83.7,6,0,0,11.56
838,83.8,6,0,0,11.63
839,83.9,6,0,0,11.71
840,84,6,0,0,11.83
841,84.1,6,0,0,11.89
842,84.2,6,0,0,11.92
843,84.3,6,0,0,12.02
844,84.4,6,0,0,12.1
845,84.5,6,0,0,12.12
846,84.6,5,1,0,11.94
847,84.7,5,0,0,11.97
848,84.8,5,0,0,12.03
849,84.9,6,0,0,12.41
850,85,6,0,0,12.42
851,85.1,7,0,0,12.68
852,85.2,7,0,0,12.72
853,85.3,7,0,0,12.69
854,85.4,7,0,0,12.69
855,85.5,7,1,0,12.24
856,85.6,7,0,0,12.25
857,85.7,7,0,0,12.28
858,85.8,7,0,0,12.29
859,85.9,7,0,0,12.31
860,86,6,1,0,12.07
861,86.1,6,0,0,12.07
862,86.2,5,1,0,12.19
863,86.3,5,0,0,12.18
864,86.4,5,0,0,12.21
865,86.5,5,0,0,12.14
866,86.6,5,0,0,12.19
867,86.7,5,0,0,12.16
868,86.8,5,0,0,12.15
869,86.9,5,0,0,12.15
870,87,5,0,0,12.14
871,87.1,5,0,0,12.14
872,87.2,5,0,0,12.15
873,87.3,5,0,0,12.13
874,87.4,5,0,0,12.15
875,87.5,5,0,0,12.16
876,87.6,5,0,0,12.11
877,87.7,5,1,0,12.67
878,87.8,5,0,0,12.68
879,87.9,5,0,0,12.75
880,88,4,1,0,12.46
881,88.1,4,0,0,12.49
882,88.2,4,0,0,12.52
883,88.3,4,1,0,12.95
884,88.4,4,0,0,12.99
885,88.5,4,0,0,13.05
886,88.6,4,0,0,13.1
887,88.7,4,0,0,13.15
888,88.8,4,0,0,13.19
889,88.9,4,0,0,13.25
890,89,4,0,0,13.29
891,89.1,5,0,0,13.46
892,89.2,5,0,0,13.5
893,89.3,5,0,0,13.51
894,89.4,5,0,0,13.56
895,89.5,5,0,0,13.62
896,89.6,5,0,0,13.61
897,89.7,4,1,0,13.54
898,89.8,4,0,0,13.54
899,89.9,4,0,0,13.53
900,90,4,0,0,13.51
901,90.1,4,0,0,13.57
902,90.2,4,0,0,13.52
903,90.3,4,0,0,13.56
904,90.4,4,0,0,13.53
905,90.5,5,0,0,13.64
906,90.6,5,0,0,13.63
907,90.7,5,0,0,13.61
908,90.8,5,0,0,13.61
909,90.9,5,0,0,13.61
910,91,5,0,0,13.62
911,91.1,4,1,0,13.51
912,91.2,4,0,0,13.54
913,91.3,4,0,0,13.54
914,91.4,5,0,0,13.49
915,91.5,5,0,0,13.44
916,91.6,5,0,0,13.46
917,91.7,5,0,0,13.49
918,91.8,5,0,0,13.47
919,91.9,5,0,0,13.48
920,92,5,0,0,13.44
921,92.1,5,0,0,13.5
922,92.2,5,0,0,13.45
923,92.3,5,0,0,13.48
924,92.4,4,1,0,13.76
925,92.5,5,0,0,12.96
926,92.6,5,1,0,12.8
927,92.7,5,0,0,12.81
928,92.8,5,0,0,12.79
929,92.9,5,0,0,12.82
930,93,5,0,0,12.87
931,93.1,5,0,0,12.86
932,93.2,5,0,0,12.87
933,93.3,6,0,0,12.76
934,93.4,6,0,0,12.78
935,93.5,6,0,0,12.76
936,93.6,6,0,0,12.76
937,93.7,6,0,0,12.75
938,93.8,6,0,0,12.74
939,93.9,5,1,0,12.87
940,94,5,0,0,12.84
941,94.1,5,0,0,12.85
942,94.2,5,0,0,12.83
943,94.3,4,1,0,12.58
944,94.4,4,0,0,12.58
945,94.5,4,0,0,12.58
946,94.6,5,0,0,12.3
947,94.7,5,0,0,12.28
948,94.8,5,0,0,12.25
949,94.9,5,0,0,12.28
950,95,5,0,0,12.27
951,95.1,5,0,0,12.28
952,95.2,5,0,0,12.26
953,95.3,5,0,0,12.22
954,95.4,5,0,0,12.24
955,95.5,5,0,0,12.24
956,95.6,5,0,0,12.22
957,95.7,5,0,0,12.2
958,95.8,5,0,0,12.21
959,95.9,5,0,0,12.2
960,96,5,0,0,12.19
961,96.1,6,0,0,11.84
962,96.2,7,0,0,12.14
963,96.3,6,2,0,12.61
964,96.4,6,0,0,12.61
965,96.5,6,0,0,12.59
966,96.6,6,0,0,12.6
967,96.7,6,0,0,12.59
968,96.8,6,0,0,12.59
969,96.9,5,1,0,12.33
970,97,5,0,0,12.32
971,97.1,5,0,0,12.34
972,97.2,5,0,0,12.29
973,97.3,5,0,0,12.31
974,97.4,5,0,0,12.28
975,97.5,4,1,0,11.88
976,97.6,4,0,0,11.88
977,97.7,5,0,0,12.16
978,97.8,5,0,0,12.14
979,97.9,5,0,0,12.18
980,98,5,0,0,12.14
981,98.1,5,0,0,12.11
982,98.2,5,0,0,12.14
983,98.3,5,0,0,12.15
984,98.4,5,0,0,12.16
985,98.5,5,0,0,12.15
986,98.6,5,0,0,12.16
987,98.7,5,0,0,12.16
988,98.8,5,0,0,12.14
989,98.9,5,0,0,12.14
990,99,6,0,0,12.26
991,99.1,6,0,0,12.24
992,99.2,6,0,0,12.25
993,99.3,6,0,0,12.23
994,99.4,6,0,0,12.24
995,99.5,6,0,0,12.22
996,99.6,5,1,0,12.09
997,99.7,5,1,0,11.72
998,99.8,5,0,0,11.67
999,99.9,5,0,0,11.67
1000,100,5,0,0,11.65
1001,100.1,5,0,0,11.63
1002,100.2,5,0,0,11.61
1003,100.3,5,0,0,11.59
1004,100.4,5,0,0,11.59
1005,100.5,5,0,0,11.54
1006,100.6,5,0,0,11.54
1007,100.7,5,0,0,11.55
1008,100.8,5,0,0,11.49
1009,100.9,6,0,0,11.9
1010,101,6,0,0,11.91
1011,101.1,5,1,0,11.58
1012,101.2,5,0,0,11.61
1013,101.3,5,0,0,11.6
1014,101.4,5,0,0,11.57
1015,101.5,5,0,0,11.58
1016,101.6,5,0,0,11.55
1017,101.7,5,0,0,11.52
1018,101.8,6,0,0,11.94
1019,101.9,6,0,0,11.95
1020,102,6,0,0,11.92
1021,102.1,6,0,0,11.92
1022,102.2,6,0,0,11.93
1023,102.3,6,0,0,11.91
1024,102.4,5,1,0,11.49
1025,102.5,5,0,0,11.46
1026,102.6,5,0,0,11.46
1027,102.7,5,0,0,11.45
1028,102.8,5,0,0,11.45
1029,102.9,5,0,0,11.46
1030,103,5,0,0,11.41
1031,103.1,5,0,0,11.42
1032,103.2,5,0,0,11.41
1033,103.3,6,0,0,11.83
1034,103.4,6,0,0,11.8
1035,103.5,6,0,0,11.8
1036,103.6,6,0,0,11.81
1037,103.7,5,1,0,11.78
1038,103.8,5,0,0,11.77
1039,103.9,5,0,0,11.76
1040,104,6,0,0,11.93
1041,104.1,6,0,0,11.92
1042,104.2,6,0,0,11.91
1043,104.3,6,0,0,11.92
1044,104.4,6,0,0,11.91
1045,104.5,6,0,0,11.88
1046,104.6,7,0,0,12.21
1047,104.7,6,1,0,12.55
1048,104.8,6,0,0,12.56
1049,104.9,6,0,0,12.61
1050,105,6,0,0,12.66
1051,105.1,6,0,0,12.71
1052,105.2,5,1,0,12.51
1053,105.3,5,0,0,12.58
1054,105.4,5,0,0,12.64
1055,105.5,5,0,0,12.68
1056,105.6,5,0,0,12.74
1057,105.7,5,0,0,12.8
1058,105.8,5,0,0,12.87
1059,105.9,5,0,0,12.94
1060,106,5,0,0,13
1061,106.1,5,0,0,13.1
1062,106.2,5,0,0,13.12
1063,106.3,5,0,0,13.24
1064,106.4,5,0,0,13.31
1065,106.5,5,0,0,13.34
1066,106.6,5,0,0,13.43
1067,106.7,4,1,0,13.43
1068,106.8,3,1,0,13.29
1069,106.9,4,0,0,13.48
1070,107,4,0,0,13.43
1071,107.1,5,0,0,13.52
1072,107.2,5,0,0,13.49
1073,107.3,5,0,0,13.51
1074,107.4,5,0,0,13.51
1075,107.5,6,0,0,13.59
1076,107.6,6,0,0,13.58
1077,107.7,6,0,0,13.58
1078,107.8,6,0,0,13.58
1079,107.9,6,0,0,13.58
1080,108,6,0,0,13.57
1081,108.1,5,1,0,13.48
1082,108.2,4,1,0,13.58
1083,108.3,4,0,0,13.57
1084,108.4,4,0,0,13.57
1085,108.5,4,0,0,13.56
1086,108.6,4,0,0,13.52
1087,108.7,4,0,0,13.54
1088,108.8,4,0,0,13.57
1089,108.9,4,0,0,13.56
1090,109,4,0,0,13.57
1091,109.1,4,0,0,13.55
1092,109.2,4,0,0,13.56
1093,109.3,4,0,0,13.55
1094,109.4,4,0,0,13.54
1095,109.5,4,0,0,13.59
1096,109.6,4,0,0,13.58
1097,109.7,4,0,0,13.6
1098,109.8,4,0,0,13.58
1099,109.9,4,0,0,13.58
1100,110,4,0,0,13.59
1101,110.1,3,1,0,13.45
1102,110.2,3,0,0,13.46
1103,110.3,5,0,0,13.49
1104,110.4,5,1,0,13.47
1105,110.5,5,0,0,13.46
1106,110.6,5,0,0,13.48
1107,110.7,5,0,0,13.46
1108,110.8,5,0,0,13.47
1109,110.9,4,1,0,13.63
1110,111,4,0,0,13.58
1111,111.1,4,0,0,13.58
1112,111.2,4,0,0,13.58
1113,111.3,4,0,0,13.56
1114,111.4,4,0,0,13.56
1115,111.5,4,0,0,13.59
1116,111.6,4,0,0,13.58
1117,111.7,4,0,0,13.56
1118,111.8,4,0,0,13.58
1119,111.9,4,0,0,13.6
1120,112,4,0,0,13.57
1121,112.1,5,0,0,12.84
1122,112.2,5,0,0,12.86
1123,112.3,4,1,0,13.59
1124,112.4,4,0,0,13.59
1125,112.5,4,0,0,13.58
1126,112.6,4,0,0,13.6
1127,112.7,4,0,0,13.6
1128,112.8,4,0,0,13.6
1129,112.9,4,0,0,13.62
1130,113,4,0,0,13.6
1131,113.1,5,0,0,13.66
1132,113.2,5,0,0,13.66
1133,113.3,5,0,0,13.65
1134,113.4,6,0,0,13.73
1135,113.5,6,0,0,13.7
1136,113.6,6,0,0,13.68
1137,113.7,5,1,0,13.65
1138,113.8,5,0,0,13.61
1139,113.9,4,1,0,13.58
1140,114,4,1,0,13.92
1141,114.1,4,0,0,13.93
1142,114.2,4,0,0,13.85
1143,114.3,4,0,0,13.88
1144,114.4,4,0,0,13.87
1145,114.5,4,0,0,13.88
1146,114.6,4,0,0,13.92
1147,114.7,4,0,0,13.85
1148,114.8,4,0,0,13.88
1149,114.9,4,0,0,13.88
1150,115,4,0,0,13.86
1151,115.1,4,0,0,13.86
1152,115.2,4,0,0,13.89
1153,115.3,4,0,0,13.87
1154,115.4,4,0,0,13.9
1155,115.5,5,0,0,13.14
1156,115.6,5,0,0,13.09
1157,115.7,5,0,0,13.11
1158,115.8,5,0,0,13.09
1159,115.9,6,0,0,13.22
1160,116,6,0,0,13.23
1161,116.1,6,0,0,13.26
1162,116.2,6,0,0,13.24
1163,116.3,6,0,0,13.24
1164,116.4,5,1,0,13.11
1165,116.5,4,1,0,12.97
1166,116.6,5,0,0,11.94
1167,116.7,5,0,0,11.91
1168,116.8,5,0,0,11.92
1169,116.9,5,0,0,11.95
1170,117,5,0,0,11.97
1171,117.1,5,0,0,11.99
1172,117.2,5,0,0,12.02
1173,117.3,5,0,0,12
1174,117.4,5,0,0,12.02
1175,117.5,5,1,0,12.08
1176,117.6,5,0,0,12.06
1177,117.7,5,0,0,12.03
1178,117.8,5,0,0,12.09
1179,117.9,5,0,0,12.1
1180,118,5,0,0,12.09
1181,118.1,5,0,0,12.11
1182,118.2,5,0,0,12.1
1183,118.3,5,0,0,12.09
1184,118.4,5,0,0,12.1
1185,118.5,5,0,0,12.14
1186,118.6,5,0,0,12.12
1187,118.7,5,0,0,12.14
1188,118.8,6,0,0,12.45
1189,118.9,6,0,0,12.44
1190,119,6,0,0,12.46
1191,119.1,6,0,0,12.48
1192,119.2,6,0,0,12.47
1193,119.3,6,0,0,12.48
1194,119.4,5,1,0,12.17
1195,119.5,4,1,0,11.73
1196,119.6,4,0,0,11.76
1197,119.7,5,0,0,11.9
1198,119.8,5,0,0,11.89
1199,119.9,5,0,0,11.88
1200,120,5,0,0,11.86
1201,120.1,5,0,0,11.89
1202,120.2,5,0,0,11.88
1203,120.3,5,0,0,11.85
1204,120.4,5,0,0,11.81
1205,120.5,5,0,0,11.83
1206,120.6,5,0,0,11.81
1207,120.7,5,0,0,11.8
1208,120.8,5,0,0,11.8
1209,120.9,5,0,0,11.78
1210,121,4,1,0,11.25
1211,121.1,5,0,0,11.8
1212,121.2,5,0,0,11.77
1213,121.3,5,0,0,11.77
1214,121.4,5,0,0,11.75
1215,121.5,5,0,0,11.74
1216,121.6,6,0,0,12.13
1217,121.7,6,0,0,12.12
1218,121.8,6,0,0,12.1
1219,121.9,6,0,0,12.08
1220,122,6,0,0,12.1
1221,122.1,6,0,0,12.09
1222,122.2,5,1,0,11.69
1223,122.3,5,0,0,11.72
1224,122.4,5,0,0,11.74
1225,122.5,5,0,0,11.72
1226,122.6,4,1,0,11.14
1227,122.7,4,0,0,11.13
1228,122.8,4,0,0,11.13
1229,122.9,6,0,0,11.43
1230,123,6,0,0,11.4
1231,123.1,6,0,0,11.4
1232,123.2,6,0,0,11.4
1233,123.3,6,0,0,11.37
1234,123.4,6,0,0,11.38
1235,123.5,6,0,0,11.36
1236,123.6,6,0,0,11.36
1237,123.7,6,0,0,11.37
1238,123.8,6,0,0,11.37
1239,123.9,6,0,0,11.37
1240,124,6,0,0,11.38
1241,124.1,6,0,0,11.36
1242,124.2,6,0,0,11.35
1243,124.3,6,0,0,11.39
1244,124.4,7,0,0,11.74
1245,124.5,7,0,0,11.69
1246,124.6,7,1,0,11.13
1247,124.7,7,0,0,11.14
1248,124.8,7,0,0,11.13
1249,124.9,7,0,0,11.11
1250,125,6,1,0,10.64
1251,125.1,6,0,0,10.62
1252,125.2,6,0,0,10.63
1253,125.3,6,0,0,10.63
1254,125.4,6,0,0,10.59
1255,125.5,6,0,0,10.56
1256,125.6,6,0,0,10.57
1257,125.7,6,0,0,10.57
1258,125.8,6,0,0,10.54
1259,125.9,6,0,0,10.52
1260,126,7,0,0,10.9
1261,126.1,7,0,0,10.88
1262,126.2,7,0,0,10.85
1263,126.3,7,0,0,10.85
1264,126.4,7,0,0,10.83
1265,126.5,7,0,0,10.84
1266,126.6,7,0,0,10.84
1267,126.7,7,0,0,10.81
1268,126.8,7,0,0,10.79
1269,126.9,7,0,0,10.78
1270,127,7,0,0,10.8
1271,127.1,7,0,0,10.77
1272,127.2,7,1,0,11.33
1273,127.3,7,0,0,11.35
1274,127.4,7,0,0,11.35
1275,127.5,7,0,0,11.35
1276,127.6,7,0,0,11.37
1277,127.7,6,1,0,11.64
1278,127.8,5,1,0,11.26
1279,127.9,5,0,0,11.37
1280,128,5,0,0,11.46
1281,128.1,6,0,0,11.32
1282,128.2,7,0,0,11.62
1283,128.3,6,1,0,12.01
1284,128.4,6,0,0,12.14
1285,128.5,6,0,0,12.21
1286,128.6,6,0,0,12.35
1287,128.7,6,0,0,12.41
1288,128.8,6,0,0,12.52
1289,128.9,6,0,0,12.64
1290,129,6,0,0,12.73
1291,129.1,5,1,0,12.76
1292,129.2,6,0,0,13.03
1293,129.3,6,0,0,13.11
1294,129.4,6,0,0,13.18
1295,129.5,6,0,0,13.29
1296,129.6,5,1,0,13.27
1297,129.7,5,0,0,13.32
1298,129.8,5,0,0,13.38
1299,129.9,5,0,0,13.4
1300,130,5,0,0,13.38
1301,130.1,6,0,0,12.86
1302,130.2,6,0,0,12.83
1303,130.3,6,0,0,12.83
1304,130.4,6,0,0,12.82
1305,130.5,6,0,0,12.82
1306,130.6,6,0,0,12.83
1307,130.7,6,0,0,12.82
1308,130.8,6,0,0,12.82
1309,130.9,5,1,0,13.33
1310,131,4,1,0,13.36
1311,131.1,4,0,0,13.43
1312,131.2,4,0,0,13.52
1313,131.3,4,0,0,13.51
1314,131.4,4,0,0,13.5
1315,131.5,4,0,0,13.52
1316,131.6,4,0,0,13.46
1317,131.7,4,0,0,13.5
1318,131.8,5,0,0,13.59
1319,131.9,4,1,0,13.71
1320,132,4,0,0,13.74
1321,132.1,4,0,0,13.76
1322,132.2,4,0,0,13.73
1323,132.3,5,0,0,13.46
1324,132.4,5,0,0,13.44
1325,132.5,5,0,0,13.45
1326,132.6,4,1,0,13.34
1327,132.7,4,0,0,13.34
1328,132.8,4,0,0,13.33
1329,132.9,5,0,0,13.46
1330,133,5,0,0,13.41
1331,133.1,5,0,0,13.43
1332,133.2,5,0,0,13.47
1333,133.3,5,0,0,13.45
1334,133.4,5,0,0,13.43
1335,133.5,4,1,0,13.33
1336,133.6,4,0,0,13.3
1337,133.7,4,0,0,13.33
1338,133.8,4,0,0,13.31
1339,133.9,4,0,0,13.3
1340,134,4,0,0,13.32
1341,134.1,4,0,0,13.33
1342,134.2,4,0,0,13.35
1343,134.3,4,0,0,13.35
1344,134.4,4,0,0,13.31
1345,134.5,4,0,0,13.3
1346,134.6,4,0,0,13.34
1347,134.7,4,0,0,13.34
1348,134.8,4,0,0,13.32
1349,134.9,4,0,0,13.33
1350,135,4,0,0,13.34
1351,135.1,4,0,0,13.33
1352,135.2,4,0,0,13.33
1353,135.3,4,1,0,13.21
1354,135.4,4,0,0,13.2
1355,135.5,5,0,0,13.34
1356,135.6,5,0,0,13.33
1357,135.7,5,1,0,13.38
1358,135.8,5,0,0,13.35
1359,135.9,5,0,0,13.37
1360,136,5,0,0,13.37
1361,136.1,5,0,0,13.39
1362,136.2,5,0,0,13.34
1363,136.3,4,1,0,13.37
1364,136.4,4,0,0,13.39
1365,136.5,4,0,0,13.37
1366,136.6,4,0,0,13.37
1367,136.7,4,0,0,13.38
1368,136.8,4,0,0,13.38
1369,136.9,4,0,0,13.4
1370,137,4,0,0,13.36
1371,137.1,4,0,0,13.4
1372,137.2,4,0,0,13.35
1373,137.3,4,0,0,13.35
1374,137.4,4,0,0,13.36
1375,137.5,4,0,0,13.42
1376,137.6,4,0,0,13.37
1377,137.7,4,0,0,13.39
1378,137.8,4,0,0,13.39
1379,137.9,4,0,0,13.36
1380,138,4,0,0,13.36
1381,138.1,4,0,0,13.37
1382,138.2,4,0,0,13.35
1383,138.3,4,0,0,13.38
1384,138.4,3,1,0,13.19
1385,138.5,4,0,0,13.4
1386,138.6,5,0,0,13.51
1387,138.7,5,0,0,13.5
1388,138.8,5,0,0,13.48
1389,138.9,5,1,0,13.61
1390,139,5,0,0,13.62
1391,139.1,4,1,0,13.52
1392,139.2,4,0,0,13.51
1393,139.3,4,0,0,13.55
1394,139.4,4,0,0,13.54
1395,139.5,5,0,0,12.75
1396,139.6,5,0,0,12.75
1397,139.7,5,0,0,12.77
1398,139.8,5,0,0,12.79
1399,139.9,5,0,0,12.79
1400,140,5,0,0,12.81
1401,140.1,5,0,0,12.81
1402,140.2,5,0,0,12.81
1403,140.3,5,0,0,12.79
1404,140.4,5,0,0,12.79
1405,140.5,5,0,0,12.81
1406,140.6,5,0,0,12.8
1407,140.7,5,0,0,12.82
1408,140.8,5,0,0,12.82
1409,140.9,5,0,0,12.79
1410,141,5,0,0,12.82
1411,141.1,5,0,0,12.84
1412,141.2,5,0,0,12.8
1413,141.3,6,0,0,13.01
1414,141.4,6,0,0,12.99
1415,141.5,6,0,0,13.01
1416,141.6,6,0,0,13
1417,141.7,6,0,0,13.01
1418,141.8,7,0,0,12.83
1419,141.9,6,1,0,12.6
1420,142,6,0,0,12.59
1421,142.1,6,0,0,12.61
1422,142.2,6,0,0,12.61
1423,142.3,6,0,0,12.58
1424,142.4,6,1,0,12.6
1425,142.5,6,0,0,12.58
1426,142.6,6,0,0,12.55
1427,142.7,5,1,0,12.59
1428,142.8,5,0,0,12.62
1429,142.9,5,0,0,12.58
1430,143,5,0,0,12.59
1431,143.1,5,0,0,12.6
1432,143.2,5,0,0,12.61
1433,143.3,5,0,0,12.59
1434,143.4,5,0,0,12.53
1435,143.5,5,0,0,12.58
1436,143.6,5,0,0,12.56
1437,143.7,5,0,0,12.55
1438,143.8,5,0,0,12.55
1439,143.9,5,0,0,12.55
1440,144,5,0,0,12.51
1441,144.1,6,0,0,12.12
1442,144.2,6,0,0,12.08
1443,144.3,6,1,0,12.79
1444,144.4,6,0,0,12.73
1445,144.5,6,0,0,12.74
1446,144.6,6,0,0,12.74
1447,144.7,5,1,0,12.47
1448,144.8,5,0,0,12.51
1449,144.9,5,1,0,12.14
1450,145,5,0,0,12.15
1451,145.1,5,0,0,12.13
1452,145.2,5,0,0,12.11
1453,145.3,5,0,0,12.12
1454,145.4,5,0,0,12.12
1455,145.5,5,0,0,12.11
1456,145.6,5,0,0,12.08
1457,145.7,5,0,0,12.1
1458,145.8,5,0,0,12.12
1459,145.9,4,1,0,11.63
1460,146,5,0,0,12.12
1461,146.1,5,0,0,12.08
1462,146.2,5,0,0,12.06
1463,146.3,5,0,0,12.07
1464,146.4,5,0,0,12.07
1465,146.5,5,0,0,12.06
1466,146.6,5,0,0,12.08
1467,146.7,5,0,0,12.08
1468,146.8,5,0,0,12.05
1469,146.9,5,0,0,12.06
1470,147,6,0,0,12.35
1471,147.1,6,0,0,12.37
1472,147.2,6,0,0,12.33
1473,147.3,6,0,0,12.36
1474,147.4,6,0,0,12.33
1475,147.5,6,0,0,12.34
1476,147.6,5,1,0,12.05
1477,147.7,5,0,0,12.04
1478,147.8,4,1,0,11.58
1479,147.9,4,0,0,11.57
1480,148,4,0,0,11.55
1481,148.1,5,0,0,12.07
1482,148.2,5,0,0,12.02
1483,148.3,5,0,0,12.04
1484,148.4,5,0,0,12.04
1485,148.5,5,0,0,12.04
1486,148.6,5,0,0,12.05
1487,148.7,5,0,0,12.02
1488,148.8,5,0,0,12.06
1489,148.9,5,0,0,12.02
1490,149,5,0,0,12.02
1491,149.1,5,0,0,12.01
1492,149.2,5,0,0,12.01
1493,149.3,5,0,0,12.01
1494,149.4,5,0,0,12.01
1495,149.5,5,1,0,12.05
1496,149.6,5,0,0,12.03
1497,149.7,5,0,0,12.01
1498,149.8,6,0,0,12.14
1499,149.9,6,0,0,12.12
1500,150,6,0,0,12.13
1501,150.1,6,0,0,12.12
1502,150.2,6,0,0,12.13
1503,150.3,6,0,0,12.11
1504,150.4,5,1,0,12.02
1505,150.5,5,0,0,12.02
1506,150.6,5,0,0,12.01
1507,150.7,5,0,0,12
1508,150.8,5,0,0,11.96
1509,150.9,5,0,0,11.94
1510,151,5,0,0,11.96
1511,151.1,5,0,0,11.95
1512,151.2,6,0,0,12.25
1513,151.3,6,0,0,12.27
1514,151.4,6,0,0,12.26
1515,151.5,6,0,0,12.23
1516,151.6,6,0,0,12.24
1517,151.7,5,1,0,12.69
1518,151.8,5,0,0,12.73
1519,151.9,5,0,0,12.77
1520,152,5,0,0,12.81
1521,152.1,5,0,0,12.91
1522,152.2,5,0,0,12.96
1523,152.3,5,0,0,13
1524,152.4,5,0,0,13.1
1525,152.5,5,0,0,13.13
1526,152.6,6,0,0,13.3
1527,152.7,6,0,0,13.35
1528,152.8,6,0,0,13.4
1529,152.9,6,0,0,13.39
1530,153,5,1,0,13.37
1531,153.1,6,0,0,13.44
1532,153.2,5,1,0,13.36
1533,153.3,5,0,0,13.39
1534,153.4,5,0,0,13.44
1535,153.5,5,0,0,13.5
1536,153.6,4,1,0,13.39
1537,153.7,4,0,0,13.43
1538,153.8,4,0,0,13.38
1539,153.9,4,0,0,13.37
1540,154,4,0,0,13.44
1541,154.1,4,0,0,13.37
1542,154.2,4,0,0,13.39
1543,154.3,4,0,0,13.42
1544,154.4,5,0,0,13.33
1545,154.5,5,0,0,13.29
1546,154.6,5,0,0,13.32
1547,154.7,5,0,0,13.31
1548,154.8,5,0,0,13.29
1549,154.9,5,0,0,13.33
1550,155,5,0,0,13.29
1551,155.1,5,0,0,13.3
1552,155.2,5,0,0,13.26
1553,155.3,5,0,0,13.27
1554,155.4,5,0,0,13.29
1555,155.5,5,1,0,13.64
1556,155.6,5,0,0,13.65
1557,155.7,5,0,0,13.66
1558,155.8,5,0,0,13.68
1559,155.9,5,0,0,13.67
1560,156,5,0,0,13.66
1561,156.1,4,1,0,13.61
1562,156.2,4,0,0,13.62
1563,156.3,4,0,0,13.61
1564,156.4,4,0,0,13.59
1565,156.5,4,0,0,13.6
1566,156.6,3,1,0,13.59
1567,156.7,4,0,0,13.33
1568,156.8,4,0,0,13.31
1569,156.9,4,0,0,13.28
1570,157,4,0,0,13.29
1571,157.1,4,0,0,13.3
1572,157.2,4,0,0,13.29
1573,157.3,3,1,0,13.1
1574,157.4,3,0,0,13.08
1575,157.5,4,0,0,12.92
1576,157.6,4,0,0,12.92
1577,157.7,4,0,0,12.9
1578,157.8,4,0,0,12.88
1579,157.9,4,0,0,12.91
1580,158,4,0,0,12.91
1581,158.1,4,0,0,12.9
1582,158.2,4,0,0,12.92
1583,158.3,5,0,0,13.09
1584,158.4,5,0,0,13.08
1585,158.5,5,0,0,13.1
1586,158.6,5,0,0,13.09
1587,158.7,5,0,0,13.11
1588,158.8,5,0,0,13.11
1589,158.9,4,1,0,12.9
1590,159,4,0,0,12.9
1591,159.1,4,0,0,12.93
1592,159.2,4,0,0,12.91
1593,159.3,4,0,0,12.89
1594,159.4,4,0,0,12.9
1595,159.5,4,0,0,12.89
1596,159.6,4,0,0,12.91
1597,159.7,4,0,0,12.92
1598,159.8,4,0,0,12.88
1599,159.9,4,0,0,12.91
1600,160,4,0,0,12.87
1601,160.1,5,0,0,12.33
1602,160.2,6,0,0,12.39
1603,160.3,5,1,0,12.88
1604,160.4,4,1,0,12.59
1605,160.5,4,0,0,12.6
1606,160.6,4,1,0,12.99
1607,160.7,4,0,0,13
1608,160.8,4,0,0,12.97
1609,160.9,4,0,0,13.01
1610,161,4,0,0,12.97
1611,161.1,5,0,0,13.2
1612,161.2,5,0,0,13.19
1613,161.3,5,0,0,13.2
1614,161.4,5,0,0,13.17
1615,161.5,5,0,0,13.21
1616,161.6,5,0,0,13.21
1617,161.7,5,1,0,12.4
1618,161.8,5,0,0,12.39
1619,161.9,5,0,0,12.37
1620,162,5,0,0,12.4
1621,162.1,5,0,0,12.39
1622,162.2,5,0,0,12.36
1623,162.3,5,0,0,12.42
1624,162.4,5,0,0,12.37
1625,162.5,5,0,0,12.39
1626,162.6,5,0,0,12.38
1627,162.7,5,0,0,12.41
1628,162.8,5,0,0,12.37
1629,162.9,5,0,0,12.38
1630,163,5,0,0,12.38
1631,163.1,5,0,0,12.37
1632,163.2,5,0,0,12.38
1633,163.3,5,0,0,12.38
1634,163.4,5,0,0,12.4
1635,163.5,5,0,0,12.38
1636,163.6,5,0,0,12.36
1637,163.7,5,0,0,12.37
1638,163.8,7,0,0,12.45
1639,163.9,8,0,0,12.62
1640,164,7,1,0,12.59
1641,164.1,7,0,0,12.58
1642,164.2,6,1,0,12.53
1643,164.3,6,0,0,12.52
1644,164.4,6,0,0,12.53
1645,164.5,5,1,0,12.21
1646,164.6,5,0,0,12.24
1647,164.7,6,0,0,11.8
1648,164.8,6,0,0,11.77
1649,164.9,6,0,0,11.77
1650,165,6,0,0,11.82
1651,165.1,6,0,0,11.8
1652,165.2,6,0,0,11.83
1653,165.3,6,0,0,11.8
1654,165.4,6,0,0,11.79
1655,165.5,6,0,0,11.79
1656,165.6,6,0,0,11.81
1657,165.7,6,0,0,11.82
1658,165.8,6,0,0,11.8
1659,165.9,6,0,0,11.78
1660,166,6,0,0,11.78
1661,166.1,6,0,0,11.77
1662,166.2,6,0,0,11.78
1663,166.3,6,0,0,11.78
1664,166.4,6,0,0,11.77
1665,166.5,6,0,0,11.76
1666,166.6,6,0,0,11.78
1667,166.7,6,0,0,11.74
1668,166.8,7,0,0,12.08
1669,166.9,8,0,0,12.19
1670,167,8,0,0,12.21
1671,167.1,8,0,0,12.2
1672,167.2,8,0,0,12.17
1673,167.3,8,1,0,12.02
1674,167.4,7,1,0,11.72
1675,167.5,7,0,0,11.73
1676,167.6,7,0,0,11.69
1677,167.7,7,0,0,11.69
1678,167.8,6,1,0,11.58
1679,167.9,6,0,0,11.58
1680,168,6,0,0,11.55
1681,168.1,6,0,0,11.55
1682,168.2,6,0,0,11.52
1683,168.3,6,0,0,11.49
1684,168.4,6,0,0,11.51
1685,168.5,6,0,0,11.49
1686,168.6,6,0,0,11.46
1687,168.7,6,0,0,11.46
1688,168.8,6,0,0,11.45
1689,168.9,6,0,0,11.44
1690,169,5,1,0,11.73
1691,169.1,5,0,0,11.78
1692,169.2,5,0,0,11.82
1693,169.3,5,0,0,11.81
1694,169.4,5,0,0,11.85
1695,169.5,5,0,0,11.87
1696,169.6,6,0,0,12.25
1697,169.7,6,0,0,12.23
1698,169.8,5,1,0,11.85
1699,169.9,5,0,0,11.83
1700,170,5,0,0,11.79
1701,170.1,6,0,0,11.93
1702,170.2,5,1,0,11.48
1703,170.3,5,0,0,11.44
1704,170.4,5,0,0,11.42
1705,170.5,5,0,0,11.4
1706,170.6,5,0,0,11.39
1707,170.7,5,0,0,11.43
1708,170.8,5,0,0,11.4
1709,170.9,6,0,0,11.74
1710,171,6,0,0,11.72
1711,171.1,6,0,0,11.72
1712,171.2,5,1,0,11.51
1713,171.3,5,0,0,11.52
1714,171.4,5,0,0,11.51
1715,171.5,5,0,0,11.47
1716,171.6,5,0,0,11.46
1717,171.7,5,0,0,11.45
1718,171.8,5,0,0,11.46
1719,171.9,5,0,0,11.46
1720,172,5,0,0,11.43
1721,172.1,5,0,0,11.45
1722,172.2,5,0,0,11.4
1723,172.3,5,0,0,11.42
1724,172.4,6,0,0,11.77
1725,172.5,6,0,0,11.73
1726,172.6,6,0,0,11.72
1727,172.7,6,0,0,11.71
1728,172.8,6,0,0,11.7
1729,172.9,6,0,0,11.73
1730,173,5,1,0,11.38
1731,173.1,5,0,0,11.36
1732,173.2,6,0,0,11.53
1733,173.3,6,0,0,11.53
1734,173.4,6,0,0,11.51
1735,173.5,6,0,0,11.51
1736,173.6,6,0,0,11.51
1737,173.7,6,0,0,11.5
1738,173.8,6,0,0,11.5
1739,173.9,5,1,0,11.8
1740,174,5,0,0,11.84
1741,174.1,5,0,0,11.89
1742,174.2,5,0,0,11.95
1743,174.3,5,0,0,12.02
1744,174.4,6,0,0,12.22
1745,174.5,5,1,0,12.03
1746,174.6,5,0,0,12.12
1747,174.7,5,0,0,12.17
1748,174.8,5,0,0,12.24
1749,174.9,5,0,0,12.31
1750,175,5,0,0,12.38
1751,175.1,5,0,0,12.46
1752,175.2,6,0,0,12.8
1753,175.3,6,0,0,12.86
1754,175.4,6,0,0,12.9
1755,175.5,6,0,0,12.93
1756,175.6,6,0,0,12.99
1757,175.7,6,0,0,13.08
1758,175.8,4,2,0,12.63
1759,175.9,4,0,0,12.7
1760,176,4,0,0,12.67
1761,176.1,5,0,0,12.1
1762,176.2,5,0,0,12.09
1763,176.3,4,1,0,12.64
1764,176.4,5,0,0,12.9
1765,176.5,5,0,0,12.89
1766,176.6,5,0,0,12.89
1767,176.7,5,0,0,12.88
1768,176.8,5,0,0,12.88
1769,176.9,5,0,0,12.9
1770,177,5,0,0,12.89
1771,177.1,5,0,0,12.87
1772,177.2,5,0,0,12.9
1773,177.3,5,0,0,12.9
1774,177.4,4,1,0,12.87
1775,177.5,4,0,0,12.84
1776,177.6,4,0,0,12.86
1777,177.7,4,0,0,12.87
1778,177.8,4,0,0,12.85
1779,177.9,4,0,0,12.83
1780,178,5,0,0,12.63
1781,178.1,6,0,0,12.84
1782,178.2,5,1,0,12.82
1783,178.3,5,0,0,12.84
1784,178.4,5,0,0,12.81
1785,178.5,5,0,0,12.81
1786,178.6,5,0,0,12.82
1787,178.7,4,1,0,12.58
1788,178.8,4,0,0,12.55
1789,178.9,4,0,0,12.55
1790,179,4,0,0,12.54
1791,179.1,4,0,0,12.55
1792,179.2,4,0,0,12.55
1793,179.3,4,0,0,12.58
1794,179.4,4,0,0,12.54
1795,179.5,5,0,0,12.44
1796,179.6,5,0,0,12.46
1797,179.7,5,0,0,12.48
1798,179.8,5,0,0,12.45
1799,179.9,5,0,0,12.44
1800,180,5,0,0,12.49
1801,180.1,5,0,0,12.46
1802,180.2,5,0,0,12.45
1803,180.3,5,0,0,12.45
1804,180.4,5,0,0,12.44
1805,180.5,4,1,0,12.48
1806,180.6,4,0,0,12.48
1807,180.7,4,0,0,12.47
1808,180.8,4,0,0,12.46
1809,180.9,5,0,0,12.83
1810,181,5,0,0,12.74
1811,181.1,5,0,0,12.75
1812,181.2,5,0,0,12.81
1813,181.3,5,0,0,12.78
1814,181.4,5,0,0,12.78
1815,181.5,4,1,0,12.47
1816,181.6,5,0,0,12.3
1817,181.7,5,0,0,12.29
1818,181.8,5,0,0,12.27
1819,181.9,5,0,0,12.28
1820,182,5,0,0,12.3
1821,182.1,4,1,0,12.42
1822,182.2,4,0,0,12.43
1823,182.3,4,0,0,12.44
1824,182.4,4,0,0,12.45
1825,182.5,4,0,0,12.46
1826,182.6,4,0,0,12.42
1827,182.7,5,0,0,12.57
1828,182.8,5,0,0,12.57
1829,182.9,5,0,0,12.55
1830,183,5,0,0,12.58
1831,183.1,5,0,0,12.57
1832,183.2,5,0,0,12.56
1833,183.3,5,0,0,12.58
1834,183.4,4,1,0,12.6
1835,183.5,4,0,0,12.55
1836,183.6,4,0,0,12.61
1837,183.7,5,0,0,12.53
1838,183.8,5,0,0,12.51
1839,183.9,5,0,0,12.5
1840,184,5,0,0,12.5
1841,184.1,5,0,0,12.51
1842,184.2,5,0,0,12.49
1843,184.3,4,1,0,12.61
1844,184.4,4,0,0,12.6
1845,184.5,4,0,0,12.61
1846,184.6,4,0,0,12.59
1847,184.7,4,0,0,12.58
1848,184.8,5,0,0,12.09
1849,184.9,5,0,0,12.05
1850,185,5,0,0,12.08
1851,185.1,6,0,0,12.42
1852,185.2,6,0,0,12.38
1853,185.3,6,0,0,12.38
1854,185.4,6,0,0,12.41
1855,185.5,6,0,0,12.4
1856,185.6,5,1,0,12.1
1857,185.7,5,0,0,12.09
1858,185.8,5,1,0,11.33
1859,185.9,5,0,0,11.3
1860,186,5,0,0,11.36
1861,186.1,5,0,0,11.33
1862,186.2,5,0,0,11.35
1863,186.3,5,0,0,11.35
1864,186.4,5,0,0,11.4
1865,186.5,6,0,0,11.86
1866,186.6,6,0,0,11.85
1867,186.7,6,0,0,11.85
1868,186.8,6,0,0,11.87
1869,186.9,6,0,0,11.89
1870,187,6,0,0,11.88
1871,187.1,5,1,0,11.47
1872,187.2,5,0,0,11.52
1873,187.3,5,0,0,11.49
1874,187.4,5,0,0,11.5
1875,187.5,5,0,0,11.51
1876,187.6,5,0,0,11.54
1877,187.7,5,0,0,11.59
1878,187.8,5,0,0,11.56
1879,187.9,5,0,0,11.56
1880,188,5,0,0,11.6
1881,188.1,5,0,0,11.57
1882,188.2,5,0,0,11.59
1883,188.3,5,0,0,11.6
1884,188.4,5,0,0,11.6
1885,188.5,5,0,0,11.63
1886,188.6,4,1,0,11.05
1887,188.7,5,0,0,11.65
1888,188.8,5,0,0,11.62
1889,188.9,5,0,0,11.63
1890,189,6,0,0,11.79
1891,189.1,6,0,0,11.76
1892,189.2,6,0,0,11.75
1893,189.3,6,0,0,11.73
1894,189.4,7,0,0,11.95
1895,189.5,7,0,0,11.97
1896,189.6,7,0,0,11.95
1897,189.7,7,0,0,11.93
1898,189.8,7,0,0,11.93
1899,189.9,7,0,0,11.91
1900,190,6,1,0,11.66
1901,190.1,5,1,0,11.62
1902,190.2,5,0,0,11.63
1903,190.3,5,0,0,11.58
1904,190.4,5,0,0,11.6
1905,190.5,5,0,0,11.57
1906,190.6,5,0,0,11.58
1907,190.7,5,0,0,11.56
1908,190.8,5,0,0,11.57
1909,190.9,5,0,0,11.58
1910,191,5,0,0,11.53
1911,191.1,5,0,0,11.54
1912,191.2,5,0,0,11.55
1913,191.3,5,0,0,11.54
1914,191.4,5,0,0,11.52
1915,191.5,5,0,0,11.52
1916,191.6,5,0,0,11.52
1917,191.7,5,0,0,11.54
1918,191.8,5,0,0,11.52
1919,191.9,5,0,0,11.49
1920,192,5,0,0,11.52
1921,192.1,7,0,0,11.63
1922,192.2,7,1,0,11.64
1923,192.3,7,1,0,12.2
1924,192.4,6,1,0,12.02
1925,192.5,6,0,0,12.02
1926,192.6,6,0,0,12
1927,192.7,6,0,0,12.02
1928,192.8,6,0,0,12.06
1929,192.9,5,1,0,11.64
1930,193,5,0,0,11.65
1931,193.1,5,0,0,11.64
1932,193.2,5,0,0,11.62
1933,193.3,5,0,0,11.63
1934,193.4,5,0,0,11.64
1935,193.5,5,0,0,11.63
1936,193.6,5,0,0,11.58
1937,193.7,5,0,0,11.61
1938,193.8,5,0,0,11.61
1939,193.9,5,0,0,11.61
1940,194,5,0,0,11.56
1941,194.1,5,0,0,11.55
1942,194.2,5,0,0,11.57
1943,194.3,5,0,0,11.51
1944,194.4,5,0,0,11.5
1945,194.5,5,0,0,11.48
1946,194.6,5,0,0,11.47
1947,194.7,5,0,0,11.48
1948,194.8,5,0,0,11.46
1949,194.9,5,0,0,11.4
1950,195,6,0,0,11.83
1951,195.1,6,0,0,11.81
1952,195.2,6,0,0,11.8
1953,195.3,7,0,0,11.76
1954,195.4,7,0,0,11.73
1955,195.5,7,0,0,11.71
1956,195.6,6,1,0,11.31
1957,195.7,5,1,0,10.77
1958,195.8,6,0,0,11.32
1959,195.9,6,0,0,11.31
1960,196,6,0,0,11.3
1961,196.1,6,0,0,11.3
1962,196.2,6,0,0,11.29
1963,196.3,6,0,0,11.28
1964,196.4,6,0,0,11.26
1965,196.5,6,0,0,11.25
1966,196.6,6,0,0,11.19
1967,196.7,6,0,0,11.21
1968,196.8,6,0,0,11.21
1969,196.9,6,0,0,11.21
1970,197,5,1,0,11.44
1971,197.1,5,0,0,11.49
1972,197.2,5,0,0,11.51
1973,197.3,5,0,0,11.61
1974,197.4,5,0,0,11.68
1975,197.5,5,0,0,11.75
1976,197.6,5,0,0,11.82
1977,197.7,5,0,0,11.91
1978,197.8,6,0,0,12.26
1979,197.9,6,0,0,12.38
1980,198,6,0,0,12.42
1981,198.1,6,0,0,12.48
1982,198.2,6,0,0,12.56
1983,198.3,6,0,0,12.66
1984,198.4,6,1,0,12.83
1985,198.5,6,0,0,12.89
1986,198.6,6,0,0,13
1987,198.7,6,0,0,13.09
1988,198.8,6,0,0,13.16
1989,198.9,5,1,0,13.16
1990,199,5,0,0,13.23
1991,199.1,5,0,0,13.26
1992,199.2,5,0,0,13.3
1993,199.3,5,1,0,13.28
1994,199.4,5,0,0,13.28
1995,199.5,5,0,0,13.26
1996,199.6,5,0,0,13.24
1997,199.7,5,0,0,13.24
1998,199.8,5,0,0,13.26
1999,199.9,5,0,0,13.25
2000,200,5,0,0,13.26
2001,200.1,5,0,0,13.27
2002,200.2,5,0,0,13.24
2003,200.3,4,1,0,13.18
2004,200.4,4,0,0,13.23
2005,200.5,4,0,0,13.3
2006,200.6,4,0,0,13.34
2007,200.7,5,0,0,13.16
2008,200.8,5,0,0,13.16
2009,200.9,5,0,0,13.17
2010,201,5,0,0,13.18
2011,201.1,5,0,0,13.16
2012,201.2,5,0,0,13.17
2013,201.3,4,1,0,13.33
2014,201.4,4,0,0,13.32
2015,201.5,4,0,0,13.32
2016,201.6,5,0,0,13.43
2017,201.7,5,0,0,13.38
2018,201.8,4,1,0,13.25
2019,201.9,4,0,0,13.26
2020,202,4,0,0,13.25
2021,202.1,4,0,0,13.21
2022,202.2,4,0,0,13.21
2023,202.3,4,0,0,13.19
2024,202.4,4,0,0,13.22
2025,202.5,4,0,0,13.16
2026,202.6,4,0,0,13.13
2027,202.7,4,0,0,13.12
2028,202.8,3,1,0,12.89
2029,202.9,4,0,0,13.12
2030,203,4,0,0,13.09
2031,203.1,4,0,0,13.06
2032,203.2,4,0,0,13.1
2033,203.3,4,0,0,13.06
2034,203.4,4,0,0,13.08
2035,203.5,5,0,0,12.76
2036,203.6,5,0,0,12.75
2037,203.7,5,0,0,12.76
2038,203.8,5,0,0,12.73
2039,203.9,5,0,0,12.7
2040,204,5,0,0,12.7
2041,204.1,5,0,0,12.7
2042,204.2,4,1,0,13.02
2043,204.3,4,0,0,12.98
2044,204.4,4,0,0,12.95
2045,204.5,4,0,0,13.01
2046,204.6,4,0,0,12.93
2047,204.7,6,0,0,12.63
2048,204.8,6,0,0,12.61
2049,204.9,6,0,0,12.61
2050,205,6,0,0,12.62
2051,205.1,6,0,0,12.61
2052,205.2,6,0,0,12.6
2053,205.3,6,0,0,12.58
2054,205.4,6,0,0,12.56
2055,205.5,6,0,0,12.58
2056,205.6,6,0,0,12.57
2057,205.7,6,0,0,12.6
2058,205.8,6,0,0,12.56
2059,205.9,6,0,0,12.57
2060,206,6,0,0,12.55
2061,206.1,6,0,0,12.58
2062,206.2,6,0,0,12.54
2063,206.3,7,0,0,12.67
2064,206.4,5,2,0,12.67
2065,206.5,6,0,0,12.27
2066,206.6,6,0,0,12.31
2067,206.7,6,0,0,12.33
2068,206.8,6,0,0,12.4
2069,206.9,5,1,0,12.21
2070,207,5,0,0,12.25
2071,207.1,5,0,0,12.27
2072,207.2,5,0,0,12.33
2073,207.3,5,0,0,12.37
2074,207.4,5,0,0,12.36
2075,207.5,5,0,0,12.36
2076,207.6,5,0,0,12.34
2077,207.7,5,0,0,12.35
2078,207.8,6,0,0,11.95
2079,207.9,6,0,0,11.96
2080,208,5,1,0,11.57
2081,208.1,6,0,0,11.29
2082,208.2,6,0,0,11.28
2083,208.3,5,1,0,11.57
2084,208.4,5,0,0,11.54
2085,208.5,5,0,0,11.53
2086,208.6,6,0,0,10.76
2087,208.7,6,0,0,10.75
2088,208.8,6,0,0,10.76
2089,208.9,6,0,0,10.76
2090,209,5,1,0,10.95
2091,209.1,6,0,0,11.51
2092,209.2,6,0,0,11.57
2093,209.3,6,0,0,11.61
2094,209.4,6,0,0,11.66
2095,209.5,6,0,0,11.73
2096,209.6,6,0,0,11.78
2097,209.7,5,1,0,11.37
2098,209.8,5,0,0,11.45
2099,209.9,5,0,0,11.53
2100,210,6,0,0,11.98
2101,210.1,6,0,0,12.03
2102,210.2,6,0,0,12.06
2103,210.3,6,0,0,12.11
2104,210.4,6,0,0,12.18
2105,210.5,6,0,0,12.22
2106,210.6,6,0,0,12.25
2107,210.7,6,0,0,12.31
2108,210.8,6,0,0,12.34
2109,210.9,4,2,0,11.6
2110,211,5,0,0,11.23
2111,211.1,5,0,0,11.2
2112,211.2,5,0,0,11.2
2113,211.3,5,0,0,11.25
2114,211.4,5,0,0,11.23
2115,211.5,5,0,0,11.27
2116,211.6,5,0,0,11.26
2117,211.7,5,0,0,11.28
2118,211.8,5,0,0,11.28
2119,211.9,6,0,0,11.74
2120,212,6,0,0,11.73
2121,212.1,6,0,0,11.71
2122,212.2,6,0,0,11.71
2123,212.3,6,0,0,11.74
2124,212.4,6,0,0,11.76
2125,212.5,5,1,0,11.33
2126,212.6,5,0,0,11.36
2127,212.7,5,0,0,11.34
2128,212.8,5,0,0,11.34
2129,212.9,5,0,0,11.32
2130,213,5,0,0,11.37
2131,213.1,5,0,0,11.37
2132,213.2,5,0,0,11.33
2133,213.3,5,0,0,11.34
2134,213.4,5,0,0,11.35
2135,213.5,4,1,0,10.71
2136,213.6,5,0,0,11.13
2137,213.7,5,0,0,11.09
2138,213.8,5,0,0,11.12
2139,213.9,4,1,0,10.42
2140,214,4,0,0,10.43
2141,214.1,5,0,0,11
2142,214.2,5,0,0,11
2143,214.3,5,0,0,10.99
2144,214.4,5,0,0,11.01
2145,214.5,5,0,0,10.98
2146,214.6,5,0,0,10.98
2147,214.7,5,0,0,10.97
2148,214.8,6,0,0,11.44
2149,214.9,6,0,0,11.4
2150,215,6,0,0,11.4
2151,215.1,6,0,0,11.42
2152,215.2,6,0,0,11.4
2153,215.3,6,0,0,11.4
2154,215.4,5,1,0,10.91
2155,215.5,5,0,0,10.85
2156,215.6,5,0,0,10.83
2157,215.7,5,0,0,10.84
2158,215.8,5,0,0,10.81
2159,215.9,5,0,0,10.81
2160,216,5,0,0,10.8
2161,216.1,5,0,0,10.8
2162,216.2,5,0,0,10.81
2163,216.3,5,0,0,10.78
2164,216.4,5,0,0,10.76
2165,216.5,5,0,0,10.77
2166,216.6,5,0,0,10.77
2167,216.7,5,0,0,10.75
2168,216.8,5,0,0,10.74
2169,216.9,5,0,0,10.73
2170,217,5,0,0,10.74
2171,217.1,6,0,0,10.98
2172,217.2,6,0,0,10.96
2173,217.3,7,0,0,11.38
2174,217.4,6,1,0,11.19
2175,217.5,6,0,0,11.18
2176,217.6,7,0,0,11.56
2177,217.7,7,0,0,11.55
2178,217.8,7,0,0,11.54
2179,217.9,7,0,0,11.55
2180,218,7,0,0,11.54
2181,218.1,7,0,0,11.55
2182,218.2,6,1,0,11.13
2183,218.3,6,0,0,11.12
2184,218.4,6,0,0,11.13
2185,218.5,6,0,0,11.14
2186,218.6,6,0,0,11.13
2187,218.7,6,0,0,11.11
2188,218.8,6,0,0,11.11
2189,218.9,6,0,0,11.12
2190,219,6,0,0,11.1
2191,219.1,6,0,0,11.09
2192,219.2,6,0,0,11.08
2193,219.3,6,0,0,11.1
2194,219.4,6,0,0,11.11
2195,219.5,6,0,0,11.11
2196,219.6,6,0,0,11.12
2197,219.7,6,0,0,11.09
2198,219.8,6,0,0,11.1
2199,219.9,6,0,0,11.07
2200,220,5,1,0,11.26
2201,220.1,5,0,0,11.35
2202,220.2,5,0,0,11.39
2203,220.3,5,0,0,11.46
2204,220.4,7,0,0,12.15
2205,220.5,7,0,0,12.18
2206,220.6,7,0,0,12.22
2207,220.7,8,0,0,12.46
2208,220.8,8,0,0,12.48
2209,220.9,8,0,0,12.53
2210,221,6,2,0,12.56
2211,221.1,6,0,0,12.66
2212,221.2,6,0,0,12.76
2213,221.3,6,0,0,12.83
2214,221.4,6,0,0,12.9
2215,221.5,6,0,0,12.99
2216,221.6,6,0,0,13.09
2217,221.7,6,0,0,13.14
2218,221.8,6,0,0,13.2
2219,221.9,5,1,0,13.26
2220,222,5,0,0,13.34
2221,222.1,5,0,0,13.41
2222,222.2,5,0,0,13.51
2223,222.3,5,0,0,13.53
2224,222.4,5,0,0,13.52
2225,222.5,5,0,0,13.57
2226,222.6,5,0,0,13.53
2227,222.7,5,0,0,13.57
2228,222.8,5,0,0,13.56
2229,222.9,5,0,0,13.54
2230,223,5,0,0,13.57
2231,223.1,5,0,0,13.51
2232,223.2,6,0,0,13.59
2233,223.3,5,1,0,13.6
2234,223.4,5,0,0,13.65
2235,223.5,5,0,0,13.65
2236,223.6,6,0,0,13.7
2237,223.7,6,0,0,13.65
2238,223.8,5,1,0,13.66
2239,223.9,5,0,0,13.71
2240,224,5,0,0,13.69
2241,224.1,6,0,0,13.05
2242,224.2,7,0,0,13.15
2243,224.3,5,2,0,13.71
2244,224.4,5,0,0,13.72
2245,224.5,5,0,0,13.69
2246,224.6,5,0,0,13.68
2247,224.7,5,0,0,13.72
2248,224.8,4,1,0,13.8
2249,224.9,4,0,0,13.8
2250,225,4,0,0,13.8
2251,225.1,4,0,0,13.82
2252,225.2,4,0,0,13.79
2253,225.3,4,0,0,13.81
2254,225.4,4,0,0,13.8
2255,225.5,4,0,0,13.81
2256,225.6,4,0,0,13.8
2257,225.7,4,0,0,13.83
2258,225.8,4,0,0,13.79
2259,225.9,4,0,0,13.81
2260,226,4,0,0,13.8
2261,226.1,5,0,0,13.83
2262,226.2,5,0,0,13.83
2263,226.3,5,0,0,13.82
2264,226.4,5,0,0,13.85
2265,226.5,4,1,0,13.83
2266,226.6,4,0,0,13.82
2267,226.7,4,1,0,13.81
2268,226.8,4,0,0,13.82
2269,226.9,4,0,0,13.78
2270,227,4,0,0,13.82
2271,227.1,4,0,0,13.77
2272,227.2,4,0,0,13.79
2273,227.3,4,0,0,13.83
2274,227.4,4,0,0,13.78
2275,227.5,4,0,0,13.8
2276,227.6,4,0,0,13.83
2277,227.7,4,0,0,13.82
2278,227.8,4,1,0,13.95
2279,227.9,4,0,0,13.91
2280,228,4,0,0,13.93
2281,228.1,4,0,0,13.94
2282,228.2,4,0,0,13.9
2283,228.3,4,0,0,13.94
2284,228.4,4,0,0,13.94
2285,228.5,4,0,0,13.93
2286,228.6,4,0,0,13.94
2287,228.7,4,0,0,13.95
2288,228.8,4,0,0,13.95
2289,228.9,5,0,0,13.74
2290,229,5,0,0,13.75
2291,229.1,5,0,0,13.71
2292,229.2,5,0,0,13.75
2293,229.3,5,0,0,13.7
2294,229.4,5,0,0,13.74
2295,229.5,4,1,0,13.94
2296,229.6,3,1,0,13.94
2297,229.7,3,0,0,13.99
2298,229.8,3,0,0,13.92
2299,229.9,4,0,0,13.49
2300,230,4,0,0,13.53
2301,230.1,4,0,0,13.47
2302,230.2,4,0,0,13.5
2303,230.3,4,0,0,13.46
2304,230.4,4,0,0,13.49
2305,230.5,4,0,0,13.47
2306,230.6,4,0,0,13.49
2307,230.7,4,0,0,13.51
2308,230.8,4,0,0,13.44
2309,230.9,4,0,0,13.49
2310,231,5,0,0,12.45
2311,231.1,5,0,0,12.46
2312,231.2,5,0,0,12.45
2313,231.3,4,1,0,12.11
2314,231.4,5,0,0,12.45
2315,231.5,5,0,0,12.45
2316,231.6,5,0,0,12.47
2317,231.7,6,0,0,12.41
2318,231.8,6,0,0,12.46
2319,231.9,6,0,0,12.46
2320,232,6,0,0,12.46
2321,232.1,6,0,0,12.48
2322,232.2,6,0,0,12.5
2323,232.3,5,1,0,12.6
2324,232.4,5,0,0,12.61
2325,232.5,5,0,0,12.64
2326,232.6,5,0,0,12.63
2327,232.7,5,0,0,12.62
2328,232.8,4,1,0,12.36
2329,232.9,4,0,0,12.39
2330,233,5,0,0,11.87
2331,233.1,5,0,0,11.87
2332,233.2,5,0,0,11.84
2333,233.3,5,0,0,11.87
2334,233.4,5,0,0,11.89
2335,233.5,5,0,0,11.87
2336,233.6,5,0,0,11.87
2337,233.7,5,0,0,11.89
2338,233.8,5,0,0,11.86
2339,233.9,5,0,0,11.86
2340,234,5,0,0,11.88
2341,234.1,5,0,0,11.89
2342,234.2,5,0,0,11.89
2343,234.3,5,0,0,11.87
2344,234.4,5,0,0,11.88
2345,234.5,6,0,0,12.13
2346,234.6,6,0,0,12.12
2347,234.7,6,0,0,12.1
2348,234.8,6,0,0,12.11
2349,234.9,7,0,0,12.38
2350,235,6,1,0,12.18
2351,235.1,5,1,0,11.97
2352,235.2,5,0,0,11.96
2353,235.3,5,0,0,11.95
2354,235.4,5,0,0,11.96
2355,235.5,5,0,0,11.96
2356,235.6,5,0,0,11.96
2357,235.7,5,0,0,11.95
2358,235.8,5,0,0,11.93
2359,235.9,4,1,0,11.48
2360,236,4,0,0,11.48
2361,236.1,4,0,0,11.44
2362,236.2,5,0,0,11.9
2363,236.3,5,0,0,11.91
2364,236.4,5,0,0,11.91
2365,236.5,5,0,0,11.86
2366,236.6,5,0,0,11.88
2367,236.7,5,0,0,11.82
2368,236.8,5,0,0,11.82
2369,236.9,5,0,0,11.81
2370,237,5,0,0,11.79
2371,237.1,5,0,0,11.77
2372,237.2,5,0,0,11.74
2373,237.3,5,0,0,11.72
2374,237.4,6,0,0,11.7
2375,237.5,6,0,0,11.67
2376,237.6,6,0,0,11.68
2377,237.7,6,0,0,11.67
2378,237.8,6,0,0,11.63
2379,237.9,6,0,0,11.61
2380,238,6,0,0,11.61
2381,238.1,5,1,0,11.61
2382,238.2,5,0,0,11.61
2383,238.3,5,0,0,11.58
2384,238.4,4,1,0,10.97
2385,238.5,5,0,0,10.85
2386,238.6,5,0,0,10.84
2387,238.7,5,0,0,10.81
2388,238.8,5,0,0,10.81
2389,238.9,5,0,0,10.81
2390,239,5,0,0,10.78
2391,239.1,5,0,0,10.78
2392,239.2,5,0,0,10.79
2393,239.3,6,0,0,11.3
2394,239.4,6,0,0,11.28
2395,239.5,6,0,0,11.29
2396,239.6,6,0,0,11.3
2397,239.7,6,0,0,11.27
2398,239.8,6,0,0,11.25
2399,239.9,6,0,0,11.23
2400,240,6,0,0,11.24
2401,240.1,7,0,0,11.05
2402,240.2,7,0,0,11.05
2403,240.3,7,1,0,11.51
2404,240.4,6,1,0,11.38
2405,240.5,6,0,0,11.39
2406,240.6,6,0,0,11.37
2407,240.7,6,0,0,11.36
2408,240.8,6,0,0,11.39
2409,240.9,5,1,0,10.99
2410,241,5,0,0,11.01
2411,241.1,5,0,0,11
2412,241.2,5,0,0,11
2413,241.3,5,0,0,10.97
2414,241.4,5,0,0,10.96
2415,241.5,5,0,0,10.98
2416,241.6,5,0,0,10.93
2417,241.7,5,0,0,10.92
2418,241.8,5,0,0,10.93
2419,241.9,5,0,0,10.94
2420,242,6,0,0,11.45
2421,242.1,6,0,0,11.45
2422,242.2,6,0,0,11.41
2423,242.3,6,0,0,11.4
2424,242.4,6,0,0,11.4
2425,242.5,7,0,0,11.67
2426,242.6,7,0,0,11.63
2427,242.7,7,0,0,11.62
2428,242.8,7,0,0,11.61
2429,242.9,7,0,0,11.57
2430,243,8,0,0,11.83
2431,243.1,7,1,0,12.02
2432,243.2,7,0,0,12
2433,243.3,7,0,0,12
2434,243.4,6,1,0,12.31
2435,243.5,6,0,0,12.28
2436,243.6,5,1,0,12.01
2437,243.7,5,0,0,11.99
2438,243.8,5,0,0,11.99
2439,243.9,5,0,0,11.98
2440,244,5,0,0,11.95
2441,244.1,5,0,0,11.92
2442,244.2,5,0,0,11.93
2443,244.3,5,0,0,11.91
2444,244.4,5,0,0,11.93
2445,244.5,5,0,0,11.86
2446,244.6,5,0,0,11.87
2447,244.7,5,0,0,11.82
2448,244.8,5,0,0,11.85
2449,244.9,5,0,0,11.81
2450,245,5,0,0,11.79
2451,245.1,5,0,0,11.8
2452,245.2,5,0,0,11.75
2453,245.3,5,0,0,11.76
2454,245.4,5,0,0,11.75
2455,245.5,4,1,0,11.16
2456,245.6,6,0,0,11.8
2457,245.7,6,0,0,11.79
2458,245.8,7,0,0,12.03
2459,245.9,7,0,0,11.98
2460,246,6,1,0,12.33
2461,246.1,6,0,0,12.37
2462,246.2,6,0,0,12.42
2463,246.3,6,0,0,12.46
2464,246.4,5,1,0,12.35
2465,246.5,5,0,0,12.43
2466,246.6,6,0,0,11.97
2467,246.7,6,0,0,12.02
2468,246.8,6,0,0,12.06
2469,246.9,6,0,0,12.17
2470,247,6,0,0,12.22
2471,247.1,6,0,0,12.29
2472,247.2,6,0,0,12.35
2473,247.3,6,0,0,12.43
2474,247.4,6,0,0,12.49
2475,247.5,6,0,0,12.57
2476,247.6,5,1,0,12.51
2477,247.7,5,0,0,12.53
2478,247.8,5,0,0,12.59
2479,247.9,5,0,0,12.61
2480,248,5,0,0,12.61
2481,248.1,5,0,0,12.65
2482,248.2,5,0,0,12.65
2483,248.3,5,0,0,12.63
2484,248.4,5,0,0,12.62
2485,248.5,5,0,0,12.63
2486,248.6,5,0,0,12.65
2487,248.7,6,0,0,12.53
2488,248.8,7,0,0,12.75
2489,248.9,7,0,0,12.72
2490,249,7,0,0,12.74
2491,249.1,7,1,0,12.49
2492,249.2,6,1,0,12.34
2493,249.3,5,1,0,12.39
2494,249.4,5,0,0,12.39
2495,249.5,5,0,0,12.4
2496,249.6,5,0,0,12.35
2497,249.7,5,0,0,12.36
2498,249.8,5,0,0,12.34
2499,249.9,5,0,0,12.3
2500,250,5,0,0,12.33
2501,250.1,5,0,0,12.3
2502,250.2,5,0,0,12.3
2503,250.3,5,0,0,12.31
2504,250.4,5,0,0,12.3
2505,250.5,5,0,0,12.25
2506,250.6,5,0,0,12.27
2507,250.7,5,0,0,12.24
2508,250.8,5,0,0,12.26
2509,250.9,4,1,0,12.82
2510,251,4,0,0,12.87
2511,251.1,4,0,0,12.93
2512,251.2,4,0,0,12.97
2513,251.3,4,0,0,12.99
2514,251.4,4,0,0,13.04
2515,251.5,5,0,0,12.86
2516,251.6,5,0,0,12.89
2517,251.7,5,0,0,12.91
2518,251.8,5,0,0,12.93
2519,251.9,6,0,0,13.05
2520,252,6,0,0,13.08
2521,252.1,5,1,0,13.08
2522,252.2,4,1,0,13.43
2523,252.3,4,0,0,13.41
2524,252.4,4,0,0,13.4
2525,252.5,4,0,0,13.37
2526,252.6,4,0,0,13.4
2527,252.7,5,0,0,13.11
2528,252.8,5,0,0,13.11
2529,252.9,5,0,0,13.14
2530,253,4,1,0,13.01
2531,253.1,4,0,0,13.02
2532,253.2,4,0,0,13
2533,253.3,4,0,0,13.03
2534,253.4,4,0,0,13.04
2535,253.5,4,0,0,13
2536,253.6,4,0,0,13.01
2537,253.7,4,0,0,13.01
2538,253.8,4,0,0,13.05
2539,253.9,4,0,0,13.03
2540,254,5,0,0,12.43
2541,254.1,5,0,0,12.38
2542,254.2,5,0,0,12.44
2543,254.3,6,0,0,12.64
2544,254.4,6,0,0,12.61
2545,254.5,6,0,0,12.61
2546,254.6,6,0,0,12.63
2547,254.7,6,0,0,12.63
2548,254.8,6,0,0,12.63
2549,254.9,5,1,0,12.42
2550,255,5,0,0,12.44
2551,255.1,6,0,0,11.67
2552,255.2,6,0,0,11.66
2553,255.3,6,0,0,11.67
2554,255.4,6,0,0,11.67
2555,255.5,6,0,0,11.67
2556,255.6,6,0,0,11.71
2557,255.7,5,1,0,11.52
2558,255.8,5,0,0,11.54
2559,255.9,5,0,0,11.55
2560,256,5,0,0,11.56
2561,256.1,6,0,0,11.32
2562,256.2,6,0,0,11.3
2563,256.3,6,1,0,11.99
2564,256.4,6,0,0,12
2565,256.5,6,0,0,12.01
2566,256.6,6,0,0,12.02
2567,256.7,5,1,0,12
2568,256.8,5,0,0,12
2569,256.9,5,0,0,12.03
2570,257,5,0,0,12.04
2571,257.1,6,0,0,12.24
2572,257.2,6,0,0,12.23
2573,257.3,6,0,0,12.22
2574,257.4,6,0,0,12.22
2575,257.5,6,0,0,12.24
2576,257.6,6,0,0,12.24
2577,257.7,5,1,0,12.1
2578,257.8,5,0,0,12.06
2579,257.9,5,0,0,12.1
2580,258,4,1,0,11.64
2581,258.1,4,0,0,11.64
2582,258.2,5,0,0,11.83
2583,258.3,5,0,0,11.77
2584,258.4,5,0,0,11.77
2585,258.5,5,0,0,11.74
2586,258.6,5,0,0,11.78
2587,258.7,5,0,0,11.76
2588,258.8,5,0,0,11.74
2589,258.9,5,0,0,11.71
2590,259,5,0,0,11.73
2591,259.1,5,0,0,11.75
2592,259.2,5,0,0,11.74
2593,259.3,5,0,0,11.7
2594,259.4,5,0,0,11.7
2595,259.5,5,0,0,11.7
2596,259.6,5,0,0,11.67
2597,259.7,5,0,0,11.69
2598,259.8,5,1,0,11
2599,259.9,5,0,0,10.99
2600,260,6,0,0,11.49
2601,260.1,6,0,0,11.47
2602,260.2,6,0,0,11.44
2603,260.3,6,0,0,11.44
2604,260.4,6,0,0,11.44
2605,260.5,6,0,0,11.46
2606,260.6,5,1,0,10.91
2607,260.7,5,0,0,10.95
2608,260.8,5,0,0,10.94
2609,260.9,5,0,0,10.91
2610,261,5,0,0,10.9
2611,261.1,5,0,0,10.89
2612,261.2,5,0,0,10.91
2613,261.3,5,0,0,10.91
2614,261.4,5,1,0,10.92
2615,261.5,5,0,0,10.93
2616,261.6,5,0,0,10.9
2617,261.7,5,0,0,10.9
2618,261.8,5,0,0,10.87
2619,261.9,5,0,0,10.9
2620,262,5,0,0,10.9
2621,262.1,5,0,0,10.86
2622,262.2,5,0,0,10.88
2623,262.3,5,0,0,10.9
2624,262.4,5,0,0,10.87
2625,262.5,5,0,0,10.86
2626,262.6,5,0,0,10.88
2627,262.7,5,0,0,10.88
2628,262.8,6,0,0,11.1
2629,262.9,6,0,0,11.11
2630,263,6,0,0,11.13
2631,263.1,6,0,0,11.1
2632,263.2,6,0,0,11.09
2633,263.3,6,0,0,11.09
2634,263.4,6,1,0,11.36
2635,263.5,6,0,0,11.37
2636,263.6,6,0,0,11.36
2637,263.7,6,0,0,11.36
2638,263.8,6,0,0,11.33
2639,263.9,6,0,0,11.37
2640,264,6,0,0,11.34
2641,264.1,6,0,0,11.35
2642,264.2,6,0,0,11.35
2643,264.3,6,0,0,11.33
2644,264.4,5,1,0,11.46
2645,264.5,6,0,0,11.87
2646,264.6,6,0,0,11.82
2647,264.7,6,0,0,11.84
2648,264.8,6,0,0,11.83
2649,264.9,6,0,0,11.81
2650,265,6,0,0,11.8
2651,265.1,6,0,0,11.78
2652,265.2,6,0,0,11.78
2653,265.3,6,0,0,11.76
2654,265.4,6,0,0,11.75
2655,265.5,6,0,0,11.73
2656,265.6,7,0,0,11.97
2657,265.7,7,0,0,11.95
2658,265.8,7,0,0,11.93
2659,265.9,7,0,0,11.91
2660,266,7,0,0,11.91
2661,266.1,7,0,0,11.91
2662,266.2,5,2,0,11.99
2663,266.3,5,0,0,12.04
2664,266.4,5,0,0,12.05
2665,266.5,5,0,0,12.15
2666,266.6,5,0,0,12.21
2667,266.7,5,0,0,12.27
2668,266.8,5,0,0,12.36
2669,266.9,5,1,0,12.35
2670,267,5,0,0,12.45
2671,267.1,5,0,0,12.54
2672,267.2,5,0,0,12.62
2673,267.3,5,0,0,12.69
2674,267.4,5,0,0,12.78
2675,267.5,5,0,0,12.88
2676,267.6,6,0,0,13.15
2677,267.7,6,0,0,13.2
2678,267.8,6,0,0,13.26
2679,267.9,6,0,0,13.33
2680,268,6,0,0,13.41
2681,268.1,5,1,0,13.48
2682,268.2,5,0,0,13.48
2683,268.3,5,0,0,13.58
2684,268.4,6,0,0,13.72
2685,268.5,6,0,0,13.73
2686,268.6,6,0,0,13.76
2687,268.7,6,0,0,13.79
2688,268.8,6,0,0,13.76
2689,268.9,6,0,0,13.77
2690,269,5,1,0,13.74
2691,269.1,5,0,0,13.73
2692,269.2,5,0,0,13.74
2693,269.3,5,0,0,13.74
2694,269.4,5,0,0,13.76
2695,269.5,4,1,0,13.69
2696,269.6,4,0,0,13.71
2697,269.7,4,0,0,13.7
2698,269.8,4,0,0,13.69
2699,269.9,4,0,0,13.7
2700,270,4,0,0,13.7
2701,270.1,4,0,0,13.71
2702,270.2,4,0,0,13.72
2703,270.3,4,0,0,13.69
2704,270.4,4,0,0,13.73
2705,270.5,4,1,0,13.87
2706,270.6,4,0,0,13.85
2707,270.7,4,0,0,13.82
2708,270.8,5,0,0,13.73
2709,270.9,5,0,0,13.71
2710,271,5,0,0,13.74
2711,271.1,4,1,0,13.78
2712,271.2,4,0,0,13.78
2713,271.3,5,0,0,13.82
2714,271.4,5,0,0,13.8
2715,271.5,5,0,0,13.84
2716,271.6,5,0,0,13.81
2717,271.7,5,0,0,13.82
2718,271.8,5,0,0,13.81
2719,271.9,4,1,0,13.8
2720,272,4,0,0,13.79
2721,272.1,5,0,0,13.05
2722,272.2,5,0,0,12.99
2723,272.3,4,1,0,13.79
2724,272.4,4,0,0,13.79
2725,272.5,4,0,0,13.78
2726,272.6,4,0,0,13.76
2727,272.7,4,0,0,13.77
2728,272.8,4,0,0,13.76
2729,272.9,4,0,0,13.79
2730,273,4,0,0,13.78
2731,273.1,4,0,0,13.77
2732,273.2,4,0,0,13.79
2733,273.3,4,0,0,13.75
2734,273.4,4,0,0,13.79
2735,273.5,4,0,0,13.78
2736,273.6,4,0,0,13.76
2737,273.7,3,1,0,13.72
2738,273.8,3,0,0,13.75
2739,273.9,4,0,0,13.69
2740,274,4,1,0,13.68
2741,274.1,5,0,0,13.75
2742,274.2,5,0,0,13.73
2743,274.3,5,0,0,13.72
2744,274.4,5,0,0,13.73
2745,274.5,5,0,0,13.74
2746,274.6,5,0,0,13.72
2747,274.7,4,1,0,13.7
2748,274.8,4,0,0,13.71
2749,274.9,4,0,0,13.66
2750,275,4,0,0,13.7
2751,275.1,4,0,0,13.71
2752,275.2,4,0,0,13.68
2753,275.3,4,0,0,13.68
2754,275.4,4,0,0,13.7
2755,275.5,4,0,0,13.69
2756,275.6,4,0,0,13.68
2757,275.7,4,0,0,13.67
2758,275.8,4,0,0,13.68
2759,275.9,4,0,0,13.65
2760,276,4,0,0,13.67
2761,276.1,4,0,0,13.68
2762,276.2,4,0,0,13.67
2763,276.3,4,0,0,13.7
2764,276.4,4,0,0,13.68
2765,276.5,4,0,0,13.66
2766,276.6,4,0,0,13.72
2767,276.7,4,0,0,13.67
2768,276.8,3,1,0,13.59
2769,276.9,4,0,0,13.47
2770,277,4,0,0,13.44
2771,277.1,5,0,0,13.5
2772,277.2,5,0,0,13.45
2773,277.3,5,0,0,13.47
2774,277.4,5,0,0,13.45
2775,277.5,3,2,0,13.51
2776,277.6,4,0,0,13.51
2777,277.7,4,0,0,13.53
2778,277.8,4,0,0,13.47
2779,277.9,4,0,0,13.5
2780,278,4,0,0,13.48
2781,278.1,5,0,0,12.72
2782,278.2,5,0,0,12.71
2783,278.3,5,0,0,12.74
2784,278.4,5,0,0,12.74
2785,278.5,5,0,0,12.79
2786,278.6,5,0,0,12.78
2787,278.7,5,0,0,12.77
2788,278.8,5,0,0,12.79
2789,278.9,5,0,0,12.8
2790,279,5,0,0,12.79
2791,279.1,5,0,0,12.79
2792,279.2,5,0,0,12.8
2793,279.3,5,0,0,12.79
2794,279.4,5,0,0,12.82
2795,279.5,5,0,0,12.78
2796,279.6,5,0,0,12.81
2797,279.7,6,0,0,12.86
2798,279.8,6,0,0,12.88
2799,279.9,6,0,0,12.86
2800,280,6,0,0,12.88
2801,280.1,6,0,0,12.85
2802,280.2,7,0,0,12.62
2803,280.3,6,1,0,12.51
2804,280.4,5,1,0,12.35
2805,280.5,5,0,0,12.31
2806,280.6,5,0,0,12.3
2807,280.7,5,0,0,12.35
2808,280.8,5,0,0,12.32
2809,280.9,5,0,0,12.33
2810,281,5,0,0,12.33
2811,281.1,5,0,0,12.33
2812,281.2,5,1,0,12.34
2813,281.3,5,0,0,12.31
2814,281.4,5,0,0,12.29
2815,281.5,5,0,0,12.3
2816,281.6,5,0,0,12.31
2817,281.7,5,0,0,12.29
2818,281.8,5,0,0,12.32
2819,281.9,5,0,0,12.27
2820,282,5,0,0,12.29
2821,282.1,5,0,0,12.28
2822,282.2,5,0,0,12.29
2823,282.3,5,0,0,12.28
2824,282.4,5,0,0,12.26
2825,282.5,6,0,0,12.5
2826,282.6,6,0,0,12.49
2827,282.7,6,0,0,12.49
2828,282.8,6,0,0,12.5
2829,282.9,6,0,0,12.51
2830,283,6,0,0,12.47
2831,283.1,5,1,0,12.24
2832,283.2,5,0,0,12.26
2833,283.3,4,1,0,11.87
2834,283.4,5,0,0,12.29
2835,283.5,5,0,0,12.3
2836,283.6,5,0,0,12.28
2837,283.7,5,0,0,12.31
2838,283.8,5,0,0,12.3
2839,283.9,5,0,0,12.28
2840,284,5,0,0,12.29
2841,284.1,5,0,0,12.28
2842,284.2,5,0,0,12.29
2843,284.3,5,0,0,12.29
2844,284.4,5,0,0,12.26
2845,284.5,5,0,0,12.29
2846,284.6,5,0,0,12.26
2847,284.7,5,1,0,12.01
2848,284.8,5,0,0,11.96
2849,284.9,5,0,0,11.98
2850,285,5,0,0,11.95
2851,285.1,5,0,0,11.93
2852,285.2,5,0,0,11.9
2853,285.3,5,0,0,11.89
2854,285.4,6,0,0,12.23
2855,285.5,6,0,0,12.19
2856,285.6,6,0,0,12.16
2857,285.7,6,0,0,12.16
2858,285.8,6,0,0,12.14
2859,285.9,6,0,0,12.14
2860,286,5,1,0,11.77
2861,286.1,5,0,0,11.75
2862,286.2,5,0,0,11.72
2863,286.3,5,0,0,11.72
2864,286.4,5,0,0,11.74
2865,286.5,6,1,0,11.5
2866,286.6,6,0,0,11.47
2867,286.7,6,0,0,11.45
2868,286.8,6,0,0,11.44
2869,286.9,6,0,0,11.44
2870,287,6,0,0,11.4
2871,287.1,6,0,0,11.39
2872,287.2,6,0,0,11.41
2873,287.3,6,0,0,11.38
2874,287.4,6,0,0,11.38
2875,287.5,6,0,0,11.37
2876,287.6,6,0,0,11.35
2877,287.7,6,0,0,11.34
2878,287.8,6,0,0,11.35
2879,287.9,6,0,0,11.32
2880,288,6,0,0,11.32
2881,288.1,7,0,0,11.12
2882,288.2,7,0,0,11.11
2883,288.3,8,1,0,11.51
2884,288.4,8,0,0,11.49
2885,288.5,8,0,0,11.48
2886,288.6,7,1,0,11.33
2887,288.7,7,0,0,11.34
2888,288.8,7,0,0,11.32
2889,288.9,6,1,0,10.87
2890,289,6,0,0,10.9
2891,289.1,6,0,0,10.86
2892,289.2,6,0,0,10.85
2893,289.3,6,0,0,10.86
2894,289.4,6,0,0,10.84
2895,289.5,6,0,0,10.86
2896,289.6,6,0,0,10.86
2897,289.7,7,0,0,11.23
2898,289.8,7,0,0,11.21
2899,289.9,7,0,0,11.19
2900,290,7,0,0,11.22
2901,290.1,7,0,0,11.19
2902,290.2,7,0,0,11.19
2903,290.3,6,1,0,11.39
2904,290.4,6,0,0,11.42
2905,290.5,6,0,0,11.46
2906,290.6,6,0,0,11.51
2907,290.7,6,0,0,11.56
2908,290.8,5,1,0,11.93
2909,290.9,5,0,0,12.05
2910,291,6,0,0,12.48
2911,291.1,6,0,0,12.53
2912,291.2,6,0,0,12.6
2913,291.3,6,0,0,12.72
2914,291.4,6,0,0,12.79
2915,291.5,6,0,0,12.84
2916,291.6,5,1,0,12.74
2917,291.7,5,0,0,12.87
2918,291.8,6,0,0,13.17
2919,291.9,6,0,0,13.24
2920,292,6,0,0,13.35
2921,292.1,6,0,0,13.41
2922,292.2,6,0,0,13.5
2923,292.3,5,1,0,13.59
2924,292.4,5,0,0,13.65
2925,292.5,5,0,0,13.72
2926,292.6,5,0,0,13.78
2927,292.7,4,1,0,13.81
2928,292.8,5,0,0,13.89
2929,292.9,5,0,0,13.86
2930,293,5,0,0,13.82
2931,293.1,5,0,0,13.84
2932,293.2,5,0,0,13.85
2933,293.3,5,0,0,13.85
2934,293.4,5,0,0,13.83
2935,293.5,5,0,0,13.85
2936,293.6,5,0,0,13.84
2937,293.7,4,1,0,13.82
2938,293.8,5,0,0,13.49
2939,293.9,5,0,0,13.48
2940,294,5,0,0,13.45
2941,294.1,5,0,0,13.48
2942,294.2,5,0,0,13.45
2943,294.3,5,0,0,13.49
2944,294.4,4,1,0,13.85
2945,294.5,4,0,0,13.81
2946,294.6,4,0,0,13.81
2947,294.7,4,0,0,13.82
2948,294.8,4,0,0,13.81
2949,294.9,4,0,0,13.84
2950,295,4,0,0,13.82
2951,295.1,4,0,0,13.82
2952,295.2,4,0,0,13.85
2953,295.3,3,1,0,13.77
2954,295.4,4,0,0,13.37
2955,295.5,4,0,0,13.34
2956,295.6,4,0,0,13.37
2957,295.7,3,1,0,13.09
2958,295.8,3,0,0,13.13
2959,295.9,3,0,0,13.14
2960,296,4,0,0,12.71
2961,296.1,4,0,0,12.73
2962,296.2,4,0,0,12.68
2963,296.3,4,0,0,12.71
2964,296.4,4,0,0,12.7
2965,296.5,4,0,0,12.74
2966,296.6,4,0,0,12.66
2967,296.7,5,0,0,12.73
2968,296.8,5,0,0,12.74
2969,296.9,5,0,0,12.75
2970,297,5,0,0,12.76
2971,297.1,5,0,0,12.73
2972,297.2,5,0,0,12.73
2973,297.3,4,1,0,12.66
2974,297.4,4,0,0,12.69
2975,297.5,4,0,0,12.73
2976,297.6,4,0,0,12.69
2977,297.7,4,0,0,12.7
2978,297.8,4,0,0,12.68
2979,297.9,4,0,0,12.7
2980,298,4,0,0,12.71
2981,298.1,4,0,0,12.71
2982,298.2,4,0,0,12.72
2983,298.3,4,0,0,12.69
2984,298.4,4,0,0,12.69
2985,298.5,4,0,0,12.71
2986,298.6,4,0,0,12.71
2987,298.7,4,0,0,12.68
2988,298.8,4,0,0,12.71
2989,298.9,5,0,0,12.95
2990,299,5,0,0,12.97
2991,299.1,6,0,0,12.95
2992,299.2,5,1,0,12.77
2993,299.3,5,0,0,12.82
2994,299.4,4,1,0,13.05
2995,299.5,5,0,0,13.03
2996,299.6,5,0,0,13.03
2997,299.7,5,0,0,13.02
2998,299.8,5,0,0,13.05
2999,299.9,5,0,0,13.05
3000,300,5,0,0,13.02
3001,300.1,4,1,0,13.02
3002,300.2,5,0,0,12.23
3003,300.3,5,0,0,12.25
3004,300.4,5,0,0,12.25
3005,300.5,5,0,0,12.26
3006,300.6,5,0,0,12.26
3007,300.7,5,0,0,12.26
3008,300.8,5,0,0,12.27
3009,300.9,5,0,0,12.32
3010,301,5,0,0,12.36
3011,301.1,5,0,0,12.34
3012,301.2,5,0,0,12.37
3013,301.3,5,0,0,12.42
3014,301.4,5,0,0,12.41
3015,301.5,5,0,0,12.39
3016,301.6,5,0,0,12.39
3017,301.7,5,0,0,12.42
3018,301.8,5,0,0,12.41
3019,301.9,5,0,0,12.39
3020,302,4,1,0,12.01
3021,302.1,4,0,0,12.04
3022,302.2,4,0,0,12.02
3023,302.3,6,0,0,11.95
3024,302.4,5,1,0,11.51
3025,302.5,6,0,0,11.92
3026,302.6,6,0,0,11.89
3027,302.7,6,0,0,11.9
3028,302.8,6,0,0,11.91
3029,302.9,5,1,0,11.8
3030,303,5,0,0,11.79
3031,303.1,5,0,0,11.76
3032,303.2,5,0,0,11.77
3033,303.3,5,0,0,11.8
3034,303.4,5,0,0,11.76
3035,303.5,5,0,0,11.77
3036,303.6,5,0,0,11.72
3037,303.7,5,0,0,11.77
3038,303.8,5,0,0,11.73
3039,303.9,5,0,0,11.75
3040,304,5,0,0,11.71
3041,304.1,6,0,0,11.43
3042,304.2,6,0,0,11.45
3043,304.3,5,1,0,11.73
3044,304.4,5,0,0,11.73
3045,304.5,5,0,0,11.71
3046,304.6,5,0,0,11.72
3047,304.7,5,0,0,11.7
3048,304.8,5,0,0,11.71
3049,304.9,5,0,0,11.7
3050,305,5,0,0,11.69
3051,305.1,6,0,0,11.93
3052,305.2,6,0,0,11.91
3053,305.3,6,0,0,11.9
3054,305.4,7,0,0,12.21
3055,305.5,7,0,0,12.17
3056,305.6,7,0,0,12.17
3057,305.7,6,1,0,12.04
3058,305.8,6,0,0,12.06
3059,305.9,6,0,0,12.07
3060,306,5,1,0,11.66
3061,306.1,6,0,0,11.78
3062,306.2,6,0,0,11.74
3063,306.3,6,0,0,11.72
3064,306.4,6,0,0,11.75
3065,306.5,6,0,0,11.73
3066,306.6,6,0,0,11.68
3067,306.7,6,0,0,11.69
3068,306.8,6,0,0,11.68
3069,306.9,6,0,0,11.66
3070,307,6,0,0,11.62
3071,307.1,6,0,0,11.59
3072,307.2,5,1,0,11.62
3073,307.3,5,0,0,11.62
3074,307.4,5,0,0,11.6
3075,307.5,5,0,0,11.57
3076,307.6,5,0,0,11.58
3077,307.7,5,0,0,11.56
3078,307.8,5,0,0,11.58
3079,307.9,5,0,0,11.54
3080,308,6,0,0,11.92
3081,308.1,6,0,0,11.91
3082,308.2,6,0,0,11.91
3083,308.3,6,0,0,11.88
3084,308.4,6,0,0,11.86
3085,308.5,6,0,0,11.88
3086,308.6,6,1,0,11.88
3087,308.7,6,0,0,11.84
3088,308.8,6,0,0,11.85
3089,308.9,6,0,0,11.83
3090,309,6,0,0,11.8
3091,309.1,5,1,0,11.62
3092,309.2,5,0,0,11.62
3093,309.3,5,0,0,11.6
3094,309.4,5,0,0,11.58
3095,309.5,5,0,0,11.58
3096,309.6,6,0,0,11.89
3097,309.7,6,0,0,11.83
3098,309.8,6,0,0,11.84
3099,309.9,6,0,0,11.82
3100,310,5,1,0,11.77
3101,310.1,5,0,0,11.71
3102,310.2,5,0,0,11.72
3103,310.3,5,0,0,11.73
3104,310.4,5,0,0,11.72
3105,310.5,5,0,0,11.71
3106,310.6,5,0,0,11.68
3107,310.7,5,0,0,11.67
3108,310.8,6,0,0,12.04
3109,310.9,6,0,0,12.03
3110,311,6,0,0,12.05
3111,311.1,6,0,0,12.06
3112,311.2,6,0,0,12.06
3113,311.3,6,0,0,12
3114,311.4,5,1,0,11.63
3115,311.5,5,0,0,11.62
3116,311.6,5,0,0,11.61
3117,311.7,6,0,0,12.01
3118,311.8,6,0,0,11.97
3119,311.9,6,0,0,12
3120,312,6,0,0,12
3121,312.1,6,0,0,11.98
3122,312.2,6,0,0,11.98
3123,312.3,6,0,0,12
3124,312.4,6,0,0,12.01
3125,312.5,5,1,0,12.35
3126,312.6,5,0,0,12.41
3127,312.7,5,0,0,12.49
3128,312.8,5,0,0,12.53
3129,312.9,5,0,0,12.59
3130,313,5,0,0,12.67
3131,313.1,5,0,0,12.74
3132,313.2,5,1,0,12.55
3133,313.3,5,0,0,12.6
3134,313.4,5,0,0,12.68
3135,313.5,5,0,0,12.75
3136,313.6,6,0,0,12.96
3137,313.7,6,0,0,13.02
3138,313.8,6,0,0,13.05
3139,313.9,6,0,0,13.11
3140,314,6,0,0,13.14
3141,314.1,6,0,0,13.21
3142,314.2,5,1,0,13.12
3143,314.3,5,0,0,13.17
3144,314.4,4,1,0,13.19
3145,314.5,4,0,0,13.25
3146,314.6,4,0,0,13.3
3147,314.7,4,0,0,13.28
3148,314.8,5,0,0,13.31
3149,314.9,5,0,0,13.34
3150,315,5,0,0,13.4
3151,315.1,5,0,0,13.35
3152,315.2,5,0,0,13.36
3153,315.3,5,0,0,13.39
3154,315.4,5,0,0,13.37
3155,315.5,5,0,0,13.38
3156,315.6,5,0,0,13.36
3157,315.7,5,0,0,13.35
3158,315.8,4,1,0,13.24
3159,315.9,4,0,0,13.18
3160,316,4,0,0,13.25
3161,316.1,4,0,0,13.23
3162,316.2,4,0,0,13.22
3163,316.3,4,0,0,13.19
3164,316.4,5,0,0,13.31
3165,316.5,5,0,0,13.3
3166,316.6,5,0,0,13.29
3167,316.7,6,0,0,13.26
3168,316.8,6,0,0,13.24
3169,316.9,6,0,0,13.26
3170,317,5,1,0,13.2
3171,317.1,5,0,0,13.19
3172,317.2,4,1,0,13.51
3173,317.3,4,0,0,13.49
3174,317.4,4,0,0,13.48
3175,317.5,4,0,0,13.5
3176,317.6,4,0,0,13.46
3177,317.7,4,0,0,13.5
3178,317.8,3,1,0,13.36
3179,317.9,3,0,0,13.37
3180,318,4,0,0,13.54
3181,318.1,4,0,0,13.51
3182,318.2,4,0,0,13.46
3183,318.3,4,0,0,13.48
3184,318.4,4,0,0,13.47
3185,318.5,4,0,0,13.49
3186,318.6,4,0,0,13.49
3187,318.7,4,0,0,13.49
3188,318.8,4,0,0,13.52
3189,318.9,4,0,0,13.49
3190,319,4,0,0,13.48
3191,319.1,4,0,0,13.53
3192,319.2,4,0,0,13.5
3193,319.3,5,0,0,13.06
3194,319.4,5,0,0,13.06
3195,319.5,5,0,0,13.07
3196,319.6,5,0,0,13.06
3197,319.7,5,0,0,13.05
3198,319.8,5,0,0,13.09
3199,319.9,5,0,0,13.08
3200,320,4,1,0,13.49
3201,320.1,5,0,0,12.8
3202,320.2,5,0,0,12.78
3203,320.3,5,1,0,13.28
3204,320.4,4,1,0,13.37
3205,320.5,4,0,0,13.39
3206,320.6,4,0,0,13.37
3207,320.7,4,0,0,13.35
3208,320.8,4,0,0,13.33
3209,320.9,3,1,0,13.16
3210,321,3,0,0,13.19
3211,321.1,4,0,0,13.36
3212,321.2,4,0,0,13.37
3213,321.3,4,0,0,13.33
3214,321.4,4,0,0,13.36
3215,321.5,4,0,0,13.33
3216,321.6,4,0,0,13.36
3217,321.7,4,0,0,13.34
3218,321.8,4,0,0,13.33
3219,321.9,4,0,0,13.39
3220,322,4,0,0,13.36
3221,322.1,5,0,0,12.99
3222,322.2,5,0,0,12.91
3223,322.3,5,0,0,12.93
3224,322.4,5,0,0,12.95
3225,322.5,5,0,0,12.92
3226,322.6,5,0,0,12.93
3227,322.7,5,0,0,12.92
3228,322.8,4,1,0,13.36
3229,322.9,4,0,0,13.35
3230,323,4,0,0,13.35
3231,323.1,4,0,0,13.35
3232,323.2,5,0,0,12.66
3233,323.3,5,0,0,12.69
3234,323.4,5,0,0,12.69
3235,323.5,5,0,0,12.69
3236,323.6,5,0,0,12.71
3237,323.7,5,0,0,12.66
3238,323.8,6,0,0,12.91
3239,323.9,6,0,0,12.9
3240,324,6,0,0,12.89
3241,324.1,6,0,0,12.9
3242,324.2,5,1,0,12.99
3243,324.3,6,0,0,12.15
3244,324.4,6,0,0,12.1
3245,324.5,5,1,0,11.91
3246,324.6,5,0,0,11.96
3247,324.7,5,0,0,11.96
3248,324.8,5,0,0,11.98
3249,324.9,6,0,0,12.35
3250,325,6,0,0,12.33
3251,325.1,6,0,0,12.33
3252,325.2,6,0,0,12.37
3253,325.3,6,0,0,12.37
3254,325.4,6,0,0,12.39
3255,325.5,5,1,0,12.11
3256,325.6,5,0,0,12.07
3257,325.7,5,0,0,12.1
3258,325.8,5,0,0,12.07
3259,325.9,5,0,0,12.11
3260,326,5,0,0,12.11
3261,326.1,5,0,0,12.14
3262,326.2,5,0,0,12.15
3263,326.3,5,0,0,12.14
3264,326.4,5,0,0,12.14
3265,326.5,5,0,0,12.15
3266,326.6,5,0,0,12.17
3267,326.7,5,0,0,12.14
3268,326.8,5,0,0,12.16
3269,326.9,5,0,0,12.17
3270,327,5,0,0,12.21
3271,327.1,5,0,0,12.19
3272,327.2,4,1,0,11.75
3273,327.3,3,1,0,11.07
3274,327.4,5,0,0,11.75
3275,327.5,5,0,0,11.74
3276,327.6,5,0,0,11.73
3277,327.7,6,0,0,11.74
3278,327.8,6,0,0,11.74
3279,327.9,6,0,0,11.73
3280,328,6,0,0,11.73
3281,328.1,6,0,0,11.71
3282,328.2,6,0,0,11.7
3283,328.3,6,0,0,11.69
3284,328.4,6,1,0,11.24
3285,328.5,6,0,0,11.21
3286,328.6,6,0,0,11.23
3287,328.7,6,0,0,11.23
3288,328.8,6,0,0,11.27
3289,328.9,6,0,0,11.26
3290,329,6,0,0,11.26
3291,329.1,6,0,0,11.29
3292,329.2,6,0,0,11.31
3293,329.3,6,0,0,11.32
3294,329.4,6,0,0,11.32
3295,329.5,6,0,0,11.32
3296,329.6,6,0,0,11.32
3297,329.7,6,0,0,11.31
3298,329.8,6,0,0,11.32
3299,329.9,6,0,0,11.32
3300,330,6,0,0,11.28
3301,330.1,6,0,0,11.3
3302,330.2,6,0,0,11.3
3303,330.3,5,1,0,10.75
3304,330.4,5,0,0,10.75
3305,330.5,5,0,0,10.75
3306,330.6,7,0,0,11.56
3307,330.7,7,0,0,11.53
3308,330.8,7,0,0,11.53
3309,330.9,7,0,0,11.51
3310,331,8,0,0,11.64
3311,331.1,7,1,0,11.41
3312,331.2,6,1,0,10.99
3313,331.3,6,0,0,10.97
3314,331.4,6,0,0,10.93
3315,331.5,6,0,0,10.94
3316,331.6,6,0,0,10.92
3317,331.7,6,0,0,10.9
3318,331.8,6,0,0,10.91
3319,331.9,6,0,0,10.86
3320,332,6,0,0,10.88
3321,332.1,6,0,0,10.86
3322,332.2,6,0,0,10.88
3323,332.3,6,0,0,10.85
3324,332.4,6,0,0,10.84
3325,332.5,6,0,0,10.84
3326,332.6,6,0,0,10.8
3327,332.7,5,1,0,11
3328,332.8,5,0,0,11.03
3329,332.9,5,0,0,11.05
3330,333,5,0,0,11.11
3331,333.1,5,0,0,11.15
3332,333.2,5,0,0,11.18
3333,333.3,5,0,0,11.19
3334,333.4,6,0,0,11.47
3335,333.5,6,0,0,11.48
3336,333.6,6,0,0,11.55
3337,333.7,7,0,0,11.91
3338,333.8,7,0,0,11.92
3339,333.9,7,0,0,11.9
3340,334,6,1,0,11.79
3341,334.1,6,0,0,11.82
3342,334.2,6,0,0,11.81
3343,334.3,6,0,0,11.82
3344,334.4,6,0,0,11.8
3345,334.5,7,0,0,12.08
3346,334.6,7,0,0,12.08
3347,334.7,7,0,0,12.06
3348,334.8,6,1,0,11.74
3349,334.9,6,0,0,11.72
3350,335,6,0,0,11.73
3351,335.1,6,0,0,11.71
3352,335.2,6,0,0,11.7
3353,335.3,6,0,0,11.69
3354,335.4,5,1,0,12.01
3355,335.5,5,0,0,12.03
3356,335.6,5,0,0,12.05
3357,335.7,5,0,0,12.09
3358,335.8,5,0,0,12.13
3359,335.9,5,0,0,12.19
3360,336,5,0,0,12.26
3361,336.1,6,0,0,11.94
3362,336.2,6,0,0,12
3363,336.3,6,1,0,12.69
3364,336.4,6,0,0,12.75
3365,336.5,6,0,0,12.81
3366,336.6,6,0,0,12.91
3367,336.7,6,0,0,12.99
3368,336.8,6,0,0,13.06
3369,336.9,6,1,0,13.16
3370,337,6,0,0,13.24
3371,337.1,6,0,0,13.31
3372,337.2,6,0,0,13.36
3373,337.3,6,0,0,13.43
3374,337.4,5,1,0,13.5
3375,337.5,5,0,0,13.53
3376,337.6,5,0,0,13.58
3377,337.7,5,0,0,13.61
3378,337.8,5,0,0,13.59
3379,337.9,5,0,0,13.58
3380,338,4,1,0,13.55
3381,338.1,5,0,0,13.6
3382,338.2,5,0,0,13.59
3383,338.3,5,0,0,13.63
3384,338.4,5,0,0,13.62
3385,338.5,5,0,0,13.61
3386,338.6,5,0,0,13.59
3387,338.7,5,0,0,13.59
3388,338.8,4,1,0,13.68
3389,338.9,4,0,0,13.71
3390,339,5,0,0,13.72
3391,339.1,5,0,0,13.75
3392,339.2,5,0,0,13.76
3393,339.3,5,0,0,13.72
3394,339.4,5,0,0,13.75
3395,339.5,5,0,0,13.73
3396,339.6,4,1,0,13.7
3397,339.7,4,0,0,13.67
3398,339.8,4,0,0,13.68
3399,339.9,4,0,0,13.67
3400,340,5,0,0,13.5
3401,340.1,5,0,0,13.56
3402,340.2,5,0,0,13.52
3403,340.3,5,0,0,13.53
3404,340.4,5,0,0,13.56
3405,340.5,4,1,0,13.64
3406,340.6,4,0,0,13.67
3407,340.7,4,0,0,13.61
3408,340.8,4,0,0,13.68
3409,340.9,4,0,0,13.64
3410,341,4,0,0,13.62
3411,341.1,4,0,0,13.63
3412,341.2,4,0,0,13.62
3413,341.3,4,0,0,13.61
3414,341.4,4,0,0,13.65
3415,341.5,4,0,0,13.65
3416,341.6,4,1,0,13.64
3417,341.7,4,0,0,13.67
3418,341.8,4,0,0,13.66
3419,341.9,5,0,0,13.42
3420,342,5,0,0,13.41
3421,342.1,5,0,0,13.4
3422,342.2,5,0,0,13.4
3423,342.3,5,0,0,13.39
3424,342.4,5,0,0,13.39
3425,342.5,4,1,0,13.64
3426,342.6,4,0,0,13.62
3427,342.7,4,0,0,13.65
3428,342.8,4,0,0,13.66
3429,342.9,4,0,0,13.65
3430,343,3,1,0,13.62
3431,343.1,3,0,0,13.6
3432,343.2,4,0,0,13.43
3433,343.3,4,0,0,13.42
3434,343.4,4,0,0,13.39
3435,343.5,4,0,0,13.4
3436,343.6,4,0,0,13.39
3437,343.7,4,0,0,13.44
3438,343.8,4,0,0,13.44
3439,343.9,4,0,0,13.39
3440,344,4,0,0,13.41
3441,344.1,4,0,0,13.41
3442,344.2,4,0,0,13.44
3443,344.3,4,0,0,13.41
3444,344.4,4,0,0,13.4
3445,344.5,4,0,0,13.42
3446,344.6,4,0,0,13.39
3447,344.7,5,0,0,12.98
3448,344.8,5,0,0,12.96
3449,344.9,5,0,0,12.96
3450,345,5,0,0,12.97
3451,345.1,4,1,0,12.75
3452,345.2,5,0,0,12.97
3453,345.3,5,0,0,12.97
3454,345.4,4,1,0,13.43
3455,345.5,4,0,0,13.38
3456,345.6,4,0,0,13.4
3457,345.7,4,0,0,13.43
3458,345.8,4,0,0,13.41
3459,345.9,4,0,0,13.41
3460,346,4,0,0,13.4
3461,346.1,3,1,0,13.24
3462,346.2,3,0,0,13.24
3463,346.3,4,0,0,13.43
3464,346.4,4,0,0,13.39
3465,346.5,4,0,0,13.41
3466,346.6,4,0,0,13.41
3467,346.7,4,0,0,13.42
3468,346.8,4,0,0,13.4
3469,346.9,4,0,0,13.41
3470,347,4,0,0,13.4
3471,347.1,4,0,0,13.41
3472,347.2,5,0,0,12.64
3473,347.3,5,0,0,12.65
3474,347.4,5,0,0,12.66
3475,347.5,6,0,0,12.53
3476,347.6,6,0,0,12.54
3477,347.7,6,0,0,12.52
3478,347.8,6,0,0,12.54
3479,347.9,6,0,0,12.53
3480,348,6,0,0,12.55
3481,348.1,6,0,0,12.51
3482,348.2,5,1,0,12.74
3483,348.3,5,0,0,12.71
3484,348.4,5,0,0,12.73
3485,348.5,5,0,0,12.75
3486,348.6,5,0,0,12.72
3487,348.7,5,1,0,12.28
3488,348.8,5,0,0,12.32
3489,348.9,5,0,0,12.29
3490,349,5,0,0,12.3
3491,349.1,5,0,0,12.32
3492,349.2,5,0,0,12.28
3493,349.3,5,0,0,12.3
3494,349.4,5,0,0,12.28
3495,349.5,6,0,0,12.2
3496,349.6,6,0,0,12.17
3497,349.7,6,0,0,12.15
3498,349.8,6,0,0,12.16
3499,349.9,5,1,0,12
3500,350,5,0,0,12
3501,350.1,5,0,0,11.99
3502,350.2,5,0,0,11.99
3503,350.3,6,0,0,11.94
3504,350.4,6,0,0,11.9
3505,350.5,6,0,0,11.9
3506,350.6,6,0,0,11.92
3507,350.7,6,0,0,11.91
3508,350.8,6,0,0,11.93
3509,350.9,6,0,0,11.91
3510,351,5,1,0,11.94
3511,351.1,5,0,0,11.94
3512,351.2,5,0,0,11.91
3513,351.3,5,0,0,11.92
3514,351.4,5,0,0,11.9
3515,351.5,5,0,0,11.89
3516,351.6,5,0,0,11.9
3517,351.7,5,0,0,11.87
3518,351.8,5,0,0,11.84
3519,351.9,5,0,0,11.88
3520,352,5,0,0,11.88
3521,352.1,6,0,0,11.53
3522,352.2,6,0,0,11.54
3523,352.3,6,1,0,12.2
3524,352.4,6,0,0,12.22
3525,352.5,6,0,0,12.17
3526,352.6,7,0,0,12.46
3527,352.7,7,0,0,12.45
3528,352.8,6,1,0,12.53
3529,352.9,6,0,0,12.55
3530,353,6,0,0,12.54
3531,353.1,6,1,0,12.68
3532,353.2,6,0,0,12.64
3533,353.3,6,0,0,12.68
3534,353.4,6,0,0,12.66
3535,353.5,6,0,0,12.69
3536,353.6,6,0,0,12.67
3537,353.7,5,1,0,12.45
3538,353.8,5,0,0,12.46
3539,353.9,5,0,0,12.45
3540,354,5,0,0,12.41
3541,354.1,5,0,0,12.4
3542,354.2,5,0,0,12.37
3543,354.3,5,0,0,12.34
3544,354.4,5,0,0,12.33
3545,354.5,5,0,0,12.31
3546,354.6,5,0,0,12.28
3547,354.7,5,0,0,12.27
3548,354.8,5,0,0,12.27
3549,354.9,5,0,0,12.26
3550,355,5,0,0,12.22
3551,355.1,5,0,0,12.22
3552,355.2,5,0,0,12.2
3553,355.3,5,0,0,12.15
3554,355.4,5,0,0,12.15
3555,355.5,4,1,0,11.7
3556,355.6,4,0,0,11.66
3557,355.7,4,0,0,11.67
3558,355.8,5,1,0,11.8
3559,355.9,5,0,0,11.76
3560,356,6,0,0,11.94
3561,356.1,6,0,0,11.92
3562,356.2,6,0,0,11.9
3563,356.3,6,0,0,11.88
3564,356.4,6,0,0,11.87
3565,356.5,6,0,0,11.85
3566,356.6,5,1,0,11.64
3567,356.7,5,0,0,11.64
3568,356.8,5,0,0,11.63
3569,356.9,5,0,0,11.66
3570,357,5,0,0,11.64
3571,357.1,5,0,0,11.61
3572,357.2,5,0,0,11.63
3573,357.3,5,0,0,11.6
3574,357.4,5,0,0,11.59
3575,357.5,5,0,0,11.57
3576,357.6,5,0,0,11.57
3577,357.7,5,0,0,11.58
3578,357.8,5,0,0,11.57
3579,357.9,5,0,0,11.56
3580,358,5,0,0,11.54
3581,358.1,5,0,0,11.54
3582,358.2,5,0,0,11.55
3583,358.3,5,0,0,11.53
3584,358.4,5,0,0,11.52
3585,358.5,5,0,0,11.5
3586,358.6,5,0,0,11.48
3587,358.7,5,0,0,11.51
3588,358.8,6,0,0,11.9
3589,358.9,7,0,0,12.18
3590,359,7,0,0,12.17
3591,359.1,7,0,0,12.2
3592,359.2,7,0,0,12.16
3593,359.3,6,1,0,11.89
3594,359.4,5,2,0,12.21
3595,359.5,5,0,0,12.2
3596,359.6,5,0,0,12.25
3597,359.7,5,0,0,12.28
3598,359.8,5,0,0,12.38
3599,359.9,5,0,0,12.42
3600,360,5,0,0,12.44
3601,360.1,5,0,0,12.57
3602,360.2,5,0,0,12.59
3603,360.3,5,0,0,12.66
3604,360.4,5,0,0,12.75
3605,360.5,5,0,0,12.79
3606,360.6,5,0,0,12.87
3607,360.7,5,0,0,12.95
3608,360.8,5,0,0,12.99
3609,360.9,5,0,0,13.05
3610,361,5,0,0,13.12
3611,361.1,5,0,0,13.21
3612,361.2,5,0,0,13.28
3613,361.3,5,0,0,13.26
3614,361.4,4,1,0,13.27
3615,361.5,4,0,0,13.34
3616,361.6,5,0,0,13.51
3617,361.7,5,0,0,13.51
3618,361.8,5,0,0,13.53
3619,361.9,5,0,0,13.56
3620,362,5,0,0,13.59
3621,362.1,6,0,0,13.66
3622,362.2,5,1,0,13.57
3623,362.3,5,0,0,13.59
3624,362.4,5,0,0,13.59
3625,362.5,5,0,0,13.58
3626,362.6,5,0,0,13.61
3627,362.7,5,0,0,13.59
3628,362.8,4,1,0,13.49
3629,362.9,3,1,0,13.41
3630,363,4,0,0,13.56
3631,363.1,4,0,0,13.54
3632,363.2,4,0,0,13.58
3633,363.3,4,0,0,13.56
3634,363.4,4,0,0,13.54
3635,363.5,4,0,0,13.51
3636,363.6,4,0,0,13.55
3637,363.7,4,0,0,13.58
3638,363.8,4,0,0,13.53
3639,363.9,4,0,0,13.53
3640,364,4,0,0,13.57
3641,364.1,4,0,0,13.58
3642,364.2,4,0,0,13.55
3643,364.3,4,0,0,13.57
3644,364.4,5,0,0,13.58
3645,364.5,5,0,0,13.55
3646,364.6,5,0,0,13.55
3647,364.7,5,0,0,13.56
3648,364.8,5,0,0,13.53
3649,364.9,5,0,0,13.57
3650,365,4,1,0,13.52
3651,365.1,4,0,0,13.55
3652,365.2,5,0,0,13.63
3653,365.3,5,0,0,13.64
3654,365.4,5,0,0,13.64
3655,365.5,5,0,0,13.66
3656,365.6,5,0,0,13.65
3657,365.7,5,0,0,13.61
3658,365.8,5,0,0,13.6
3659,365.9,5,0,0,13.63
3660,366,5,0,0,13.62
3661,366.1,4,1,0,13.93
3662,366.2,4,0,0,13.94
3663,366.3,4,0,0,13.94
3664,366.4,4,0,0,13.95
3665,366.5,4,1,0,13.93
3666,366.6,4,0,0,13.96
3667,366.7,4,0,0,13.95
3668,366.8,4,0,0,13.95
3669,366.9,4,0,0,13.94
3670,367,4,0,0,13.94
3671,367.1,4,0,0,13.93
3672,367.2,4,0,0,13.94
3673,367.3,5,0,0,13.98
3674,367.4,5,0,0,13.92
3675,367.5,5,0,0,13.94
3676,367.6,5,0,0,13.9
3677,367.7,5,0,0,13.93
3678,367.8,5,0,0,13.96
3679,367.9,4,1,0,13.95
3680,368,4,0,0,13.92
3681,368.1,4,1,0,12.94
3682,368.2,4,0,0,12.96
3683,368.3,5,1,0,13.15
3684,368.4,5,0,0,13.16
3685,368.5,5,0,0,13.15
3686,368.6,5,0,0,13.15
3687,368.7,5,0,0,13.16
3688,368.8,5,0,0,13.17
3689,368.9,5,0,0,13.15
3690,369,5,0,0,13.13
3691,369.1,5,0,0,13.16
3692,369.2,5,0,0,13.11
3693,369.3,5,0,0,13.13
3694,369.4,6,0,0,12.62
3695,369.5,6,0,0,12.61
3696,369.6,6,0,0,12.61
3697,369.7,6,0,0,12.6
3698,369.8,6,0,0,12.6
3699,369.9,6,0,0,12.61
3700,370,5,1,0,12.35
3701,370.1,7,0,0,12.28
3702,370.2,7,0,0,12.26
3703,370.3,7,0,0,12.26
3704,370.4,7,0,0,12.28
3705,370.5,7,0,0,12.27
3706,370.6,7,0,0,12.27
3707,370.7,6,1,0,11.98
3708,370.8,6,0,0,12
3709,370.9,6,0,0,12.01
3710,371,6,0,0,11.97
3711,371.1,6,0,0,11.99
3712,371.2,6,0,0,11.99
3713,371.3,5,1,0,11.59
3714,371.4,5,0,0,11.58
3715,371.5,6,0,0,11.54
3716,371.6,6,0,0,11.5
3717,371.7,6,0,0,11.5
3718,371.8,6,0,0,11.47
3719,371.9,6,0,0,11.48
3720,372,6,0,0,11.47
3721,372.1,6,0,0,11.46
3722,372.2,6,0,0,11.46
3723,372.3,6,0,0,11.44
3724,372.4,6,0,0,11.46
3725,372.5,6,0,0,11.46
3726,372.6,5,1,0,11.74
3727,372.7,5,0,0,11.78
3728,372.8,5,0,0,11.83
3729,372.9,6,0,0,11.86
3730,373,6,0,0,11.87
3731,373.1,6,0,0,11.9
3732,373.2,6,0,0,11.95
3733,373.3,6,0,0,11.98
3734,373.4,6,0,0,12
3735,373.5,6,0,0,12.03
3736,373.6,6,1,0,12.39
3737,373.7,6,0,0,12.41
3738,373.8,6,0,0,12.43
3739,373.9,6,0,0,12.49
3740,374,6,0,0,12.51
3741,374.1,6,0,0,12.52
3742,374.2,6,0,0,12.55
3743,374.3,6,0,0,12.54
3744,374.4,5,1,0,12.29
3745,374.5,4,1,0,12.08
3746,374.6,5,0,0,12.42
3747,374.7,5,0,0,12.4
3748,374.8,5,0,0,12.4
3749,374.9,5,0,0,12.37
3750,375,5,0,0,12.37
3751,375.1,5,0,0,12.4
3752,375.2,5,0,0,12.41
3753,375.3,5,0,0,12.37
3754,375.4,5,0,0,12.38
3755,375.5,5,0,0,12.35
3756,375.6,5,0,0,12.38
3757,375.7,6,0,0,12.66
3758,375.8,6,0,0,12.62
3759,375.9,6,0,0,12.58
3760,376,6,0,0,12.58
3761,376.1,6,0,0,12.57
3762,376.2,6,0,0,12.55
3763,376.3,5,1,0,12.26
3764,376.4,5,0,0,12.21
3765,376.5,5,0,0,12.2
3766,376.6,5,0,0,12.22
3767,376.7,5,0,0,12.22
3768,376.8,5,0,0,12.18
3769,376.9,5,0,0,12.13
3770,377,5,0,0,12.16
3771,377.1,4,1,0,11.65
3772,377.2,5,0,0,12.03
3773,377.3,5,0,0,12.03
3774,377.4,5,0,0,11.99
3775,377.5,4,1,0,11.49
3776,377.6,4,0,0,11.47
3777,377.7,4,0,0,11.45
3778,377.8,5,0,0,11.85
3779,377.9,5,0,0,11.82
3780,378,5,0,0,11.82
3781,378.1,5,0,0,11.8
3782,378.2,5,0,0,11.78
3783,378.3,5,0,0,11.76
3784,378.4,5,0,0,11.75
3785,378.5,5,0,0,11.74
3786,378.6,6,0,0,11.63
3787,378.7,6,0,0,11.6
3788,378.8,6,0,0,11.62
3789,378.9,6,0,0,11.6
3790,379,6,0,0,11.58
3791,379.1,6,0,0,11.59
3792,379.2,6,0,0,11.56
3793,379.3,5,1,0,11.66
3794,379.4,5,0,0,11.65
3795,379.5,5,0,0,11.64
3796,379.6,5,0,0,11.63
3797,379.7,5,0,0,11.62
3798,379.8,5,0,0,11.64
3799,379.9,5,0,0,11.61
3800,380,5,0,0,11.61
3801,380.1,5,0,0,11.61
3802,380.2,5,0,0,11.59
3803,380.3,5,0,0,11.59
3804,380.4,5,0,0,11.6
3805,380.5,5,0,0,11.58
3806,380.6,5,0,0,11.57
3807,380.7,6,0,0,11.96
3808,380.8,5,1,0,11.64
3809,380.9,6,0,0,12.04
3810,381,6,0,0,11.98
3811,381.1,6,0,0,11.99
3812,381.2,6,0,0,11.97
3813,381.3,6,0,0,11.97
3814,381.4,7,0,0,12.28
3815,381.5,7,0,0,12.24
3816,381.6,6,1,0,12.63
3817,381.7,6,0,0,12.66
3818,381.8,6,0,0,12.69
3819,381.9,6,0,0,12.75
3820,382,5,1,0,12.57
3821,382.1,5,0,0,12.61
3822,382.2,5,0,0,12.68
3823,382.3,5,0,0,12.74
3824,382.4,5,0,0,12.81
3825,382.5,5,0,0,12.86
3826,382.6,5,0,0,12.94
3827,382.7,5,0,0,13.04
3828,382.8,5,0,0,13.11
3829,382.9,5,0,0,13.21
3830,383,5,0,0,13.26
3831,383.1,5,0,0,13.33
3832,383.2,5,0,0,13.41
3833,383.3,5,0,0,13.46
3834,383.4,5,0,0,13.47
3835,383.5,5,0,0,13.49
3836,383.6,4,1,0,13.51
3837,383.7,4,0,0,13.58
3838,383.8,4,0,0,13.64
3839,383.9,4,0,0,13.7
3840,384,4,0,0,13.71
3841,384.1,6,0,0,12.97
3842,384.2,5,1,0,12.79
3843,384.3,6,1,0,13.5
3844,384.4,6,0,0,13.46
3845,384.5,6,0,0,13.48
3846,384.6,6,0,0,13.46
3847,384.7,6,0,0,13.45
3848,384.8,6,0,0,13.48
3849,384.9,5,1,0,13.38
3850,385,4,1,0,13.25
3851,385.1,4,0,0,13.3
3852,385.2,4,0,0,13.25
3853,385.3,4,0,0,13.29
3854,385.4,4,0,0,13.31
3855,385.5,4,0,0,13.29
3856,385.6,4,0,0,13.26
3857,385.7,4,0,0,13.28
3858,385.8,4,0,0,13.25
3859,385.9,4,0,0,13.3
3860,386,4,0,0,13.28
3861,386.1,4,0,0,13.27
3862,386.2,4,0,0,13.3
3863,386.3,4,0,0,13.3
3864,386.4,4,0,0,13.28
3865,386.5,4,0,0,13.26
3866,386.6,4,0,0,13.28
3867,386.7,4,0,0,13.28
3868,386.8,4,0,0,13.29
3869,386.9,4,0,0,13.29
3870,387,5,0,0,13.45
3871,387.1,5,0,0,13.4
3872,387.2,6,0,0,13.43
3873,387.3,5,1,0,13.38
3874,387.4,5,0,0,13.41
3875,387.5,5,0,0,13.37
3876,387.6,4,1,0,13.27
3877,387.7,4,0,0,13.26
3878,387.8,4,0,0,13.25
3879,387.9,5,0,0,13.41
3880,388,4,1,0,13.51
3881,388.1,4,0,0,13.53
3882,388.2,4,0,0,13.49
3883,388.3,4,0,0,13.53
3884,388.4,4,0,0,13.53
3885,388.5,4,0,0,13.49
3886,388.6,4,0,0,13.49
3887,388.7,4,0,0,13.51
3888,388.8,4,0,0,13.47
3889,388.9,4,0,0,13.48
3890,389,4,0,0,13.52
3891,389.1,4,0,0,13.53
3892,389.2,4,0,0,13.49
3893,389.3,4,0,0,13.51
3894,389.4,4,0,0,13.47
3895,389.5,4,0,0,13.52
3896,389.6,4,0,0,13.48
3897,389.7,4,0,0,13.52
3898,389.8,4,0,0,13.5
3899,389.9,5,0,0,13.63
3900,390,5,0,0,13.58
3901,390.1,4,1,0,13.52
3902,390.2,4,0,0,13.49
3903,390.3,4,0,0,13.49
3904,390.4,5,0,0,13.26
3905,390.5,4,1,0,13.08
3906,390.6,4,0,0,13.04
3907,390.7,4,0,0,13.06
3908,390.8,4,0,0,13.05
3909,390.9,4,0,0,13.07
3910,391,4,0,0,13.05
3911,391.1,4,0,0,13.07
3912,391.2,4,0,0,13.06
3913,391.3,4,0,0,13.1
3914,391.4,4,1,0,13.08
3915,391.5,4,0,0,13.04
3916,391.6,4,0,0,13.07
3917,391.7,4,0,0,13.06
3918,391.8,4,0,0,13.09
3919,391.9,4,0,0,13.08
3920,392,4,0,0,13.07
3921,392.1,4,0,0,13.06
3922,392.2,4,0,0,13.03
3923,392.3,4,0,0,13.05
3924,392.4,4,0,0,13.06
3925,392.5,5,0,0,12.45
3926,392.6,5,0,0,12.47
3927,392.7,6,0,0,12.6
3928,392.8,6,0,0,12.59
3929,392.9,6,0,0,12.59
3930,393,6,0,0,12.6
3931,393.1,6,0,0,12.61
3932,393.2,6,0,0,12.59
3933,393.3,5,1,0,12.42
3934,393.4,5,0,0,12.42
3935,393.5,6,0,0,11.65
3936,393.6,6,0,0,11.64
3937,393.7,6,0,0,11.65
3938,393.8,6,0,0,11.61
3939,393.9,6,0,0,11.63
3940,394,6,0,0,11.66
3941,394.1,5,1,0,11.46
3942,394.2,5,0,0,11.46
3943,394.3,5,0,0,11.49
3944,394.4,5,0,0,11.49
3945,394.5,5,0,0,11.52
3946,394.6,5,0,0,11.56
3947,394.7,5,0,0,11.55
3948,394.8,5,0,0,11.53
3949,394.9,4,1,0,10.97
3950,395,5,0,0,11.59
3951,395.1,5,0,0,11.58
3952,395.2,5,0,0,11.6
3953,395.3,5,0,0,11.61
3954,395.4,5,0,0,11.62
3955,395.5,6,0,0,11.6
3956,395.6,6,0,0,11.59
3957,395.7,6,0,0,11.6
3958,395.8,6,0,0,11.64
3959,395.9,6,0,0,11.63
3960,396,6,0,0,11.64
3961,396.1,6,0,0,11.69
3962,396.2,5,1,0,11.7
3963,396.3,5,0,0,11.65
3964,396.4,5,0,0,11.7
3965,396.5,5,0,0,11.7
3966,396.6,5,0,0,11.7
3967,396.7,5,1,0,11.53
3968,396.8,5,0,0,11.49
3969,396.9,5,0,0,11.49
3970,397,5,0,0,11.47
3971,397.1,5,0,0,11.49
3972,397.2,5,0,0,11.47
3973,397.3,5,0,0,11.47
3974,397.4,5,0,0,11.45
3975,397.5,5,0,0,11.47
3976,397.6,5,0,0,11.45
3977,397.7,5,0,0,11.45
3978,397.8,5,0,0,11.44
3979,397.9,5,0,0,11.47
3980,398,5,0,0,11.45
3981,398.1,5,0,0,11.43
3982,398.2,5,0,0,11.37
3983,398.3,6,0,0,11.84
3984,398.4,6,0,0,11.8
3985,398.5,6,1,0,11.27
3986,398.6,6,0,0,11.24
3987,398.7,6,0,0,11.24
3988,398.8,6,0,0,11.28
3989,398.9,5,1,0,10.69
3990,399,5,0,0,10.7
3991,399.1,5,0,0,10.68
3992,399.2,5,0,0,10.66
3993,399.3,5,0,0,10.67
3994,399.4,5,0,0,10.69
3995,399.5,5,0,0,10.7
3996,399.6,5,0,0,10.64
3997,399.7,5,0,0,10.64
3998,399.8,6,0,0,11.2
3999,399.9,6,0,0,11.19
4000,400,6,0,0,11.19
4001,400.1,7,0,0,11.01
4002,400.2,7,0,0,11.01
4003,400.3,6,1,0,11.19
4004,400.4,6,0,0,11.19
4005,400.5,6,0,0,11.17
4006,400.6,6,0,0,11.19
4007,400.7,6,0,0,11.19
4008,400.8,6,0,0,11.18
4009,400.9,5,1,0,10.95
4010,401,5,0,0,10.98
4011,401.1,5,0,0,10.97
4012,401.2,6,0,0,11.46
4013,401.3,6,0,0,11.44
4014,401.4,6,0,0,11.48
4015,401.5,6,0,0,11.45
4016,401.6,6,0,0,11.43
4017,401.7,6,0,0,11.43
4018,401.8,5,1,0,10.9
4019,401.9,5,0,0,10.86
4020,402,5,0,0,10.86
4021,402.1,6,0,0,11.38
4022,402.2,6,0,0,11.35
4023,402.3,6,0,0,11.31
4024,402.4,6,0,0,11.32
4025,402.5,6,0,0,11.31
4026,402.6,6,0,0,11.28
4027,402.7,6,0,0,11.27
4028,402.8,6,0,0,11.26
4029,402.9,6,0,0,11.24
4030,403,7,0,0,11.46
4031,403.1,6,1,0,11.61
4032,403.2,6,0,0,11.57
4033,403.3,6,0,0,11.54
4034,403.4,6,0,0,11.53
4035,403.5,6,0,0,11.53
4036,403.6,6,0,0,11.5
4037,403.7,6,0,0,11.51
4038,403.8,6,0,0,11.49
4039,403.9,6,0,0,11.5
4040,404,7,0,0,11.61
4041,404.1,7,0,0,11.57
4042,404.2,7,0,0,11.57
4043,404.3,7,0,0,11.56
4044,404.4,7,0,0,11.55
4045,404.5,7,0,0,11.57
4046,404.6,6,1,0,11.43
4047,404.7,5,1,0,11.71
4048,404.8,5,0,0,11.75
4049,404.9,5,0,0,11.84
4050,405,5,0,0,11.9
4051,405.1,5,0,0,11.95
4052,405.2,5,0,0,12.04
4053,405.3,5,0,0,12.14
4054,405.4,5,0,0,12.24
4055,405.5,5,0,0,12.31
4056,405.6,5,1,0,12.19
4057,405.7,5,0,0,12.28
4058,405.8,5,0,0,12.35
4059,405.9,5,0,0,12.45
4060,406,5,0,0,12.49
4061,406.1,6,0,0,12.84
4062,406.2,6,0,0,12.88
4063,406.3,6,0,0,12.94
4064,406.4,6,0,0,13.02
4065,406.5,6,0,0,13.11
4066,406.6,5,1,0,13.09
4067,406.7,5,0,0,13.11
4068,406.8,6,0,0,13.32
4069,406.9,6,0,0,13.4
4070,407,6,0,0,13.44
4071,407.1,6,0,0,13.51
4072,407.2,6,0,0,13.53
4073,407.3,6,0,0,13.55
4074,407.4,5,1,0,13.47
4075,407.5,5,0,0,13.52
4076,407.6,5,0,0,13.52
4077,407.7,5,0,0,13.51
4078,407.8,5,0,0,13.46
4079,407.9,5,0,0,13.49
4080,408,4,1,0,13.37
4081,408.1,4,0,0,13.4
4082,408.2,4,0,0,13.38
4083,408.3,4,0,0,13.37
4084,408.4,4,0,0,13.37
4085,408.5,4,0,0,13.38
4086,408.6,4,0,0,13.38
4087,408.7,4,0,0,13.4
4088,408.8,4,0,0,13.41
4089,408.9,4,0,0,13.38
4090,409,4,0,0,13.38
4091,409.1,4,0,0,13.41
4092,409.2,5,0,0,13.35
4093,409.3,6,0,0,13.47
4094,409.4,5,1,0,13.57
4095,409.5,4,1,0,13.52
4096,409.6,5,0,0,13.57
4097,409.7,5,0,0,13.59
4098,409.8,5,0,0,13.56
4099,409.9,5,0,0,13.6
4100,410,5,0,0,13.55
4101,410.1,5,0,0,13.55
4102,410.2,5,1,0,12.62
4103,410.3,5,0,0,12.64
4104,410.4,5,0,0,12.64
4105,410.5,5,0,0,12.66
4106,410.6,5,0,0,12.68
4107,410.7,5,0,0,12.68
4108,410.8,5,0,0,12.71
4109,410.9,5,0,0,12.73
4110,411,5,0,0,12.76
4111,411.1,5,0,0,12.78
4112,411.2,5,0,0,12.76
4113,411.3,5,0,0,12.77
4114,411.4,5,0,0,12.77
4115,411.5,5,0,0,12.78
4116,411.6,5,0,0,12.81
4117,411.7,5,0,0,12.79
4118,411.8,5,0,0,12.78
4119,411.9,5,0,0,12.77
4120,412,5,0,0,12.76
4121,412.1,5,0,0,12.78
4122,412.2,5,0,0,12.77
4123,412.3,5,0,0,12.81
4124,412.4,6,0,0,12.67
4125,412.5,7,0,0,12.85
4126,412.6,7,0,0,12.86
4127,412.7,7,0,0,12.85
4128,412.8,7,1,0,12.73
4129,412.9,7,0,0,12.72
4130,413,6,1,0,12.7
4131,413.1,5,1,0,12.47
4132,413.2,5,0,0,12.4
4133,413.3,5,0,0,12.39
4134,413.4,5,0,0,12.43
4135,413.5,5,0,0,12.39
4136,413.6,5,0,0,12.38
4137,413.7,5,0,0,12.35
4138,413.8,5,0,0,12.36
4139,413.9,5,0,0,12.32
4140,414,5,0,0,12.34
4141,414.1,5,0,0,12.32
4142,414.2,5,0,0,12.33
4143,414.3,5,0,0,12.29
4144,414.4,5,0,0,12.31
4145,414.5,4,1,0,12.9
4146,414.6,4,0,0,12.91
4147,414.7,4,0,0,12.96
4148,414.8,4,0,0,13.03
4149,414.9,4,0,0,13.06
4150,415,4,0,0,13.14
4151,415.1,4,0,0,13.18
4152,415.2,4,0,0,13.21
4153,415.3,4,1,0,12.85
4154,415.4,4,0,0,12.89
4155,415.5,5,0,0,12.34
4156,415.6,5,0,0,12.38
4157,415.7,5,0,0,12.44
4158,415.8,5,0,0,12.45
4159,415.9,4,1,0,12.49
4160,416,4,0,0,12.45
4161,416.1,5,0,0,12
4162,416.2,5,0,0,11.97
4163,416.3,6,1,0,11.52
4164,416.4,6,0,0,11.47
4165,416.5,6,0,0,11.53
4166,416.6,5,1,0,11.03
4167,416.7,5,0,0,11.08
4168,416.8,5,0,0,11.08
4169,416.9,5,0,0,11.12
4170,417,5,0,0,11.15
4171,417.1,5,0,0,11.16
4172,417.2,5,0,0,11.17
4173,417.3,5,0,0,11.2
4174,417.4,5,0,0,11.2
4175,417.5,5,0,0,11.21
4176,417.6,5,0,0,11.24
4177,417.7,5,0,0,11.26
4178,417.8,5,0,0,11.28
4179,417.9,5,0,0,11.26
4180,418,5,0,0,11.3
4181,418.1,6,0,0,11.74
4182,418.2,6,0,0,11.78
4183,418.3,6,0,0,11.76
4184,418.4,6,0,0,11.76
4185,418.5,5,1,0,11.35
4186,418.6,5,0,0,11.38
4187,418.7,5,1,0,10.52
4188,418.8,5,0,0,10.52
4189,418.9,5,0,0,10.5
4190,419,5,0,0,10.5
4191,419.1,5,0,0,10.54
4192,419.2,5,0,0,10.56
4193,419.3,5,0,0,10.57
4194,419.4,5,0,0,10.6
4195,419.5,5,0,0,10.6
4196,419.6,5,0,0,10.6
4197,419.7,5,0,0,10.57
4198,419.8,5,0,0,10.56
4199,419.9,6,0,0,10.67
4200,420,6,0,0,10.65
4201,420.1,6,0,0,10.66
4202,420.2,5,1,0,10.36
4203,420.3,5,0,0,10.35
4204,420.4,5,0,0,10.36
4205,420.5,5,0,0,10.37
4206,420.6,5,0,0,10.38
4207,420.7,5,0,0,10.42
4208,420.8,5,0,0,10.41
4209,420.9,6,0,0,10.45
4210,421,6,0,0,10.42
4211,421.1,6,0,0,10.44
4212,421.2,6,0,0,10.44
4213,421.3,6,0,0,10.44
4214,421.4,6,0,0,10.46
4215,421.5,6,0,0,10.49
4216,421.6,5,1,0,10.41
4217,421.7,5,0,0,10.42
4218,421.8,6,0,0,10.95
4219,421.9,6,0,0,10.92
4220,422,6,0,0,10.9
4221,422.1,6,0,0,10.91
4222,422.2,6,0,0,10.88
4223,422.3,6,0,0,10.88
4224,422.4,6,0,0,10.86
4225,422.5,6,0,0,10.86
4226,422.6,6,0,0,10.85
4227,422.7,6,0,0,10.83
4228,422.8,6,0,0,10.84
4229,422.9,6,0,0,10.83
4230,423,5,1,0,10.55
4231,423.1,5,0,0,10.54
4232,423.2,5,0,0,10.51
4233,423.3,5,0,0,10.5
4234,423.4,6,0,0,10.91
4235,423.5,6,0,0,10.88
4236,423.6,6,0,0,10.87
4237,423.7,7,0,0,11.3
4238,423.8,7,0,0,11.29
4239,423.9,7,0,0,11.28
4240,424,7,0,0,11.29
4241,424.1,7,0,0,11.28
4242,424.2,7,0,0,11.27
4243,424.3,5,2,0,10.79
4244,424.4,5,0,0,10.78
4245,424.5,5,0,0,10.78
4246,424.6,5,0,0,10.76
4247,424.7,5,0,0,10.73
4248,424.8,5,0,0,10.74
4249,424.9,5,0,0,10.76
4250,425,6,0,0,11.27
4251,425.1,6,0,0,11.26
4252,425.2,6,0,0,11.26
4253,425.3,6,0,0,11.24
4254,425.4,6,0,0,11.24
4255,425.5,6,0,0,11.24
4256,425.6,6,0,0,11.22
4257,425.7,6,0,0,11.22
4258,425.8,6,0,0,11.2
4259,425.9,6,0,0,11.22
4260,426,6,0,0,11.21
4261,426.1,6,0,0,11.22
4262,426.2,6,0,0,11.21
4263,426.3,6,0,0,11.22
4264,426.4,6,0,0,11.19
4265,426.5,6,0,0,11.19
4266,426.6,7,0,0,11.6
4267,426.7,7,0,0,11.57
4268,426.8,7,0,0,11.59
4269,426.9,7,0,0,11.59
4270,427,8,0,0,11.88
4271,427.1,8,0,0,11.85
4272,427.2,6,2,0,11.38
4273,427.3,6,0,0,11.37
4274,427.4,6,0,0,11.36
4275,427.5,6,0,0,11.35
4276,427.6,6,0,0,11.38
4277,427.7,5,1,0,11.65
4278,427.8,5,0,0,11.68
4279,427.9,5,0,0,11.75
4280,428,5,0,0,11.81
4281,428.1,6,0,0,12.18
4282,428.2,6,0,0,12.22
4283,428.3,6,0,0,12.26
4284,428.4,6,0,0,12.35
4285,428.5,6,0,0,12.41
4286,428.6,6,0,0,12.5
4287,428.7,6,0,0,12.58
4288,428.8,6,0,0,12.65
4289,428.9,6,0,0,12.78
4290,429,6,0,0,12.82
4291,429.1,6,0,0,12.92
4292,429.2,6,0,0,13.04
4293,429.3,6,0,0,13.14
4294,429.4,7,0,0,13.29
4295,429.5,7,0,0,13.37
4296,429.6,6,1,0,13.41
4297,429.7,6,0,0,13.45
4298,429.8,6,0,0,13.49
4299,429.9,6,0,0,13.53
4300,430,5,1,0,13.56
4301,430.1,5,0,0,13.65
4302,430.2,5,0,0,13.73
4303,430.3,5,0,0,13.75
4304,430.4,5,0,0,13.78
4305,430.5,5,1,0,13.83
4306,430.6,5,0,0,13.79
4307,430.7,5,0,0,13.79
4308,430.8,5,0,0,13.78
4309,430.9,5,0,0,13.81
4310,431,4,1,0,13.79
4311,431.1,4,0,0,13.8
4312,431.2,4,0,0,13.84
4313,431.3,5,0,0,13.49
4314,431.4,5,0,0,13.5
4315,431.5,5,0,0,13.5
4316,431.6,5,0,0,13.48
4317,431.7,5,0,0,13.5
4318,431.8,5,0,0,13.48
4319,431.9,5,0,0,13.48
4320,432,5,0,0,13.48
4321,432.1,6,0,0,12.9
4322,432.2,6,0,0,12.92
4323,432.3,6,1,0,13.42
4324,432.4,5,1,0,13.31
4325,432.5,5,0,0,13.32
4326,432.6,5,0,0,13.3
4327,432.7,5,0,0,13.32
4328,432.8,5,0,0,13.32
4329,432.9,4,1,0,13.39
4330,433,4,0,0,13.42
4331,433.1,4,0,0,13.39
4332,433.2,4,0,0,13.37
4333,433.3,4,0,0,13.39
4334,433.4,4,0,0,13.36
4335,433.5,4,0,0,13.39
4336,433.6,4,0,0,13.39
4337,433.7,4,0,0,13.36
4338,433.8,4,0,0,13.4
4339,433.9,4,0,0,13.38
4340,434,3,1,0,13.22
4341,434.1,4,0,0,13.43
4342,434.2,3,1,0,13.2
4343,434.3,3,0,0,13.19
4344,434.4,4,0,0,13.43
4345,434.5,4,0,0,13.36
4346,434.6,4,0,0,13.39
4347,434.7,4,0,0,13.38
4348,434.8,4,0,0,13.39
4349,434.9,4,0,0,13.39
4350,435,5,0,0,13.52
4351,435.1,5,0,0,13.48
4352,435.2,5,0,0,13.51
4353,435.3,5,0,0,13.52
4354,435.4,5,0,0,13.51
4355,435.5,5,0,0,13.5
4356,435.6,4,1,0,13.41
4357,435.7,4,0,0,13.39
4358,435.8,4,0,0,13.4
4359,435.9,4,0,0,13.39
4360,436,4,0,0,13.38
4361,436.1,4,0,0,13.44
4362,436.2,4,0,0,13.38
4363,436.3,4,0,0,13.41
4364,436.4,4,0,0,13.38
4365,436.5,4,0,0,13.43
4366,436.6,4,0,0,13.37
4367,436.7,4,0,0,13.4
4368,436.8,4,0,0,13.36
4369,436.9,4,0,0,13.41
4370,437,4,0,0,13.4
4371,437.1,4,0,0,13.41
4372,437.2,4,0,0,13.4
4373,437.3,4,0,0,13.37
4374,437.4,4,0,0,13.39
4375,437.5,3,1,0,13.31
4376,437.6,3,1,0,13.09
4377,437.7,4,0,0,13.24
4378,437.8,4,0,0,13.21
4379,437.9,5,0,0,13.33
4380,438,5,0,0,13.3
4381,438.1,5,0,0,13.31
4382,438.2,5,0,0,13.29
4383,438.3,5,0,0,13.28
4384,438.4,5,0,0,13.29
4385,438.5,4,1,0,13.18
4386,438.6,5,0,0,12.42
4387,438.7,5,0,0,12.4
4388,438.8,5,0,0,12.41
4389,438.9,5,0,0,12.45
4390,439,5,0,0,12.45
4391,439.1,5,0,0,12.5
4392,439.2,5,0,0,12.48
4393,439.3,5,0,0,12.5
4394,439.4,5,0,0,12.55
4395,439.5,5,0,0,12.56
4396,439.6,5,0,0,12.57
4397,439.7,5,0,0,12.57
4398,439.8,5,0,0,12.54
4399,439.9,5,0,0,12.54
4400,440,5,0,0,12.57
4401,440.1,5,0,0,12.54
4402,440.2,5,0,0,12.56
4403,440.3,5,0,0,12.52
4404,440.4,5,0,0,12.55
4405,440.5,5,0,0,12.53
4406,440.6,5,0,0,12.51
4407,440.7,7,0,0,12.38
4408,440.8,7,0,0,12.36
4409,440.9,7,0,0,12.34
4410,441,7,0,0,12.35
4411,441.1,7,0,0,12.35
4412,441.2,7,1,0,12.4
4413,441.3,6,1,0,12.27
4414,441.4,6,0,0,12.24
4415,441.5,6,0,0,12.23
4416,441.6,6,0,0,12.2
4417,441.7,6,0,0,12.2
4418,441.8,6,0,0,12.23
4419,441.9,5,1,0,12.23
4420,442,5,0,0,12.26
4421,442.1,5,0,0,12.31
4422,442.2,5,0,0,12.33
4423,442.3,5,0,0,12.34
4424,442.4,5,0,0,12.33
4425,442.5,5,0,0,12.35
4426,442.6,5,0,0,12.35
4427,442.7,5,0,0,12.31
4428,442.8,5,0,0,12.31
4429,442.9,5,0,0,12.34
4430,443,5,0,0,12.3
4431,443.1,5,0,0,12.32
4432,443.2,5,0,0,12.3
4433,443.3,5,0,0,12.32
4434,443.4,5,0,0,12.31
4435,443.5,6,0,0,12.61
4436,443.6,5,1,0,12.3
4437,443.7,5,0,0,12.27
4438,443.8,5,0,0,12.3
4439,443.9,6,0,0,12.55
4440,444,6,0,0,12.53
4441,444.1,5,1,0,12.24
4442,444.2,5,0,0,12.23
4443,444.3,5,0,0,12.23
4444,444.4,5,0,0,12.23
4445,444.5,5,0,0,12.21
4446,444.6,5,0,0,12.23
4447,444.7,4,1,0,11.8
4448,444.8,5,0,0,12.17
4449,444.9,5,0,0,12.16
4450,445,5,0,0,12.15
4451,445.1,5,0,0,12.12
4452,445.2,5,0,0,12.14
4453,445.3,5,0,0,12.12
4454,445.4,5,0,0,12.11
4455,445.5,5,0,0,12.08
4456,445.6,5,0,0,12.06
4457,445.7,5,0,0,12.05
4458,445.8,5,0,0,12.03
4459,445.9,5,0,0,12.01
4460,446,5,0,0,11.96
4461,446.1,5,0,0,11.95
4462,446.2,5,0,0,11.99
4463,446.3,6,0,0,12.29
4464,446.4,6,0,0,12.25
4465,446.5,6,0,0,12.26
4466,446.6,6,0,0,12.23
4467,446.7,6,0,0,12.21
4468,446.8,6,0,0,12.21
4469,446.9,5,1,0,11.86
4470,447,6,0,0,12.21
4471,447.1,6,0,0,12.21
4472,447.2,6,0,0,12.16
4473,447.3,5,1,0,11.94
4474,447.4,5,0,0,11.93
4475,447.5,5,0,0,11.88
4476,447.6,5,0,0,11.89
4477,447.7,5,0,0,11.91
4478,447.8,5,0,0,11.88
4479,447.9,5,0,0,11.88
4480,448,5,0,0,11.83
4481,448.1,6,0,0,11.52
4482,448.2,6,0,0,11.51
4483,448.3,6,1,0,12.21
4484,448.4,5,1,0,11.9
4485,448.5,5,0,0,11.88
4486,448.6,5,0,0,11.87
4487,448.7,5,0,0,11.87
4488,448.8,5,0,0,11.87
4489,448.9,5,0,0,11.83
4490,449,5,0,0,11.85
4491,449.1,5,0,0,11.81
4492,449.2,6,0,0,12.04
4493,449.3,6,0,0,12.01
4494,449.4,6,0,0,12.02
4495,449.5,6,0,0,12.02
4496,449.6,6,0,0,11.99
4497,449.7,6,0,0,12.01
4498,449.8,5,1,0,11.78
4499,449.9,5,0,0,11.78
4500,450,5,0,0,11.75
4501,450.1,6,0,0,11.49
4502,450.2,7,0,0,11.84
4503,450.3,7,0,0,11.81
4504,450.4,7,0,0,11.8
4505,450.5,7,0,0,11.79
4506,450.6,7,0,0,11.81
4507,450.7,7,0,0,11.78
4508,450.8,7,0,0,11.77
4509,450.9,6,1,0,12.06
4510,451,6,0,0,12.1
4511,451.1,6,0,0,12.14
4512,451.2,6,0,0,12.21
4513,451.3,6,0,0,12.25
4514,451.4,6,0,0,12.29
4515,451.5,6,0,0,12.34
4516,451.6,6,0,0,12.37
4517,451.7,6,0,0,12.42
4518,451.8,5,1,0,12.19
4519,451.9,6,0,0,11.93
4520,452,7,0,0,12.26
4521,452.1,7,0,0,12.28
4522,452.2,7,0,0,12.3
4523,452.3,7,0,0,12.38
4524,452.4,7,0,0,12.43
4525,452.5,7,0,0,12.48
4526,452.6,6,1,0,12.28
4527,452.7,6,0,0,12.36
4528,452.8,5,1,0,12.2
4529,452.9,5,0,0,12.24
4530,453,5,0,0,12.31
4531,453.1,5,0,0,12.31
4532,453.2,5,0,0,12.32
4533,453.3,6,0,0,12.62
4534,453.4,6,0,0,12.63
4535,453.5,6,0,0,12.58
4536,453.6,6,0,0,12.59
4537,453.7,6,0,0,12.6
4538,453.8,6,0,0,12.59
4539,453.9,6,0,0,12.61
4540,454,6,0,0,12.59
4541,454.1,6,0,0,12.57
4542,454.2,6,0,0,12.59
4543,454.3,5,1,0,12.39
4544,454.4,4,1,0,12.94
4545,454.5,4,0,0,13.01
4546,454.6,4,0,0,13.05
4547,454.7,4,0,0,13.12
4548,454.8,5,0,0,12.89
4549,454.9,5,0,0,12.93
4550,455,5,0,0,12.96
4551,455.1,5,0,0,13.02
4552,455.2,5,0,0,13.07
4553,455.3,5,0,0,13.1
4554,455.4,6,0,0,13.31
4555,455.5,5,1,0,13.61
4556,455.6,5,0,0,13.65
4557,455.7,5,0,0,13.69
4558,455.8,5,0,0,13.73
4559,455.9,5,0,0,13.8
4560,456,5,0,0,13.86
4561,456.1,5,0,0,13.84
4562,456.2,4,1,0,13.86
4563,456.3,3,1,0,13.93
4564,456.4,3,0,0,13.93
4565,456.5,4,0,0,13.64
4566,456.6,4,0,0,13.7
4567,456.7,4,0,0,13.69
4568,456.8,4,0,0,13.63
4569,456.9,4,0,0,13.64
4570,457,4,0,0,13.65
4571,457.1,4,0,0,13.69
4572,457.2,4,0,0,13.67
4573,457.3,4,0,0,13.63
4574,457.4,4,0,0,13.68
4575,457.5,4,0,0,13.66
4576,457.6,5,0,0,13.75
4577,457.7,5,0,0,13.7
4578,457.8,5,0,0,13.71
4579,457.9,5,0,0,13.73
4580,458,5,0,0,13.74
4581,458.1,5,0,0,13.72
4582,458.2,4,1,0,13.65
4583,458.3,4,0,0,13.66
4584,458.4,4,0,0,13.63
4585,458.5,4,0,0,13.66
4586,458.6,4,0,0,13.63
4587,458.7,4,0,0,13.66
4588,458.8,4,0,0,13.63
4589,458.9,3,1,0,13.54
4590,459,4,0,0,13.67
4591,459.1,4,0,0,13.65
4592,459.2,4,0,0,13.63
4593,459.3,4,0,0,13.68
4594,459.4,3,1,0,13.58
4595,459.5,3,0,0,13.59
4596,459.6,4,0,0,13.68
4597,459.7,4,0,0,13.66
4598,459.8,4,0,0,13.67
4599,459.9,4,0,0,13.66
4600,460,4,0,0,13.66
4601,460.1,4,0,0,13.68
4602,460.2,4,0,0,13.63
4603,460.3,4,0,0,13.67
4604,460.4,4,0,0,13.69
4605,460.5,5,0,0,13.48
4606,460.6,5,0,0,13.44
4607,460.7,5,0,0,13.46
4608,460.8,5,0,0,13.48
4609,460.9,5,0,0,13.49
4610,461,5,0,0,13.46
4611,461.1,4,1,0,13.65
4612,461.2,4,0,0,13.66
4613,461.3,4,0,0,13.67
4614,461.4,4,0,0,13.64
4615,461.5,4,0,0,13.63
4616,461.6,4,0,0,13.68
4617,461.7,5,0,0,12.94
4618,461.8,5,0,0,12.94
4619,461.9,5,0,0,12.91
4620,462,5,0,0,12.91
4621,462.1,5,0,0,12.91
4622,462.2,5,0,0,12.9
4623,462.3,5,0,0,12.93
4624,462.4,5,0,0,12.9
4625,462.5,3,2,0,12.24
4626,462.6,4,0,0,12.48
4627,462.7,4,0,0,12.47
4628,462.8,5,0,0,11.55
4629,462.9,5,0,0,11.55
4630,463,5,0,0,11.59
4631,463.1,5,0,0,11.57
4632,463.2,5,0,0,11.6
4633,463.3,6,0,0,12.01
4634,463.4,6,0,0,12
4635,463.5,6,0,0,12.03
4636,463.6,6,0,0,12.04
4637,463.7,6,0,0,12.03
4638,463.8,6,0,0,12.06
4639,463.9,5,1,0,11.7
4640,464,5,0,0,11.71
4641,464.1,6,0,0,11.42
4642,464.2,6,0,0,11.42
4643,464.3,5,1,0,11.74
4644,464.4,5,0,0,11.76
4645,464.5,5,0,0,11.74
4646,464.6,5,0,0,11.75
4647,464.7,5,0,0,11.73
4648,464.8,5,0,0,11.77
4649,464.9,5,0,0,11.76
4650,465,5,0,0,11.78
4651,465.1,5,0,0,11.76
4652,465.2,5,0,0,11.78
4653,465.3,5,0,0,11.79
4654,465.4,5,0,0,11.84
4655,465.5,5,0,0,11.83
4656,465.6,5,0,0,11.82
4657,465.7,5,0,0,11.82
4658,465.8,5,0,0,11.83
4659,465.9,6,0,0,11.49
4660,466,6,0,0,11.44
4661,466.1,8,0,0,12.1
4662,466.2,7,1,0,11.93
4663,466.3,7,0,0,11.93
4664,466.4,7,0,0,11.92
4665,466.5,6,1,0,11.76
4666,466.6,6,0,0,11.76
4667,466.7,5,1,0,11.37
4668,466.8,5,0,0,11.34
4669,466.9,5,0,0,11.36
4670,467,5,0,0,11.37
4671,467.1,5,0,0,11.39
4672,467.2,5,0,0,11.38
4673,467.3,5,0,0,11.38
4674,467.4,5,0,0,11.38
4675,467.5,5,0,0,11.39
4676,467.6,5,0,0,11.37
4677,467.7,5,0,0,11.39
4678,467.8,5,0,0,11.39
4679,467.9,5,0,0,11.39
4680,468,5,0,0,11.38
4681,468.1,5,0,0,11.39
4682,468.2,5,0,0,11.4
4683,468.3,5,0,0,11.44
4684,468.4,5,0,0,11.42
4685,468.5,5,0,0,11.42
4686,468.6,5,0,0,11.41
4687,468.7,5,0,0,11.42
4688,468.8,4,1,0,10.78
4689,468.9,5,0,0,11.42
4690,469,5,0,0,11.38
4691,469.1,6,0,0,11.75
4692,469.2,6,0,0,11.76
4693,469.3,6,0,0,11.78
4694,469.4,6,0,0,11.73
4695,469.5,5,1,0,11.26
4696,469.6,4,1,0,10.59
4697,469.7,5,0,0,11.25
4698,469.8,5,0,0,11.22
4699,469.9,5,0,0,11.22
4700,470,5,0,0,11.2
4701,470.1,5,0,0,11.14
4702,470.2,5,0,0,11.13
4703,470.3,5,0,0,11.14
4704,470.4,5,0,0,11.15
4705,470.5,5,0,0,11.11
4706,470.6,5,0,0,11.09
4707,470.7,5,0,0,11.08
4708,470.8,5,0,0,11.05
4709,470.9,5,0,0,11.04
4710,471,5,0,0,11.04
4711,471.1,5,0,0,11.01
4712,471.2,5,0,0,11.03
4713,471.3,5,0,0,11.01
4714,471.4,5,0,0,11
4715,471.5,5,0,0,10.96
4716,471.6,5,0,0,10.97
4717,471.7,5,0,0,10.96
4718,471.8,6,0,0,11.47
4719,471.9,6,0,0,11.41
4720,472,6,0,0,11.42
4721,472.1,6,0,0,11.39
4722,472.2,7,0,0,11.77
4723,472.3,7,0,0,11.78
4724,472.4,6,1,0,11.43
4725,472.5,6,0,0,11.4
4726,472.6,6,0,0,11.39
4727,472.7,6,0,0,11.39
4728,472.8,6,0,0,11.34
4729,472.9,6,0,0,11.37
4730,473,6,0,0,11.33
4731,473.1,6,0,0,11.35
4732,473.2,6,1,0,11.16
4733,473.3,6,0,0,11.11
4734,473.4,6,0,0,11.11
4735,473.5,6,0,0,11.13
4736,473.6,6,0,0,11.1
4737,473.7,6,0,0,11.11
4738,473.8,6,0,0,11.09
4739,473.9,5,1,0,11.3
4740,474,5,0,0,11.33
4741,474.1,5,0,0,11.36
4742,474.2,5,0,0,11.41
4743,474.3,5,0,0,11.43
4744,474.4,5,0,0,11.5
4745,474.5,5,0,0,11.54
4746,474.6,6,0,0,11.71
4747,474.7,6,0,0,11.73
4748,474.8,6,0,0,11.72
4749,474.9,6,0,0,11.74
4750,475,6,0,0,11.77
4751,475.1,6,0,0,11.74
4752,475.2,5,1,0,11.58
4753,475.3,6,0,0,11.8
4754,475.4,6,0,0,11.79
4755,475.5,6,0,0,11.83
4756,475.6,6,0,0,11.86
4757,475.7,6,0,0,11.84
4758,475.8,5,1,0,11.54
4759,475.9,5,0,0,11.54
4760,476,5,0,0,11.51
4761,476.1,5,0,0,11.51
4762,476.2,5,0,0,11.5
4763,476.3,5,0,0,11.45
4764,476.4,5,0,0,11.42
4765,476.5,5,0,0,11.4
4766,476.6,5,0,0,11.4
4767,476.7,5,0,0,11.4
4768,476.8,6,0,0,11.83
4769,476.9,6,0,0,11.78
4770,477,5,1,0,11.63
4771,477.1,5,0,0,11.6
4772,477.2,5,0,0,11.6
4773,477.3,5,0,0,11.56
4774,477.4,6,0,0,11.95
4775,477.5,6,0,0,11.92
4776,477.6,6,0,0,11.92
4777,477.7,6,0,0,11.88
4778,477.8,6,0,0,11.91
4779,477.9,6,0,0,11.89
4780,478,5,1,0,11.43
4781,478.1,5,0,0,11.46
4782,478.2,5,0,0,11.43
4783,478.3,5,0,0,11.45
4784,478.4,5,0,0,11.4
4785,478.5,6,0,0,11.83
4786,478.6,6,0,0,11.84
4787,478.7,6,0,0,11.82
4788,478.8,6,0,0,11.81
4789,478.9,6,0,0,11.8
4790,479,6,0,0,11.83
4791,479.1,6,0,0,11.79
4792,479.2,6,0,0,11.76
4793,479.3,5,1,0,12.18
4794,479.4,5,0,0,12.27
4795,479.5,5,0,0,12.32
4796,479.6,5,0,0,12.37
4797,479.7,5,0,0,12.44
4798,479.8,5,0,0,12.5
4799,479.9,5,0,0,12.53
4800,480,5,0,0,12.61
4801,480.1,6,0,0,12.24
4802,480.2,6,0,0,12.3
4803,480.3,6,2,0,12.63
4804,480.4,6,0,0,12.67
4805,480.5,6,0,0,12.76
4806,480.6,6,0,0,12.78
4807,480.7,6,0,0,12.86
4808,480.8,5,1,0,12.91
4809,480.9,4,1,0,13.22
4810,481,4,0,0,13.27
4811,481.1,4,0,0,13.29
4812,481.2,4,0,0,13.38
4813,481.3,4,0,0,13.42
4814,481.4,4,0,0,13.46
4815,481.5,4,0,0,13.52
4816,481.6,5,0,0,13.5
4817,481.7,5,0,0,13.5
4818,481.8,5,0,0,13.48
4819,481.9,5,0,0,13.49
4820,482,5,0,0,13.5
4821,482.1,5,0,0,13.49
4822,482.2,5,0,0,13.49
4823,482.3,4,1,0,13.36
4824,482.4,4,0,0,13.37
4825,482.5,4,0,0,13.38
4826,482.6,4,0,0,13.42
4827,482.7,4,0,0,13.4
4828,482.8,4,0,0,13.38
4829,482.9,4,0,0,13.4
4830,483,4,0,0,13.38
4831,483.1,5,0,0,13.5
4832,483.2,5,0,0,13.5
4833,483.3,5,0,0,13.49
4834,483.4,5,0,0,13.48
4835,483.5,5,0,0,13.5
4836,483.6,5,0,0,13.51
4837,483.7,4,1,0,13.41
4838,483.8,4,0,0,13.4
4839,483.9,4,1,0,13.48
4840,484,4,0,0,13.42
4841,484.1,4,0,0,13.45
4842,484.2,4,0,0,13.45
4843,484.3,4,0,0,13.46
4844,484.4,4,0,0,13.44
4845,484.5,4,0,0,13.45
4846,484.6,4,0,0,13.48
4847,484.7,4,0,0,13.44
4848,484.8,5,0,0,13.55
4849,484.9,5,0,0,13.52
4850,485,5,0,0,13.52
4851,485.1,5,0,0,13.56
4852,485.2,5,0,0,13.53
4853,485.3,5,0,0,13.54
4854,485.4,4,1,0,13.78
4855,485.5,4,0,0,13.77
4856,485.6,4,0,0,13.76
4857,485.7,5,0,0,12.92
4858,485.8,5,0,0,12.92
4859,485.9,6,0,0,13.08
4860,486,6,0,0,13.08
4861,486.1,6,0,0,13.09
4862,486.2,6,0,0,13.11
4863,486.3,6,0,0,13.12
4864,486.4,6,0,0,13.12
4865,486.5,5,1,0,13.02
4866,486.6,5,0,0,13.02
4867,486.7,5,0,0,12.98
4868,486.8,5,0,0,12.98
4869,486.9,5,0,0,12.97
4870,487,5,0,0,13
4871,487.1,5,0,0,12.99
4872,487.2,5,0,0,13.01
4873,487.3,5,0,0,13.01
4874,487.4,4,1,0,12.84
4875,487.5,5,0,0,13.04
4876,487.6,5,0,0,13.05
4877,487.7,4,1,0,12.81
4878,487.8,4,0,0,12.83
4879,487.9,5,0,0,12.56
4880,488,5,0,0,12.52
4881,488.1,5,0,0,12.54
4882,488.2,5,0,0,12.51
4883,488.3,5,0,0,12.48
4884,488.4,5,0,0,12.51
4885,488.5,5,0,0,12.49
4886,488.6,5,0,0,12.46
4887,488.7,6,0,0,12.64
4888,488.8,6,0,0,12.63
4889,488.9,6,0,0,12.61
4890,489,6,0,0,12.61
4891,489.1,6,0,0,12.6
4892,489.2,6,0,0,12.61
4893,489.3,5,1,0,12.45
4894,489.4,5,0,0,12.44
4895,489.5,5,0,0,12.41
4896,489.6,5,0,0,12.43
4897,489.7,5,0,0,12.39
4898,489.8,5,0,0,12.42
4899,489.9,5,0,0,12.41
4900,490,5,0,0,12.39
4901,490.1,5,0,0,12.37
4902,490.2,5,0,0,12.39
4903,490.3,5,0,0,12.38
4904,490.4,5,0,0,12.39
4905,490.5,5,0,0,12.37
4906,490.6,5,0,0,12.36
4907,490.7,5,0,0,12.38
4908,490.8,5,0,0,12.38
4909,490.9,5,0,0,12.39
4910,491,5,1,0,12.34
4911,491.1,5,1,0,12.44
4912,491.2,5,0,0,12.42
4913,491.3,5,0,0,12.39
4914,491.4,5,0,0,12.41
4915,491.5,6,0,0,12.52
4916,491.6,6,0,0,12.51
4917,491.7,6,0,0,12.49
4918,491.8,6,0,0,12.48
4919,491.9,6,0,0,12.49
4920,492,7,0,0,12.11
4921,492.1,6,1,0,11.97
4922,492.2,6,0,0,11.96
4923,492.3,6,0,0,11.96
4924,492.4,6,0,0,11.98
4925,492.5,6,0,0,11.98
4926,492.6,6,0,0,11.93
4927,492.7,6,0,0,11.92
4928,492.8,6,0,0,11.9
4929,492.9,6,0,0,11.91
4930,493,6,0,0,11.86
4931,493.1,6,0,0,11.85
4932,493.2,6,0,0,11.84
4933,493.3,6,0,0,11.84
4934,493.4,6,0,0,11.81
4935,493.5,6,0,0,11.8
4936,493.6,6,0,0,11.78
4937,493.7,6,0,0,11.79
4938,493.8,6,0,0,11.75
4939,493.9,6,0,0,11.75
4940,494,5,1,0,11.3
4941,494.1,5,0,0,11.26
4942,494.2,6,0,0,11.34
4943,494.3,7,0,0,11.55
4944,494.4,7,0,0,11.54
4945,494.5,6,1,0,11.16
4946,494.6,7,0,0,11.35
4947,494.7,7,0,0,11.32
4948,494.8,7,0,0,11.32
4949,494.9,6,1,0,11.05
4950,495,6,0,0,11.01
4951,495.1,6,0,0,11
4952,495.2,6,0,0,10.97
4953,495.3,6,0,0,10.98
4954,495.4,6,0,0,10.93
4955,495.5,6,0,0,10.91
4956,495.6,6,0,0,10.92
4957,495.7,6,0,0,10.9
4958,495.8,6,0,0,10.87
4959,495.9,6,0,0,10.85
4960,496,6,0,0,10.82
4961,496.1,7,0,0,10.7
4962,496.2,7,0,0,10.68
4963,496.3,5,2,0,10.95
4964,496.4,5,0,0,10.98
4965,496.5,5,0,0,11.03
4966,496.6,5,0,0,11.04
4967,496.7,5,0,0,11.07
4968,496.8,5,0,0,11.09
4969,496.9,5,0,0,11.12
4970,497,5,0,0,11.14
4971,497.1,5,0,0,11.16
4972,497.2,6,0,0,11.67
4973,497.3,6,0,0,11.7
4974,497.4,7,0,0,12.02
4975,497.5,7,0,0,12.06
4976,497.6,7,0,0,12.03
4977,497.7,7,0,0,12.07
4978,497.8,6,1,0,11.76
4979,497.9,5,1,0,12.08
4980,498,5,0,0,12.13
4981,498.1,6,0,0,12.27
4982,498.2,6,0,0,12.3
4983,498.3,6,0,0,12.34
4984,498.4,5,1,0,12.1
4985,498.5,5,0,0,12.17
4986,498.6,5,0,0,12.2
4987,498.7,5,0,0,12.26
4988,498.8,5,0,0,12.36
4989,498.9,5,0,0,12.42
4990,499,5,0,0,12.46
4991,499.1,5,0,0,12.52
4992,499.2,5,0,0,12.61
4993,499.3,5,0,0,12.63
4994,499.4,5,0,0,12.7
4995,499.5,5,0,0,12.76
4996,499.6,5,0,0,12.89
4997,499.7,5,0,0,12.93
4998,499.8,5,0,0,12.94
4999,499.9,4,1,0,12.82
5000,500,5,0,0,13.14
5001,500.1,5,0,0,13.13
5002,500.2,5,0,0,13.17
5003,500.3,5,0,0,13.18
5004,500.4,5,0,0,13.18
5005,500.5,6,0,0,13.34
5006,500.6,5,1,0,13.17
5007,500.7,5,0,0,13.17
5008,500.8,5,0,0,13.17
5009,500.9,5,0,0,13.21
5010,501,5,0,0,13.18
5011,501.1,5,0,0,13.21
5012,501.2,5,0,0,13.16
5013,501.3,4,1,0,12.99
5014,501.4,4,0,0,13.01
5015,501.5,4,0,0,13.04
5016,501.6,4,0,0,12.99
5017,501.7,5,0,0,13.11
5018,501.8,5,0,0,13.13
5019,501.9,5,0,0,13.13
5020,502,4,1,0,13.26
5021,502.1,4,0,0,13.27
5022,502.2,4,0,0,13.27
5023,502.3,4,0,0,13.21
5024,502.4,4,0,0,13.23
5025,502.5,4,0,0,13.2
5026,502.6,4,0,0,13.2
5027,502.7,4,0,0,13.25
5028,502.8,5,0,0,13.35
5029,502.9,5,0,0,13.3
5030,503,5,0,0,13.28
5031,503.1,5,0,0,13.29
5032,503.2,5,0,0,13.26
5033,503.3,5,0,0,13.29
5034,503.4,4,1,0,13.17
5035,503.5,4,0,0,13.14
5036,503.6,4,0,0,13.11
5037,503.7,5,0,0,13.26
5038,503.8,5,0,0,13.25
5039,503.9,5,0,0,13.25
5040,504,5,0,0,13.24
5041,504.1,5,0,0,13.22
5042,504.2,5,0,0,13.25
5043,504.3,5,0,0,13.22
5044,504.4,5,0,0,13.24
5045,504.5,5,0,0,13.24
5046,504.6,5,0,0,13.2
5047,504.7,5,0,0,13.22
5048,504.8,5,0,0,13.19
5049,504.9,5,0,0,13.17
5050,505,5,0,0,13.18
5051,505.1,4,1,0,13.53
5052,505.2,5,0,0,13.54
5053,505.3,4,1,0,13.51
5054,505.4,4,0,0,13.58
5055,505.5,4,0,0,13.65
5056,505.6,5,0,0,13.62
5057,505.7,5,0,0,13.66
5058,505.8,5,0,0,13.69
5059,505.9,5,0,0,13.69
5060,506,5,0,0,13.67
5061,506.1,5,0,0,13.68
5062,506.2,4,1,0,13.74
5063,506.3,4,0,0,13.77
5064,506.4,4,0,0,13.77
5065,506.5,4,0,0,13.78
5066,506.6,4,0,0,13.75
5067,506.7,3,1,0,13.68
5068,506.8,4,0,0,13.36
5069,506.9,4,0,0,13.32
5070,507,4,0,0,13.32
5071,507.1,4,0,0,13.32
5072,507.2,4,0,0,13.31
5073,507.3,4,0,0,13.33
5074,507.4,4,0,0,13.33
5075,507.5,4,0,0,13.33
5076,507.6,4,0,0,13.33
5077,507.7,4,0,0,13.34
5078,507.8,4,0,0,13.31
5079,507.9,5,0,0,12.36
5080,508,5,0,0,12.36
5081,508.1,5,0,0,12.38
5082,508.2,5,0,0,12.42
5083,508.3,5,0,0,12.41
5084,508.4,5,0,0,12.44
5085,508.5,6,0,0,12.32
5086,508.6,6,0,0,12.33
5087,508.7,6,0,0,12.33
5088,508.8,6,1,0,12.24
5089,508.9,6,0,0,12.25
5090,509,6,0,0,12.25
5091,509.1,6,0,0,12.32
5092,509.2,5,1,0,12.41
5093,509.3,5,0,0,12.44
5094,509.4,5,0,0,12.48
5095,509.5,5,0,0,12.48
5096,509.6,5,0,0,12.46
5097,509.7,4,1,0,12.14
5098,509.8,4,0,0,12.13
5099,509.9,4,0,0,12.16
5100,510,5,0,0,11.89
5101,510.1,5,0,0,11.86
5102,510.2,5,0,0,11.85
5103,510.3,5,0,0,11.84
5104,510.4,5,0,0,11.87
5105,510.5,5,0,0,11.85
5106,510.6,5,0,0,11.82
5107,510.7,5,0,0,11.86
5108,510.8,5,0,0,11.82
5109,510.9,5,0,0,11.82
5110,511,5,0,0,11.8
5111,511.1,5,0,0,11.84
5112,511.2,5,0,0,11.84
5113,511.3,6,0,0,12.16
5114,511.4,6,0,0,12.14
5115,511.5,6,0,0,12.14
5116,511.6,6,0,0,12.18
5117,511.7,6,0,0,12.13
5118,511.8,6,0,0,12.13
5119,511.9,5,1,0,11.78
5120,512,5,0,0,11.79
5121,512.1,6,0,0,11.49
5122,512.2,6,0,0,11.48
5123,512.3,5,1,0,11.8
5124,512.4,6,0,0,12.1
5125,512.5,6,0,0,12.09
5126,512.6,6,0,0,12.09
5127,512.7,5,1,0,12.01
5128,512.8,5,0,0,12.02
5129,512.9,4,1,0,11.52
5130,513,4,0,0,11.53
5131,513.1,5,0,0,11.81
5132,513.2,5,0,0,11.81
5133,513.3,5,0,0,11.78
5134,513.4,5,0,0,11.81
5135,513.5,5,0,0,11.78
5136,513.6,5,0,0,11.79
5137,513.7,5,0,0,11.8
5138,513.8,5,0,0,11.79
5139,513.9,5,0,0,11.79
5140,514,5,0,0,11.78
5141,514.1,6,0,0,12.16
5142,514.2,6,0,0,12.14
5143,514.3,6,0,0,12.11
5144,514.4,6,0,0,12.12
5145,514.5,6,0,0,12.11
5146,514.6,6,0,0,12.15
5147,514.7,5,1,0,11.74
5148,514.8,5,0,0,11.77
5149,514.9,5,0,0,11.75
5150,515,5,0,0,11.78
5151,515.1,5,0,0,11.75
5152,515.2,5,0,0,11.78
5153,515.3,5,0,0,11.77
5154,515.4,5,0,0,11.74
5155,515.5,5,0,0,11.73
5156,515.6,5,0,0,11.7
5157,515.7,5,0,0,11.66
5158,515.8,5,0,0,11.69
5159,515.9,5,1,0,11.56
5160,516,5,0,0,11.55
5161,516.1,5,0,0,11.52
5162,516.2,5,0,0,11.51
5163,516.3,6,0,0,11.89
5164,516.4,6,0,0,11.88
5165,516.5,6,0,0,11.87
5166,516.6,6,0,0,11.84
5167,516.7,6,0,0,11.84
5168,516.8,6,0,0,11.85
5169,516.9,7,0,0,12.1
5170,517,7,0,0,12.1
5171,517.1,7,0,0,12.1
5172,517.2,6,1,0,12.04
5173,517.3,6,0,0,12.03
5174,517.4,6,0,0,12.05
5175,517.5,5,1,0,11.67
5176,517.6,5,0,0,11.66
5177,517.7,5,0,0,11.65
5178,517.8,5,0,0,11.66
5179,517.9,5,0,0,11.66
5180,518,5,0,0,11.61
5181,518.1,5,0,0,11.64
5182,518.2,5,0,0,11.62
5183,518.3,5,0,0,11.61
5184,518.4,5,0,0,11.62
5185,518.5,5,0,0,11.6
5186,518.6,5,0,0,11.61
5187,518.7,5,0,0,11.55
5188,518.8,5,0,0,11.56
5189,518.9,5,0,0,11.58
5190,519,5,0,0,11.57
5191,519.1,5,0,0,11.55
5192,519.2,5,0,0,11.57
5193,519.3,5,0,0,11.56
5194,519.4,6,0,0,11.56
5195,519.5,7,0,0,11.82
5196,519.6,6,1,0,11.62
5197,519.7,6,0,0,11.6
5198,519.8,7,0,0,11.78
5199,519.9,7,0,0,11.78
5200,520,7,0,0,11.75
5201,520.1,7,0,0,11.75
5202,520.2,7,0,0,11.75
5203,520.3,6,1,0,12.05
5204,520.4,5,1,0,11.92
5205,520.5,5,0,0,12.02
5206,520.6,5,0,0,12.06
5207,520.7,5,0,0,12.13
5208,520.8,5,0,0,12.2
5209,520.9,5,0,0,12.29
5210,521,5,0,0,12.38
5211,521.1,5,0,0,12.43
5212,521.2,5,0,0,12.5
5213,521.3,5,0,0,12.62
5214,521.4,5,0,0,12.68
5215,521.5,5,0,0,12.75
5216,521.6,5,0,0,12.84
5217,521.7,5,0,0,12.9
5218,521.8,5,0,0,12.97
5219,521.9,5,0,0,12.98
5220,522,5,0,0,13.03
5221,522.1,5,0,0,13.08
5222,522.2,4,1,0,12.93
5223,522.3,4,0,0,12.94
5224,522.4,4,0,0,12.9
5225,522.5,4,0,0,12.94
5226,522.6,6,0,0,12.9
5227,522.7,6,0,0,12.89
5228,522.8,6,0,0,12.9
5229,522.9,6,0,0,12.87
5230,523,7,0,0,12.76
5231,523.1,6,1,0,12.61
5232,523.2,5,1,0,12.38
5233,523.3,5,0,0,12.37
5234,523.4,5,0,0,12.35
5235,523.5,5,0,0,12.39
5236,523.6,5,0,0,12.38
5237,523.7,4,1,0,12.25
5238,523.8,4,0,0,12.29
5239,523.9,4,0,0,12.23
5240,524,4,0,0,12.25
5241,524.1,4,0,0,12.28
5242,524.2,4,0,0,12.25
5243,524.3,4,0,0,12.26
5244,524.4,4,0,0,12.22
5245,524.5,4,0,0,12.25
5246,524.6,4,0,0,12.2
5247,524.7,4,0,0,12.24
5248,524.8,4,0,0,12.26
5249,524.9,4,0,0,12.26
5250,525,4,0,0,12.26
5251,525.1,4,0,0,12.26
5252,525.2,4,0,0,12.28
5253,525.3,4,0,0,12.25
5254,525.4,5,0,0,12.61
5255,525.5,5,0,0,12.58
5256,525.6,4,1,0,12.29
5257,525.7,5,0,0,12.62
5258,525.8,5,0,0,12.61
5259,525.9,5,0,0,12.63
5260,526,4,1,0,12.34
5261,526.1,4,0,0,12.33
5262,526.2,4,0,0,12.31
5263,526.3,4,0,0,12.29
5264,526.4,4,0,0,12.28
5265,526.5,4,0,0,12.3
5266,526.6,5,0,0,12.65
5267,526.7,5,0,0,12.63
5268,526.8,5,0,0,12.65
5269,526.9,5,0,0,12.64
5270,527,4,1,0,12.79
5271,527.1,4,0,0,12.77
5272,527.2,4,0,0,12.79
5273,527.3,4,0,0,12.81
5274,527.4,4,0,0,12.78
5275,527.5,4,0,0,12.79
5276,527.6,4,0,0,12.79
5277,527.7,4,0,0,12.79
5278,527.8,4,0,0,12.82
5279,527.9,4,0,0,12.84
5280,528,4,0,0,12.81
5281,528.1,5,0,0,12.23
5282,528.2,5,0,0,12.21
5283,528.3,5,1,0,12.74
5284,528.4,5,0,0,12.73
5285,528.5,5,0,0,12.72
5286,528.6,5,0,0,12.76
5287,528.7,5,0,0,12.73
5288,528.8,6,0,0,12.86
5289,528.9,5,1,0,12.93
5290,529,5,0,0,12.9
5291,529.1,5,0,0,12.93
5292,529.2,5,0,0,12.94
5293,529.3,5,0,0,12.94
5294,529.4,5,0,0,12.94
5295,529.5,5,0,0,12.93
5296,529.6,5,0,0,12.92
5297,529.7,5,0,0,12.94
5298,529.8,5,0,0,12.94
5299,529.9,5,0,0,12.93
5300,530,5,0,0,12.96
5301,530.1,5,1,0,12.98
5302,530.2,5,0,0,12.93
5303,530.3,5,0,0,12.91
5304,530.4,5,0,0,12.93
5305,530.5,4,1,0,13.3
5306,530.6,4,0,0,13.22
5307,530.7,4,0,0,13.2
5308,530.8,4,0,0,13.23
5309,530.9,5,0,0,12.58
5310,531,5,0,0,12.55
5311,531.1,6,0,0,12.69
5312,531.2,6,0,0,12.7
5313,531.3,6,0,0,12.68
5314,531.4,6,0,0,12.7
5315,531.5,6,0,0,12.7
5316,531.6,6,0,0,12.69
5317,531.7,5,1,0,12.5
5318,531.8,5,0,0,12.47
5319,531.9,5,0,0,12.5
5320,532,7,0,0,11.49
5321,532.1,7,0,0,11.45
5322,532.2,7,0,0,11.46
5323,532.3,7,0,0,11.44
5324,532.4,7,0,0,11.49
5325,532.5,7,0,0,11.45
5326,532.6,7,0,0,11.46
5327,532.7,7,0,0,11.47
5328,532.8,7,0,0,11.47
5329,532.9,7,0,0,11.49
5330,533,7,0,0,11.48
5331,533.1,7,0,0,11.5
5332,533.2,7,0,0,11.51
5333,533.3,7,0,0,11.52
5334,533.4,6,1,0,11.46
5335,533.5,6,0,0,11.48
5336,533.6,5,1,0,11.04
5337,533.7,6,0,0,10.9
5338,533.8,6,0,0,10.93
5339,533.9,7,0,0,11.22
5340,534,7,0,0,11.26
5341,534.1,7,0,0,11.28
5342,534.2,7,0,0,11.28
5343,534.3,7,0,0,11.27
5344,534.4,7,0,0,11.26
5345,534.5,6,1,0,11.06
5346,534.6,6,0,0,11.04
5347,534.7,6,0,0,11.08
5348,534.8,6,0,0,11.04
5349,534.9,6,0,0,11.07
5350,535,5,1,0,10.48
5351,535.1,6,0,0,10.83
5352,535.2,6,0,0,10.84
5353,535.3,6,0,0,10.8
5354,535.4,6,0,0,10.79
5355,535.5,6,0,0,10.81
5356,535.6,6,0,0,10.8
5357,535.7,6,0,0,10.76
5358,535.8,6,0,0,10.77
5359,535.9,6,0,0,10.78
5360,536,6,0,0,10.77
5361,536.1,6,0,0,10.74
5362,536.2,6,0,0,10.73
5363,536.3,5,1,0,10.9
5364,536.4,5,0,0,10.93
5365,536.5,5,0,0,10.95
5366,536.6,5,0,0,10.95
5367,536.7,6,0,0,11.53
5368,536.8,6,0,0,11.53
5369,536.9,6,0,0,11.55
5370,537,6,0,0,11.56
5371,537.1,6,0,0,11.59
5372,537.2,6,0,0,11.63
5373,537.3,6,1,0,11.62
5374,537.4,6,0,0,11.65
5375,537.5,6,0,0,11.72
5376,537.6,6,0,0,11.68
5377,537.7,6,0,0,11.72
5378,537.8,6,0,0,11.75
5379,537.9,6,0,0,11.78
5380,538,6,0,0,11.81
5381,538.1,6,0,0,11.83
5382,538.2,5,1,0,11.53
5383,538.3,5,1,0,11.65
5384,538.4,5,0,0,11.65
5385,538.5,5,0,0,11.66
5386,538.6,5,0,0,11.64
5387,538.7,5,0,0,11.63
5388,538.8,5,0,0,11.61
5389,538.9,5,0,0,11.62
5390,539,5,0,0,11.62
5391,539.1,5,0,0,11.63
5392,539.2,5,0,0,11.6
5393,539.3,5,0,0,11.61
5394,539.4,5,0,0,11.63
5395,539.5,6,0,0,12.01
5396,539.6,6,0,0,12
5397,539.7,6,0,0,11.98
5398,539.8,6,0,0,11.98
5399,539.9,6,0,0,11.99
5400,540,6,0,0,11.95
5401,540.1,5,1,0,11.57
5402,540.2,5,0,0,11.57
5403,540.3,5,0,0,11.58
5404,540.4,5,0,0,11.57
5405,540.5,5,0,0,11.54
5406,540.6,5,0,0,11.54
5407,540.7,5,0,0,11.5
5408,540.8,5,1,0,11.38
5409,540.9,5,0,0,11.34
5410,541,5,0,0,11.33
5411,541.1,5,0,0,11.33
5412,541.2,5,0,0,11.27
5413,541.3,5,0,0,11.25
5414,541.4,6,0,0,11.52
5415,541.5,6,0,0,11.49
5416,541.6,6,0,0,11.51
5417,541.7,6,0,0,11.47
5418,541.8,6,0,0,11.43
5419,541.9,6,0,0,11.45
5420,542,6,0,0,11.44
5421,542.1,6,0,0,11.43
5422,542.2,6,0,0,11.4
5423,542.3,6,0,0,11.39
5424,542.4,7,0,0,11.76
5425,542.5,7,0,0,11.74
5426,542.6,7,0,0,11.75
5427,542.7,7,0,0,11.74
5428,542.8,7,0,0,11.69
5429,542.9,7,0,0,11.69
5430,543,6,1,0,11.33
5431,543.1,5,1,0,11.57
5432,543.2,5,0,0,11.59
5433,543.3,5,0,0,11.67
5434,543.4,5,0,0,11.72
5435,543.5,5,0,0,11.8
5436,543.6,5,0,0,11.86
5437,543.7,5,0,0,11.96
5438,543.8,5,0,0,12.03
5439,543.9,5,0,0,12.11
5440,544,5,0,0,12.2
5441,544.1,6,0,0,11.92
5442,544.2,6,0,0,11.98
5443,544.3,5,1,0,12.51
5444,544.4,6,0,0,12.79
5445,544.5,5,1,0,12.77
5446,544.6,6,0,0,13.03
5447,544.7,6,0,0,13.09
5448,544.8,6,0,0,13.15
5449,544.9,6,0,0,13.15
5450,545,6,0,0,13.15
5451,545.1,5,1,0,13.22
5452,545.2,6,0,0,13.38
5453,545.3,6,0,0,13.43
5454,545.4,6,0,0,13.49
5455,545.5,6,0,0,13.55
5456,545.6,6,0,0,13.57
5457,545.7,6,0,0,13.64
5458,545.8,5,1,0,13.64
5459,545.9,5,0,0,13.68
5460,546,5,0,0,13.71
5461,546.1,5,0,0,13.69
5462,546.2,5,0,0,13.66
5463,546.3,5,0,0,13.73
5464,546.4,4,1,0,13.66
5465,546.5,4,0,0,13.65
5466,546.6,4,0,0,13.66
5467,546.7,4,0,0,13.67
5468,546.8,4,0,0,13.67
5469,546.9,4,0,0,13.7
5470,547,4,0,0,13.66
5471,547.1,4,0,0,13.69
5472,547.2,4,0,0,13.64
5473,547.3,4,0,0,13.65
5474,547.4,4,0,0,13.67
5475,547.5,4,0,0,13.67
5476,547.6,4,0,0,13.66
5477,547.7,5,0,0,13.7
5478,547.8,5,0,0,13.74
5479,547.9,5,1,0,13.6
5480,548,5,1,0,13.39
5481,548.1,5,0,0,13.38
5482,548.2,5,0,0,13.35
5483,548.3,5,0,0,13.39
5484,548.4,5,0,0,13.41
5485,548.5,5,0,0,13.35
5486,548.6,4,1,0,13.54
5487,548.7,4,0,0,13.55
5488,548.8,4,0,0,13.56
5489,548.9,4,0,0,13.56
5490,549,4,0,0,13.51
5491,549.1,4,0,0,13.51
5492,549.2,4,0,0,13.55
5493,549.3,4,0,0,13.53
5494,549.4,4,0,0,13.53
5495,549.5,4,0,0,13.5
5496,549.6,4,0,0,13.57
5497,549.7,4,0,0,13.5
5498,549.8,4,0,0,13.55
5499,549.9,4,0,0,13.53
5500,550,4,0,0,13.56
5501,550.1,4,0,0,13.51
5502,550.2,4,0,0,13.52
5503,550.3,4,0,0,13.56
5504,550.4,4,0,0,13.57
5505,550.5,4,0,0,13.54
5506,550.6,4,0,0,13.54
5507,550.7,4,0,0,13.55
5508,550.8,5,0,0,13.63
5509,550.9,6,0,0,13.35
5510,551,6,0,0,13.36
5511,551.1,6,0,0,13.36
5512,551.2,6,0,0,13.34
5513,551.3,5,1,0,13.44
5514,551.4,4,1,0,13.34
5515,551.5,4,1,0,13.46
5516,551.6,4,0,0,13.4
5517,551.7,4,0,0,13.42
5518,551.8,4,0,0,13.4
5519,551.9,4,0,0,13.4
5520,552,4,0,0,13.42
5521,552.1,4,0,0,13.44
5522,552.2,4,0,0,13.43
5523,552.3,4,0,0,13.41
5524,552.4,4,0,0,13.41
5525,552.5,4,0,0,13.4
5526,552.6,4,0,0,13.42
5527,552.7,4,0,0,13.44
5528,552.8,4,0,0,13.45
5529,552.9,4,0,0,13.39
5530,553,4,0,0,13.4
5531,553.1,4,0,0,13.42
5532,553.2,4,0,0,13.43
5533,553.3,4,0,0,13.43
5534,553.4,4,0,0,13.43
5535,553.5,4,0,0,13.42
5536,553.6,4,0,0,13.42
5537,553.7,5,0,0,13.52
5538,553.8,4,1,0,13.38
5539,553.9,4,0,0,13.33
5540,554,5,0,0,13.5
5541,554.1,5,0,0,13.47
5542,554.2,5,0,0,13.49
5543,554.3,4,1,0,13.43
5544,554.4,4,0,0,13.41
5545,554.5,4,0,0,13.44
5546,554.6,4,0,0,13.44
5547,554.7,4,0,0,13.42
5548,554.8,4,0,0,13.41
5549,554.9,5,0,0,12.67
5550,555,5,1,0,12.4
5551,555.1,5,0,0,12.4
5552,555.2,5,0,0,12.45
5553,555.3,5,0,0,12.44
5554,555.4,5,0,0,12.44
5555,555.5,5,0,0,12.44
5556,555.6,5,0,0,12.43
5557,555.7,5,0,0,12.46
5558,555.8,5,0,0,12.48
5559,555.9,5,0,0,12.45
5560,556,5,0,0,12.43
5561,556.1,5,0,0,12.45
5562,556.2,5,0,0,12.47
5563,556.3,5,0,0,12.43
5564,556.4,5,0,0,12.43
5565,556.5,6,0,0,12.52
5566,556.6,6,0,0,12.48
5567,556.7,6,0,0,12.48
5568,556.8,6,0,0,12.51
5569,556.9,5,1,0,12.2
5570,557,5,0,0,12.23
5571,557.1,4,1,0,12.08
5572,557.2,5,0,0,12.01
5573,557.3,5,0,0,11.99
5574,557.4,5,0,0,12.01
5575,557.5,5,0,0,12
5576,557.6,5,0,0,11.98
5577,557.7,5,0,0,11.96
5578,557.8,5,0,0,11.93
5579,557.9,5,0,0,11.95
5580,558,5,0,0,11.94
5581,558.1,5,0,0,11.95
5582,558.2,5,0,0,11.91
5583,558.3,5,0,0,11.92
5584,558.4,5,0,0,11.92
5585,558.5,5,0,0,11.91
5586,558.6,6,0,0,12.08
5587,558.7,6,0,0,12.07
5588,558.8,6,0,0,12.08
5589,558.9,5,1,0,11.98
5590,559,5,0,0,11.95
5591,559.1,5,0,0,11.99
5592,559.2,5,0,0,11.96
5593,559.3,6,0,0,12.11
5594,559.4,6,0,0,12.13
5595,559.5,6,0,0,12.11
5596,559.6,6,0,0,12.09
5597,559.7,6,0,0,12.08
5598,559.8,6,0,0,12.1
5599,559.9,5,1,0,11.94
5600,560,5,0,0,11.89
5601,560.1,6,0,0,11.58
5602,560.2,6,0,0,11.59
5603,560.3,6,1,0,12.23
5604,560.4,6,0,0,12.18
5605,560.5,6,0,0,12.18
5606,560.6,6,0,0,12.17
5607,560.7,6,0,0,12.18
5608,560.8,6,0,0,12.18
5609,560.9,6,0,0,12.16
5610,561,6,0,0,12.14
5611,561.1,6,0,0,12.12
5612,561.2,6,0,0,12.12
5613,561.3,6,0,0,12.12
5614,561.4,6,0,0,12.09
5615,561.5,5,1,0,12.08
5616,561.6,5,0,0,12.13
5617,561.7,5,0,0,12.13
5618,561.8,5,0,0,12.15
5619,561.9,5,0,0,12.17
5620,562,5,0,0,12.14
5621,562.1,6,0,0,12.43
5622,562.2,7,0,0,12.63
5623,562.3,6,1,0,12.56
5624,562.4,6,0,0,12.52
5625,562.5,6,0,0,12.55
5626,562.6,6,0,0,12.54
5627,562.7,5,1,0,12.23
5628,562.8,5,0,0,12.19
5629,562.9,5,0,0,12.17
5630,563,5,0,0,12.16
5631,563.1,5,0,0,12.16
5632,563.2,4,1,0,11.7
5633,563.3,4,0,0,11.67
5634,563.4,4,0,0,11.66
5635,563.5,5,0,0,11.99
5636,563.6,5,0,0,11.96
5637,563.7,5,0,0,11.93
5638,563.8,5,0,0,11.9
5639,563.9,5,0,0,11.88
5640,564,5,0,0,11.88
5641,564.1,5,0,0,11.87
5642,564.2,5,0,0,11.88
5643,564.3,5,0,0,11.85
5644,564.4,5,0,0,11.86
5645,564.5,5,0,0,11.82
5646,564.6,5,0,0,11.83
5647,564.7,5,0,0,11.82
5648,564.8,5,0,0,11.77
5649,564.9,6,0,0,12.13
5650,565,6,0,0,12.13
5651,565.1,6,0,0,12.12
5652,565.2,6,0,0,12.12
5653,565.3,6,0,0,12.1
5654,565.4,6,0,0,12.12
5655,565.5,5,1,0,11.74
5656,565.6,5,0,0,11.72
5657,565.7,5,1,0,11.68
5658,565.8,5,0,0,11.7
5659,565.9,5,0,0,11.65
5660,566,5,0,0,11.68
5661,566.1,5,0,0,11.65
5662,566.2,5,0,0,11.65
5663,566.3,5,0,0,11.63
5664,566.4,5,0,0,11.64
5665,566.5,5,0,0,11.63
5666,566.6,6,0,0,12.01
5667,566.7,6,0,0,11.98
5668,566.8,6,0,0,12
5669,566.9,6,0,0,12
5670,567,6,0,0,11.97
5671,567.1,5,1,0,12.37
5672,567.2,5,0,0,12.41
5673,567.3,5,0,0,12.46
5674,567.4,5,0,0,12.51
5675,567.5,5,0,0,12.53
5676,567.6,5,0,0,12.63
5677,567.7,5,0,0,12.68
5678,567.8,6,0,0,12.95
5679,567.9,6,0,0,12.99
5680,568,6,0,0,13.07
5681,568.1,6,0,0,13.13
5682,568.2,6,0,0,13.2
5683,568.3,6,0,0,13.28
5684,568.4,5,1,0,13.21
5685,568.5,5,0,0,13.34
5686,568.6,5,0,0,13.4
5687,568.7,5,0,0,13.43
5688,568.8,5,0,0,13.4
5689,568.9,5,0,0,13.42
5690,569,5,0,0,13.4
5691,569.1,4,1,0,13.48
5692,569.2,3,1,0,13.42
5693,569.3,4,0,0,13.58
5694,569.4,4,0,0,13.64
5695,569.5,4,0,0,13.65
5696,569.6,4,0,0,13.72
5697,569.7,4,0,0,13.71
5698,569.8,5,0,0,13.48
5699,569.9,5,0,0,13.47
5700,570,5,0,0,13.46
5701,570.1,5,0,0,13.5
5702,570.2,5,0,0,13.47
5703,570.3,5,0,0,13.47
5704,570.4,5,0,0,13.46
5705,570.5,4,1,0,13.36
5706,570.6,5,0,0,13.49
5707,570.7,5,0,0,13.48
5708,570.8,5,0,0,13.45
5709,570.9,5,0,0,13.48
5710,571,5,0,0,13.47
5711,571.1,5,0,0,13.47
5712,571.2,4,1,0,13.36
5713,571.3,4,0,0,13.37
5714,571.4,4,0,0,13.36
5715,571.5,4,0,0,13.33
5716,571.6,4,0,0,13.37
5717,571.7,4,0,0,13.35
5718,571.8,4,0,0,13.38
5719,571.9,4,0,0,13.35
5720,572,4,0,0,13.32
5721,572.1,4,0,0,13.34
5722,572.2,4,0,0,13.37
5723,572.3,4,0,0,13.35
5724,572.4,4,0,0,13.35
5725,572.5,4,0,0,13.34
5726,572.6,4,0,0,13.34
5727,572.7,4,0,0,13.35
5728,572.8,4,1,0,13.38
5729,572.9,5,0,0,13.52
5730,573,5,0,0,13.51
5731,573.1,4,1,0,13.52
5732,573.2,4,0,0,13.6
5733,573.3,4,0,0,13.57
5734,573.4,5,0,0,13.64
5735,573.5,5,0,0,13.66
5736,573.6,5,0,0,13.62
5737,573.7,6,0,0,13
5738,573.8,6,0,0,12.98
5739,573.9,6,0,0,12.99
5740,574,5,1,0,12.83
5741,574.1,5,0,0,12.85
5742,574.2,5,0,0,12.87
5743,574.3,5,0,0,12.88
5744,574.4,5,0,0,12.84
5745,574.5,5,0,0,12.85
5746,574.6,5,0,0,12.82
5747,574.7,5,0,0,12.86
5748,574.8,5,0,0,12.86
5749,574.9,5,0,0,12.84
5750,575,5,0,0,12.86
5751,575.1,5,0,0,12.81
5752,575.2,5,0,0,12.87
5753,575.3,5,0,0,12.82
5754,575.4,5,0,0,12.83
5755,575.5,5,0,0,12.84
5756,575.6,5,0,0,12.83
5757,575.7,5,0,0,12.84
5758,575.8,4,1,0,12.53
5759,575.9,4,0,0,12.55
5760,576,4,0,0,12.6
5761,576.1,6,0,0,12.37
5762,576.2,6,0,0,12.35
5763,576.3,5,2,0,12.56
5764,576.4,6,0,0,12.6
5765,576.5,6,0,0,12.58
5766,576.6,6,0,0,12.6
5767,576.7,6,0,0,12.55
5768,576.8,6,0,0,12.52
5769,576.9,5,1,0,12.54
5770,577,5,0,0,12.53
5771,577.1,6,0,0,12.08
5772,577.2,6,0,0,12.1
5773,577.3,6,0,0,12.09
5774,577.4,6,0,0,12.07
5775,577.5,6,0,0,12.06
5776,577.6,6,0,0,12.08
5777,577.7,6,0,0,12.02
5778,577.8,6,0,0,12.04
5779,577.9,6,0,0,12.02
5780,578,5,1,0,12.44
5781,578.1,5,0,0,12.46
5782,578.2,5,0,0,12.52
5783,578.3,5,0,0,12.53
5784,578.4,5,0,0,12.57
5785,578.5,5,0,0,12.63
5786,578.6,5,0,0,12.6
5787,578.7,5,0,0,12.63
5788,578.8,5,0,0,12.61
5789,578.9,5,0,0,12.64
5790,579,5,0,0,12.62
5791,579.1,6,0,0,12.87
5792,579.2,7,0,0,12.6
5793,579.3,7,0,0,12.59
5794,579.4,7,0,0,12.59
5795,579.5,7,0,0,12.59
5796,579.6,7,0,0,12.55
5797,579.7,6,1,0,12.33
5798,579.8,6,0,0,12.35
5799,579.9,7,0,0,12.59
5800,580,7,0,0,12.56
5801,580.1,6,1,0,12.56
5802,580.2,5,1,0,12.54
5803,580.3,5,0,0,12.53
5804,580.4,5,0,0,12.52
5805,580.5,5,0,0,12.51
5806,580.6,5,0,0,12.51
5807,580.7,5,0,0,12.52
5808,580.8,5,0,0,12.5
5809,580.9,5,0,0,12.51
5810,581,5,0,0,12.49
5811,581.1,5,0,0,12.49
5812,581.2,5,0,0,12.48
5813,581.3,5,0,0,12.48
5814,581.4,5,0,0,12.48
5815,581.5,5,0,0,12.47
5816,581.6,5,0,0,12.46
5817,581.7,5,0,0,12.44
5818,581.8,5,0,0,12.46
5819,581.9,6,0,0,12.68
5820,582,6,0,0,12.67
5821,582.1,5,1,0,12.41
5822,582.2,5,0,0,12.41
5823,582.3,6,0,0,12.72
5824,582.4,6,0,0,12.69
5825,582.5,5,1,0,12.41
5826,582.6,5,0,0,12.44
5827,582.7,5,0,0,12.45
5828,582.8,5,0,0,12.43
5829,582.9,5,0,0,12.44
5830,583,5,0,0,12.42
5831,583.1,5,0,0,12.41
5832,583.2,5,0,0,12.42
5833,583.3,5,0,0,12.37
5834,583.4,4,1,0,11.98
5835,583.5,5,0,0,12.33
5836,583.6,5,0,0,12.31
5837,583.7,5,0,0,12.29
5838,583.8,5,0,0,12.28
5839,583.9,5,0,0,12.23
5840,584,5,0,0,12.24
5841,584.1,5,0,0,12.21
5842,584.2,5,0,0,12.22
5843,584.3,5,0,0,12.15
5844,584.4,5,0,0,12.17
5845,584.5,5,0,0,12.17
5846,584.6,5,0,0,12.15
5847,584.7,6,0,0,12.43
5848,584.8,6,0,0,12.38
5849,584.9,6,0,0,12.39
5850,585,6,0,0,12.4
5851,585.1,6,0,0,12.38
5852,585.2,6,0,0,12.39
5853,585.3,4,2,0,11.56
5854,585.4,4,0,0,11.56
5855,585.5,5,0,0,11.98
5856,585.6,5,0,0,11.93
5857,585.7,5,0,0,11.94
5858,585.8,5,0,0,11.92
5859,585.9,5,0,0,11.94
5860,586,5,0,0,11.92
5861,586.1,5,0,0,11.88
5862,586.2,5,0,0,11.89
5863,586.3,5,0,0,11.89
5864,586.4,5,0,0,11.87
5865,586.5,5,0,0,11.87
5866,586.6,5,0,0,11.85
5867,586.7,5,0,0,11.82
5868,586.8,5,0,0,11.81
5869,586.9,5,0,0,11.83
5870,587,4,1,0,11.25
5871,587.1,5,0,0,11.8
5872,587.2,5,0,0,11.77
5873,587.3,5,0,0,11.75
5874,587.4,5,0,0,11.75
5875,587.5,6,0,0,12.07
5876,587.6,6,0,0,12.05
5877,587.7,6,0,0,12.04
5878,587.8,6,0,0,12.06
5879,587.9,6,0,0,12.04
5880,588,6,0,0,12.02
5881,588.1,5,1,0,11.69
5882,588.2,5,0,0,11.71
5883,588.3,5,0,0,11.72
5884,588.4,5,0,0,11.73
5885,588.5,5,0,0,11.71
5886,588.6,6,0,0,11.89
5887,588.7,6,0,0,11.88
5888,588.8,6,0,0,11.89
5889,588.9,6,0,0,11.88
5890,589,6,0,0,11.88
5891,589.1,6,0,0,11.84
5892,589.2,6,0,0,11.84
5893,589.3,5,1,0,12.19
5894,589.4,5,0,0,12.26
5895,589.5,5,0,0,12.3
5896,589.6,5,0,0,12.36
5897,589.7,5,0,0,12.4
5898,589.8,5,0,0,12.46
5899,589.9,5,0,0,12.51
5900,590,5,0,0,12.6
5901,590.1,5,0,0,12.66
5902,590.2,5,0,0,12.74
5903,590.3,5,0,0,12.82
5904,590.4,6,0,0,13.07
5905,590.5,6,0,0,13.11
5906,590.6,6,1,0,13.16
5907,590.7,6,0,0,13.23
5908,590.8,6,0,0,13.26
5909,590.9,6,0,0,13.32
5910,591,5,1,0,13.3
5911,591.1,5,0,0,13.31
5912,591.2,5,0,0,13.37
5913,591.3,4,1,0,13.41
5914,591.4,4,0,0,13.47
5915,591.5,4,0,0,13.46
5916,591.6,4,0,0,13.58
5917,591.7,4,0,0,13.59
5918,591.8,5,0,0,13.52
5919,591.9,5,0,0,13.54
5920,592,5,0,0,13.53
5921,592.1,6,0,0,12.93
5922,592.2,6,0,0,12.95
5923,592.3,5,1,0,13.55
5924,592.4,5,0,0,13.51
5925,592.5,5,0,0,13.51
5926,592.6,5,0,0,13.5
5927,592.7,4,1,0,13.37
5928,592.8,4,0,0,13.38
5929,592.9,4,0,0,13.39
5930,593,4,0,0,13.41
5931,593.1,4,0,0,13.41
5932,593.2,5,0,0,13.04
5933,593.3,5,0,0,13.06
5934,593.4,5,0,0,13.01
5935,593.5,5,0,0,13.03
5936,593.6,5,0,0,13.04
5937,593.7,5,0,0,13.07
5938,593.8,5,0,0,13.05
5939,593.9,4,1,0,13.42
5940,594,4,0,0,13.41
5941,594.1,3,1,0,13.21
5942,594.2,4,0,0,13.43
5943,594.3,4,0,0,13.43
5944,594.4,4,0,0,13.43
5945,594.5,4,0,0,13.39
5946,594.6,4,0,0,13.43
5947,594.7,4,0,0,13.4
5948,594.8,4,0,0,13.4
5949,594.9,4,1,0,13.37
5950,595,4,0,0,13.33
5951,595.1,4,0,0,13.34
5952,595.2,4,0,0,13.36
5953,595.3,4,0,0,13.37
5954,595.4,4,0,0,13.33
5955,595.5,4,0,0,13.32
5956,595.6,4,0,0,13.34
5957,595.7,4,0,0,13.35
5958,595.8,4,0,0,13.34
5959,595.9,4,0,0,13.34
5960,596,5,0,0,13.33
5961,596.1,5,0,0,13.3
5962,596.2,5,0,0,13.36
5963,596.3,5,0,0,13.33
5964,596.4,5,0,0,13.32
5965,596.5,5,0,0,13.33
5966,596.6,4,1,0,13.34
5967,596.7,4,0,0,13.35
5968,596.8,4,0,0,13.35
5969,596.9,4,0,0,13.34
5970,597,4,0,0,13.35
5971,597.1,4,0,0,13.34
5972,597.2,4,0,0,13.32
5973,597.3,4,0,0,13.35
5974,597.4,4,0,0,13.37
5975,597.5,4,0,0,13.38
5976,597.6,4,0,0,13.35
5977,597.7,4,1,0,12.66
5978,597.8,4,0,0,12.65
5979,597.9,4,0,0,12.65
5980,598,4,0,0,12.69
5981,598.1,5,0,0,12.93
5982,598.2,5,0,0,12.9
5983,598.3,5,0,0,12.92
5984,598.4,5,0,0,12.9
5985,598.5,4,1,0,12.93
5986,598.6,4,0,0,12.92
5987,598.7,4,0,0,12.96
5988,598.8,5,0,0,13.15
5989,598.9,5,0,0,13.14
5990,599,5,0,0,13.17
5991,599.1,5,0,0,13.11
5992,599.2,5,0,0,13.14
5993,599.3,5,0,0,13.16
5994,599.4,4,1,0,12.93
5995,599.5,4,0,0,12.95
5996,599.6,4,0,0,12.95
5997,599.7,4,0,0,12.94
5998,599.8,4,0,0,12.92
5999,599.9,4,0,0,12.98
6000,600,4,0,0,12.96
6001,600.1,4,0,0,12.95
6002,600.2,5,0,0,12.33
6003,600.3,5,0,0,12.34
6004,600.4,5,0,0,12.37
6005,600.5,5,0,0,12.34
6006,600.6,5,0,0,12.36
6007,600.7,5,0,0,12.34
6008,600.8,5,0,0,12.35
6009,600.9,5,0,0,12.35
6010,601,5,0,0,12.34
6011,601.1,5,0,0,12.31
6012,601.2,6,0,0,11.56
6013,601.3,7,0,0,11.86
6014,601.4,7,0,0,11.87
6015,601.5,6,1,0,11.66
6016,601.6,6,0,0,11.68
6017,601.7,7,0,0,12.01
6018,601.8,7,0,0,12
6019,601.9,7,0,0,12.01
6020,602,6,1,0,12.16
6021,602.1,6,0,0,12.14
6022,602.2,6,0,0,12.17
6023,602.3,5,1,0,11.87
6024,602.4,5,0,0,11.86
6025,602.5,5,0,0,11.88
6026,602.6,5,0,0,11.88
6027,602.7,5,0,0,11.89
6028,602.8,5,0,0,11.93
6029,602.9,5,0,0,11.92
6030,603,5,0,0,11.97
6031,603.1,5,0,0,11.95
6032,603.2,5,0,0,11.96
6033,603.3,5,0,0,12
6034,603.4,5,0,0,11.98
6035,603.5,5,0,0,11.99
6036,603.6,5,0,0,12
6037,603.7,5,0,0,12.01
6038,603.8,5,0,0,12
6039,603.9,5,0,0,12.02
6040,604,5,0,0,12.01
6041,604.1,5,0,0,12.05
6042,604.2,5,0,0,12.04
6043,604.3,5,0,0,12.04
6044,604.4,5,1,0,11.87
6045,604.5,6,0,0,12.24
6046,604.6,6,0,0,12.19
6047,604.7,6,0,0,12.19
6048,604.8,6,1,0,11.89
6049,604.9,6,0,0,11.88
6050,605,6,0,0,11.86
6051,605.1,5,1,0,11.45
6052,605.2,5,0,0,11.45
6053,605.3,5,0,0,11.44
6054,605.4,5,0,0,11.41
6055,605.5,5,0,0,11.41
6056,605.6,5,0,0,11.39
6057,605.7,5,0,0,11.43
6058,605.8,5,0,0,11.42
6059,605.9,5,0,0,11.42
6060,606,5,0,0,11.39
6061,606.1,5,0,0,11.38
6062,606.2,5,0,0,11.37
6063,606.3,5,0,0,11.35
6064,606.4,5,0,0,11.38
6065,606.5,5,0,0,11.4
6066,606.6,5,0,0,11.38
6067,606.7,5,0,0,11.35
6068,606.8,5,0,0,11.34
6069,606.9,5,0,0,11.35
6070,607,5,0,0,11.34
6071,607.1,5,0,0,11.34
6072,607.2,5,0,0,11.33
6073,607.3,5,1,0,10.84
6074,607.4,5,0,0,10.83
6075,607.5,6,0,0,11.3
6076,607.6,6,0,0,11.26
6077,607.7,6,0,0,11.26
6078,607.8,6,0,0,11.27
6079,607.9,6,0,0,11.24
6080,608,5,1,0,11.25
6081,608.1,6,0,0,11.04
6082,608.2,6,0,0,11.02
6083,608.3,5,1,0,11.23
6084,608.4,6,0,0,11.39
6085,608.5,6,0,0,11.35
6086,608.6,6,0,0,11.37
6087,608.7,6,0,0,11.39
6088,608.8,5,1,0,11.24
6089,608.9,5,0,0,11.22
6090,609,5,0,0,11.22
6091,609.1,5,0,0,11.21
6092,609.2,5,0,0,11.21
6093,609.3,5,0,0,11.21
6094,609.4,5,0,0,11.21
6095,609.5,5,0,0,11.2
6096,609.6,5,0,0,11.22
6097,609.7,5,0,0,11.2
6098,609.8,5,0,0,11.19
6099,609.9,5,0,0,11.19
6100,610,5,0,0,11.18
6101,610.1,6,0,0,11.62
6102,610.2,6,0,0,11.59
6103,610.3,6,0,0,11.56
6104,610.4,6,0,0,11.54
6105,610.5,6,0,0,11.53
6106,610.6,6,0,0,11.53
6107,610.7,6,1,0,11.52
6108,610.8,6,0,0,11.49
6109,610.9,6,0,0,11.45
6110,611,6,0,0,11.46
6111,611.1,6,0,0,11.44
6112,611.2,6,0,0,11.46
6113,611.3,6,0,0,11.46
6114,611.4,6,0,0,11.46
6115,611.5,6,0,0,11.43
6116,611.6,6,0,0,11.41
6117,611.7,6,0,0,11.39
6118,611.8,6,0,0,11.37
6119,611.9,6,0,0,11.34
6120,612,7,0,0,11.7
6121,612.1,7,0,0,11.7
6122,612.2,7,0,0,11.72
6123,612.3,7,0,0,11.69
6124,612.4,5,2,0,11.93
6125,612.5,5,0,0,11.95
6126,612.6,5,0,0,12.01
6127,612.7,5,0,0,12.05
6128,612.8,5,0,0,12.15
6129,612.9,5,0,0,12.21
6130,613,6,0,0,12.59
6131,613.1,6,0,0,12.65
6132,613.2,6,0,0,12.7
6133,613.3,6,0,0,12.8
6134,613.4,6,0,0,12.87
6135,613.5,6,0,0,12.92
6136,613.6,5,1,0,12.74
6137,613.7,5,0,0,12.77
6138,613.8,7,0,0,12.57
6139,613.9,7,0,0,12.56
6140,614,7,0,0,12.53
6141,614.1,7,0,0,12.56
6142,614.2,7,0,0,12.57
6143,614.3,7,0,0,12.56
6144,614.4,6,1,0,12.66
6145,614.5,6,0,0,12.66
6146,614.6,6,0,0,12.74
6147,614.7,6,0,0,12.81
6148,614.8,6,0,0,12.85
6149,614.9,6,0,0,12.92
6150,615,6,0,0,12.94
6151,615.1,6,0,0,12.99
6152,615.2,6,0,0,13.04
6153,615.3,6,0,0,13.12
6154,615.4,6,0,0,13.18
6155,615.5,6,1,0,12.59
6156,615.6,6,0,0,12.53
6157,615.7,6,0,0,12.56
6158,615.8,6,1,0,12.56
6159,615.9,6,0,0,12.57
6160,616,6,0,0,12.55
6161,616.1,6,0,0,12.54
6162,616.2,6,0,0,12.55
6163,616.3,6,0,0,12.56
6164,616.4,5,1,0,12.3
6165,616.5,5,0,0,12.27
6166,616.6,5,0,0,12.27
6167,616.7,5,0,0,12.29
6168,616.8,5,0,0,12.3
6169,616.9,5,0,0,12.27
6170,617,6,0,0,12.58
6171,617.1,6,0,0,12.53
6172,617.2,6,0,0,12.56
6173,617.3,5,1,0,12.38
6174,617.4,5,0,0,12.36
6175,617.5,5,0,0,12.33
6176,617.6,5,0,0,12.33
6177,617.7,5,0,0,12.33
6178,617.8,5,0,0,12.33
6179,617.9,5,0,0,12.36
6180,618,5,0,0,12.34
6181,618.1,4,1,0,12.93
6182,618.2,4,0,0,13
6183,618.3,4,0,0,13.07
6184,618.4,4,0,0,13.11
6185,618.5,4,0,0,13.15
6186,618.6,5,0,0,13.03
6187,618.7,5,0,0,13.01
6188,618.8,5,0,0,13.07
6189,618.9,5,0,0,13.13
6190,619,5,0,0,13.14
6191,619.1,6,0,0,13.35
6192,619.2,5,1,0,13.59
6193,619.3,5,0,0,13.6
6194,619.4,5,0,0,13.63
6195,619.5,5,0,0,13.69
6196,619.6,5,0,0,13.74
6197,619.7,5,0,0,13.72
6198,619.8,5,0,0,13.76
6199,619.9,4,1,0,13.8
6200,620,3,1,0,13.93
6201,620.1,4,0,0,13.54
6202,620.2,4,0,0,13.52
6203,620.3,4,0,0,13.54
6204,620.4,4,0,0,13.5
6205,620.5,4,0,0,13.51
6206,620.6,4,0,0,13.51
6207,620.7,4,0,0,13.5
6208,620.8,4,0,0,13.5
6209,620.9,4,0,0,13.54
6210,621,4,0,0,13.55
6211,621.1,4,0,0,13.51
6212,621.2,4,0,0,13.51
6213,621.3,4,0,0,13.51
6214,621.4,5,0,0,13.61
6215,621.5,5,0,0,13.59
6216,621.6,5,0,0,13.61
6217,621.7,5,0,0,13.59
6218,621.8,5,0,0,13.61
6219,621.9,5,0,0,13.58
6220,622,4,1,0,13.51
6221,622.1,4,0,0,13.54
6222,622.2,4,0,0,13.5
6223,622.3,4,0,0,13.54
6224,622.4,4,0,0,13.47
6225,622.5,4,0,0,13.52
6226,622.6,4,1,0,13.52
6227,622.7,4,0,0,13.53
6228,622.8,4,0,0,13.51
6229,622.9,4,0,0,13.47
6230,623,3,1,0,13.42
6231,623.1,3,0,0,13.35
6232,623.2,4,0,0,12.54
6233,623.3,4,0,0,12.54
6234,623.4,4,0,0,12.5
6235,623.5,4,0,0,12.54
6236,623.6,4,0,0,12.53
6237,623.7,4,0,0,12.52
6238,623.8,4,0,0,12.53
6239,623.9,4,0,0,12.54
6240,624,5,0,0,11.39
6241,624.1,6,0,0,11.12
6242,624.2,6,0,0,11.17
6243,624.3,6,1,0,11.82
6244,624.4,6,0,0,11.87
6245,624.5,6,0,0,11.86
6246,624.6,6,0,0,11.86
6247,624.7,6,0,0,11.93
6248,624.8,6,0,0,11.92
6249,624.9,5,1,0,11.52
6250,625,5,0,0,11.55
6251,625.1,5,0,0,11.57
6252,625.2,5,0,0,11.57
6253,625.3,5,0,0,11.61
6254,625.4,5,0,0,11.59
6255,625.5,5,0,0,11.62
6256,625.6,5,0,0,11.66
6257,625.7,5,0,0,11.68
6258,625.8,5,0,0,11.69
6259,625.9,5,0,0,11.69
6260,626,5,0,0,11.69
6261,626.1,4,1,0,11.15
6262,626.2,4,1,0,11.21
6263,626.3,4,0,0,11.19
6264,626.4,5,0,0,10.89
6265,626.5,5,0,0,10.88
6266,626.6,5,0,0,10.9
6267,626.7,5,0,0,10.92
6268,626.8,5,0,0,10.92
6269,626.9,5,0,0,10.92
6270,627,5,0,0,10.91
6271,627.1,6,0,0,11.34
6272,627.2,6,0,0,11.34
6273,627.3,6,0,0,11.33
6274,627.4,6,0,0,11.33
6275,627.5,6,0,0,11.37
6276,627.6,6,0,0,11.37
6277,627.7,5,1,0,10.97
6278,627.8,5,0,0,11
6279,627.9,5,0,0,11.01
6280,628,5,0,0,10.98
6281,628.1,5,0,0,11
6282,628.2,5,0,0,10.99
6283,628.3,5,0,0,10.99
6284,628.4,5,0,0,10.99
6285,628.5,5,0,0,11.01
6286,628.6,5,0,0,11.01
6287,628.7,5,0,0,11
6288,628.8,5,0,0,11.01
6289,628.9,5,0,0,11.03
6290,629,5,0,0,11.05
6291,629.1,5,0,0,11.07
6292,629.2,5,0,0,11.08
6293,629.3,5,0,0,11.02
6294,629.4,5,0,0,11.05
6295,629.5,6,0,0,11.36
6296,629.6,6,0,0,11.32
6297,629.7,6,1,0,11.35
6298,629.8,6,0,0,11.31
6299,629.9,7,0,0,11.49
6300,630,7,0,0,11.49
6301,630.1,7,0,0,11.48
6302,630.2,7,0,0,11.48
6303,630.3,7,0,0,11.5
6304,630.4,7,0,0,11.47
6305,630.5,5,2,0,11.18
6306,630.6,5,0,0,11.17
6307,630.7,5,0,0,11.15
6308,630.8,5,0,0,11.14
6309,630.9,5,0,0,11.17
6310,631,5,0,0,11.12
6311,631.1,5,0,0,11.13
6312,631.2,5,0,0,11.11
6313,631.3,5,0,0,11.07
6314,631.4,5,0,0,11.08
6315,631.5,5,0,0,11.1
6316,631.6,5,0,0,11.08
6317,631.7,5,0,0,11.07
6318,631.8,5,0,0,11.03
6319,631.9,5,0,0,11.02
6320,632,5,0,0,11.04
6321,632.1,5,0,0,11.01
6322,632.2,5,0,0,10.99
6323,632.3,5,0,0,10.99
6324,632.4,5,0,0,10.99
6325,632.5,5,0,0,10.99
6326,632.6,5,0,0,10.98
6327,632.7,7,0,0,11.39
6328,632.8,7,0,0,11.38
6329,632.9,7,0,0,11.36
6330,633,7,0,0,11.36
6331,633.1,7,0,0,11.36
6332,633.2,6,1,0,10.93
6333,633.3,6,1,0,10.95
6334,633.4,6,0,0,10.95
6335,633.5,6,0,0,10.93
6336,633.6,6,0,0,10.94
6337,633.7,6,0,0,10.94
6338,633.8,6,0,0,10.91
6339,633.9,6,0,0,10.9
6340,634,6,0,0,10.91
6341,634.1,6,0,0,10.92
6342,634.2,6,0,0,10.89
6343,634.3,6,0,0,10.87
6344,634.4,6,0,0,10.88
6345,634.5,6,0,0,10.89
6346,634.6,6,0,0,10.9
6347,634.7,6,0,0,10.88
6348,634.8,6,0,0,10.87
6349,634.9,6,0,0,10.9
6350,635,6,0,0,10.87
6351,635.1,6,0,0,10.86
6352,635.2,6,0,0,10.85
6353,635.3,6,0,0,10.85
6354,635.4,5,1,0,11
6355,635.5,6,0,0,11.31
6356,635.6,6,0,0,11.37
6357,635.7,6,0,0,11.42
6358,635.8,7,0,0,11.87
6359,635.9,7,0,0,11.91
6360,636,7,0,0,11.98
6361,636.1,6,1,0,11.97
6362,636.2,6,0,0,12.06
6363,636.3,6,0,0,12.16
6364,636.4,6,0,0,12.23
6365,636.5,6,0,0,12.27
6366,636.6,6,0,0,12.33
6367,636.7,6,0,0,12.42
6368,636.8,5,1,0,12.19
6369,636.9,6,0,0,12.56
6370,637,6,0,0,12.63
6371,637.1,6,0,0,12.74
6372,637.2,6,0,0,12.82
6373,637.3,5,1,0,12.76
6374,637.4,5,0,0,12.83
6375,637.5,5,0,0,12.9
6376,637.6,5,0,0,12.93
6377,637.7,5,0,0,12.89
6378,637.8,5,0,0,12.85
6379,637.9,5,0,0,12.87
6380,638,5,0,0,12.88
6381,638.1,5,0,0,12.85
6382,638.2,5,0,0,12.8
6383,638.3,5,0,0,12.79
6384,638.4,6,0,0,12.82
6385,638.5,6,0,0,12.82
6386,638.6,6,0,0,12.79
6387,638.7,5,1,0,12.66
6388,638.8,5,0,0,12.66
6389,638.9,5,0,0,12.66
6390,639,5,1,0,12.72
6391,639.1,5,0,0,12.69
6392,639.2,5,0,0,12.68
6393,639.3,5,0,0,12.7
6394,639.4,5,0,0,12.68
6395,639.5,5,0,0,12.64
6396,639.6,5,0,0,12.66
6397,639.7,5,0,0,12.65
6398,639.8,5,0,0,12.63
6399,639.9,5,0,0,12.59
6400,640,5,0,0,12.59
6401,640.1,6,0,0,12.2
6402,640.2,6,0,0,12.14
6403,640.3,4,2,0,12.56
6404,640.4,4,1,0,12.58
6405,640.5,4,0,0,12.55
6406,640.6,4,0,0,12.56
6407,640.7,4,0,0,12.54
6408,640.8,4,0,0,12.52
6409,640.9,4,0,0,12.53
6410,641,4,0,0,12.51
6411,641.1,4,0,0,12.5
6412,641.2,5,0,0,12.72
6413,641.3,5,0,0,12.69
6414,641.4,5,0,0,12.69
6415,641.5,5,0,0,12.68
6416,641.6,5,0,0,12.67
6417,641.7,5,0,0,12.7
6418,641.8,4,1,0,12.42
6419,641.9,4,0,0,12.43
6420,642,4,0,0,12.41
6421,642.1,5,0,0,12.77
6422,642.2,5,0,0,12.75
6423,642.3,5,0,0,12.72
6424,642.4,5,0,0,12.72
6425,642.5,5,0,0,12.72
6426,642.6,5,0,0,12.7
6427,642.7,5,0,0,12.69
6428,642.8,5,0,0,12.7
6429,642.9,5,0,0,12.72
6430,643,5,0,0,12.7
6431,643.1,5,0,0,12.69
6432,643.2,5,0,0,12.73
6433,643.3,5,0,0,12.67
6434,643.4,5,0,0,12.69
6435,643.5,5,0,0,12.68
6436,643.6,5,0,0,12.65
6437,643.7,5,0,0,12.66
6438,643.8,5,0,0,12.65
6439,643.9,4,1,0,12.35
6440,644,6,0,0,12.89
6441,644.1,6,0,0,12.86
6442,644.2,6,0,0,12.85
6443,644.3,6,0,0,12.82
6444,644.4,5,1,0,13.24
6445,644.5,5,0,0,13.28
6446,644.6,4,1,0,13.21
6447,644.7,4,0,0,13.23
6448,644.8,4,0,0,13.26
6449,644.9,4,0,0,13.34
6450,645,4,0,0,13.42
6451,645.1,4,0,0,13.46
6452,645.2,4,0,0,13.51
6453,645.3,5,0,0,13.42
6454,645.4,5,0,0,13.45
6455,645.5,5,0,0,13.51
6456,645.6,5,0,0,13.53
6457,645.7,5,0,0,13.56
6458,645.8,5,0,0,13.56
6459,645.9,4,1,0,13.46
6460,646,4,0,0,13.47
6461,646.1,4,0,0,13.47
6462,646.2,4,0,0,13.43
6463,646.3,5,0,0,12.55
6464,646.4,5,0,0,12.52
6465,646.5,5,0,0,12.52
6466,646.6,5,0,0,12.56
6467,646.7,5,0,0,12.55
6468,646.8,6,0,0,12.74
6469,646.9,6,0,0,12.73
6470,647,6,0,0,12.78
6471,647.1,6,0,0,12.76
6472,647.2,6,0,0,12.83
6473,647.3,6,0,0,12.81
6474,647.4,5,1,0,12.7
6475,647.5,5,1,0,12.59
6476,647.6,5,0,0,12.61
6477,647.7,5,0,0,12.64
6478,647.8,5,0,0,12.63
6479,647.9,5,0,0,12.66
6480,648,5,0,0,12.67
6481,648.1,5,0,0,12.62
6482,648.2,5,0,0,12.65
6483,648.3,5,0,0,12.63
6484,648.4,6,0,0,12.36
6485,648.5,6,0,0,12.36
6486,648.6,6,0,0,12.33
6487,648.7,5,1,0,12.19
6488,648.8,5,0,0,12.16
6489,648.9,5,0,0,12.16
6490,649,5,0,0,12.15
6491,649.1,5,0,0,12.13
6492,649.2,5,0,0,12.15
6493,649.3,5,0,0,12.14
6494,649.4,5,0,0,12.12
6495,649.5,5,0,0,12.14
6496,649.6,5,0,0,12.13
6497,649.7,6,0,0,12.43
6498,649.8,6,0,0,12.42
6499,649.9,6,0,0,12.4
6500,650,6,0,0,12.41
6501,650.1,6,0,0,12.39
6502,650.2,6,0,0,12.38
6503,650.3,5,1,0,12.08
6504,650.4,5,0,0,12.1
6505,650.5,5,0,0,12.09
6506,650.6,5,0,0,12.11
6507,650.7,5,0,0,12.08
6508,650.8,5,0,0,12.1
6509,650.9,5,0,0,12.09
6510,651,5,0,0,12.09
6511,651.1,5,1,0,12.16
6512,651.2,5,0,0,12.17
6513,651.3,4,1,0,11.7
6514,651.4,4,0,0,11.72
6515,651.5,4,0,0,11.73
6516,651.6,5,0,0,12.17
6517,651.7,5,0,0,12.13
6518,651.8,5,0,0,12.14
6519,651.9,5,0,0,12.12
6520,652,5,0,0,12.15
6521,652.1,5,0,0,12.11
6522,652.2,5,0,0,12.11
6523,652.3,5,0,0,12.14
6524,652.4,5,0,0,12.12
6525,652.5,6,0,0,11.94
6526,652.6,6,0,0,11.89
6527,652.7,6,0,0,11.86
6528,652.8,6,0,0,11.83
6529,652.9,6,0,0,11.82
6530,653,6,0,0,11.83
6531,653.1,6,0,0,11.81
6532,653.2,5,1,0,11.99
6533,653.3,5,0,0,11.97
6534,653.4,5,0,0,11.95
6535,653.5,5,0,0,11.96
6536,653.6,5,0,0,11.91
6537,653.7,5,0,0,11.91
6538,653.8,5,0,0,11.9
6539,653.9,5,0,0,11.88
6540,654,5,0,0,11.86
6541,654.1,5,0,0,11.84
6542,654.2,5,0,0,11.83
6543,654.3,5,0,0,11.83
6544,654.4,5,0,0,11.77
6545,654.5,5,0,0,11.77
6546,654.6,5,1,0,11.84
6547,654.7,6,0,0,12.16
6548,654.8,6,0,0,12.12
6549,654.9,6,0,0,12.11
6550,655,6,0,0,12.15
6551,655.1,6,0,0,12.13
6552,655.2,6,0,0,12.11
6553,655.3,6,1,0,12.27
6554,655.4,6,0,0,12.29
6555,655.5,7,0,0,11.89
6556,655.6,7,0,0,11.87
6557,655.7,7,0,0,11.9
6558,655.8,7,0,0,11.89
6559,655.9,6,1,0,11.58
6560,656,6,0,0,11.58
6561,656.1,7,0,0,11.35
6562,656.2,7,0,0,11.31
6563,656.3,6,1,0,11.55
6564,656.4,6,0,0,11.53
6565,656.5,6,0,0,11.52
6566,656.6,6,0,0,11.51
6567,656.7,6,0,0,11.51
6568,656.8,6,0,0,11.51
6569,656.9,6,0,0,11.5
6570,657,6,0,0,11.49
6571,657.1,6,0,0,11.51
6572,657.2,6,0,0,11.51
6573,657.3,6,0,0,11.49
6574,657.4,6,0,0,11.45
6575,657.5,6,0,0,11.46
6576,657.6,6,0,0,11.46
6577,657.7,6,0,0,11.43
6578,657.8,6,0,0,11.45
6579,657.9,7,0,0,11.82
6580,658,7,0,0,11.79
6581,658.1,7,1,0,11.78
6582,658.2,8,0,0,11.87
6583,658.3,8,0,0,11.89
6584,658.4,8,0,0,11.85
6585,658.5,8,0,0,11.83
6586,658.6,7,1,0,12.11
6587,658.7,6,1,0,11.88
6588,658.8,6,0,0,11.93
6589,658.9,6,0,0,11.98
6590,659,6,0,0,12.02
6591,659.1,6,0,0,12.05
6592,659.2,6,0,0,12.07
6593,659.3,6,0,0,12.14
6594,659.4,6,0,0,12.16
6595,659.5,6,0,0,12.21
6596,659.6,6,0,0,12.28
6597,659.7,6,0,0,12.33
6598,659.8,5,1,0,12.84
6599,659.9,5,0,0,12.95
6600,660,5,0,0,13.05
6601,660.1,5,0,0,13.18
6602,660.2,5,0,0,13.28
6603,660.3,5,0,0,13.42
6604,660.4,5,0,0,13.52
6605,660.5,4,1,0,13.56
6606,660.6,4,0,0,13.67
6607,660.7,4,0,0,13.72
6608,660.8,4,0,0,13.84
6609,660.9,4,0,0,13.89
6610,661,6,0,0,13.71
6611,661.1,6,0,0,13.72
6612,661.2,6,0,0,13.68
6613,661.3,6,0,0,13.7
6614,661.4,6,0,0,13.7
6615,661.5,6,0,0,13.72
6616,661.6,5,1,0,13.64
6617,661.7,5,0,0,13.65
6618,661.8,6,0,0,13.71
6619,661.9,4,2,0,13.61
6620,662,4,0,0,13.6
6621,662.1,4,0,0,13.6
6622,662.2,4,0,0,13.6
6623,662.3,4,0,0,13.58
6624,662.4,4,0,0,13.6
6625,662.5,4,0,0,13.62
6626,662.6,4,0,0,13.56
6627,662.7,4,0,0,13.59
6628,662.8,4,0,0,13.58
6629,662.9,4,0,0,13.56
6630,663,4,0,0,13.62
6631,663.1,4,0,0,13.57
6632,663.2,4,0,0,13.59
6633,663.3,4,0,0,13.57
6634,663.4,4,0,0,13.62
6635,663.5,4,0,0,13.58
6636,663.6,4,0,0,13.6
6637,663.7,4,0,0,13.59
6638,663.8,5,0,0,13.45
6639,663.9,4,1,0,13.28
6640,664,4,0,0,13.3
6641,664.1,4,0,0,13.3
6642,664.2,5,0,0,13.04
6643,664.3,5,0,0,13.06
6644,664.4,4,1,0,13.12
6645,664.5,4,0,0,13.14
6646,664.6,4,0,0,13.07
6647,664.7,4,0,0,13.1
6648,664.8,4,0,0,13.11
6649,664.9,4,0,0,13.09
6650,665,4,0,0,13.13
6651,665.1,4,0,0,13.14
6652,665.2,4,0,0,13.1
6653,665.3,4,1,0,13.12
6654,665.4,4,0,0,13.12
6655,665.5,4,0,0,13.09
6656,665.6,4,0,0,13.08
6657,665.7,4,0,0,13.09
6658,665.8,4,0,0,13.11
6659,665.9,4,0,0,13.11
6660,666,4,0,0,13.12
6661,666.1,4,0,0,13.12
6662,666.2,4,0,0,13.12
6663,666.3,4,0,0,13.11
6664,666.4,4,0,0,13.13
6665,666.5,4,0,0,13.12
6666,666.6,5,0,0,13.3
6667,666.7,5,0,0,13.26
6668,666.8,5,0,0,13.29
6669,666.9,5,0,0,13.27
6670,667,5,0,0,13.25
6671,667.1,4,1,0,13.09
6672,667.2,3,1,0,12.86
6673,667.3,4,0,0,12.6
6674,667.4,4,0,0,12.61
6675,667.5,4,0,0,12.62
6676,667.6,4,0,0,12.59
6677,667.7,4,0,0,12.62
6678,667.8,4,0,0,12.6
6679,667.9,4,0,0,12.56
6680,668,4,0,0,12.62
6681,668.1,4,0,0,12.62
6682,668.2,4,0,0,12.6
6683,668.3,4,0,0,12.58
6684,668.4,4,0,0,12.63
6685,668.5,4,0,0,12.59
6686,668.6,4,0,0,12.58
6687,668.7,4,0,0,12.56
6688,668.8,3,1,0,12.18
6689,668.9,4,0,0,12.61
6690,669,4,0,0,12.59
6691,669.1,4,0,0,12.56
6692,669.2,4,0,0,12.58
6693,669.3,4,0,0,12.58
6694,669.4,6,0,0,11.95
6695,669.5,6,0,0,11.92
6696,669.6,6,0,0,11.93
6697,669.7,6,0,0,11.94
6698,669.8,6,0,0,11.93
6699,669.9,6,0,0,11.93
6700,670,6,0,0,11.95
6701,670.1,5,1,0,12.06
6702,670.2,5,0,0,12.07
6703,670.3,5,0,0,12.05
6704,670.4,5,0,0,12.05
6705,670.5,6,0,0,11.34
6706,670.6,6,0,0,11.36
6707,670.7,6,0,0,11.36
6708,670.8,6,0,0,11.39
6709,670.9,6,0,0,11.41
6710,671,6,0,0,11.42
6711,671.1,6,0,0,11.44
6712,671.2,5,1,0,11.22
6713,671.3,5,0,0,11.22
6714,671.4,5,0,0,11.26
6715,671.5,5,0,0,11.23
6716,671.6,5,0,0,11.24
6717,671.7,5,0,0,11.27
6718,671.8,5,0,0,11.26
6719,671.9,5,0,0,11.27
6720,672,5,0,0,11.3
6721,672.1,6,0,0,11.09
6722,672.2,6,0,0,11.09
6723,672.3,6,1,0,11.75
6724,672.4,6,1,0,11.76
6725,672.5,6,0,0,11.77
6726,672.6,6,0,0,11.79
6727,672.7,6,0,0,11.79
6728,672.8,6,0,0,11.81
6729,672.9,5,1,0,11.4
6730,673,5,0,0,11.37
6731,673.1,5,0,0,11.39
6732,673.2,5,0,0,11.41
6733,673.3,5,0,0,11.4
6734,673.4,5,0,0,11.39
6735,673.5,5,0,0,11.39
6736,673.6,6,0,0,11.58
6737,673.7,6,0,0,11.58
6738,673.8,6,0,0,11.56
6739,673.9,6,0,0,11.56
6740,674,6,0,0,11.55
6741,674.1,6,0,0,11.54
6742,674.2,6,0,0,11.55
6743,674.3,6,0,0,11.52
6744,674.4,6,0,0,11.53
6745,674.5,6,0,0,11.52
6746,674.6,6,0,0,11.52
6747,674.7,6,0,0,11.52
6748,674.8,5,1,0,11.38
6749,674.9,5,0,0,11.38
6750,675,5,0,0,11.36
6751,675.1,6,0,0,11.8
6752,675.2,6,0,0,11.78
6753,675.3,6,0,0,11.82
6754,675.4,6,0,0,11.77
6755,675.5,6,0,0,11.76
6756,675.6,6,0,0,11.77
6757,675.7,5,1,0,11.31
6758,675.8,5,0,0,11.28
6759,675.9,4,1,0,10.67
6760,676,5,0,0,11.28
6761,676.1,5,0,0,11.25
6762,676.2,5,0,0,11.23
6763,676.3,5,0,0,11.26
6764,676.4,5,0,0,11.26
6765,676.5,5,0,0,11.23
6766,676.6,5,0,0,11.25
6767,676.7,5,0,0,11.25
6768,676.8,6,0,0,11.53
6769,676.9,6,0,0,11.5
6770,677,6,0,0,11.5
6771,677.1,6,0,0,11.51
6772,677.2,6,0,0,11.49
6773,677.3,6,0,0,11.51
6774,677.4,6,0,0,11.48
6775,677.5,6,0,0,11.49
6776,677.6,6,0,0,11.47
6777,677.7,6,0,0,11.48
6778,677.8,6,0,0,11.47
6779,677.9,7,0,0,11.83
6780,678,6,1,0,11.83
6781,678.1,6,0,0,11.83
6782,678.2,6,0,0,11.79
6783,678.3,6,0,0,11.79
6784,678.4,6,0,0,11.82
6785,678.5,5,1,0,11.41
6786,678.6,5,0,0,11.39
6787,678.7,5,0,0,11.42
6788,678.8,5,0,0,11.4
6789,678.9,5,0,0,11.39
6790,679,5,0,0,11.39
6791,679.1,5,0,0,11.37
6792,679.2,5,0,0,11.37
6793,679.3,5,0,0,11.36
6794,679.4,5,0,0,11.34
6795,679.5,5,1,0,11.42
6796,679.6,5,0,0,11.43
6797,679.7,5,0,0,11.39
6798,679.8,5,0,0,11.39
6799,679.9,6,0,0,11.53
6800,680,6,0,0,11.51
6801,680.1,6,0,0,11.51
6802,680.2,6,0,0,11.52
6803,680.3,6,0,0,11.53
6804,680.4,6,0,0,11.5
6805,680.5,6,0,0,11.48
6806,680.6,6,0,0,11.49
6807,680.7,7,0,0,11.8
6808,680.8,7,0,0,11.8
6809,680.9,7,0,0,11.76
6810,681,7,0,0,11.79
6811,681.1,7,0,0,11.79
6812,681.2,7,0,0,11.76
6813,681.3,6,1,0,11.44
6814,681.4,6,0,0,11.43
6815,681.5,6,0,0,11.42
6816,681.6,5,1,0,11.67
6817,681.7,5,0,0,11.7
6818,681.8,5,0,0,11.74
6819,681.9,5,0,0,11.81
6820,682,5,0,0,11.85
6821,682.1,5,0,0,11.94
6822,682.2,5,0,0,12.02
6823,682.3,5,0,0,12.1
6824,682.4,5,0,0,12.21
6825,682.5,5,0,0,12.3
6826,682.6,5,0,0,12.37
6827,682.7,5,0,0,12.47
6828,682.8,5,0,0,12.59
6829,682.9,5,0,0,12.68
6830,683,5,1,0,12.77
6831,683.1,6,0,0,13.01
6832,683.2,6,0,0,13.07
6833,683.3,6,0,0,13.09
6834,683.4,6,0,0,13.16
6835,683.5,5,1,0,13.16
6836,683.6,6,0,0,13.3
6837,683.7,6,0,0,13.27
6838,683.8,6,0,0,13.31
6839,683.9,6,0,0,13.31
6840,684,6,0,0,13.29
6841,684.1,6,0,0,13.29
6842,684.2,5,1,0,13.2
6843,684.3,5,0,0,13.2
6844,684.4,5,0,0,13.19
6845,684.5,5,0,0,13.2
6846,684.6,5,0,0,13.19
6847,684.7,5,0,0,13.16
6848,684.8,5,0,0,13.19
6849,684.9,5,0,0,13.23
6850,685,4,1,0,13.23
6851,685.1,4,0,0,13.21
6852,685.2,4,0,0,13.21
6853,685.3,4,0,0,13.23
6854,685.4,4,0,0,13.22
6855,685.5,4,0,0,13.21
6856,685.6,4,0,0,13.21
6857,685.7,4,0,0,13.21
6858,685.8,4,0,0,13.2
6859,685.9,4,0,0,13.25
6860,686,4,0,0,13.23
6861,686.1,4,0,0,13.22
6862,686.2,5,0,0,13.12
6863,686.3,5,0,0,13.11
6864,686.4,6,0,0,13.24
6865,686.5,6,0,0,13.24
6866,686.6,5,1,0,13.1
6867,686.7,5,1,0,13.17
6868,686.8,5,0,0,13.14
6869,686.9,5,0,0,13.15
6870,687,4,1,0,12.96
6871,687.1,4,0,0,12.94
6872,687.2,4,0,0,12.96
6873,687.3,4,0,0,12.99
6874,687.4,4,0,0,12.95
6875,687.5,4,0,0,12.96
6876,687.6,4,0,0,12.97
6877,687.7,4,0,0,12.97
6878,687.8,4,0,0,12.95
6879,687.9,4,0,0,12.97
6880,688,4,0,0,12.95
6881,688.1,5,0,0,12.37
6882,688.2,5,0,0,12.4
6883,688.3,4,1,0,12.96
6884,688.4,4,0,0,12.92
6885,688.5,4,0,0,12.97
6886,688.6,4,0,0,12.96
6887,688.7,4,0,0,12.97
6888,688.8,4,0,0,12.94
6889,688.9,4,0,0,12.93
6890,689,4,0,0,12.93
6891,689.1,4,0,0,12.91
6892,689.2,5,0,0,13.14
6893,689.3,6,0,0,13.15
6894,689.4,6,0,0,13.13
6895,689.5,6,0,0,13.14
6896,689.6,6,0,0,13.11
6897,689.7,6,0,0,13.09
6898,689.8,5,1,0,12.92
6899,689.9,5,0,0,12.9
6900,690,5,0,0,12.9
6901,690.1,5,0,0,12.92
6902,690.2,6,0,0,13.08
6903,690.3,6,0,0,13.08
6904,690.4,5,1,0,13.04
6905,690.5,4,1,0,13.3
6906,690.6,4,0,0,13.35
6907,690.7,4,0,0,13.41
6908,690.8,4,0,0,13.42
6909,690.9,4,0,0,13.44
6910,691,4,0,0,13.46
6911,691.1,4,0,0,13.42
6912,691.2,4,0,0,13.43
6913,691.3,4,0,0,13.42
6914,691.4,4,0,0,13.46
6915,691.5,4,0,0,13.44
6916,691.6,4,0,0,13.43
6917,691.7,4,0,0,13.44
6918,691.8,4,0,0,13.39
6919,691.9,4,0,0,13.45
6920,692,5,0,0,13.56
6921,692.1,5,0,0,13.53
6922,692.2,4,1,0,13.44
6923,692.3,4,0,0,13.44
6924,692.4,4,0,0,13.47
6925,692.5,5,0,0,13.17
6926,692.6,4,1,0,12.98
6927,692.7,4,0,0,13.02
6928,692.8,4,0,0,13.02
6929,692.9,4,0,0,13.02
6930,693,4,0,0,13
6931,693.1,4,0,0,12.98
6932,693.2,4,0,0,13.01
6933,693.3,4,0,0,12.98
6934,693.4,4,0,0,12.97
6935,693.5,4,0,0,13.03
6936,693.6,5,0,0,12.06
6937,693.7,4,1,0,11.63
6938,693.8,5,0,0,12.02
6939,693.9,5,0,0,11.99
6940,694,5,0,0,12.02
6941,694.1,5,0,0,12.03
6942,694.2,5,0,0,12.06
6943,694.3,5,0,0,12.09
6944,694.4,5,0,0,12.12
6945,694.5,5,0,0,12.11
6946,694.6,5,0,0,12.15
6947,694.7,5,0,0,12.15
6948,694.8,5,0,0,12.15
6949,694.9,6,0,0,12.21
6950,695,6,0,0,12.21
6951,695.1,6,0,0,12.24
6952,695.2,6,0,0,12.21
6953,695.3,6,0,0,12.27
6954,695.4,6,0,0,12.27
6955,695.5,5,1,0,12.27
6956,695.6,7,0,0,11.68
6957,695.7,7,0,0,11.68
6958,695.8,7,0,0,11.67
6959,695.9,7,0,0,11.69
6960,696,7,0,0,11.68
6961,696.1,7,0,0,11.68
6962,696.2,7,0,0,11.66
6963,696.3,6,1,0,11.5
6964,696.4,6,0,0,11.53
6965,696.5,6,0,0,11.52
6966,696.6,6,0,0,11.49
6967,696.7,6,0,0,11.49
6968,696.8,6,0,0,11.5
6969,696.9,6,0,0,11.5
6970,697,6,0,0,11.51
6971,697.1,6,0,0,11.5
6972,697.2,6,0,0,11.46
6973,697.3,7,0,0,11.26
6974,697.4,6,1,0,10.89
6975,697.5,6,0,0,10.9
6976,697.6,6,0,0,10.9
6977,697.7,7,0,0,11.22
6978,697.8,7,0,0,11.21
6979,697.9,7,0,0,11.2
6980,698,7,0,0,11.21
6981,698.1,7,0,0,11.22
6982,698.2,7,0,0,11.21
6983,698.3,6,1,0,10.9
6984,698.4,6,0,0,10.9
6985,698.5,6,0,0,10.89
6986,698.6,6,0,0,10.91
6987,698.7,6,0,0,10.89
6988,698.8,7,0,0,11.32
6989,698.9,7,0,0,11.32
6990,699,6,1,0,11.01
6991,699.1,6,0,0,11.01
6992,699.2,6,0,0,10.99
6993,699.3,6,0,0,10.99
6994,699.4,6,0,0,10.99
6995,699.5,6,0,0,10.98
6996,699.6,6,0,0,10.96
6997,699.7,6,0,0,10.95
6998,699.8,6,0,0,10.94
6999,699.9,5,1,0,11.1
7000,700,5,0,0,11.15
7001,700.1,5,0,0,11.17
7002,700.2,5,0,0,11.19
7003,700.3,5,0,0,11.2
7004,700.4,5,0,0,11.24
7005,700.5,6,0,0,11.74
7006,700.6,6,0,0,11.75
7007,700.7,6,0,0,11.77
7008,700.8,6,0,0,11.79
7009,700.9,7,0,0,12.09
7010,701,7,0,0,12.08
7011,701.1,6,1,0,11.83
7012,701.2,6,0,0,11.84
7013,701.3,6,0,0,11.85
7014,701.4,6,0,0,11.86
7015,701.5,6,0,0,11.92
7016,701.6,6,0,0,11.94
7017,701.7,6,0,0,11.94
7018,701.8,5,1,0,11.57
7019,701.9,6,0,0,11.95
7020,702,6,0,0,11.96
7021,702.1,6,0,0,11.97
7022,702.2,6,0,0,11.93
7023,702.3,6,0,0,11.92
7024,702.4,6,0,0,11.91
7025,702.5,6,0,0,11.9
7026,702.6,6,0,0,11.89
7027,702.7,6,0,0,11.9
7028,702.8,6,0,0,11.89
7029,702.9,6,0,0,11.88
7030,703,5,1,0,11.81
7031,703.1,5,0,0,11.78
7032,703.2,5,0,0,11.77
7033,703.3,6,0,0,12.18
7034,703.4,6,0,0,12.14
7035,703.5,6,0,0,12.14
7036,703.6,6,0,0,12.15
7037,703.7,6,0,0,12.13
7038,703.8,6,0,0,12.15
7039,703.9,5,1,0,11.78
7040,704,5,0,0,11.74
7041,704.1,6,0,0,11.47
7042,704.2,6,0,0,11.46
7043,704.3,5,1,0,11.77
7044,704.4,5,1,0,11.8
7045,704.5,5,0,0,11.72
7046,704.6,5,0,0,11.73
7047,704.7,5,0,0,11.74
7048,704.8,5,0,0,11.76
7049,704.9,5,0,0,11.72
7050,705,5,0,0,11.68
7051,705.1,6,0,0,12.1
7052,705.2,6,0,0,12.1
7053,705.3,6,0,0,12.06
7054,705.4,6,0,0,12.04
7055,705.5,6,0,0,12.05
7056,705.6,6,0,0,12.05
7057,705.7,6,0,0,12.06
7058,705.8,6,0,0,12.05
7059,705.9,6,0,0,12
7060,706,5,1,0,12.39
7061,706.1,6,0,0,12.64
7062,706.2,6,0,0,12.69
7063,706.3,6,0,0,12.71
7064,706.4,6,0,0,12.78
7065,706.5,6,0,0,12.8
7066,706.6,6,0,0,12.86
7067,706.7,5,1,0,12.72
7068,706.8,5,0,0,12.77
7069,706.9,5,0,0,12.89
7070,707,5,0,0,12.97
7071,707.1,5,0,0,13.04
7072,707.2,5,0,0,13.13
7073,707.3,5,0,0,13.21
7074,707.4,5,0,0,13.26
7075,707.5,5,0,0,13.33
7076,707.6,5,0,0,13.43
7077,707.7,5,0,0,13.44
7078,707.8,5,0,0,13.43
7079,707.9,3,2,0,13.46
7080,708,4,0,0,13.51
7081,708.1,4,0,0,13.55
7082,708.2,5,0,0,13.49
7083,708.3,5,0,0,13.54
7084,708.4,5,0,0,13.57
7085,708.5,5,0,0,13.62
7086,708.6,5,0,0,13.61
7087,708.7,5,0,0,13.63
7088,708.8,5,0,0,13.61
7089,708.9,5,0,0,13.63
7090,709,6,0,0,13.57
7091,709.1,6,0,0,13.59
7092,709.2,6,0,0,13.55
7093,709.3,5,1,0,13.51
7094,709.4,5,0,0,13.52
7095,709.5,5,0,0,13.52
7096,709.6,4,1,0,13.55
7097,709.7,4,0,0,13.53
7098,709.8,4,0,0,13.49
7099,709.9,4,0,0,13.52
7100,710,4,0,0,13.52
7101,710.1,4,0,0,13.54
7102,710.2,4,0,0,13.52
7103,710.3,4,0,0,13.53
7104,710.4,4,0,0,13.52
7105,710.5,4,0,0,13.53
7106,710.6,4,0,0,13.53
7107,710.7,4,0,0,13.56
7108,710.8,4,0,0,13.55
7109,710.9,4,0,0,13.53
7110,711,4,0,0,13.54
7111,711.1,3,1,0,13.38
7112,711.2,3,0,0,13.37
7113,711.3,3,0,0,13.4
7114,711.4,4,0,0,13.13
7115,711.5,5,0,0,13.27
7116,711.6,4,1,0,13.29
7117,711.7,4,0,0,13.3
7118,711.8,5,0,0,13.01
7119,711.9,5,0,0,12.98
7120,712,5,0,0,12.97
7121,712.1,5,0,0,13.01
7122,712.2,5,0,0,12.97
7123,712.3,5,0,0,12.96
7124,712.4,5,0,0,12.99
7125,712.5,4,1,0,13.27
7126,712.6,4,0,0,13.3
7127,712.7,4,0,0,13.25
7128,712.8,4,0,0,13.26
7129,712.9,4,0,0,13.32
7130,713,4,0,0,13.25
7131,713.1,4,0,0,13.29
7132,713.2,4,0,0,13.29
7133,713.3,4,0,0,13.29
7134,713.4,4,0,0,13.26
7135,713.5,4,0,0,13.25
7136,713.6,4,0,0,13.3
7137,713.7,4,0,0,13.29
7138,713.8,4,0,0,13.29
7139,713.9,4,0,0,13.29
7140,714,4,0,0,13.31
7141,714.1,4,0,0,13.3
7142,714.2,4,0,0,13.28
7143,714.3,3,1,0,13.07
7144,714.4,3,0,0,13.05
7145,714.5,4,0,0,13.3
7146,714.6,5,0,0,13.42
7147,714.7,5,0,0,13.38
7148,714.8,5,0,0,13.43
7149,714.9,5,0,0,13.4
7150,715,4,1,0,13.28
7151,715.1,5,0,0,13.4
7152,715.2,4,1,0,13.3
7153,715.3,4,0,0,13.32
7154,715.4,4,0,0,13.31
7155,715.5,5,0,0,12.63
7156,715.6,5,0,0,12.59
7157,715.7,5,0,0,12.62
7158,715.8,5,0,0,12.62
7159,715.9,5,0,0,12.64
7160,716,5,0,0,12.63
7161,716.1,5,0,0,12.6
7162,716.2,5,0,0,12.64
7163,716.3,5,0,0,12.64
7164,716.4,5,0,0,12.61
7165,716.5,5,0,0,12.59
7166,716.6,5,0,0,12.61
7167,716.7,5,0,0,12.6
7168,716.8,5,0,0,12.62
7169,716.9,5,0,0,12.64
7170,717,5,0,0,12.61
7171,717.1,5,0,0,12.62
7172,717.2,5,0,0,12.6
7173,717.3,5,0,0,12.62
7174,717.4,6,0,0,12.78
7175,717.5,6,0,0,12.77
7176,717.6,6,0,0,12.81
7177,717.7,7,0,0,12.6
7178,717.8,7,0,0,12.57
7179,717.9,7,0,0,12.57
7180,718,5,2,0,12.32
7181,718.1,5,0,0,12.29
7182,718.2,5,0,0,12.23
7183,718.3,5,0,0,12.28
7184,718.4,5,0,0,12.23
7185,718.5,5,0,0,12.24
7186,718.6,4,1,0,11.83
7187,718.7,5,0,0,12.22
7188,718.8,5,0,0,12.23
7189,718.9,5,0,0,12.21
7190,719,5,0,0,12.22
7191,719.1,5,0,0,12.18
7192,719.2,5,0,0,12.19
7193,719.3,5,0,0,12.18
7194,719.4,5,0,0,12.16
7195,719.5,5,0,0,12.16
7196,719.6,5,0,0,12.18
7197,719.7,5,0,0,12.14
7198,719.8,5,0,0,12.17
7199,719.9,5,0,0,12.14
7200,720,5,0,0,12.16
7201,720.1,6,0,0,11.79
7202,720.2,6,0,0,11.76
7203,720.3,6,1,0,12.13
7204,720.4,6,0,0,12.16
7205,720.5,6,0,0,12.15
7206,720.6,6,0,0,12.13
7207,720.7,6,0,0,12.12
7208,720.8,7,0,0,12.38
7209,720.9,6,1,0,12.42
7210,721,6,0,0,12.43
7211,721.1,6,0,0,12.41
7212,721.2,6,0,0,12.41
7213,721.3,6,0,0,12.44
7214,721.4,6,0,0,12.41
7215,721.5,6,0,0,12.42
7216,721.6,6,0,0,12.41
7217,721.7,6,0,0,12.39
7218,721.8,5,1,0,12.43
7219,721.9,5,0,0,12.4
7220,722,5,0,0,12.39
7221,722.1,5,0,0,12.35
7222,722.2,5,1,0,11.64
7223,722.3,5,0,0,11.62
7224,722.4,5,0,0,11.6
7225,722.5,5,0,0,11.58
7226,722.6,5,0,0,11.55
7227,722.7,5,0,0,11.53
7228,722.8,5,0,0,11.53
7229,722.9,5,0,0,11.53
7230,723,5,0,0,11.49
7231,723.1,6,0,0,11.88
7232,723.2,6,0,0,11.87
7233,723.3,6,0,0,11.84
7234,723.4,6,0,0,11.85
7235,723.5,6,0,0,11.85
7236,723.6,6,0,0,11.83
7237,723.7,4,2,0,10.74
7238,723.8,4,0,0,10.71
7239,723.9,4,0,0,10.7
7240,724,5,0,0,11.21
7241,724.1,5,0,0,11.19
7242,724.2,5,0,0,11.13
7243,724.3,5,0,0,11.16
7244,724.4,5,0,0,11.15
7245,724.5,5,0,0,11.12
7246,724.6,5,0,0,11.12
7247,724.7,5,0,0,11.14
7248,724.8,5,0,0,11.1
7249,724.9,5,0,0,11.07
7250,725,5,0,0,11.06
7251,725.1,5,0,0,11.06
7252,725.2,5,0,0,11.06
7253,725.3,5,0,0,11.06
7254,725.4,5,0,0,11.01
7255,725.5,5,0,0,11.03
7256,725.6,5,0,0,11.03
7257,725.7,5,0,0,11.02
7258,725.8,6,0,0,11.46
7259,725.9,7,0,0,11.78
7260,726,7,0,0,11.77
7261,726.1,7,0,0,11.75
7262,726.2,7,0,0,11.72
7263,726.3,7,0,0,11.75
7264,726.4,7,0,0,11.75
7265,726.5,6,1,0,11.36
7266,726.6,6,0,0,11.38
7267,726.7,6,0,0,11.37
7268,726.8,6,0,0,11.38
7269,726.9,5,1,0,11.6
7270,727,5,0,0,11.57
7271,727.1,6,0,0,11.88
7272,727.2,6,0,0,11.89
7273,727.3,6,0,0,11.85
7274,727.4,6,0,0,11.84
7275,727.5,6,0,0,11.84
7276,727.6,6,0,0,11.87
7277,727.7,5,1,0,12.23
7278,727.8,5,0,0,12.23
7279,727.9,5,0,0,12.29
7280,728,5,0,0,12.33
7281,728.1,5,0,0,12.4
7282,728.2,5,0,0,12.46
7283,728.3,5,0,0,12.53
7284,728.4,5,0,0,12.61
7285,728.5,5,0,0,12.68
7286,728.6,5,0,0,12.75
7287,728.7,6,0,0,13.02
7288,728.8,6,0,0,13.08
7289,728.9,6,0,0,13.11
7290,729,6,0,0,13.19
7291,729.1,6,0,0,13.22
7292,729.2,6,0,0,13.29
7293,729.3,6,1,0,13.34
7294,729.4,5,1,0,13.37
7295,729.5,5,0,0,13.44
7296,729.6,4,1,0,13.41
7297,729.7,4,0,0,13.45
7298,729.8,4,0,0,13.5
7299,729.9,4,0,0,13.59
7300,730,4,0,0,13.59
7301,730.1,4,0,0,13.57
7302,730.2,4,0,0,13.56
7303,730.3,5,0,0,13.58
7304,730.4,5,0,0,13.54
7305,730.5,5,0,0,13.55
7306,730.6,5,0,0,13.51
7307,730.7,5,0,0,13.54
7308,730.8,5,0,0,13.54
7309,730.9,5,0,0,13.55
7310,731,5,0,0,13.55
7311,731.1,4,1,0,13.4
7312,731.2,4,0,0,13.46
7313,731.3,4,0,0,13.46
7314,731.4,4,0,0,13.48
7315,731.5,4,0,0,13.45
7316,731.6,5,0,0,13.59
7317,731.7,5,0,0,13.55
7318,731.8,5,0,0,13.57
7319,731.9,5,0,0,13.58
7320,732,5,0,0,13.56
7321,732.1,5,0,0,13.55
7322,732.2,4,1,0,13.46
7323,732.3,4,0,0,13.5
7324,732.4,4,0,0,13.46
7325,732.5,4,0,0,13.47
7326,732.6,4,0,0,13.42
7327,732.7,4,0,0,13.44
7328,732.8,3,1,0,13.36
7329,732.9,4,0,0,13.35
7330,733,4,0,0,13.35
7331,733.1,4,0,0,13.34
7332,733.2,4,0,0,13.35
7333,733.3,4,0,0,13.31
7334,733.4,5,0,0,13.11
7335,733.5,5,0,0,13.12
7336,733.6,4,1,0,13.05
7337,733.7,4,0,0,13.07
7338,733.8,4,0,0,13.08
7339,733.9,4,0,0,13.09
7340,734,4,0,0,13.03
7341,734.1,4,0,0,13.08
7342,734.2,4,0,0,13.05
7343,734.3,4,0,0,13.08
7344,734.4,5,0,0,13.23
7345,734.5,5,0,0,13.24
7346,734.6,5,0,0,13.25
7347,734.7,5,0,0,13.25
7348,734.8,5,0,0,13.26
7349,734.9,5,0,0,13.28
7350,735,4,1,0,13.06
7351,735.1,4,0,0,13.07
7352,735.2,4,0,0,13.1
7353,735.3,4,0,0,13.09
7354,735.4,4,0,0,13.08
7355,735.5,4,0,0,13.03
7356,735.6,4,0,0,13.06
7357,735.7,4,0,0,13.05
7358,735.8,4,0,0,13.11
7359,735.9,4,0,0,13.06
7360,736,4,0,0,13.07
7361,736.1,5,0,0,12.45
7362,736.2,5,0,0,12.44
7363,736.3,4,1,0,13.08
7364,736.4,5,0,0,13.02
7365,736.5,6,0,0,13.1
7366,736.6,4,2,0,12.96
7367,736.7,4,0,0,13.01
7368,736.8,4,0,0,12.99
7369,736.9,4,0,0,13.01
7370,737,4,0,0,13.03
7371,737.1,4,0,0,13
7372,737.2,5,0,0,13.07
7373,737.3,5,0,0,13.02
7374,737.4,6,0,0,12.35
7375,737.5,6,0,0,12.33
7376,737.6,6,0,0,12.33
7377,737.7,6,0,0,12.36
7378,737.8,5,1,0,12.22
7379,737.9,5,0,0,12.21
7380,738,5,0,0,12.27
7381,738.1,5,0,0,12.28
7382,738.2,5,0,0,12.3
7383,738.3,5,0,0,12.32
7384,738.4,5,0,0,12.32
7385,738.5,5,0,0,12.36
7386,738.6,6,0,0,11.95
7387,738.7,6,0,0,12
7388,738.8,6,0,0,11.97
7389,738.9,6,0,0,11.99
7390,739,6,0,0,12
7391,739.1,6,0,0,11.99
7392,739.2,6,0,0,11.96
7393,739.3,6,0,0,11.99
7394,739.4,6,0,0,12
7395,739.5,6,0,0,11.98
7396,739.6,6,0,0,12
7397,739.7,7,0,0,11.41
7398,739.8,6,1,0,11.04
7399,739.9,6,0,0,11.05
7400,740,8,0,0,11.6
7401,740.1,7,1,0,11.43
7402,740.2,7,0,0,11.43
7403,740.3,7,0,0,11.4
7404,740.4,7,0,0,11.42
7405,740.5,7,0,0,11.44
7406,740.6,6,1,0,10.99
7407,740.7,6,0,0,10.96
7408,740.8,6,0,0,11.01
7409,740.9,6,0,0,11.02
7410,741,6,0,0,11
7411,741.1,6,0,0,10.99
7412,741.2,6,0,0,11
7413,741.3,6,0,0,11
7414,741.4,6,0,0,11.02
7415,741.5,6,0,0,11
7416,741.6,6,0,0,11.02
7417,741.7,5,1,0,11.19
7418,741.8,5,0,0,11.24
7419,741.9,5,0,0,11.29
7420,742,5,0,0,11.31
7421,742.1,5,0,0,11.39
7422,742.2,5,0,0,11.42
7423,742.3,5,0,0,11.45
7424,742.4,5,0,0,11.48
7425,742.5,5,0,0,11.52
7426,742.6,5,0,0,11.57
7427,742.7,5,0,0,11.63
7428,742.8,6,0,0,11.8
7429,742.9,7,0,0,12.1
7430,743,7,0,0,12.08
7431,743.1,7,0,0,12.1
7432,743.2,7,0,0,12.1
7433,743.3,7,0,0,12.09
7434,743.4,7,0,0,12.07
7435,743.5,6,1,0,11.81
7436,743.6,7,0,0,12.11
7437,743.7,7,0,0,12.1
7438,743.8,5,2,0,11.72
7439,743.9,5,0,0,11.7
7440,744,5,0,0,11.7
7441,744.1,5,0,0,11.68
7442,744.2,5,0,0,11.65
7443,744.3,5,0,0,11.65
7444,744.4,5,0,0,11.65
7445,744.5,5,0,0,11.65
7446,744.6,5,0,0,11.69
7447,744.7,5,0,0,11.7
7448,744.8,5,0,0,11.64
7449,744.9,5,0,0,11.64
7450,745,5,0,0,11.62
7451,745.1,5,0,0,11.62
7452,745.2,5,0,0,11.61
7453,745.3,5,0,0,11.61
7454,745.4,5,0,0,11.62
7455,745.5,5,0,0,11.62
7456,745.6,5,0,0,11.61
7457,745.7,6,0,0,11.76
7458,745.8,6,0,0,11.77
7459,745.9,6,0,0,11.78
7460,746,6,1,0,11.47
7461,746.1,6,0,0,11.46
7462,746.2,6,0,0,11.43
7463,746.3,5,1,0,11.2
7464,746.4,5,0,0,11.21
7465,746.5,5,0,0,11.19
7466,746.6,5,0,0,11.2
7467,746.7,5,0,0,11.21
7468,746.8,5,0,0,11.2
7469,746.9,5,0,0,11.2
7470,747,5,0,0,11.19
7471,747.1,5,1,0,11.21
7472,747.2,5,0,0,11.18
7473,747.3,5,0,0,11.15
7474,747.4,5,0,0,11.19
7475,747.5,5,0,0,11.17
7476,747.6,5,0,0,11.16
7477,747.7,5,0,0,11.18
7478,747.8,5,0,0,11.17
7479,747.9,5,0,0,11.16
7480,748,5,0,0,11.19
7481,748.1,5,0,0,11.14
7482,748.2,5,0,0,11.17
7483,748.3,5,0,0,11.19
7484,748.4,5,0,0,11.18
7485,748.5,6,0,0,11.29
7486,748.6,6,0,0,11.28
7487,748.7,6,0,0,11.3
7488,748.8,6,0,0,11.26
7489,748.9,6,0,0,11.28
7490,749,6,0,0,11.27
7491,749.1,6,1,0,11.59
7492,749.2,6,0,0,11.62
7493,749.3,6,0,0,11.6
7494,749.4,6,0,0,11.61
7495,749.5,6,0,0,11.59
7496,749.6,6,0,0,11.57
7497,749.7,6,0,0,11.6
7498,749.8,6,0,0,11.61
7499,749.9,6,0,0,11.62
7500,750,6,0,0,11.6
7501,750.1,6,0,0,11.58
7502,750.2,6,0,0,11.6
7503,750.3,6,0,0,11.61
7504,750.4,6,0,0,11.61
7505,750.5,6,0,0,11.6
7506,750.6,5,1,0,11.14
7507,750.7,6,0,0,11.63
7508,750.8,5,1,0,11.92
7509,750.9,5,0,0,11.97
7510,751,5,0,0,12.06
7511,751.1,5,0,0,12.13
7512,751.2,5,0,0,12.17
7513,751.3,6,0,0,12.55
7514,751.4,6,0,0,12.57
7515,751.5,6,0,0,12.68
7516,751.6,6,0,0,12.75
7517,751.7,6,0,0,12.77
7518,751.8,6,0,0,12.87
7519,751.9,5,1,0,12.71
7520,752,5,0,0,12.81
7521,752.1,6,0,0,12.37
7522,752.2,6,0,0,12.45
7523,752.3,6,1,0,13.18
7524,752.4,6,0,0,13.23
7525,752.5,6,0,0,13.32
7526,752.6,6,0,0,13.38
7527,752.7,5,1,0,13.31
7528,752.8,5,0,0,13.34
7529,752.9,5,0,0,13.39
7530,753,5,0,0,13.43
7531,753.1,5,0,0,13.41
7532,753.2,5,0,0,13.41
7533,753.3,5,0,0,13.44
7534,753.4,5,0,0,13.43
7535,753.5,5,0,0,13.4
7536,753.6,5,0,0,13.38
7537,753.7,5,0,0,13.4
7538,753.8,5,0,0,13.41
7539,753.9,5,0,0,13.39
7540,754,5,0,0,13.38
7541,754.1,4,1,0,13.18
7542,754.2,5,1,0,13.18
7543,754.3,5,0,0,13.14
7544,754.4,5,0,0,13.16
7545,754.5,5,0,0,13.11
7546,754.6,5,0,0,13.12
7547,754.7,5,0,0,13.11
7548,754.8,4,1,0,12.9
7549,754.9,4,0,0,12.92
7550,755,4,0,0,12.9
7551,755.1,4,0,0,12.91
7552,755.2,4,0,0,12.91
7553,755.3,4,0,0,12.86
7554,755.4,5,0,0,12.84
7555,755.5,5,0,0,12.81
7556,755.6,5,0,0,12.84
7557,755.7,5,0,0,12.81
7558,755.8,5,0,0,12.8
7559,755.9,5,0,0,12.8
7560,756,5,0,0,12.81
7561,756.1,5,0,0,12.78
7562,756.2,5,0,0,12.78
7563,756.3,5,0,0,12.78
7564,756.4,5,0,0,12.78
7565,756.5,5,0,0,12.8
7566,756.6,5,0,0,12.74
7567,756.7,5,0,0,12.75
7568,756.8,5,0,0,12.76
7569,756.9,5,0,0,12.74
7570,757,5,1,0,13.23
7571,757.1,5,0,0,13.27
7572,757.2,5,0,0,13.29
7573,757.3,5,0,0,13.31
7574,757.4,5,0,0,13.34
7575,757.5,5,0,0,13.43
7576,757.6,4,1,0,13.32
7577,757.7,4,0,0,13.4
7578,757.8,5,0,0,13.37
7579,757.9,4,1,0,13.43
7580,758,4,0,0,13.42
7581,758.1,4,0,0,13.39
7582,758.2,4,0,0,13.4
7583,758.3,4,0,0,13.44
7584,758.4,4,0,0,13.42
7585,758.5,4,0,0,13.41
7586,758.6,4,1,0,13.47
7587,758.7,4,0,0,13.42
7588,758.8,4,0,0,13.42
7589,758.9,4,0,0,13.42
7590,759,4,0,0,13.45
7591,759.1,4,0,0,13.45
7592,759.2,4,0,0,13.47
7593,759.3,4,0,0,13.43
7594,759.4,4,0,0,13.44
7595,759.5,4,0,0,13.4
7596,759.6,4,0,0,13.46
7597,759.7,4,0,0,13.43
7598,759.8,5,0,0,13.56
7599,759.9,5,0,0,13.53
7600,760,5,0,0,13.55
7601,760.1,5,0,0,13.56
7602,760.2,5,0,0,13.51
7603,760.3,5,0,0,13.56
7604,760.4,4,1,0,13.4
7605,760.5,4,0,0,13.41
7606,760.6,4,0,0,13.45
7607,760.7,4,0,0,13.43
7608,760.8,4,0,0,13.41
7609,760.9,4,0,0,13.41
7610,761,4,0,0,13.43
7611,761.1,4,0,0,13.39
7612,761.2,4,0,0,13.44
7613,761.3,5,0,0,13.52
7614,761.4,5,0,0,13.54
7615,761.5,3,2,0,13.54
7616,761.6,3,0,0,13.52
7617,761.7,4,0,0,13.18
7618,761.8,4,0,0,13.15
7619,761.9,4,0,0,13.16
7620,762,4,0,0,13.18
7621,762.1,4,0,0,13.18
7622,762.2,4,0,0,13.19
7623,762.3,4,0,0,13.14
7624,762.4,4,0,0,13.18
7625,762.5,4,0,0,13.16
7626,762.6,5,0,0,13.26
7627,762.7,5,0,0,13.26
7628,762.8,6,0,0,12.42
7629,762.9,6,0,0,12.42
7630,763,6,0,0,12.45
7631,763.1,6,0,0,12.44
7632,763.2,5,1,0,12.22
7633,763.3,5,0,0,12.23
7634,763.4,5,0,0,12.23
7635,763.5,5,0,0,12.27
7636,763.6,5,0,0,12.29
7637,763.7,5,0,0,12.32
7638,763.8,5,0,0,12.32
7639,763.9,5,0,0,12.32
7640,764,5,0,0,12.38
7641,764.1,5,0,0,12.35
7642,764.2,5,0,0,12.39
7643,764.3,5,0,0,12.39
7644,764.4,5,0,0,12.42
7645,764.5,5,0,0,12.43
7646,764.6,5,0,0,12.45
7647,764.7,5,0,0,12.46
7648,764.8,4,1,0,12.14
7649,764.9,6,0,0,12.14
7650,765,6,0,0,12.16
7651,765.1,6,0,0,12.17
7652,765.2,6,0,0,12.17
7653,765.3,6,0,0,12.17
7654,765.4,6,0,0,12.15
7655,765.5,6,1,0,12.34
7656,765.6,6,0,0,12.35
7657,765.7,6,0,0,12.34
7658,765.8,6,0,0,12.33
7659,765.9,6,0,0,12.33
7660,766,6,0,0,12.33
7661,766.1,5,1,0,12.05
7662,766.2,5,0,0,12.05
7663,766.3,5,0,0,12.04
7664,766.4,5,0,0,12.04
7665,766.5,5,0,0,12.02
7666,766.6,5,0,0,12.03
7667,766.7,5,0,0,12.03
7668,766.8,5,0,0,12
7669,766.9,5,0,0,12.01
7670,767,5,0,0,12.05
7671,767.1,5,0,0,12.02
7672,767.2,5,0,0,12.03
7673,767.3,5,0,0,12.01
7674,767.4,5,0,0,12.03
7675,767.5,5,0,0,12.01
7676,767.6,5,0,0,11.99
7677,767.7,5,0,0,12.02
7678,767.8,4,1,0,11.52
7679,767.9,4,0,0,11.53
7680,768,5,0,0,12
7681,768.1,6,0,0,11.66
7682,768.2,6,0,0,11.64
7683,768.3,6,1,0,11.74
7684,768.4,5,1,0,11.31
7685,768.5,6,0,0,11.77
7686,768.6,6,0,0,11.71
7687,768.7,6,0,0,11.71
7688,768.8,6,0,0,11.71
7689,768.9,6,0,0,11.65
7690,769,5,1,0,11.9
7691,769.1,5,0,0,11.88
7692,769.2,5,0,0,11.89
7693,769.3,5,0,0,11.84
7694,769.4,5,0,0,11.84
7695,769.5,5,0,0,11.81
7696,769.6,5,0,0,11.79
7697,769.7,5,0,0,11.8
7698,769.8,5,0,0,11.78
7699,769.9,5,0,0,11.77
7700,770,5,0,0,11.76
7701,770.1,5,0,0,11.75
7702,770.2,5,0,0,11.73
7703,770.3,5,0,0,11.71
7704,770.4,5,0,0,11.66
7705,770.5,5,0,0,11.64
7706,770.6,5,0,0,11.65
7707,770.7,5,0,0,11.64
7708,770.8,5,0,0,11.65
7709,770.9,5,0,0,11.64
7710,771,5,0,0,11.61
7711,771.1,6,0,0,11.97
7712,771.2,7,0,0,12.23
7713,771.3,7,0,0,12.23
7714,771.4,7,0,0,12.24
7715,771.5,7,0,0,12.22
7716,771.6,7,0,0,12.21
7717,771.7,6,1,0,11.91
7718,771.8,6,0,0,11.92
7719,771.9,6,0,0,11.91
7720,772,6,1,0,11.9
7721,772.1,6,0,0,11.87
7722,772.2,5,1,0,11.82
7723,772.3,5,0,0,11.83
7724,772.4,5,0,0,11.79
7725,772.5,5,0,0,11.83
7726,772.6,5,0,0,11.81
7727,772.7,5,0,0,11.8
7728,772.8,5,0,0,11.81
7729,772.9,5,0,0,11.77
7730,773,5,0,0,11.79
7731,773.1,5,0,0,11.76
7732,773.2,5,0,0,11.76
7733,773.3,5,0,0,11.76
7734,773.4,5,0,0,11.73
7735,773.5,5,0,0,11.71
7736,773.6,5,0,0,11.71
7737,773.7,5,0,0,11.7
7738,773.8,5,0,0,11.68
7739,773.9,6,0,0,12.08
7740,774,6,0,0,12.08
7741,774.1,6,0,0,12.05
7742,774.2,6,0,0,12.05
7743,774.3,7,0,0,12.35
7744,774.4,7,0,0,12.33
7745,774.5,6,1,0,12.05
7746,774.6,6,0,0,12.05
7747,774.7,6,0,0,12.04
7748,774.8,6,0,0,12.05
7749,774.9,6,0,0,12.02
7750,775,6,0,0,12.03
7751,775.1,6,0,0,12.03
7752,775.2,5,1,0,12.46
7753,775.3,5,0,0,12.51
7754,775.4,5,0,0,12.56
7755,775.5,4,1,0,12.3
7756,775.6,5,0,0,12.07
7757,775.7,5,0,0,12.08
7758,775.8,5,0,0,12.14
7759,775.9,5,0,0,12.25
7760,776,5,0,0,12.32
7761,776.1,5,0,0,12.38
7762,776.2,5,0,0,12.44
7763,776.3,5,0,0,12.5
7764,776.4,5,0,0,12.56
7765,776.5,5,0,0,12.62
7766,776.6,5,0,0,12.67
7767,776.7,6,0,0,12.94
7768,776.8,6,0,0,13.03
7769,776.9,6,0,0,13.11
7770,777,6,0,0,13.17
7771,777.1,6,0,0,13.27
7772,777.2,5,1,0,13.2
7773,777.3,4,1,0,13.05
7774,777.4,5,0,0,12.37
7775,777.5,6,0,0,12.63
7776,777.6,6,0,0,12.6
7777,777.7,6,0,0,12.62
7778,777.8,6,0,0,12.61
7779,777.9,6,0,0,12.65
7780,778,6,0,0,12.67
7781,778.1,6,0,0,12.68
7782,778.2,6,0,0,12.7
7783,778.3,6,0,0,12.68
7784,778.4,6,0,0,12.67
7785,778.5,5,1,0,12.45
7786,778.6,5,0,0,12.44
7787,778.7,5,0,0,12.46
7788,778.8,5,0,0,12.44
7789,778.9,5,0,0,12.49
7790,779,5,0,0,12.51
7791,779.1,6,0,0,12.04
7792,779.2,6,0,0,12.02
7793,779.3,6,0,0,12.01
7794,779.4,6,0,0,12.03
7795,779.5,6,0,0,12.06
7796,779.6,7,0,0,12.13
7797,779.7,7,0,0,12.09
7798,779.8,7,0,0,12.08
7799,779.9,7,0,0,12.09
7800,780,6,1,0,12.28
7801,780.1,6,0,0,12.33
7802,780.2,5,1,0,12.28
7803,780.3,5,0,0,12.31
7804,780.4,4,1,0,11.91
7805,780.5,4,0,0,11.87
7806,780.6,5,0,0,12.21
7807,780.7,5,0,0,12.22
7808,780.8,5,0,0,12.17
7809,780.9,5,0,0,12.21
7810,781,5,0,0,12.21
7811,781.1,5,0,0,12.17
7812,781.2,5,0,0,12.21
7813,781.3,5,0,0,12.2
7814,781.4,5,0,0,12.19
7815,781.5,5,0,0,12.22
7816,781.6,5,0,0,12.22
7817,781.7,4,1,0,12.8
7818,781.8,4,0,0,12.8
7819,781.9,4,0,0,12.9
7820,782,4,0,0,12.91
7821,782.1,4,0,0,12.92
7822,782.2,4,0,0,12.92
7823,782.3,4,0,0,12.9
7824,782.4,5,0,0,12.74
7825,782.5,5,0,0,12.72
7826,782.6,5,0,0,12.7
7827,782.7,6,0,0,12.95
7828,782.8,6,0,0,12.92
7829,782.9,6,0,0,12.92
7830,783,5,1,0,13.12
7831,783.1,5,0,0,13.11
7832,783.2,5,0,0,13.13
7833,783.3,5,0,0,13.13
7834,783.4,5,0,0,13.13
7835,783.5,4,1,0,12.89
7836,783.6,4,0,0,12.9
7837,783.7,4,0,0,12.94
7838,783.8,5,0,0,13.03
7839,783.9,4,1,0,13.6
7840,784,4,0,0,13.62
7841,784.1,5,0,0,12.91
7842,784.2,5,0,0,12.9
7843,784.3,4,1,0,13.66
7844,784.4,4,0,0,13.66
7845,784.5,4,0,0,13.62
7846,784.6,4,0,0,13.63
7847,784.7,4,0,0,13.63
7848,784.8,5,0,0,12.75
7849,784.9,5,0,0,12.75
7850,785,5,0,0,12.79
7851,785.1,5,0,0,12.78
7852,785.2,6,0,0,12.96
7853,785.3,6,0,0,12.95
7854,785.4,6,0,0,13
7855,785.5,6,0,0,13
7856,785.6,6,0,0,13.01
7857,785.7,6,0,0,13.04
7858,785.8,5,1,0,12.89
7859,785.9,5,0,0,12.91
7860,786,5,0,0,12.91
7861,786.1,5,0,0,12.91
7862,786.2,5,1,0,12.9
7863,786.3,5,0,0,12.88
7864,786.4,5,0,0,12.91
7865,786.5,5,0,0,12.93
7866,786.6,5,0,0,12.9
7867,786.7,4,1,0,12.63
7868,786.8,4,0,0,12.68
7869,786.9,5,0,0,12.34
7870,787,5,0,0,12.29
7871,787.1,5,0,0,12.33
7872,787.2,5,0,0,12.3
7873,787.3,5,0,0,12.3
7874,787.4,5,0,0,12.27
7875,787.5,5,0,0,12.25
7876,787.6,5,0,0,12.28
7877,787.7,5,0,0,12.28
7878,787.8,5,0,0,12.26
7879,787.9,5,0,0,12.25
7880,788,6,0,0,12.53
7881,788.1,6,0,0,12.54
7882,788.2,6,0,0,12.52
7883,788.3,6,0,0,12.54
7884,788.4,6,0,0,12.51
7885,788.5,6,0,0,12.52
7886,788.6,5,1,0,12.24
7887,788.7,5,0,0,12.22
7888,788.8,5,0,0,12.22
7889,788.9,5,0,0,12.24
7890,789,5,0,0,12.22
7891,789.1,5,0,0,12.23
7892,789.2,5,0,0,12.2
7893,789.3,5,0,0,12.23
7894,789.4,5,0,0,12.24
7895,789.5,5,0,0,12.21
7896,789.6,5,0,0,12.19
7897,789.7,4,1,0,11.74
7898,789.8,5,0,0,11.74
7899,789.9,5,0,0,11.74
7900,790,6,0,0,11.6
7901,790.1,5,1,0,11.24
7902,790.2,5,0,0,11.21
7903,790.3,5,0,0,11.21
7904,790.4,5,0,0,11.21
7905,790.5,5,0,0,11.22
7906,790.6,5,0,0,11.23
7907,790.7,5,0,0,11.22
7908,790.8,5,0,0,11.21
7909,790.9,6,0,0,11.45
7910,791,6,0,0,11.45
7911,791.1,6,0,0,11.47
7912,791.2,6,0,0,11.45
7913,791.3,6,0,0,11.45
7914,791.4,6,0,0,11.44
7915,791.5,5,1,0,11.22
7916,791.6,5,0,0,11.2
7917,791.7,5,0,0,11.23
7918,791.8,5,0,0,11.2
7919,791.9,5,0,0,11.19
7920,792,5,0,0,11.21
7921,792.1,5,0,0,11.21
7922,792.2,5,0,0,11.16
7923,792.3,5,0,0,11.19
7924,792.4,5,0,0,11.19
7925,792.5,5,0,0,11.19
7926,792.6,5,0,0,11.16
7927,792.7,5,0,0,11.19
7928,792.8,5,0,0,11.19
7929,792.9,5,0,0,11.17
7930,793,5,0,0,11.16
7931,793.1,5,0,0,11.19
7932,793.2,6,0,0,11.54
7933,793.3,6,0,0,11.51
7934,793.4,6,1,0,11.64
7935,793.5,6,0,0,11.63
7936,793.6,6,0,0,11.64
7937,793.7,7,0,0,11.92
7938,793.8,7,0,0,11.92
7939,793.9,6,1,0,11.96
7940,794,6,0,0,11.99
7941,794.1,6,0,0,12
7942,794.2,6,0,0,11.97
7943,794.3,5,1,0,11.64
7944,794.4,5,0,0,11.61
7945,794.5,5,0,0,11.64
7946,794.6,5,0,0,11.67
7947,794.7,5,0,0,11.64
7948,794.8,5,0,0,11.63
7949,794.9,5,0,0,11.6
7950,795,5,0,0,11.6
7951,795.1,5,0,0,11.62
7952,795.2,5,0,0,11.62
7953,795.3,5,0,0,11.63
7954,795.4,5,0,0,11.62
7955,795.5,5,0,0,11.61
7956,795.6,5,0,0,11.61
7957,795.7,5,0,0,11.61
7958,795.8,5,0,0,11.61
7959,795.9,5,0,0,11.6
7960,796,5,0,0,11.6
7961,796.1,5,0,0,11.61
7962,796.2,5,0,0,11.6
7963,796.3,6,0,0,12
7964,796.4,6,0,0,11.99
7965,796.5,7,0,0,12.28
7966,796.6,7,0,0,12.25
7967,796.7,7,0,0,12.24
7968,796.8,7,0,0,12.23
7969,796.9,7,1,0,12.16
7970,797,7,0,0,12.16
7971,797.1,5,2,0,12.23
7972,797.2,5,0,0,12.28
7973,797.3,5,0,0,12.29
7974,797.4,5,0,0,12.36
7975,797.5,5,0,0,12.38
7976,797.6,5,0,0,12.39
7977,797.7,5,0,0,12.39
7978,797.8,5,0,0,12.39
7979,797.9,5,0,0,12.46
7980,798,5,0,0,12.48
7981,798.1,5,0,0,12.49
7982,798.2,5,0,0,12.53
7983,798.3,5,0,0,12.6
7984,798.4,5,0,0,12.61
7985,798.5,5,0,0,12.66
7986,798.6,5,0,0,12.68
7987,798.7,5,0,0,12.74
7988,798.8,5,0,0,12.76
7989,798.9,5,0,0,12.77
7990,799,4,1,0,12.58
7991,799.1,4,0,0,12.59
7992,799.2,4,0,0,12.57
7993,799.3,5,0,0,12.14
7994,799.4,5,0,0,12.16
7995,799.5,6,0,0,12.14
7996,799.6,6,0,0,12.15
7997,799.7,6,0,0,12.14
7998,799.8,6,0,0,12.14
7999,799.9,6,0,0,12.11
8000,800,5,1,0,12.44
8001,800.1,6,0,0,12.04
8002,800.2,6,0,0,12.04
8003,800.3,5,1,0,12.45
8004,800.4,5,0,0,12.44
8005,800.5,5,1,0,12.33
8006,800.6,5,0,0,12.29
8007,800.7,5,0,0,12.29
8008,800.8,5,0,0,12.31
8009,800.9,5,0,0,12.29
8010,801,5,0,0,12.3
8011,801.1,5,0,0,12.29
8012,801.2,5,0,0,12.29
8013,801.3,5,0,0,12.29
8014,801.4,5,0,0,12.27
8015,801.5,5,0,0,12.29
8016,801.6,5,0,0,12.24
8017,801.7,5,0,0,12.29
8018,801.8,4,1,0,12.63
8019,801.9,4,0,0,12.69
8020,802,4,0,0,12.73
8021,802.1,4,0,0,12.78
8022,802.2,5,0,0,13.07
8023,802.3,5,0,0,13.1
8024,802.4,5,0,0,13.12
8025,802.5,5,0,0,13.15
8026,802.6,6,0,0,12.97
8027,802.7,6,0,0,12.99
8028,802.8,5,1,0,12.86
8029,802.9,5,0,0,12.84
8030,803,5,0,0,12.83
8031,803.1,5,0,0,12.83
8032,803.2,5,0,0,12.86
8033,803.3,4,1,0,12.73
8034,803.4,4,0,0,12.72
8035,803.5,4,0,0,12.74
8036,803.6,4,0,0,12.72
8037,803.7,4,0,0,12.75
8038,803.8,4,0,0,12.74
8039,803.9,4,0,0,12.74
8040,804,5,0,0,12.98
8041,804.1,5,0,0,12.99
8042,804.2,4,1,0,12.97
8043,804.3,4,0,0,12.99
8044,804.4,4,0,0,12.96
8045,804.5,4,0,0,12.97
8046,804.6,4,0,0,12.94
8047,804.7,4,0,0,12.94
8048,804.8,4,0,0,12.99
8049,804.9,4,0,0,12.98
8050,805,5,0,0,13.19
8051,805.1,5,0,0,13.14
8052,805.2,5,0,0,13.15
8053,805.3,5,0,0,13.18
8054,805.4,5,0,0,13.14
8055,805.5,4,1,0,12.96
8056,805.6,3,1,0,12.66
8057,805.7,3,0,0,12.65
8058,805.8,4,0,0,13.01
8059,805.9,4,0,0,12.99
8060,806,4,0,0,12.96
8061,806.1,4,0,0,12.99
8062,806.2,4,0,0,12.99
8063,806.3,4,0,0,12.98
8064,806.4,4,0,0,12.99
8065,806.5,4,0,0,12.96
8066,806.6,4,0,0,12.98
8067,806.7,4,0,0,12.97
8068,806.8,4,0,0,12.96
8069,806.9,4,0,0,12.97
8070,807,4,0,0,12.94
8071,807.1,4,0,0,12.98
8072,807.2,4,0,0,12.97
8073,807.3,4,0,0,12.95
8074,807.4,4,0,0,13
8075,807.5,3,1,0,12.62
8076,807.6,4,0,0,13
8077,807.7,4,0,0,12.99
8078,807.8,6,0,0,12.43
8079,807.9,6,0,0,12.39
8080,808,6,0,0,12.39
8081,808.1,6,0,0,12.4
8082,808.2,6,0,0,12.4
8083,808.3,6,0,0,12.39
8084,808.4,5,1,0,12.38
8085,808.5,5,0,0,12.37
8086,808.6,5,0,0,12.36
8087,808.7,5,0,0,12.37
8088,808.8,5,0,0,12.37
8089,808.9,6,0,0,11.63
8090,809,6,0,0,11.62
8091,809.1,6,0,0,11.64
8092,809.2,6,0,0,11.65
8093,809.3,6,0,0,11.65
8094,809.4,6,0,0,11.65
8095,809.5,6,0,0,11.7
8096,809.6,6,0,0,11.69
8097,809.7,6,0,0,11.7
8098,809.8,6,0,0,11.69
8099,809.9,6,0,0,11.68
8100,810,5,1,0,11.64
8101,810.1,5,0,0,11.66
8102,810.2,5,0,0,11.69
8103,810.3,5,0,0,11.69
8104,810.4,5,0,0,11.67
8105,810.5,5,0,0,11.68
8106,810.6,6,0,0,12.02
8107,810.7,6,0,0,11.99
8108,810.8,6,0,0,12
8109,810.9,6,0,0,12.03
8110,811,6,0,0,12.06
8111,811.1,6,1,0,11.94
8112,811.2,5,1,0,11.59
8113,811.3,5,0,0,11.6
8114,811.4,5,0,0,11.62
8115,811.5,5,0,0,11.58
8116,811.6,5,0,0,11.58
8117,811.7,5,0,0,11.56
8118,811.8,5,0,0,11.58
8119,811.9,5,0,0,11.56
8120,812,5,0,0,11.57
8121,812.1,6,0,0,11.74
8122,812.2,6,0,0,11.73
8123,812.3,6,0,0,11.72
8124,812.4,6,0,0,11.7
8125,812.5,6,0,0,11.69
8126,812.6,6,0,0,11.68
8127,812.7,6,0,0,11.68
8128,812.8,6,0,0,11.65
8129,812.9,6,0,0,11.61
8130,813,6,0,0,11.59
8131,813.1,6,0,0,11.6
8132,813.2,6,0,0,11.61
8133,813.3,6,0,0,11.57
8134,813.4,5,1,0,11.52
8135,813.5,6,0,0,11.83
8136,813.6,6,0,0,11.82
8137,813.7,6,0,0,11.83
8138,813.8,6,0,0,11.87
8139,813.9,6,0,0,11.89
8140,814,6,0,0,11.94
8141,814.1,5,1,0,11.69
8142,814.2,5,0,0,11.66
8143,814.3,5,0,0,11.63
8144,814.4,5,0,0,11.67
8145,814.5,5,0,0,11.64
8146,814.6,5,0,0,11.65
8147,814.7,5,1,0,11.76
8148,814.8,5,0,0,11.77
8149,814.9,5,0,0,11.73
8150,815,5,0,0,11.74
8151,815.1,4,1,0,11.15
8152,815.2,5,0,0,11.74
8153,815.3,5,0,0,11.71
8154,815.4,5,0,0,11.69
8155,815.5,5,0,0,11.72
8156,815.6,5,0,0,11.72
8157,815.7,5,0,0,11.71
8158,815.8,5,0,0,11.7
8159,815.9,5,0,0,11.7
8160,816,5,0,0,11.69
8161,816.1,6,0,0,11.41
8162,816.2,6,0,0,11.4
8163,816.3,6,1,0,12.06
8164,816.4,6,0,0,12.04
8165,816.5,6,0,0,12.05
8166,816.6,6,0,0,12.04
8167,816.7,6,0,0,12.02
8168,816.8,6,0,0,12.03
8169,816.9,5,1,0,11.62
8170,817,5,0,0,11.61
8171,817.1,5,0,0,11.64
8172,817.2,5,0,0,11.63
8173,817.3,5,0,0,11.6
8174,817.4,5,0,0,11.59
8175,817.5,5,0,0,11.56
8176,817.6,5,0,0,11.54
8177,817.7,5,0,0,11.55
8178,817.8,5,0,0,11.52
8179,817.9,5,0,0,11.49
8180,818,5,0,0,11.47
8181,818.1,5,0,0,11.45
8182,818.2,4,1,0,10.81
8183,818.3,5,0,0,10.76
8184,818.4,6,0,0,11.28
8185,818.5,6,0,0,11.27
8186,818.6,6,0,0,11.26
8187,818.7,6,0,0,11.23
8188,818.8,6,0,0,11.2
8189,818.9,6,0,0,11.2
8190,819,6,0,0,11.19
8191,819.1,7,0,0,11.58
8192,819.2,7,0,0,11.55
8193,819.3,7,0,0,11.54
8194,819.4,7,0,0,11.55
8195,819.5,8,0,0,10.93
8196,819.6,8,0,0,10.91
8197,819.7,7,1,0,10.52
8198,819.8,7,0,0,10.52
8199,819.9,7,0,0,10.49
8200,820,6,1,0,10.59
8201,820.1,6,0,0,10.64
8202,820.2,6,0,0,10.73
8203,820.3,6,0,0,10.82
8204,820.4,6,0,0,10.87
8205,820.5,6,0,0,10.97
8206,820.6,6,0,0,11.05
8207,820.7,6,0,0,11.11
8208,820.8,6,0,0,11.23
8209,820.9,6,0,0,11.27
8210,821,6,0,0,11.36
8211,821.1,6,0,0,11.47
8212,821.2,6,0,0,11.51
8213,821.3,6,0,0,11.59
8214,821.4,6,0,0,11.7
8215,821.5,7,0,0,12.1
8216,821.6,7,0,0,12.15
8217,821.7,7,0,0,12.22
8218,821.8,8,0,0,11.94
8219,821.9,8,1,0,12.06
8220,822,8,0,0,12.1
8221,822.1,8,0,0,12.12
8222,822.2,8,0,0,12.2
8223,822.3,8,0,0,12.26
8224,822.4,8,0,0,12.35
8225,822.5,7,1,0,12.15
8226,822.6,7,0,0,12.18
8227,822.7,7,0,0,12.2
8228,822.8,6,1,0,12.44
8229,822.9,6,0,0,12.51
8230,823,6,0,0,12.52
8231,823.1,6,0,0,12.53
8232,823.2,6,0,0,12.56
8233,823.3,5,1,0,12.31
8234,823.4,5,0,0,12.36
8235,823.5,5,0,0,12.33
8236,823.6,5,0,0,12.35
8237,823.7,5,0,0,12.35
8238,823.8,5,0,0,12.37
8239,823.9,5,0,0,12.34
8240,824,5,0,0,12.36
8241,824.1,5,0,0,12.36
8242,824.2,5,0,0,12.38
8243,824.3,5,0,0,12.36
8244,824.4,4,1,0,12.96
8245,824.5,4,0,0,12.98
8246,824.6,4,0,0,13.04
8247,824.7,5,0,0,13.24
8248,824.8,5,1,0,13.11
8249,824.9,5,0,0,13.11
8250,825,5,0,0,13.14
8251,825.1,5,0,0,13.21
8252,825.2,5,0,0,13.23
8253,825.3,5,0,0,13.27
8254,825.4,5,1,0,13.15
8255,825.5,5,0,0,13.18
8256,825.6,5,0,0,13.24
8257,825.7,5,0,0,13.24
8258,825.8,5,0,0,13.3
8259,825.9,5,0,0,13.31
8260,826,5,0,0,13.36
8261,826.1,5,0,0,13.42
8262,826.2,5,0,0,13.45
8263,826.3,4,1,0,13.49
8264,826.4,4,0,0,13.48
8265,826.5,4,0,0,13.48
8266,826.6,4,0,0,13.48
8267,826.7,4,0,0,13.46
8268,826.8,4,0,0,13.45
8269,826.9,4,0,0,13.49
8270,827,4,0,0,13.49
8271,827.1,4,0,0,13.45
8272,827.2,4,0,0,13.51
8273,827.3,4,0,0,13.49
8274,827.4,4,0,0,13.46
8275,827.5,4,0,0,13.45
8276,827.6,4,1,0,12.8
8277,827.7,4,0,0,12.79
8278,827.8,5,0,0,12.85
8279,827.9,5,0,0,12.84
8280,828,5,0,0,12.86
8281,828.1,5,0,0,12.86
8282,828.2,5,0,0,12.85
8283,828.3,4,1,0,13.25
8284,828.4,4,0,0,13.29
8285,828.5,4,0,0,13.25
8286,828.6,4,0,0,13.27
8287,828.7,4,0,0,13.25
8288,828.8,4,0,0,13.26
8289,828.9,5,0,0,13.43
8290,829,5,0,0,13.4
8291,829.1,5,0,0,13.41
8292,829.2,5,0,0,13.43
8293,829.3,5,0,0,13.38
8294,829.4,4,1,0,13.69
8295,829.5,4,0,0,13.75
8296,829.6,4,0,0,13.77
8297,829.7,4,0,0,13.7
8298,829.8,4,0,0,13.71
8299,829.9,4,0,0,13.71
8300,830,4,0,0,13.7
8301,830.1,4,0,0,13.7
8302,830.2,4,0,0,13.72
8303,830.3,4,0,0,13.69
8304,830.4,5,0,0,13.67
8305,830.5,5,0,0,13.68
8306,830.6,5,0,0,13.69
8307,830.7,4,1,0,13.61
8308,830.8,4,0,0,13.59
8309,830.9,5,0,0,12.87
8310,831,4,1,0,12.71
8311,831.1,4,0,0,12.75
8312,831.2,4,0,0,12.74
8313,831.3,4,0,0,12.72
8314,831.4,4,0,0,12.71
8315,831.5,4,0,0,12.74
8316,831.6,4,0,0,12.72
8317,831.7,5,0,0,11.53
8318,831.8,5,0,0,11.5
8319,831.9,5,0,0,11.57
8320,832,5,0,0,11.54
8321,832.1,6,0,0,11.32
8322,832.2,6,0,0,11.35
8323,832.3,5,1,0,11.62
8324,832.4,4,1,0,11.1
8325,832.5,5,0,0,11.53
8326,832.6,5,0,0,11.53
8327,832.7,5,0,0,11.54
8328,832.8,5,0,0,11.53
8329,832.9,5,0,0,11.54
8330,833,5,0,0,11.57
8331,833.1,5,0,0,11.61
8332,833.2,6,0,0,12.02
8333,833.3,6,0,0,12.03
8334,833.4,6,0,0,12.02
8335,833.5,6,0,0,12.03
8336,833.6,6,0,0,12.08
8337,833.7,6,0,0,12.06
8338,833.8,5,1,0,11.69
8339,833.9,4,1,0,11.13
8340,834,4,0,0,11.14
8341,834.1,5,0,0,10.84
8342,834.2,5,0,0,10.87
8343,834.3,5,0,0,10.85
8344,834.4,5,0,0,10.83
8345,834.5,5,0,0,10.85
8346,834.6,5,0,0,10.91
8347,834.7,5,0,0,10.91
8348,834.8,5,0,0,10.94
8349,834.9,5,0,0,10.9
8350,835,5,0,0,10.92
8351,835.1,5,0,0,10.92
8352,835.2,5,0,0,10.95
8353,835.3,5,0,0,10.96
8354,835.4,5,0,0,10.96
8355,835.5,5,0,0,10.97
8356,835.6,5,0,0,10.96
8357,835.7,5,0,0,10.98
8358,835.8,5,0,0,10.98
8359,835.9,5,0,0,11
8360,836,6,0,0,11.26
8361,836.1,7,0,0,11.42
8362,836.2,6,1,0,11.16
8363,836.3,6,0,0,11.15
8364,836.4,6,0,0,11.17
8365,836.5,6,0,0,11.19
8366,836.6,6,0,0,11.17
8367,836.7,5,1,0,10.94
8368,836.8,5,0,0,10.94
8369,836.9,5,0,0,10.95
8370,837,5,0,0,10.96
8371,837.1,5,0,0,10.97
8372,837.2,5,0,0,10.96
8373,837.3,6,0,0,11.4
8374,837.4,6,0,0,11.38
8375,837.5,6,0,0,11.39
8376,837.6,5,1,0,11.03
8377,837.7,5,0,0,11.03
8378,837.8,5,0,0,11.02
8379,837.9,5,0,0,11.01
8380,838,5,0,0,10.98
8381,838.1,5,0,0,10.98
8382,838.2,5,0,0,10.97
8383,838.3,5,0,0,10.91
8384,838.4,5,0,0,10.92
8385,838.5,5,0,0,10.93
8386,838.6,5,0,0,10.93
8387,838.7,5,0,0,10.9
8388,838.8,5,0,0,10.91
8389,838.9,6,0,0,11.21
8390,839,6,0,0,11.19
8391,839.1,6,0,0,11.17
8392,839.2,6,0,0,11.12
8393,839.3,6,0,0,11.16
8394,839.4,6,0,0,11.15
8395,839.5,5,1,0,10.81
8396,839.6,6,0,0,11.33
8397,839.7,6,0,0,11.32
8398,839.8,5,1,0,11.07
8399,839.9,5,0,0,11.03
8400,840,5,0,0,11.03
8401,840.1,5,0,0,10.99
8402,840.2,5,0,0,11.01
8403,840.3,5,0,0,11
8404,840.4,6,0,0,11.5
8405,840.5,6,0,0,11.49
8406,840.6,6,0,0,11.49
8407,840.7,6,0,0,11.48
8408,840.8,6,0,0,11.45
8409,840.9,6,0,0,11.44
8410,841,6,0,0,11.47
8411,841.1,6,0,0,11.45
8412,841.2,6,0,0,11.44
8413,841.3,6,0,0,11.42
8414,841.4,6,0,0,11.46
8415,841.5,6,0,0,11.43
8416,841.6,6,0,0,11.42
8417,841.7,7,0,0,11.6
8418,841.8,7,0,0,11.6
8419,841.9,7,0,0,11.61
8420,842,7,0,0,11.61
8421,842.1,7,0,0,11.58
8422,842.2,7,0,0,11.58
8423,842.3,6,1,0,11.4
8424,842.4,6,0,0,11.39
8425,842.5,6,0,0,11.36
8426,842.6,6,0,0,11.42
8427,842.7,6,0,0,11.42
8428,842.8,6,0,0,11.41
8429,842.9,6,0,0,11.38
8430,843,6,0,0,11.37
8431,843.1,4,2,0,11.09
8432,843.2,5,0,0,11.21
8433,843.3,5,0,0,11.26
8434,843.4,5,0,0,11.32
8435,843.5,6,0,0,11.62
8436,843.6,6,0,0,11.66
8437,843.7,6,0,0,11.73
8438,843.8,6,0,0,11.78
8439,843.9,6,0,0,11.85
8440,844,6,0,0,11.93
8441,844.1,6,0,0,12.01
8442,844.2,6,0,0,12.08
8443,844.3,6,0,0,12.16
8444,844.4,6,0,0,12.26
8445,844.5,7,0,0,12.46
8446,844.6,7,0,0,12.52
8447,844.7,7,0,0,12.59
8448,844.8,7,0,0,12.65
8449,844.9,7,0,0,12.76
8450,845,6,1,0,12.73
8451,845.1,5,1,0,12.7
8452,845.2,5,0,0,12.75
8453,845.3,5,0,0,12.85
8454,845.4,5,0,0,12.92
8455,845.5,5,0,0,13
8456,845.6,5,0,0,13.04
8457,845.7,5,0,0,13.08
8458,845.8,5,0,0,13.09
8459,845.9,5,0,0,13.08
8460,846,5,0,0,13.06
8461,846.1,5,0,0,13.08
8462,846.2,5,0,0,13.05
8463,846.3,5,0,0,13.08
8464,846.4,4,1,0,12.85
8465,846.5,4,0,0,12.94
8466,846.6,4,0,0,12.99
8467,846.7,6,0,0,13.22
8468,846.8,6,0,0,13.22
8469,846.9,6,0,0,13.21
8470,847,6,0,0,13.22
8471,847.1,6,0,0,13.19
8472,847.2,6,0,0,13.18
8473,847.3,7,0,0,13.25
8474,847.4,6,1,0,13.56
8475,847.5,6,0,0,13.58
8476,847.6,6,0,0,13.56
8477,847.7,6,0,0,13.57
8478,847.8,5,1,0,13.51
8479,847.9,4,1,0,13.49
8480,848,4,0,0,13.45
8481,848.1,5,0,0,12.79
8482,848.2,5,0,0,12.75
8483,848.3,4,1,0,13.48
8484,848.4,4,0,0,13.45
8485,848.5,4,0,0,13.49
8486,848.6,4,0,0,13.48
8487,848.7,4,0,0,13.48
8488,848.8,4,0,0,13.48
8489,848.9,4,0,0,13.46
8490,849,4,0,0,13.47
8491,849.1,4,0,0,13.47
8492,849.2,4,0,0,13.47
8493,849.3,4,0,0,13.46
8494,849.4,4,0,0,13.49
8495,849.5,4,0,0,13.48
8496,849.6,3,1,0,13.33
8497,849.7,3,0,0,13.31
8498,849.8,4,0,0,13.06
8499,849.9,4,0,0,13.05
8500,850,4,0,0,13.03
8501,850.1,4,0,0,13.04
8502,850.2,5,0,0,13.24
8503,850.3,5,1,0,13.23
8504,850.4,5,0,0,13.23
8505,850.5,5,0,0,13.2
8506,850.6,5,0,0,13.18
8507,850.7,5,0,0,13.24
8508,850.8,4,1,0,13.05
8509,850.9,4,0,0,13.04
8510,851,4,0,0,13.02
8511,851.1,4,0,0,13.03
8512,851.2,4,0,0,13.08
8513,851.3,4,0,0,13.02
8514,851.4,4,0,0,13.04
8515,851.5,4,0,0,13.02
8516,851.6,4,0,0,13.06
8517,851.7,4,0,0,13.05
8518,851.8,4,0,0,13.1
8519,851.9,4,0,0,13.03
8520,852,4,0,0,13.08
8521,852.1,4,0,0,13.05
8522,852.2,4,0,0,13.08
8523,852.3,4,0,0,13.06
8524,852.4,4,0,0,13.03
8525,852.5,4,0,0,13.05
8526,852.6,4,0,0,13.06
8527,852.7,4,0,0,13.04
8528,852.8,4,0,0,13.07
8529,852.9,4,0,0,13.05
8530,853,6,0,0,13.28
8531,853.1,6,0,0,13.27
8532,853.2,6,0,0,13.28
8533,853.3,6,0,0,13.29
8534,853.4,6,0,0,13.25
8535,853.5,6,0,0,13.27
8536,853.6,4,2,0,13.42
8537,853.7,4,0,0,13.39
8538,853.8,5,0,0,13.22
8539,853.9,4,1,0,13.14
8540,854,5,0,0,12.49
8541,854.1,5,0,0,12.5
8542,854.2,5,0,0,12.49
8543,854.3,5,0,0,12.48
8544,854.4,5,0,0,12.49
8545,854.5,5,0,0,12.49
8546,854.6,5,0,0,12.5
8547,854.7,5,0,0,12.51
8548,854.8,5,0,0,12.52
8549,854.9,5,0,0,12.52
8550,855,5,0,0,12.5
8551,855.1,5,0,0,12.47
8552,855.2,5,0,0,12.47
8553,855.3,5,0,0,12.5
8554,855.4,5,0,0,12.48
8555,855.5,5,0,0,12.49
8556,855.6,5,0,0,12.53
8557,855.7,5,0,0,12.5
8558,855.8,6,0,0,12.65
8559,855.9,5,1,0,12.34
8560,856,5,0,0,12.36
8561,856.1,6,0,0,12.16
8562,856.2,6,0,0,12.15
8563,856.3,6,0,0,12.13
8564,856.4,5,1,0,11.9
8565,856.5,5,0,0,11.9
8566,856.6,5,0,0,11.89
8567,856.7,5,0,0,11.87
8568,856.8,5,0,0,11.89
8569,856.9,5,0,0,11.89
8570,857,5,0,0,11.89
8571,857.1,5,0,0,11.86
8572,857.2,5,0,0,11.9
8573,857.3,5,0,0,11.89
8574,857.4,6,0,0,12.21
8575,857.5,6,0,0,12.21
8576,857.6,6,0,0,12.19
8577,857.7,5,1,0,12.12
8578,857.8,5,0,0,12.15
8579,857.9,5,0,0,12.14
8580,858,5,0,0,12.13
8581,858.1,5,0,0,12.12
8582,858.2,5,0,0,12.11
8583,858.3,5,0,0,12.14
8584,858.4,5,0,0,12.11
8585,858.5,5,0,0,12.09
8586,858.6,6,0,0,12.23
8587,858.7,6,0,0,12.18
8588,858.8,6,0,0,12.19
8589,858.9,6,0,0,12.21
8590,859,6,0,0,12.2
8591,859.1,6,0,0,12.2
8592,859.2,6,1,0,11.74
8593,859.3,7,0,0,12.04
8594,859.4,7,0,0,12.05
8595,859.5,7,0,0,12.05
8596,859.6,7,0,0,12.04
8597,859.7,7,0,0,12.05
8598,859.8,7,0,0,12.03
8599,859.9,7,0,0,12.05
8600,860,7,0,0,12.03
8601,860.1,7,0,0,12.01
8602,860.2,6,1,0,11.98
8603,860.3,6,0,0,11.98
8604,860.4,6,0,0,11.98
8605,860.5,6,0,0,11.95
8606,860.6,6,0,0,11.94
8607,860.7,6,0,0,11.94
8608,860.8,6,0,0,11.9
8609,860.9,6,1,0,11.26
8610,861,6,0,0,11.23
8611,861.1,6,0,0,11.21
8612,861.2,6,0,0,11.19
8613,861.3,6,0,0,11.19
8614,861.4,6,0,0,11.18
8615,861.5,7,0,0,11.57
8616,861.6,7,0,0,11.54
8617,861.7,7,0,0,11.52
8618,861.8,7,0,0,11.53
8619,861.9,7,0,0,11.5
8620,862,7,0,0,11.49
8621,862.1,6,1,0,11.07
8622,862.2,5,1,0,10.5
8623,862.3,5,0,0,10.5
8624,862.4,6,0,0,11.03
8625,862.5,6,0,0,11.02
8626,862.6,6,0,0,11
8627,862.7,6,0,0,10.99
8628,862.8,6,0,0,10.99
8629,862.9,6,0,0,10.94
8630,863,6,0,0,10.99
8631,863.1,6,0,0,10.98
8632,863.2,6,0,0,10.97
8633,863.3,6,0,0,10.98
8634,863.4,6,0,0,10.93
8635,863.5,5,1,0,11.12
8636,863.6,5,0,0,11.17
8637,863.7,5,0,0,11.17
8638,863.8,5,0,0,11.2
8639,863.9,5,0,0,11.23
8640,864,5,0,0,11.23
8641,864.1,6,0,0,11.04
8642,864.2,6,0,0,11.06
8643,864.3,6,1,0,11.77
8644,864.4,6,0,0,11.78
8645,864.5,7,0,0,11.86
8646,864.6,7,0,0,11.92
8647,864.7,7,0,0,11.93
8648,864.8,7,0,0,11.94
8649,864.9,6,1,0,11.66
8650,865,6,0,0,11.63
8651,865.1,6,0,0,11.64
8652,865.2,6,0,0,11.62
8653,865.3,6,0,0,11.62
8654,865.4,5,1,0,11.44
8655,865.5,5,0,0,11.42
8656,865.6,6,0,0,11.82
8657,865.7,6,0,0,11.8
8658,865.8,6,0,0,11.78
8659,865.9,6,0,0,11.8
8660,866,6,0,0,11.78
8661,866.1,6,0,0,11.79
8662,866.2,5,1,0,12.11
8663,866.3,5,0,0,12.15
8664,866.4,5,0,0,12.22
8665,866.5,5,0,0,12.27
8666,866.6,5,0,0,12.32
8667,866.7,5,0,0,12.38
8668,866.8,5,0,0,12.44
8669,866.9,5,0,0,12.5
8670,867,5,0,0,12.57
8671,867.1,6,0,0,12.46
8672,867.2,6,0,0,12.48
8673,867.3,6,0,0,12.53
8674,867.4,6,0,0,12.57
8675,867.5,6,0,0,12.62
8676,867.6,6,0,0,12.64
8677,867.7,6,0,0,12.62
8678,867.8,5,1,0,12.82
8679,867.9,5,0,0,12.86
8680,868,5,0,0,12.83
8681,868.1,6,0,0,12.81
8682,868.2,5,1,0,12.95
8683,868.3,5,0,0,12.99
8684,868.4,4,1,0,13.25
8685,868.5,4,0,0,13.32
8686,868.6,4,0,0,13.36
8687,868.7,5,0,0,13.49
8688,868.8,5,0,0,13.57
8689,868.9,5,0,0,13.6
8690,869,5,0,0,13.67
8691,869.1,5,0,0,13.63
8692,869.2,5,0,0,13.66
8693,869.3,5,0,0,13.69
8694,869.4,5,0,0,13.66
8695,869.5,5,0,0,13.65
8696,869.6,5,0,0,13.63
8697,869.7,4,1,0,13.58
8698,869.8,4,0,0,13.57
8699,869.9,5,0,0,13.68
8700,870,5,0,0,13.68
8701,870.1,5,0,0,13.66
8702,870.2,5,0,0,13.64
8703,870.3,5,0,0,13.65
8704,870.4,5,0,0,13.65
8705,870.5,4,1,0,13.58
8706,870.6,4,0,0,13.56
8707,870.7,4,0,0,13.55
8708,870.8,4,0,0,13.63
8709,870.9,4,0,0,13.54
8710,871,4,0,0,13.55
8711,871.1,4,0,0,13.58
8712,871.2,4,0,0,13.57
8713,871.3,4,0,0,13.6
8714,871.4,4,0,0,13.56
8715,871.5,4,0,0,13.56
8716,871.6,4,1,0,13.6
8717,871.7,4,0,0,13.58
8718,871.8,4,0,0,13.63
8719,871.9,4,1,0,13.91
8720,872,4,0,0,13.91
8721,872.1,4,0,0,13.91
8722,872.2,4,0,0,13.9
8723,872.3,4,0,0,13.93
8724,872.4,4,0,0,13.9
8725,872.5,4,0,0,13.92
8726,872.6,4,0,0,13.91
8727,872.7,4,0,0,13.93
8728,872.8,5,0,0,13.32
8729,872.9,5,0,0,13.32
8730,873,5,0,0,13.34
8731,873.1,5,0,0,13.31
8732,873.2,5,0,0,13.3
8733,873.3,5,0,0,13.29
8734,873.4,5,0,0,13.31
8735,873.5,4,1,0,13.91
8736,873.6,4,0,0,13.9
8737,873.7,4,0,0,13.87
8738,873.8,4,0,0,13.93
8739,873.9,4,0,0,13.91
8740,874,4,0,0,13.91
8741,874.1,4,0,0,13.89
8742,874.2,4,0,0,13.91
8743,874.3,4,0,0,13.9
8744,874.4,4,0,0,13.89
8745,874.5,4,0,0,13.91
8746,874.6,4,0,0,13.88
8747,874.7,4,0,0,13.92
8748,874.8,4,0,0,13.86
8749,874.9,3,1,0,13.98
8750,875,4,0,0,13.94
8751,875.1,3,1,0,13.94
8752,875.2,4,0,0,13.56
8753,875.3,4,0,0,13.59
8754,875.4,4,0,0,13.6
8755,875.5,4,0,0,13.6
8756,875.6,5,0,0,13.67
8757,875.7,5,0,0,13.65
8758,875.8,5,0,0,13.63
8759,875.9,5,0,0,13.67
8760,876,5,0,0,13.64
8761,876.1,5,0,0,13.67
8762,876.2,4,1,0,13.58
8763,876.3,4,0,0,13.58
8764,876.4,4,0,0,13.56
8765,876.5,4,0,0,13.58
8766,876.6,4,0,0,13.58
8767,876.7,4,0,0,13.59
8768,876.8,4,0,0,13.57
8769,876.9,4,0,0,13.59
8770,877,4,0,0,13.59
8771,877.1,5,0,0,12.89
8772,877.2,5,0,0,12.86
8773,877.3,5,0,0,12.84
8774,877.4,5,0,0,12.85
8775,877.5,5,0,0,12.86
8776,877.6,5,0,0,12.88
8777,877.7,5,0,0,12.87
8778,877.8,5,0,0,12.86
8779,877.9,4,1,0,12.6
8780,878,4,0,0,12.58
8781,878.1,4,0,0,12.58
8782,878.2,5,0,0,11.67
8783,878.3,5,0,0,11.67
8784,878.4,6,0,0,11.98
8785,878.5,6,0,0,11.97
8786,878.6,6,0,0,11.99
8787,878.7,7,0,0,12.07
8788,878.8,7,0,0,12.11
8789,878.9,7,0,0,12.1
8790,879,5,2,0,11.73
8791,879.1,5,0,0,11.77
8792,879.2,5,0,0,11.79
8793,879.3,5,0,0,11.79
8794,879.4,5,0,0,11.83
8795,879.5,5,0,0,11.8
8796,879.6,5,0,0,11.81
8797,879.7,5,0,0,11.83
8798,879.8,5,0,0,11.87
8799,879.9,5,0,0,11.83
8800,880,5,0,0,11.88
8801,880.1,6,0,0,11.55
8802,880.2,6,0,0,11.56
8803,880.3,5,1,0,11.89
8804,880.4,5,0,0,11.88
8805,880.5,5,0,0,11.91
8806,880.6,5,0,0,11.89
8807,880.7,5,0,0,11.88
8808,880.8,5,0,0,11.92
8809,880.9,5,0,0,11.91
8810,881,5,0,0,11.91
8811,881.1,4,1,0,11.42
8812,881.2,5,0,0,11.94
8813,881.3,6,0,0,12.02
8814,881.4,6,0,0,12
8815,881.5,6,0,0,12
8816,881.6,6,0,0,11.97
8817,881.7,6,0,0,11.99
8818,881.8,5,1,0,11.56
8819,881.9,5,0,0,11.58
8820,882,5,0,0,11.57
8821,882.1,5,0,0,11.59
8822,882.2,5,0,0,11.56
8823,882.3,6,0,0,11.95
8824,882.4,6,0,0,11.96
8825,882.5,5,1,0,11.8
8826,882.6,5,0,0,11.79
8827,882.7,5,0,0,11.77
8828,882.8,5,0,0,11.78
8829,882.9,5,0,0,11.78
8830,883,5,0,0,11.79
8831,883.1,5,0,0,11.75
8832,883.2,5,0,0,11.73
8833,883.3,5,0,0,11.76
8834,883.4,5,0,0,11.75
8835,883.5,5,0,0,11.76
8836,883.6,5,0,0,11.74
8837,883.7,5,0,0,11.71
8838,883.8,5,0,0,11.73
8839,883.9,5,0,0,11.69
8840,884,5,0,0,11.73
8841,884.1,6,0,0,12.08
8842,884.2,5,1,0,11.68
8843,884.3,5,0,0,11.73
8844,884.4,5,0,0,11.68
8845,884.5,6,0,0,12.07
8846,884.6,6,0,0,12.05
8847,884.7,5,1,0,11.67
8848,884.8,5,0,0,11.66
8849,884.9,5,0,0,11.65
8850,885,5,0,0,11.67
8851,885.1,5,0,0,11.64
8852,885.2,5,0,0,11.66
8853,885.3,5,0,0,11.68
8854,885.4,5,0,0,11.68
8855,885.5,5,0,0,11.63
8856,885.6,5,0,0,11.63
8857,885.7,5,0,0,11.63
8858,885.8,5,1,0,11.19
8859,885.9,5,0,0,11.2
8860,886,5,0,0,11.21
8861,886.1,5,0,0,11.2
8862,886.2,5,0,0,11.17
8863,886.3,5,0,0,11.18
8864,886.4,5,0,0,11.18
8865,886.5,5,0,0,11.2
8866,886.6,5,0,0,11.17
8867,886.7,5,0,0,11.15
8868,886.8,5,0,0,11.15
8869,886.9,6,0,0,11.62
8870,887,6,0,0,11.56
8871,887.1,6,0,0,11.57
8872,887.2,6,0,0,11.55
8873,887.3,6,0,0,11.52
8874,887.4,6,0,0,11.51
8875,887.5,5,1,0,10.98
8876,887.6,6,0,0,11.46
8877,887.7,6,0,0,11.44
8878,887.8,6,0,0,11.43
8879,887.9,6,0,0,11.43
8880,888,6,0,0,11.4
8881,888.1,6,0,0,11.38
8882,888.2,6,0,0,11.38
8883,888.3,6,0,0,11.38
8884,888.4,6,0,0,11.35
8885,888.5,6,0,0,11.36
8886,888.6,6,0,0,11.36
8887,888.7,6,0,0,11.36
8888,888.8,6,0,0,11.33
8889,888.9,6,0,0,11.31
8890,889,6,0,0,11.31
8891,889.1,6,0,0,11.28
8892,889.2,6,0,0,11.26
8893,889.3,5,1,0,11.55
8894,889.4,6,0,0,11.95
8895,889.5,6,0,0,12.01
8896,889.6,6,0,0,12.05
8897,889.7,7,0,0,12.38
8898,889.8,7,0,0,12.43
8899,889.9,6,1,0,12.58
8900,890,6,0,0,12.68
8901,890.1,6,0,0,12.7
8902,890.2,6,0,0,12.79
8903,890.3,5,1,0,12.65
8904,890.4,5,0,0,12.68
8905,890.5,5,0,0,12.81
8906,890.6,5,0,0,12.91
8907,890.7,5,0,0,12.97
8908,890.8,6,0,0,13.23
8909,890.9,6,0,0,13.32
8910,891,6,0,0,13.38
8911,891.1,6,0,0,13.45
8912,891.2,5,1,0,13.53
8913,891.3,5,0,0,13.63
8914,891.4,5,0,0,13.66
8915,891.5,5,0,0,13.73
8916,891.6,5,0,0,13.81
8917,891.7,5,0,0,13.9
8918,891.8,5,0,0,13.97
8919,891.9,5,0,0,13.94
8920,892,5,0,0,13.94
8921,892.1,5,0,0,13.91
8922,892.2,5,0,0,13.95
8923,892.3,5,0,0,13.92
8924,892.4,5,0,0,13.91
8925,892.5,6,0,0,13.9
8926,892.6,5,1,0,13.89
8927,892.7,5,0,0,13.88
8928,892.8,5,0,0,13.91
8929,892.9,4,1,0,13.87
8930,893,5,0,0,13.88
8931,893.1,4,1,0,13.95
8932,893.2,4,0,0,13.94
8933,893.3,4,0,0,13.9
8934,893.4,4,0,0,13.92
8935,893.5,4,0,0,13.93
8936,893.6,4,0,0,13.96
8937,893.7,4,0,0,13.93
8938,893.8,4,0,0,13.92
8939,893.9,5,0,0,13.93
8940,894,5,0,0,13.93
8941,894.1,4,1,0,13.99
8942,894.2,4,0,0,13.94
8943,894.3,4,0,0,13.9
8944,894.4,4,0,0,13.93
8945,894.5,4,0,0,13.93
8946,894.6,4,0,0,13.94
8947,894.7,4,0,0,13.96
8948,894.8,4,0,0,13.94
8949,894.9,4,0,0,13.94
8950,895,4,0,0,13.93
8951,895.1,4,0,0,13.92
8952,895.2,4,0,0,13.94
8953,895.3,4,0,0,13.93
8954,895.4,5,0,0,13.5
8955,895.5,5,0,0,13.51
8956,895.6,5,0,0,13.51
8957,895.7,5,0,0,13.49
8958,895.8,5,0,0,13.47
8959,895.9,5,0,0,13.5
8960,896,5,0,0,13.49
8961,896.1,5,1,0,13.14
8962,896.2,5,0,0,13.14
8963,896.3,4,1,0,13.96
8964,896.4,4,0,0,13.94
8965,896.5,4,1,0,13.94
8966,896.6,4,0,0,13.95
8967,896.7,4,0,0,13.94
8968,896.8,3,1,0,13.94
8969,896.9,3,0,0,13.9
8970,897,4,0,0,13.96
8971,897.1,4,0,0,13.96
8972,897.2,4,0,0,13.93
8973,897.3,4,0,0,13.92
8974,897.4,4,0,0,13.92
8975,897.5,4,0,0,13.91
8976,897.6,4,0,0,13.95
8977,897.7,4,0,0,13.96
8978,897.8,4,0,0,13.93
8979,897.9,4,0,0,13.91
8980,898,4,0,0,13.92
8981,898.1,4,0,0,13.93
8982,898.2,5,0,0,13.8
8983,898.3,5,0,0,13.78
8984,898.4,5,0,0,13.82
8985,898.5,5,0,0,13.8
8986,898.6,5,0,0,13.78
8987,898.7,5,0,0,13.81
8988,898.8,4,1,0,13.93
8989,898.9,4,0,0,13.93
8990,899,4,0,0,13.92
8991,899.1,4,0,0,13.92
8992,899.2,4,0,0,13.96
8993,899.3,4,0,0,13.95
8994,899.4,4,0,0,13.94
8995,899.5,4,0,0,13.93
8996,899.6,4,0,0,13.93
8997,899.7,4,0,0,13.97
8998,899.8,4,0,0,13.92
8999,899.9,4,0,0,13.93
9000,900,2,2,0,13.93
9001,900.1,3,0,0,13.23
9002,900.2,4,0,0,13.35
9003,900.3,4,0,0,13.38
9004,900.4,4,0,0,13.37
9005,900.5,4,0,0,13.36
9006,900.6,4,0,0,13.37
9007,900.7,4,0,0,13.41
9008,900.8,4,0,0,13.38
9009,900.9,4,0,0,13.38
9010,901,5,0,0,13.25
9011,901.1,5,0,0,13.25
9012,901.2,7,0,0,12.03
9013,901.3,7,0,0,12.03
9014,901.4,7,0,0,12.03
9015,901.5,7,0,0,12.03
9016,901.6,6,1,0,11.92
9017,901.7,6,0,0,11.96
9018,901.8,6,0,0,11.99
9019,901.9,6,0,0,11.98
9020,902,6,0,0,11.99
9021,902.1,6,0,0,12.02
9022,902.2,6,0,0,11.99
9023,902.3,6,0,0,12.06
9024,902.4,6,0,0,12.06
9025,902.5,6,0,0,12.06
9026,902.6,6,0,0,12.07
9027,902.7,6,0,0,12.09
9028,902.8,6,0,0,12.12
9029,902.9,6,0,0,12.11
9030,903,6,0,0,12.14
9031,903.1,5,1,0,11.82
9032,903.2,5,0,0,11.82
9033,903.3,6,0,0,11.75
9034,903.4,6,0,0,11.74
9035,903.5,6,0,0,11.74
9036,903.6,7,0,0,11.69
9037,903.7,7,0,0,11.68
9038,903.8,8,0,0,11.76
9039,903.9,8,0,0,11.76
9040,904,8,0,0,11.75
9041,904.1,8,0,0,11.74
9042,904.2,7,1,0,11.74
9043,904.3,7,0,0,11.7
9044,904.4,6,1,0,11.58
9045,904.5,6,0,0,11.57
9046,904.6,6,0,0,11.56
9047,904.7,6,0,0,11.6
9048,904.8,6,0,0,11.54
9049,904.9,6,0,0,11.52
9050,905,6,0,0,11.54
9051,905.1,6,0,0,11.56
9052,905.2,6,0,0,11.53
9053,905.3,6,0,0,11.52
9054,905.4,6,0,0,11.5
9055,905.5,6,0,0,11.49
9056,905.6,6,0,0,11.51
9057,905.7,5,1,0,11.8
9058,905.8,5,0,0,11.84
9059,905.9,5,0,0,11.87
9060,906,5,0,0,11.95
9061,906.1,5,0,0,11.99
9062,906.2,4,1,0,11.55
9063,906.3,4,0,0,11.58
9064,906.4,4,0,0,11.62
9065,906.5,5,0,0,12.14
9066,906.6,5,0,0,12.16
9067,906.7,6,0,0,12.51
9068,906.8,6,0,0,12.54
9069,906.9,6,0,0,12.56
9070,907,6,0,0,12.6
9071,907.1,6,0,0,12.61
9072,907.2,7,0,0,12.84
9073,907.3,6,1,0,12.64
9074,907.4,6,0,0,12.68
9075,907.5,6,0,0,12.69
9076,907.6,6,0,0,12.68
9077,907.7,5,1,0,12.36
9078,907.8,5,0,0,12.33
9079,907.9,5,0,0,12.36
9080,908,5,0,0,12.31
9081,908.1,5,0,0,12.29
9082,908.2,5,0,0,12.26
9083,908.3,5,0,0,12.25
9084,908.4,5,0,0,12.22
9085,908.5,5,0,0,12.21
9086,908.6,5,0,0,12.19
9087,908.7,5,0,0,12.2
9088,908.8,5,0,0,12.19
9089,908.9,5,0,0,12.18
9090,909,5,0,0,12.13
9091,909.1,5,0,0,12.13
9092,909.2,5,0,0,12.11
9093,909.3,5,0,0,12.07
9094,909.4,4,1,0,11.62
9095,909.5,5,0,0,12.09
9096,909.6,6,0,0,12.3
9097,909.7,6,0,0,12.28
9098,909.8,6,0,0,12.27
9099,909.9,6,0,0,12.26
9100,910,6,0,0,12.25
9101,910.1,5,1,0,11.93
9102,910.2,5,0,0,11.91
9103,910.3,5,0,0,11.9
9104,910.4,5,0,0,11.89
9105,910.5,5,0,0,11.86
9106,910.6,5,0,0,11.87
9107,910.7,5,1,0,11.86
9108,910.8,5,0,0,11.85
9109,910.9,5,0,0,11.85
9110,911,5,0,0,11.82
9111,911.1,5,0,0,11.82
9112,911.2,5,0,0,11.8
9113,911.3,5,0,0,11.79
9114,911.4,5,0,0,11.75
9115,911.5,5,0,0,11.75
9116,911.6,5,0,0,11.76
9117,911.7,5,0,0,11.75
9118,911.8,5,0,0,11.75
9119,911.9,5,0,0,11.73
9120,912,5,0,0,11.74
9121,912.1,6,0,0,11.43
9122,912.2,6,0,0,11.43
9123,912.3,6,1,0,12.08
9124,912.4,6,0,0,12.08
9125,912.5,6,0,0,12.06
9126,912.6,6,0,0,12.05
9127,912.7,6,0,0,12.05
9128,912.8,7,0,0,12.14
9129,912.9,6,1,0,11.8
9130,913,6,0,0,11.83
9131,913.1,6,0,0,11.78
9132,913.2,6,0,0,11.76
9133,913.3,6,0,0,11.78
9134,913.4,5,1,0,12.12
9135,913.5,5,0,0,12.19
9136,913.6,5,0,0,12.26
9137,913.7,5,0,0,12.33
9138,913.8,5,0,0,12.4
9139,913.9,5,0,0,12.48
9140,914,5,0,0,12.52
9141,914.1,5,0,0,12.56
9142,914.2,4,1,0,12.32
9143,914.3,5,0,0,12.42
9144,914.4,5,0,0,12.48
9145,914.5,5,0,0,12.57
9146,914.6,5,0,0,12.63
9147,914.7,5,0,0,12.71
9148,914.8,5,0,0,12.79
9149,914.9,5,0,0,12.8
9150,915,5,0,0,12.79
9151,915.1,6,0,0,12.98
9152,915.2,6,0,0,12.99
9153,915.3,6,0,0,12.97
9154,915.4,5,1,0,13.01
9155,915.5,5,0,0,13.04
9156,915.6,5,0,0,13.06
9157,915.7,4,1,0,12.93
9158,915.8,4,0,0,12.94
9159,915.9,5,0,0,12.54
9160,916,5,0,0,12.56
9161,916.1,5,0,0,12.56
9162,916.2,5,0,0,12.59
9163,916.3,5,0,0,12.56
9164,916.4,5,0,0,12.59
9165,916.5,5,0,0,12.62
9166,916.6,5,0,0,12.55
9167,916.7,5,0,0,12.55
9168,916.8,4,1,0,12.24
9169,916.9,4,0,0,12.25
9170,917,4,0,0,12.22
9171,917.1,4,0,0,12.27
9172,917.2,4,0,0,12.25
9173,917.3,4,0,0,12.23
9174,917.4,4,0,0,12.28
9175,917.5,4,0,0,12.24
9176,917.6,4,0,0,12.27
9177,917.7,4,0,0,12.23
9178,917.8,4,0,0,12.25
9179,917.9,6,0,0,12.82
9180,918,6,0,0,12.79
9181,918.1,6,0,0,12.82
9182,918.2,5,1,0,12.89
9183,918.3,5,0,0,12.89
9184,918.4,5,0,0,12.9
9185,918.5,4,1,0,12.65
9186,918.6,4,0,0,12.63
9187,918.7,4,0,0,12.66
9188,918.8,4,0,0,12.62
9189,918.9,4,0,0,12.59
9190,919,3,1,0,12.32
9191,919.1,4,0,0,11.82
9192,919.2,4,0,0,11.81
9193,919.3,4,0,0,11.79
9194,919.4,4,0,0,11.79
9195,919.5,4,0,0,11.75
9196,919.6,4,0,0,11.79
9197,919.7,4,0,0,11.78
9198,919.8,4,0,0,11.76
9199,919.9,4,0,0,11.73
9200,920,4,0,0,11.78
9201,920.1,4,0,0,11.79
9202,920.2,4,0,0,11.77
9203,920.3,4,0,0,11.81
9204,920.4,4,0,0,11.8
9205,920.5,4,0,0,11.76
9206,920.6,4,0,0,11.78
9207,920.7,4,0,0,11.79
9208,920.8,5,0,0,11.99
9209,920.9,5,0,0,11.98
9210,921,5,0,0,11.97
9211,921.1,5,0,0,12
9212,921.2,5,0,0,11.97
9213,921.3,5,0,0,12.01
9214,921.4,4,2,0,11.79
9215,921.5,4,0,0,11.77
9216,921.6,4,0,0,11.75
9217,921.7,4,0,0,11.74
9218,921.8,4,0,0,11.8
9219,921.9,4,0,0,11.78
9220,922,4,0,0,11.77
9221,922.1,4,0,0,11.8
9222,922.2,5,0,0,12.03
9223,922.3,5,0,0,11.99
9224,922.4,5,0,0,12.01
9225,922.5,5,0,0,12
9226,922.6,5,0,0,12.01
9227,922.7,5,0,0,12.05
9228,922.8,5,0,0,12.03
9229,922.9,5,0,0,12.03
9230,923,4,1,0,11.9
9231,923.1,4,0,0,11.91
9232,923.2,5,0,0,11.31
9233,923.3,5,0,0,11.31
9234,923.4,5,0,0,11.33
9235,923.5,5,0,0,11.36
9236,923.6,6,0,0,11.75
9237,923.7,6,0,0,11.75
9238,923.8,6,0,0,11.77
9239,923.9,6,0,0,11.77
9240,924,6,0,0,11.76
9241,924.1,6,0,0,11.75
9242,924.2,5,1,0,11.32
9243,924.3,5,0,0,11.34
9244,924.4,5,0,0,11.31
9245,924.5,5,0,0,11.32
9246,924.6,5,0,0,11.3
9247,924.7,5,0,0,11.3
9248,924.8,5,0,0,11.29
9249,924.9,4,1,0,10.61
9250,925,5,0,0,11.12
9251,925.1,5,0,0,11.14
9252,925.2,5,0,0,11.1
9253,925.3,5,0,0,11.14
9254,925.4,6,0,0,11.15
9255,925.5,6,0,0,11.12
9256,925.6,6,0,0,11.11
9257,925.7,6,0,0,11.08
9258,925.8,6,0,0,11.07
9259,925.9,6,0,0,11.07
9260,926,6,0,0,11.07
9261,926.1,6,0,0,11.07
9262,926.2,6,0,0,11.07
9263,926.3,6,0,0,11.05
9264,926.4,7,0,0,11.22
9265,926.5,7,0,0,11.18
9266,926.6,7,0,0,11.15
9267,926.7,7,0,0,11.18
9268,926.8,7,0,0,11.19
9269,926.9,7,0,0,11.17
9270,927,6,1,0,10.94
9271,927.1,6,0,0,10.96
9272,927.2,6,0,0,10.92
9273,927.3,6,0,0,10.94
9274,927.4,6,0,0,10.94
9275,927.5,6,0,0,10.95
9276,927.6,6,0,0,10.91
9277,927.7,6,0,0,10.87
9278,927.8,6,0,0,10.88
9279,927.9,5,1,0,10.95
9280,928,5,0,0,10.94
9281,928.1,6,0,0,10.77
9282,928.2,6,0,0,10.75
9283,928.3,5,1,0,10.86
9284,928.4,5,0,0,10.88
9285,928.5,7,0,0,11.77
9286,928.6,6,1,0,11.55
9287,928.7,6,0,0,11.52
9288,928.8,6,0,0,11.52
9289,928.9,6,0,0,11.51
9290,929,6,0,0,11.5
9291,929.1,6,0,0,11.51
9292,929.2,7,0,0,11.84
9293,929.3,7,0,0,11.82
9294,929.4,7,0,0,11.81
9295,929.5,7,0,0,11.79
9296,929.6,7,0,0,11.78
9297,929.7,7,0,0,11.74
9298,929.8,6,1,0,11.36
9299,929.9,6,0,0,11.38
9300,930,6,0,0,11.36
9301,930.1,6,0,0,11.33
9302,930.2,6,0,0,11.31
9303,930.3,6,0,0,11.29
9304,930.4,6,0,0,11.28
9305,930.5,6,0,0,11.26
9306,930.6,6,0,0,11.24
9307,930.7,6,0,0,11.22
9308,930.8,6,0,0,11.23
9309,930.9,6,0,0,11.2
9310,931,6,0,0,11.18
9311,931.1,6,0,0,11.14
9312,931.2,6,0,0,11.14
9313,931.3,6,0,0,11.15
9314,931.4,6,0,0,11.12
9315,931.5,6,0,0,11.13
9316,931.6,6,0,0,11.08
9317,931.7,7,0,0,11.5
9318,931.8,6,1,0,11.72
9319,931.9,6,0,0,11.73
9320,932,5,1,0,11.31
9321,932.1,7,0,0,11.83
9322,932.2,7,0,0,11.85
9323,932.3,7,0,0,11.84
9324,932.4,7,0,0,11.84
9325,932.5,7,0,0,11.87
9326,932.6,7,0,0,11.92
9327,932.7,6,1,0,11.58
9328,932.8,6,0,0,11.61
9329,932.9,6,0,0,11.63
9330,933,6,0,0,11.67
9331,933.1,6,0,0,11.67
9332,933.2,6,0,0,11.69
9333,933.3,5,1,0,11.47
9334,933.4,5,0,0,11.44
9335,933.5,5,0,0,11.45
9336,933.6,5,0,0,11.45
9337,933.7,5,0,0,11.45
9338,933.8,5,0,0,11.45
9339,933.9,5,0,0,11.45
9340,934,5,0,0,11.42
9341,934.1,5,0,0,11.39
9342,934.2,5,0,0,11.4
9343,934.3,5,0,0,11.4
9344,934.4,5,0,0,11.37
9345,934.5,5,0,0,11.39
9346,934.6,5,0,0,11.38
9347,934.7,5,0,0,11.37
9348,934.8,6,0,0,11.8
9349,934.9,7,0,0,12.13
9350,935,7,0,0,12.07
9351,935.1,7,0,0,12.06
9352,935.2,7,0,0,12.09
9353,935.3,7,0,0,12.09
9354,935.4,7,0,0,12.08
9355,935.5,5,2,0,12.11
9356,935.6,6,0,0,12.42
9357,935.7,6,0,0,12.45
9358,935.8,6,0,0,12.51
9359,935.9,6,0,0,12.53
9360,936,6,0,0,12.6
9361,936.1,5,1,0,12.77
9362,936.2,5,0,0,12.87
9363,936.3,5,0,0,12.94
9364,936.4,5,0,0,12.99
9365,936.5,5,0,0,13.09
9366,936.6,5,0,0,13.14
9367,936.7,5,0,0,13.23
9368,936.8,5,0,0,13.24
9369,936.9,5,0,0,13.24
9370,937,5,0,0,13.23
9371,937.1,5,0,0,13.27
9372,937.2,5,0,0,13.28
9373,937.3,5,0,0,13.27
9374,937.4,5,0,0,13.28
9375,937.5,4,1,0,13.47
9376,937.6,4,0,0,13.53
9377,937.7,5,0,0,13.65
9378,937.8,5,0,0,13.68
9379,937.9,5,0,0,13.71
9380,938,6,0,0,13.81
9381,938.1,6,0,0,13.82
9382,938.2,6,0,0,13.84
9383,938.3,5,1,0,13.9
9384,938.4,5,0,0,13.86
9385,938.5,5,0,0,13.88
9386,938.6,5,0,0,13.89
9387,938.7,5,0,0,13.89
9388,938.8,5,0,0,13.9
9389,938.9,4,1,0,13.87
9390,939,4,0,0,13.86
9391,939.1,3,1,0,13.92
9392,939.2,4,0,0,13.96
9393,939.3,4,0,0,13.93
9394,939.4,4,0,0,13.93
9395,939.5,4,0,0,13.96
9396,939.6,4,0,0,13.94
9397,939.7,4,0,0,13.93
9398,939.8,4,0,0,13.93
9399,939.9,4,0,0,13.94
9400,940,4,0,0,13.95
9401,940.1,4,0,0,13.93
9402,940.2,4,0,0,13.96
9403,940.3,4,0,0,13.94
9404,940.4,4,0,0,13.94
9405,940.5,5,0,0,13.77
9406,940.6,5,0,0,13.73
9407,940.7,5,0,0,13.74
9408,940.8,5,0,0,13.73
9409,940.9,4,1,0,13.71
9410,941,4,0,0,13.67
9411,941.1,5,1,0,13.17
9412,941.2,5,0,0,13.13
9413,941.3,5,0,0,13.13
9414,941.4,5,0,0,13.17
9415,941.5,5,0,0,13.17
9416,941.6,5,0,0,13.12
9417,941.7,5,0,0,13.12
9418,941.8,5,0,0,13.16
9419,941.9,5,0,0,13.12
9420,942,5,0,0,13.15
9421,942.1,5,0,0,13.15
9422,942.2,5,0,0,13.16
9423,942.3,5,0,0,13.14
9424,942.4,5,0,0,13.15
9425,942.5,5,0,0,13.17
9426,942.6,5,0,0,13.16
9427,942.7,4,1,0,12.95
9428,942.8,5,0,0,12.37
9429,942.9,5,0,0,12.36
9430,943,5,0,0,12.33
9431,943.1,5,0,0,12.37
9432,943.2,5,0,0,12.35
9433,943.3,5,0,0,12.36
9434,943.4,6,0,0,12.58
9435,943.5,6,0,0,12.62
9436,943.6,6,0,0,12.63
9437,943.7,6,0,0,12.62
9438,943.8,6,0,0,12.64
9439,943.9,6,0,0,12.62
9440,944,4,2,0,11.96
9441,944.1,5,0,0,11.55
9442,944.2,6,0,0,11.95
9443,944.3,5,1,0,12.35
9444,944.4,5,0,0,12.34
9445,944.5,5,0,0,12.36
9446,944.6,5,0,0,12.33
9447,944.7,5,0,0,12.34
9448,944.8,5,0,0,12.33
9449,944.9,5,0,0,12.32
9450,945,5,0,0,12.34
9451,945.1,5,0,0,12.34
9452,945.2,5,0,0,12.37
9453,945.3,5,0,0,12.34
9454,945.4,4,1,0,12.92
9455,945.5,4,0,0,12.98
9456,945.6,4,0,0,13.02
9457,945.7,4,0,0,13.06
9458,945.8,4,0,0,13.11
9459,945.9,4,0,0,13.17
9460,946,4,0,0,13.22
9461,946.1,4,0,0,13.21
9462,946.2,5,0,0,13.13
9463,946.3,7,0,0,12.82
9464,946.4,7,0,0,12.82
9465,946.5,7,0,0,12.85
9466,946.6,7,0,0,12.88
9467,946.7,7,0,0,12.91
9468,946.8,6,1,0,13.02
9469,946.9,6,0,0,13.04
9470,947,6,0,0,13.06
9471,947.1,6,0,0,13.04
9472,947.2,5,1,0,12.85
9473,947.3,4,1,0,12.88
9474,947.4,5,0,0,11.89
9475,947.5,5,0,0,11.9
9476,947.6,5,0,0,11.9
9477,947.7,5,0,0,11.92
9478,947.8,5,0,0,11.92
9479,947.9,5,0,0,11.91
9480,948,5,0,0,11.95
9481,948.1,5,0,0,11.95
9482,948.2,5,0,0,11.96
9483,948.3,5,0,0,11.99
9484,948.4,5,0,0,12
9485,948.5,5,0,0,12.01
9486,948.6,5,0,0,12.02
9487,948.7,5,0,0,12.01
9488,948.8,5,0,0,12.04
9489,948.9,5,0,0,12.05
9490,949,6,0,0,12.36
9491,949.1,6,0,0,12.32
9492,949.2,6,0,0,12.35
9493,949.3,6,0,0,12.37
9494,949.4,6,0,0,12.38
9495,949.5,6,0,0,12.37
9496,949.6,5,1,0,12.08
9497,949.7,5,0,0,12.11
9498,949.8,4,1,0,11.73
9499,949.9,5,0,0,12.18
9500,950,5,0,0,12.21
9501,950.1,5,0,0,12.18
9502,950.2,5,0,0,12.22
9503,950.3,4,1,0,11.77
9504,950.4,4,0,0,11.74
9505,950.5,5,0,0,11.92
9506,950.6,5,0,0,11.91
9507,950.7,5,0,0,11.88
9508,950.8,5,0,0,11.88
9509,950.9,5,0,0,11.85
9510,951,5,0,0,11.86
9511,951.1,5,0,0,11.85
9512,951.2,5,0,0,11.85
9513,951.3,5,0,0,11.85
9514,951.4,5,0,0,11.82
9515,951.5,5,0,0,11.8
9516,951.6,5,0,0,11.8
9517,951.7,5,0,0,11.81
9518,951.8,6,0,0,12.04
9519,951.9,6,0,0,11.99
9520,952,6,0,0,12.03
9521,952.1,6,0,0,12.04
9522,952.2,6,0,0,12.02
9523,952.3,6,0,0,12
9524,952.4,5,1,0,11.76
9525,952.5,5,0,0,11.73
9526,952.6,5,0,0,11.74
9527,952.7,5,0,0,11.72
9528,952.8,5,0,0,11.75
9529,952.9,5,0,0,11.7
9530,953,5,0,0,11.71
9531,953.1,5,0,0,11.7
9532,953.2,5,0,0,11.73
9533,953.3,5,0,0,11.71
9534,953.4,4,2,0,10.21
9535,953.5,4,0,0,10.19
9536,953.6,4,0,0,10.22
9537,953.7,5,0,0,10.57
9538,953.8,5,0,0,10.57
9539,953.9,5,0,0,10.55
9540,954,5,0,0,10.55
9541,954.1,5,0,0,10.54
9542,954.2,5,0,0,10.55
9543,954.3,5,0,0,10.55
9544,954.4,5,0,0,10.53
9545,954.5,5,0,0,10.5
9546,954.6,5,0,0,10.54
9547,954.7,6,0,0,10.78
9548,954.8,6,0,0,10.78
9549,954.9,6,0,0,10.78
9550,955,6,0,0,10.76
9551,955.1,6,0,0,10.78
9552,955.2,6,0,0,10.78
9553,955.3,5,1,0,10.52
9554,955.4,5,0,0,10.49
9555,955.5,5,0,0,10.5
9556,955.6,5,0,0,10.47
9557,955.7,5,0,0,10.48
9558,955.8,5,0,0,10.5
9559,955.9,5,0,0,10.47
9560,956,5,0,0,10.48
9561,956.1,5,0,0,10.51
9562,956.2,5,0,0,10.47
9563,956.3,5,0,0,10.45
9564,956.4,5,0,0,10.5
9565,956.5,5,0,0,10.46
9566,956.6,5,0,0,10.45
9567,956.7,5,0,0,10.47
9568,956.8,6,0,0,11.05
9569,956.9,6,0,0,11.03
9570,957,7,0,0,11.31
9571,957.1,7,0,0,11.28
9572,957.2,7,0,0,11.32
9573,957.3,7,0,0,11.31
9574,957.4,7,0,0,11.3
9575,957.5,8,0,0,11.53
9576,957.6,8,0,0,11.55
9577,957.7,8,0,0,11.52
9578,957.8,8,0,0,11.53
9579,957.9,8,0,0,11.52
9580,958,8,0,0,11.54
9581,958.1,6,2,0,11.48
9582,958.2,6,0,0,11.47
9583,958.3,6,0,0,11.45
9584,958.4,6,0,0,11.44
9585,958.5,5,1,0,11.74
9586,958.6,5,0,0,11.79
9587,958.7,5,0,0,11.88
9588,958.8,5,0,0,11.93
9589,958.9,5,0,0,11.98
9590,959,5,0,0,12.02
9591,959.1,5,0,0,12.1
9592,959.2,5,0,0,12.14
9593,959.3,5,0,0,12.18
9594,959.4,5,0,0,12.26
9595,959.5,5,0,0,12.32
9596,959.6,5,0,0,12.35
9597,959.7,5,0,0,12.47
9598,959.8,5,0,0,12.58
9599,959.9,5,0,0,12.63
9600,960,6,0,0,12.8
9601,960.1,7,0,0,12.46
9602,960.2,7,0,0,12.5
9603,960.3,7,1,0,13.05
9604,960.4,7,0,0,13.08
9605,960.5,7,1,0,13.15
9606,960.6,7,0,0,13.18
9607,960.7,6,1,0,13.24
9608,960.8,6,0,0,13.28
9609,960.9,5,1,0,13.31
9610,961,5,0,0,13.37
9611,961.1,5,0,0,13.37
9612,961.2,5,0,0,13.35
9613,961.3,5,0,0,13.34
9614,961.4,5,0,0,13.37
9615,961.5,5,0,0,13.33
9616,961.6,5,0,0,13.36
9617,961.7,5,0,0,13.38
9618,961.8,4,1,0,13.22
9619,961.9,4,0,0,13.23
9620,962,4,0,0,13.24
9621,962.1,4,0,0,13.21
9622,962.2,4,0,0,13.23
9623,962.3,4,0,0,13.18
9624,962.4,4,0,0,13.17
9625,962.5,4,0,0,13.16
9626,962.6,4,0,0,13.17
9627,962.7,4,0,0,13.12
9628,962.8,4,0,0,13.11
9629,962.9,4,0,0,13.09
9630,963,4,0,0,13.12
9631,963.1,6,0,0,13.35
9632,963.2,6,0,0,13.32
9633,963.3,6,0,0,13.28
9634,963.4,6,0,0,13.29
9635,963.5,6,0,0,13.29
9636,963.6,6,0,0,13.3
9637,963.7,5,1,0,13.13
9638,963.8,5,0,0,13.15
9639,963.9,5,0,0,13.15
9640,964,4,1,0,12.99
9641,964.1,5,0,0,12.77
9642,964.2,5,0,0,12.74
9643,964.3,5,0,0,12.73
9644,964.4,4,1,0,12.94
9645,964.5,4,0,0,13.01
9646,964.6,4,0,0,13.01
9647,964.7,4,0,0,13.08
9648,964.8,4,0,0,13.11
9649,964.9,4,0,0,13.17
9650,965,4,0,0,13.15
9651,965.1,4,0,0,13.11
9652,965.2,4,0,0,13.15
9653,965.3,4,0,0,13.14
9654,965.4,4,0,0,13.13
9655,965.5,4,0,0,13.12
9656,965.6,4,0,0,13.15
9657,965.7,4,0,0,13.17
9658,965.8,4,0,0,13.19
9659,965.9,4,0,0,13.13
9660,966,5,0,0,12.64
9661,966.1,4,1,0,12.33
9662,966.2,4,0,0,12.32
9663,966.3,5,0,0,12.46
9664,966.4,5,0,0,12.45
9665,966.5,5,0,0,12.47
9666,966.6,5,0,0,12.46
9667,966.7,4,1,0,12.91
9668,966.8,4,0,0,12.91
9669,966.9,4,0,0,12.95
9670,967,4,0,0,12.93
9671,967.1,4,0,0,12.92
9672,967.2,4,0,0,12.93
9673,967.3,4,0,0,12.93
9674,967.4,4,0,0,12.92
9675,967.5,4,0,0,12.91
9676,967.6,4,0,0,12.93
9677,967.7,5,0,0,12.87
9678,967.8,5,0,0,12.87
9679,967.9,5,0,0,12.82
9680,968,5,0,0,12.88
9681,968.1,5,0,0,12.84
9682,968.2,4,1,0,13.09
9683,968.3,4,0,0,13.13
9684,968.4,4,0,0,13.12
9685,968.5,4,0,0,13.1
9686,968.6,4,0,0,13.13
9687,968.7,4,0,0,13.12
9688,968.8,5,0,0,13.31
9689,968.9,5,0,0,13.24
9690,969,5,0,0,13.26
9691,969.1,5,0,0,13.27
9692,969.2,5,0,0,13.27
9693,969.3,5,0,0,13.28
9694,969.4,5,1,0,13.29
9695,969.5,5,0,0,13.27
9696,969.6,4,1,0,13.29
9697,969.7,4,0,0,13.31
9698,969.8,4,0,0,13.28
9699,969.9,4,0,0,13.27
9700,970,4,0,0,13.26
9701,970.1,4,0,0,13.26
9702,970.2,4,0,0,13.32
9703,970.3,5,0,0,12.54
9704,970.4,5,0,0,12.58
9705,970.5,5,0,0,12.59
9706,970.6,5,0,0,12.63
9707,970.7,5,0,0,12.62
9708,970.8,5,0,0,12.64
9709,970.9,5,0,0,12.64
9710,971,5,0,0,12.65
9711,971.1,5,0,0,12.63
9712,971.2,6,0,0,12.84
9713,971.3,6,0,0,12.82
9714,971.4,6,0,0,12.86
9715,971.5,5,1,0,12.91
9716,971.6,6,0,0,12.93
9717,971.7,6,0,0,12.91
9718,971.8,6,0,0,12.89
9719,971.9,6,0,0,12.88
9720,972,6,0,0,12.89
9721,972.1,6,0,0,12.91
9722,972.2,5,1,0,12.89
9723,972.3,5,0,0,12.9
9724,972.4,5,0,0,12.9
9725,972.5,4,1,0,12.73
9726,972.6,5,0,0,12.52
9727,972.7,5,0,0,12.51
9728,972.8,5,0,0,12.53
9729,972.9,5,0,0,12.5
9730,973,5,0,0,12.51
9731,973.1,5,0,0,12.49
9732,973.2,5,0,0,12.51
9733,973.3,5,0,0,12.45
9734,973.4,5,0,0,12.44
9735,973.5,5,0,0,12.45
9736,973.6,5,0,0,12.42
9737,973.7,5,0,0,12.42
9738,973.8,5,0,0,12.41
9739,973.9,5,0,0,12.42
9740,974,5,0,0,12.39
9741,974.1,5,0,0,12.39
9742,974.2,5,0,0,12.41
9743,974.3,5,0,0,12.38
9744,974.4,6,0,0,12.64
9745,974.5,6,0,0,12.64
9746,974.6,6,0,0,12.63
9747,974.7,5,1,0,12.33
9748,974.8,6,0,0,12.65
9749,974.9,6,0,0,12.65
9750,975,5,1,0,12.36
9751,975.1,5,0,0,12.34
9752,975.2,5,0,0,12.36
9753,975.3,5,0,0,12.34
9754,975.4,5,0,0,12.34
9755,975.5,5,0,0,12.33
9756,975.6,5,0,0,12.32
9757,975.7,6,0,0,12.43
9758,975.8,6,0,0,12.41
9759,975.9,6,0,0,12.43
9760,976,6,0,0,12.41
9761,976.1,6,1,0,11.9
9762,976.2,6,0,0,11.86
9763,976.3,5,1,0,12.28
9764,976.4,5,0,0,12.23
9765,976.5,5,0,0,12.24
9766,976.6,5,0,0,12.26
9767,976.7,5,0,0,12.25
9768,976.8,5,0,0,12.24
9769,976.9,5,0,0,12.24
9770,977,5,0,0,12.22
9771,977.1,5,0,0,12.23
9772,977.2,5,0,0,12.24
9773,977.3,6,0,0,12.53
9774,977.4,6,0,0,12.51
9775,977.5,6,0,0,12.51
9776,977.6,6,0,0,12.5
9777,977.7,6,0,0,12.49
9778,977.8,6,0,0,12.47
9779,977.9,5,1,0,12.21
9780,978,5,0,0,12.2
9781,978.1,5,0,0,12.21
9782,978.2,5,0,0,12.21
9783,978.3,5,1,0,12.22
9784,978.4,5,0,0,12.19
9785,978.5,5,0,0,12.2
9786,978.6,4,1,0,11.75
9787,978.7,4,0,0,11.8
9788,978.8,4,0,0,11.76
9789,978.9,5,0,0,12.19
9790,979,5,0,0,12.15
9791,979.1,5,0,0,12.16
9792,979.2,5,0,0,12.13
9793,979.3,5,0,0,12.1
9794,979.4,5,0,0,12.11
9795,979.5,5,0,0,12.1
9796,979.6,5,0,0,12.08
9797,979.7,5,0,0,12.02
9798,979.8,5,0,0,12.05
9799,979.9,5,0,0,12.04
9800,980,5,0,0,12
9801,980.1,6,0,0,12.33
9802,980.2,6,0,0,12.35
9803,980.3,6,0,0,12.3
9804,980.4,6,0,0,12.31
9805,980.5,6,0,0,12.29
9806,980.6,6,0,0,12.28
9807,980.7,5,1,0,11.95
9808,980.8,5,0,0,11.94
9809,980.9,5,0,0,11.9
9810,981,5,0,0,11.92
9811,981.1,5,0,0,11.94
9812,981.2,5,0,0,11.92
9813,981.3,5,0,0,11.89
9814,981.4,5,0,0,11.88
9815,981.5,5,0,0,11.84
9816,981.6,5,0,0,11.84
9817,981.7,5,0,0,11.81
9818,981.8,4,1,0,11.32
9819,981.9,5,0,0,11.61
9820,982,6,0,0,11.87
9821,982.1,6,0,0,11.88
9822,982.2,6,0,0,11.84
9823,982.3,6,0,0,11.84
9824,982.4,6,0,0,11.86
9825,982.5,5,1,0,12.19
9826,982.6,5,0,0,12.24
9827,982.7,5,0,0,12.3
9828,982.8,5,0,0,12.38
9829,982.9,7,0,0,11.74
9830,983,7,0,0,11.76
9831,983.1,7,0,0,11.83
9832,983.2,7,0,0,11.86
9833,983.3,7,0,0,11.94
9834,983.4,7,0,0,12.02
9835,983.5,7,0,0,12.04
9836,983.6,6,1,0,12.29
9837,983.7,6,0,0,12.35
9838,983.8,6,0,0,12.43
9839,983.9,6,0,0,12.49
9840,984,6,0,0,12.57
9841,984.1,6,0,0,12.63
9842,984.2,6,0,0,12.71
9843,984.3,6,0,0,12.75
9844,984.4,5,1,0,12.6
9845,984.5,5,0,0,12.56
9846,984.6,5,0,0,12.55
9847,984.7,5,0,0,12.57
9848,984.8,5,0,0,12.58
9849,984.9,5,0,0,12.58
9850,985,5,0,0,12.59
9851,985.1,5,0,0,12.57
9852,985.2,6,0,0,12.64
9853,985.3,6,0,0,12.63
9854,985.4,7,0,0,12.54
9855,985.5,7,0,0,12.52
9856,985.6,7,0,0,12.53
9857,985.7,7,1,0,12.67
9858,985.8,7,0,0,12.69
9859,985.9,7,0,0,12.68
9860,986,6,1,0,12.59
9861,986.1,6,0,0,12.63
9862,986.2,6,0,0,12.59
9863,986.3,5,1,0,12.35
9864,986.4,5,0,0,12.31
9865,986.5,5,0,0,12.32
9866,986.6,5,0,0,12.33
9867,986.7,5,0,0,12.33
9868,986.8,5,0,0,12.28
9869,986.9,5,0,0,12.29
9870,987,5,0,0,12.25
9871,987.1,5,0,0,12.25
9872,987.2,5,0,0,12.26
9873,987.3,4,1,0,12.8
9874,987.4,4,0,0,12.86
9875,987.5,4,0,0,12.94
9876,987.6,4,0,0,12.99
9877,987.7,4,0,0,13
9878,987.8,4,0,0,13.08
9879,987.9,4,0,0,13.1
9880,988,4,0,0,13.19
9881,988.1,3,1,0,12.98
9882,988.2,3,0,0,13.06
9883,988.3,4,0,0,13.36
9884,988.4,4,0,0,13.38
9885,988.5,5,0,0,13.54
9886,988.6,5,0,0,13.57
9887,988.7,5,0,0,13.57
9888,988.8,5,0,0,13.57
9889,988.9,5,0,0,13.52
9890,989,6,0,0,13.63
9891,989.1,5,1,0,13.59
9892,989.2,5,0,0,13.58
9893,989.3,4,1,0,13.48
9894,989.4,4,0,0,13.5
9895,989.5,4,0,0,13.46
9896,989.6,4,0,0,13.5
9897,989.7,4,0,0,13.47
9898,989.8,4,0,0,13.48
9899,989.9,4,0,0,13.48
9900,990,4,0,0,13.51
9901,990.1,4,0,0,13.45
9902,990.2,4,0,0,13.49
9903,990.3,4,0,0,13.46
9904,990.4,4,0,0,13.49
9905,990.5,4,0,0,13.48
9906,990.6,4,0,0,13.47
9907,990.7,4,0,0,13.51
9908,990.8,4,0,0,13.47
9909,990.9,4,0,0,13.48
9910,991,4,0,0,13.49
9911,991.1,4,0,0,13.46
9912,991.2,4,0,0,13.46
9913,991.3,4,0,0,13.51
9914,991.4,5,0,0,13.23
9915,991.5,6,0,0,13.34
9916,991.6,5,1,0,13.37
9917,991.7,5,0,0,13.31
9918,991.8,5,0,0,13.33
9919,991.9,5,0,0,13.37
9920,992,4,1,0,13.67
9921,992.1,5,0,0,12.94
9922,992.2,5,0,0,12.92
9923,992.3,4,1,0,13.64
9924,992.4,4,0,0,13.65
9925,992.5,4,1,0,12.69
9926,992.6,5,0,0,12.96
9927,992.7,5,0,0,12.94
9928,992.8,5,0,0,12.96
9929,992.9,5,0,0,12.95
9930,993,5,0,0,12.92
9931,993.1,5,0,0,12.93
9932,993.2,5,0,0,12.95
9933,993.3,5,0,0,12.95
9934,993.4,5,0,0,12.96
9935,993.5,5,0,0,12.93
9936,993.6,5,0,0,12.94
9937,993.7,5,0,0,12.93
9938,993.8,5,0,0,12.92
9939,993.9,5,0,0,12.94
9940,994,5,0,0,12.95
9941,994.1,5,0,0,12.94
9942,994.2,6,0,0,12.95
9943,994.3,6,0,0,12.92
9944,994.4,6,0,0,12.93
9945,994.5,6,0,0,12.94
9946,994.6,7,0,0,12.69
9947,994.7,7,0,0,12.68
9948,994.8,6,1,0,12.65
9949,994.9,6,0,0,12.62
9950,995,6,0,0,12.61
9951,995.1,5,1,0,12.56
9952,995.2,5,0,0,12.56
9953,995.3,5,0,0,12.55
9954,995.4,5,0,0,12.52
9955,995.5,5,0,0,12.54
9956,995.6,5,0,0,12.54
9957,995.7,5,0,0,12.53
9958,995.8,5,0,0,12.53
9959,995.9,5,0,0,12.5
9960,996,5,0,0,12.52
9961,996.1,5,1,0,12.23
9962,996.2,5,0,0,12.22
9963,996.3,5,0,0,12.22
9964,996.4,5,0,0,12.22
9965,996.5,5,0,0,12.23
9966,996.6,5,0,0,12.19
9967,996.7,5,0,0,12.21
9968,996.8,5,0,0,12.19
9969,996.9,5,0,0,12.19
9970,997,6,0,0,12.52
9971,997.1,6,0,0,12.45
9972,997.2,6,0,0,12.48
9973,997.3,6,0,0,12.48
9974,997.4,6,0,0,12.49
9975,997.5,5,1,0,12.19
9976,997.6,4,1,0,11.72
9977,997.7,5,0,0,12.2
9978,997.8,5,0,0,12.18
9979,997.9,5,0,0,12.14
9980,998,5,0,0,12.17
9981,998.1,5,0,0,12.17
9982,998.2,5,0,0,12.17
9983,998.3,5,0,0,12.17
9984,998.4,5,0,0,12.15
9985,998.5,5,0,0,12.15
9986,998.6,5,0,0,12.14
9987,998.7,5,0,0,12.1
9988,998.8,5,0,0,12.07
9989,998.9,5,0,0,12.05
9990,999,5,0,0,12.05
9991,999.1,5,0,0,12.04
9992,999.2,5,0,0,12.03
9993,999.3,5,0,0,12.03
9994,999.4,5,0,0,12
9995,999.5,5,0,0,11.99
9996,999.6,5,0,0,11.92
9997,999.7,6,0,0,12.24
9998,999.8,7,0,0,11.83
9999,999.9,6,1,0,11.69
10000,1000,6,0,0,11.68
10001,1000.1,6,0,0,11.69
10002,1000.2,6,0,0,11.66
10003,1000.3,6,0,0,11.63
10004,1000.4,6,0,0,11.63
10005,1000.5,6,0,0,11.63
10006,1000.6,5,1,0,12.1
10007,1000.7,4,1,0,11.6
10008,1000.8,4,0,0,11.55
10009,1000.9,5,0,0,11.55
10010,1001,5,0,0,11.53
10011,1001.1,5,0,0,11.54
10012,1001.2,5,0,0,11.54
10013,1001.3,5,0,0,11.51
10014,1001.4,5,0,0,11.53
10015,1001.5,5,0,0,11.48
10016,1001.6,5,0,0,11.48
10017,1001.7,5,0,0,11.5
10018,1001.8,5,0,0,11.46
10019,1001.9,5,0,0,11.48
10020,1002,5,0,0,11.46
10021,1002.1,5,0,0,11.43
10022,1002.2,5,0,0,11.4
10023,1002.3,5,0,0,11.44
10024,1002.4,5,0,0,11.41
10025,1002.5,5,0,0,11.41
10026,1002.6,5,0,0,11.36
10027,1002.7,6,0,0,11.83
10028,1002.8,6,0,0,11.81
10029,1002.9,6,0,0,11.78
10030,1003,6,0,0,11.78
10031,1003.1,6,0,0,11.77
10032,1003.2,6,1,0,11.81
10033,1003.3,5,1,0,11.32
10034,1003.4,5,0,0,11.35
10035,1003.5,5,0,0,11.33
10036,1003.6,5,0,0,11.31
10037,1003.7,5,0,0,11.33
10038,1003.8,5,0,0,11.29
10039,1003.9,5,0,0,11.28
10040,1004,6,0,0,11.53
10041,1004.1,6,0,0,11.5
10042,1004.2,6,0,0,11.47
10043,1004.3,6,0,0,11.46
10044,1004.4,6,0,0,11.47
10045,1004.5,6,0,0,11.48
10046,1004.6,6,0,0,11.47
10047,1004.7,5,1,0,11.74
10048,1004.8,5,0,0,11.75
10049,1004.9,5,0,0,11.85
10050,1005,5,0,0,11.92
10051,1005.1,5,0,0,11.95
10052,1005.2,5,0,0,12
10053,1005.3,5,0,0,12.08
10054,1005.4,5,0,0,12.16
10055,1005.5,6,0,0,12.43
10056,1005.6,6,0,0,12.49
10057,1005.7,6,0,0,12.54
10058,1005.8,6,0,0,12.63
10059,1005.9,6,0,0,12.68
10060,1006,6,0,0,12.73
10061,1006.1,5,1,0,12.65
10062,1006.2,5,0,0,12.71
10063,1006.3,5,0,0,12.76
10064,1006.4,5,0,0,12.78
10065,1006.5,5,0,0,12.86
10066,1006.6,5,0,0,12.93
10067,1006.7,3,2,0,12.42
10068,1006.8,4,0,0,12.39
10069,1006.9,4,0,0,12.44
10070,1007,4,0,0,12.48
10071,1007.1,4,0,0,12.56
10072,1007.2,5,0,0,12.84
10073,1007.3,5,0,0,12.79
10074,1007.4,5,0,0,12.84
10075,1007.5,5,0,0,12.85
10076,1007.6,5,0,0,12.81
10077,1007.7,5,0,0,12.82
10078,1007.8,5,0,0,12.83
10079,1007.9,5,0,0,12.79
10080,1008,5,0,0,12.82
10081,1008.1,5,1,0,12.02
10082,1008.2,5,0,0,11.99
10083,1008.3,5,1,0,12.8
10084,1008.4,5,0,0,12.8
10085,1008.5,5,0,0,12.77
10086,1008.6,5,0,0,12.84
10087,1008.7,5,0,0,12.81
10088,1008.8,5,0,0,12.8
10089,1008.9,4,1,0,12.53
10090,1009,4,0,0,12.52
10091,1009.1,4,0,0,12.53
10092,1009.2,4,0,0,12.52
10093,1009.3,4,0,0,12.54
10094,1009.4,4,0,0,12.54
10095,1009.5,4,0,0,12.54
10096,1009.6,4,0,0,12.53
10097,1009.7,4,0,0,12.52
10098,1009.8,4,0,0,12.52
10099,1009.9,4,0,0,12.52
10100,1010,4,0,0,12.56
10101,1010.1,4,0,0,12.51
10102,1010.2,4,0,0,12.52
10103,1010.3,6,0,0,12.17
10104,1010.4,6,0,0,12.17
10105,1010.5,6,0,0,12.18
10106,1010.6,6,0,0,12.18
10107,1010.7,6,0,0,12.15
10108,1010.8,5,1,0,12.21
10109,1010.9,5,0,0,12.17
10110,1011,5,0,0,12.21
10111,1011.1,6,0,0,12.44
10112,1011.2,6,0,0,12.44
10113,1011.3,6,0,0,12.45
10114,1011.4,6,0,0,12.45
10115,1011.5,6,0,0,12.43
10116,1011.6,6,0,0,12.43
10117,1011.7,5,1,0,12.2
10118,1011.8,4,1,0,12.27
10119,1011.9,4,0,0,12.3
10120,1012,4,0,0,12.34
10121,1012.1,4,0,0,12.31
10122,1012.2,4,0,0,12.34
10123,1012.3,4,0,0,12.3
10124,1012.4,4,0,0,12.33
10125,1012.5,4,0,0,12.34
10126,1012.6,4,0,0,12.33
10127,1012.7,4,0,0,12.32
10128,1012.8,4,0,0,12.31
10129,1012.9,4,0,0,12.32
10130,1013,4,0,0,12.3
10131,1013.1,4,0,0,12.29
10132,1013.2,4,0,0,12.32
10133,1013.3,4,0,0,12.32
10134,1013.4,4,0,0,12.31
10135,1013.5,5,0,0,12.4
10136,1013.6,5,0,0,12.41
10137,1013.7,5,0,0,12.35
10138,1013.8,5,0,0,12.41
10139,1013.9,6,0,0,12.61
10140,1014,7,0,0,12.77
10141,1014.1,7,0,0,12.77
10142,1014.2,6,1,0,12.84
10143,1014.3,6,0,0,12.83
10144,1014.4,6,0,0,12.81
10145,1014.5,6,0,0,12.85
10146,1014.6,5,1,0,12.64
10147,1014.7,5,0,0,12.62
10148,1014.8,5,0,0,12.61
10149,1014.9,4,1,0,13.17
10150,1015,4,0,0,13.15
10151,1015.1,4,0,0,13.17
10152,1015.2,4,0,0,13.16
10153,1015.3,4,0,0,13.14
10154,1015.4,4,0,0,13.14
10155,1015.5,5,0,0,12.55
10156,1015.6,5,0,0,12.53
10157,1015.7,5,0,0,12.53
10158,1015.8,5,0,0,12.52
10159,1015.9,5,0,0,12.54
10160,1016,5,0,0,12.54
10161,1016.1,5,0,0,12.53
10162,1016.2,5,0,0,12.53
10163,1016.3,5,0,0,12.54
10164,1016.4,4,1,0,12.18
10165,1016.5,4,0,0,12.15
10166,1016.6,5,0,0,11.32
10167,1016.7,5,0,0,11.34
10168,1016.8,6,0,0,11.77
10169,1016.9,6,0,0,11.79
10170,1017,6,0,0,11.81
10171,1017.1,6,0,0,11.78
10172,1017.2,6,0,0,11.82
10173,1017.3,6,0,0,11.82
10174,1017.4,4,2,0,10.82
10175,1017.5,5,0,0,10.97
10176,1017.6,5,0,0,10.95
10177,1017.7,5,0,0,10.97
10178,1017.8,5,0,0,10.97
10179,1017.9,5,0,0,10.99
10180,1018,5,0,0,11.01
10181,1018.1,5,0,0,11.02
10182,1018.2,5,0,0,11.01
10183,1018.3,5,0,0,11.03
10184,1018.4,5,0,0,11.05
10185,1018.5,5,0,0,11.04
10186,1018.6,5,0,0,11.06
10187,1018.7,5,0,0,11.06
10188,1018.8,5,0,0,11.07
10189,1018.9,5,0,0,11.05
10190,1019,5,0,0,11.07
10191,1019.1,5,0,0,11.05
10192,1019.2,5,0,0,11.09
10193,1019.3,5,0,0,11.09
10194,1019.4,5,0,0,11.09
10195,1019.5,5,0,0,11.11
10196,1019.6,6,0,0,11.59
10197,1019.7,6,0,0,11.56
10198,1019.8,7,0,0,11.72
10199,1019.9,7,0,0,11.75
10200,1020,7,0,0,11.71
10201,1020.1,7,0,0,11.72
10202,1020.2,6,1,0,11.31
10203,1020.3,6,0,0,11.35
10204,1020.4,6,0,0,11.33
10205,1020.5,5,1,0,11.13
10206,1020.6,5,0,0,11.07
10207,1020.7,5,0,0,11.08
10208,1020.8,5,0,0,11.06
10209,1020.9,5,0,0,11.05
10210,1021,6,0,0,11.36
10211,1021.1,6,0,0,11.33
10212,1021.2,6,0,0,11.33
10213,1021.3,6,0,0,11.32
10214,1021.4,6,0,0,11.29
10215,1021.5,6,0,0,11.32
10216,1021.6,6,0,0,11.31
10217,1021.7,6,0,0,11.32
10218,1021.8,5,1,0,11.33
10219,1021.9,5,0,0,11.27
10220,1022,5,0,0,11.3
10221,1022.1,5,0,0,11.29
10222,1022.2,5,0,0,11.29
10223,1022.3,5,0,0,11.26
10224,1022.4,6,0,0,11.72
10225,1022.5,6,0,0,11.72
10226,1022.6,6,0,0,11.72
10227,1022.7,6,0,0,11.7
10228,1022.8,6,0,0,11.7
10229,1022.9,8,0,0,11.75
10230,1023,7,1,0,11.43
10231,1023.1,7,0,0,11.44
10232,1023.2,7,0,0,11.42
10233,1023.3,7,0,0,11.44
10234,1023.4,7,0,0,11.43
10235,1023.5,7,0,0,11.45
10236,1023.6,6,1,0,11.21
10237,1023.7,6,0,0,11.21
10238,1023.8,6,0,0,11.25
10239,1023.9,6,0,0,11.21
10240,1024,6,0,0,11.22
10241,1024.1,7,0,0,11.03
10242,1024.2,7,0,0,11.02
10243,1024.3,6,1,0,11.2
10244,1024.4,6,0,0,11.2
10245,1024.5,6,0,0,11.18
10246,1024.6,7,0,0,11
10247,1024.7,7,0,0,10.99
10248,1024.8,6,1,0,10.66
10249,1024.9,6,0,0,10.7
10250,1025,6,0,0,10.67
10251,1025.1,6,0,0,10.67
10252,1025.2,6,0,0,10.63
10253,1025.3,7,0,0,11.01
10254,1025.4,7,0,0,10.99
10255,1025.5,7,0,0,10.97
10256,1025.6,7,0,0,10.99
10257,1025.7,7,0,0,10.97
10258,1025.8,7,0,0,10.96
10259,1025.9,6,1,0,10.5
10260,1026,6,0,0,10.5
10261,1026.1,7,0,0,11
10262,1026.2,7,0,0,10.98
10263,1026.3,7,0,0,10.99
10264,1026.4,7,0,0,10.96
10265,1026.5,7,0,0,10.95
10266,1026.6,7,0,0,10.9
10267,1026.7,7,0,0,10.91
10268,1026.8,7,0,0,10.92
10269,1026.9,7,0,0,10.9
10270,1027,7,0,0,10.89
10271,1027.1,7,0,0,10.89
10272,1027.2,6,1,0,11.03
10273,1027.3,6,0,0,11.06
10274,1027.4,6,0,0,11.1
10275,1027.5,6,0,0,11.13
10276,1027.6,6,0,0,11.16
10277,1027.7,5,1,0,11.39
10278,1027.8,5,0,0,11.46
10279,1027.9,5,0,0,11.57
10280,1028,5,0,0,11.67
10281,1028.1,7,0,0,12.1
10282,1028.2,7,0,0,12.17
10283,1028.3,7,0,0,12.24
10284,1028.4,7,0,0,12.33
10285,1028.5,7,0,0,12.42
10286,1028.6,7,0,0,12.51
10287,1028.7,6,1,0,12.62
10288,1028.8,6,0,0,12.71
10289,1028.9,6,0,0,12.75
10290,1029,6,0,0,12.76
10291,1029.1,5,1,0,12.68
10292,1029.2,6,0,0,12.64
10293,1029.3,6,0,0,12.65
10294,1029.4,6,0,0,12.64
10295,1029.5,6,0,0,12.65
10296,1029.6,6,0,0,12.65
10297,1029.7,5,1,0,12.77
10298,1029.8,5,0,0,12.81
10299,1029.9,5,0,0,12.88
10300,1030,5,0,0,12.93
10301,1030.1,5,0,0,12.96
10302,1030.2,5,0,0,13.04
10303,1030.3,5,0,0,13.12
10304,1030.4,5,0,0,13.16
10305,1030.5,5,0,0,13.25
10306,1030.6,5,0,0,13.3
10307,1030.7,5,0,0,13.37
10308,1030.8,5,0,0,13.44
10309,1030.9,6,0,0,13.37
10310,1031,6,0,0,13.39
10311,1031.1,5,1,0,13.32
10312,1031.2,5,0,0,13.3
10313,1031.3,5,0,0,13.33
10314,1031.4,5,0,0,13.26
10315,1031.5,4,1,0,13.44
10316,1031.6,4,0,0,13.41
10317,1031.7,4,1,0,13.63
10318,1031.8,4,0,0,13.57
10319,1031.9,4,0,0,13.6
10320,1032,4,0,0,13.59
10321,1032.1,4,0,0,13.62
10322,1032.2,4,0,0,13.59
10323,1032.3,4,0,0,13.57
10324,1032.4,5,0,0,13.32
10325,1032.5,5,0,0,13.33
10326,1032.6,4,1,0,13.17
10327,1032.7,4,0,0,13.14
10328,1032.8,4,0,0,13.17
10329,1032.9,4,0,0,13.21
10330,1033,4,0,0,13.16
10331,1033.1,4,0,0,13.19
10332,1033.2,4,0,0,13.18
10333,1033.3,4,0,0,13.2
10334,1033.4,4,0,0,13.2
10335,1033.5,4,0,0,13.14
10336,1033.6,4,0,0,13.17
10337,1033.7,5,0,0,13.35
10338,1033.8,5,0,0,13.32
10339,1033.9,5,0,0,13.32
10340,1034,5,0,0,13.32
10341,1034.1,5,0,0,13.32
10342,1034.2,5,0,0,13.31
10343,1034.3,4,1,0,13.17
10344,1034.4,4,0,0,13.17
10345,1034.5,4,0,0,13.18
10346,1034.6,4,0,0,13.18
10347,1034.7,4,0,0,13.18
10348,1034.8,4,0,0,13.14
10349,1034.9,4,0,0,13.17
10350,1035,4,0,0,13.17
10351,1035.1,4,0,0,13.15
10352,1035.2,4,1,0,13.2
10353,1035.3,3,1,0,12.91
10354,1035.4,3,0,0,12.91
10355,1035.5,4,0,0,13.02
10356,1035.6,4,0,0,12.96
10357,1035.7,4,0,0,12.97
10358,1035.8,4,0,0,12.99
10359,1035.9,4,0,0,12.97
10360,1036,4,0,0,12.99
10361,1036.1,4,0,0,12.99
10362,1036.2,4,0,0,12.99
10363,1036.3,4,0,0,12.99
10364,1036.4,4,0,0,12.97
10365,1036.5,4,0,0,12.98
10366,1036.6,5,0,0,12.72
10367,1036.7,5,0,0,12.7
10368,1036.8,5,0,0,12.72
10369,1036.9,5,0,0,12.71
10370,1037,5,0,0,12.68
10371,1037.1,5,0,0,12.7
10372,1037.2,5,0,0,12.73
10373,1037.3,4,1,0,13.01
10374,1037.4,4,0,0,12.93
10375,1037.5,4,0,0,13.02
10376,1037.6,4,0,0,12.96
10377,1037.7,4,0,0,12.97
10378,1037.8,4,0,0,12.99
10379,1037.9,4,0,0,12.97
10380,1038,4,0,0,13
10381,1038.1,4,0,0,12.96
10382,1038.2,4,0,0,12.97
10383,1038.3,4,0,0,12.96
10384,1038.4,4,0,0,12.98
10385,1038.5,4,0,0,12.99
10386,1038.6,5,0,0,12.39
10387,1038.7,4,1,0,11.99
10388,1038.8,5,0,0,12.17
10389,1038.9,5,0,0,12.18
10390,1039,5,0,0,12.15
10391,1039.1,5,0,0,12.18
10392,1039.2,5,0,0,12.18
10393,1039.3,5,0,0,12.14
10394,1039.4,6,1,0,11.15
10395,1039.5,6,0,0,11.14
10396,1039.6,6,0,0,11.15
10397,1039.7,6,0,0,11.2
10398,1039.8,6,0,0,11.22
10399,1039.9,6,0,0,11.21
10400,1040,5,1,0,11.11
10401,1040.1,6,0,0,10.95
10402,1040.2,6,0,0,10.93
10403,1040.3,5,1,0,11.16
10404,1040.4,5,0,0,11.19
10405,1040.5,5,0,0,11.21
10406,1040.6,5,0,0,11.23
10407,1040.7,5,0,0,11.23
10408,1040.8,5,0,0,11.25
10409,1040.9,5,0,0,11.28
10410,1041,5,0,0,11.28
10411,1041.1,5,0,0,11.28
10412,1041.2,5,0,0,11.31
10413,1041.3,5,0,0,11.31
10414,1041.4,5,0,0,11.31
10415,1041.5,5,0,0,11.33
10416,1041.6,5,0,0,11.37
10417,1041.7,5,0,0,11.35
10418,1041.8,6,0,0,11.11
10419,1041.9,6,0,0,11.09
10420,1042,6,0,0,11.09
10421,1042.1,6,0,0,11.11
10422,1042.2,7,0,0,11.53
10423,1042.3,7,0,0,11.49
10424,1042.4,8,0,0,11.83
10425,1042.5,7,1,0,11.69
10426,1042.6,7,0,0,11.66
10427,1042.7,7,0,0,11.68
10428,1042.8,5,2,0,11.12
10429,1042.9,5,0,0,11.1
10430,1043,5,0,0,11.16
10431,1043.1,5,0,0,11.18
10432,1043.2,5,0,0,11.17
10433,1043.3,5,0,0,11.17
10434,1043.4,5,0,0,11.15
10435,1043.5,5,0,0,11.16
10436,1043.6,5,0,0,11.15
10437,1043.7,5,0,0,11.19
10438,1043.8,5,0,0,11.2
10439,1043.9,5,0,0,11.21
10440,1044,5,0,0,11.21
10441,1044.1,5,0,0,11.21
10442,1044.2,5,0,0,11.22
10443,1044.3,5,0,0,11.22
10444,1044.4,5,0,0,11.21
10445,1044.5,5,0,0,11.23
10446,1044.6,5,0,0,11.27
10447,1044.7,5,0,0,11.23
10448,1044.8,5,0,0,11.26
10449,1044.9,5,0,0,11.26
10450,1045,7,0,0,11.88
10451,1045.1,7,0,0,11.89
10452,1045.2,6,1,0,11.66
10453,1045.3,6,0,0,11.64
10454,1045.4,6,0,0,11.64
10455,1045.5,6,0,0,11.65
10456,1045.6,5,1,0,11.21
10457,1045.7,5,0,0,11.22
10458,1045.8,5,0,0,11.23
10459,1045.9,5,1,0,10.82
10460,1046,5,0,0,10.78
10461,1046.1,5,0,0,10.78
10462,1046.2,5,0,0,10.81
10463,1046.3,5,0,0,10.79
10464,1046.4,5,0,0,10.72
10465,1046.5,5,0,0,10.73
10466,1046.6,5,0,0,10.73
10467,1046.7,5,0,0,10.7
10468,1046.8,5,0,0,10.71
10469,1046.9,5,0,0,10.67
10470,1047,5,0,0,10.67
10471,1047.1,5,0,0,10.66
10472,1047.2,5,0,0,10.68
10473,1047.3,5,0,0,10.64
10474,1047.4,5,0,0,10.65
10475,1047.5,5,0,0,10.6
10476,1047.6,5,0,0,10.63
10477,1047.7,5,0,0,10.61
10478,1047.8,5,0,0,10.64
10479,1047.9,6,0,0,11.18
10480,1048,6,0,0,11.14
10481,1048.1,7,0,0,11.56
10482,1048.2,7,0,0,11.54
10483,1048.3,7,0,0,11.54
10484,1048.4,7,0,0,11.53
10485,1048.5,6,1,0,11.12
10486,1048.6,6,0,0,11.13
10487,1048.7,6,0,0,11.08
10488,1048.8,6,0,0,11.09
10489,1048.9,6,0,0,11.09
10490,1049,6,0,0,11.11
10491,1049.1,6,0,0,11.09
10492,1049.2,6,0,0,11.09
10493,1049.3,6,0,0,11.08
10494,1049.4,6,0,0,11.09
10495,1049.5,7,0,0,11.39
10496,1049.6,7,0,0,11.39
10497,1049.7,7,0,0,11.35
10498,1049.8,7,0,0,11.38
10499,1049.9,7,0,0,11.38
10500,1050,6,1,0,11.35
10501,1050.1,6,0,0,11.33
10502,1050.2,6,0,0,11.29
10503,1050.3,6,0,0,11.29
10504,1050.4,6,0,0,11.28
10505,1050.5,6,0,0,11.29
10506,1050.6,6,0,0,11.3
10507,1050.7,7,0,0,11.51
10508,1050.8,6,1,0,11.73
10509,1050.9,6,0,0,11.73
10510,1051,6,0,0,11.8
10511,1051.1,6,0,0,11.84
10512,1051.2,7,0,0,12.22
10513,1051.3,6,1,0,12.19
10514,1051.4,6,0,0,12.23
10515,1051.5,6,0,0,12.32
10516,1051.6,6,0,0,12.36
10517,1051.7,6,0,0,12.4
10518,1051.8,6,0,0,12.48
10519,1051.9,6,0,0,12.59
10520,1052,6,0,0,12.66
10521,1052.1,6,0,0,12.74
10522,1052.2,6,0,0,12.8
10523,1052.3,6,0,0,12.89
10524,1052.4,6,0,0,12.95
10525,1052.5,6,0,0,13.03
10526,1052.6,6,0,0,13.13
10527,1052.7,6,0,0,13.23
10528,1052.8,5,1,0,13.23
10529,1052.9,5,0,0,13.32
10530,1053,6,0,0,13.28
10531,1053.1,5,1,0,13.31
10532,1053.2,5,0,0,13.3
10533,1053.3,5,0,0,13.33
10534,1053.4,5,0,0,13.31
10535,1053.5,6,0,0,13.23
10536,1053.6,6,0,0,13.23
10537,1053.7,6,0,0,13.19
10538,1053.8,6,0,0,13.2
10539,1053.9,6,0,0,13.2
10540,1054,6,0,0,13.21
10541,1054.1,4,2,0,13.36
10542,1054.2,4,0,0,13.32
10543,1054.3,4,0,0,13.31
10544,1054.4,5,0,0,13.09
10545,1054.5,5,0,0,13.06
10546,1054.6,5,0,0,13.08
10547,1054.7,5,0,0,13.07
10548,1054.8,5,0,0,13.08
10549,1054.9,5,0,0,13.05
10550,1055,5,0,0,13.01
10551,1055.1,5,0,0,13.01
10552,1055.2,5,0,0,13.05
10553,1055.3,5,0,0,13.04
10554,1055.4,5,0,0,13.04
10555,1055.5,5,0,0,13.06
10556,1055.6,5,0,0,13.05
10557,1055.7,4,1,0,13.08
10558,1055.8,4,0,0,13.08
10559,1055.9,4,0,0,13.19
10560,1056,4,0,0,13.11
10561,1056.1,5,0,0,12.5
10562,1056.2,5,0,0,12.51
10563,1056.3,5,1,0,13.28
10564,1056.4,5,0,0,13.29
10565,1056.5,5,0,0,13.3
10566,1056.6,6,0,0,13.29
10567,1056.7,6,0,0,13.25
10568,1056.8,5,1,0,13.38
10569,1056.9,4,1,0,13.26
10570,1057,4,0,0,13.22
10571,1057.1,4,0,0,13.22
10572,1057.2,4,0,0,13.23
10573,1057.3,3,1,0,12.98
10574,1057.4,3,0,0,12.98
10575,1057.5,4,0,0,13.23
10576,1057.6,4,0,0,13.22
10577,1057.7,4,0,0,13.22
10578,1057.8,4,0,0,13.21
10579,1057.9,4,0,0,13.23
10580,1058,4,0,0,13.22
10581,1058.1,4,0,0,13.17
10582,1058.2,4,0,0,13.18
10583,1058.3,4,0,0,13.23
10584,1058.4,4,0,0,13.23
10585,1058.5,4,0,0,13.23
10586,1058.6,4,0,0,13.2
10587,1058.7,4,0,0,13.18
10588,1058.8,4,0,0,13.21
10589,1058.9,4,0,0,13.2
10590,1059,4,0,0,13.21
10591,1059.1,5,0,0,13.23
10592,1059.2,5,0,0,13.19
10593,1059.3,5,0,0,13.25
10594,1059.4,5,0,0,13.23
10595,1059.5,5,0,0,13.19
10596,1059.6,5,0,0,13.19
10597,1059.7,4,1,0,13.2
10598,1059.8,4,0,0,13.21
10599,1059.9,4,0,0,13.19
10600,1060,4,0,0,13.21
10601,1060.1,5,0,0,13.23
10602,1060.2,5,0,0,13.23
10603,1060.3,4,1,0,13.28
10604,1060.4,3,1,0,13.06
10605,1060.5,3,0,0,13.02
10606,1060.6,3,0,0,13.09
10607,1060.7,4,0,0,13.31
10608,1060.8,4,0,0,13.26
10609,1060.9,4,0,0,13.3
10610,1061,4,0,0,13.29
10611,1061.1,4,0,0,13.25
10612,1061.2,4,0,0,13.28
10613,1061.3,4,0,0,13.29
10614,1061.4,4,0,0,13.25
10615,1061.5,4,0,0,13.28
10616,1061.6,4,0,0,13.29
10617,1061.7,5,0,0,12.61
10618,1061.8,5,0,0,12.63
10619,1061.9,5,0,0,12.66
10620,1062,6,0,0,12.86
10621,1062.1,6,0,0,12.84
10622,1062.2,6,0,0,12.84
10623,1062.3,6,0,0,12.84
10624,1062.4,6,0,0,12.84
10625,1062.5,6,0,0,12.82
10626,1062.6,5,1,0,12.59
10627,1062.7,5,0,0,12.63
10628,1062.8,5,0,0,12.63
10629,1062.9,5,0,0,12.63
10630,1063,5,0,0,12.61
10631,1063.1,5,0,0,12.61
10632,1063.2,5,0,0,12.64
10633,1063.3,5,0,0,12.6
10634,1063.4,5,0,0,12.6
10635,1063.5,5,0,0,12.62
10636,1063.6,5,0,0,12.62
10637,1063.7,5,1,0,12.75
10638,1063.8,6,0,0,12.49
10639,1063.9,6,0,0,12.47
10640,1064,6,0,0,12.44
10641,1064.1,6,0,0,12.43
10642,1064.2,6,0,0,12.42
10643,1064.3,6,0,0,12.4
10644,1064.4,6,0,0,12.42
10645,1064.5,6,0,0,12.41
10646,1064.6,7,0,0,12.02
10647,1064.7,7,0,0,12
10648,1064.8,8,0,0,12.23
10649,1064.9,8,0,0,12.27
10650,1065,7,1,0,12.3
10651,1065.1,7,0,0,12.28
10652,1065.2,7,0,0,12.34
10653,1065.3,7,0,0,12.31
10654,1065.4,6,1,0,12.05
10655,1065.5,6,0,0,12.04
10656,1065.6,6,0,0,12.06
10657,1065.7,6,0,0,12.04
10658,1065.8,6,0,0,12.04
10659,1065.9,6,0,0,12.05
10660,1066,6,0,0,12.02
10661,1066.1,6,0,0,12.05
10662,1066.2,6,0,0,12.05
10663,1066.3,6,0,0,12.04
10664,1066.4,6,0,0,12.02
10665,1066.5,6,0,0,12.03
10666,1066.6,6,0,0,12.01
10667,1066.7,6,0,0,12
10668,1066.8,5,1,0,11.64
10669,1066.9,5,0,0,11.65
10670,1067,6,0,0,12.01
10671,1067.1,6,0,0,11.99
10672,1067.2,6,1,0,11.77
10673,1067.3,6,0,0,11.74
10674,1067.4,6,0,0,11.72
10675,1067.5,6,0,0,11.72
10676,1067.6,7,0,0,12.03
10677,1067.7,7,0,0,12.02
10678,1067.8,7,0,0,11.98
10679,1067.9,7,0,0,11.99
10680,1068,7,0,0,11.97
10681,1068.1,7,0,0,11.97
10682,1068.2,6,1,0,11.63
10683,1068.3,6,0,0,11.61
10684,1068.4,6,0,0,11.62
10685,1068.5,6,0,0,11.61
10686,1068.6,6,0,0,11.56
10687,1068.7,6,0,0,11.55
10688,1068.8,6,0,0,11.51
10689,1068.9,5,1,0,11.81
10690,1069,5,0,0,11.82
10691,1069.1,5,0,0,11.86
10692,1069.2,5,0,0,11.87
10693,1069.3,5,0,0,11.89
10694,1069.4,5,0,0,11.9
10695,1069.5,5,0,0,11.93
10696,1069.6,5,0,0,11.96
10697,1069.7,5,0,0,11.95
10698,1069.8,5,0,0,11.95
10699,1069.9,4,1,0,11.42
10700,1070,4,0,0,11.43
10701,1070.1,5,0,0,11.9
10702,1070.2,5,0,0,11.88
10703,1070.3,5,0,0,11.86
10704,1070.4,6,0,0,12.18
10705,1070.5,6,0,0,12.17
10706,1070.6,6,0,0,12.18
10707,1070.7,6,0,0,12.16
10708,1070.8,7,0,0,12.35
10709,1070.9,7,0,0,12.32
10710,1071,6,1,0,12.01
10711,1071.1,5,1,0,11.8
10712,1071.2,5,0,0,11.81
10713,1071.3,5,0,0,11.81
10714,1071.4,5,0,0,11.78
10715,1071.5,5,0,0,11.78
10716,1071.6,5,0,0,11.78
10717,1071.7,5,0,0,11.76
10718,1071.8,5,0,0,11.76
10719,1071.9,5,0,0,11.75
10720,1072,5,0,0,11.73
10721,1072.1,6,0,0,11.45
10722,1072.2,6,0,0,11.43
10723,1072.3,5,1,0,11.66
10724,1072.4,5,0,0,11.7
10725,1072.5,5,0,0,11.7
10726,1072.6,5,0,0,11.69
10727,1072.7,5,0,0,11.66
10728,1072.8,5,0,0,11.69
10729,1072.9,5,0,0,11.64
10730,1073,5,0,0,11.67
10731,1073.1,5,0,0,11.65
10732,1073.2,5,0,0,11.66
10733,1073.3,7,0,0,12.18
10734,1073.4,7,0,0,12.13
10735,1073.5,7,0,0,12.14
10736,1073.6,7,0,0,12.13
10737,1073.7,7,0,0,12.14
10738,1073.8,7,0,0,12.13
10739,1073.9,5,2,0,12.2
10740,1074,5,0,0,12.22
10741,1074.1,5,0,0,12.28
10742,1074.2,5,0,0,12.35
10743,1074.3,5,0,0,12.41
10744,1074.4,5,1,0,12.34
10745,1074.5,5,0,0,12.42
10746,1074.6,5,0,0,12.47
10747,1074.7,5,0,0,12.56
10748,1074.8,5,0,0,12.63
10749,1074.9,5,0,0,12.69
10750,1075,5,0,0,12.77
10751,1075.1,5,0,0,12.81
10752,1075.2,5,0,0,12.88
10753,1075.3,5,0,0,12.93
10754,1075.4,5,0,0,13
10755,1075.5,5,0,0,13.09
10756,1075.6,5,0,0,13.15
10757,1075.7,5,0,0,13.22
10758,1075.8,4,1,0,13.18
10759,1075.9,4,0,0,13.23
10760,1076,4,0,0,13.3
10761,1076.1,5,0,0,13.47
10762,1076.2,5,0,0,13.4
10763,1076.3,5,0,0,13.44
10764,1076.4,6,0,0,13.12
10765,1076.5,6,0,0,13.08
10766,1076.6,6,0,0,13.09
10767,1076.7,5,1,0,12.88
10768,1076.8,5,0,0,12.92
10769,1076.9,5,0,0,12.92
10770,1077,5,0,0,12.91
10771,1077.1,5,0,0,12.92
10772,1077.2,5,0,0,12.93
10773,1077.3,4,1,0,12.72
10774,1077.4,4,0,0,12.73
10775,1077.5,4,0,0,12.74
10776,1077.6,4,0,0,12.75
10777,1077.7,4,0,0,12.75
10778,1077.8,4,0,0,12.74
10779,1077.9,5,0,0,12.97
10780,1078,5,0,0,13
10781,1078.1,5,0,0,12.97
10782,1078.2,4,1,0,13.08
10783,1078.3,4,0,0,13.1
10784,1078.4,4,0,0,13.06
10785,1078.5,4,0,0,13.07
10786,1078.6,4,0,0,13.07
10787,1078.7,4,0,0,13.05
10788,1078.8,4,0,0,13.06
10789,1078.9,5,0,0,13.07
10790,1079,5,0,0,13.02
10791,1079.1,5,0,0,13.07
10792,1079.2,5,0,0,13.03
10793,1079.3,4,1,0,12.79
10794,1079.4,4,0,0,12.8
10795,1079.5,3,1,0,12.74
10796,1079.6,4,0,0,13.1
10797,1079.7,4,0,0,13.09
10798,1079.8,4,0,0,13.09
10799,1079.9,4,0,0,13.07
10800,1080,4,0,0,13.06
10801,1080.1,4,0,0,13.08
10802,1080.2,4,0,0,13.09
10803,1080.3,4,0,0,13.09
10804,1080.4,4,0,0,13.09
10805,1080.5,4,0,0,13.08
10806,1080.6,4,0,0,13.07
10807,1080.7,4,0,0,13.06
10808,1080.8,4,0,0,13.04
10809,1080.9,4,0,0,13.1
10810,1081,4,0,0,13.07
10811,1081.1,4,0,0,13.09
10812,1081.2,4,0,0,13.11
10813,1081.3,4,0,0,13.12
10814,1081.4,3,1,0,12.75
10815,1081.5,4,0,0,13.09
10816,1081.6,4,0,0,13.07
10817,1081.7,5,0,0,13.26
10818,1081.8,5,0,0,13.28
10819,1081.9,5,0,0,13.25
10820,1082,5,0,0,13.22
10821,1082.1,5,0,0,13.25
10822,1082.2,5,0,0,13.23
10823,1082.3,4,1,0,13.08
10824,1082.4,4,0,0,13.08
10825,1082.5,4,0,0,13.09
10826,1082.6,4,0,0,13.07
10827,1082.7,5,0,0,13.26
10828,1082.8,5,0,0,13.24
10829,1082.9,5,0,0,13.26
10830,1083,5,0,0,13.24
10831,1083.1,4,1,0,13.33
10832,1083.2,4,0,0,13.3
10833,1083.3,4,0,0,13.31
10834,1083.4,4,0,0,13.32
10835,1083.5,4,0,0,13.3
10836,1083.6,4,0,0,13.28
10837,1083.7,4,0,0,13.26
10838,1083.8,4,0,0,13.24
10839,1083.9,4,0,0,13.2
10840,1084,4,0,0,13.2
10841,1084.1,4,0,0,13.19
10842,1084.2,4,0,0,13.15
10843,1084.3,4,0,0,13.14
10844,1084.4,4,0,0,13.14
10845,1084.5,4,0,0,13.15
10846,1084.6,5,0,0,13.03
10847,1084.7,5,0,0,13.03
10848,1084.8,6,0,0,12.48
10849,1084.9,6,0,0,12.46
10850,1085,6,1,0,12.48
10851,1085.1,6,0,0,12.45
10852,1085.2,5,1,0,12.45
10853,1085.3,5,0,0,12.45
10854,1085.4,5,0,0,12.42
10855,1085.5,5,0,0,12.44
10856,1085.6,5,0,0,12.42
10857,1085.7,5,0,0,12.43
10858,1085.8,5,0,0,12.41
10859,1085.9,6,0,0,11.65
10860,1086,6,0,0,11.65
10861,1086.1,6,0,0,11.65
10862,1086.2,6,0,0,11.68
10863,1086.3,6,0,0,11.67
10864,1086.4,6,0,0,11.69
10865,1086.5,6,0,0,11.68
10866,1086.6,6,0,0,11.7
10867,1086.7,6,0,0,11.72
10868,1086.8,6,0,0,11.69
10869,1086.9,6,0,0,11.69
10870,1087,6,0,0,11.7
10871,1087.1,6,0,0,11.72
10872,1087.2,6,0,0,11.73
10873,1087.3,6,0,0,11.71
10874,1087.4,7,0,0,12.04
10875,1087.5,6,1,0,12.13
10876,1087.6,6,0,0,12.16
10877,1087.7,6,0,0,12.2
10878,1087.8,6,0,0,12.23
10879,1087.9,6,0,0,12.28
10880,1088,5,1,0,11.99
10881,1088.1,6,0,0,11.69
10882,1088.2,6,0,0,11.72
10883,1088.3,5,1,0,12.14
10884,1088.4,5,0,0,12.16
10885,1088.5,4,1,0,11.74
10886,1088.6,5,0,0,12.11
10887,1088.7,5,0,0,12.09
10888,1088.8,5,0,0,12.08
10889,1088.9,5,0,0,12.12
10890,1089,6,0,0,12.15
10891,1089.1,5,1,0,11.81
10892,1089.2,5,0,0,11.75
10893,1089.3,5,0,0,11.74
10894,1089.4,5,0,0,11.75
10895,1089.5,5,0,0,11.74
10896,1089.6,5,0,0,11.76
10897,1089.7,5,0,0,11.74
10898,1089.8,5,0,0,11.74
10899,1089.9,5,0,0,11.72
10900,1090,5,0,0,11.68
10901,1090.1,5,0,0,11.7
10902,1090.2,6,0,0,11.87
10903,1090.3,6,0,0,11.84
10904,1090.4,6,0,0,11.83
10905,1090.5,6,0,0,11.85
10906,1090.6,6,0,0,11.82
10907,1090.7,6,0,0,11.83
10908,1090.8,5,1,0,11.68
10909,1090.9,5,0,0,11.66
10910,1091,5,0,0,11.64
10911,1091.1,5,0,0,11.68
10912,1091.2,5,0,0,11.63
10913,1091.3,5,0,0,11.66
10914,1091.4,5,0,0,11.66
10915,1091.5,5,0,0,11.61
10916,1091.6,5,0,0,11.62
10917,1091.7,5,0,0,11.63
10918,1091.8,5,0,0,11.61
10919,1091.9,4,1,0,10.99
10920,1092,4,0,0,11.05
10921,1092.1,5,0,0,11.55
10922,1092.2,5,1,0,11.31
10923,1092.3,5,0,0,11.29
10924,1092.4,5,0,0,11.3
10925,1092.5,5,0,0,11.26
10926,1092.6,5,0,0,11.28
10927,1092.7,5,0,0,11.28
10928,1092.8,5,0,0,11.27
10929,1092.9,5,0,0,11.3
10930,1093,6,0,0,11.52
10931,1093.1,6,0,0,11.51
10932,1093.2,6,0,0,11.5
10933,1093.3,6,0,0,11.53
10934,1093.4,6,0,0,11.51
10935,1093.5,6,0,0,11.5
10936,1093.6,5,1,0,11.26
10937,1093.7,5,0,0,11.27
10938,1093.8,5,0,0,11.24
10939,1093.9,5,0,0,11.23
10940,1094,5,0,0,11.25
10941,1094.1,5,0,0,11.23
10942,1094.2,5,0,0,11.22
10943,1094.3,5,0,0,11.22
10944,1094.4,5,0,0,11.2
10945,1094.5,5,0,0,11.2
10946,1094.6,5,0,0,11.23
10947,1094.7,5,0,0,11.21
10948,1094.8,5,0,0,11.25
10949,1094.9,5,0,0,11.25
10950,1095,5,0,0,11.23
10951,1095.1,5,0,0,11.22
10952,1095.2,5,0,0,11.22
10953,1095.3,6,0,0,11.7
10954,1095.4,6,0,0,11.67
10955,1095.5,6,0,0,11.64
10956,1095.6,5,1,0,11.26
10957,1095.7,6,0,0,11.64
10958,1095.8,6,0,0,11.63
10959,1095.9,7,0,0,11.72
10960,1096,7,0,0,11.68
10961,1096.1,7,0,0,11.7
10962,1096.2,7,0,0,11.7
10963,1096.3,7,0,0,11.69
10964,1096.4,7,0,0,11.66
10965,1096.5,6,1,0,11.65
10966,1096.6,6,0,0,11.62
10967,1096.7,6,0,0,11.63
10968,1096.8,6,0,0,11.62
10969,1096.9,6,0,0,11.61
10970,1097,5,1,0,11.96
10971,1097.1,5,0,0,11.97
10972,1097.2,5,0,0,12.02
10973,1097.3,5,0,0,12.09
10974,1097.4,5,0,0,12.17
10975,1097.5,5,0,0,12.22
10976,1097.6,5,0,0,12.26
10977,1097.7,5,0,0,12.35
10978,1097.8,5,0,0,12.38
10979,1097.9,5,0,0,12.46
10980,1098,5,0,0,12.55
10981,1098.1,5,0,0,12.57
10982,1098.2,5,0,0,12.58
10983,1098.3,5,0,0,12.59
10984,1098.4,5,0,0,12.57
10985,1098.5,6,0,0,12.82
10986,1098.6,6,0,0,12.8
10987,1098.7,7,0,0,12.98
10988,1098.8,7,0,0,12.95
10989,1098.9,7,0,0,12.98
10990,1099,6,1,0,13.19
10991,1099.1,6,0,0,13.2
10992,1099.2,6,0,0,13.22
10993,1099.3,5,2,0,13.06
10994,1099.4,5,0,0,13.08
10995,1099.5,5,0,0,13.13
10996,1099.6,5,0,0,13.15
10997,1099.7,5,0,0,13.18
10998,1099.8,5,0,0,13.23
10999,1099.9,5,0,0,13.28
11000,1100,5,0,0,13.34
11001,1100.1,5,0,0,13.39
11002,1100.2,5,0,0,13.37
11003,1100.3,5,0,0,13.36
11004,1100.4,5,0,0,13.37
11005,1100.5,4,1,0,13.32
11006,1100.6,4,0,0,13.32
11007,1100.7,4,0,0,13.27
11008,1100.8,4,0,0,13.35
11009,1100.9,4,0,0,13.3
11010,1101,4,0,0,13.31
11011,1101.1,4,0,0,13.29
11012,1101.2,4,0,0,13.32
11013,1101.3,4,0,0,13.33
11014,1101.4,4,0,0,13.32
11015,1101.5,5,0,0,13.24
11016,1101.6,6,0,0,13.16
11017,1101.7,6,0,0,13.17
11018,1101.8,6,0,0,13.15
11019,1101.9,6,0,0,13.16
11020,1102,6,0,0,13.16
11021,1102.1,5,1,0,13.21
11022,1102.2,5,0,0,13.18
11023,1102.3,5,0,0,13.2
11024,1102.4,5,0,0,13.2
11025,1102.5,5,0,0,13.21
11026,1102.6,4,1,0,13.42
11027,1102.7,4,0,0,13.39
11028,1102.8,5,0,0,13.37
11029,1102.9,5,0,0,13.34
11030,1103,4,1,0,13.41
11031,1103.1,4,0,0,13.41
11032,1103.2,4,0,0,13.41
11033,1103.3,4,0,0,13.38
11034,1103.4,4,0,0,13.41
11035,1103.5,4,0,0,13.38
11036,1103.6,4,0,0,13.42
11037,1103.7,4,0,0,13.39
11038,1103.8,4,0,0,13.4
11039,1103.9,4,0,0,13.41
11040,1104,4,0,0,13.37
11041,1104.1,5,0,0,12.71
11042,1104.2,5,0,0,12.72
11043,1104.3,5,1,0,13.24
11044,1104.4,5,0,0,13.26
11045,1104.5,4,1,0,13.09
11046,1104.6,4,0,0,13.07
11047,1104.7,6,0,0,12.7
11048,1104.8,6,0,0,12.67
11049,1104.9,5,1,0,12.71
11050,1105,5,0,0,12.7
11051,1105.1,5,0,0,12.7
11052,1105.2,5,0,0,12.71
11053,1105.3,5,0,0,12.69
11054,1105.4,5,0,0,12.7
11055,1105.5,5,0,0,12.71
11056,1105.6,5,0,0,12.73
11057,1105.7,5,0,0,12.7
11058,1105.8,5,0,0,12.7
11059,1105.9,5,0,0,12.72
11060,1106,5,0,0,12.71
11061,1106.1,5,0,0,12.69
11062,1106.2,5,0,0,12.73
11063,1106.3,5,0,0,12.72
11064,1106.4,6,0,0,12.25
11065,1106.5,5,1,0,12.08
11066,1106.6,5,0,0,12.06
11067,1106.7,5,0,0,12.07
11068,1106.8,5,0,0,12.06
11069,1106.9,5,0,0,12.08
11070,1107,5,0,0,12.11
11071,1107.1,5,0,0,12.08
11072,1107.2,6,0,0,12.35
11073,1107.3,6,0,0,12.34
11074,1107.4,6,0,0,12.34
11075,1107.5,6,0,0,12.33
11076,1107.6,6,0,0,12.34
11077,1107.7,5,1,0,12.02
11078,1107.8,5,1,0,11.29
11079,1107.9,5,0,0,11.31
11080,1108,5,0,0,11.31
11081,1108.1,5,0,0,11.28
11082,1108.2,5,0,0,11.29
11083,1108.3,5,0,0,11.29
11084,1108.4,5,0,0,11.3
11085,1108.5,5,0,0,11.31
11086,1108.6,6,0,0,10.56
11087,1108.7,6,0,0,10.52
11088,1108.8,6,0,0,10.56
11089,1108.9,6,0,0,10.58
11090,1109,5,1,0,10.71
11091,1109.1,5,0,0,10.78
11092,1109.2,5,0,0,10.8
11093,1109.3,5,0,0,10.87
11094,1109.4,5,0,0,10.96
11095,1109.5,5,0,0,10.99
11096,1109.6,5,0,0,11.06
11097,1109.7,5,0,0,11.13
11098,1109.8,5,0,0,11.16
11099,1109.9,6,0,0,11.27
11100,1110,7,0,0,11.72
11101,1110.1,7,0,0,11.73
11102,1110.2,7,0,0,11.76
11103,1110.3,7,0,0,11.82
11104,1110.4,7,0,0,11.87
11105,1110.5,7,0,0,11.9
11106,1110.6,6,1,0,11.61
11107,1110.7,6,0,0,11.69
11108,1110.8,6,0,0,11.7
11109,1110.9,5,1,0,11.32
11110,1111,6,0,0,11.07
11111,1111.1,6,0,0,11.03
11112,1111.2,6,0,0,11.06
11113,1111.3,6,0,0,11.07
11114,1111.4,6,0,0,11.09
11115,1111.5,6,0,0,11.08
11116,1111.6,5,1,0,10.74
11117,1111.7,5,0,0,10.76
11118,1111.8,5,0,0,10.77
11119,1111.9,5,0,0,10.81
11120,1112,5,0,0,10.79
11121,1112.1,5,0,0,10.81
11122,1112.2,5,0,0,10.8
11123,1112.3,5,0,0,10.8
11124,1112.4,5,0,0,10.8
11125,1112.5,5,0,0,10.83
11126,1112.6,5,0,0,10.85
11127,1112.7,5,0,0,10.86
11128,1112.8,6,0,0,11.37
11129,1112.9,6,0,0,11.35
11130,1113,6,0,0,11.36
11131,1113.1,6,0,0,11.39
11132,1113.2,6,0,0,11.4
11133,1113.3,6,0,0,11.39
11134,1113.4,5,1,0,10.87
11135,1113.5,6,0,0,11.41
11136,1113.6,6,0,0,11.39
11137,1113.7,6,0,0,11.41
11138,1113.8,6,0,0,11.43
11139,1113.9,5,1,0,10.92
11140,1114,5,0,0,10.87
11141,1114.1,4,1,0,10.76
11142,1114.2,5,0,0,11.38
11143,1114.3,5,0,0,11.36
11144,1114.4,5,0,0,11.35
11145,1114.5,5,0,0,11.35
11146,1114.6,5,0,0,11.31
11147,1114.7,5,0,0,11.29
11148,1114.8,5,0,0,11.27
11149,1114.9,5,0,0,11.25
11150,1115,5,0,0,11.23
11151,1115.1,5,0,0,11.21
11152,1115.2,5,0,0,11.18
11153,1115.3,5,0,0,11.21
11154,1115.4,5,0,0,11.2
11155,1115.5,5,0,0,11.15
11156,1115.6,6,0,0,11.6
11157,1115.7,6,0,0,11.58
11158,1115.8,6,0,0,11.58
11159,1115.9,6,0,0,11.54
11160,1116,6,0,0,11.57
11161,1116.1,6,0,0,11.54
11162,1116.2,5,1,0,11.1
11163,1116.3,5,0,0,11.09
11164,1116.4,5,0,0,11.08
11165,1116.5,5,0,0,11.08
11166,1116.6,5,0,0,11.06
11167,1116.7,5,0,0,11.04
11168,1116.8,5,0,0,11.03
11169,1116.9,5,0,0,11.03
11170,1117,5,1,0,11.06
11171,1117.1,5,0,0,11
11172,1117.2,5,0,0,11.02
11173,1117.3,6,0,0,11.52
11174,1117.4,6,0,0,11.5
11175,1117.5,6,0,0,11.49
11176,1117.6,6,0,0,11.45
11177,1117.7,6,0,0,11.47
11178,1117.8,6,0,0,11.47
11179,1117.9,6,0,0,11.5
11180,1118,6,0,0,11.46
11181,1118.1,6,0,0,11.44
11182,1118.2,6,0,0,11.46
11183,1118.3,6,0,0,11.43
11184,1118.4,6,0,0,11.46
11185,1118.5,7,0,0,11.55
11186,1118.6,7,0,0,11.52
11187,1118.7,7,0,0,11.51
11188,1118.8,7,0,0,11.53
11189,1118.9,7,0,0,11.53
11190,1119,7,0,0,11.49
11191,1119.1,6,1,0,11.41
11192,1119.2,6,0,0,11.43
11193,1119.3,6,0,0,11.43
11194,1119.4,6,0,0,11.37
11195,1119.5,6,0,0,11.41
11196,1119.6,6,0,0,11.37
11197,1119.7,6,0,0,11.35
11198,1119.8,6,0,0,11.38
11199,1119.9,6,0,0,11.38
11200,1120,5,1,0,11.67
11201,1120.1,6,0,0,11.41
11202,1120.2,6,0,0,11.47
11203,1120.3,5,1,0,11.85
11204,1120.4,5,0,0,11.9
11205,1120.5,5,1,0,11.64
11206,1120.6,6,0,0,11.89
11207,1120.7,6,0,0,11.95
11208,1120.8,6,0,0,12.02
11209,1120.9,6,0,0,12.1
11210,1121,6,0,0,12.17
11211,1121.1,6,0,0,12.24
11212,1121.2,6,0,0,12.34
11213,1121.3,7,0,0,12.61
11214,1121.4,7,0,0,12.69
11215,1121.5,7,0,0,12.78
11216,1121.6,7,0,0,12.86
11217,1121.7,7,0,0,12.9
11218,1121.8,7,0,0,12.96
11219,1121.9,5,2,0,12.77
11220,1122,5,0,0,12.83
11221,1122.1,5,0,0,12.9
11222,1122.2,5,0,0,12.95
11223,1122.3,5,0,0,13.03
11224,1122.4,5,0,0,13.05
11225,1122.5,5,0,0,13.06
11226,1122.6,5,0,0,13.04
11227,1122.7,5,0,0,13.03
11228,1122.8,5,0,0,13.02
11229,1122.9,5,0,0,13.07
11230,1123,5,0,0,13.07
11231,1123.1,5,0,0,13.09
11232,1123.2,5,0,0,13.04
11233,1123.3,4,1,0,12.95
11234,1123.4,4,0,0,13.04
11235,1123.5,4,0,0,13.08
11236,1123.6,5,0,0,13.31
11237,1123.7,5,0,0,13.37
11238,1123.8,5,0,0,13.39
11239,1123.9,5,0,0,13.39
11240,1124,5,0,0,13.38
11241,1124.1,6,0,0,13.24
11242,1124.2,7,0,0,13.23
11243,1124.3,7,0,0,13.22
11244,1124.4,6,1,0,13.31
11245,1124.5,6,0,0,13.31
11246,1124.6,6,0,0,13.29
11247,1124.7,4,2,0,13.42
11248,1124.8,4,0,0,13.39
11249,1124.9,4,0,0,13.43
11250,1125,4,0,0,13.41
11251,1125.1,4,0,0,13.4
11252,1125.2,4,0,0,13.39
11253,1125.3,4,0,0,13.41
11254,1125.4,4,0,0,13.38
11255,1125.5,4,0,0,13.39
11256,1125.6,4,0,0,13.42
11257,1125.7,4,0,0,13.36
11258,1125.8,4,0,0,13.39
11259,1125.9,4,0,0,13.39
11260,1126,4,0,0,13.41
11261,1126.1,4,0,0,13.39
11262,1126.2,4,0,0,13.38
11263,1126.3,4,0,0,13.43
11264,1126.4,4,0,0,13.39
11265,1126.5,3,1,0,13.22
11266,1126.6,3,0,0,13.25
11267,1126.7,3,0,0,13.2
11268,1126.8,4,0,0,13.42
11269,1126.9,5,0,0,13.33
11270,1127,5,0,0,13.31
11271,1127.1,5,0,0,13.32
11272,1127.2,5,0,0,13.32
11273,1127.3,5,0,0,13.34
11274,1127.4,5,0,0,13.34
11275,1127.5,4,1,0,13.4
11276,1127.6,4,0,0,13.41
11277,1127.7,5,0,0,13.49
11278,1127.8,4,1,0,13.56
11279,1127.9,4,0,0,13.51
11280,1128,4,0,0,13.56
11281,1128.1,4,0,0,13.54
11282,1128.2,4,0,0,13.54
11283,1128.3,4,0,0,13.51
11284,1128.4,4,0,0,13.52
11285,1128.5,4,0,0,13.54
11286,1128.6,4,0,0,13.53
11287,1128.7,4,0,0,13.53
11288,1128.8,4,0,0,13.51
11289,1128.9,4,0,0,13.54
11290,1129,4,0,0,13.51
11291,1129.1,4,0,0,13.51
11292,1129.2,4,0,0,13.55
11293,1129.3,4,0,0,13.55
11294,1129.4,4,0,0,13.55
11295,1129.5,4,0,0,13.55
11296,1129.6,4,0,0,13.55
11297,1129.7,5,0,0,13.48
11298,1129.8,5,0,0,13.47
11299,1129.9,6,0,0,13.15
11300,1130,6,0,0,13.16
11301,1130.1,6,0,0,13.16
11302,1130.2,6,0,0,13.13
11303,1130.3,5,1,0,13.15
11304,1130.4,5,0,0,13.11
11305,1130.5,5,0,0,13.13
11306,1130.6,5,0,0,13.14
11307,1130.7,5,0,0,13.17
11308,1130.8,5,0,0,13.13
11309,1130.9,4,1,0,13.35
11310,1131,5,0,0,12.2
11311,1131.1,5,0,0,12.22
11312,1131.2,4,1,0,11.85
11313,1131.3,5,0,0,12.09
11314,1131.4,5,0,0,12.1
11315,1131.5,5,0,0,12.1
11316,1131.6,5,0,0,12.09
11317,1131.7,5,0,0,12.11
11318,1131.8,5,0,0,12.14
11319,1131.9,5,0,0,12.15
11320,1132,5,0,0,12.18
11321,1132.1,5,0,0,12.21
11322,1132.2,5,0,0,12.21
11323,1132.3,5,0,0,12.26
11324,1132.4,5,0,0,12.24
11325,1132.5,5,0,0,12.26
11326,1132.6,6,0,0,12.56
11327,1132.7,6,0,0,12.57
11328,1132.8,5,1,0,12.31
11329,1132.9,5,0,0,12.36
11330,1133,5,0,0,12.38
11331,1133.1,6,0,0,11.94
11332,1133.2,5,1,0,11.57
11333,1133.3,5,0,0,11.6
11334,1133.4,5,0,0,11.62
11335,1133.5,5,0,0,11.65
11336,1133.6,5,0,0,11.67
11337,1133.7,5,0,0,11.71
11338,1133.8,5,0,0,11.72
11339,1133.9,5,0,0,11.74
11340,1134,5,0,0,11.75
11341,1134.1,5,0,0,11.71
11342,1134.2,5,0,0,11.73
11343,1134.3,5,0,0,11.71
11344,1134.4,5,0,0,11.72
11345,1134.5,5,0,0,11.75
11346,1134.6,5,0,0,11.72
11347,1134.7,5,0,0,11.72
11348,1134.8,6,0,0,12.08
11349,1134.9,6,0,0,12.06
11350,1135,5,1,0,11.88
11351,1135.1,5,0,0,11.88
11352,1135.2,5,0,0,11.9
11353,1135.3,5,0,0,11.89
11354,1135.4,6,0,0,12.25
11355,1135.5,6,0,0,12.21
11356,1135.6,6,0,0,12.23
11357,1135.7,6,0,0,12.24
11358,1135.8,6,0,0,12.24
11359,1135.9,6,0,0,12.22
11360,1136,4,2,0,11.35
11361,1136.1,5,0,0,11.12
11362,1136.2,6,0,0,11.51
11363,1136.3,5,1,0,11.77
11364,1136.4,5,0,0,11.79
11365,1136.5,5,0,0,11.77
11366,1136.6,5,0,0,11.8
11367,1136.7,5,0,0,11.78
11368,1136.8,5,0,0,11.81
11369,1136.9,5,0,0,11.74
11370,1137,5,0,0,11.71
11371,1137.1,5,0,0,11.71
11372,1137.2,5,0,0,11.72
11373,1137.3,5,0,0,11.69
11374,1137.4,5,0,0,11.69
11375,1137.5,5,0,0,11.67
11376,1137.6,5,0,0,11.66
11377,1137.7,5,0,0,11.62
11378,1137.8,5,0,0,11.61
11379,1137.9,5,0,0,11.62
11380,1138,5,0,0,11.6
11381,1138.1,5,0,0,11.58
11382,1138.2,6,0,0,12
11383,1138.3,5,1,0,11.61
11384,1138.4,6,0,0,11.9
11385,1138.5,6,0,0,11.91
11386,1138.6,6,0,0,11.86
11387,1138.7,6,0,0,11.9
11388,1138.8,5,1,0,11.43
11389,1138.9,5,0,0,11.4
11390,1139,5,0,0,11.42
11391,1139.1,5,0,0,11.4
11392,1139.2,5,0,0,11.41
11393,1139.3,5,0,0,11.41
11394,1139.4,6,0,0,11.4
11395,1139.5,6,0,0,11.4
11396,1139.6,6,0,0,11.36
11397,1139.7,6,0,0,11.34
11398,1139.8,6,0,0,11.35
11399,1139.9,6,0,0,11.33
11400,1140,6,0,0,11.3
11401,1140.1,6,0,0,11.33
11402,1140.2,6,0,0,11.33
11403,1140.3,6,0,0,11.31
11404,1140.4,6,0,0,11.31
11405,1140.5,6,0,0,11.29
11406,1140.6,6,0,0,11.32
11407,1140.7,6,0,0,11.29
11408,1140.8,6,0,0,11.27
11409,1140.9,5,1,0,11.21
11410,1141,6,0,0,11.59
11411,1141.1,6,0,0,11.58
11412,1141.2,6,0,0,11.59
11413,1141.3,6,0,0,11.57
11414,1141.4,6,0,0,11.57
11415,1141.5,6,0,0,11.55
11416,1141.6,5,1,0,11.14
11417,1141.7,5,0,0,11.14
11418,1141.8,5,0,0,11.12
11419,1141.9,5,1,0,10.7
11420,1142,5,0,0,10.65
11421,1142.1,5,0,0,10.68
11422,1142.2,5,0,0,10.7
11423,1142.3,5,0,0,10.67
11424,1142.4,5,0,0,10.62
11425,1142.5,6,0,0,11.23
11426,1142.6,6,0,0,11.19
11427,1142.7,6,0,0,11.19
11428,1142.8,6,0,0,11.19
11429,1142.9,6,0,0,11.19
11430,1143,6,0,0,11.18
11431,1143.1,6,0,0,11.2
11432,1143.2,6,0,0,11.19
11433,1143.3,6,0,0,11.17
11434,1143.4,6,0,0,11.17
11435,1143.5,6,0,0,11.16
11436,1143.6,5,1,0,11.4
11437,1143.7,5,0,0,11.45
11438,1143.8,5,0,0,11.49
11439,1143.9,6,0,0,11.94
11440,1144,6,0,0,11.99
11441,1144.1,6,0,0,12.04
11442,1144.2,6,0,0,12.11
11443,1144.3,6,0,0,12.13
11444,1144.4,6,0,0,12.2
11445,1144.5,5,1,0,11.94
11446,1144.6,5,0,0,12
11447,1144.7,5,0,0,12.03
11448,1144.8,5,0,0,12.17
11449,1144.9,5,0,0,12.25
11450,1145,5,0,0,12.3
11451,1145.1,5,0,0,12.37
11452,1145.2,5,0,0,12.42
11453,1145.3,5,0,0,12.4
11454,1145.4,5,0,0,12.43
11455,1145.5,5,1,0,12.03
11456,1145.6,5,0,0,12.04
11457,1145.7,6,0,0,12.02
11458,1145.8,6,0,0,12.05
11459,1145.9,6,0,0,12.07
11460,1146,6,0,0,12.09
11461,1146.1,6,0,0,12.05
11462,1146.2,5,1,0,12.17
11463,1146.3,5,0,0,12.21
11464,1146.4,5,0,0,12.2
11465,1146.5,5,0,0,12.17
11466,1146.6,5,0,0,12.19
11467,1146.7,7,0,0,11.73
11468,1146.8,7,0,0,11.7
11469,1146.9,6,1,0,11.41
11470,1147,6,0,0,11.42
11471,1147.1,6,0,0,11.44
11472,1147.2,6,0,0,11.45
11473,1147.3,5,1,0,10.91
11474,1147.4,5,0,0,10.94
11475,1147.5,5,0,0,10.95
11476,1147.6,5,0,0,10.94
11477,1147.7,5,0,0,10.96
11478,1147.8,5,0,0,10.97
11479,1147.9,5,0,0,11
11480,1148,5,0,0,10.97
11481,1148.1,5,0,0,11.01
11482,1148.2,5,0,0,10.99
11483,1148.3,5,0,0,11.02
11484,1148.4,5,0,0,11.05
11485,1148.5,5,0,0,11.1
11486,1148.6,5,0,0,11.08
11487,1148.7,5,0,0,11.07
11488,1148.8,6,0,0,11.34
11489,1148.9,6,0,0,11.32
11490,1149,6,0,0,11.37
11491,1149.1,7,0,0,11.2
11492,1149.2,7,0,0,11.2
11493,1149.3,7,0,0,11.23
11494,1149.4,7,0,0,11.23
11495,1149.5,8,0,0,11.57
11496,1149.6,8,0,0,11.6
11497,1149.7,8,0,0,11.62
11498,1149.8,8,0,0,11.62
11499,1149.9,7,1,0,11.7
11500,1150,7,0,0,11.72
11501,1150.1,6,1,0,11.34
11502,1150.2,6,0,0,11.37
11503,1150.3,6,0,0,11.4
11504,1150.4,6,0,0,11.41
11505,1150.5,6,0,0,11.37
11506,1150.6,5,1,0,11.36
11507,1150.7,5,0,0,11.38
11508,1150.8,5,0,0,11.39
11509,1150.9,5,0,0,11.49
11510,1151,5,0,0,11.52
11511,1151.1,5,0,0,11.53
11512,1151.2,5,0,0,11.57
11513,1151.3,5,0,0,11.57
11514,1151.4,4,1,0,12
11515,1151.5,4,0,0,12.11
11516,1151.6,4,0,0,12.23
11517,1151.7,4,0,0,12.3
11518,1151.8,4,0,0,12.35
11519,1151.9,4,0,0,12.42
11520,1152,5,0,0,12.19
11521,1152.1,6,0,0,11.87
11522,1152.2,5,1,0,11.48
11523,1152.3,5,1,0,12
11524,1152.4,5,0,0,12.04
11525,1152.5,5,0,0,12.07
11526,1152.6,6,0,0,12.45
11527,1152.7,6,0,0,12.44
11528,1152.8,6,0,0,12.5
11529,1152.9,5,1,0,12.51
11530,1153,5,0,0,12.59
11531,1153.1,5,0,0,12.59
11532,1153.2,5,0,0,12.64
11533,1153.3,5,0,0,12.65
11534,1153.4,4,1,0,12.35
11535,1153.5,4,0,0,12.35
11536,1153.6,4,0,0,12.35
11537,1153.7,4,0,0,12.32
11538,1153.8,4,0,0,12.29
11539,1153.9,4,0,0,12.31
11540,1154,5,0,0,11.88
11541,1154.1,5,0,0,11.87
11542,1154.2,5,0,0,11.85
11543,1154.3,5,0,0,11.87
11544,1154.4,5,0,0,11.88
11545,1154.5,5,0,0,11.84
11546,1154.6,5,0,0,11.85
11547,1154.7,5,0,0,11.85
11548,1154.8,5,0,0,11.87
11549,1154.9,5,0,0,11.88
11550,1155,5,0,0,11.84
11551,1155.1,6,0,0,11.2
11552,1155.2,7,0,0,11.6
11553,1155.3,7,0,0,11.56
11554,1155.4,7,0,0,11.62
11555,1155.5,7,0,0,11.63
11556,1155.6,7,0,0,11.66
11557,1155.7,7,0,0,11.65
11558,1155.8,6,1,0,11.28
11559,1155.9,6,0,0,11.3
11560,1156,6,0,0,11.26
11561,1156.1,5,1,0,10.8
11562,1156.2,6,0,0,11.23
11563,1156.3,6,0,0,11.21
11564,1156.4,6,0,0,11.22
11565,1156.5,5,1,0,11.07
11566,1156.6,5,0,0,11.12
11567,1156.7,5,0,0,11.11
11568,1156.8,5,0,0,11.13
11569,1156.9,5,0,0,11.12
11570,1157,5,0,0,11.15
11571,1157.1,5,0,0,11.13
11572,1157.2,5,0,0,11.18
11573,1157.3,5,0,0,11.18
11574,1157.4,5,0,0,11.19
11575,1157.5,5,0,0,11.17
11576,1157.6,5,0,0,11.19
11577,1157.7,5,0,0,11.2
11578,1157.8,5,0,0,11.22
11579,1157.9,5,0,0,11.19
11580,1158,6,0,0,11.39
11581,1158.1,6,0,0,11.37
11582,1158.2,7,0,0,11.53
11583,1158.3,7,0,0,11.51
11584,1158.4,7,0,0,11.51
11585,1158.5,7,0,0,11.52
11586,1158.6,6,1,0,11.4
11587,1158.7,6,0,0,11.37
11588,1158.8,6,0,0,11.37
11589,1158.9,5,1,0,11.13
11590,1159,5,0,0,11.14
11591,1159.1,5,0,0,11.13
11592,1159.2,5,0,0,11.11
11593,1159.3,5,0,0,11.08
11594,1159.4,5,0,0,11.1
11595,1159.5,5,0,0,11.08
11596,1159.6,5,0,0,11.09
11597,1159.7,6,0,0,11.56
11598,1159.8,5,1,0,11.18
11599,1159.9,5,0,0,11.2
11600,1160,5,0,0,11.18
11601,1160.1,5,0,0,11.17
11602,1160.2,5,0,0,11.18
11603,1160.3,5,0,0,11.16
11604,1160.4,5,0,0,11.14
11605,1160.5,5,0,0,11.14
11606,1160.6,5,0,0,11.14
11607,1160.7,5,0,0,11.13
11608,1160.8,6,0,0,11.62
11609,1160.9,6,0,0,11.58
11610,1161,6,0,0,11.59
11611,1161.1,6,0,0,11.59
11612,1161.2,6,0,0,11.62
11613,1161.3,6,0,0,11.57
11614,1161.4,6,1,0,11.39
11615,1161.5,6,0,0,11.4
11616,1161.6,6,0,0,11.38
11617,1161.7,6,0,0,11.37
11618,1161.8,6,0,0,11.38
11619,1161.9,6,0,0,11.35
11620,1162,6,0,0,11.36
11621,1162.1,6,0,0,11.39
11622,1162.2,6,0,0,11.38
11623,1162.3,6,0,0,11.38
11624,1162.4,6,0,0,11.33
11625,1162.5,6,0,0,11.36
11626,1162.6,6,0,0,11.35
11627,1162.7,6,0,0,11.36
11628,1162.8,6,0,0,11.36
11629,1162.9,6,0,0,11.34
11630,1163,6,0,0,11.31
11631,1163.1,6,0,0,11.33
11632,1163.2,5,1,0,10.83
11633,1163.3,6,0,0,11.31
11634,1163.4,6,0,0,11.29
11635,1163.5,5,1,0,11.32
11636,1163.6,6,0,0,11.69
11637,1163.7,6,0,0,11.69
11638,1163.8,6,0,0,11.71
11639,1163.9,6,0,0,11.69
11640,1164,6,0,0,11.69
11641,1164.1,6,0,0,11.69
11642,1164.2,5,1,0,11.32
11643,1164.3,5,0,0,11.33
11644,1164.4,5,0,0,11.32
11645,1164.5,6,0,0,11.64
11646,1164.6,6,0,0,11.63
11647,1164.7,6,0,0,11.62
11648,1164.8,6,0,0,11.62
11649,1164.9,6,0,0,11.65
11650,1165,6,0,0,11.65
11651,1165.1,6,0,0,11.65
11652,1165.2,6,0,0,11.64
11653,1165.3,6,0,0,11.62
11654,1165.4,6,0,0,11.62
11655,1165.5,6,0,0,11.63
11656,1165.6,6,0,0,11.61
11657,1165.7,6,0,0,11.63
11658,1165.8,6,0,0,11.6
11659,1165.9,6,0,0,11.59
11660,1166,6,0,0,11.61
11661,1166.1,6,0,0,11.62
11662,1166.2,5,1,0,11.88
11663,1166.3,5,0,0,11.89
11664,1166.4,5,0,0,11.94
11665,1166.5,6,0,0,12.18
11666,1166.6,6,0,0,12.23
11667,1166.7,6,0,0,12.29
11668,1166.8,6,1,0,12.45
11669,1166.9,6,0,0,12.46
11670,1167,6,0,0,12.52
11671,1167.1,5,1,0,12.55
11672,1167.2,5,0,0,12.65
11673,1167.3,5,0,0,12.72
11674,1167.4,5,0,0,12.84
11675,1167.5,5,0,0,12.91
11676,1167.6,5,0,0,12.99
11677,1167.7,6,0,0,12.78
11678,1167.8,6,0,0,12.85
11679,1167.9,6,0,0,12.9
11680,1168,6,0,0,12.94
11681,1168.1,6,1,0,12.37
11682,1168.2,6,0,0,12.41
11683,1168.3,5,1,0,12.92
11684,1168.4,5,0,0,12.96
11685,1168.5,5,0,0,12.97
11686,1168.6,5,0,0,13.01
11687,1168.7,5,0,0,13.01
11688,1168.8,5,0,0,13
11689,1168.9,5,0,0,13.01
11690,1169,5,0,0,13
11691,1169.1,5,0,0,13.01
11692,1169.2,5,0,0,13.01
11693,1169.3,6,0,0,12.86
11694,1169.4,6,0,0,12.86
11695,1169.5,5,1,0,12.69
11696,1169.6,5,0,0,12.66
11697,1169.7,5,0,0,12.7
11698,1169.8,5,0,0,12.69
11699,1169.9,4,1,0,12.81
11700,1170,4,0,0,12.78
11701,1170.1,4,0,0,12.78
11702,1170.2,4,0,0,12.79
11703,1170.3,3,1,0,12.43
11704,1170.4,4,0,0,12.8
11705,1170.5,4,0,0,12.83
11706,1170.6,4,0,0,12.83
11707,1170.7,4,0,0,12.86
11708,1170.8,5,0,0,13.08
11709,1170.9,5,0,0,13.04
11710,1171,5,0,0,13.04
11711,1171.1,5,0,0,13.06
11712,1171.2,5,0,0,13.03
11713,1171.3,5,0,0,13.03
11714,1171.4,4,1,0,13.09
11715,1171.5,4,0,0,13.11
11716,1171.6,4,0,0,13.07
11717,1171.7,4,0,0,13.11
11718,1171.8,4,0,0,13.1
11719,1171.9,4,0,0,13.09
11720,1172,4,0,0,13.11
11721,1172.1,5,0,0,13.28
11722,1172.2,5,0,0,13.25
11723,1172.3,5,0,0,13.26
11724,1172.4,5,0,0,13.24
11725,1172.5,5,0,0,13.28
11726,1172.6,5,0,0,13.23
11727,1172.7,4,1,0,13.11
11728,1172.8,4,0,0,13.1
11729,1172.9,4,0,0,13.08
11730,1173,4,0,0,13.05
11731,1173.1,4,0,0,13.04
11732,1173.2,4,0,0,13.06
11733,1173.3,4,0,0,13.11
11734,1173.4,4,0,0,13.11
11735,1173.5,4,0,0,13.08
11736,1173.6,4,0,0,13.05
11737,1173.7,4,0,0,13.02
11738,1173.8,4,0,0,13.04
11739,1173.9,3,1,0,12.65
11740,1174,5,0,0,12.71
11741,1174.1,5,0,0,12.69
11742,1174.2,4,1,0,12.53
11743,1174.3,4,0,0,12.53
11744,1174.4,4,0,0,12.5
11745,1174.5,4,0,0,12.49
11746,1174.6,4,0,0,12.46
11747,1174.7,4,0,0,12.49
11748,1174.8,4,0,0,12.42
11749,1174.9,5,0,0,12.22
11750,1175,5,0,0,12.22
11751,1175.1,5,0,0,12.19
11752,1175.2,5,0,0,12.18
11753,1175.3,5,0,0,12.18
11754,1175.4,5,0,0,12.17
11755,1175.5,5,0,0,12.14
11756,1175.6,4,1,0,12.36
11757,1175.7,4,0,0,12.32
11758,1175.8,4,0,0,12.32
11759,1175.9,4,0,0,12.3
11760,1176,4,0,0,12.31
11761,1176.1,4,0,0,12.33
11762,1176.2,4,0,0,12.31
11763,1176.3,4,0,0,12.3
11764,1176.4,4,0,0,12.3
11765,1176.5,4,0,0,12.29
11766,1176.6,4,0,0,12.3
11767,1176.7,4,0,0,12.23
11768,1176.8,4,0,0,12.24
11769,1176.9,4,0,0,12.25
11770,1177,4,0,0,12.25
11771,1177.1,5,0,0,12.44
11772,1177.2,5,0,0,12.44
11773,1177.3,5,0,0,12.39
11774,1177.4,5,0,0,12.42
11775,1177.5,6,0,0,12.66
11776,1177.6,6,0,0,12.65
11777,1177.7,6,0,0,12.63
11778,1177.8,7,0,0,12.84
11779,1177.9,6,1,0,12.9
11780,1178,6,0,0,12.89
11781,1178.1,7,0,0,12.37
11782,1178.2,7,0,0,12.37
11783,1178.3,7,0,0,12.35
11784,1178.4,6,1,0,12.12
11785,1178.5,6,0,0,12.12
11786,1178.6,6,0,0,12.14
11787,1178.7,6,0,0,12.15
11788,1178.8,6,0,0,12.14
11789,1178.9,6,0,0,12.18
11790,1179,5,1,0,12.33
11791,1179.1,5,0,0,12.4
11792,1179.2,5,0,0,12.45
11793,1179.3,5,0,0,12.52
11794,1179.4,5,0,0,12.55
11795,1179.5,5,0,0,12.58
11796,1179.6,5,0,0,12.61
11797,1179.7,5,0,0,12.68
11798,1179.8,5,0,0,12.71
11799,1179.9,5,0,0,12.75
11800,1180,5,0,0,12.78
11801,1180.1,5,0,0,12.82
11802,1180.2,5,0,0,12.78
11803,1180.3,6,0,0,12.56
11804,1180.4,6,0,0,12.53
11805,1180.5,5,1,0,12.28
11806,1180.6,6,0,0,12.03
11807,1180.7,6,0,0,12
11808,1180.8,6,0,0,12.01
11809,1180.9,6,0,0,12
11810,1181,5,1,0,11.57
11811,1181.1,6,0,0,12
11812,1181.2,6,0,0,11.99
11813,1181.3,5,1,0,12.21
11814,1181.4,5,0,0,12.19
11815,1181.5,5,0,0,12.19
11816,1181.6,5,0,0,12.2
11817,1181.7,5,0,0,12.2
11818,1181.8,5,0,0,12.15
11819,1181.9,5,0,0,12.17
11820,1182,5,0,0,12.16
11821,1182.1,5,0,0,12.19
11822,1182.2,5,0,0,12.16
11823,1182.3,5,0,0,12.15
11824,1182.4,5,0,0,12.14
11825,1182.5,5,0,0,12.14
11826,1182.6,5,0,0,12.17
11827,1182.7,5,0,0,12.16
11828,1182.8,5,0,0,12.13
11829,1182.9,5,0,0,12.13
11830,1183,5,0,0,12.14
11831,1183.1,5,0,0,12.12
11832,1183.2,5,0,0,12.13
11833,1183.3,5,0,0,12.12
11834,1183.4,7,0,0,12.28
11835,1183.5,7,0,0,12.26
11836,1183.6,7,0,0,12.26
11837,1183.7,7,0,0,12.25
11838,1183.8,6,1,0,12.13
11839,1183.9,6,0,0,12.16
11840,1184,5,1,0,11.95
11841,1184.1,6,0,0,11.65
11842,1184.2,6,0,0,11.61
11843,1184.3,5,1,0,11.94
11844,1184.4,5,0,0,11.94
11845,1184.5,5,0,0,11.97
11846,1184.6,5,1,0,11.98
11847,1184.7,5,0,0,11.96
11848,1184.8,5,0,0,11.92
11849,1184.9,5,0,0,11.94
11850,1185,5,0,0,11.93
11851,1185.1,5,0,0,11.95
11852,1185.2,5,0,0,11.96
11853,1185.3,5,0,0,11.96
11854,1185.4,5,0,0,11.89
11855,1185.5,5,0,0,11.93
11856,1185.6,5,0,0,11.94
11857,1185.7,5,0,0,11.93
11858,1185.8,5,0,0,11.93
11859,1185.9,5,0,0,11.93
11860,1186,5,0,0,11.93
11861,1186.1,5,0,0,11.93
11862,1186.2,6,0,0,12.29
11863,1186.3,6,0,0,12.28
11864,1186.4,6,0,0,12.23
11865,1186.5,7,0,0,11.92
11866,1186.6,8,0,0,11.96
11867,1186.7,8,0,0,11.96
11868,1186.8,6,2,0,11.42
11869,1186.9,6,0,0,11.42
11870,1187,6,0,0,11.41
11871,1187.1,6,0,0,11.41
11872,1187.2,6,0,0,11.43
11873,1187.3,6,0,0,11.38
11874,1187.4,6,0,0,11.39
11875,1187.5,6,0,0,11.42
11876,1187.6,6,0,0,11.4
11877,1187.7,6,0,0,11.39
11878,1187.8,6,0,0,11.39
11879,1187.9,6,0,0,11.39
11880,1188,6,0,0,11.38
11881,1188.1,5,1,0,10.84
11882,1188.2,6,0,0,10.67
11883,1188.3,6,0,0,10.68
11884,1188.4,6,0,0,10.68
11885,1188.5,6,0,0,10.66
11886,1188.6,6,0,0,10.65
11887,1188.7,6,0,0,10.64
11888,1188.8,6,0,0,10.65
11889,1188.9,6,0,0,10.64
11890,1189,6,0,0,10.63
11891,1189.1,7,0,0,11.09
11892,1189.2,7,0,0,11.05
11893,1189.3,7,0,0,11.07
11894,1189.4,7,0,0,11.08
11895,1189.5,7,0,0,11.08
11896,1189.6,7,0,0,11.05
11897,1189.7,7,1,0,10.83
11898,1189.8,7,0,0,10.82
11899,1189.9,7,0,0,10.82
11900,1190,7,0,0,10.81
11901,1190.1,7,0,0,10.83
11902,1190.2,7,0,0,10.8
11903,1190.3,7,0,0,10.81
11904,1190.4,6,1,0,10.93
11905,1190.5,6,0,0,10.97
11906,1190.6,6,0,0,11.03
11907,1190.7,6,0,0,11.09
11908,1190.8,5,1,0,11.38
11909,1190.9,5,0,0,11.5
11910,1191,5,0,0,11.59
11911,1191.1,5,0,0,11.71
11912,1191.2,5,0,0,11.82
11913,1191.3,5,0,0,11.94
11914,1191.4,5,0,0,12.02
11915,1191.5,5,0,0,12.11
11916,1191.6,5,0,0,12.18
11917,1191.7,6,0,0,12.5
11918,1191.8,6,0,0,12.53
11919,1191.9,7,0,0,12.63
11920,1192,7,0,0,12.65
11921,1192.1,7,0,0,12.69
11922,1192.2,7,0,0,12.71
11923,1192.3,6,1,0,12.76
11924,1192.4,6,0,0,12.77
11925,1192.5,5,1,0,12.75
11926,1192.6,5,0,0,12.8
11927,1192.7,4,1,0,12.63
11928,1192.8,4,0,0,12.64
11929,1192.9,5,0,0,12.9
11930,1193,5,0,0,12.9
11931,1193.1,5,0,0,12.88
11932,1193.2,5,0,0,12.9
11933,1193.3,5,0,0,12.87
11934,1193.4,5,0,0,12.92
11935,1193.5,5,0,0,12.88
11936,1193.6,5,0,0,12.89
11937,1193.7,5,0,0,12.9
11938,1193.8,5,0,0,12.86
11939,1193.9,5,0,0,12.9
11940,1194,4,1,0,13
11941,1194.1,4,0,0,13.01
11942,1194.2,4,0,0,13.03
11943,1194.3,4,0,0,13.03
11944,1194.4,4,0,0,13.02
11945,1194.5,4,0,0,13.02
11946,1194.6,4,0,0,13.07
11947,1194.7,5,0,0,13.23
11948,1194.8,5,0,0,13.2
11949,1194.9,5,0,0,13.21
11950,1195,5,0,0,13.21
11951,1195.1,5,0,0,13.21
11952,1195.2,5,0,0,13.2
11953,1195.3,4,2,0,13.13
11954,1195.4,4,0,0,13.09
11955,1195.5,4,0,0,13.1
11956,1195.6,4,0,0,13.14
11957,1195.7,4,0,0,13.12
11958,1195.8,4,0,0,13.12
11959,1195.9,4,0,0,13.11
11960,1196,5,0,0,13.31
11961,1196.1,5,0,0,13.27
11962,1196.2,5,0,0,13.32
11963,1196.3,5,0,0,13.3
11964,1196.4,5,0,0,13.27
11965,1196.5,5,0,0,13.26
11966,1196.6,5,0,0,13.3
11967,1196.7,5,0,0,13.3
11968,1196.8,5,0,0,13.29
11969,1196.9,5,0,0,13.28
11970,1197,5,0,0,13.27
11971,1197.1,4,1,0,13.58
11972,1197.2,4,0,0,13.54
11973,1197.3,4,0,0,13.56
11974,1197.4,4,0,0,13.58
11975,1197.5,5,0,0,13.61
11976,1197.6,5,0,0,13.62
11977,1197.7,5,0,0,13.59
11978,1197.8,5,0,0,13.6
11979,1197.9,5,0,0,13.61
11980,1198,5,0,0,13.6
11981,1198.1,4,1,0,13.55
11982,1198.2,4,0,0,13.54
11983,1198.3,4,0,0,13.55
11984,1198.4,4,0,0,13.58
11985,1198.5,4,0,0,13.55
11986,1198.6,4,0,0,13.55
11987,1198.7,4,0,0,13.58
11988,1198.8,3,1,0,13.4
11989,1198.9,4,0,0,12.91
11990,1199,4,0,0,12.88
11991,1199.1,4,0,0,12.88
11992,1199.2,5,0,0,12.44
11993,1199.3,5,0,0,12.42
11994,1199.4,5,0,0,12.44
11995,1199.5,5,0,0,12.42
11996,1199.6,5,0,0,12.46
11997,1199.7,5,0,0,12.45
11998,1199.8,5,0,0,12.46
11999,1199.9,4,1,0,12.39
12000,1200,4,0,0,12.42
12001,1200.1,5,0,0,11.9
12002,1200.2,5,0,0,11.96
12003,1200.3,5,1,0,12.41
12004,1200.4,6,0,0,11.43
12005,1200.5,6,0,0,11.45
12006,1200.6,6,0,0,11.47
12007,1200.7,6,0,0,11.44
12008,1200.8,6,0,0,11.47
12009,1200.9,5,1,0,11.36
12010,1201,5,0,0,11.4
12011,1201.1,5,0,0,11.4
12012,1201.2,5,0,0,11.42
12013,1201.3,5,0,0,11.44
12014,1201.4,5,0,0,11.44
12015,1201.5,5,0,0,11.48
12016,1201.6,5,0,0,11.49
12017,1201.7,5,0,0,11.5
12018,1201.8,5,0,0,11.52
12019,1201.9,5,0,0,11.52
12020,1202,5,0,0,11.54
12021,1202.1,4,1,0,10.99
12022,1202.2,4,0,0,11.02
12023,1202.3,5,0,0,10.43
12024,1202.4,6,0,0,11.03
12025,1202.5,6,0,0,11.06
12026,1202.6,6,0,0,11.08
12027,1202.7,6,0,0,11.09
12028,1202.8,6,0,0,11.15
12029,1202.9,6,0,0,11.18
12030,1203,6,0,0,11.18
12031,1203.1,6,0,0,11.21
12032,1203.2,6,1,0,11.43
12033,1203.3,6,0,0,11.48
12034,1203.4,6,0,0,11.49
12035,1203.5,6,0,0,11.51
12036,1203.6,6,0,0,11.52
12037,1203.7,6,0,0,11.55
12038,1203.8,5,1,0,11.4
12039,1203.9,5,0,0,11.42
12040,1204,5,0,0,11.45
12041,1204.1,5,0,0,11.47
12042,1204.2,5,0,0,11.47
12043,1204.3,5,0,0,11.47
12044,1204.4,5,0,0,11.5
12045,1204.5,5,0,0,11.51
12046,1204.6,5,0,0,11.52
12047,1204.7,5,0,0,11.52
12048,1204.8,5,0,0,11.54
12049,1204.9,5,0,0,11.56
12050,1205,5,0,0,11.55
12051,1205.1,5,0,0,11.57
12052,1205.2,4,1,0,11.02
12053,1205.3,4,0,0,11.04
12054,1205.4,4,0,0,11.06
12055,1205.5,5,0,0,11.44
12056,1205.6,5,0,0,11.45
12057,1205.7,5,0,0,11.39
12058,1205.8,5,0,0,11.39
12059,1205.9,4,1,0,10.76
12060,1206,6,0,0,11.81
12061,1206.1,6,0,0,11.77
12062,1206.2,6,0,0,11.74
12063,1206.3,6,0,0,11.74
12064,1206.4,6,0,0,11.75
12065,1206.5,6,0,0,11.77
12066,1206.6,5,1,0,11.29
12067,1206.7,5,0,0,11.27
12068,1206.8,5,0,0,11.23
12069,1206.9,5,0,0,11.24
12070,1207,5,0,0,11.26
12071,1207.1,5,0,0,11.24
12072,1207.2,5,0,0,11.24
12073,1207.3,5,0,0,11.18
12074,1207.4,5,0,0,11.2
12075,1207.5,5,0,0,11.22
12076,1207.6,5,0,0,11.18
12077,1207.7,5,0,0,11.15
12078,1207.8,5,0,0,11.16
12079,1207.9,5,0,0,11.16
12080,1208,5,0,0,11.14
12081,1208.1,5,0,0,11.14
12082,1208.2,5,0,0,11.15
12083,1208.3,5,0,0,11.12
12084,1208.4,5,0,0,11.16
12085,1208.5,5,0,0,11.11
12086,1208.6,6,0,0,11.6
12087,1208.7,6,0,0,11.56
12088,1208.8,7,0,0,11.64
12089,1208.9,7,0,0,11.63
12090,1209,7,0,0,11.62
12091,1209.1,7,0,0,11.61
12092,1209.2,7,0,0,11.61
12093,1209.3,7,0,0,11.6
12094,1209.4,6,1,0,11.53
12095,1209.5,6,1,0,11.54
12096,1209.6,6,0,0,11.55
12097,1209.7,6,0,0,11.52
12098,1209.8,6,0,0,11.52
12099,1209.9,6,0,0,11.55
12100,1210,6,0,0,11.52
12101,1210.1,6,0,0,11.51
12102,1210.2,6,0,0,11.5
12103,1210.3,6,0,0,11.53
12104,1210.4,6,0,0,11.53
12105,1210.5,6,0,0,11.49
12106,1210.6,6,0,0,11.49
12107,1210.7,6,0,0,11.51
12108,1210.8,6,0,0,11.46
12109,1210.9,6,0,0,11.46
12110,1211,6,0,0,11.48
12111,1211.1,6,0,0,11.46
12112,1211.2,5,1,0,11.6
12113,1211.3,5,0,0,11.6
12114,1211.4,5,0,0,11.54
12115,1211.5,5,0,0,11.54
12116,1211.6,6,0,0,11.92
12117,1211.7,7,0,0,12.17
12118,1211.8,7,0,0,12.15
12119,1211.9,7,0,0,12.15
12120,1212,7,0,0,12.13
12121,1212.1,7,0,0,12.13
12122,1212.2,6,1,0,11.84
12123,1212.3,6,0,0,11.82
12124,1212.4,6,0,0,11.83
12125,1212.5,6,0,0,11.78
12126,1212.6,6,0,0,11.77
12127,1212.7,6,0,0,11.74
12128,1212.8,6,0,0,11.75
12129,1212.9,6,0,0,11.73
12130,1213,5,1,0,11.3
12131,1213.1,6,0,0,11.74
12132,1213.2,6,0,0,11.69
12133,1213.3,5,1,0,12.05
12134,1213.4,5,0,0,12.09
12135,1213.5,5,0,0,12.15
12136,1213.6,5,0,0,12.22
12137,1213.7,5,0,0,12.3
12138,1213.8,5,0,0,12.36
12139,1213.9,5,0,0,12.45
12140,1214,5,0,0,12.53
12141,1214.1,5,0,0,12.62
12142,1214.2,5,0,0,12.68
12143,1214.3,5,0,0,12.76
12144,1214.4,5,0,0,12.82
12145,1214.5,6,0,0,12.89
12146,1214.6,6,0,0,12.94
12147,1214.7,6,0,0,12.98
12148,1214.8,6,0,0,13.06
12149,1214.9,7,0,0,13.28
12150,1215,7,0,0,13.32
12151,1215.1,6,1,0,13.53
12152,1215.2,5,1,0,13.56
12153,1215.3,5,0,0,13.62
12154,1215.4,5,0,0,13.72
12155,1215.5,5,0,0,13.77
12156,1215.6,5,0,0,13.84
12157,1215.7,5,0,0,13.92
12158,1215.8,5,0,0,13.92
12159,1215.9,5,0,0,13.93
12160,1216,5,0,0,13.94
12161,1216.1,6,0,0,13.26
12162,1216.2,6,0,0,13.28
12163,1216.3,5,1,0,13.94
12164,1216.4,5,0,0,13.97
12165,1216.5,5,0,0,13.91
12166,1216.6,4,2,0,13.6
12167,1216.7,4,0,0,13.61
12168,1216.8,4,0,0,13.61
12169,1216.9,4,0,0,13.59
12170,1217,4,0,0,13.59
12171,1217.1,4,0,0,13.61
12172,1217.2,4,0,0,13.6
12173,1217.3,5,0,0,13.69
12174,1217.4,5,0,0,13.63
12175,1217.5,5,0,0,13.67
12176,1217.6,5,0,0,13.67
12177,1217.7,5,0,0,13.65
12178,1217.8,5,0,0,13.63
12179,1217.9,4,1,0,13.6
12180,1218,5,0,0,13.41
12181,1218.1,4,1,0,13.28
12182,1218.2,4,0,0,13.25
12183,1218.3,4,0,0,13.28
12184,1218.4,4,0,0,13.24
12185,1218.5,4,0,0,13.26
12186,1218.6,4,0,0,13.26
12187,1218.7,4,0,0,13.28
12188,1218.8,4,0,0,13.27
12189,1218.9,4,0,0,13.21
12190,1219,4,0,0,13.21
12191,1219.1,4,0,0,13.22
12192,1219.2,4,0,0,13.23
12193,1219.3,4,0,0,13.27
12194,1219.4,4,0,0,13.25
12195,1219.5,4,0,0,13.27
12196,1219.6,4,0,0,13.25
12197,1219.7,4,0,0,13.27
12198,1219.8,4,0,0,13.24
12199,1219.9,4,0,0,13.24
12200,1220,4,0,0,13.28
12201,1220.1,5,0,0,13.27
12202,1220.2,6,0,0,13.39
12203,1220.3,6,0,0,13.36
12204,1220.4,5,1,0,13.51
12205,1220.5,5,0,0,13.53
12206,1220.6,5,0,0,13.55
12207,1220.7,4,1,0,13.65
12208,1220.8,4,0,0,13.65
12209,1220.9,3,1,0,13.5
12210,1221,3,0,0,13.48
12211,1221.1,3,0,0,13.49
12212,1221.2,4,0,0,13.33
12213,1221.3,4,0,0,13.32
12214,1221.4,4,0,0,13.34
12215,1221.5,4,0,0,13.32
12216,1221.6,4,0,0,13.35
12217,1221.7,4,0,0,13.32
12218,1221.8,4,0,0,13.34
12219,1221.9,4,0,0,13.3
12220,1222,4,0,0,13.37
12221,1222.1,4,0,0,13.33
12222,1222.2,4,0,0,13.31
12223,1222.3,4,0,0,13.32
12224,1222.4,4,0,0,13.37
12225,1222.5,4,0,0,13.34
12226,1222.6,4,0,0,13.3
12227,1222.7,4,0,0,13.34
12228,1222.8,4,0,0,13.33
12229,1222.9,5,0,0,13.46
12230,1223,5,0,0,13.45
12231,1223.1,5,0,0,13.45
12232,1223.2,6,0,0,12.87
12233,1223.3,6,0,0,12.86
12234,1223.4,6,0,0,12.87
12235,1223.5,5,1,0,12.63
12236,1223.6,5,0,0,12.65
12237,1223.7,4,1,0,12.35
12238,1223.8,5,0,0,12.67
12239,1223.9,5,0,0,12.65
12240,1224,5,0,0,12.66
12241,1224.1,4,1,0,12.32
12242,1224.2,4,0,0,12.37
12243,1224.3,5,0,0,11.46
12244,1224.4,5,0,0,11.45
12245,1224.5,5,0,0,11.48
12246,1224.6,5,0,0,11.48
12247,1224.7,5,0,0,11.5
12248,1224.8,5,0,0,11.51
12249,1224.9,5,0,0,11.49
12250,1225,5,0,0,11.52
12251,1225.1,5,0,0,11.53
12252,1225.2,5,0,0,11.56
12253,1225.3,5,0,0,11.58
12254,1225.4,5,0,0,11.56
12255,1225.5,5,0,0,11.57
12256,1225.6,5,0,0,11.61
12257,1225.7,5,0,0,11.63
12258,1225.8,6,0,0,12.02
12259,1225.9,6,0,0,12.01
12260,1226,6,0,0,12
12261,1226.1,6,0,0,12.02
12262,1226.2,6,0,0,12.06
12263,1226.3,6,0,0,12.05
12264,1226.4,5,1,0,11.66
12265,1226.5,5,0,0,11.67
12266,1226.6,5,0,0,11.67
12267,1226.7,5,0,0,11.66
12268,1226.8,5,0,0,11.69
12269,1226.9,5,0,0,11.66
12270,1227,5,0,0,11.7
12271,1227.1,5,0,0,11.7
12272,1227.2,5,0,0,11.7
12273,1227.3,5,1,0,11.73
12274,1227.4,5,0,0,11.72
12275,1227.5,6,0,0,11.89
12276,1227.6,6,0,0,11.9
12277,1227.7,6,0,0,11.88
12278,1227.8,6,0,0,11.86
12279,1227.9,6,0,0,11.82
12280,1228,6,0,0,11.87
12281,1228.1,5,1,0,11.69
12282,1228.2,6,0,0,11.32
12283,1228.3,6,0,0,11.31
12284,1228.4,6,0,0,11.36
12285,1228.5,6,0,0,11.31
12286,1228.6,7,0,0,11.24
12287,1228.7,7,0,0,11.24
12288,1228.8,7,0,0,11.23
12289,1228.9,7,0,0,11.22
12290,1229,7,0,0,11.24
12291,1229.1,7,0,0,11.21
12292,1229.2,7,0,0,11.2
12293,1229.3,6,1,0,11.3
12294,1229.4,6,0,0,11.31
12295,1229.5,6,0,0,11.31
12296,1229.6,6,0,0,11.28
12297,1229.7,6,0,0,11.27
12298,1229.8,6,0,0,11.28
12299,1229.9,6,0,0,11.29
12300,1230,6,0,0,11.26
12301,1230.1,6,0,0,11.26
12302,1230.2,6,0,0,11.23
12303,1230.3,6,0,0,11.25
12304,1230.4,6,0,0,11.28
12305,1230.5,6,0,0,11.25
12306,1230.6,7,0,0,11.63
12307,1230.7,7,0,0,11.63
12308,1230.8,6,1,0,11.21
12309,1230.9,7,0,0,11.45
12310,1231,7,0,0,11.43
12311,1231.1,6,1,0,11.17
12312,1231.2,6,0,0,11.17
12313,1231.3,6,0,0,11.17
12314,1231.4,7,0,0,11.36
12315,1231.5,7,0,0,11.32
12316,1231.6,7,0,0,11.33
12317,1231.7,7,0,0,11.28
12318,1231.8,7,0,0,11.27
12319,1231.9,7,0,0,11.28
12320,1232,6,1,0,11.05
12321,1232.1,7,0,0,10.9
12322,1232.2,7,0,0,10.89
12323,1232.3,6,1,0,11
12324,1232.4,6,0,0,11.01
12325,1232.5,5,1,0,11.2
12326,1232.6,5,0,0,11.27
12327,1232.7,5,0,0,11.32
12328,1232.8,5,0,0,11.34
12329,1232.9,5,0,0,11.33
12330,1233,5,0,0,11.33
12331,1233.1,5,0,0,11.36
12332,1233.2,5,0,0,11.39
12333,1233.3,5,0,0,11.41
12334,1233.4,5,0,0,11.41
12335,1233.5,5,0,0,11.45
12336,1233.6,5,0,0,11.45
12337,1233.7,5,0,0,11.45
12338,1233.8,6,0,0,11.83
12339,1233.9,6,0,0,11.82
12340,1234,6,0,0,11.83
12341,1234.1,6,0,0,11.8
12342,1234.2,7,0,0,12.02
12343,1234.3,7,0,0,12.01
12344,1234.4,8,0,0,12.15
12345,1234.5,8,0,0,12.14
12346,1234.6,7,1,0,11.85
12347,1234.7,7,0,0,11.85
12348,1234.8,6,1,0,11.57
12349,1234.9,6,0,0,11.58
12350,1235,6,0,0,11.57
12351,1235.1,6,0,0,11.54
12352,1235.2,6,0,0,11.54
12353,1235.3,6,0,0,11.51
12354,1235.4,5,1,0,11.81
12355,1235.5,5,0,0,11.87
12356,1235.6,5,0,0,11.96
12357,1235.7,5,0,0,11.99
12358,1235.8,5,0,0,12.05
12359,1235.9,5,0,0,12.13
12360,1236,5,0,0,12.19
12361,1236.1,5,0,0,12.29
12362,1236.2,5,0,0,12.35
12363,1236.3,5,0,0,12.46
12364,1236.4,5,0,0,12.52
12365,1236.5,5,0,0,12.63
12366,1236.6,5,0,0,12.71
12367,1236.7,5,0,0,12.8
12368,1236.8,5,0,0,12.88
12369,1236.9,6,0,0,13.13
12370,1237,6,0,0,13.21
12371,1237.1,7,0,0,13.36
12372,1237.2,7,0,0,13.43
12373,1237.3,6,1,0,13.49
12374,1237.4,6,0,0,13.53
12375,1237.5,6,0,0,13.58
12376,1237.6,6,0,0,13.62
12377,1237.7,5,1,0,13.64
12378,1237.8,5,0,0,13.68
12379,1237.9,5,0,0,13.7
12380,1238,5,1,0,13.86
12381,1238.1,5,0,0,13.86
12382,1238.2,5,0,0,13.85
12383,1238.3,5,0,0,13.84
12384,1238.4,5,0,0,13.87
12385,1238.5,5,0,0,13.86
12386,1238.6,5,0,0,13.9
12387,1238.7,4,1,0,13.91
12388,1238.8,4,0,0,13.93
12389,1238.9,4,0,0,13.92
12390,1239,4,0,0,13.92
12391,1239.1,4,0,0,13.94
12392,1239.2,4,0,0,13.92
12393,1239.3,4,0,0,13.93
12394,1239.4,4,0,0,13.93
12395,1239.5,4,0,0,13.91
12396,1239.6,4,0,0,13.92
12397,1239.7,4,0,0,13.93
12398,1239.8,4,0,0,13.89
12399,1239.9,5,0,0,13.93
12400,1240,5,0,0,13.96
12401,1240.1,6,0,0,13.97
12402,1240.2,5,1,0,13.92
12403,1240.3,5,0,0,13.93
12404,1240.4,5,0,0,13.93
12405,1240.5,4,1,0,13.96
12406,1240.6,4,0,0,13.95
12407,1240.7,4,0,0,13.92
12408,1240.8,4,0,0,13.93
12409,1240.9,4,0,0,13.93
12410,1241,4,0,0,13.94
12411,1241.1,4,0,0,13.91
12412,1241.2,4,0,0,13.93
12413,1241.3,4,0,0,13.95
12414,1241.4,4,0,0,13.95
12415,1241.5,4,1,0,13.95
12416,1241.6,4,0,0,13.9
12417,1241.7,4,0,0,13.94
12418,1241.8,4,0,0,13.91
12419,1241.9,4,0,0,13.96
12420,1242,4,0,0,13.96
12421,1242.1,4,0,0,13.91
12422,1242.2,4,0,0,13.94
12423,1242.3,4,0,0,13.91
12424,1242.4,4,0,0,13.93
12425,1242.5,4,0,0,13.97
12426,1242.6,4,0,0,13.94
12427,1242.7,5,0,0,13.92
12428,1242.8,5,0,0,13.94
12429,1242.9,5,0,0,13.92
12430,1243,4,1,0,13.93
12431,1243.1,4,0,0,13.92
12432,1243.2,5,0,0,13.82
12433,1243.3,4,1,0,13.79
12434,1243.4,4,0,0,13.79
12435,1243.5,4,0,0,13.81
12436,1243.6,4,0,0,13.78
12437,1243.7,4,0,0,13.75
12438,1243.8,4,0,0,13.79
12439,1243.9,4,0,0,13.79
12440,1244,4,0,0,13.8
12441,1244.1,4,0,0,13.78
12442,1244.2,4,0,0,13.8
12443,1244.3,4,0,0,13.79
12444,1244.4,4,0,0,13.75
12445,1244.5,4,0,0,13.8
12446,1244.6,4,0,0,13.82
12447,1244.7,4,0,0,13.77
12448,1244.8,4,0,0,13.76
12449,1244.9,4,0,0,13.81
12450,1245,3,1,0,13.75
12451,1245.1,4,0,0,13.49
12452,1245.2,4,0,0,13.49
12453,1245.3,4,0,0,13.52
12454,1245.4,4,0,0,13.49
12455,1245.5,5,0,0,13.61
12456,1245.6,5,0,0,13.58
12457,1245.7,5,0,0,13.56
12458,1245.8,5,0,0,13.56
12459,1245.9,5,0,0,13.59
12460,1246,5,0,0,13.61
12461,1246.1,3,2,0,13.41
12462,1246.2,3,0,0,13.38
12463,1246.3,4,0,0,12.53
12464,1246.4,4,0,0,12.52
12465,1246.5,4,0,0,12.55
12466,1246.6,4,0,0,12.54
12467,1246.7,4,0,0,12.52
12468,1246.8,4,0,0,12.55
12469,1246.9,4,0,0,12.52
12470,1247,4,0,0,12.56
12471,1247.1,5,0,0,11.36
12472,1247.2,5,0,0,11.39
12473,1247.3,5,0,0,11.39
12474,1247.4,5,0,0,11.38
12475,1247.5,5,0,0,11.42
12476,1247.6,5,0,0,11.47
12477,1247.7,5,0,0,11.48
12478,1247.8,5,0,0,11.51
12479,1247.9,5,0,0,11.52
12480,1248,5,0,0,11.53
12481,1248.1,6,0,0,11.3
12482,1248.2,6,0,0,11.32
12483,1248.3,5,1,0,11.58
12484,1248.4,6,0,0,12.02
12485,1248.5,6,0,0,12.03
12486,1248.6,6,0,0,12
12487,1248.7,7,0,0,12.08
12488,1248.8,6,1,0,11.93
12489,1248.9,6,0,0,11.95
12490,1249,5,1,0,11.58
12491,1249.1,5,0,0,11.62
12492,1249.2,5,0,0,11.61
12493,1249.3,4,1,0,11
12494,1249.4,4,0,0,11.02
12495,1249.5,5,0,0,10.78
12496,1249.6,5,0,0,10.78
12497,1249.7,5,0,0,10.78
12498,1249.8,5,0,0,10.76
12499,1249.9,5,0,0,10.8
12500,1250,5,0,0,10.82
12501,1250.1,5,0,0,10.8
12502,1250.2,5,0,0,10.85
12503,1250.3,5,0,0,10.84
12504,1250.4,5,0,0,10.85
12505,1250.5,5,0,0,10.83
12506,1250.6,5,0,0,10.88
12507,1250.7,5,0,0,10.85
12508,1250.8,5,0,0,10.85
12509,1250.9,5,0,0,10.84
12510,1251,5,0,0,10.88
12511,1251.1,5,0,0,10.87
12512,1251.2,6,0,0,11.26
12513,1251.3,6,0,0,11.27
12514,1251.4,6,0,0,11.31
12515,1251.5,6,0,0,11.28
12516,1251.6,6,0,0,11.29
12517,1251.7,6,0,0,11.29
12518,1251.8,5,1,0,10.9
12519,1251.9,5,0,0,10.92
12520,1252,5,0,0,10.92
12521,1252.1,5,0,0,10.98
12522,1252.2,6,0,0,10.87
12523,1252.3,6,0,0,10.83
12524,1252.4,6,0,0,10.85
12525,1252.5,6,0,0,10.89
12526,1252.6,5,1,0,10.61
12527,1252.7,6,0,0,11.1
12528,1252.8,5,1,0,10.63
12529,1252.9,5,0,0,10.63
12530,1253,5,0,0,10.63
12531,1253.1,5,0,0,10.57
12532,1253.2,5,0,0,10.58
12533,1253.3,5,0,0,10.55
12534,1253.4,5,0,0,10.54
12535,1253.5,5,0,0,10.54
12536,1253.6,5,0,0,10.5
12537,1253.7,5,0,0,10.49
12538,1253.8,5,0,0,10.48
12539,1253.9,5,0,0,10.48
12540,1254,6,0,0,10.94
12541,1254.1,6,0,0,10.94
12542,1254.2,6,0,0,10.91
12543,1254.3,6,0,0,10.9
12544,1254.4,6,0,0,10.9
12545,1254.5,6,0,0,10.89
12546,1254.6,5,1,0,10.42
12547,1254.7,5,0,0,10.41
12548,1254.8,5,0,0,10.41
12549,1254.9,5,0,0,10.39
12550,1255,5,0,0,10.36
12551,1255.1,5,0,0,10.33
12552,1255.2,5,0,0,10.35
12553,1255.3,5,0,0,10.31
12554,1255.4,5,0,0,10.33
12555,1255.5,5,0,0,10.32
12556,1255.6,5,0,0,10.31
12557,1255.7,5,0,0,10.32
12558,1255.8,7,0,0,11.36
12559,1255.9,7,0,0,11.35
12560,1256,7,0,0,11.34
12561,1256.1,7,0,0,11.31
12562,1256.2,7,0,0,11.32
12563,1256.3,7,0,0,11.31
12564,1256.4,7,0,0,11.29
12565,1256.5,7,0,0,11.3
12566,1256.6,7,0,0,11.31
12567,1256.7,7,0,0,11.29
12568,1256.8,7,1,0,11.62
12569,1256.9,7,0,0,11.62
12570,1257,7,0,0,11.62
12571,1257.1,7,0,0,11.61
12572,1257.2,7,0,0,11.61
12573,1257.3,7,0,0,11.61
12574,1257.4,6,1,0,11.41
12575,1257.5,6,0,0,11.39
12576,1257.6,6,0,0,11.39
12577,1257.7,6,0,0,11.4
12578,1257.8,6,0,0,11.38
12579,1257.9,6,0,0,11.41
12580,1258,6,0,0,11.38
12581,1258.1,6,0,0,11.41
12582,1258.2,6,0,0,11.38
12583,1258.3,6,0,0,11.39
12584,1258.4,6,0,0,11.4
12585,1258.5,5,1,0,11.7
12586,1258.6,5,0,0,11.73
12587,1258.7,5,0,0,11.8
12588,1258.8,5,0,0,11.88
12589,1258.9,6,0,0,12.1
12590,1259,6,0,0,12.15
12591,1259.1,6,0,0,12.23
12592,1259.2,6,0,0,12.31
12593,1259.3,6,1,0,12.39
12594,1259.4,6,0,0,12.45
12595,1259.5,6,0,0,12.5
12596,1259.6,6,0,0,12.55
12597,1259.7,7,0,0,12.77
12598,1259.8,7,0,0,12.78
12599,1259.9,7,0,0,12.77
12600,1260,7,0,0,12.76
12601,1260.1,7,0,0,12.74
12602,1260.2,7,0,0,12.74
12603,1260.3,6,1,0,12.56
12604,1260.4,6,0,0,12.56
12605,1260.5,5,1,0,12.65
12606,1260.6,5,0,0,12.74
12607,1260.7,5,0,0,12.81
12608,1260.8,5,0,0,12.85
12609,1260.9,5,0,0,12.94
12610,1261,5,0,0,13.04
12611,1261.1,5,0,0,13.1
12612,1261.2,5,0,0,13.21
12613,1261.3,5,0,0,13.26
12614,1261.4,5,0,0,13.25
12615,1261.5,5,0,0,13.28
12616,1261.6,5,0,0,13.28
12617,1261.7,5,0,0,13.31
12618,1261.8,5,0,0,13.29
12619,1261.9,4,1,0,13.34
12620,1262,4,0,0,13.4
12621,1262.1,5,0,0,13.55
12622,1262.2,5,0,0,13.58
12623,1262.3,5,0,0,13.61
12624,1262.4,5,0,0,13.63
12625,1262.5,6,0,0,13.73
12626,1262.6,6,0,0,13.72
12627,1262.7,6,0,0,13.71
12628,1262.8,5,1,0,13.67
12629,1262.9,6,0,0,13.75
12630,1263,6,0,0,13.72
12631,1263.1,5,1,0,13.68
12632,1263.2,5,0,0,13.67
12633,1263.3,4,1,0,13.57
12634,1263.4,4,0,0,13.63
12635,1263.5,4,0,0,13.6
12636,1263.6,4,0,0,13.58
12637,1263.7,4,0,0,13.62
12638,1263.8,4,0,0,13.58
12639,1263.9,4,0,0,13.62
12640,1264,4,0,0,13.6
12641,1264.1,5,0,0,12.93
12642,1264.2,5,0,0,12.9
12643,1264.3,4,1,0,13.65
12644,1264.4,4,0,0,13.56
12645,1264.5,4,0,0,13.6
12646,1264.6,4,0,0,13.62
12647,1264.7,4,0,0,13.62
12648,1264.8,4,0,0,13.59
12649,1264.9,4,0,0,13.62
12650,1265,3,1,0,13.49
12651,1265.1,3,0,0,13.5
12652,1265.2,4,0,0,13.64
12653,1265.3,5,0,0,13.38
12654,1265.4,5,0,0,13.37
12655,1265.5,5,0,0,13.37
12656,1265.6,5,0,0,13.39
12657,1265.7,5,0,0,13.35
12658,1265.8,5,0,0,13.36
12659,1265.9,4,1,0,13.66
12660,1266,4,0,0,13.63
12661,1266.1,4,0,0,13.66
12662,1266.2,4,0,0,13.58
12663,1266.3,4,0,0,13.6
12664,1266.4,4,1,0,13.63
12665,1266.5,4,0,0,13.6
12666,1266.6,4,0,0,13.65
12667,1266.7,4,0,0,13.65
12668,1266.8,4,0,0,13.62
12669,1266.9,4,0,0,13.6
12670,1267,4,0,0,13.64
12671,1267.1,4,0,0,13.62
12672,1267.2,4,0,0,13.63
12673,1267.3,4,0,0,13.65
12674,1267.4,4,0,0,13.6
12675,1267.5,4,0,0,13.6
12676,1267.6,4,0,0,13.63
12677,1267.7,4,0,0,13.62
12678,1267.8,4,0,0,13.62
12679,1267.9,4,0,0,13.61
12680,1268,4,0,0,13.63
12681,1268.1,5,0,0,13.45
12682,1268.2,5,0,0,13.48
12683,1268.3,6,0,0,12.86
12684,1268.4,7,0,0,13.05
12685,1268.5,7,0,0,13.01
12686,1268.6,7,0,0,13.04
12687,1268.7,6,1,0,13.08
12688,1268.8,6,0,0,13.06
12689,1268.9,6,0,0,13.07
12690,1269,5,1,0,13.13
12691,1269.1,5,0,0,13.13
12692,1269.2,5,0,0,13.13
12693,1269.3,5,0,0,13.15
12694,1269.4,6,0,0,12.62
12695,1269.5,6,0,0,12.63
12696,1269.6,6,0,0,12.62
12697,1269.7,6,0,0,12.58
12698,1269.8,6,0,0,12.59
12699,1269.9,5,1,0,12.35
12700,1270,6,0,0,11.94
12701,1270.1,6,0,0,11.94
12702,1270.2,6,0,0,11.92
12703,1270.3,6,0,0,11.95
12704,1270.4,6,0,0,11.94
12705,1270.5,6,0,0,11.93
12706,1270.6,6,0,0,11.94
12707,1270.7,6,0,0,11.95
12708,1270.8,6,0,0,11.95
12709,1270.9,7,0,0,11.99
12710,1271,7,0,0,11.96
12711,1271.1,7,0,0,11.96
12712,1271.2,7,0,0,11.98
12713,1271.3,6,1,0,11.64
12714,1271.4,6,0,0,11.64
12715,1271.5,6,1,0,11.49
12716,1271.6,6,0,0,11.52
12717,1271.7,6,0,0,11.47
12718,1271.8,6,0,0,11.48
12719,1271.9,6,0,0,11.46
12720,1272,6,0,0,11.46
12721,1272.1,6,0,0,11.45
12722,1272.2,6,0,0,11.43
12723,1272.3,6,0,0,11.43
12724,1272.4,6,0,0,11.43
12725,1272.5,6,0,0,11.46
12726,1272.6,5,1,0,11.71
12727,1272.7,5,0,0,11.73
12728,1272.8,5,0,0,11.75
12729,1272.9,5,0,0,11.79
12730,1273,5,0,0,11.82
12731,1273.1,5,0,0,11.87
12732,1273.2,5,0,0,11.94
12733,1273.3,5,0,0,11.96
12734,1273.4,5,0,0,11.98
12735,1273.5,5,0,0,12.03
12736,1273.6,6,0,0,12.18
12737,1273.7,6,0,0,12.22
12738,1273.8,7,0,0,12.43
12739,1273.9,7,0,0,12.43
12740,1274,7,0,0,12.48
12741,1274.1,7,0,0,12.5
12742,1274.2,7,0,0,12.54
12743,1274.3,7,0,0,12.54
12744,1274.4,5,2,0,12.12
12745,1274.5,4,1,0,11.76
12746,1274.6,4,0,0,11.76
12747,1274.7,5,0,0,12.23
12748,1274.8,5,0,0,12.2
12749,1274.9,5,0,0,12.19
12750,1275,5,0,0,12.19
12751,1275.1,5,0,0,12.19
12752,1275.2,5,0,0,12.18
12753,1275.3,5,0,0,12.19
12754,1275.4,5,0,0,12.2
12755,1275.5,5,0,0,12.16
12756,1275.6,5,0,0,12.19
12757,1275.7,5,0,0,12.22
12758,1275.8,5,0,0,12.17
12759,1275.9,5,0,0,12.16
12760,1276,5,0,0,12.15
12761,1276.1,5,0,0,12.13
12762,1276.2,5,0,0,12.09
12763,1276.3,5,0,0,12.08
12764,1276.4,5,0,0,12.06
12765,1276.5,5,0,0,12.03
12766,1276.6,6,0,0,12.3
12767,1276.7,6,0,0,12.27
12768,1276.8,6,0,0,12.25
12769,1276.9,6,0,0,12.22
12770,1277,6,0,0,12.23
12771,1277.1,7,0,0,12.45
12772,1277.2,6,1,0,12.26
12773,1277.3,6,0,0,12.19
12774,1277.4,5,1,0,12.08
12775,1277.5,5,0,0,12.07
12776,1277.6,4,1,0,11.59
12777,1277.7,4,0,0,11.58
12778,1277.8,5,0,0,12.04
12779,1277.9,5,0,0,12.02
12780,1278,5,0,0,12.01
12781,1278.1,5,0,0,11.98
12782,1278.2,5,0,0,11.95
12783,1278.3,5,0,0,11.97
12784,1278.4,5,0,0,11.98
12785,1278.5,5,0,0,11.92
12786,1278.6,5,0,0,11.95
12787,1278.7,5,0,0,11.94
12788,1278.8,5,0,0,11.91
12789,1278.9,5,0,0,11.88
12790,1279,5,0,0,11.9
12791,1279.1,5,0,0,11.9
12792,1279.2,5,0,0,11.84
12793,1279.3,5,0,0,11.84
12794,1279.4,6,0,0,12.21
12795,1279.5,6,0,0,12.19
12796,1279.6,6,0,0,12.19
12797,1279.7,6,0,0,12.17
12798,1279.8,6,0,0,12.17
12799,1279.9,6,0,0,12.16
12800,1280,5,1,0,11.81
12801,1280.1,6,0,0,11.49
12802,1280.2,6,0,0,11.49
12803,1280.3,5,1,0,11.79
12804,1280.4,5,0,0,11.75
12805,1280.5,5,0,0,11.75
12806,1280.6,4,1,0,11.27
12807,1280.7,5,0,0,11.8
12808,1280.8,5,0,0,11.8
12809,1280.9,5,0,0,11.77
12810,1281,6,0,0,12.14
12811,1281.1,6,0,0,12.12
12812,1281.2,6,0,0,12.12
12813,1281.3,6,0,0,12.15
12814,1281.4,6,0,0,12.09
12815,1281.5,6,0,0,12.1
12816,1281.6,5,1,0,12.55
12817,1281.7,5,0,0,12.56
12818,1281.8,5,0,0,12.59
12819,1281.9,5,0,0,12.65
12820,1282,5,0,0,12.76
12821,1282.1,5,0,0,12.8
12822,1282.2,6,0,0,12.88
12823,1282.3,6,0,0,12.98
12824,1282.4,6,0,0,12.99
12825,1282.5,6,0,0,13.07
12826,1282.6,6,0,0,13.11
12827,1282.7,6,0,0,13.19
12828,1282.8,5,1,0,13.28
12829,1282.9,5,0,0,13.38
12830,1283,5,0,0,13.42
12831,1283.1,5,0,0,13.53
12832,1283.2,5,0,0,13.59
12833,1283.3,5,0,0,13.66
12834,1283.4,5,0,0,13.77
12835,1283.5,4,1,0,13.77
12836,1283.6,4,0,0,13.83
12837,1283.7,4,0,0,13.88
12838,1283.8,4,0,0,13.94
12839,1283.9,4,0,0,13.95
12840,1284,4,0,0,13.95
12841,1284.1,5,0,0,13.95
12842,1284.2,5,1,0,13.5
12843,1284.3,5,0,0,13.48
12844,1284.4,5,0,0,13.47
12845,1284.5,5,0,0,13.52
12846,1284.6,5,0,0,13.48
12847,1284.7,5,0,0,13.47
12848,1284.8,5,0,0,13.46
12849,1284.9,5,0,0,13.51
12850,1285,4,1,0,13.35
12851,1285.1,5,0,0,13.05
12852,1285.2,5,0,0,13.06
12853,1285.3,5,0,0,13.05
12854,1285.4,5,0,0,13.05
12855,1285.5,5,0,0,13.07
12856,1285.6,5,0,0,13.05
12857,1285.7,5,0,0,13.05
12858,1285.8,4,1,0,13.34
12859,1285.9,4,0,0,13.38
12860,1286,4,0,0,13.38
12861,1286.1,4,0,0,13.34
12862,1286.2,4,0,0,13.36
12863,1286.3,4,0,0,13.36
12864,1286.4,4,0,0,13.36
12865,1286.5,4,0,0,13.36
12866,1286.6,4,0,0,13.37
12867,1286.7,4,0,0,13.36
12868,1286.8,4,0,0,13.36
12869,1286.9,4,0,0,13.39
12870,1287,3,1,0,13.21
12871,1287.1,3,0,0,13.19
12872,1287.2,3,0,0,13.16
12873,1287.3,4,0,0,13.38
12874,1287.4,4,0,0,13.36
12875,1287.5,4,0,0,13.35
12876,1287.6,4,0,0,13.34
12877,1287.7,4,0,0,13.33
12878,1287.8,5,0,0,13.45
12879,1287.9,6,0,0,13.52
12880,1288,6,0,0,13.5
12881,1288.1,6,0,0,13.5
12882,1288.2,6,0,0,13.53
12883,1288.3,5,1,0,13.9
12884,1288.4,5,0,0,13.89
12885,1288.5,4,1,0,13.88
12886,1288.6,4,0,0,13.88
12887,1288.7,4,0,0,13.88
12888,1288.8,4,0,0,13.89
12889,1288.9,4,0,0,13.86
12890,1289,4,0,0,13.84
12891,1289.1,4,0,0,13.86
12892,1289.2,4,0,0,13.91
12893,1289.3,4,0,0,13.86
12894,1289.4,4,0,0,13.92
12895,1289.5,4,0,0,13.89
12896,1289.6,4,0,0,13.86
12897,1289.7,4,0,0,13.87
12898,1289.8,4,0,0,13.87
12899,1289.9,4,0,0,13.86
12900,1290,4,0,0,13.87
12901,1290.1,4,0,0,13.91
12902,1290.2,3,1,0,13.86
12903,1290.3,3,0,0,13.85
12904,1290.4,4,0,0,13.9
12905,1290.5,4,0,0,13.86
12906,1290.6,4,0,0,13.9
12907,1290.7,5,0,0,13.88
12908,1290.8,5,0,0,13.86
12909,1290.9,5,0,0,13.88
12910,1291,5,0,0,13.88
12911,1291.1,5,0,0,13.92
12912,1291.2,5,0,0,13.87
12913,1291.3,4,2,0,12.91
12914,1291.4,4,0,0,12.93
12915,1291.5,4,0,0,12.93
12916,1291.6,4,0,0,12.9
12917,1291.7,4,0,0,12.92
12918,1291.8,4,0,0,12.94
12919,1291.9,4,0,0,12.92
12920,1292,4,0,0,12.9
12921,1292.1,4,0,0,12.9
12922,1292.2,4,0,0,12.92
12923,1292.3,4,0,0,12.91
12924,1292.4,4,0,0,12.92
12925,1292.5,5,0,0,12.32
12926,1292.6,5,0,0,12.33
12927,1292.7,5,0,0,12.3
12928,1292.8,5,0,0,12.31
12929,1292.9,5,0,0,12.32
12930,1293,5,0,0,12.34
12931,1293.1,5,0,0,12.34
12932,1293.2,5,0,0,12.36
12933,1293.3,4,1,0,11.91
12934,1293.4,4,0,0,11.88
12935,1293.5,5,0,0,12.35
12936,1293.6,6,0,0,11.58
12937,1293.7,6,0,0,11.57
12938,1293.8,6,0,0,11.57
12939,1293.9,6,0,0,11.6
12940,1294,6,0,0,11.63
12941,1294.1,5,1,0,11.15
12942,1294.2,5,0,0,11.19
12943,1294.3,5,0,0,11.18
12944,1294.4,5,0,0,11.2
12945,1294.5,5,0,0,11.25
12946,1294.6,5,0,0,11.23
12947,1294.7,5,0,0,11.26
12948,1294.8,5,0,0,11.26
12949,1294.9,6,0,0,11.38
12950,1295,6,0,0,11.36
12951,1295.1,6,0,0,11.37
12952,1295.2,6,0,0,11.41
12953,1295.3,6,0,0,11.38
12954,1295.4,6,0,0,11.42
12955,1295.5,6,0,0,11.41
12956,1295.6,6,0,0,11.42
12957,1295.7,6,0,0,11.44
12958,1295.8,6,0,0,11.46
12959,1295.9,6,0,0,11.46
12960,1296,6,0,0,11.44
12961,1296.1,7,0,0,11.27
12962,1296.2,6,1,0,11.48
12963,1296.3,5,1,0,11.79
12964,1296.4,6,0,0,12.16
12965,1296.5,5,1,0,11.79
12966,1296.6,5,0,0,11.8
12967,1296.7,6,0,0,11.91
12968,1296.8,6,0,0,11.89
12969,1296.9,6,0,0,11.91
12970,1297,5,1,0,11.49
12971,1297.1,5,0,0,11.46
12972,1297.2,5,0,0,11.45
12973,1297.3,5,0,0,11.43
12974,1297.4,5,0,0,11.42
12975,1297.5,5,0,0,11.45
12976,1297.6,5,0,0,11.43
12977,1297.7,5,0,0,11.42
12978,1297.8,5,0,0,11.4
12979,1297.9,5,0,0,11.39
12980,1298,5,0,0,11.36
12981,1298.1,5,0,0,11.38
12982,1298.2,5,0,0,11.36
12983,1298.3,5,0,0,11.38
12984,1298.4,5,0,0,11.36
12985,1298.5,6,0,0,11.78
12986,1298.6,6,0,0,11.79
12987,1298.7,6,0,0,11.78
12988,1298.8,6,0,0,11.76
12989,1298.9,5,1,0,11.74
12990,1299,5,0,0,11.72
12991,1299.1,5,0,0,11.71
12992,1299.2,6,0,0,12.1
12993,1299.3,6,0,0,12.08
12994,1299.4,6,0,0,12.09
12995,1299.5,6,0,0,12.11
12996,1299.6,5,1,0,11.69
12997,1299.7,5,0,0,11.68
12998,1299.8,4,1,0,11.15
12999,1299.9,5,0,0,11.68
13000,1300,5,0,0,11.64
13001,1300.1,5,0,0,11.65
13002,1300.2,5,0,0,11.65
13003,1300.3,5,0,0,11.67
13004,1300.4,5,0,0,11.64
13005,1300.5,5,0,0,11.66
13006,1300.6,5,0,0,11.64
13007,1300.7,5,0,0,11.64
13008,1300.8,5,0,0,11.66
13009,1300.9,5,0,0,11.68
13010,1301,5,0,0,11.66
13011,1301.1,5,0,0,11.66
13012,1301.2,5,0,0,11.64
13013,1301.3,5,0,0,11.64
13014,1301.4,5,0,0,11.63
13015,1301.5,5,0,0,11.65
13016,1301.6,5,0,0,11.61
13017,1301.7,5,0,0,11.62
13018,1301.8,5,0,0,11.62
13019,1301.9,5,0,0,11.63
13020,1302,6,1,0,11.82
13021,1302.1,6,0,0,11.79
13022,1302.2,6,0,0,11.75
13023,1302.3,6,0,0,11.76
13024,1302.4,6,0,0,11.71
13025,1302.5,6,0,0,11.67
13026,1302.6,5,1,0,11.45
13027,1302.7,5,0,0,11.45
13028,1302.8,5,0,0,11.43
13029,1302.9,5,0,0,11.43
13030,1303,6,0,0,11.53
13031,1303.1,6,0,0,11.5
13032,1303.2,6,0,0,11.47
13033,1303.3,6,0,0,11.46
13034,1303.4,6,0,0,11.43
13035,1303.5,6,0,0,11.42
13036,1303.6,6,0,0,11.43
13037,1303.7,6,0,0,11.39
13038,1303.8,6,0,0,11.37
13039,1303.9,6,0,0,11.4
13040,1304,6,0,0,11.38
13041,1304.1,6,0,0,11.38
13042,1304.2,6,0,0,11.39
13043,1304.3,6,0,0,11.35
13044,1304.4,6,0,0,11.35
13045,1304.5,6,0,0,11.33
13046,1304.6,6,0,0,11.33
13047,1304.7,5,1,0,11.62
13048,1304.8,6,0,0,11.34
13049,1304.9,6,0,0,11.32
13050,1305,6,0,0,11.38
13051,1305.1,6,0,0,11.45
13052,1305.2,6,0,0,11.51
13053,1305.3,6,0,0,11.55
13054,1305.4,6,0,0,11.6
13055,1305.5,5,1,0,11.25
13056,1305.6,5,1,0,12
13057,1305.7,5,0,0,12.11
13058,1305.8,5,0,0,12.16
13059,1305.9,5,0,0,12.26
13060,1306,5,0,0,12.32
13061,1306.1,5,0,0,12.41
13062,1306.2,6,0,0,12.78
13063,1306.3,6,0,0,12.86
13064,1306.4,6,0,0,12.93
13065,1306.5,6,0,0,12.99
13066,1306.6,6,0,0,13.02
13067,1306.7,5,1,0,13
13068,1306.8,5,0,0,13.07
13069,1306.9,5,0,0,13.11
13070,1307,5,0,0,13.15
13071,1307.1,5,0,0,13.21
13072,1307.2,5,0,0,13.29
13073,1307.3,5,0,0,13.4
13074,1307.4,5,0,0,13.4
13075,1307.5,5,0,0,13.35
13076,1307.6,5,0,0,13.4
13077,1307.7,6,0,0,13.51
13078,1307.8,6,0,0,13.48
13079,1307.9,6,0,0,13.49
13080,1308,5,1,0,13.4
13081,1308.1,5,0,0,13.38
13082,1308.2,5,0,0,13.42
13083,1308.3,4,1,0,13.28
13084,1308.4,4,0,0,13.27
13085,1308.5,4,0,0,13.26
13086,1308.6,4,0,0,13.27
13087,1308.7,4,0,0,13.26
13088,1308.8,4,0,0,13.25
13089,1308.9,4,0,0,13.28
13090,1309,4,0,0,13.3
13091,1309.1,5,0,0,13.4
13092,1309.2,4,1,0,13.41
13093,1309.3,5,0,0,13.43
13094,1309.4,5,0,0,13.4
13095,1309.5,5,0,0,13.39
13096,1309.6,4,1,0,13.29
13097,1309.7,4,0,0,13.28
13098,1309.8,4,0,0,13.28
13099,1309.9,4,0,0,13.24
13100,1310,5,0,0,12.55
13101,1310.1,5,0,0,12.56
13102,1310.2,5,0,0,12.55
13103,1310.3,5,0,0,12.58
13104,1310.4,5,0,0,12.62
13105,1310.5,6,0,0,12.85
13106,1310.6,6,0,0,12.86
13107,1310.7,6,0,0,12.81
13108,1310.8,6,0,0,12.84
13109,1310.9,6,0,0,12.84
13110,1311,6,0,0,12.84
13111,1311.1,5,1,0,12.6
13112,1311.2,5,0,0,12.59
13113,1311.3,5,0,0,12.59
13114,1311.4,5,0,0,12.62
13115,1311.5,5,0,0,12.62
13116,1311.6,5,0,0,12.64
13117,1311.7,5,0,0,12.61
13118,1311.8,5,0,0,12.62
13119,1311.9,5,0,0,12.63
13120,1312,5,0,0,12.61
13121,1312.1,6,0,0,12.19
13122,1312.2,6,0,0,12.16
13123,1312.3,5,1,0,12.62
13124,1312.4,6,0,0,12.84
13125,1312.5,6,0,0,12.81
13126,1312.6,5,1,0,12.6
13127,1312.7,6,0,0,12.62
13128,1312.8,6,0,0,12.59
13129,1312.9,6,0,0,12.58
13130,1313,6,0,0,12.56
13131,1313.1,6,0,0,12.55
13132,1313.2,6,0,0,12.5
13133,1313.3,7,0,0,12.7
13134,1313.4,7,0,0,12.71
13135,1313.5,7,0,0,12.69
13136,1313.6,7,0,0,12.67
13137,1313.7,6,1,0,12.75
13138,1313.8,6,0,0,12.76
13139,1313.9,5,1,0,12.58
13140,1314,5,0,0,12.61
13141,1314.1,5,0,0,12.61
13142,1314.2,5,0,0,12.57
13143,1314.3,4,1,0,13.26
13144,1314.4,4,0,0,13.29
13145,1314.5,4,0,0,13.33
13146,1314.6,4,0,0,13.38
13147,1314.7,4,0,0,13.4
13148,1314.8,4,0,0,13.46
13149,1314.9,4,0,0,13.52
13150,1315,4,0,0,13.51
13151,1315.1,4,0,0,13.54
13152,1315.2,4,0,0,13.55
13153,1315.3,4,0,0,13.54
13154,1315.4,3,1,0,13.42
13155,1315.5,4,0,0,12.52
13156,1315.6,4,0,0,12.53
13157,1315.7,4,0,0,12.55
13158,1315.8,4,0,0,12.52
13159,1315.9,4,0,0,12.52
13160,1316,4,0,0,12.52
13161,1316.1,5,0,0,12.55
13162,1316.2,6,0,0,12.78
13163,1316.3,7,0,0,11.9
13164,1316.4,7,0,0,11.91
13165,1316.5,6,1,0,11.75
13166,1316.6,6,0,0,11.75
13167,1316.7,5,1,0,11.64
13168,1316.8,5,0,0,11.64
13169,1316.9,5,0,0,11.69
13170,1317,5,0,0,11.72
13171,1317.1,5,0,0,11.75
13172,1317.2,5,0,0,11.73
13173,1317.3,5,0,0,11.76
13174,1317.4,5,0,0,11.76
13175,1317.5,5,0,0,11.81
13176,1317.6,5,0,0,11.81
13177,1317.7,5,0,0,11.8
13178,1317.8,5,0,0,11.81
13179,1317.9,5,0,0,11.83
13180,1318,5,0,0,11.86
13181,1318.1,5,0,0,11.85
13182,1318.2,5,0,0,11.9
13183,1318.3,5,0,0,11.9
13184,1318.4,5,0,0,11.95
13185,1318.5,5,0,0,11.92
13186,1318.6,5,0,0,11.94
13187,1318.7,6,0,0,11.57
13188,1318.8,6,0,0,11.55
13189,1318.9,5,1,0,11.25
13190,1319,6,0,0,11.5
13191,1319.1,6,0,0,11.46
13192,1319.2,6,0,0,11.47
13193,1319.3,6,0,0,11.5
13194,1319.4,6,0,0,11.5
13195,1319.5,6,0,0,11.51
13196,1319.6,5,1,0,11.3
13197,1319.7,4,1,0,10.62
13198,1319.8,5,0,0,11.15
13199,1319.9,5,0,0,11.13
13200,1320,5,0,0,11.1
13201,1320.1,5,0,0,11.16
13202,1320.2,5,0,0,11.13
13203,1320.3,5,0,0,11.15
13204,1320.4,5,0,0,11.17
13205,1320.5,5,0,0,11.17
13206,1320.6,5,0,0,11.18
13207,1320.7,5,0,0,11.18
13208,1320.8,5,0,0,11.15
13209,1320.9,5,0,0,11.21
13210,1321,5,0,0,11.17
13211,1321.1,5,0,0,11.17
13212,1321.2,5,0,0,11.21
13213,1321.3,5,0,0,11.19
13214,1321.4,5,0,0,11.19
13215,1321.5,5,0,0,11.21
13216,1321.6,4,1,0,10.56
13217,1321.7,4,0,0,10.56
13218,1321.8,5,0,0,11.21
13219,1321.9,6,0,0,11.6
13220,1322,6,0,0,11.62
13221,1322.1,6,0,0,11.6
13222,1322.2,6,0,0,11.61
13223,1322.3,6,0,0,11.58
13224,1322.4,5,1,0,11.1
13225,1322.5,5,0,0,11.08
13226,1322.6,5,0,0,11.07
13227,1322.7,5,0,0,11.04
13228,1322.8,5,0,0,11.04
13229,1322.9,5,0,0,11.02
13230,1323,5,0,0,11.01
13231,1323.1,5,0,0,11.02
13232,1323.2,5,0,0,10.99
13233,1323.3,5,0,0,11
13234,1323.4,6,0,0,11.41
13235,1323.5,5,1,0,11.04
13236,1323.6,5,0,0,11.04
13237,1323.7,5,0,0,11.04
13238,1323.8,5,0,0,11.04
13239,1323.9,5,0,0,11
13240,1324,5,0,0,11.02
13241,1324.1,5,0,0,11.01
13242,1324.2,5,0,0,10.96
13243,1324.3,5,0,0,10.97
13244,1324.4,5,0,0,10.95
13245,1324.5,5,0,0,10.95
13246,1324.6,6,0,0,11.45
13247,1324.7,6,0,0,11.46
13248,1324.8,6,0,0,11.42
13249,1324.9,6,0,0,11.41
13250,1325,7,0,0,11.36
13251,1325.1,7,0,0,11.35
13252,1325.2,6,1,0,10.91
13253,1325.3,6,0,0,10.92
13254,1325.4,6,0,0,10.92
13255,1325.5,6,0,0,10.91
13256,1325.6,6,0,0,10.92
13257,1325.7,6,0,0,10.87
13258,1325.8,6,0,0,10.88
13259,1325.9,6,0,0,10.92
13260,1326,6,0,0,10.9
13261,1326.1,6,0,0,10.89
13262,1326.2,6,0,0,10.91
13263,1326.3,6,0,0,10.91
13264,1326.4,6,0,0,10.87
13265,1326.5,6,0,0,10.87
13266,1326.6,6,0,0,10.87
13267,1326.7,6,0,0,10.88
13268,1326.8,6,0,0,10.86
13269,1326.9,7,0,0,11.01
13270,1327,6,1,0,10.58
13271,1327.1,6,0,0,10.59
13272,1327.2,6,0,0,10.6
13273,1327.3,6,0,0,10.6
13274,1327.4,7,0,0,11.09
13275,1327.5,7,0,0,11.07
13276,1327.6,7,0,0,11.05
13277,1327.7,6,1,0,11.2
13278,1327.8,6,0,0,11.23
13279,1327.9,6,0,0,11.27
13280,1328,5,1,0,10.84
13281,1328.1,6,0,0,10.76
13282,1328.2,7,0,0,11.15
13283,1328.3,6,1,0,11.4
13284,1328.4,6,0,0,11.48
13285,1328.5,6,0,0,11.54
13286,1328.6,6,0,0,11.6
13287,1328.7,6,0,0,11.69
13288,1328.8,6,0,0,11.74
13289,1328.9,6,0,0,11.83
13290,1329,6,0,0,11.9
13291,1329.1,6,0,0,12.02
13292,1329.2,6,0,0,12.08
13293,1329.3,6,0,0,12.14
13294,1329.4,6,0,0,12.25
13295,1329.5,6,0,0,12.3
13296,1329.6,6,0,0,12.38
13297,1329.7,5,1,0,12.26
13298,1329.8,5,0,0,12.3
13299,1329.9,5,0,0,12.41
13300,1330,5,0,0,12.47
13301,1330.1,5,0,0,12.54
13302,1330.2,5,0,0,12.58
13303,1330.3,6,0,0,12.74
13304,1330.4,6,0,0,12.77
13305,1330.5,7,0,0,12.96
13306,1330.6,7,0,0,12.98
13307,1330.7,7,0,0,12.95
13308,1330.8,7,0,0,12.95
13309,1330.9,5,2,0,13.11
13310,1331,4,1,0,12.86
13311,1331.1,4,0,0,12.94
13312,1331.2,4,0,0,12.91
13313,1331.3,5,0,0,13.14
13314,1331.4,5,0,0,13.15
13315,1331.5,5,0,0,13.16
13316,1331.6,5,0,0,13.16
13317,1331.7,5,0,0,13.14
13318,1331.8,5,0,0,13.13
13319,1331.9,5,0,0,13.14
13320,1332,5,0,0,13.12
13321,1332.1,5,0,0,13.12
13322,1332.2,5,0,0,13.15
13323,1332.3,5,0,0,13.11
13324,1332.4,4,1,0,13
13325,1332.5,4,0,0,13.03
13326,1332.6,4,0,0,13.02
13327,1332.7,4,0,0,13.01
13328,1332.8,4,0,0,13.01
13329,1332.9,4,0,0,12.99
13330,1333,4,0,0,12.93
13331,1333.1,5,0,0,12.93
13332,1333.2,5,0,0,12.94
13333,1333.3,5,0,0,12.92
13334,1333.4,5,0,0,12.91
13335,1333.5,5,0,0,12.89
13336,1333.6,5,0,0,12.88
13337,1333.7,4,1,0,12.89
13338,1333.8,4,0,0,12.89
13339,1333.9,4,0,0,12.87
13340,1334,4,1,0,12.84
13341,1334.1,4,0,0,12.84
13342,1334.2,4,0,0,12.81
13343,1334.3,4,0,0,12.79
13344,1334.4,4,0,0,12.79
13345,1334.5,5,0,0,13.05
13346,1334.6,5,0,0,13.02
13347,1334.7,5,0,0,13.02
13348,1334.8,5,0,0,13.03
13349,1334.9,5,0,0,13.01
13350,1335,5,0,0,13.02
13351,1335.1,5,0,0,13
13352,1335.2,5,0,0,12.99
13353,1335.3,5,0,0,12.99
13354,1335.4,5,0,0,12.99
13355,1335.5,5,0,0,12.97
13356,1335.6,5,0,0,12.98
13357,1335.7,5,0,0,12.97
13358,1335.8,5,0,0,12.98
13359,1335.9,6,0,0,13.13
13360,1336,6,0,0,13.1
13361,1336.1,6,0,0,13.08
13362,1336.2,6,0,0,13.1
13363,1336.3,6,0,0,13.08
13364,1336.4,6,0,0,13.09
13365,1336.5,5,1,0,12.9
13366,1336.6,4,1,0,13.37
13367,1336.7,4,0,0,13.45
13368,1336.8,4,0,0,13.49
13369,1336.9,4,0,0,13.52
13370,1337,4,0,0,13.55
13371,1337.1,4,0,0,13.63
13372,1337.2,4,0,0,13.67
13373,1337.3,4,0,0,13.71
13374,1337.4,4,0,0,13.71
13375,1337.5,3,1,0,13.65
13376,1337.6,5,0,0,13.69
13377,1337.7,5,0,0,13.67
13378,1337.8,5,0,0,13.7
13379,1337.9,5,0,0,13.68
13380,1338,5,0,0,13.66
13381,1338.1,5,0,0,13.67
13382,1338.2,4,1,0,13.79
13383,1338.3,4,0,0,13.83
13384,1338.4,4,0,0,13.79
13385,1338.5,4,0,0,13.83
13386,1338.6,5,0,0,13.07
13387,1338.7,6,0,0,13.2
13388,1338.8,6,0,0,13.19
13389,1338.9,6,0,0,13.19
13390,1339,6,0,0,13.17
13391,1339.1,6,0,0,13.18
13392,1339.2,6,0,0,13.2
13393,1339.3,5,1,0,13.04
13394,1339.4,5,0,0,13.05
13395,1339.5,5,0,0,13.03
13396,1339.6,5,0,0,13.03
13397,1339.7,5,0,0,13.03
13398,1339.8,5,0,0,13.06
13399,1339.9,5,0,0,13.03
13400,1340,5,0,0,13.03
13401,1340.1,5,0,0,13.04
13402,1340.2,5,0,0,13.05
13403,1340.3,5,0,0,13.04
13404,1340.4,5,0,0,13.05
13405,1340.5,4,1,0,12.85
13406,1340.6,4,0,0,12.83
13407,1340.7,4,0,0,12.83
13408,1340.8,5,0,0,12.54
13409,1340.9,5,0,0,12.53
13410,1341,5,0,0,12.54
13411,1341.1,6,0,0,12.75
13412,1341.2,5,1,0,12.6
13413,1341.3,5,0,0,12.59
13414,1341.4,5,0,0,12.6
13415,1341.5,6,0,0,12.82
13416,1341.6,6,0,0,12.81
13417,1341.7,6,0,0,12.83
13418,1341.8,6,0,0,12.78
13419,1341.9,6,0,0,12.78
13420,1342,6,0,0,12.79
13421,1342.1,5,1,0,12.54
13422,1342.2,5,0,0,12.55
13423,1342.3,5,0,0,12.56
13424,1342.4,5,0,0,12.52
13425,1342.5,5,0,0,12.53
13426,1342.6,5,0,0,12.52
13427,1342.7,5,0,0,12.51
13428,1342.8,5,0,0,12.54
13429,1342.9,5,0,0,12.48
13430,1343,5,0,0,12.49
13431,1343.1,5,0,0,12.48
13432,1343.2,5,0,0,12.48
13433,1343.3,5,0,0,12.5
13434,1343.4,5,0,0,12.47
13435,1343.5,5,0,0,12.5
13436,1343.6,5,0,0,12.47
13437,1343.7,4,1,0,12.13
13438,1343.8,4,0,0,12.1
13439,1343.9,5,0,0,12.48
13440,1344,5,0,0,12.47
13441,1344.1,6,0,0,12.05
13442,1344.2,6,0,0,12.03
13443,1344.3,5,1,0,12.47
13444,1344.4,6,0,0,12.51
13445,1344.5,6,0,0,12.5
13446,1344.6,5,1,0,12.19
13447,1344.7,6,0,0,12.14
13448,1344.8,6,0,0,12.12
13449,1344.9,6,0,0,12.1
13450,1345,5,1,0,11.97
13451,1345.1,5,0,0,11.97
13452,1345.2,5,0,0,11.92
13453,1345.3,5,0,0,11.93
13454,1345.4,5,0,0,11.9
13455,1345.5,5,0,0,11.86
13456,1345.6,5,0,0,11.9
13457,1345.7,5,0,0,11.86
13458,1345.8,5,0,0,11.83
13459,1345.9,5,0,0,11.82
13460,1346,5,0,0,11.79
13461,1346.1,5,0,0,11.79
13462,1346.2,5,0,0,11.72
13463,1346.3,5,0,0,11.73
13464,1346.4,5,0,0,11.73
13465,1346.5,5,0,0,11.72
13466,1346.6,5,0,0,11.7
13467,1346.7,5,0,0,11.69
13468,1346.8,4,1,0,11.1
13469,1346.9,4,0,0,11.06
13470,1347,4,0,0,11.06
13471,1347.1,5,0,0,11.63
13472,1347.2,6,0,0,12.01
13473,1347.3,6,0,0,11.96
13474,1347.4,6,0,0,11.97
13475,1347.5,6,0,0,11.99
13476,1347.6,6,0,0,11.94
13477,1347.7,6,0,0,11.97
13478,1347.8,5,1,0,11.55
13479,1347.9,5,0,0,11.5
13480,1348,5,0,0,11.5
13481,1348.1,5,0,0,11.5
13482,1348.2,5,0,0,11.51
13483,1348.3,6,0,0,11.9
13484,1348.4,6,0,0,11.87
13485,1348.5,6,0,0,11.87
13486,1348.6,6,0,0,11.86
13487,1348.7,6,0,0,11.87
13488,1348.8,5,1,0,11.85
13489,1348.9,5,0,0,11.85
13490,1349,5,0,0,11.84
13491,1349.1,5,0,0,11.82
13492,1349.2,5,0,0,11.82
13493,1349.3,5,0,0,11.81
13494,1349.4,5,0,0,11.83
13495,1349.5,5,0,0,11.83
13496,1349.6,5,0,0,11.84
13497,1349.7,5,0,0,11.8
13498,1349.8,5,0,0,11.79
13499,1349.9,5,0,0,11.82
13500,1350,6,0,0,12.08
13501,1350.1,7,0,0,11.75
13502,1350.2,8,0,0,12.03
13503,1350.3,8,0,0,12.04
13504,1350.4,8,0,0,12.04
13505,1350.5,8,0,0,12.02
13506,1350.6,7,1,0,11.8
13507,1350.7,7,0,0,11.81
13508,1350.8,6,1,0,12.11
13509,1350.9,6,0,0,12.11
13510,1351,6,0,0,12.15
13511,1351.1,6,0,0,12.23
13512,1351.2,6,0,0,12.27
13513,1351.3,6,0,0,12.31
13514,1351.4,6,0,0,12.37
13515,1351.5,6,0,0,12.42
13516,1351.6,6,0,0,12.46
13517,1351.7,6,0,0,12.52
13518,1351.8,6,1,0,11.89
13519,1351.9,6,0,0,11.93
13520,1352,6,0,0,11.98
13521,1352.1,6,0,0,12.06
13522,1352.2,6,0,0,12.14
13523,1352.3,6,0,0,12.17
13524,1352.4,6,0,0,12.22
13525,1352.5,6,0,0,12.29
13526,1352.6,6,0,0,12.37
13527,1352.7,6,0,0,12.39
13528,1352.8,6,1,0,12.3
13529,1352.9,6,0,0,12.33
13530,1353,6,0,0,12.35
13531,1353.1,6,0,0,12.36
13532,1353.2,6,0,0,12.42
13533,1353.3,6,0,0,12.41
13534,1353.4,6,1,0,12.51
13535,1353.5,6,0,0,12.52
13536,1353.6,6,0,0,12.5
13537,1353.7,6,0,0,12.49
13538,1353.8,6,0,0,12.49
13539,1353.9,6,0,0,12.52
13540,1354,6,0,0,12.49
13541,1354.1,6,0,0,12.5
13542,1354.2,5,1,0,12.23
13543,1354.3,5,0,0,12.21
13544,1354.4,4,1,0,12.76
13545,1354.5,4,0,0,12.84
13546,1354.6,4,0,0,12.88
13547,1354.7,4,0,0,12.97
13548,1354.8,4,0,0,13.03
13549,1354.9,4,0,0,13.06
13550,1355,4,0,0,13.11
13551,1355.1,4,0,0,13.12
13552,1355.2,4,0,0,13.21
13553,1355.3,4,0,0,13.23
13554,1355.4,5,0,0,13.12
13555,1355.5,5,0,0,13.15
13556,1355.6,5,0,0,13.18
13557,1355.7,6,0,0,13.35
13558,1355.8,6,0,0,13.37
13559,1355.9,6,0,0,13.42
13560,1356,6,0,0,13.44
13561,1356.1,6,0,0,13.49
13562,1356.2,6,0,0,13.52
13563,1356.3,3,3,0,13.18
13564,1356.4,3,0,0,13.18
13565,1356.5,4,0,0,13.36
13566,1356.6,4,0,0,13.38
13567,1356.7,4,0,0,13.38
13568,1356.8,4,0,0,13.35
13569,1356.9,4,0,0,13.4
13570,1357,4,0,0,13.38
13571,1357.1,4,0,0,13.35
13572,1357.2,4,0,0,13.38
13573,1357.3,4,0,0,13.36
13574,1357.4,4,0,0,13.34
13575,1357.5,4,0,0,13.38
13576,1357.6,4,0,0,13.38
13577,1357.7,4,0,0,13.36
13578,1357.8,4,0,0,13.39
13579,1357.9,4,0,0,13.37
13580,1358,4,0,0,13.38
13581,1358.1,4,0,0,13.35
13582,1358.2,4,0,0,13.35
13583,1358.3,4,0,0,13.39
13584,1358.4,4,0,0,13.38
13585,1358.5,5,0,0,13.49
13586,1358.6,5,0,0,13.48
13587,1358.7,5,0,0,13.5
13588,1358.8,5,0,0,13.46
13589,1358.9,6,0,0,13.56
13590,1359,6,0,0,13.55
13591,1359.1,5,1,0,13.48
13592,1359.2,5,0,0,13.45
13593,1359.3,4,1,0,13.76
13594,1359.4,3,1,0,13.73
13595,1359.5,3,0,0,13.74
13596,1359.6,3,0,0,13.68
13597,1359.7,4,0,0,13.8
13598,1359.8,4,0,0,13.77
13599,1359.9,4,0,0,13.72
13600,1360,4,0,0,13.75
13601,1360.1,5,0,0,12.98
13602,1360.2,5,0,0,13.01
13603,1360.3,4,1,0,13.8
13604,1360.4,4,0,0,13.76
13605,1360.5,4,0,0,13.79
13606,1360.6,4,0,0,13.8
13607,1360.7,4,0,0,13.79
13608,1360.8,4,0,0,13.76
13609,1360.9,4,0,0,13.77
13610,1361,4,0,0,13.77
13611,1361.1,4,0,0,13.76
13612,1361.2,4,0,0,13.75
13613,1361.3,5,0,0,13.81
13614,1361.4,5,0,0,13.8
13615,1361.5,5,0,0,13.8
13616,1361.6,5,0,0,13.81
13617,1361.7,6,0,0,13.16
13618,1361.8,6,0,0,13.16
13619,1361.9,5,1,0,13.05
13620,1362,5,0,0,13.01
13621,1362.1,5,0,0,13.01
13622,1362.2,5,0,0,13.02
13623,1362.3,5,0,0,13.02
13624,1362.4,4,1,0,12.81
13625,1362.5,5,0,0,12.79
13626,1362.6,5,0,0,12.79
13627,1362.7,5,0,0,12.79
13628,1362.8,6,0,0,11.97
13629,1362.9,6,0,0,11.96
13630,1363,5,1,0,11.69
13631,1363.1,5,0,0,11.73
13632,1363.2,5,0,0,11.72
13633,1363.3,5,0,0,11.72
13634,1363.4,5,0,0,11.74
13635,1363.5,5,0,0,11.76
13636,1363.6,5,0,0,11.77
13637,1363.7,5,0,0,11.81
13638,1363.8,5,0,0,11.82
13639,1363.9,5,0,0,11.81
13640,1364,5,0,0,11.8
13641,1364.1,6,0,0,12.01
13642,1364.2,6,0,0,12.02
13643,1364.3,6,0,0,12.06
13644,1364.4,6,0,0,12.02
13645,1364.5,6,0,0,12.05
13646,1364.6,6,0,0,12.04
13647,1364.7,5,1,0,11.86
13648,1364.8,5,0,0,11.87
13649,1364.9,5,0,0,11.89
13650,1365,5,0,0,11.92
13651,1365.1,5,0,0,11.9
13652,1365.2,5,0,0,11.92
13653,1365.3,5,0,0,11.94
13654,1365.4,5,0,0,11.92
13655,1365.5,5,0,0,11.93
13656,1365.6,5,0,0,11.95
13657,1365.7,4,1,0,11.45
13658,1365.8,4,0,0,11.45
13659,1365.9,5,0,0,11.41
13660,1366,6,0,0,11.85
13661,1366.1,6,0,0,11.85
13662,1366.2,6,0,0,11.84
13663,1366.3,5,1,0,11.69
13664,1366.4,5,0,0,11.67
13665,1366.5,5,0,0,11.71
13666,1366.6,5,0,0,11.7
13667,1366.7,5,0,0,11.7
13668,1366.8,5,0,0,11.71
13669,1366.9,5,0,0,11.73
13670,1367,6,0,0,11.92
13671,1367.1,6,0,0,11.93
13672,1367.2,6,0,0,11.92
13673,1367.3,6,0,0,11.9
13674,1367.4,6,0,0,11.91
13675,1367.5,6,0,0,11.94
13676,1367.6,5,1,0,11.75
13677,1367.7,5,0,0,11.73
13678,1367.8,5,0,0,11.74
13679,1367.9,5,0,0,11.73
13680,1368,5,0,0,11.72
13681,1368.1,5,0,0,11.73
13682,1368.2,5,0,0,11.73
13683,1368.3,5,0,0,11.73
13684,1368.4,5,0,0,11.75
13685,1368.5,5,0,0,11.74
13686,1368.6,5,0,0,11.76
13687,1368.7,5,0,0,11.73
13688,1368.8,5,0,0,11.74
13689,1368.9,4,1,0,11.17
13690,1369,4,0,0,11.21
13691,1369.1,5,0,0,11.73
13692,1369.2,5,0,0,11.71
13693,1369.3,5,0,0,11.73
13694,1369.4,5,0,0,11.74
13695,1369.5,4,1,0,11.18
13696,1369.6,5,0,0,11.72
13697,1369.7,5,0,0,11.69
13698,1369.8,6,0,0,12.08
13699,1369.9,6,0,0,12.09
13700,1370,6,0,0,12.07
13701,1370.1,6,0,0,12.08
13702,1370.2,6,0,0,12.05
13703,1370.3,6,0,0,12.05
13704,1370.4,5,1,0,11.69
13705,1370.5,5,0,0,11.66
13706,1370.6,5,0,0,11.67
13707,1370.7,5,0,0,11.68
13708,1370.8,5,0,0,11.68
13709,1370.9,5,0,0,11.67
13710,1371,5,0,0,11.63
13711,1371.1,5,0,0,11.64
13712,1371.2,5,0,0,11.62
13713,1371.3,5,0,0,11.61
13714,1371.4,5,0,0,11.6
13715,1371.5,5,0,0,11.54
13716,1371.6,5,0,0,11.52
13717,1371.7,5,0,0,11.53
13718,1371.8,5,0,0,11.48
13719,1371.9,5,0,0,11.49
13720,1372,5,0,0,11.46
13721,1372.1,5,0,0,11.43
13722,1372.2,6,0,0,11.83
13723,1372.3,6,0,0,11.8
13724,1372.4,6,0,0,11.81
13725,1372.5,6,0,0,11.81
13726,1372.6,7,0,0,12.13
13727,1372.7,7,0,0,12.11
13728,1372.8,7,0,0,12.08
13729,1372.9,7,0,0,12.07
13730,1373,7,0,0,12.06
13731,1373.1,6,1,0,11.75
13732,1373.2,6,1,0,11.75
13733,1373.3,6,0,0,11.71
13734,1373.4,6,0,0,11.69
13735,1373.5,6,0,0,11.66
13736,1373.6,6,0,0,11.67
13737,1373.7,6,0,0,11.67
13738,1373.8,6,0,0,11.66
13739,1373.9,5,1,0,11.97
13740,1374,5,0,0,12
13741,1374.1,5,0,0,12.09
13742,1374.2,5,0,0,12.16
13743,1374.3,5,0,0,12.22
13744,1374.4,5,0,0,12.28
13745,1374.5,5,0,0,12.33
13746,1374.6,5,0,0,12.44
13747,1374.7,5,0,0,12.49
13748,1374.8,5,0,0,12.55
13749,1374.9,5,0,0,12.63
13750,1375,5,0,0,12.66
13751,1375.1,5,0,0,12.7
13752,1375.2,5,0,0,12.76
13753,1375.3,5,0,0,12.8
13754,1375.4,7,0,0,12.92
13755,1375.5,7,0,0,12.93
13756,1375.6,7,0,0,12.94
13757,1375.7,7,0,0,12.97
13758,1375.8,6,1,0,12.89
13759,1375.9,6,0,0,12.9
13760,1376,5,1,0,12.75
13761,1376.1,6,0,0,12.3
13762,1376.2,6,0,0,12.29
13763,1376.3,5,1,0,12.77
13764,1376.4,5,0,0,12.75
13765,1376.5,5,0,0,12.75
13766,1376.6,5,0,0,12.73
13767,1376.7,5,1,0,12.5
13768,1376.8,5,0,0,12.47
13769,1376.9,5,0,0,12.46
13770,1377,5,0,0,12.44
13771,1377.1,5,0,0,12.46
13772,1377.2,5,0,0,12.48
13773,1377.3,5,0,0,12.49
13774,1377.4,5,0,0,12.47
13775,1377.5,5,0,0,12.42
13776,1377.6,4,1,0,12.74
13777,1377.7,4,0,0,12.79
13778,1377.8,4,0,0,12.85
13779,1377.9,4,0,0,12.91
13780,1378,4,0,0,12.99
13781,1378.1,4,0,0,13.03
13782,1378.2,4,0,0,13.06
13783,1378.3,5,0,0,12.99
13784,1378.4,5,0,0,13.04
13785,1378.5,6,0,0,13.21
13786,1378.6,6,0,0,13.25
13787,1378.7,6,0,0,13.28
13788,1378.8,6,0,0,13.28
13789,1378.9,5,1,0,13.4
13790,1379,5,0,0,13.41
13791,1379.1,4,1,0,13.27
13792,1379.2,4,0,0,13.25
13793,1379.3,4,0,0,13.25
13794,1379.4,4,0,0,13.29
13795,1379.5,4,0,0,13.3
13796,1379.6,4,0,0,13.3
13797,1379.7,4,0,0,13.28
13798,1379.8,4,0,0,13.31
13799,1379.9,4,0,0,13.27
13800,1380,4,0,0,13.3
13801,1380.1,4,0,0,13.28
13802,1380.2,4,0,0,13.29
13803,1380.3,5,0,0,13.43
13804,1380.4,5,0,0,13.39
13805,1380.5,4,1,0,13.65
13806,1380.6,4,0,0,13.61
13807,1380.7,4,0,0,13.66
13808,1380.8,4,0,0,13.62
13809,1380.9,4,0,0,13.6
13810,1381,4,0,0,13.57
13811,1381.1,5,0,0,13.68
13812,1381.2,5,0,0,13.65
13813,1381.3,5,0,0,13.69
13814,1381.4,4,1,0,13.63
13815,1381.5,4,0,0,13.65
13816,1381.6,4,0,0,13.62
13817,1381.7,4,1,0,13.63
13818,1381.8,4,0,0,13.63
13819,1381.9,4,0,0,13.62
13820,1382,4,0,0,13.63
13821,1382.1,4,0,0,13.65
13822,1382.2,4,0,0,13.61
13823,1382.3,4,0,0,13.62
13824,1382.4,4,0,0,13.6
13825,1382.5,4,0,0,13.64
13826,1382.6,4,0,0,13.6
13827,1382.7,4,0,0,13.63
13828,1382.8,4,0,0,13.63
13829,1382.9,4,0,0,13.62
13830,1383,4,0,0,13.63
13831,1383.1,4,0,0,13.62
13832,1383.2,4,0,0,13.62
13833,1383.3,4,0,0,13.63
13834,1383.4,4,0,0,13.65
13835,1383.5,4,0,0,13.64
13836,1383.6,4,0,0,13.62
13837,1383.7,4,0,0,13.63
13838,1383.8,4,1,0,13.46
13839,1383.9,5,0,0,13.56
13840,1384,5,0,0,13.5
13841,1384.1,5,0,0,13.56
13842,1384.2,5,0,0,13.56
13843,1384.3,5,0,0,13.54
13844,1384.4,5,0,0,13.53
13845,1384.5,4,1,0,13.44
13846,1384.6,4,0,0,13.44
13847,1384.7,4,0,0,13.45
13848,1384.8,5,0,0,13.34
13849,1384.9,5,0,0,13.31
13850,1385,5,0,0,13.32
13851,1385.1,5,0,0,13.31
13852,1385.2,5,0,0,13.33
13853,1385.3,5,0,0,13.32
13854,1385.4,5,0,0,13.34
13855,1385.5,4,1,0,13.46
13856,1385.6,4,0,0,13.48
13857,1385.7,4,0,0,13.49
13858,1385.8,5,0,0,12.56
13859,1385.9,5,0,0,12.52
13860,1386,5,0,0,12.54
13861,1386.1,5,0,0,12.57
13862,1386.2,5,0,0,12.57
13863,1386.3,5,0,0,12.59
13864,1386.4,5,0,0,12.62
13865,1386.5,5,0,0,12.64
13866,1386.6,5,0,0,12.64
13867,1386.7,6,0,0,12.91
13868,1386.8,6,0,0,12.91
13869,1386.9,6,0,0,12.92
13870,1387,6,0,0,12.94
13871,1387.1,6,0,0,12.94
13872,1387.2,6,0,0,12.97
13873,1387.3,5,1,0,12.77
13874,1387.4,5,1,0,12.92
13875,1387.5,5,0,0,12.92
13876,1387.6,5,0,0,12.93
13877,1387.7,4,1,0,12.66
13878,1387.8,4,0,0,12.63
13879,1387.9,4,0,0,12.67
13880,1388,5,0,0,12.38
13881,1388.1,5,0,0,12.35
13882,1388.2,5,0,0,12.34
13883,1388.3,5,0,0,12.33
13884,1388.4,5,0,0,12.36
13885,1388.5,5,0,0,12.32
13886,1388.6,5,0,0,12.3
13887,1388.7,5,0,0,12.33
13888,1388.8,5,0,0,12.32
13889,1388.9,5,0,0,12.3
13890,1389,5,0,0,12.34
13891,1389.1,5,0,0,12.3
13892,1389.2,5,0,0,12.26
13893,1389.3,5,0,0,12.28
13894,1389.4,5,0,0,12.3
13895,1389.5,5,0,0,12.26
13896,1389.6,6,0,0,12.54
13897,1389.7,6,0,0,12.55
13898,1389.8,6,0,0,12.56
13899,1389.9,6,0,0,12.55
13900,1390,6,0,0,12.54
13901,1390.1,6,0,0,12.53
13902,1390.2,5,1,0,12.27
13903,1390.3,5,0,0,12.24
13904,1390.4,5,0,0,12.27
13905,1390.5,5,0,0,12.24
13906,1390.6,5,0,0,12.21
13907,1390.7,5,0,0,12.23
13908,1390.8,5,0,0,12.2
13909,1390.9,4,2,0,11.82
13910,1391,4,0,0,11.79
13911,1391.1,5,0,0,12.24
13912,1391.2,5,0,0,12.21
13913,1391.3,5,0,0,12.23
13914,1391.4,5,0,0,12.21
13915,1391.5,5,0,0,12.19
13916,1391.6,5,0,0,12.2
13917,1391.7,5,0,0,12.2
13918,1391.8,6,0,0,11.81
13919,1391.9,6,0,0,11.77
13920,1392,6,0,0,11.76
13921,1392.1,7,0,0,11.51
13922,1392.2,7,0,0,11.52
13923,1392.3,6,1,0,11.75
13924,1392.4,7,0,0,11.99
13925,1392.5,7,0,0,11.95
13926,1392.6,7,0,0,11.96
13927,1392.7,7,0,0,11.95
13928,1392.8,7,0,0,11.92
13929,1392.9,7,0,0,11.92
13930,1393,6,1,0,11.66
13931,1393.1,6,0,0,11.64
13932,1393.2,6,0,0,11.66
13933,1393.3,6,0,0,11.61
13934,1393.4,6,0,0,11.6
13935,1393.5,6,0,0,11.57
13936,1393.6,6,0,0,11.57
13937,1393.7,6,0,0,11.56
13938,1393.8,6,0,0,11.53
13939,1393.9,6,0,0,11.56
13940,1394,6,0,0,11.51
13941,1394.1,6,0,0,11.52
13942,1394.2,6,0,0,11.51
13943,1394.3,7,0,0,11.8
13944,1394.4,6,1,0,11.4
13945,1394.5,7,0,0,11.35
13946,1394.6,7,0,0,11.32
13947,1394.7,7,0,0,11.32
13948,1394.8,6,1,0,11.02
13949,1394.9,6,0,0,11.02
13950,1395,6,0,0,11.03
13951,1395.1,6,0,0,11.04
13952,1395.2,7,0,0,11.45
13953,1395.3,7,0,0,11.45
13954,1395.4,7,0,0,11.43
13955,1395.5,7,0,0,11.39
13956,1395.6,7,0,0,11.4
13957,1395.7,7,0,0,11.37
13958,1395.8,6,1,0,10.99
13959,1395.9,6,0,0,10.98
13960,1396,6,0,0,10.95
13961,1396.1,5,1,0,11.09
13962,1396.2,5,0,0,11.13
13963,1396.3,5,0,0,11.13
13964,1396.4,5,0,0,11.12
13965,1396.5,5,0,0,11.1
13966,1396.6,5,0,0,11.12
13967,1396.7,5,0,0,11.11
13968,1396.8,5,0,0,11.08
13969,1396.9,5,0,0,11.08
13970,1397,5,0,0,11.07
13971,1397.1,5,0,0,11.08
13972,1397.2,5,0,0,11.08
13973,1397.3,5,0,0,11.07
13974,1397.4,6,0,0,11.48
13975,1397.5,6,0,0,11.46
13976,1397.6,6,0,0,11.43
13977,1397.7,6,0,0,11.42
13978,1397.8,6,0,0,11.41
13979,1397.9,6,0,0,11.41
13980,1398,7,0,0,11.59
13981,1398.1,7,1,0,12.14
13982,1398.2,7,0,0,12.15
13983,1398.3,7,0,0,12.21
13984,1398.4,7,0,0,12.25
13985,1398.5,7,0,0,12.27
13986,1398.6,6,1,0,12.27
13987,1398.7,6,0,0,12.35
13988,1398.8,6,0,0,12.42
13989,1398.9,5,1,0,12.78
13990,1399,5,0,0,12.78
13991,1399.1,5,0,0,12.89
13992,1399.2,5,0,0,12.97
13993,1399.3,5,0,0,13.03
13994,1399.4,5,0,0,13.09
13995,1399.5,5,0,0,13.14
13996,1399.6,5,0,0,13.22
13997,1399.7,5,0,0,13.27
13998,1399.8,5,0,0,13.37
13999,1399.9,5,0,0,13.44
14000,1400,5,0,0,13.55
14001,1400.1,4,1,0,13.51
14002,1400.2,4,0,0,13.54
14003,1400.3,4,0,0,13.58
14004,1400.4,4,0,0,13.65
14005,1400.5,4,0,0,13.67
14006,1400.6,5,0,0,13.74
14007,1400.7,5,0,0,13.73
14008,1400.8,5,0,0,13.71
14009,1400.9,6,0,0,13.76
14010,1401,6,0,0,13.73
14011,1401.1,6,0,0,13.73
14012,1401.2,6,0,0,13.71
14013,1401.3,6,0,0,13.71
14014,1401.4,6,0,0,13.71
14015,1401.5,4,2,0,13.69
14016,1401.6,4,1,0,13.73
14017,1401.7,4,0,0,13.69
14018,1401.8,4,0,0,13.7
14019,1401.9,4,0,0,13.7
14020,1402,4,0,0,13.71
14021,1402.1,4,0,0,13.68
14022,1402.2,4,0,0,13.69
14023,1402.3,4,0,0,13.67
14024,1402.4,4,0,0,13.67
14025,1402.5,4,0,0,13.68
14026,1402.6,4,0,0,13.71
14027,1402.7,4,0,0,13.65
14028,1402.8,4,0,0,13.73
14029,1402.9,4,0,0,13.69
14030,1403,4,0,0,13.69
14031,1403.1,4,0,0,13.7
14032,1403.2,4,0,0,13.73
14033,1403.3,4,0,0,13.67
14034,1403.4,4,0,0,13.66
14035,1403.5,4,0,0,13.7
14036,1403.6,4,0,0,13.7
14037,1403.7,6,0,0,13.49
14038,1403.8,5,1,0,13.45
14039,1403.9,5,0,0,13.45
14040,1404,5,0,0,13.46
14041,1404.1,5,0,0,13.45
14042,1404.2,5,0,0,13.46
14043,1404.3,4,1,0,13.38
14044,1404.4,4,0,0,13.35
14045,1404.5,4,0,0,13.36
14046,1404.6,4,0,0,13.35
14047,1404.7,4,0,0,13.38
14048,1404.8,4,0,0,13.4
14049,1404.9,4,0,0,13.37
14050,1405,4,0,0,13.35
14051,1405.1,3,1,0,13.2
14052,1405.2,4,0,0,13.39
14053,1405.3,4,0,0,13.38
14054,1405.4,4,0,0,13.36
14055,1405.5,4,0,0,13.39
14056,1405.6,4,0,0,13.36
14057,1405.7,4,0,0,13.34
14058,1405.8,4,0,0,13.38
14059,1405.9,4,0,0,13.37
14060,1406,4,0,0,13.38
14061,1406.1,4,0,0,13.36
14062,1406.2,4,0,0,13.38
14063,1406.3,4,0,0,13.41
14064,1406.4,4,0,0,13.38
14065,1406.5,5,0,0,13.49
14066,1406.6,5,0,0,13.5
14067,1406.7,5,0,0,13.52
14068,1406.8,5,0,0,13.47
14069,1406.9,5,1,0,13.6
14070,1407,5,0,0,13.58
14071,1407.1,4,1,0,13.5
14072,1407.2,4,0,0,13.5
14073,1407.3,4,0,0,13.52
14074,1407.4,4,0,0,13.5
14075,1407.5,4,0,0,13.51
14076,1407.6,4,0,0,13.5
14077,1407.7,4,0,0,13.49
14078,1407.8,5,0,0,12.71
14079,1407.9,5,0,0,12.74
14080,1408,5,0,0,12.73
14081,1408.1,6,0,0,12.29
14082,1408.2,6,0,0,12.3
14083,1408.3,5,1,0,12.76
14084,1408.4,5,0,0,12.8
14085,1408.5,5,0,0,12.81
14086,1408.6,5,0,0,12.78
14087,1408.7,5,1,0,12.81
14088,1408.8,5,0,0,12.79
14089,1408.9,5,0,0,12.8
14090,1409,5,0,0,12.83
14091,1409.1,5,0,0,12.79
14092,1409.2,5,0,0,12.81
14093,1409.3,6,0,0,13
14094,1409.4,6,0,0,12.97
14095,1409.5,6,0,0,12.97
14096,1409.6,6,0,0,12.97
14097,1409.7,6,0,0,13.02
14098,1409.8,5,1,0,12.79
14099,1409.9,4,1,0,12.52
14100,1410,5,0,0,12.27
14101,1410.1,5,0,0,12.29
14102,1410.2,5,0,0,12.29
14103,1410.3,5,0,0,12.27
14104,1410.4,5,0,0,12.27
14105,1410.5,5,0,0,12.27
14106,1410.6,5,0,0,12.24
14107,1410.7,5,0,0,12.24
14108,1410.8,5,0,0,12.19
14109,1410.9,5,0,0,12.22
14110,1411,5,0,0,12.18
14111,1411.1,5,0,0,12.2
14112,1411.2,5,0,0,12.2
14113,1411.3,5,0,0,12.18
14114,1411.4,5,0,0,12.16
14115,1411.5,5,0,0,12.15
14116,1411.6,5,0,0,12.18
14117,1411.7,5,0,0,12.16
14118,1411.8,5,0,0,12.18
14119,1411.9,5,0,0,12.18
14120,1412,5,0,0,12.19
14121,1412.1,6,0,0,12.29
14122,1412.2,5,1,0,11.95
14123,1412.3,6,0,0,12.08
14124,1412.4,6,0,0,12.09
14125,1412.5,6,0,0,12.07
14126,1412.6,6,0,0,12.05
14127,1412.7,5,1,0,11.89
14128,1412.8,5,0,0,11.9
14129,1412.9,5,0,0,11.89
14130,1413,5,0,0,11.89
14131,1413.1,5,0,0,11.89
14132,1413.2,6,0,0,12.24
14133,1413.3,6,0,0,12.21
14134,1413.4,6,0,0,12.22
14135,1413.5,6,0,0,12.21
14136,1413.6,6,0,0,12.21
14137,1413.7,6,0,0,12.2
14138,1413.8,6,0,0,12.23
14139,1413.9,6,0,0,12.23
14140,1414,6,0,0,12.22
14141,1414.1,6,0,0,12.2
14142,1414.2,5,1,0,12.17
14143,1414.3,5,0,0,12.19
14144,1414.4,5,0,0,12.24
14145,1414.5,5,0,0,12.18
14146,1414.6,5,0,0,12.16
14147,1414.7,5,0,0,12.13
14148,1414.8,5,0,0,12.15
14149,1414.9,5,0,0,12.1
14150,1415,6,0,0,12.19
14151,1415.1,6,0,0,12.16
14152,1415.2,6,0,0,12.17
14153,1415.3,6,0,0,12.16
14154,1415.4,6,0,0,12.13
14155,1415.5,6,0,0,12.12
14156,1415.6,5,1,0,11.98
14157,1415.7,5,0,0,11.95
14158,1415.8,6,0,0,12.29
14159,1415.9,6,0,0,12.28
14160,1416,6,0,0,12.26
14161,1416.1,4,2,0,11.68
14162,1416.2,4,0,0,11.67
14163,1416.3,5,0,0,12.1
14164,1416.4,5,0,0,12.1
14165,1416.5,5,0,0,12.08
14166,1416.6,5,0,0,12.05
14167,1416.7,5,0,0,12.04
14168,1416.8,5,0,0,12.01
14169,1416.9,5,0,0,12.05
14170,1417,5,0,0,12.03
14171,1417.1,5,0,0,12
14172,1417.2,5,0,0,12.01
14173,1417.3,5,0,0,11.97
14174,1417.4,5,0,0,11.92
14175,1417.5,5,0,0,11.96
14176,1417.6,5,0,0,11.94
14177,1417.7,5,0,0,11.92
14178,1417.8,6,0,0,12.2
14179,1417.9,6,0,0,12.19
14180,1418,6,0,0,12.19
14181,1418.1,6,0,0,12.16
14182,1418.2,6,0,0,12.19
14183,1418.3,6,0,0,12.19
14184,1418.4,5,1,0,11.85
14185,1418.5,5,0,0,11.83
14186,1418.6,5,0,0,11.86
14187,1418.7,5,0,0,11.85
14188,1418.8,5,0,0,11.84
14189,1418.9,5,0,0,11.83
14190,1419,5,0,0,11.83
14191,1419.1,5,0,0,11.83
14192,1419.2,5,0,0,11.8
14193,1419.3,4,1,0,11.28
14194,1419.4,6,0,0,12.16
14195,1419.5,6,0,0,12.15
14196,1419.6,6,0,0,12.14
14197,1419.7,6,0,0,12.11
14198,1419.8,6,0,0,12.1
14199,1419.9,6,0,0,12.12
14200,1420,5,1,0,12.53
14201,1420.1,5,0,0,12.57
14202,1420.2,5,0,0,12.63
14203,1420.3,5,0,0,12.69
14204,1420.4,5,0,0,12.78
14205,1420.5,5,0,0,12.86
14206,1420.6,6,0,0,13.09
14207,1420.7,6,0,0,13.15
14208,1420.8,6,0,0,13.21
14209,1420.9,6,0,0,13.27
14210,1421,6,0,0,13.33
14211,1421.1,6,0,0,13.38
14212,1421.2,5,1,0,13.32
14213,1421.3,5,0,0,13.41
14214,1421.4,5,0,0,13.48
14215,1421.5,5,0,0,13.52
14216,1421.6,5,0,0,13.51
14217,1421.7,5,0,0,13.51
14218,1421.8,5,0,0,13.54
14219,1421.9,5,0,0,13.51
14220,1422,4,1,0,13.71
14221,1422.1,4,0,0,13.74
14222,1422.2,4,0,0,13.8
14223,1422.3,4,0,0,13.84
14224,1422.4,4,0,0,13.9
14225,1422.5,4,0,0,13.91
14226,1422.6,5,0,0,13.93
14227,1422.7,5,0,0,13.93
14228,1422.8,5,0,0,13.95
14229,1422.9,5,1,0,13.95
14230,1423,5,0,0,13.93
14231,1423.1,5,0,0,13.97
14232,1423.2,5,0,0,13.94
14233,1423.3,5,0,0,13.92
14234,1423.4,5,1,0,13.94
14235,1423.5,5,0,0,13.94
14236,1423.6,5,0,0,13.95
14237,1423.7,5,0,0,13.91
14238,1423.8,5,0,0,13.96
14239,1423.9,5,0,0,13.93
14240,1424,4,1,0,13.94
14241,1424.1,5,0,0,13.15
14242,1424.2,5,0,0,13.16
14243,1424.3,4,1,0,13.96
14244,1424.4,4,0,0,13.93
14245,1424.5,4,0,0,13.94
14246,1424.6,4,0,0,13.93
14247,1424.7,4,0,0,13.94
14248,1424.8,4,0,0,13.94
14249,1424.9,4,0,0,13.92
14250,1425,4,0,0,13.96
14251,1425.1,4,0,0,13.94
14252,1425.2,4,0,0,13.91
14253,1425.3,4,0,0,13.94
14254,1425.4,4,0,0,13.92
14255,1425.5,3,1,0,13.95
14256,1425.6,3,0,0,13.95
14257,1425.7,4,0,0,13.92
14258,1425.8,4,0,0,13.93
14259,1425.9,4,0,0,13.95
14260,1426,4,0,0,13.94
14261,1426.1,4,0,0,13.92
14262,1426.2,4,0,0,13.94
14263,1426.3,5,0,0,13.84
14264,1426.4,4,1,0,13.85
14265,1426.5,5,0,0,13.84
14266,1426.6,5,0,0,13.82
14267,1426.7,5,0,0,13.82
14268,1426.8,5,0,0,13.84
14269,1426.9,4,1,0,13.9
14270,1427,4,0,0,13.94
14271,1427.1,4,0,0,13.96
14272,1427.2,4,0,0,13.95
14273,1427.3,4,0,0,13.95
14274,1427.4,4,0,0,13.92
14275,1427.5,4,0,0,13.92
14276,1427.6,4,0,0,13.96
14277,1427.7,4,0,0,13.93
14278,1427.8,4,0,0,13.92
14279,1427.9,4,0,0,13.95
14280,1428,4,0,0,13.9
14281,1428.1,4,0,0,13.92
14282,1428.2,4,0,0,13.93
14283,1428.3,4,0,0,13.91
14284,1428.4,4,0,0,13.91
14285,1428.5,4,0,0,13.92
14286,1428.6,3,1,0,13.93
14287,1428.7,3,0,0,13.95
14288,1428.8,3,0,0,13.92
14289,1428.9,4,0,0,13.94
14290,1429,4,0,0,13.96
14291,1429.1,5,0,0,13.96
14292,1429.2,5,0,0,13.94
14293,1429.3,5,0,0,13.94
14294,1429.4,5,0,0,13.97
14295,1429.5,5,0,0,13.94
14296,1429.6,5,0,0,13.95
14297,1429.7,4,1,0,13.94
14298,1429.8,4,0,0,13.93
14299,1429.9,4,0,0,13.92
14300,1430,3,1,0,13.96
14301,1430.1,4,0,0,13.97
14302,1430.2,4,0,0,13.95
14303,1430.3,4,0,0,13.97
14304,1430.4,4,0,0,13.93
14305,1430.5,4,0,0,13.91
14306,1430.6,4,0,0,13.96
14307,1430.7,4,0,0,13.93
14308,1430.8,4,0,0,13.95
14309,1430.9,5,0,0,13.17
14310,1431,5,0,0,13.13
14311,1431.1,5,0,0,13.13
14312,1431.2,5,0,0,13.17
14313,1431.3,5,0,0,13.17
14314,1431.4,5,0,0,13.13
14315,1431.5,5,0,0,13.14
14316,1431.6,5,0,0,13.15
14317,1431.7,5,0,0,13.17
14318,1431.8,4,1,0,12.94
14319,1431.9,5,0,0,13.02
14320,1432,7,0,0,11.84
14321,1432.1,7,0,0,11.84
14322,1432.2,7,0,0,11.85
14323,1432.3,7,0,0,11.86
14324,1432.4,7,0,0,11.86
14325,1432.5,6,1,0,11.65
14326,1432.6,6,0,0,11.67
14327,1432.7,6,0,0,11.68
14328,1432.8,6,0,0,11.67
14329,1432.9,6,0,0,11.71
14330,1433,6,0,0,11.71
14331,1433.1,6,0,0,11.7
14332,1433.2,6,0,0,11.71
14333,1433.3,6,0,0,11.71
14334,1433.4,6,0,0,11.73
14335,1433.5,6,0,0,11.74
14336,1433.6,6,1,0,11.03
14337,1433.7,6,0,0,11.02
14338,1433.8,6,0,0,11.04
14339,1433.9,6,0,0,11.03
14340,1434,6,0,0,11.06
14341,1434.1,6,0,0,11.04
14342,1434.2,6,0,0,11.08
14343,1434.3,6,0,0,11.08
14344,1434.4,6,0,0,11.08
14345,1434.5,6,0,0,11.08
14346,1434.6,6,0,0,11.08
14347,1434.7,7,0,0,11.5
14348,1434.8,7,0,0,11.51
14349,1434.9,6,1,0,11.12
14350,1435,6,0,0,11.11
14351,1435.1,6,0,0,11.12
14352,1435.2,7,0,0,11.34
14353,1435.3,6,1,0,10.93
14354,1435.4,6,0,0,10.93
14355,1435.5,6,0,0,10.92
14356,1435.6,6,0,0,10.89
14357,1435.7,6,0,0,10.88
14358,1435.8,6,0,0,10.85
14359,1435.9,6,0,0,10.85
14360,1436,6,0,0,10.88
14361,1436.1,6,0,0,10.87
14362,1436.2,6,0,0,10.84
14363,1436.3,5,1,0,11.01
14364,1436.4,5,0,0,11.05
14365,1436.5,5,0,0,11.09
14366,1436.6,5,0,0,11.12
14367,1436.7,5,0,0,11.15
14368,1436.8,5,0,0,11.15
14369,1436.9,5,0,0,11.19
14370,1437,5,0,0,11.21
14371,1437.1,5,0,0,11.27
14372,1437.2,6,0,0,11.56
14373,1437.3,6,0,0,11.57
14374,1437.4,6,0,0,11.6
14375,1437.5,6,0,0,11.66
14376,1437.6,7,0,0,11.92
14377,1437.7,7,0,0,11.94
14378,1437.8,7,0,0,11.92
14379,1437.9,7,0,0,11.96
14380,1438,7,0,0,11.99
14381,1438.1,6,1,0,11.7
14382,1438.2,4,2,0,10.89
14383,1438.3,5,0,0,11.28
14384,1438.4,5,0,0,11.27
14385,1438.5,5,0,0,11.24
14386,1438.6,5,0,0,11.21
14387,1438.7,5,0,0,11.22
14388,1438.8,5,0,0,11.24
14389,1438.9,5,0,0,11.22
14390,1439,5,0,0,11.21
14391,1439.1,5,0,0,11.2
14392,1439.2,5,0,0,11.21
14393,1439.3,5,0,0,11.22
14394,1439.4,5,0,0,11.22
14395,1439.5,5,0,0,11.2
14396,1439.6,5,0,0,11.24
14397,1439.7,5,0,0,11.2
14398,1439.8,5,0,0,11.19
14399,1439.9,5,0,0,11.21
14400,1440,5,0,0,11.2
14401,1440.1,6,0,0,10.99
14402,1440.2,6,0,0,10.98
14403,1440.3,5,1,0,11.16
14404,1440.4,6,0,0,11.38
14405,1440.5,6,0,0,11.4
14406,1440.6,6,0,0,11.39
14407,1440.7,7,0,0,11.72
14408,1440.8,7,0,0,11.73
14409,1440.9,7,0,0,11.69
14410,1441,5,2,0,11.35
14411,1441.1,5,0,0,11.32
14412,1441.2,5,0,0,11.33
14413,1441.3,5,0,0,11.32
14414,1441.4,5,0,0,11.35
14415,1441.5,6,0,0,11.61
14416,1441.6,6,0,0,11.59
14417,1441.7,6,0,0,11.59
14418,1441.8,6,0,0,11.57
14419,1441.9,6,0,0,11.59
14420,1442,6,0,0,11.56
14421,1442.1,6,0,0,11.56
14422,1442.2,6,0,0,11.58
14423,1442.3,6,0,0,11.58
14424,1442.4,6,0,0,11.58
14425,1442.5,6,0,0,11.57
14426,1442.6,6,0,0,11.59
14427,1442.7,6,0,0,11.59
14428,1442.8,6,0,0,11.57
14429,1442.9,6,0,0,11.56
14430,1443,6,0,0,11.54
14431,1443.1,5,1,0,11.83
14432,1443.2,6,0,0,12.22
14433,1443.3,6,0,0,12.25
14434,1443.4,6,0,0,12.32
14435,1443.5,6,0,0,12.35
14436,1443.6,6,0,0,12.41
14437,1443.7,6,0,0,12.47
14438,1443.8,5,1,0,12.25
14439,1443.9,5,0,0,12.31
14440,1444,5,0,0,12.37
14441,1444.1,5,0,0,12.46
14442,1444.2,4,1,0,12.24
14443,1444.3,5,0,0,12.69
14444,1444.4,5,0,0,12.74
14445,1444.5,5,0,0,12.83
14446,1444.6,6,0,0,13.05
14447,1444.7,6,0,0,13.09
14448,1444.8,6,0,0,13.16
14449,1444.9,6,0,0,13.2
14450,1445,6,0,0,13.27
14451,1445.1,5,1,0,13.24
14452,1445.2,5,0,0,13.3
14453,1445.3,5,0,0,13.37
14454,1445.4,5,0,0,13.32
14455,1445.5,5,0,0,13.35
14456,1445.6,5,0,0,13.35
14457,1445.7,5,0,0,13.32
14458,1445.8,5,0,0,13.36
14459,1445.9,5,0,0,13.36
14460,1446,6,0,0,13.25
14461,1446.1,6,0,0,13.22
14462,1446.2,6,0,0,13.26
14463,1446.3,6,0,0,13.23
14464,1446.4,6,0,0,13.25
14465,1446.5,5,1,0,13.26
14466,1446.6,4,1,0,13.42
14467,1446.7,4,0,0,13.4
14468,1446.8,4,0,0,13.42
14469,1446.9,4,0,0,13.37
14470,1447,4,0,0,13.39
14471,1447.1,4,0,0,13.39
14472,1447.2,4,0,0,13.38
14473,1447.3,4,0,0,13.35
14474,1447.4,4,0,0,13.42
14475,1447.5,4,0,0,13.4
14476,1447.6,4,0,0,13.38
14477,1447.7,4,0,0,13.39
14478,1447.8,5,1,0,13.44
14479,1447.9,5,0,0,13.4
14480,1448,5,0,0,13.38
14481,1448.1,5,0,0,13.39
14482,1448.2,5,0,0,13.38
14483,1448.3,4,1,0,13.55
14484,1448.4,4,0,0,13.54
14485,1448.5,4,0,0,13.58
14486,1448.6,4,0,0,13.56
14487,1448.7,4,0,0,13.54
14488,1448.8,4,0,0,13.56
14489,1448.9,5,0,0,13.64
14490,1449,5,0,0,13.61
14491,1449.1,5,0,0,13.64
14492,1449.2,5,0,0,13.6
14493,1449.3,5,0,0,13.64
14494,1449.4,5,0,0,13.6
14495,1449.5,4,1,0,13.52
14496,1449.6,4,0,0,13.54
14497,1449.7,4,0,0,13.6
14498,1449.8,4,0,0,13.54
14499,1449.9,4,0,0,13.55
14500,1450,4,0,0,13.57
14501,1450.1,4,0,0,13.58
14502,1450.2,4,0,0,13.58
14503,1450.3,4,0,0,13.54
14504,1450.4,4,0,0,13.51
14505,1450.5,4,0,0,13.59
14506,1450.6,4,0,0,13.59
14507,1450.7,4,0,0,13.6
14508,1450.8,4,0,0,13.6
14509,1450.9,5,0,0,13.61
14510,1451,5,0,0,13.55
14511,1451.1,5,0,0,13.57
14512,1451.2,5,0,0,13.59
14513,1451.3,5,0,0,13.56
14514,1451.4,4,2,0,13.86
14515,1451.5,4,0,0,13.9
14516,1451.6,4,0,0,13.86
14517,1451.7,5,0,0,13.71
14518,1451.8,5,0,0,13.69
14519,1451.9,5,0,0,13.69
14520,1452,5,0,0,13.7
14521,1452.1,5,0,0,13.72
14522,1452.2,5,0,0,13.7
14523,1452.3,4,1,0,13.88
14524,1452.4,4,0,0,13.86
14525,1452.5,4,0,0,13.84
14526,1452.6,4,0,0,13.9
14527,1452.7,4,0,0,13.83
14528,1452.8,4,0,0,13.87
14529,1452.9,4,0,0,13.84
14530,1453,4,0,0,13.86
14531,1453.1,4,0,0,13.84
14532,1453.2,4,0,0,13.86
14533,1453.3,4,0,0,13.87
14534,1453.4,4,0,0,13.87
14535,1453.5,4,0,0,13.84
14536,1453.6,4,0,0,13.88
14537,1453.7,4,0,0,13.88
14538,1453.8,3,1,0,13.84
14539,1453.9,3,0,0,13.82
14540,1454,4,0,0,12.87
14541,1454.1,4,0,0,12.85
14542,1454.2,4,0,0,12.88
14543,1454.3,4,0,0,12.88
14544,1454.4,4,0,0,12.87
14545,1454.5,5,0,0,13.08
14546,1454.6,5,0,0,13.09
14547,1454.7,5,0,0,13.07
14548,1454.8,6,0,0,12.04
14549,1454.9,5,1,0,11.66
14550,1455,6,0,0,12.06
14551,1455.1,5,1,0,11.7
14552,1455.2,5,0,0,11.72
14553,1455.3,5,0,0,11.75
14554,1455.4,5,0,0,11.77
14555,1455.5,5,0,0,11.77
14556,1455.6,5,0,0,11.76
14557,1455.7,5,0,0,11.78
14558,1455.8,5,0,0,11.87
14559,1455.9,5,0,0,11.86
14560,1456,5,0,0,11.87
14561,1456.1,6,0,0,11.56
14562,1456.2,6,0,0,11.58
14563,1456.3,5,1,0,11.89
14564,1456.4,5,0,0,11.91
14565,1456.5,5,0,0,11.94
14566,1456.6,5,0,0,11.94
14567,1456.7,5,0,0,11.94
14568,1456.8,5,0,0,11.95
14569,1456.9,5,0,0,11.98
14570,1457,4,1,0,11.54
14571,1457.1,4,0,0,11.52
14572,1457.2,5,0,0,11.15
14573,1457.3,6,0,0,11.31
14574,1457.4,6,0,0,11.31
14575,1457.5,6,0,0,11.33
14576,1457.6,6,0,0,11.34
14577,1457.7,6,0,0,11.35
14578,1457.8,6,0,0,11.36
14579,1457.9,5,1,0,11.2
14580,1458,5,0,0,11.22
14581,1458.1,5,0,0,11.22
14582,1458.2,5,0,0,11.24
14583,1458.3,5,0,0,11.22
14584,1458.4,5,0,0,11.24
14585,1458.5,5,1,0,10.91
14586,1458.6,5,0,0,10.89
14587,1458.7,5,0,0,10.93
14588,1458.8,5,0,0,10.93
14589,1458.9,5,0,0,10.96
14590,1459,5,0,0,10.94
14591,1459.1,5,0,0,10.93
14592,1459.2,5,0,0,10.94
14593,1459.3,5,0,0,10.94
14594,1459.4,5,0,0,10.94
14595,1459.5,5,0,0,10.97
14596,1459.6,5,0,0,10.97
14597,1459.7,5,0,0,10.95
14598,1459.8,5,0,0,10.94
14599,1459.9,5,0,0,10.99
14600,1460,5,0,0,10.99
14601,1460.1,5,0,0,11.01
14602,1460.2,6,0,0,11.5
14603,1460.3,5,1,0,11.08
14604,1460.4,6,0,0,11.51
14605,1460.5,6,0,0,11.51
14606,1460.6,6,0,0,11.5
14607,1460.7,6,0,0,11.47
14608,1460.8,5,1,0,10.94
14609,1460.9,5,0,0,10.93
14610,1461,5,0,0,10.93
14611,1461.1,5,0,0,10.88
14612,1461.2,5,0,0,10.9
14613,1461.3,5,0,0,10.9
14614,1461.4,5,0,0,10.87
14615,1461.5,5,0,0,10.84
14616,1461.6,5,0,0,10.84
14617,1461.7,5,0,0,10.84
14618,1461.8,5,0,0,10.85
14619,1461.9,5,0,0,10.81
14620,1462,5,0,0,10.82
14621,1462.1,6,0,0,11.11
14622,1462.2,6,0,0,11.09
14623,1462.3,6,0,0,11.09
14624,1462.4,5,1,0,10.8
14625,1462.5,5,0,0,10.8
14626,1462.6,5,0,0,10.81
14627,1462.7,5,0,0,10.81
14628,1462.8,5,0,0,10.76
14629,1462.9,5,0,0,10.76
14630,1463,6,0,0,11.29
14631,1463.1,6,0,0,11.28
14632,1463.2,6,0,0,11.29
14633,1463.3,6,0,0,11.3
14634,1463.4,6,0,0,11.28
14635,1463.5,7,0,0,11.58
14636,1463.6,6,1,0,11.19
14637,1463.7,6,0,0,11.18
14638,1463.8,6,0,0,11.14
14639,1463.9,6,0,0,11.14
14640,1464,6,0,0,11.16
14641,1464.1,6,0,0,11.12
14642,1464.2,6,0,0,11.15
14643,1464.3,6,0,0,11.13
14644,1464.4,6,0,0,11.1
14645,1464.5,6,0,0,11.12
14646,1464.6,6,0,0,11.11
14647,1464.7,6,0,0,11.12
14648,1464.8,6,0,0,11.11
14649,1464.9,6,0,0,11.09
14650,1465,6,0,0,11.09
14651,1465.1,6,0,0,11.08
14652,1465.2,6,0,0,11.08
14653,1465.3,6,0,0,11.1
14654,1465.4,6,0,0,11.06
14655,1465.5,6,0,0,11.05
14656,1465.6,7,0,0,11.5
14657,1465.7,7,0,0,11.49
14658,1465.8,8,0,0,11.52
14659,1465.9,7,1,0,11.33
14660,1466,7,0,0,11.33
14661,1466.1,7,0,0,11.3
14662,1466.2,6,1,0,11.53
14663,1466.3,6,0,0,11.56
14664,1466.4,6,0,0,11.61
14665,1466.5,5,1,0,11.73
14666,1466.6,5,0,0,11.74
14667,1466.7,6,0,0,12.2
14668,1466.8,6,0,0,12.28
14669,1466.9,6,0,0,12.36
14670,1467,6,0,0,12.46
14671,1467.1,6,0,0,12.52
14672,1467.2,6,0,0,12.61
14673,1467.3,6,0,0,12.7
14674,1467.4,6,0,0,12.79
14675,1467.5,6,0,0,12.86
14676,1467.6,6,0,0,12.96
14677,1467.7,6,0,0,13.05
14678,1467.8,6,0,0,13.1
14679,1467.9,6,0,0,13.18
14680,1468,6,0,0,13.31
14681,1468.1,5,1,0,13.3
14682,1468.2,5,0,0,13.36
14683,1468.3,5,0,0,13.44
14684,1468.4,5,0,0,13.51
14685,1468.5,5,0,0,13.62
14686,1468.6,6,0,0,13.77
14687,1468.7,6,0,0,13.76
14688,1468.8,6,0,0,13.78
14689,1468.9,6,0,0,13.77
14690,1469,6,0,0,13.76
14691,1469.1,5,1,0,13.76
14692,1469.2,5,1,0,13.57
14693,1469.3,5,0,0,13.56
14694,1469.4,5,0,0,13.56
14695,1469.5,4,1,0,13.51
14696,1469.6,4,0,0,13.53
14697,1469.7,4,0,0,13.55
14698,1469.8,5,0,0,13.59
14699,1469.9,5,0,0,13.57
14700,1470,5,0,0,13.54
14701,1470.1,5,0,0,13.54
14702,1470.2,5,0,0,13.56
14703,1470.3,5,0,0,13.52
14704,1470.4,5,0,0,13.55
14705,1470.5,5,0,0,13.55
14706,1470.6,5,0,0,13.52
14707,1470.7,5,0,0,13.55
14708,1470.8,5,0,0,13.55
14709,1470.9,4,1,0,13.47
14710,1471,4,0,0,13.47
14711,1471.1,4,0,0,13.47
14712,1471.2,4,0,0,13.48
14713,1471.3,4,0,0,13.43
14714,1471.4,4,0,0,13.48
14715,1471.5,5,0,0,13.47
14716,1471.6,5,0,0,13.47
14717,1471.7,5,0,0,13.45
14718,1471.8,5,0,0,13.45
14719,1471.9,5,0,0,13.43
14720,1472,5,0,0,13.45
14721,1472.1,5,1,0,12.77
14722,1472.2,5,0,0,12.75
14723,1472.3,4,1,0,13.47
14724,1472.4,4,0,0,13.46
14725,1472.5,4,0,0,13.45
14726,1472.6,4,0,0,13.47
14727,1472.7,5,0,0,13.39
14728,1472.8,5,0,0,13.37
14729,1472.9,5,1,0,13.58
14730,1473,5,0,0,13.57
14731,1473.1,4,1,0,13.62
14732,1473.2,4,0,0,13.63
14733,1473.3,4,0,0,13.63
14734,1473.4,4,0,0,13.6
14735,1473.5,4,0,0,13.61
14736,1473.6,4,0,0,13.57
14737,1473.7,5,0,0,12.72
14738,1473.8,5,0,0,12.73
14739,1473.9,5,0,0,12.74
14740,1474,5,0,0,12.73
14741,1474.1,5,0,0,12.76
14742,1474.2,5,0,0,12.77
14743,1474.3,6,0,0,12.44
14744,1474.4,6,0,0,12.42
14745,1474.5,6,0,0,12.43
14746,1474.6,6,0,0,12.48
14747,1474.7,6,0,0,12.48
14748,1474.8,6,0,0,12.52
14749,1474.9,6,0,0,12.46
14750,1475,5,1,0,12.89
14751,1475.1,5,0,0,12.9
14752,1475.2,5,0,0,12.88
14753,1475.3,5,0,0,12.85
14754,1475.4,5,0,0,12.88
14755,1475.5,5,0,0,12.87
14756,1475.6,5,0,0,12.88
14757,1475.7,5,0,0,12.91
14758,1475.8,5,0,0,12.9
14759,1475.9,4,1,0,12.65
14760,1476,4,0,0,12.62
14761,1476.1,5,0,0,12.66
14762,1476.2,5,0,0,12.66
14763,1476.3,6,0,0,12.62
14764,1476.4,5,1,0,12.54
14765,1476.5,5,0,0,12.52
14766,1476.6,5,0,0,12.5
14767,1476.7,5,0,0,12.51
14768,1476.8,5,0,0,12.46
14769,1476.9,5,0,0,12.44
14770,1477,5,0,0,12.44
14771,1477.1,7,0,0,12.15
14772,1477.2,7,0,0,12.12
14773,1477.3,7,0,0,12.14
14774,1477.4,7,0,0,12.11
14775,1477.5,7,0,0,12.11
14776,1477.6,7,0,0,12.14
14777,1477.7,6,1,0,11.83
14778,1477.8,6,0,0,11.85
14779,1477.9,6,0,0,11.85
14780,1478,5,1,0,12.25
14781,1478.1,5,0,0,12.3
14782,1478.2,5,0,0,12.32
14783,1478.3,5,0,0,12.38
14784,1478.4,5,0,0,12.45
14785,1478.5,5,0,0,12.53
14786,1478.6,5,0,0,12.57
14787,1478.7,5,0,0,12.62
14788,1478.8,5,0,0,12.68
14789,1478.9,5,0,0,12.67
14790,1479,5,0,0,12.74
14791,1479.1,5,0,0,12.79
14792,1479.2,5,1,0,12.3
14793,1479.3,5,0,0,12.3
14794,1479.4,5,0,0,12.29
14795,1479.5,5,0,0,12.3
14796,1479.6,5,0,0,12.3
14797,1479.7,5,0,0,12.31
14798,1479.8,5,0,0,12.26
14799,1479.9,7,0,0,12.38
14800,1480,7,0,0,12.36
14801,1480.1,6,1,0,12.1
14802,1480.2,6,0,0,12.08
14803,1480.3,6,0,0,12.06
14804,1480.4,6,0,0,12.09
14805,1480.5,5,1,0,12.07
14806,1480.6,5,0,0,12.04
14807,1480.7,5,0,0,12.07
14808,1480.8,5,0,0,12.03
14809,1480.9,5,0,0,12.04
14810,1481,5,0,0,12.04
14811,1481.1,5,0,0,12.04
14812,1481.2,5,0,0,12
14813,1481.3,5,0,0,12.03
14814,1481.4,5,0,0,12.04
14815,1481.5,5,0,0,12.02
14816,1481.6,5,0,0,12.06
14817,1481.7,5,0,0,12.05
14818,1481.8,5,0,0,12
14819,1481.9,5,0,0,12.02
14820,1482,5,0,0,12.01
14821,1482.1,4,1,0,11.51
14822,1482.2,4,0,0,11.54
14823,1482.3,4,0,0,11.5
14824,1482.4,5,0,0,11.88
14825,1482.5,5,0,0,11.87
14826,1482.6,5,0,0,11.87
14827,1482.7,6,0,0,12.18
14828,1482.8,6,0,0,12.16
14829,1482.9,6,0,0,12.15
14830,1483,6,0,0,12.17
14831,1483.1,6,0,0,12.16
14832,1483.2,6,0,0,12.17
14833,1483.3,5,1,0,11.87
14834,1483.4,6,0,0,11.82
14835,1483.5,6,0,0,11.84
14836,1483.6,5,1,0,11.57
14837,1483.7,5,0,0,11.58
14838,1483.8,5,0,0,11.62
14839,1483.9,5,0,0,11.62
14840,1484,5,0,0,11.57
14841,1484.1,5,0,0,11.58
14842,1484.2,5,0,0,11.59
14843,1484.3,5,0,0,11.57
14844,1484.4,5,0,0,11.52
14845,1484.5,5,0,0,11.53
14846,1484.6,5,0,0,11.53
14847,1484.7,5,0,0,11.52
14848,1484.8,5,0,0,11.52
14849,1484.9,5,0,0,11.51
14850,1485,5,0,0,11.46
14851,1485.1,5,0,0,11.45
14852,1485.2,5,0,0,11.42
14853,1485.3,5,0,0,11.44
14854,1485.4,5,0,0,11.43
14855,1485.5,6,0,0,11.45
14856,1485.6,7,0,0,11.48
14857,1485.7,7,0,0,11.48
14858,1485.8,7,0,0,11.48
14859,1485.9,7,0,0,11.46
14860,1486,7,0,0,11.46
14861,1486.1,6,1,0,11.24
14862,1486.2,6,0,0,11.23
14863,1486.3,5,1,0,11.07
14864,1486.4,5,0,0,11.04
14865,1486.5,5,0,0,11.02
14866,1486.6,5,0,0,11.02
14867,1486.7,5,0,0,11.01
14868,1486.8,5,0,0,11.02
14869,1486.9,5,0,0,11.02
14870,1487,6,0,0,11.49
14871,1487.1,6,0,0,11.5
14872,1487.2,6,0,0,11.46
14873,1487.3,6,0,0,11.48
14874,1487.4,6,0,0,11.45
14875,1487.5,5,1,0,11.39
14876,1487.6,5,0,0,11.38
14877,1487.7,5,0,0,11.41
14878,1487.8,5,0,0,11.39
14879,1487.9,5,0,0,11.35
14880,1488,5,0,0,11.35
14881,1488.1,6,0,0,11.13
14882,1488.2,6,0,0,11.1
14883,1488.3,5,1,0,11.34
14884,1488.4,6,0,0,11.66
14885,1488.5,6,0,0,11.65
14886,1488.6,6,0,0,11.62
14887,1488.7,7,0,0,11.97
14888,1488.8,7,0,0,11.94
14889,1488.9,7,0,0,11.95
14890,1489,6,1,0,11.72
14891,1489.1,6,0,0,11.7
14892,1489.2,6,0,0,11.7
14893,1489.3,6,0,0,11.71
14894,1489.4,5,1,0,12.06
14895,1489.5,5,0,0,12.1
14896,1489.6,5,0,0,12.19
14897,1489.7,5,0,0,12.23
14898,1489.8,5,0,0,12.25
14899,1489.9,5,0,0,12.34
14900,1490,5,0,0,12.43
14901,1490.1,5,0,0,12.49
14902,1490.2,5,0,0,12.56
14903,1490.3,5,0,0,12.64
14904,1490.4,5,0,0,12.67
14905,1490.5,5,1,0,12.77
14906,1490.6,5,0,0,12.85
14907,1490.7,5,0,0,12.95
14908,1490.8,5,0,0,12.98
14909,1490.9,5,0,0,13.07
14910,1491,5,0,0,13.11
14911,1491.1,5,0,0,13.15
14912,1491.2,6,0,0,13.35
14913,1491.3,5,1,0,13.32
14914,1491.4,5,0,0,13.34
14915,1491.5,5,0,0,13.37
14916,1491.6,5,0,0,13.33
14917,1491.7,5,0,0,13.33
14918,1491.8,5,1,0,13.34
14919,1491.9,5,0,0,13.33
14920,1492,5,0,0,13.34
14921,1492.1,5,0,0,13.36
14922,1492.2,5,0,0,13.37
14923,1492.3,5,0,0,13.32
14924,1492.4,5,0,0,13.36
14925,1492.5,5,0,0,13.35
14926,1492.6,5,0,0,13.35
14927,1492.7,5,0,0,13.36
14928,1492.8,4,1,0,13.38
14929,1492.9,4,0,0,13.39
14930,1493,4,0,0,13.38
14931,1493.1,4,0,0,13.4
14932,1493.2,4,0,0,13.36
14933,1493.3,4,0,0,13.36
14934,1493.4,4,0,0,13.35
14935,1493.5,4,0,0,13.33
14936,1493.6,4,0,0,13.31
14937,1493.7,4,0,0,13.29
14938,1493.8,4,0,0,13.29
14939,1493.9,4,0,0,13.28
14940,1494,4,1,0,13.28
14941,1494.1,5,0,0,13.42
14942,1494.2,5,0,0,13.39
14943,1494.3,5,0,0,13.38
14944,1494.4,5,0,0,13.35
14945,1494.5,5,0,0,13.37
14946,1494.6,4,1,0,13.18
14947,1494.7,4,0,0,13.18
14948,1494.8,4,0,0,13.18
14949,1494.9,4,0,0,13.17
14950,1495,5,0,0,13.31
14951,1495.1,5,0,0,13.29
14952,1495.2,5,0,0,13.3
14953,1495.3,5,0,0,13.3
14954,1495.4,5,0,0,13.3
14955,1495.5,5,0,0,13.28
14956,1495.6,5,0,0,13.25
14957,1495.7,5,0,0,13.28
14958,1495.8,5,0,0,13.25
14959,1495.9,5,0,0,13.27
14960,1496,5,0,0,13.24
14961,1496.1,5,0,0,13.23
14962,1496.2,5,0,0,13.25
14963,1496.3,5,0,0,13.22
14964,1496.4,4,1,0,13.65
14965,1496.5,4,0,0,13.7
14966,1496.6,4,0,0,13.71
14967,1496.7,4,0,0,13.76
14968,1496.8,4,0,0,13.86
14969,1496.9,5,0,0,13.89
14970,1497,5,0,0,13.92
14971,1497.1,5,0,0,13.95
14972,1497.2,5,0,0,13.94
14973,1497.3,5,0,0,13.92
14974,1497.4,5,0,0,13.92
14975,1497.5,4,1,0,13.93
14976,1497.6,4,1,0,13.95
14977,1497.7,4,0,0,13.94
14978,1497.8,4,0,0,13.95
14979,1497.9,4,0,0,13.93
14980,1498,4,0,0,13.94
14981,1498.1,4,1,0,13.87
14982,1498.2,4,0,0,13.84
14983,1498.3,4,0,0,13.83
14984,1498.4,4,0,0,13.83
14985,1498.5,4,0,0,13.82
14986,1498.6,4,0,0,13.85
14987,1498.7,4,0,0,13.84
14988,1498.8,4,0,0,13.83
14989,1498.9,4,0,0,13.84
14990,1499,4,0,0,13.86
14991,1499.1,4,0,0,13.81
14992,1499.2,4,0,0,13.81
14993,1499.3,4,0,0,13.83
14994,1499.4,4,0,0,13.83
14995,1499.5,4,0,0,13.83
14996,1499.6,4,0,0,13.79
14997,1499.7,5,0,0,13.4
14998,1499.8,5,0,0,13.41
14999,1499.9,5,0,0,13.37
15000,1500,5,0,0,13.36
15001,1500.1,5,0,0,13.34
15002,1500.2,6,0,0,12.82
15003,1500.3,6,0,0,12.8
15004,1500.4,5,1,0,13.04
15005,1500.5,5,0,0,13.05
15006,1500.6,5,0,0,13.05
15007,1500.7,5,0,0,13.05
15008,1500.8,5,0,0,13.08
15009,1500.9,5,0,0,13.09
15010,1501,4,1,0,12.82
15011,1501.1,3,1,0,12.46
15012,1501.2,4,0,0,12.5
15013,1501.3,5,0,0,11.58
15014,1501.4,5,0,0,11.57
15015,1501.5,5,0,0,11.59
15016,1501.6,5,0,0,11.62
15017,1501.7,5,0,0,11.62
15018,1501.8,5,0,0,11.63
15019,1501.9,5,0,0,11.65
15020,1502,5,0,0,11.66
15021,1502.1,5,0,0,11.67
15022,1502.2,5,0,0,11.65
15023,1502.3,5,0,0,11.69
15024,1502.4,5,0,0,11.71
15025,1502.5,6,0,0,12.09
15026,1502.6,6,0,0,12.07
15027,1502.7,6,0,0,12.08
15028,1502.8,6,0,0,12.11
15029,1502.9,6,0,0,12.13
15030,1503,6,0,0,12.14
15031,1503.1,5,1,0,11.77
15032,1503.2,5,0,0,11.8
15033,1503.3,5,0,0,11.78
15034,1503.4,5,0,0,11.8
15035,1503.5,5,0,0,11.8
15036,1503.6,5,0,0,11.82
15037,1503.7,5,0,0,11.81
15038,1503.8,5,0,0,11.82
15039,1503.9,5,0,0,11.85
15040,1504,5,0,0,11.83
15041,1504.1,6,0,0,11.53
15042,1504.2,5,1,0,11.04
15043,1504.3,4,1,0,11.33
15044,1504.4,5,0,0,11.56
15045,1504.5,5,0,0,11.55
15046,1504.6,5,0,0,11.54
15047,1504.7,5,0,0,11.55
15048,1504.8,6,0,0,11.93
15049,1504.9,6,0,0,11.9
15050,1505,5,1,0,11.74
15051,1505.1,5,0,0,11.74
15052,1505.2,5,0,0,11.72
15053,1505.3,6,0,0,12.11
15054,1505.4,6,0,0,12.13
15055,1505.5,6,0,0,12.1
15056,1505.6,6,0,0,12.12
15057,1505.7,6,0,0,12.06
15058,1505.8,6,0,0,12.06
15059,1505.9,5,1,0,11.69
15060,1506,5,0,0,11.7
15061,1506.1,5,0,0,11.68
15062,1506.2,5,0,0,11.68
15063,1506.3,5,0,0,11.68
15064,1506.4,5,0,0,11.67
15065,1506.5,5,0,0,11.66
15066,1506.6,5,0,0,11.65
15067,1506.7,5,0,0,11.67
15068,1506.8,5,0,0,11.68
15069,1506.9,5,0,0,11.61
15070,1507,5,0,0,11.62
15071,1507.1,5,0,0,11.61
15072,1507.2,5,0,0,11.65
15073,1507.3,5,0,0,11.62
15074,1507.4,5,0,0,11.6
15075,1507.5,4,1,0,11.12
15076,1507.6,5,0,0,11.69
15077,1507.7,5,0,0,11.68
15078,1507.8,5,0,0,11.7
15079,1507.9,5,0,0,11.67
15080,1508,5,0,0,11.67
15081,1508.1,5,0,0,11.7
15082,1508.2,6,0,0,12.05
15083,1508.3,6,1,0,12.05
15084,1508.4,6,0,0,12.04
15085,1508.5,6,0,0,12.05
15086,1508.6,6,0,0,12.03
15087,1508.7,6,0,0,12
15088,1508.8,5,1,0,11.66
15089,1508.9,5,0,0,11.65
15090,1509,5,0,0,11.64
15091,1509.1,5,0,0,11.63
15092,1509.2,5,0,0,11.64
15093,1509.3,5,0,0,11.62
15094,1509.4,5,0,0,11.62
15095,1509.5,5,0,0,11.62
15096,1509.6,5,0,0,11.62
15097,1509.7,5,0,0,11.6
15098,1509.8,5,0,0,11.59
15099,1509.9,5,0,0,11.57
15100,1510,5,0,0,11.53
15101,1510.1,5,0,0,11.52
15102,1510.2,5,0,0,11.5
15103,1510.3,5,0,0,11.49
15104,1510.4,5,0,0,11.45
15105,1510.5,5,0,0,11.45
15106,1510.6,5,0,0,11.44
15107,1510.7,6,0,0,11.86
15108,1510.8,6,0,0,11.82
15109,1510.9,6,0,0,11.79
15110,1511,7,0,0,12.1
15111,1511.1,7,0,0,12.09
15112,1511.2,7,0,0,12.09
15113,1511.3,7,0,0,12.08
15114,1511.4,7,0,0,12.06
15115,1511.5,7,0,0,12.04
15116,1511.6,6,1,0,11.71
15117,1511.7,6,0,0,11.7
15118,1511.8,5,1,0,11.25
15119,1511.9,6,0,0,11.69
15120,1512,6,0,0,11.65
15121,1512.1,6,0,0,11.64
15122,1512.2,6,0,0,11.65
15123,1512.3,6,0,0,11.65
15124,1512.4,5,1,0,11.97
15125,1512.5,5,0,0,11.99
15126,1512.6,5,0,0,12.05
15127,1512.7,5,0,0,12.15
15128,1512.8,5,0,0,12.22
15129,1512.9,5,0,0,12.27
15130,1513,5,0,0,12.37
15131,1513.1,5,0,0,12.45
15132,1513.2,5,0,0,12.52
15133,1513.3,5,0,0,12.61
15134,1513.4,5,0,0,12.66
15135,1513.5,5,0,0,12.76
15136,1513.6,5,0,0,12.81
15137,1513.7,5,0,0,12.89
15138,1513.8,7,0,0,12.7
15139,1513.9,8,0,0,12.92
15140,1514,8,0,0,12.96
15141,1514.1,8,0,0,13.01
15142,1514.2,8,0,0,13.06
15143,1514.3,7,1,0,13.04
15144,1514.4,6,1,0,12.91
15145,1514.5,6,0,0,12.9
15146,1514.6,6,0,0,12.93
15147,1514.7,6,0,0,12.95
15148,1514.8,6,0,0,12.93
15149,1514.9,6,0,0,12.93
15150,1515,6,0,0,12.92
15151,1515.1,6,0,0,12.94
15152,1515.2,6,0,0,12.88
15153,1515.3,6,0,0,12.92
15154,1515.4,6,1,0,12.21
15155,1515.5,6,0,0,12.18
15156,1515.6,6,0,0,12.16
15157,1515.7,6,0,0,12.19
15158,1515.8,5,1,0,12.09
15159,1515.9,5,0,0,12.15
15160,1516,5,0,0,12.15
15161,1516.1,5,0,0,12.19
15162,1516.2,5,0,0,12.21
15163,1516.3,5,0,0,12.28
15164,1516.4,5,0,0,12.29
15165,1516.5,5,0,0,12.3
15166,1516.6,6,0,0,12.56
15167,1516.7,6,0,0,12.58
15168,1516.8,6,0,0,12.58
15169,1516.9,6,0,0,12.56
15170,1517,7,0,0,12.71
15171,1517.1,7,0,0,12.71
15172,1517.2,6,1,0,12.5
15173,1517.3,5,1,0,12.22
15174,1517.4,5,0,0,12.21
15175,1517.5,5,0,0,12.22
15176,1517.6,5,0,0,12.22
15177,1517.7,5,0,0,12.21
15178,1517.8,5,0,0,12.22
15179,1517.9,5,0,0,12.21
15180,1518,5,0,0,12.2
15181,1518.1,4,1,0,12.76
15182,1518.2,4,0,0,12.85
15183,1518.3,4,0,0,12.88
15184,1518.4,4,0,0,12.92
15185,1518.5,4,0,0,13
15186,1518.6,4,0,0,13.05
15187,1518.7,4,0,0,13.1
15188,1518.8,4,0,0,13.15
15189,1518.9,4,0,0,13.17
15190,1519,5,0,0,13.02
15191,1519.1,5,0,0,12.99
15192,1519.2,5,0,0,13.01
15193,1519.3,5,0,0,13
15194,1519.4,5,0,0,13
15195,1519.5,6,0,0,13.2
15196,1519.6,6,0,0,13.16
15197,1519.7,6,0,0,13.12
15198,1519.8,6,0,0,13.17
15199,1519.9,5,1,0,12.97
15200,1520,5,0,0,13
15201,1520.1,4,2,0,12.38
15202,1520.2,5,0,0,12.73
15203,1520.3,4,1,0,13.41
15204,1520.4,4,0,0,13.38
15205,1520.5,4,0,0,13.4
15206,1520.6,4,0,0,13.38
15207,1520.7,4,0,0,13.37
15208,1520.8,4,0,0,13.36
15209,1520.9,4,0,0,13.37
15210,1521,4,0,0,13.41
15211,1521.1,4,0,0,13.38
15212,1521.2,4,0,0,13.37
15213,1521.3,4,0,0,13.38
15214,1521.4,4,0,0,13.38
15215,1521.5,4,0,0,13.43
15216,1521.6,4,0,0,13.4
15217,1521.7,4,0,0,13.41
15218,1521.8,4,0,0,13.42
15219,1521.9,4,0,0,13.38
15220,1522,4,0,0,13.42
15221,1522.1,4,0,0,13.4
15222,1522.2,4,0,0,13.42
15223,1522.3,5,0,0,13.49
15224,1522.4,5,0,0,13.5
15225,1522.5,6,0,0,13.27
15226,1522.6,6,0,0,13.27
15227,1522.7,6,0,0,13.29
15228,1522.8,6,0,0,13.26
15229,1522.9,4,2,0,13.38
15230,1523,4,0,0,13.34
15231,1523.1,3,1,0,13.2
15232,1523.2,4,0,0,12.35
15233,1523.3,4,0,0,12.36
15234,1523.4,4,0,0,12.37
15235,1523.5,4,0,0,12.36
15236,1523.6,4,0,0,12.38
15237,1523.7,4,0,0,12.4
15238,1523.8,4,0,0,12.34
15239,1523.9,4,0,0,12.37
15240,1524,5,0,0,11.23
15241,1524.1,5,0,0,11.23
15242,1524.2,5,0,0,11.25
15243,1524.3,5,0,0,11.29
15244,1524.4,5,0,0,11.3
15245,1524.5,5,0,0,11.3
15246,1524.6,5,0,0,11.33
15247,1524.7,5,0,0,11.35
15248,1524.8,5,0,0,11.38
15249,1524.9,5,0,0,11.42
15250,1525,5,0,0,11.45
15251,1525.1,6,0,0,11.85
15252,1525.2,6,0,0,11.82
15253,1525.3,6,0,0,11.86
15254,1525.4,6,0,0,11.87
15255,1525.5,6,0,0,11.86
15256,1525.6,6,0,0,11.9
15257,1525.7,5,1,0,11.54
15258,1525.8,5,0,0,11.55
15259,1525.9,5,0,0,11.6
15260,1526,5,0,0,11.57
15261,1526.1,6,0,0,11.73
15262,1526.2,6,0,0,11.75
15263,1526.3,6,0,0,11.76
15264,1526.4,7,0,0,11.46
15265,1526.5,5,2,0,10.96
15266,1526.6,5,0,0,10.92
15267,1526.7,5,0,0,10.97
15268,1526.8,5,0,0,10.95
15269,1526.9,5,0,0,10.96
15270,1527,5,0,0,10.98
15271,1527.1,5,0,0,10.97
15272,1527.2,5,0,0,10.97
15273,1527.3,5,0,0,11
15274,1527.4,5,0,0,11.02
15275,1527.5,5,0,0,11.02
15276,1527.6,5,0,0,11.04
15277,1527.7,5,0,0,11.06
15278,1527.8,5,0,0,11.05
15279,1527.9,6,0,0,11.51
15280,1528,6,0,0,11.51
15281,1528.1,6,0,0,11.5
15282,1528.2,6,0,0,11.51
15283,1528.3,6,0,0,11.53
15284,1528.4,6,0,0,11.52
15285,1528.5,5,1,0,11.07
15286,1528.6,5,0,0,11.08
15287,1528.7,5,0,0,11.08
15288,1528.8,5,0,0,11.09
15289,1528.9,5,0,0,11.06
15290,1529,5,0,0,11.1
15291,1529.1,5,0,0,11.11
15292,1529.2,5,0,0,11.09
15293,1529.3,5,0,0,11.12
15294,1529.4,4,1,0,10.4
15295,1529.5,4,0,0,10.41
15296,1529.6,5,0,0,10.93
15297,1529.7,6,0,0,11.01
15298,1529.8,6,0,0,11.02
15299,1529.9,5,1,0,10.71
15300,1530,5,0,0,10.7
15301,1530.1,5,0,0,10.73
15302,1530.2,5,0,0,10.74
15303,1530.3,5,0,0,10.73
15304,1530.4,5,0,0,10.74
15305,1530.5,5,0,0,10.73
15306,1530.6,5,0,0,10.73
15307,1530.7,5,0,0,10.73
15308,1530.8,6,0,0,11.08
15309,1530.9,6,0,0,11.08
15310,1531,6,0,0,11.05
15311,1531.1,6,0,0,11.06
15312,1531.2,6,0,0,11.05
15313,1531.3,6,0,0,11.03
15314,1531.4,5,1,0,10.61
15315,1531.5,5,0,0,10.61
15316,1531.6,5,0,0,10.61
15317,1531.7,5,0,0,10.56
15318,1531.8,5,0,0,10.56
15319,1531.9,5,0,0,10.58
15320,1532,5,0,0,10.57
15321,1532.1,5,0,0,10.55
15322,1532.2,5,0,0,10.51
15323,1532.3,5,0,0,10.54
15324,1532.4,5,0,0,10.56
15325,1532.5,5,0,0,10.56
15326,1532.6,5,0,0,10.51
15327,1532.7,6,0,0,10.43
15328,1532.8,6,0,0,10.41
15329,1532.9,6,0,0,10.41
15330,1533,6,0,0,10.43
15331,1533.1,6,0,0,10.44
15332,1533.2,7,0,0,10.94
15333,1533.3,7,0,0,10.91
15334,1533.4,7,0,0,10.92
15335,1533.5,7,0,0,10.9
15336,1533.6,8,0,0,11.28
15337,1533.7,8,0,0,11.27
15338,1533.8,8,0,0,11.27
15339,1533.9,7,1,0,11.25
15340,1534,7,0,0,11.22
15341,1534.1,7,0,0,11.24
15342,1534.2,6,1,0,10.79
15343,1534.3,6,0,0,10.79
15344,1534.4,6,0,0,10.79
15345,1534.5,6,0,0,10.8
15346,1534.6,6,0,0,10.77
15347,1534.7,6,0,0,10.76
15348,1534.8,6,0,0,10.75
15349,1534.9,6,0,0,10.74
15350,1535,6,0,0,10.76
15351,1535.1,6,0,0,10.73
15352,1535.2,6,0,0,10.76
15353,1535.3,6,0,0,10.73
15354,1535.4,5,1,0,10.92
15355,1535.5,5,0,0,10.94
15356,1535.6,5,0,0,11.03
15357,1535.7,5,0,0,11.08
15358,1535.8,5,0,0,11.17
15359,1535.9,6,0,0,11.71
15360,1536,6,0,0,11.76
15361,1536.1,7,0,0,11.57
15362,1536.2,7,0,0,11.61
15363,1536.3,6,1,0,11.94
15364,1536.4,7,0,0,12.21
15365,1536.5,7,0,0,12.29
15366,1536.6,7,0,0,12.35
15367,1536.7,6,1,0,12.15
15368,1536.8,7,0,0,12.46
15369,1536.9,7,0,0,12.51
15370,1537,6,1,0,12.41
15371,1537.1,6,0,0,12.46
15372,1537.2,6,0,0,12.52
15373,1537.3,5,1,0,12.41
15374,1537.4,5,0,0,12.47
15375,1537.5,5,0,0,12.53
15376,1537.6,5,0,0,12.51
15377,1537.7,5,0,0,12.5
15378,1537.8,5,0,0,12.53
15379,1537.9,5,0,0,12.47
15380,1538,5,0,0,12.48
15381,1538.1,5,0,0,12.46
15382,1538.2,5,0,0,12.42
15383,1538.3,5,0,0,12.43
15384,1538.4,5,0,0,12.41
15385,1538.5,5,0,0,12.39
15386,1538.6,5,0,0,12.42
15387,1538.7,4,1,0,12.28
15388,1538.8,4,0,0,12.25
15389,1538.9,4,0,0,12.25
15390,1539,5,0,0,12.49
15391,1539.1,5,0,0,12.47
15392,1539.2,6,0,0,12.41
15393,1539.3,6,0,0,12.41
15394,1539.4,6,0,0,12.37
15395,1539.5,6,0,0,12.4
15396,1539.6,6,0,0,12.37
15397,1539.7,6,0,0,12.34
15398,1539.8,5,1,0,12.41
15399,1539.9,5,0,0,12.42
15400,1540,5,0,0,12.41
15401,1540.1,5,0,0,12.43
15402,1540.2,5,0,0,12.39
15403,1540.3,4,2,0,11.71
15404,1540.4,4,0,0,11.69
15405,1540.5,4,0,0,11.7
15406,1540.6,4,0,0,11.69
15407,1540.7,4,0,0,11.64
15408,1540.8,4,0,0,11.64
15409,1540.9,4,0,0,11.66
15410,1541,4,0,0,11.65
15411,1541.1,4,0,0,11.62
15412,1541.2,4,0,0,11.61
15413,1541.3,4,0,0,11.61
15414,1541.4,4,0,0,11.61
15415,1541.5,4,0,0,11.61
15416,1541.6,4,0,0,11.6
15417,1541.7,4,0,0,11.6
15418,1541.8,4,0,0,11.58
15419,1541.9,4,0,0,11.59
15420,1542,4,0,0,11.6
15421,1542.1,5,0,0,11.92
15422,1542.2,6,0,0,12.07
15423,1542.3,6,0,0,12.06
15424,1542.4,6,0,0,12.08
15425,1542.5,6,0,0,12.08
15426,1542.6,6,0,0,12.1
15427,1542.7,5,1,0,11.88
15428,1542.8,5,0,0,11.86
15429,1542.9,5,0,0,11.86
15430,1543,5,0,0,11.87
15431,1543.1,5,0,0,11.85
15432,1543.2,5,0,0,11.85
15433,1543.3,5,0,0,11.83
15434,1543.4,5,0,0,11.83
15435,1543.5,5,0,0,11.86
15436,1543.6,5,0,0,11.85
15437,1543.7,5,0,0,11.86
15438,1543.8,5,0,0,11.86
15439,1543.9,6,0,0,12.13
15440,1544,6,0,0,12.09
15441,1544.1,6,0,0,12.12
15442,1544.2,6,0,0,12.1
15443,1544.3,6,0,0,12.09
15444,1544.4,5,1,0,12.14
15445,1544.5,5,0,0,12.12
15446,1544.6,5,0,0,12.1
15447,1544.7,5,0,0,12.1
15448,1544.8,5,0,0,12.11
15449,1544.9,6,0,0,12.19
15450,1545,6,0,0,12.16
15451,1545.1,6,0,0,12.15
15452,1545.2,6,0,0,12.1
15453,1545.3,6,1,0,12.26
15454,1545.4,6,0,0,12.3
15455,1545.5,5,1,0,12.25
15456,1545.6,5,0,0,12.26
15457,1545.7,5,0,0,12.31
15458,1545.8,5,0,0,12.37
15459,1545.9,5,0,0,12.42
15460,1546,5,0,0,12.46
15461,1546.1,5,0,0,12.53
15462,1546.2,5,0,0,12.58
15463,1546.3,5,0,0,12.64
15464,1546.4,5,0,0,12.69
15465,1546.5,6,0,0,11.8
15466,1546.6,6,0,0,11.82
15467,1546.7,6,0,0,11.88
15468,1546.8,5,1,0,11.72
15469,1546.9,5,0,0,11.73
15470,1547,5,0,0,11.72
15471,1547.1,5,0,0,11.76
15472,1547.2,5,0,0,11.79
15473,1547.3,5,0,0,11.82
15474,1547.4,5,1,0,11.88
15475,1547.5,5,0,0,11.89
15476,1547.6,5,0,0,11.89
15477,1547.7,6,0,0,12.24
15478,1547.8,6,0,0,12.26
15479,1547.9,6,0,0,12.25
15480,1548,6,0,0,12.25
15481,1548.1,6,0,0,12.29
15482,1548.2,6,0,0,12.27
15483,1548.3,5,1,0,12.02
15484,1548.4,5,0,0,12.04
15485,1548.5,5,1,0,11.09
15486,1548.6,5,0,0,11.11
15487,1548.7,5,0,0,11.11
15488,1548.8,5,0,0,11.15
15489,1548.9,5,0,0,11.18
15490,1549,5,0,0,11.22
15491,1549.1,5,0,0,11.24
15492,1549.2,5,0,0,11.29
15493,1549.3,5,0,0,11.32
15494,1549.4,5,0,0,11.33
15495,1549.5,5,0,0,11.39
15496,1549.6,5,0,0,11.39
15497,1549.7,5,0,0,11.39
15498,1549.8,5,0,0,11.41
15499,1549.9,5,0,0,11.41
15500,1550,5,0,0,11.46
15501,1550.1,5,0,0,11.51
15502,1550.2,5,0,0,11.48
15503,1550.3,5,0,0,11.52
15504,1550.4,5,0,0,11.5
15505,1550.5,6,0,0,11.93
15506,1550.6,6,0,0,11.97
15507,1550.7,6,0,0,11.94
15508,1550.8,6,0,0,11.97
15509,1550.9,5,1,0,11.52
15510,1551,6,0,0,11.94
15511,1551.1,5,1,0,11.54
15512,1551.2,5,0,0,11.54
15513,1551.3,5,0,0,11.55
15514,1551.4,5,0,0,11.53
15515,1551.5,5,0,0,11.57
15516,1551.6,6,0,0,11.83
15517,1551.7,6,0,0,11.82
15518,1551.8,6,0,0,11.78
15519,1551.9,5,1,0,11.53
15520,1552,5,0,0,11.48
15521,1552.1,6,0,0,11.26
15522,1552.2,6,0,0,11.26
15523,1552.3,5,1,0,11.47
15524,1552.4,5,0,0,11.44
15525,1552.5,5,0,0,11.44
15526,1552.6,5,0,0,11.42
15527,1552.7,5,0,0,11.42
15528,1552.8,5,0,0,11.38
15529,1552.9,5,0,0,11.38
15530,1553,5,0,0,11.39
15531,1553.1,5,0,0,11.4
15532,1553.2,5,0,0,11.39
15533,1553.3,6,0,0,11.8
15534,1553.4,6,0,0,11.79
15535,1553.5,6,0,0,11.77
15536,1553.6,6,0,0,11.76
15537,1553.7,6,0,0,11.76
15538,1553.8,6,0,0,11.73
15539,1553.9,5,1,0,11.26
15540,1554,5,0,0,11.25
15541,1554.1,5,0,0,11.22
15542,1554.2,5,0,0,11.26
15543,1554.3,5,0,0,11.27
15544,1554.4,5,0,0,11.26
15545,1554.5,4,1,0,10.57
15546,1554.6,5,0,0,11.25
15547,1554.7,5,0,0,11.24
15548,1554.8,6,0,0,11.69
15549,1554.9,6,0,0,11.65
15550,1555,6,0,0,11.61
15551,1555.1,6,0,0,11.66
15552,1555.2,6,0,0,11.66
15553,1555.3,6,0,0,11.64
15554,1555.4,6,0,0,11.65
15555,1555.5,7,0,0,11.35
15556,1555.6,7,0,0,11.31
15557,1555.7,7,0,0,11.34
15558,1555.8,7,0,0,11.33
15559,1555.9,7,0,0,11.35
15560,1556,7,0,0,11.36
15561,1556.1,7,0,0,11.39
15562,1556.2,8,0,0,11.48
15563,1556.3,8,0,0,11.47
15564,1556.4,8,0,0,11.45
15565,1556.5,8,0,0,11.43
15566,1556.6,8,0,0,11.46
15567,1556.7,8,0,0,11.45
15568,1556.8,7,1,0,11.34
15569,1556.9,7,0,0,11.31
15570,1557,6,1,0,11.38
15571,1557.1,6,0,0,11.4
15572,1557.2,6,0,0,11.4
15573,1557.3,6,0,0,11.38
15574,1557.4,6,0,0,11.38
15575,1557.5,6,0,0,11.39
15576,1557.6,6,0,0,11.39
15577,1557.7,6,0,0,11.39
15578,1557.8,6,0,0,11.36
15579,1557.9,7,0,0,11.71
15580,1558,7,0,0,11.68
15581,1558.1,7,1,0,11.48
15582,1558.2,7,0,0,11.45
15583,1558.3,7,0,0,11.4
15584,1558.4,7,0,0,11.38
15585,1558.5,7,0,0,11.37
15586,1558.6,7,0,0,11.35
15587,1558.7,7,0,0,11.34
15588,1558.8,7,0,0,11.31
15589,1558.9,7,0,0,11.28
15590,1559,8,0,0,11.6
15591,1559.1,8,0,0,11.59
15592,1559.2,7,1,0,11.77
15593,1559.3,7,0,0,11.79
15594,1559.4,7,0,0,11.79
15595,1559.5,7,0,0,11.82
15596,1559.6,6,1,0,11.53
15597,1559.7,6,0,0,11.63
15598,1559.8,5,1,0,12.04
15599,1559.9,5,0,0,12.14
15600,1560,5,0,0,12.25
15601,1560.1,5,0,0,12.37
15602,1560.2,5,0,0,12.48
15603,1560.3,5,0,0,12.61
15604,1560.4,5,0,0,12.75
15605,1560.5,5,0,0,12.89
15606,1560.6,5,0,0,13.02
15607,1560.7,5,0,0,13.16
15608,1560.8,5,0,0,13.3
15609,1560.9,5,0,0,13.43
15610,1561,5,0,0,13.47
15611,1561.1,5,1,0,13.58
15612,1561.2,5,0,0,13.61
15613,1561.3,5,0,0,13.68
15614,1561.4,5,0,0,13.7
15615,1561.5,5,0,0,13.69
15616,1561.6,5,0,0,13.75
15617,1561.7,6,0,0,13.75
15618,1561.8,7,0,0,13.79
15619,1561.9,6,1,0,13.81
15620,1562,6,0,0,13.8
15621,1562.1,6,0,0,13.8
15622,1562.2,6,0,0,13.79
15623,1562.3,6,0,0,13.79
15624,1562.4,5,1,0,13.74
15625,1562.5,5,0,0,13.79
15626,1562.6,4,1,0,13.87
15627,1562.7,4,0,0,13.88
15628,1562.8,4,0,0,13.92
15629,1562.9,4,0,0,13.89
15630,1563,4,0,0,13.87
15631,1563.1,4,0,0,13.94
15632,1563.2,4,0,0,13.92
15633,1563.3,4,0,0,13.88
15634,1563.4,4,0,0,13.86
15635,1563.5,4,0,0,13.91
15636,1563.6,4,0,0,13.91
15637,1563.7,4,0,0,13.89
15638,1563.8,4,0,0,13.87
15639,1563.9,4,0,0,13.93
15640,1564,4,0,0,13.88
15641,1564.1,4,0,0,13.89
15642,1564.2,4,1,0,13.48
15643,1564.3,4,0,0,13.45
15644,1564.4,4,0,0,13.46
15645,1564.5,4,0,0,13.47
15646,1564.6,5,0,0,13.43
15647,1564.7,5,0,0,13.42
15648,1564.8,5,0,0,13.37
15649,1564.9,5,0,0,13.37
15650,1565,5,0,0,13.42
15651,1565.1,5,0,0,13.41
15652,1565.2,4,2,0,13.48
15653,1565.3,4,0,0,13.43
15654,1565.4,4,0,0,13.45
15655,1565.5,4,0,0,13.44
15656,1565.6,4,0,0,13.46
15657,1565.7,4,0,0,13.45
15658,1565.8,4,0,0,13.45
15659,1565.9,4,0,0,13.47
15660,1566,4,0,0,13.46
15661,1566.1,4,0,0,13.44
15662,1566.2,4,0,0,13.44
15663,1566.3,4,0,0,13.44
15664,1566.4,4,0,0,13.47
15665,1566.5,4,0,0,13.47
15666,1566.6,4,0,0,13.46
15667,1566.7,4,0,0,13.46
15668,1566.8,4,0,0,13.46
15669,1566.9,4,0,0,13.45
15670,1567,4,0,0,13.45
15671,1567.1,4,0,0,13.45
15672,1567.2,3,1,0,13.34
15673,1567.3,3,0,0,13.37
15674,1567.4,4,0,0,13.5
15675,1567.5,5,0,0,13.35
15676,1567.6,5,0,0,13.31
15677,1567.7,5,0,0,13.32
15678,1567.8,5,0,0,13.34
15679,1567.9,5,0,0,13.31
15680,1568,5,0,0,13.32
15681,1568.1,5,1,0,12.82
15682,1568.2,5,0,0,12.81
15683,1568.3,4,1,0,13.51
15684,1568.4,4,0,0,13.47
15685,1568.5,4,0,0,13.5
15686,1568.6,4,0,0,13.5
15687,1568.7,3,1,0,13.34
15688,1568.8,4,0,0,13.05
15689,1568.9,4,0,0,13.02
15690,1569,4,0,0,13.04
15691,1569.1,4,0,0,13.05
15692,1569.2,4,0,0,13.01
15693,1569.3,4,0,0,13.05
15694,1569.4,5,0,0,12.41
15695,1569.5,5,0,0,12.44
15696,1569.6,5,0,0,12.41
15697,1569.7,5,0,0,12.43
15698,1569.8,5,0,0,12.44
15699,1569.9,5,0,0,12.45
15700,1570,5,0,0,12.44
15701,1570.1,5,0,0,12.42
15702,1570.2,5,0,0,12.45
15703,1570.3,5,1,0,12.19
15704,1570.4,5,0,0,12.16
15705,1570.5,6,0,0,11.47
15706,1570.6,6,0,0,11.49
15707,1570.7,6,0,0,11.48
15708,1570.8,6,0,0,11.48
15709,1570.9,5,1,0,11.24
15710,1571,5,0,0,11.28
15711,1571.1,5,0,0,11.26
15712,1571.2,5,0,0,11.32
15713,1571.3,5,0,0,11.28
15714,1571.4,5,0,0,11.3
15715,1571.5,5,0,0,11.32
15716,1571.6,5,0,0,11.34
15717,1571.7,5,0,0,11.35
15718,1571.8,5,0,0,11.36
15719,1571.9,5,0,0,11.35
15720,1572,5,0,0,11.39
15721,1572.1,5,0,0,11.4
15722,1572.2,5,0,0,11.41
15723,1572.3,6,0,0,11.83
15724,1572.4,6,0,0,11.83
15725,1572.5,6,0,0,11.84
15726,1572.6,6,0,0,11.85
15727,1572.7,6,0,0,11.85
15728,1572.8,5,1,0,11.81
15729,1572.9,5,0,0,11.82
15730,1573,5,0,0,11.84
15731,1573.1,6,0,0,12.2
15732,1573.2,6,0,0,12.19
15733,1573.3,6,0,0,12.19
15734,1573.4,6,0,0,12.18
15735,1573.5,6,0,0,12.21
15736,1573.6,7,0,0,12.23
15737,1573.7,6,1,0,11.94
15738,1573.8,6,0,0,11.89
15739,1573.9,6,0,0,11.92
15740,1574,6,0,0,11.91
15741,1574.1,6,0,0,11.92
15742,1574.2,6,0,0,11.89
15743,1574.3,6,0,0,11.91
15744,1574.4,6,0,0,11.89
15745,1574.5,6,0,0,11.87
15746,1574.6,6,0,0,11.85
15747,1574.7,5,1,0,11.8
15748,1574.8,5,0,0,11.81
15749,1574.9,5,0,0,11.81
15750,1575,5,0,0,11.78
15751,1575.1,5,0,0,11.78
15752,1575.2,5,0,0,11.77
15753,1575.3,5,0,0,11.77
15754,1575.4,5,0,0,11.77
15755,1575.5,5,0,0,11.76
15756,1575.6,5,0,0,11.75
15757,1575.7,5,0,0,11.73
15758,1575.8,4,1,0,11.16
15759,1575.9,6,0,0,12.07
15760,1576,6,0,0,12.03
15761,1576.1,6,0,0,12.05
15762,1576.2,6,0,0,12.03
15763,1576.3,6,0,0,12.05
15764,1576.4,6,0,0,12
15765,1576.5,5,1,0,11.7
15766,1576.6,4,1,0,11.14
15767,1576.7,4,0,0,11.15
15768,1576.8,5,0,0,11.68
15769,1576.9,5,0,0,11.69
15770,1577,5,0,0,11.67
15771,1577.1,5,0,0,11.65
15772,1577.2,5,0,0,11.66
15773,1577.3,5,0,0,11.67
15774,1577.4,5,0,0,11.63
15775,1577.5,5,0,0,11.64
15776,1577.6,5,0,0,11.66
15777,1577.7,5,0,0,11.66
15778,1577.8,5,0,0,11.65
15779,1577.9,5,0,0,11.65
15780,1578,5,0,0,11.62
15781,1578.1,5,0,0,11.63
15782,1578.2,5,0,0,11.64
15783,1578.3,5,0,0,11.62
15784,1578.4,5,0,0,11.64
15785,1578.5,5,0,0,11.62
15786,1578.6,5,0,0,11.6
15787,1578.7,5,0,0,11.62
15788,1578.8,6,0,0,12.01
15789,1578.9,6,0,0,11.98
15790,1579,6,0,0,11.98
15791,1579.1,6,0,0,11.95
15792,1579.2,6,0,0,11.95
15793,1579.3,6,0,0,11.93
15794,1579.4,4,2,0,10.88
15795,1579.5,5,0,0,11.48
15796,1579.6,5,0,0,11.47
15797,1579.7,5,0,0,11.47
15798,1579.8,5,0,0,11.45
15799,1579.9,6,0,0,11.64
15800,1580,6,0,0,11.63
15801,1580.1,6,0,0,11.61
15802,1580.2,6,0,0,11.61
15803,1580.3,6,0,0,11.57
15804,1580.4,6,0,0,11.57
15805,1580.5,6,0,0,11.52
15806,1580.6,6,0,0,11.53
15807,1580.7,6,0,0,11.51
15808,1580.8,6,0,0,11.52
15809,1580.9,6,0,0,11.47
15810,1581,6,0,0,11.49
15811,1581.1,6,0,0,11.48
15812,1581.2,6,0,0,11.47
15813,1581.3,6,0,0,11.43
15814,1581.4,6,0,0,11.43
15815,1581.5,6,0,0,11.46
15816,1581.6,6,1,0,12.01
15817,1581.7,6,0,0,12.02
15818,1581.8,6,0,0,12.07
15819,1581.9,6,0,0,12.15
15820,1582,6,0,0,12.19
15821,1582.1,6,0,0,12.25
15822,1582.2,5,1,0,12.11
15823,1582.3,5,0,0,12.22
15824,1582.4,5,0,0,12.28
15825,1582.5,5,0,0,12.41
15826,1582.6,5,0,0,12.45
15827,1582.7,5,0,0,12.53
15828,1582.8,5,0,0,12.63
15829,1582.9,5,0,0,12.73
15830,1583,5,1,0,12.85
15831,1583.1,6,0,0,13.09
15832,1583.2,6,0,0,13.15
15833,1583.3,6,0,0,13.21
15834,1583.4,6,0,0,13.26
15835,1583.5,5,1,0,13.3
15836,1583.6,5,0,0,13.31
15837,1583.7,5,0,0,13.38
15838,1583.8,5,0,0,13.44
15839,1583.9,5,0,0,13.53
15840,1584,5,0,0,13.58
15841,1584.1,6,0,0,13.05
15842,1584.2,6,0,0,13.05
15843,1584.3,5,1,0,13.67
15844,1584.4,6,0,0,13.61
15845,1584.5,6,0,0,13.59
15846,1584.6,6,0,0,13.6
15847,1584.7,6,0,0,13.62
15848,1584.8,6,0,0,13.6
15849,1584.9,5,1,0,13.54
15850,1585,4,1,0,13.64
15851,1585.1,4,0,0,13.59
15852,1585.2,4,0,0,13.65
15853,1585.3,4,0,0,13.58
15854,1585.4,4,0,0,13.59
15855,1585.5,4,0,0,13.59
15856,1585.6,4,0,0,13.62
15857,1585.7,4,0,0,13.61
15858,1585.8,4,0,0,13.59
15859,1585.9,4,0,0,13.6
15860,1586,4,0,0,13.62
15861,1586.1,4,0,0,13.61
15862,1586.2,5,0,0,13.19
15863,1586.3,5,0,0,13.17
15864,1586.4,4,1,0,12.97
15865,1586.5,3,1,0,12.67
15866,1586.6,4,0,0,13.03
15867,1586.7,4,0,0,12.98
15868,1586.8,4,0,0,12.97
15869,1586.9,4,0,0,12.98
15870,1587,4,0,0,12.98
15871,1587.1,4,0,0,13.01
15872,1587.2,5,0,0,13.19
15873,1587.3,5,0,0,13.21
15874,1587.4,5,0,0,13.18
15875,1587.5,5,0,0,13.17
15876,1587.6,5,0,0,13.17
15877,1587.7,5,0,0,13.17
15878,1587.8,4,1,0,12.98
15879,1587.9,4,0,0,12.99
15880,1588,4,0,0,13
15881,1588.1,4,0,0,12.98
15882,1588.2,4,0,0,13.01
15883,1588.3,4,0,0,12.97
15884,1588.4,4,0,0,13.03
15885,1588.5,4,0,0,12.98
15886,1588.6,4,0,0,13.01
15887,1588.7,4,0,0,12.99
15888,1588.8,4,0,0,13
15889,1588.9,4,0,0,12.99
15890,1589,4,0,0,12.98
15891,1589.1,4,0,0,13.03
15892,1589.2,4,0,0,13.01
15893,1589.3,4,0,0,13
15894,1589.4,5,0,0,13.2
15895,1589.5,5,0,0,13.18
15896,1589.6,5,0,0,13.19
15897,1589.7,5,0,0,13.16
15898,1589.8,5,0,0,13.2
15899,1589.9,5,0,0,13.19
15900,1590,4,1,0,13.32
15901,1590.1,5,1,0,13.44
15902,1590.2,5,0,0,13.43
15903,1590.3,5,0,0,13.44
15904,1590.4,5,0,0,13.41
15905,1590.5,5,0,0,13.42
15906,1590.6,5,0,0,13.42
15907,1590.7,4,1,0,13.35
15908,1590.8,4,0,0,13.31
15909,1590.9,4,0,0,13.33
15910,1591,4,0,0,13.34
15911,1591.1,4,0,0,13.3
15912,1591.2,4,0,0,13.33
15913,1591.3,4,0,0,13.32
15914,1591.4,4,0,0,13.32
15915,1591.5,4,0,0,13.31
15916,1591.6,4,0,0,13.31
15917,1591.7,4,0,0,13.27
15918,1591.8,4,0,0,13.29
15919,1591.9,4,0,0,13.3
15920,1592,4,0,0,13.32
15921,1592.1,4,0,0,13.27
15922,1592.2,4,0,0,13.32
15923,1592.3,3,1,0,13.06
15924,1592.4,3,0,0,13.1
15925,1592.5,4,0,0,13.36
15926,1592.6,4,0,0,13.27
15927,1592.7,4,0,0,13.27
15928,1592.8,4,0,0,13.28
15929,1592.9,5,0,0,13.2
15930,1593,5,0,0,13.19
15931,1593.1,5,0,0,13.19
15932,1593.2,5,0,0,13.18
15933,1593.3,5,0,0,13.17
15934,1593.4,6,0,0,12.59
15935,1593.5,5,1,0,12.57
15936,1593.6,4,1,0,12.21
15937,1593.7,5,0,0,12.38
15938,1593.8,5,0,0,12.36
15939,1593.9,5,0,0,12.34
15940,1594,5,0,0,12.37
15941,1594.1,5,0,0,12.36
15942,1594.2,5,0,0,12.35
15943,1594.3,5,0,0,12.34
15944,1594.4,5,0,0,12.33
15945,1594.5,5,0,0,12.31
15946,1594.6,5,0,0,12.32
15947,1594.7,5,0,0,12.31
15948,1594.8,5,0,0,12.32
15949,1594.9,5,0,0,12.28
15950,1595,5,0,0,12.27
15951,1595.1,5,0,0,12.26
15952,1595.2,5,0,0,12.26
15953,1595.3,5,0,0,12.24
15954,1595.4,5,0,0,12.23
15955,1595.5,5,0,0,12.24
15956,1595.6,6,0,0,11.85
15957,1595.7,8,0,0,11.99
15958,1595.8,8,0,0,11.96
15959,1595.9,8,0,0,11.94
15960,1596,8,0,0,11.95
15961,1596.1,8,0,0,11.92
15962,1596.2,8,0,0,11.92
15963,1596.3,7,1,0,11.78
15964,1596.4,7,0,0,11.74
15965,1596.5,7,0,0,11.75
15966,1596.6,7,0,0,11.73
15967,1596.7,7,0,0,11.72
15968,1596.8,7,0,0,11.7
15969,1596.9,7,0,0,11.7
15970,1597,7,0,0,11.69
15971,1597.1,7,0,0,11.68
15972,1597.2,8,0,0,11.4
15973,1597.3,7,1,0,11.4
15974,1597.4,6,1,0,11.14
15975,1597.5,6,0,0,11.2
15976,1597.6,6,0,0,11.24
15977,1597.7,6,0,0,11.28
15978,1597.8,6,0,0,11.29
15979,1597.9,6,0,0,11.29
15980,1598,6,0,0,11.32
15981,1598.1,6,0,0,11.38
15982,1598.2,6,0,0,11.36
15983,1598.3,6,0,0,11.38
15984,1598.4,6,0,0,11.38
15985,1598.5,7,0,0,11.57
15986,1598.6,7,0,0,11.56
15987,1598.7,7,0,0,11.55
15988,1598.8,8,0,0,11.87
15989,1598.9,7,1,0,11.57
15990,1599,7,0,0,11.54
15991,1599.1,6,1,0,11.36
15992,1599.2,6,0,0,11.35
15993,1599.3,6,0,0,11.37
15994,1599.4,6,0,0,11.33
15995,1599.5,6,0,0,11.38
15996,1599.6,6,0,0,11.37
15997,1599.7,6,0,0,11.34
15998,1599.8,6,0,0,11.34
15999,1599.9,5,1,0,11.64
16000,1600,5,0,0,11.66
16001,1600.1,6,0,0,11.41
16002,1600.2,6,0,0,11.39
16003,1600.3,5,1,0,11.73
16004,1600.4,5,0,0,11.73
16005,1600.5,5,0,0,11.74
16006,1600.6,5,0,0,11.8
16007,1600.7,5,0,0,11.83
16008,1600.8,6,0,0,12.2
16009,1600.9,6,0,0,12.21
16010,1601,6,0,0,12.22
16011,1601.1,6,0,0,12.22
16012,1601.2,6,0,0,12.27
16013,1601.3,6,0,0,12.29
16014,1601.4,7,0,0,12.53
16015,1601.5,7,0,0,12.53
16016,1601.6,7,0,0,12.54
16017,1601.7,6,1,0,12.27
16018,1601.8,5,1,0,12.06
16019,1601.9,5,0,0,12.05
16020,1602,5,1,0,12.12
16021,1602.1,5,0,0,12.09
16022,1602.2,5,0,0,12.06
16023,1602.3,5,0,0,12.04
16024,1602.4,5,0,0,12.06
16025,1602.5,5,0,0,12.04
16026,1602.6,5,0,0,12.04
16027,1602.7,5,0,0,11.99
16028,1602.8,5,0,0,11.97
16029,1602.9,5,0,0,12
16030,1603,5,0,0,11.96
16031,1603.1,5,0,0,11.93
16032,1603.2,5,0,0,11.94
16033,1603.3,5,0,0,11.91
16034,1603.4,5,0,0,11.93
16035,1603.5,5,0,0,11.91
16036,1603.6,5,0,0,11.88
16037,1603.7,5,0,0,11.89
16038,1603.8,5,0,0,11.89
16039,1603.9,5,0,0,11.88
16040,1604,5,0,0,11.87
16041,1604.1,5,0,0,11.87
16042,1604.2,6,0,0,12.2
16043,1604.3,5,1,0,11.83
16044,1604.4,6,0,0,12.07
16045,1604.5,6,0,0,12.06
16046,1604.6,6,0,0,12.07
16047,1604.7,6,0,0,12.05
16048,1604.8,5,1,0,11.67
16049,1604.9,5,0,0,11.65
16050,1605,5,0,0,11.62
16051,1605.1,6,0,0,11.82
16052,1605.2,6,0,0,11.83
16053,1605.3,6,0,0,11.78
16054,1605.4,6,0,0,11.82
16055,1605.5,6,0,0,11.8
16056,1605.6,5,1,0,12.15
16057,1605.7,5,0,0,12.14
16058,1605.8,5,0,0,12.22
16059,1605.9,5,0,0,12.29
16060,1606,5,0,0,12.35
16061,1606.1,5,0,0,12.42
16062,1606.2,5,0,0,12.51
16063,1606.3,5,0,0,12.59
16064,1606.4,5,0,0,12.64
16065,1606.5,5,0,0,12.7
16066,1606.6,5,0,0,12.8
16067,1606.7,5,0,0,12.86
16068,1606.8,5,0,0,12.92
16069,1606.9,5,0,0,12.94
16070,1607,6,0,0,13.04
16071,1607.1,6,0,0,13.09
16072,1607.2,6,0,0,13.14
16073,1607.3,6,0,0,13.22
16074,1607.4,6,0,0,13.26
16075,1607.5,5,1,0,13.21
16076,1607.6,4,1,0,13.37
16077,1607.7,4,0,0,13.4
16078,1607.8,4,0,0,13.43
16079,1607.9,5,0,0,13.5
16080,1608,4,1,0,13.54
16081,1608.1,4,0,0,13.54
16082,1608.2,4,0,0,13.56
16083,1608.3,5,0,0,13.51
16084,1608.4,5,0,0,13.5
16085,1608.5,5,0,0,13.52
16086,1608.6,5,0,0,13.52
16087,1608.7,5,0,0,13.52
16088,1608.8,5,0,0,13.5
16089,1608.9,5,0,0,13.5
16090,1609,4,1,0,13.38
16091,1609.1,4,0,0,13.37
16092,1609.2,4,0,0,13.4
16093,1609.3,4,0,0,13.41
16094,1609.4,4,0,0,13.39
16095,1609.5,4,0,0,13.39
16096,1609.6,4,0,0,13.38
16097,1609.7,4,0,0,13.39
16098,1609.8,5,0,0,13.55
16099,1609.9,5,0,0,13.49
16100,1610,5,0,0,13.48
16101,1610.1,5,0,0,13.49
16102,1610.2,5,0,0,13.5
16103,1610.3,5,0,0,13.49
16104,1610.4,4,1,0,13.38
16105,1610.5,4,0,0,13.36
16106,1610.6,4,0,0,13.37
16107,1610.7,4,0,0,13.38
16108,1610.8,4,0,0,13.41
16109,1610.9,4,0,0,13.41
16110,1611,4,0,0,13.38
16111,1611.1,4,0,0,13.36
16112,1611.2,3,1,0,13.21
16113,1611.3,3,0,0,13.26
16114,1611.4,3,1,0,13.12
16115,1611.5,4,0,0,13.33
16116,1611.6,4,0,0,13.29
16117,1611.7,4,0,0,13.31
16118,1611.8,4,0,0,13.32
16119,1611.9,4,0,0,13.32
16120,1612,4,0,0,13.34
16121,1612.1,4,0,0,13.34
16122,1612.2,4,0,0,13.33
16123,1612.3,4,0,0,13.3
16124,1612.4,4,0,0,13.31
16125,1612.5,4,0,0,13.3
16126,1612.6,4,0,0,13.32
16127,1612.7,5,0,0,12.93
16128,1612.8,5,0,0,12.92
16129,1612.9,5,0,0,12.94
16130,1613,5,0,0,12.91
16131,1613.1,5,0,0,12.93
16132,1613.2,5,0,0,12.92
16133,1613.3,5,0,0,12.95
16134,1613.4,4,1,0,13.31
16135,1613.5,4,0,0,13.33
16136,1613.6,4,0,0,13.33
16137,1613.7,4,0,0,13.29
16138,1613.8,4,0,0,13.33
16139,1613.9,4,0,0,13.31
16140,1614,4,0,0,13.34
16141,1614.1,4,0,0,13.33
16142,1614.2,4,0,0,13.3
16143,1614.3,4,0,0,13.33
16144,1614.4,4,0,0,13.32
16145,1614.5,4,0,0,13.29
16146,1614.6,5,0,0,13.47
16147,1614.7,5,0,0,13.43
16148,1614.8,5,0,0,13.48
16149,1614.9,5,0,0,13.43
16150,1615,5,1,0,13.44
16151,1615.1,4,1,0,13.59
16152,1615.2,4,0,0,13.6
16153,1615.3,4,0,0,13.64
16154,1615.4,4,0,0,13.61
16155,1615.5,6,0,0,13
16156,1615.6,6,0,0,13
16157,1615.7,6,0,0,13.05
16158,1615.8,6,0,0,13.04
16159,1615.9,6,0,0,13.09
16160,1616,6,0,0,13.08
16161,1616.1,6,1,0,12.39
16162,1616.2,6,0,0,12.41
16163,1616.3,5,1,0,12.88
16164,1616.4,5,0,0,12.91
16165,1616.5,5,0,0,12.88
16166,1616.6,5,0,0,12.92
16167,1616.7,5,0,0,12.89
16168,1616.8,5,0,0,12.89
16169,1616.9,5,0,0,12.91
16170,1617,5,0,0,12.86
16171,1617.1,5,0,0,12.9
16172,1617.2,5,0,0,12.91
16173,1617.3,5,0,0,12.89
16174,1617.4,5,0,0,12.89
16175,1617.5,5,0,0,12.9
16176,1617.6,5,0,0,12.9
16177,1617.7,6,0,0,12.65
16178,1617.8,6,0,0,12.64
16179,1617.9,5,1,0,12.51
16180,1618,5,0,0,12.47
16181,1618.1,5,0,0,12.51
16182,1618.2,5,0,0,12.49
16183,1618.3,6,0,0,12.74
16184,1618.4,6,0,0,12.71
16185,1618.5,5,1,0,12.48
16186,1618.6,6,0,0,12.61
16187,1618.7,6,0,0,12.59
16188,1618.8,6,0,0,12.6
16189,1618.9,5,1,0,12.32
16190,1619,5,0,0,12.34
16191,1619.1,5,0,0,12.33
16192,1619.2,5,0,0,12.32
16193,1619.3,5,0,0,12.29
16194,1619.4,5,0,0,12.26
16195,1619.5,5,0,0,12.29
16196,1619.6,5,0,0,12.25
16197,1619.7,5,0,0,12.24
16198,1619.8,5,0,0,12.29
16199,1619.9,5,0,0,12.26
16200,1620,5,0,0,12.26
16201,1620.1,5,0,0,12.21
16202,1620.2,5,0,0,12.24
16203,1620.3,5,0,0,12.24
16204,1620.4,5,0,0,12.25
16205,1620.5,5,0,0,12.22
16206,1620.6,5,0,0,12.24
16207,1620.7,5,0,0,12.23
16208,1620.8,5,0,0,12.24
16209,1620.9,6,0,0,12.51
16210,1621,5,1,0,12.35
16211,1621.1,6,0,0,12.61
16212,1621.2,6,0,0,12.6
16213,1621.3,6,0,0,12.61
16214,1621.4,6,0,0,12.62
16215,1621.5,6,0,0,12.56
16216,1621.6,6,0,0,12.59
16217,1621.7,5,1,0,12.33
16218,1621.8,5,0,0,12.32
16219,1621.9,5,0,0,12.32
16220,1622,5,0,0,12.34
16221,1622.1,6,0,0,12.25
16222,1622.2,5,1,0,12.01
16223,1622.3,5,0,0,11.98
16224,1622.4,5,0,0,11.97
16225,1622.5,5,0,0,11.93
16226,1622.6,5,0,0,11.93
16227,1622.7,5,0,0,11.9
16228,1622.8,5,0,0,11.9
16229,1622.9,5,0,0,11.86
16230,1623,5,0,0,11.84
16231,1623.1,5,0,0,11.85
16232,1623.2,5,0,0,11.82
16233,1623.3,5,0,0,11.81
16234,1623.4,5,0,0,11.79
16235,1623.5,5,0,0,11.77
16236,1623.6,5,0,0,11.76
16237,1623.7,5,0,0,11.73
16238,1623.8,4,1,0,11.17
16239,1623.9,5,0,0,11.7
16240,1624,6,0,0,12.07
16241,1624.1,6,0,0,12.06
16242,1624.2,6,0,0,12.05
16243,1624.3,6,0,0,12.05
16244,1624.4,6,0,0,12.04
16245,1624.5,5,1,0,11.6
16246,1624.6,5,0,0,11.62
16247,1624.7,5,0,0,11.57
16248,1624.8,5,0,0,11.58
16249,1624.9,5,0,0,11.58
16250,1625,5,0,0,11.56
16251,1625.1,5,0,0,11.55
16252,1625.2,5,0,0,11.55
16253,1625.3,5,0,0,11.52
16254,1625.4,5,0,0,11.53
16255,1625.5,5,0,0,11.53
16256,1625.6,5,0,0,11.48
16257,1625.7,6,0,0,11.7
16258,1625.8,6,0,0,11.7
16259,1625.9,6,0,0,11.69
16260,1626,6,0,0,11.68
16261,1626.1,5,1,0,11.61
16262,1626.2,5,0,0,11.61
16263,1626.3,5,0,0,11.61
16264,1626.4,5,0,0,11.58
16265,1626.5,5,0,0,11.58
16266,1626.6,5,0,0,11.56
16267,1626.7,5,0,0,11.58
16268,1626.8,6,0,0,11.7
16269,1626.9,6,0,0,11.66
16270,1627,6,0,0,11.63
16271,1627.1,7,0,0,11.91
16272,1627.2,7,0,0,11.89
16273,1627.3,7,0,0,11.88
16274,1627.4,6,1,0,11.85
16275,1627.5,6,0,0,11.84
16276,1627.6,6,0,0,11.84
16277,1627.7,5,1,0,12.16
16278,1627.8,5,0,0,12.21
16279,1627.9,5,0,0,12.27
16280,1628,5,0,0,12.28
16281,1628.1,5,0,0,12.38
16282,1628.2,5,0,0,12.41
16283,1628.3,5,0,0,12.5
16284,1628.4,5,0,0,12.55
16285,1628.5,5,0,0,12.65
16286,1628.6,5,0,0,12.73
16287,1628.7,5,0,0,12.75
16288,1628.8,5,0,0,12.83
16289,1628.9,5,0,0,12.9
16290,1629,5,0,0,12.96
16291,1629.1,5,0,0,13.08
16292,1629.2,5,0,0,13.11
16293,1629.3,6,0,0,13.28
16294,1629.4,6,0,0,13.24
16295,1629.5,5,1,0,13.36
16296,1629.6,6,0,0,13.44
16297,1629.7,5,1,0,13.59
16298,1629.8,5,0,0,13.6
16299,1629.9,5,0,0,13.67
16300,1630,5,0,0,13.7
16301,1630.1,5,0,0,13.76
16302,1630.2,4,1,0,13.79
16303,1630.3,5,0,0,13.67
16304,1630.4,5,0,0,13.66
16305,1630.5,5,0,0,13.69
16306,1630.6,5,0,0,13.66
16307,1630.7,5,0,0,13.66
16308,1630.8,5,0,0,13.7
16309,1630.9,5,0,0,13.68
16310,1631,5,0,0,13.68
16311,1631.1,4,1,0,13.58
16312,1631.2,4,0,0,13.58
16313,1631.3,4,0,0,13.58
16314,1631.4,4,0,0,13.58
16315,1631.5,4,0,0,13.57
16316,1631.6,4,0,0,13.62
16317,1631.7,4,0,0,13.6
16318,1631.8,4,0,0,13.58
16319,1631.9,4,0,0,13.62
16320,1632,4,0,0,13.62
16321,1632.1,5,0,0,12.87
16322,1632.2,5,0,0,12.87
16323,1632.3,4,1,0,13.61
16324,1632.4,5,0,0,13.62
16325,1632.5,5,0,0,13.56
16326,1632.6,5,0,0,13.6
16327,1632.7,5,0,0,13.59
16328,1632.8,5,1,0,13.53
16329,1632.9,5,0,0,13.49
16330,1633,4,1,0,13.5
16331,1633.1,4,0,0,13.51
16332,1633.2,3,1,0,13.36
16333,1633.3,3,0,0,13.37
16334,1633.4,4,0,0,13.53
16335,1633.5,4,0,0,13.48
16336,1633.6,4,0,0,13.52
16337,1633.7,4,0,0,13.5
16338,1633.8,4,0,0,13.5
16339,1633.9,4,0,0,13.48
16340,1634,4,0,0,13.53
16341,1634.1,4,0,0,13.53
16342,1634.2,4,0,0,13.49
16343,1634.3,4,0,0,13.51
16344,1634.4,4,0,0,13.49
16345,1634.5,4,0,0,13.49
16346,1634.6,4,0,0,13.52
16347,1634.7,4,0,0,13.5
16348,1634.8,4,0,0,13.51
16349,1634.9,4,0,0,13.5
16350,1635,4,0,0,13.5
16351,1635.1,4,0,0,13.48
16352,1635.2,5,0,0,13.49
16353,1635.3,5,0,0,13.45
16354,1635.4,5,0,0,13.52
16355,1635.5,5,0,0,13.46
16356,1635.6,5,0,0,13.48
16357,1635.7,5,0,0,13.46
16358,1635.8,4,1,0,13.49
16359,1635.9,4,0,0,13.49
16360,1636,4,0,0,13.5
16361,1636.1,4,0,0,13.51
16362,1636.2,4,0,0,13.5
16363,1636.3,4,0,0,13.5
16364,1636.4,4,1,0,13.59
16365,1636.5,4,0,0,13.61
16366,1636.6,4,1,0,13.07
16367,1636.7,4,0,0,13.04
16368,1636.8,4,0,0,13.1
16369,1636.9,4,0,0,13.07
16370,1637,4,0,0,13.03
16371,1637.1,4,0,0,13.06
16372,1637.2,4,0,0,13.08
16373,1637.3,5,0,0,12.4
16374,1637.4,5,0,0,12.41
16375,1637.5,5,0,0,12.4
16376,1637.6,5,0,0,12.42
16377,1637.7,5,0,0,12.43
16378,1637.8,5,0,0,12.43
16379,1637.9,5,0,0,12.45
16380,1638,5,0,0,12.48
16381,1638.1,6,0,0,12.49
16382,1638.2,6,0,0,12.5
16383,1638.3,6,0,0,12.49
16384,1638.4,6,0,0,12.49
16385,1638.5,6,0,0,12.5
16386,1638.6,7,0,0,12.15
16387,1638.7,6,1,0,12.05
16388,1638.8,6,0,0,12.04
16389,1638.9,6,0,0,12.06
16390,1639,6,0,0,12.03
16391,1639.1,6,0,0,12.05
16392,1639.2,6,0,0,12.05
16393,1639.3,6,0,0,12.05
16394,1639.4,6,0,0,12.04
16395,1639.5,6,0,0,12.04
16396,1639.6,6,0,0,12.02
16397,1639.7,7,0,0,11.43
16398,1639.8,7,0,0,11.45
16399,1639.9,7,1,0,11.22
16400,1640,7,0,0,11.21
16401,1640.1,6,1,0,10.92
16402,1640.2,6,0,0,10.92
16403,1640.3,6,0,0,10.92
16404,1640.4,6,0,0,10.97
16405,1640.5,6,0,0,10.95
16406,1640.6,6,0,0,10.94
16407,1640.7,6,0,0,10.94
16408,1640.8,6,0,0,10.94
16409,1640.9,7,0,0,11.41
16410,1641,7,0,0,11.38
16411,1641.1,7,0,0,11.4
16412,1641.2,7,0,0,11.38
16413,1641.3,7,0,0,11.38
16414,1641.4,7,0,0,11.39
16415,1641.5,6,1,0,10.92
16416,1641.6,5,1,0,11.13
16417,1641.7,5,0,0,11.2
16418,1641.8,5,0,0,11.24
16419,1641.9,5,0,0,11.26
16420,1642,5,0,0,11.33
16421,1642.1,5,0,0,11.31
16422,1642.2,5,0,0,11.3
16423,1642.3,5,0,0,11.32
16424,1642.4,5,0,0,11.3
16425,1642.5,5,0,0,11.33
16426,1642.6,4,1,0,10.67
16427,1642.7,4,0,0,10.66
16428,1642.8,4,0,0,10.7
16429,1642.9,5,0,0,10.79
16430,1643,5,0,0,10.82
16431,1643.1,5,0,0,10.8
16432,1643.2,5,0,0,10.83
16433,1643.3,5,0,0,10.8
16434,1643.4,5,0,0,10.81
16435,1643.5,6,0,0,11.35
16436,1643.6,6,0,0,11.36
16437,1643.7,7,0,0,11.63
16438,1643.8,7,0,0,11.61
16439,1643.9,6,1,0,11.53
16440,1644,6,0,0,11.54
16441,1644.1,6,0,0,11.55
16442,1644.2,6,0,0,11.52
16443,1644.3,5,1,0,11.19
16444,1644.4,5,0,0,11.18
16445,1644.5,5,0,0,11.22
16446,1644.6,5,0,0,11.21
16447,1644.7,5,0,0,11.2
16448,1644.8,5,0,0,11.19
16449,1644.9,5,0,0,11.22
16450,1645,5,0,0,11.19
16451,1645.1,5,0,0,11.23
16452,1645.2,5,0,0,11.18
16453,1645.3,5,0,0,11.19
16454,1645.4,5,0,0,11.17
16455,1645.5,5,0,0,11.21
16456,1645.6,5,0,0,11.22
16457,1645.7,5,0,0,11.19
16458,1645.8,5,0,0,11.22
16459,1645.9,5,0,0,11.25
16460,1646,6,0,0,11.64
16461,1646.1,6,0,0,11.62
16462,1646.2,6,0,0,11.62
16463,1646.3,6,0,0,11.63
16464,1646.4,6,0,0,11.62
16465,1646.5,7,0,0,11.99
16466,1646.6,7,0,0,11.96
16467,1646.7,7,0,0,11.95
16468,1646.8,7,0,0,11.98
16469,1646.9,7,0,0,11.98
16470,1647,7,1,0,11.98
16471,1647.1,6,1,0,11.63
16472,1647.2,6,0,0,11.63
16473,1647.3,6,0,0,11.64
16474,1647.4,6,0,0,11.64
16475,1647.5,6,0,0,11.62
16476,1647.6,6,0,0,11.61
16477,1647.7,6,0,0,11.62
16478,1647.8,6,0,0,11.62
16479,1647.9,5,1,0,11.66
16480,1648,5,0,0,11.67
16481,1648.1,6,0,0,11.37
16482,1648.2,6,0,0,11.34
16483,1648.3,5,1,0,11.64
16484,1648.4,5,0,0,11.61
16485,1648.5,5,0,0,11.61
16486,1648.6,5,0,0,11.59
16487,1648.7,5,0,0,11.55
16488,1648.8,5,0,0,11.57
16489,1648.9,5,0,0,11.53
16490,1649,5,0,0,11.48
16491,1649.1,5,0,0,11.47
16492,1649.2,6,0,0,11.82
16493,1649.3,6,0,0,11.82
16494,1649.4,7,0,0,12.1
16495,1649.5,7,0,0,12.05
16496,1649.6,7,0,0,12.05
16497,1649.7,7,0,0,12.05
16498,1649.8,7,0,0,12.03
16499,1649.9,7,0,0,12.02
16500,1650,6,1,0,11.7
16501,1650.1,6,0,0,11.69
16502,1650.2,6,0,0,11.67
16503,1650.3,6,0,0,11.66
16504,1650.4,6,0,0,11.64
16505,1650.5,5,1,0,11.19
16506,1650.6,6,0,0,11.63
16507,1650.7,6,0,0,11.57
16508,1650.8,5,1,0,11.93
16509,1650.9,5,0,0,11.9
16510,1651,5,0,0,11.93
16511,1651.1,5,0,0,11.99
16512,1651.2,5,0,0,12.07
16513,1651.3,5,0,0,12.1
16514,1651.4,5,0,0,12.19
16515,1651.5,5,0,0,12.25
16516,1651.6,5,0,0,12.33
16517,1651.7,5,0,0,12.41
16518,1651.8,5,0,0,12.45
16519,1651.9,5,0,0,12.49
16520,1652,5,0,0,12.48
16521,1652.1,5,0,0,12.53
16522,1652.2,6,0,0,12.68
16523,1652.3,7,0,0,12.65
16524,1652.4,7,0,0,12.69
16525,1652.5,7,0,0,12.74
16526,1652.6,7,0,0,12.73
16527,1652.7,7,0,0,12.76
16528,1652.8,5,2,0,12.61
16529,1652.9,5,0,0,12.6
16530,1653,5,0,0,12.58
16531,1653.1,5,0,0,12.58
16532,1653.2,5,0,0,12.57
16533,1653.3,5,0,0,12.58
16534,1653.4,5,0,0,12.58
16535,1653.5,5,0,0,12.57
16536,1653.6,5,0,0,12.58
16537,1653.7,5,0,0,12.55
16538,1653.8,5,0,0,12.56
16539,1653.9,5,0,0,12.55
16540,1654,5,0,0,12.56
16541,1654.1,4,1,0,12.23
16542,1654.2,5,0,0,12.56
16543,1654.3,5,0,0,12.56
16544,1654.4,5,0,0,12.55
16545,1654.5,4,1,0,12.88
16546,1654.6,4,0,0,12.96
16547,1654.7,4,0,0,12.99
16548,1654.8,4,0,0,13.04
16549,1654.9,4,0,0,13.07
16550,1655,5,0,0,13.32
16551,1655.1,5,0,0,13.3
16552,1655.2,5,0,0,13.37
16553,1655.3,5,0,0,13.41
16554,1655.4,5,0,0,13.44
16555,1655.5,6,0,0,13.58
16556,1655.6,5,1,0,13.5
16557,1655.7,5,0,0,13.5
16558,1655.8,5,0,0,13.52
16559,1655.9,5,0,0,13.48
16560,1656,5,0,0,13.48
16561,1656.1,4,1,0,13.4
16562,1656.2,4,0,0,13.44
16563,1656.3,4,0,0,13.39
16564,1656.4,4,0,0,13.45
16565,1656.5,4,0,0,13.43
16566,1656.6,4,0,0,13.44
16567,1656.7,4,0,0,13.42
16568,1656.8,4,0,0,13.43
16569,1656.9,4,0,0,13.43
16570,1657,4,0,0,13.48
16571,1657.1,4,0,0,13.47
16572,1657.2,4,0,0,13.46
16573,1657.3,4,0,0,13.43
16574,1657.4,4,0,0,13.48
16575,1657.5,4,0,0,13.41
16576,1657.6,4,0,0,13.47
16577,1657.7,4,1,0,13.45
16578,1657.8,5,0,0,13.55
16579,1657.9,5,0,0,13.55
16580,1658,5,0,0,13.53
16581,1658.1,5,0,0,13.54
16582,1658.2,5,0,0,13.52
16583,1658.3,5,0,0,13.51
16584,1658.4,4,1,0,13.45
16585,1658.5,4,0,0,13.44
16586,1658.6,4,1,0,13.57
16587,1658.7,4,0,0,13.53
16588,1658.8,4,0,0,13.57
16589,1658.9,4,0,0,13.54
16590,1659,4,0,0,13.56
16591,1659.1,4,0,0,13.55
16592,1659.2,4,0,0,13.56
16593,1659.3,4,0,0,13.55
16594,1659.4,4,0,0,13.51
16595,1659.5,4,0,0,13.53
16596,1659.6,4,0,0,13.52
16597,1659.7,4,0,0,13.51
16598,1659.8,4,0,0,13.57
16599,1659.9,4,0,0,13.56
16600,1660,4,0,0,13.53
16601,1660.1,4,0,0,13.52
16602,1660.2,4,0,0,13.55
16603,1660.3,4,0,0,13.54
16604,1660.4,4,0,0,13.56
16605,1660.5,4,0,0,13.53
16606,1660.6,4,0,0,13.53
16607,1660.7,5,0,0,13.03
16608,1660.8,5,0,0,13.03
16609,1660.9,5,0,0,13.04
16610,1661,5,0,0,13.05
16611,1661.1,5,0,0,13.04
16612,1661.2,4,1,0,12.87
16613,1661.3,5,0,0,12.84
16614,1661.4,4,1,0,13.28
16615,1661.5,4,0,0,13.3
16616,1661.6,4,0,0,13.26
16617,1661.7,5,0,0,12.61
16618,1661.8,5,0,0,12.6
16619,1661.9,5,0,0,12.6
16620,1662,5,0,0,12.61
16621,1662.1,5,0,0,12.62
16622,1662.2,5,0,0,12.63
16623,1662.3,5,0,0,12.62
16624,1662.4,5,0,0,12.61
16625,1662.5,5,1,0,11.47
16626,1662.6,5,0,0,11.47
16627,1662.7,5,0,0,11.46
16628,1662.8,5,0,0,11.49
16629,1662.9,5,0,0,11.57
16630,1663,5,0,0,11.55
16631,1663.1,5,0,0,11.57
16632,1663.2,5,0,0,11.6
16633,1663.3,5,0,0,11.61
16634,1663.4,5,0,0,11.64
16635,1663.5,6,0,0,11.9
16636,1663.6,6,0,0,11.9
16637,1663.7,6,0,0,11.88
16638,1663.8,6,0,0,11.92
16639,1663.9,6,0,0,11.91
16640,1664,6,0,0,11.94
16641,1664.1,6,1,0,11.42
16642,1664.2,6,0,0,11.45
16643,1664.3,5,1,0,11.76
16644,1664.4,5,0,0,11.78
16645,1664.5,5,0,0,11.81
16646,1664.6,5,0,0,11.8
16647,1664.7,4,1,0,11.29
16648,1664.8,5,0,0,11.6
16649,1664.9,6,0,0,11.27
16650,1665,6,0,0,11.29
16651,1665.1,5,1,0,11
16652,1665.2,5,0,0,11.01
16653,1665.3,5,0,0,10.99
16654,1665.4,5,0,0,11.03
16655,1665.5,5,0,0,11.03
16656,1665.6,5,0,0,11.05
16657,1665.7,5,0,0,11.04
16658,1665.8,5,0,0,11.08
16659,1665.9,5,0,0,11.06
16660,1666,5,0,0,11.04
16661,1666.1,5,0,0,11.08
16662,1666.2,5,0,0,11.08
16663,1666.3,6,0,0,11.34
16664,1666.4,6,0,0,11.36
16665,1666.5,6,0,0,11.34
16666,1666.6,6,0,0,11.37
16667,1666.7,6,0,0,11.36
16668,1666.8,6,0,0,11.38
16669,1666.9,5,1,0,11.16
16670,1667,5,0,0,11.12
16671,1667.1,5,0,0,11.11
16672,1667.2,5,0,0,11.11
16673,1667.3,5,0,0,11.13
16674,1667.4,5,0,0,11.14
16675,1667.5,5,0,0,11.15
16676,1667.6,5,0,0,11.15
16677,1667.7,5,0,0,11.13
16678,1667.8,4,1,0,10.46
16679,1667.9,4,0,0,10.45
16680,1668,4,0,0,10.47
16681,1668.1,5,0,0,11.13
16682,1668.2,5,0,0,11.12
16683,1668.3,5,0,0,11.13
16684,1668.4,6,0,0,11.58
16685,1668.5,6,0,0,11.55
16686,1668.6,5,1,0,11.28
16687,1668.7,5,0,0,11.27
16688,1668.8,5,0,0,11.25
16689,1668.9,5,0,0,11.2
16690,1669,5,0,0,11.21
16691,1669.1,6,0,0,11.47
16692,1669.2,6,0,0,11.45
16693,1669.3,6,0,0,11.43
16694,1669.4,6,0,0,11.45
16695,1669.5,6,0,0,11.41
16696,1669.6,6,0,0,11.39
16697,1669.7,5,1,0,11.15
16698,1669.8,5,0,0,11.13
16699,1669.9,5,0,0,11.11
16700,1670,5,0,0,11.12
16701,1670.1,5,0,0,11.09
16702,1670.2,5,0,0,11.05
16703,1670.3,5,0,0,11.06
16704,1670.4,5,0,0,11.05
16705,1670.5,5,0,0,11.04
16706,1670.6,5,0,0,11.02
16707,1670.7,5,0,0,11.01
16708,1670.8,5,0,0,11.02
16709,1670.9,5,0,0,11.04
16710,1671,5,0,0,11.03
16711,1671.1,5,0,0,11.01
16712,1671.2,6,0,0,11.45
16713,1671.3,6,0,0,11.41
16714,1671.4,6,0,0,11.43
16715,1671.5,6,0,0,11.42
16716,1671.6,6,0,0,11.4
16717,1671.7,6,0,0,11.41
16718,1671.8,6,0,0,11.38
16719,1671.9,6,1,0,11.14
16720,1672,7,0,0,11.55
16721,1672.1,7,0,0,11.56
16722,1672.2,7,0,0,11.52
16723,1672.3,7,0,0,11.54
16724,1672.4,7,0,0,11.56
16725,1672.5,7,0,0,11.52
16726,1672.6,6,1,0,11.12
16727,1672.7,6,0,0,11.15
16728,1672.8,6,0,0,11.13
16729,1672.9,6,0,0,11.11
16730,1673,6,0,0,11.09
16731,1673.1,6,0,0,11.08
16732,1673.2,6,0,0,11.09
16733,1673.3,6,0,0,11.1
16734,1673.4,6,0,0,11.09
16735,1673.5,6,0,0,11.06
16736,1673.6,6,0,0,11.07
16737,1673.7,6,0,0,11.07
16738,1673.8,6,0,0,11.09
16739,1673.9,5,1,0,11.27
16740,1674,5,0,0,11.35
16741,1674.1,5,0,0,11.41
16742,1674.2,5,0,0,11.52
16743,1674.3,5,0,0,11.63
16744,1674.4,6,0,0,12.02
16745,1674.5,6,0,0,12.07
16746,1674.6,6,0,0,12.14
16747,1674.7,6,0,0,12.22
16748,1674.8,7,0,0,12.57
16749,1674.9,7,0,0,12.6
16750,1675,7,0,0,12.7
16751,1675.1,7,0,0,12.76
16752,1675.2,7,0,0,12.82
16753,1675.3,7,0,0,12.88
16754,1675.4,6,1,0,12.81
16755,1675.5,7,0,0,13.05
16756,1675.6,7,0,0,13.1
16757,1675.7,7,0,0,13.15
16758,1675.8,5,2,0,13.31
16759,1675.9,5,0,0,13.33
16760,1676,5,0,0,13.41
16761,1676.1,5,0,0,13.48
16762,1676.2,5,0,0,13.56
16763,1676.3,5,0,0,13.62
16764,1676.4,5,0,0,13.66
16765,1676.5,5,0,0,13.69
16766,1676.6,5,0,0,13.68
16767,1676.7,5,0,0,13.71
16768,1676.8,5,0,0,13.71
16769,1676.9,5,0,0,13.68
16770,1677,5,0,0,13.73
16771,1677.1,4,1,0,13.66
16772,1677.2,4,0,0,13.7
16773,1677.3,4,0,0,13.76
16774,1677.4,5,0,0,13.01
16775,1677.5,6,0,0,13.15
16776,1677.6,7,0,0,13.26
16777,1677.7,7,0,0,13.24
16778,1677.8,7,0,0,13.27
16779,1677.9,7,0,0,13.25
16780,1678,7,0,0,13.26
16781,1678.1,7,0,0,13.24
16782,1678.2,6,1,0,13.12
16783,1678.3,6,0,0,13.14
16784,1678.4,6,0,0,13.13
16785,1678.5,6,0,0,13.12
16786,1678.6,5,1,0,12.96
16787,1678.7,5,0,0,12.96
16788,1678.8,5,0,0,12.98
16789,1678.9,5,0,0,12.96
16790,1679,4,1,0,12.82
16791,1679.1,5,0,0,12.23
16792,1679.2,5,0,0,12.24
16793,1679.3,5,0,0,12.24
16794,1679.4,5,0,0,12.24
16795,1679.5,5,0,0,12.23
16796,1679.6,5,0,0,12.23
16797,1679.7,5,0,0,12.21
16798,1679.8,5,0,0,12.19
16799,1679.9,5,0,0,12.21
16800,1680,5,0,0,12.2
16801,1680.1,6,0,0,11.88
16802,1680.2,6,0,0,11.83
16803,1680.3,5,1,0,12.22
16804,1680.4,6,0,0,12.53
16805,1680.5,6,0,0,12.52
16806,1680.6,6,1,0,12.45
16807,1680.7,6,0,0,12.44
16808,1680.8,6,0,0,12.45
16809,1680.9,6,0,0,12.45
16810,1681,5,1,0,12.12
16811,1681.1,5,0,0,12.15
16812,1681.2,5,0,0,12.14
16813,1681.3,5,0,0,12.15
16814,1681.4,5,0,0,12.14
16815,1681.5,5,0,0,12.12
16816,1681.6,5,0,0,12.16
16817,1681.7,4,1,0,12.72
16818,1681.8,4,0,0,12.75
16819,1681.9,4,0,0,12.8
16820,1682,4,0,0,12.87
16821,1682.1,4,0,0,12.85
16822,1682.2,4,0,0,12.93
16823,1682.3,4,0,0,13.01
16824,1682.4,4,0,0,13.04
16825,1682.5,4,0,0,13.11
16826,1682.6,5,0,0,13.35
16827,1682.7,5,0,0,13.34
16828,1682.8,5,0,0,13.36
16829,1682.9,5,0,0,13.4
16830,1683,5,0,0,13.45
16831,1683.1,5,0,0,13.51
16832,1683.2,5,0,0,13.55
16833,1683.3,6,0,0,13.42
16834,1683.4,6,0,0,13.43
16835,1683.5,6,0,0,13.45
16836,1683.6,5,1,0,13.48
16837,1683.7,4,1,0,13.44
16838,1683.8,5,0,0,12.93
16839,1683.9,4,1,0,13.02
16840,1684,4,0,0,13.01
16841,1684.1,4,0,0,13.04
16842,1684.2,4,0,0,13.02
16843,1684.3,4,0,0,13.01
16844,1684.4,4,0,0,13.01
16845,1684.5,4,0,0,12.99
16846,1684.6,4,0,0,12.99
16847,1684.7,4,0,0,13.01
16848,1684.8,4,0,0,13.05
16849,1684.9,4,0,0,13.04
16850,1685,5,0,0,11.9
16851,1685.1,5,0,0,11.88
16852,1685.2,5,0,0,11.9
16853,1685.3,5,0,0,11.89
16854,1685.4,5,0,0,11.91
16855,1685.5,5,0,0,11.96
16856,1685.6,5,0,0,11.96
16857,1685.7,5,0,0,11.99
16858,1685.8,5,0,0,12.01
16859,1685.9,5,0,0,12.05
16860,1686,5,0,0,12.06
16861,1686.1,5,1,0,12.06
16862,1686.2,6,0,0,12.39
16863,1686.3,6,0,0,12.38
16864,1686.4,6,0,0,12.41
16865,1686.5,6,0,0,12.41
16866,1686.6,6,0,0,12.44
16867,1686.7,4,2,0,11.71
16868,1686.8,4,0,0,11.71
16869,1686.9,5,0,0,11.13
16870,1687,5,0,0,11.16
16871,1687.1,5,0,0,11.17
16872,1687.2,5,0,0,11.2
16873,1687.3,5,0,0,11.22
16874,1687.4,5,0,0,11.28
16875,1687.5,5,0,0,11.27
16876,1687.6,5,0,0,11.33
16877,1687.7,5,0,0,11.33
16878,1687.8,5,0,0,11.38
16879,1687.9,5,0,0,11.42
16880,1688,5,0,0,11.45
16881,1688.1,5,0,0,11.45
16882,1688.2,5,0,0,11.45
16883,1688.3,5,0,0,11.46
16884,1688.4,5,0,0,11.5
16885,1688.5,5,0,0,11.48
16886,1688.6,5,0,0,11.52
16887,1688.7,5,0,0,11.52
16888,1688.8,5,0,0,11.56
16889,1688.9,6,0,0,11.92
16890,1689,6,0,0,11.93
16891,1689.1,6,0,0,11.93
16892,1689.2,6,0,0,11.95
16893,1689.3,6,0,0,11.95
16894,1689.4,6,0,0,11.94
16895,1689.5,5,1,0,11.57
16896,1689.6,5,0,0,11.58
16897,1689.7,5,1,0,11.34
16898,1689.8,5,0,0,11.3
16899,1689.9,5,0,0,11.3
16900,1690,5,0,0,11.32
16901,1690.1,6,0,0,11.67
16902,1690.2,6,0,0,11.67
16903,1690.3,5,1,0,11.37
16904,1690.4,5,0,0,11.32
16905,1690.5,5,0,0,11.3
16906,1690.6,5,0,0,11.28
16907,1690.7,5,0,0,11.26
16908,1690.8,5,0,0,11.3
16909,1690.9,5,0,0,11.26
16910,1691,5,0,0,11.24
16911,1691.1,5,0,0,11.25
16912,1691.2,5,0,0,11.19
16913,1691.3,5,0,0,11.19
16914,1691.4,5,0,0,11.19
16915,1691.5,5,0,0,11.18
16916,1691.6,5,0,0,11.17
16917,1691.7,6,0,0,11.6
16918,1691.8,6,0,0,11.6
16919,1691.9,6,0,0,11.6
16920,1692,6,0,0,11.6
16921,1692.1,6,0,0,11.58
16922,1692.2,6,0,0,11.59
16923,1692.3,5,1,0,11.08
16924,1692.4,5,0,0,11.09
16925,1692.5,5,0,0,11.06
16926,1692.6,5,0,0,11.06
16927,1692.7,5,0,0,11.05
16928,1692.8,5,0,0,11.05
16929,1692.9,5,0,0,11.03
16930,1693,5,0,0,11.02
16931,1693.1,5,0,0,11.01
16932,1693.2,6,0,0,11.36
16933,1693.3,7,0,0,11.68
16934,1693.4,7,0,0,11.65
16935,1693.5,6,1,0,11.46
16936,1693.6,6,0,0,11.45
16937,1693.7,6,0,0,11.45
16938,1693.8,6,0,0,11.42
16939,1693.9,6,0,0,11.44
16940,1694,6,0,0,11.44
16941,1694.1,6,0,0,11.43
16942,1694.2,6,0,0,11.42
16943,1694.3,6,0,0,11.41
16944,1694.4,6,0,0,11.43
16945,1694.5,7,0,0,11.76
16946,1694.6,7,0,0,11.75
16947,1694.7,7,0,0,11.73
16948,1694.8,7,0,0,11.72
16949,1694.9,7,0,0,11.72
16950,1695,7,0,0,11.72
16951,1695.1,6,1,0,11.4
16952,1695.2,6,0,0,11.35
16953,1695.3,6,0,0,11.37
16954,1695.4,5,1,0,11.45
16955,1695.5,5,0,0,11.45
16956,1695.6,5,0,0,11.43
16957,1695.7,5,0,0,11.42
16958,1695.8,5,0,0,11.4
16959,1695.9,5,0,0,11.39
16960,1696,5,0,0,11.38
16961,1696.1,6,0,0,11.16
16962,1696.2,6,0,0,11.17
16963,1696.3,5,1,0,11.42
16964,1696.4,6,0,0,11.84
16965,1696.5,6,0,0,11.82
16966,1696.6,6,0,0,11.79
16967,1696.7,6,0,0,11.84
16968,1696.8,7,0,0,12.13
16969,1696.9,6,1,0,11.87
16970,1697,6,0,0,11.88
16971,1697.1,6,0,0,11.85
16972,1697.2,6,0,0,11.85
16973,1697.3,6,0,0,11.89
16974,1697.4,7,0,0,12.16
16975,1697.5,7,0,0,12.14
16976,1697.6,7,0,0,12.17
16977,1697.7,6,1,0,12.52
16978,1697.8,6,0,0,12.57
16979,1697.9,6,0,0,12.64
16980,1698,5,1,0,12.46
16981,1698.1,5,0,0,12.51
16982,1698.2,5,0,0,12.56
16983,1698.3,5,0,0,12.66
16984,1698.4,5,0,0,12.68
16985,1698.5,5,0,0,12.74
16986,1698.6,5,0,0,12.86
16987,1698.7,5,0,0,12.94
16988,1698.8,5,0,0,13.04
16989,1698.9,5,0,0,13.11
16990,1699,5,0,0,13.16
16991,1699.1,5,0,0,13.21
16992,1699.2,5,0,0,13.27
16993,1699.3,5,0,0,13.34
16994,1699.4,5,0,0,13.41
16995,1699.5,6,0,0,13.41
16996,1699.6,5,1,0,13.37
16997,1699.7,5,0,0,13.44
16998,1699.8,5,0,0,13.44
16999,1699.9,5,0,0,13.41
17000,1700,5,0,0,13.42
17001,1700.1,5,0,0,13.42
17002,1700.2,6,0,0,13.54
17003,1700.3,5,1,0,13.44
17004,1700.4,6,0,0,13.5
17005,1700.5,6,0,0,13.49
17006,1700.6,6,0,0,13.5
17007,1700.7,6,0,0,13.47
17008,1700.8,5,1,0,13.39
17009,1700.9,5,0,0,13.41
17010,1701,4,1,0,13.38
17011,1701.1,4,0,0,13.39
17012,1701.2,4,0,0,13.36
17013,1701.3,4,0,0,13.39
17014,1701.4,4,0,0,13.39
17015,1701.5,4,0,0,13.39
17016,1701.6,4,0,0,13.41
17017,1701.7,4,0,0,13.38
17018,1701.8,4,0,0,13.39
17019,1701.9,4,0,0,13.41
17020,1702,4,0,0,13.38
17021,1702.1,4,0,0,13.42
17022,1702.2,4,0,0,13.38
17023,1702.3,4,0,0,13.37
17024,1702.4,4,0,0,13.41
17025,1702.5,4,0,0,13.39
17026,1702.6,4,0,0,13.4
17027,1702.7,5,0,0,13.06
17028,1702.8,5,0,0,13.06
17029,1702.9,5,0,0,13.05
17030,1703,5,1,0,12.88
17031,1703.1,5,0,0,12.87
17032,1703.2,5,0,0,12.88
17033,1703.3,5,0,0,12.86
17034,1703.4,5,0,0,12.89
17035,1703.5,5,0,0,12.86
17036,1703.6,4,1,0,13.09
17037,1703.7,4,0,0,13.1
17038,1703.8,4,0,0,13.11
17039,1703.9,3,1,0,12.91
17040,1704,4,0,0,12.71
17041,1704.1,4,0,0,12.7
17042,1704.2,4,0,0,12.72
17043,1704.3,4,0,0,12.67
17044,1704.4,4,0,0,12.71
17045,1704.5,4,0,0,12.67
17046,1704.6,4,0,0,12.73
17047,1704.7,4,0,0,12.68
17048,1704.8,4,0,0,12.73
17049,1704.9,4,0,0,12.68
17050,1705,4,0,0,12.72
17051,1705.1,4,0,0,12.71
17052,1705.2,4,0,0,12.71
17053,1705.3,4,0,0,12.71
17054,1705.4,4,0,0,12.68
17055,1705.5,4,0,0,12.71
17056,1705.6,3,1,0,12.33
17057,1705.7,3,0,0,12.27
17058,1705.8,5,0,0,12.91
17059,1705.9,5,0,0,12.91
17060,1706,5,0,0,12.84
17061,1706.1,5,0,0,12.89
17062,1706.2,5,0,0,12.86
17063,1706.3,5,0,0,12.87
17064,1706.4,4,1,0,12.7
17065,1706.5,4,0,0,12.7
17066,1706.6,4,0,0,12.72
17067,1706.7,4,0,0,12.69
17068,1706.8,4,0,0,12.72
17069,1706.9,4,0,0,12.7
17070,1707,4,0,0,12.73
17071,1707.1,4,0,0,12.71
17072,1707.2,4,0,0,12.75
17073,1707.3,4,0,0,12.74
17074,1707.4,4,0,0,12.67
17075,1707.5,5,0,0,12.86
17076,1707.6,5,0,0,12.86
17077,1707.7,5,0,0,12.84
17078,1707.8,6,0,0,12.37
17079,1707.9,5,1,0,12.41
17080,1708,5,0,0,12.42
17081,1708.1,5,0,0,12.43
17082,1708.2,5,0,0,12.4
17083,1708.3,5,0,0,12.38
17084,1708.4,5,0,0,12.41
17085,1708.5,5,0,0,12.4
17086,1708.6,5,0,0,12.42
17087,1708.7,6,0,0,12.37
17088,1708.8,6,0,0,12.34
17089,1708.9,6,0,0,12.36
17090,1709,7,0,0,11.78
17091,1709.1,7,0,0,11.75
17092,1709.2,7,0,0,11.77
17093,1709.3,6,1,0,11.71
17094,1709.4,5,1,0,11.5
17095,1709.5,5,0,0,11.51
17096,1709.6,5,0,0,11.55
17097,1709.7,5,0,0,11.53
17098,1709.8,5,0,0,11.54
17099,1709.9,5,0,0,11.58
17100,1710,5,0,0,11.58
17101,1710.1,5,0,0,11.57
17102,1710.2,5,0,0,11.56
17103,1710.3,5,0,0,11.58
17104,1710.4,5,0,0,11.61
17105,1710.5,5,0,0,11.58
17106,1710.6,5,0,0,11.59
17107,1710.7,5,0,0,11.58
17108,1710.8,5,0,0,11.59
17109,1710.9,5,0,0,11.58
17110,1711,5,0,0,11.56
17111,1711.1,5,1,0,11.67
17112,1711.2,5,0,0,11.65
17113,1711.3,5,0,0,11.65
17114,1711.4,5,0,0,11.66
17115,1711.5,6,0,0,12
17116,1711.6,6,0,0,11.98
17117,1711.7,6,0,0,11.99
17118,1711.8,6,0,0,11.98
17119,1711.9,6,0,0,11.99
17120,1712,6,0,0,11.98
17121,1712.1,7,1,0,11.54
17122,1712.2,7,0,0,11.55
17123,1712.3,6,1,0,11.81
17124,1712.4,6,0,0,11.8
17125,1712.5,6,0,0,11.78
17126,1712.6,6,0,0,11.75
17127,1712.7,6,0,0,11.72
17128,1712.8,6,0,0,11.71
17129,1712.9,6,0,0,11.71
17130,1713,6,0,0,11.71
17131,1713.1,6,0,0,11.65
17132,1713.2,6,0,0,11.64
17133,1713.3,6,0,0,11.62
17134,1713.4,6,0,0,11.64
17135,1713.5,5,1,0,11.63
17136,1713.6,5,0,0,11.63
17137,1713.7,5,0,0,11.65
17138,1713.8,5,0,0,11.68
17139,1713.9,5,0,0,11.73
17140,1714,5,0,0,11.73
17141,1714.1,5,0,0,11.77
17142,1714.2,5,0,0,11.75
17143,1714.3,6,0,0,12.13
17144,1714.4,6,0,0,12.12
17145,1714.5,6,0,0,12.14
17146,1714.6,6,1,0,12.15
17147,1714.7,6,0,0,12.13
17148,1714.8,6,0,0,12.1
17149,1714.9,5,1,0,11.72
17150,1715,5,0,0,11.74
17151,1715.1,4,1,0,11.15
17152,1715.2,4,0,0,11.14
17153,1715.3,5,0,0,11.73
17154,1715.4,5,0,0,11.7
17155,1715.5,5,0,0,11.7
17156,1715.6,5,0,0,11.71
17157,1715.7,5,0,0,11.7
17158,1715.8,5,0,0,11.69
17159,1715.9,5,0,0,11.69
17160,1716,5,0,0,11.69
17161,1716.1,5,0,0,11.64
17162,1716.2,5,0,0,11.66
17163,1716.3,5,0,0,11.68
17164,1716.4,5,0,0,11.67
17165,1716.5,5,0,0,11.66
17166,1716.6,5,0,0,11.66
17167,1716.7,5,0,0,11.67
17168,1716.8,5,0,0,11.69
17169,1716.9,5,0,0,11.62
17170,1717,5,0,0,11.64
17171,1717.1,6,0,0,12.07
17172,1717.2,6,0,0,12.02
17173,1717.3,6,0,0,12
17174,1717.4,6,0,0,12
17175,1717.5,6,0,0,12.01
17176,1717.6,6,0,0,12
17177,1717.7,5,1,0,11.59
17178,1717.8,5,0,0,11.57
17179,1717.9,5,0,0,11.56
17180,1718,5,0,0,11.57
17181,1718.1,4,1,0,10.95
17182,1718.2,5,0,0,11.33
17183,1718.3,5,0,0,11.28
17184,1718.4,6,0,0,11.68
17185,1718.5,6,0,0,11.66
17186,1718.6,6,0,0,11.67
17187,1718.7,6,0,0,11.66
17188,1718.8,6,0,0,11.63
17189,1718.9,6,0,0,11.6
17190,1719,6,0,0,11.59
17191,1719.1,6,0,0,11.59
17192,1719.2,7,0,0,11.21
17193,1719.3,7,0,0,11.2
17194,1719.4,7,0,0,11.19
17195,1719.5,7,0,0,11.18
17196,1719.6,7,0,0,11.16
17197,1719.7,7,0,0,11.18
17198,1719.8,7,0,0,11.18
17199,1719.9,7,0,0,11.17
17200,1720,7,1,0,11.75
17201,1720.1,7,0,0,11.77
17202,1720.2,7,0,0,11.82
17203,1720.3,7,0,0,11.9
17204,1720.4,7,0,0,11.96
17205,1720.5,7,0,0,12.05
17206,1720.6,6,1,0,11.83
17207,1720.7,6,0,0,11.86
17208,1720.8,6,0,0,11.9
17209,1720.9,6,0,0,11.93
17210,1721,6,0,0,11.93
17211,1721.1,6,0,0,11.93
17212,1721.2,6,0,0,11.93
17213,1721.3,6,0,0,11.92
17214,1721.4,6,0,0,11.92
17215,1721.5,6,0,0,11.92
17216,1721.6,7,0,0,12.18
17217,1721.7,8,0,0,12.17
17218,1721.8,8,0,0,12.16
17219,1721.9,7,1,0,12.06
17220,1722,7,0,0,12.02
17221,1722.1,6,1,0,12.14
17222,1722.2,6,0,0,12.16
17223,1722.3,6,0,0,12.18
17224,1722.4,6,0,0,12.24
17225,1722.5,6,0,0,12.3
17226,1722.6,6,0,0,12.36
17227,1722.7,6,0,0,12.36
17228,1722.8,7,0,0,12.66
17229,1722.9,7,0,0,12.71
17230,1723,7,0,0,12.73
17231,1723.1,7,0,0,12.76
17232,1723.2,7,0,0,12.83
17233,1723.3,7,0,0,12.85
17234,1723.4,6,1,0,12.74
17235,1723.5,4,2,0,13.13
17236,1723.6,4,0,0,13.24
17237,1723.7,4,0,0,13.26
17238,1723.8,4,0,0,13.34
17239,1723.9,4,0,0,13.39
17240,1724,4,0,0,13.4
17241,1724.1,4,0,0,13.51
17242,1724.2,4,0,0,13.57
17243,1724.3,4,0,0,13.58
17244,1724.4,4,0,0,13.63
17245,1724.5,4,0,0,13.7
17246,1724.6,4,0,0,13.75
17247,1724.7,5,0,0,13.28
17248,1724.8,5,0,0,13.3
17249,1724.9,5,0,0,13.29
17250,1725,4,1,0,13.13
17251,1725.1,4,0,0,13.12
17252,1725.2,4,0,0,13.14
17253,1725.3,5,0,0,13.31
17254,1725.4,5,0,0,13.31
17255,1725.5,5,0,0,13.32
17256,1725.6,5,1,0,13.1
17257,1725.7,5,0,0,13.08
17258,1725.8,5,0,0,13.08
17259,1725.9,5,0,0,13.04
17260,1726,5,0,0,13.03
17261,1726.1,5,0,0,13.06
17262,1726.2,4,1,0,13.19
17263,1726.3,4,0,0,13.21
17264,1726.4,4,0,0,13.17
17265,1726.5,4,0,0,13.18
17266,1726.6,4,0,0,13.17
17267,1726.7,4,0,0,13.18
17268,1726.8,4,0,0,13.15
17269,1726.9,4,0,0,13.17
17270,1727,4,0,0,13.18
17271,1727.1,4,0,0,13.18
17272,1727.2,4,0,0,13.15
17273,1727.3,4,0,0,13.19
17274,1727.4,4,0,0,13.21
17275,1727.5,4,0,0,13.17
17276,1727.6,3,1,0,12.93
17277,1727.7,3,0,0,12.93
17278,1727.8,3,0,0,12.88
17279,1727.9,4,0,0,13.16
17280,1728,4,0,0,13.15
17281,1728.1,5,0,0,12.5
17282,1728.2,5,0,0,12.51
17283,1728.3,4,1,0,13.11
17284,1728.4,5,0,0,13.29
17285,1728.5,5,0,0,13.29
17286,1728.6,5,0,0,13.28
17287,1728.7,5,0,0,13.28
17288,1728.8,4,1,0,13.1
17289,1728.9,5,0,0,13.08
17290,1729,4,1,0,12.82
17291,1729.1,4,0,0,12.83
17292,1729.2,4,0,0,12.83
17293,1729.3,4,0,0,12.81
17294,1729.4,4,0,0,12.82
17295,1729.5,4,0,0,12.84
17296,1729.6,4,0,0,12.83
17297,1729.7,4,0,0,12.79
17298,1729.8,4,0,0,12.81
17299,1729.9,4,0,0,12.82
17300,1730,4,0,0,12.84
17301,1730.1,4,0,0,12.83
17302,1730.2,4,0,0,12.81
17303,1730.3,4,0,0,12.83
17304,1730.4,4,0,0,12.8
17305,1730.5,4,0,0,12.82
17306,1730.6,4,0,0,12.82
17307,1730.7,4,0,0,12.81
17308,1730.8,4,0,0,12.84
17309,1730.9,4,1,0,11.91
17310,1731,4,0,0,11.86
17311,1731.1,4,0,0,11.83
17312,1731.2,4,0,0,11.85
17313,1731.3,5,0,0,11.83
17314,1731.4,5,0,0,11.78
17315,1731.5,5,0,0,11.8
17316,1731.6,5,0,0,11.77
17317,1731.7,6,0,0,10.9
17318,1731.8,6,0,0,10.88
17319,1731.9,6,0,0,10.9
17320,1732,5,1,0,10.77
17321,1732.1,5,0,0,10.76
17322,1732.2,5,0,0,10.78
17323,1732.3,5,0,0,10.84
17324,1732.4,6,0,0,11.37
17325,1732.5,6,0,0,11.35
17326,1732.6,6,0,0,11.37
17327,1732.7,5,1,0,11.11
17328,1732.8,5,0,0,11.12
17329,1732.9,5,0,0,11.1
17330,1733,5,0,0,11.09
17331,1733.1,5,0,0,11.14
17332,1733.2,5,0,0,11.12
17333,1733.3,5,0,0,11.11
17334,1733.4,5,0,0,11.1
17335,1733.5,5,0,0,11.16
17336,1733.6,5,0,0,11.15
17337,1733.7,5,0,0,11.17
17338,1733.8,5,0,0,11.18
17339,1733.9,5,0,0,11.19
17340,1734,5,0,0,11.2
17341,1734.1,7,0,0,11.25
17342,1734.2,7,0,0,11.21
17343,1734.3,7,0,0,11.21
17344,1734.4,7,0,0,11.21
17345,1734.5,7,0,0,11.22
17346,1734.6,7,0,0,11.2
17347,1734.7,6,1,0,10.9
17348,1734.8,6,0,0,10.92
17349,1734.9,6,0,0,10.93
17350,1735,6,0,0,10.94
17351,1735.1,6,0,0,10.94
17352,1735.2,6,0,0,10.94
17353,1735.3,6,0,0,10.94
17354,1735.4,6,0,0,10.93
17355,1735.5,6,0,0,10.93
17356,1735.6,6,0,0,10.91
17357,1735.7,6,0,0,10.95
17358,1735.8,6,0,0,10.95
17359,1735.9,5,1,0,10.36
17360,1736,6,0,0,10.97
17361,1736.1,6,0,0,10.97
17362,1736.2,5,1,0,10.91
17363,1736.3,5,0,0,10.98
17364,1736.4,5,0,0,11
17365,1736.5,5,0,0,11.05
17366,1736.6,5,0,0,11.09
17367,1736.7,5,0,0,11.15
17368,1736.8,5,0,0,11.22
17369,1736.9,6,0,0,11.75
17370,1737,6,0,0,11.74
17371,1737.1,6,0,0,11.8
17372,1737.2,6,0,0,11.77
17373,1737.3,7,0,0,11.97
17374,1737.4,7,0,0,11.96
17375,1737.5,6,1,0,11.62
17376,1737.6,6,0,0,11.67
17377,1737.7,5,1,0,11.25
17378,1737.8,5,0,0,11.26
17379,1737.9,5,0,0,11.25
17380,1738,5,0,0,11.25
17381,1738.1,5,0,0,11.26
17382,1738.2,5,0,0,11.26
17383,1738.3,5,0,0,11.24
17384,1738.4,5,0,0,11.21
17385,1738.5,5,0,0,11.16
17386,1738.6,5,0,0,11.17
17387,1738.7,5,0,0,11.18
17388,1738.8,5,0,0,11.17
17389,1738.9,5,0,0,11.18
17390,1739,5,0,0,11.14
17391,1739.1,5,0,0,11.13
17392,1739.2,5,0,0,11.11
17393,1739.3,5,0,0,11.1
17394,1739.4,5,0,0,11.14
17395,1739.5,5,1,0,11.12
17396,1739.6,5,0,0,11.07
17397,1739.7,6,0,0,11.43
17398,1739.8,6,0,0,11.42
17399,1739.9,6,0,0,11.36
17400,1740,6,0,0,11.37
17401,1740.1,6,0,0,11.36
17402,1740.2,6,0,0,11.36
17403,1740.3,5,1,0,11.03
17404,1740.4,6,0,0,11.31
17405,1740.5,6,0,0,11.31
17406,1740.6,6,0,0,11.32
17407,1740.7,6,0,0,11.27
17408,1740.8,6,0,0,11.26
17409,1740.9,6,0,0,11.26
17410,1741,6,0,0,11.28
17411,1741.1,6,0,0,11.26
17412,1741.2,6,0,0,11.28
17413,1741.3,6,0,0,11.27
17414,1741.4,6,0,0,11.22
17415,1741.5,6,0,0,11.24
17416,1741.6,6,0,0,11.21
17417,1741.7,6,0,0,11.22
17418,1741.8,6,0,0,11.2
17419,1741.9,6,0,0,11.22
17420,1742,6,0,0,11.23
17421,1742.1,6,0,0,11.23
17422,1742.2,6,0,0,11.22
17423,1742.3,6,0,0,11.19
17424,1742.4,6,0,0,11.19
17425,1742.5,6,0,0,11.17
17426,1742.6,7,0,0,11.59
17427,1742.7,7,0,0,11.57
17428,1742.8,7,0,0,11.57
17429,1742.9,7,0,0,11.56
17430,1743,6,1,0,11.16
17431,1743.1,6,1,0,11.71
17432,1743.2,5,1,0,11.3
17433,1743.3,5,0,0,11.38
17434,1743.4,5,0,0,11.46
17435,1743.5,5,0,0,11.54
17436,1743.6,6,0,0,12.06
17437,1743.7,6,0,0,12.09
17438,1743.8,6,0,0,12.18
17439,1743.9,6,0,0,12.26
17440,1744,6,0,0,12.36
17441,1744.1,7,0,0,12.08
17442,1744.2,7,0,0,12.16
17443,1744.3,6,1,0,12.61
17444,1744.4,6,0,0,12.69
17445,1744.5,6,0,0,12.75
17446,1744.6,6,0,0,12.79
17447,1744.7,6,0,0,12.91
17448,1744.8,6,0,0,12.96
17449,1744.9,6,0,0,13.04
17450,1745,5,1,0,12.9
17451,1745.1,5,0,0,12.93
17452,1745.2,5,0,0,12.93
17453,1745.3,5,0,0,12.93
17454,1745.4,6,0,0,13.1
17455,1745.5,6,0,0,13.11
17456,1745.6,6,0,0,13.09
17457,1745.7,6,0,0,13.1
17458,1745.8,6,0,0,13.06
17459,1745.9,6,0,0,13.08
17460,1746,5,1,0,12.95
17461,1746.1,5,0,0,12.95
17462,1746.2,5,0,0,12.92
17463,1746.3,5,0,0,12.94
17464,1746.4,5,0,0,12.94
17465,1746.5,4,1,0,13.06
17466,1746.6,5,0,0,13.3
17467,1746.7,6,0,0,13.38
17468,1746.8,5,1,0,13.43
17469,1746.9,5,0,0,13.39
17470,1747,5,0,0,13.42
17471,1747.1,5,0,0,13.46
17472,1747.2,5,0,0,13.44
17473,1747.3,5,0,0,13.44
17474,1747.4,5,0,0,13.43
17475,1747.5,5,0,0,13.42
17476,1747.6,5,0,0,13.44
17477,1747.7,5,0,0,13.45
17478,1747.8,5,0,0,13.41
17479,1747.9,5,0,0,13.41
17480,1748,4,1,0,13.56
17481,1748.1,4,0,0,13.52
17482,1748.2,5,0,0,13.65
17483,1748.3,5,0,0,13.63
17484,1748.4,5,0,0,13.62
17485,1748.5,5,0,0,13.6
17486,1748.6,5,0,0,13.59
17487,1748.7,5,0,0,13.64
17488,1748.8,4,1,0,13.53
17489,1748.9,4,0,0,13.56
17490,1749,4,0,0,13.55
17491,1749.1,4,0,0,13.51
17492,1749.2,4,0,0,13.55
17493,1749.3,4,0,0,13.57
17494,1749.4,4,0,0,13.56
17495,1749.5,4,0,0,13.55
17496,1749.6,4,0,0,13.54
17497,1749.7,4,0,0,13.53
17498,1749.8,4,0,0,13.54
17499,1749.9,5,0,0,13.51
17500,1750,5,0,0,13.5
17501,1750.1,4,1,0,13.42
17502,1750.2,5,0,0,12.93
17503,1750.3,5,0,0,12.89
17504,1750.4,4,1,0,12.94
17505,1750.5,4,0,0,12.95
17506,1750.6,4,0,0,12.94
17507,1750.7,4,0,0,12.96
17508,1750.8,4,0,0,12.97
17509,1750.9,4,0,0,12.95
17510,1751,5,0,0,13.16
17511,1751.1,5,0,0,13.12
17512,1751.2,5,0,0,13.14
17513,1751.3,5,0,0,13.14
17514,1751.4,5,0,0,13.14
17515,1751.5,5,0,0,13.16
17516,1751.6,4,1,0,12.96
17517,1751.7,4,0,0,12.94
17518,1751.8,4,0,0,12.92
17519,1751.9,4,0,0,12.99
17520,1752,4,0,0,12.94
17521,1752.1,4,0,0,12.95
17522,1752.2,4,0,0,12.95
17523,1752.3,4,0,0,12.94
17524,1752.4,4,0,0,12.97
17525,1752.5,4,0,0,12.96
17526,1752.6,4,0,0,12.99
17527,1752.7,4,0,0,12.96
17528,1752.8,3,1,0,12.57
17529,1752.9,3,0,0,12.63
17530,1753,4,0,0,12.97
17531,1753.1,4,0,0,12.94
17532,1753.2,4,0,0,12.96
17533,1753.3,4,0,0,12.96
17534,1753.4,4,0,0,12.97
17535,1753.5,4,0,0,12.96
17536,1753.6,4,0,0,12.95
17537,1753.7,4,0,0,12.94
17538,1753.8,5,0,0,13.01
17539,1753.9,6,0,0,13.05
17540,1754,7,0,0,12.61
17541,1754.1,7,0,0,12.59
17542,1754.2,7,0,0,12.57
17543,1754.3,7,0,0,12.6
17544,1754.4,7,0,0,12.59
17545,1754.5,6,1,0,12.52
17546,1754.6,5,1,0,12.85
17547,1754.7,5,0,0,12.84
17548,1754.8,5,0,0,12.84
17549,1754.9,5,0,0,12.84
17550,1755,5,0,0,12.81
17551,1755.1,5,0,0,12.8
17552,1755.2,5,0,0,12.82
17553,1755.3,5,0,0,12.83
17554,1755.4,5,0,0,12.79
17555,1755.5,5,0,0,12.84
17556,1755.6,5,0,0,12.83
17557,1755.7,5,0,0,12.84
17558,1755.8,5,0,0,12.81
17559,1755.9,5,0,0,12.84
17560,1756,5,0,0,12.82
17561,1756.1,4,1,0,12.65
17562,1756.2,5,0,0,12.44
17563,1756.3,5,0,0,12.4
17564,1756.4,5,0,0,12.4
17565,1756.5,5,0,0,12.38
17566,1756.6,5,0,0,12.4
17567,1756.7,6,0,0,12.44
17568,1756.8,6,0,0,12.41
17569,1756.9,6,0,0,12.41
17570,1757,6,0,0,12.41
17571,1757.1,6,0,0,12.39
17572,1757.2,6,0,0,12.37
17573,1757.3,6,1,0,12.59
17574,1757.4,5,1,0,12.46
17575,1757.5,5,0,0,12.44
17576,1757.6,5,0,0,12.44
17577,1757.7,5,0,0,12.44
17578,1757.8,5,0,0,12.43
17579,1757.9,5,0,0,12.41
17580,1758,5,0,0,12.44
17581,1758.1,5,0,0,12.42
17582,1758.2,5,0,0,12.42
17583,1758.3,5,0,0,12.39
17584,1758.4,5,0,0,12.39
17585,1758.5,5,0,0,12.39
17586,1758.6,5,0,0,12.34
17587,1758.7,5,0,0,12.37
17588,1758.8,5,0,0,12.37
17589,1758.9,5,0,0,12.38
17590,1759,5,0,0,12.39
17591,1759.1,5,0,0,12.37
17592,1759.2,6,0,0,11.96
17593,1759.3,7,0,0,12.19
17594,1759.4,6,1,0,11.96
17595,1759.5,7,0,0,12.15
17596,1759.6,7,0,0,12.12
17597,1759.7,7,0,0,12.16
17598,1759.8,7,0,0,12.12
17599,1759.9,7,0,0,12.12
17600,1760,7,0,0,12.14
17601,1760.1,7,1,0,11.66
17602,1760.2,7,0,0,11.65
17603,1760.3,6,1,0,11.95
17604,1760.4,6,0,0,11.93
17605,1760.5,6,0,0,11.92
17606,1760.6,6,0,0,11.95
17607,1760.7,6,0,0,11.92
17608,1760.8,5,1,0,11.52
17609,1760.9,6,0,0,11.26
17610,1761,6,0,0,11.23
17611,1761.1,6,0,0,11.24
17612,1761.2,6,0,0,11.22
17613,1761.3,6,0,0,11.2
17614,1761.4,6,0,0,11.21
17615,1761.5,6,0,0,11.19
17616,1761.6,6,0,0,11.18
17617,1761.7,6,0,0,11.13
17618,1761.8,6,0,0,11.15
17619,1761.9,6,0,0,11.16
17620,1762,6,0,0,11.12
17621,1762.1,6,0,0,11.1
17622,1762.2,5,1,0,10.53
17623,1762.3,6,0,0,11.1
17624,1762.4,6,0,0,11.06
17625,1762.5,7,0,0,11.46
17626,1762.6,7,0,0,11.46
17627,1762.7,7,0,0,11.44
17628,1762.8,7,0,0,11.46
17629,1762.9,6,1,0,11.04
17630,1763,6,0,0,11.02
17631,1763.1,6,0,0,11.02
17632,1763.2,6,0,0,11.01
17633,1763.3,6,0,0,10.98
17634,1763.4,6,0,0,10.99
17635,1763.5,5,1,0,11.16
17636,1763.6,5,0,0,11.18
17637,1763.7,5,0,0,11.22
17638,1763.8,5,0,0,11.28
17639,1763.9,5,0,0,11.29
17640,1764,5,0,0,11.31
17641,1764.1,5,0,0,11.35
17642,1764.2,5,0,0,11.34
17643,1764.3,5,0,0,11.37
17644,1764.4,6,0,0,11.84
17645,1764.5,6,0,0,11.85
17646,1764.6,6,0,0,11.89
17647,1764.7,6,0,0,11.9
17648,1764.8,6,0,0,11.93
17649,1764.9,6,0,0,11.94
17650,1765,6,0,0,11.98
17651,1765.1,7,0,0,12.25
17652,1765.2,7,0,0,12.26
17653,1765.3,7,0,0,12.27
17654,1765.4,6,1,0,12.13
17655,1765.5,6,0,0,12.13
17656,1765.6,7,0,0,12.38
17657,1765.7,6,1,0,12.11
17658,1765.8,6,0,0,12.11
17659,1765.9,6,0,0,12.1
17660,1766,6,0,0,12.11
17661,1766.1,6,0,0,12.13
17662,1766.2,5,1,0,12.55
17663,1766.3,5,0,0,12.56
17664,1766.4,5,0,0,12.64
17665,1766.5,5,0,0,12.72
17666,1766.6,5,0,0,12.8
17667,1766.7,5,0,0,12.83
17668,1766.8,5,0,0,12.9
17669,1766.9,5,0,0,12.94
17670,1767,5,0,0,13.03
17671,1767.1,5,0,0,13.07
17672,1767.2,5,0,0,13.1
17673,1767.3,5,0,0,13.12
17674,1767.4,5,0,0,13.1
17675,1767.5,5,0,0,13.1
17676,1767.6,5,0,0,13.08
17677,1767.7,5,0,0,13.1
17678,1767.8,5,0,0,13.1
17679,1767.9,4,1,0,12.85
17680,1768,6,0,0,12.75
17681,1768.1,6,0,0,12.73
17682,1768.2,5,1,0,12.91
17683,1768.3,5,0,0,12.93
17684,1768.4,5,0,0,12.99
17685,1768.5,5,0,0,13.01
17686,1768.6,5,0,0,13.1
17687,1768.7,4,1,0,13.52
17688,1768.8,5,0,0,13.4
17689,1768.9,5,0,0,13.4
17690,1769,5,0,0,13.42
17691,1769.1,5,0,0,13.44
17692,1769.2,5,0,0,13.44
17693,1769.3,5,0,0,13.43
17694,1769.4,5,0,0,13.45
17695,1769.5,5,0,0,13.45
17696,1769.6,5,0,0,13.43
17697,1769.7,4,1,0,13.47
17698,1769.8,4,0,0,13.43
17699,1769.9,4,0,0,13.44
17700,1770,4,0,0,13.44
17701,1770.1,4,0,0,13.47
17702,1770.2,4,0,0,13.47
17703,1770.3,4,0,0,13.46
17704,1770.4,4,0,0,13.43
17705,1770.5,4,0,0,13.46
17706,1770.6,4,0,0,13.47
17707,1770.7,4,0,0,13.47
17708,1770.8,5,0,0,12.99
17709,1770.9,5,0,0,12.94
17710,1771,5,0,0,12.99
17711,1771.1,5,0,0,12.97
17712,1771.2,5,0,0,12.98
17713,1771.3,5,0,0,13.02
17714,1771.4,5,0,0,13
17715,1771.5,5,1,0,13.38
17716,1771.6,5,0,0,13.41
17717,1771.7,3,2,0,13.32
17718,1771.8,3,0,0,13.33
17719,1771.9,4,0,0,13.24
17720,1772,4,0,0,13.21
17721,1772.1,4,0,0,13.2
17722,1772.2,4,0,0,13.22
17723,1772.3,4,0,0,13.25
17724,1772.4,4,0,0,13.18
17725,1772.5,4,0,0,13.21
17726,1772.6,4,0,0,13.2
17727,1772.7,4,0,0,13.2
17728,1772.8,4,0,0,13.26
17729,1772.9,4,0,0,13.18
17730,1773,4,0,0,13.23
17731,1773.1,4,0,0,13.19
17732,1773.2,4,0,0,13.22
17733,1773.3,4,0,0,13.22
17734,1773.4,4,0,0,13.21
17735,1773.5,4,0,0,13.21
17736,1773.6,5,0,0,13.35
17737,1773.7,5,0,0,13.37
17738,1773.8,5,0,0,13.36
17739,1773.9,5,0,0,13.39
17740,1774,5,0,0,13.32
17741,1774.1,5,0,0,13.35
17742,1774.2,4,1,0,13.22
17743,1774.3,4,0,0,13.18
17744,1774.4,4,0,0,13.22
17745,1774.5,4,0,0,13.23
17746,1774.6,4,0,0,13.25
17747,1774.7,4,0,0,13.19
17748,1774.8,3,1,0,12.94
17749,1774.9,3,0,0,12.98
17750,1775,3,0,0,13.01
17751,1775.1,5,0,0,13.21
17752,1775.2,4,1,0,13.21
17753,1775.3,4,0,0,13.18
17754,1775.4,4,0,0,13.17
17755,1775.5,4,0,0,13.21
17756,1775.6,4,0,0,13.22
17757,1775.7,4,0,0,13.17
17758,1775.8,4,0,0,13.15
17759,1775.9,4,0,0,13.17
17760,1776,4,0,0,13.18
17761,1776.1,5,0,0,12.53
17762,1776.2,5,0,0,12.56
17763,1776.3,4,1,0,13.18
17764,1776.4,5,0,0,13.34
17765,1776.5,5,0,0,13.35
17766,1776.6,5,0,0,13.34
17767,1776.7,5,0,0,13.34
17768,1776.8,5,0,0,13.32
17769,1776.9,5,0,0,13.33
17770,1777,4,1,0,13.19
17771,1777.1,5,0,0,12.57
17772,1777.2,5,0,0,12.55
17773,1777.3,5,0,0,12.56
17774,1777.4,5,0,0,12.54
17775,1777.5,5,0,0,12.54
17776,1777.6,5,0,0,12.53
17777,1777.7,5,0,0,12.56
17778,1777.8,5,0,0,12.55
17779,1777.9,5,0,0,12.53
17780,1778,5,0,0,12.52
17781,1778.1,5,0,0,12.52
17782,1778.2,6,0,0,11.76
17783,1778.3,6,0,0,11.76
17784,1778.4,6,0,0,11.82
17785,1778.5,6,0,0,11.79
17786,1778.6,6,1,0,11.71
17787,1778.7,6,0,0,11.7
17788,1778.8,5,1,0,11.51
17789,1778.9,5,0,0,11.51
17790,1779,5,0,0,11.52
17791,1779.1,5,0,0,11.52
17792,1779.2,5,0,0,11.55
17793,1779.3,6,0,0,11.97
17794,1779.4,6,0,0,11.96
17795,1779.5,6,0,0,11.94
17796,1779.6,6,0,0,11.97
17797,1779.7,6,0,0,11.98
17798,1779.8,6,0,0,11.96
17799,1779.9,5,1,0,11.57
17800,1780,5,0,0,11.63
17801,1780.1,5,0,0,11.63
17802,1780.2,5,0,0,11.61
17803,1780.3,5,0,0,11.63
17804,1780.4,5,0,0,11.62
17805,1780.5,5,0,0,11.67
17806,1780.6,5,0,0,11.65
17807,1780.7,5,0,0,11.66
17808,1780.8,5,0,0,11.69
17809,1780.9,5,0,0,11.67
17810,1781,5,0,0,11.68
17811,1781.1,5,0,0,11.7
17812,1781.2,5,0,0,11.67
17813,1781.3,5,0,0,11.72
17814,1781.4,6,0,0,11.85
17815,1781.5,6,0,0,11.86
17816,1781.6,6,0,0,11.87
17817,1781.7,6,0,0,11.86
17818,1781.8,5,1,0,11.63
17819,1781.9,5,0,0,11.6
17820,1782,5,0,0,11.59
17821,1782.1,6,0,0,11.8
17822,1782.2,7,0,0,12.08
17823,1782.3,6,1,0,11.92
17824,1782.4,6,0,0,11.92
17825,1782.5,6,0,0,11.93
17826,1782.6,6,0,0,11.91
17827,1782.7,5,1,0,11.71
17828,1782.8,5,0,0,11.69
17829,1782.9,5,0,0,11.68
17830,1783,5,0,0,11.68
17831,1783.1,5,0,0,11.66
17832,1783.2,5,0,0,11.63
17833,1783.3,5,0,0,11.61
17834,1783.4,5,0,0,11.6
17835,1783.5,5,0,0,11.66
17836,1783.6,5,0,0,11.64
17837,1783.7,5,0,0,11.65
17838,1783.8,5,0,0,11.62
17839,1783.9,5,0,0,11.63
17840,1784,5,0,0,11.61
17841,1784.1,5,0,0,11.59
17842,1784.2,5,0,0,11.6
17843,1784.3,5,0,0,11.59
17844,1784.4,5,0,0,11.59
17845,1784.5,6,0,0,11.52
17846,1784.6,5,1,0,11.15
17847,1784.7,5,0,0,11.14
17848,1784.8,5,0,0,11.11
17849,1784.9,6,0,0,11.58
17850,1785,6,0,0,11.55
17851,1785.1,6,0,0,11.54
17852,1785.2,6,0,0,11.54
17853,1785.3,6,0,0,11.51
17854,1785.4,6,0,0,11.53
17855,1785.5,5,1,0,11.1
17856,1785.6,5,0,0,11.09
17857,1785.7,4,1,0,10.45
17858,1785.8,5,0,0,10.97
17859,1785.9,5,0,0,10.94
17860,1786,5,0,0,10.95
17861,1786.1,5,0,0,10.98
17862,1786.2,5,0,0,10.96
17863,1786.3,5,0,0,10.93
17864,1786.4,5,0,0,10.91
17865,1786.5,5,0,0,10.92
17866,1786.6,5,0,0,10.92
17867,1786.7,5,0,0,10.94
17868,1786.8,5,0,0,10.92
17869,1786.9,5,0,0,10.93
17870,1787,5,0,0,10.93
17871,1787.1,5,0,0,10.91
17872,1787.2,5,0,0,10.92
17873,1787.3,5,0,0,10.92
17874,1787.4,5,0,0,10.91
17875,1787.5,5,0,0,10.92
17876,1787.6,6,0,0,11.43
17877,1787.7,7,0,0,11.77
17878,1787.8,7,0,0,11.76
17879,1787.9,7,0,0,11.78
17880,1788,7,0,0,11.76
17881,1788.1,7,0,0,11.75
17882,1788.2,7,0,0,11.77
17883,1788.3,6,1,0,11.4
17884,1788.4,6,0,0,11.42
17885,1788.5,6,0,0,11.4
17886,1788.6,6,0,0,11.39
17887,1788.7,6,0,0,11.4
17888,1788.8,6,0,0,11.38
17889,1788.9,6,0,0,11.39
17890,1789,6,0,0,11.4
17891,1789.1,6,0,0,11.39
17892,1789.2,6,0,0,11.36
17893,1789.3,6,1,0,12.07
17894,1789.4,6,0,0,12.07
17895,1789.5,5,1,0,11.92
17896,1789.6,5,0,0,12.04
17897,1789.7,5,0,0,12.13
17898,1789.8,5,0,0,12.17
17899,1789.9,5,0,0,12.24
17900,1790,5,0,0,12.29
17901,1790.1,5,0,0,12.34
17902,1790.2,5,0,0,12.41
17903,1790.3,5,0,0,12.47
17904,1790.4,5,0,0,12.51
17905,1790.5,5,0,0,12.57
17906,1790.6,6,0,0,12.85
17907,1790.7,6,0,0,12.93
17908,1790.8,7,0,0,12.81
17909,1790.9,7,0,0,12.82
17910,1791,7,0,0,12.84
17911,1791.1,7,0,0,12.83
17912,1791.2,5,2,0,12.54
17913,1791.3,5,0,0,12.57
17914,1791.4,5,0,0,12.59
17915,1791.5,5,0,0,12.6
17916,1791.6,5,0,0,12.64
17917,1791.7,5,0,0,12.7
17918,1791.8,5,0,0,12.7
17919,1791.9,5,0,0,12.74
17920,1792,5,0,0,12.76
17921,1792.1,6,0,0,12.3
17922,1792.2,6,0,0,12.26
17923,1792.3,5,1,0,12.72
17924,1792.4,5,0,0,12.7
17925,1792.5,5,0,0,12.72
17926,1792.6,4,1,0,12.38
17927,1792.7,4,0,0,12.42
17928,1792.8,3,1,0,11.84
17929,1792.9,4,0,0,12.36
17930,1793,4,0,0,12.31
17931,1793.1,4,0,0,12.36
17932,1793.2,4,0,0,12.33
17933,1793.3,4,0,0,12.31
17934,1793.4,5,0,0,12.47
17935,1793.5,5,0,0,12.44
17936,1793.6,5,0,0,12.45
17937,1793.7,5,0,0,12.44
17938,1793.8,5,0,0,12.44
17939,1793.9,6,0,0,12.1
17940,1794,5,1,0,11.88
17941,1794.1,5,0,0,11.87
17942,1794.2,5,0,0,11.87
17943,1794.3,5,0,0,11.9
17944,1794.4,5,0,0,11.89
17945,1794.5,5,0,0,11.85
17946,1794.6,5,0,0,11.83
17947,1794.7,5,0,0,11.85
17948,1794.8,5,0,0,11.82
17949,1794.9,5,0,0,11.88
17950,1795,5,0,0,11.86
17951,1795.1,5,0,0,11.85
17952,1795.2,5,0,0,11.82
17953,1795.3,5,0,0,11.81
17954,1795.4,5,0,0,11.82
17955,1795.5,5,0,0,11.83
17956,1795.6,5,0,0,11.85
17957,1795.7,5,0,0,11.83
17958,1795.8,5,0,0,11.79
17959,1795.9,4,1,0,11.92
17960,1796,4,0,0,11.98
17961,1796.1,4,0,0,12.04
17962,1796.2,5,0,0,12.44
17963,1796.3,5,0,0,12.5
17964,1796.4,5,1,0,12.54
17965,1796.5,5,0,0,12.55
17966,1796.6,5,0,0,12.59
17967,1796.7,5,0,0,12.63
17968,1796.8,4,1,0,12.35
17969,1796.9,4,0,0,12.43
17970,1797,4,0,0,12.43
17971,1797.1,5,0,0,12.78
17972,1797.2,5,0,0,12.78
17973,1797.3,5,0,0,12.77
17974,1797.4,4,1,0,12.49
17975,1797.5,4,0,0,12.5
17976,1797.6,4,0,0,12.48
17977,1797.7,4,0,0,12.48
17978,1797.8,4,0,0,12.45
17979,1797.9,4,0,0,12.46
17980,1798,4,0,0,12.44
17981,1798.1,4,0,0,12.44
17982,1798.2,4,0,0,12.42
17983,1798.3,4,0,0,12.39
17984,1798.4,4,0,0,12.39
17985,1798.5,4,0,0,12.36
17986,1798.6,4,0,0,12.33
17987,1798.7,4,0,0,12.31
17988,1798.8,4,0,0,12.34
17989,1798.9,4,0,0,12.3
17990,1799,5,0,0,12.6
17991,1799.1,5,0,0,12.59
17992,1799.2,5,0,0,12.57
17993,1799.3,5,0,0,12.55
17994,1799.4,5,0,0,12.53
17995,1799.5,5,0,0,12.55
17996,1799.6,4,1,0,12.14
17997,1799.7,4,0,0,12.14
17998,1799.8,4,0,0,12.13
17999,1799.9,3,1,0,11.52
18000,1800,4,0,0,12.04
18001,1800.1,4,0,0,11.99
18002,1800.2,5,0,0,12.36
18003,1800.3,5,0,0,12.35
18004,1800.4,5,0,0,12.32
18005,1800.5,5,0,0,12.35
18006,1800.6,5,0,0,12.31
18007,1800.7,5,0,0,12.31
18008,1800.8,5,0,0,12.26
18009,1800.9,5,0,0,12.29
18010,1801,6,0,0,11.82
18011,1801.1,7,0,0,11.49
18012,1801.2,7,0,0,11.5
18013,1801.3,7,0,0,11.53
18014,1801.4,7,0,0,11.57
18015,1801.5,7,0,0,11.55
18016,1801.6,7,0,0,11.56
18017,1801.7,6,1,0,11.53
18018,1801.8,6,0,0,11.56
18019,1801.9,7,0,0,11.92
18020,1802,7,0,0,11.9
18021,1802.1,7,0,0,11.89
18022,1802.2,7,0,0,11.89
18023,1802.3,7,0,0,11.87
18024,1802.4,7,0,0,11.86
18025,1802.5,6,1,0,11.52
18026,1802.6,6,0,0,11.51
18027,1802.7,6,0,0,11.5
18028,1802.8,6,0,0,11.51
18029,1802.9,6,0,0,11.5
18030,1803,6,0,0,11.48
18031,1803.1,6,0,0,11.5
18032,1803.2,6,0,0,11.48
18033,1803.3,6,0,0,11.45
18034,1803.4,7,0,0,11.19
18035,1803.5,8,0,0,11.3
18036,1803.6,7,1,0,11
18037,1803.7,7,0,0,10.98
18038,1803.8,7,0,0,10.96
18039,1803.9,7,0,0,10.93
18040,1804,7,0,0,10.92
18041,1804.1,7,0,0,10.94
18042,1804.2,7,0,0,10.94
18043,1804.3,7,0,0,10.9
18044,1804.4,7,0,0,10.91
18045,1804.5,7,0,0,10.89
18046,1804.6,7,0,0,10.89
18047,1804.7,8,0,0,11.02
18048,1804.8,8,0,0,11.02
18049,1804.9,8,0,0,10.99
18050,1805,8,0,0,10.97
18051,1805.1,8,0,0,10.95
18052,1805.2,8,0,0,10.95
18053,1805.3,6,2,0,10.89
18054,1805.4,6,0,0,10.91
18055,1805.5,6,0,0,10.93
18056,1805.6,6,0,0,10.97
18057,1805.7,6,0,0,10.99
18058,1805.8,6,0,0,11
18059,1805.9,6,0,0,11.04
18060,1806,6,0,0,11.07
18061,1806.1,6,0,0,11.07
18062,1806.2,5,1,0,11.24
18063,1806.3,5,0,0,11.3
18064,1806.4,5,0,0,11.39
18065,1806.5,6,0,0,11.73
18066,1806.6,6,0,0,11.76
18067,1806.7,6,0,0,11.79
18068,1806.8,6,0,0,11.84
18069,1806.9,6,0,0,11.89
18070,1807,6,0,0,11.94
18071,1807.1,7,0,0,12.25
18072,1807.2,7,0,0,12.27
18073,1807.3,7,0,0,12.29
18074,1807.4,6,1,0,12.04
18075,1807.5,7,0,0,12.3
18076,1807.6,7,0,0,12.31
18077,1807.7,7,0,0,12.34
18078,1807.8,6,1,0,12.16
18079,1807.9,6,0,0,12.12
18080,1808,6,0,0,12.13
18081,1808.1,6,1,0,11.5
18082,1808.2,6,0,0,11.51
18083,1808.3,5,1,0,11.79
18084,1808.4,5,0,0,11.8
18085,1808.5,5,0,0,11.75
18086,1808.6,5,0,0,11.74
18087,1808.7,5,0,0,11.74
18088,1808.8,5,0,0,11.72
18089,1808.9,5,0,0,11.75
18090,1809,5,0,0,11.72
18091,1809.1,5,0,0,11.7
18092,1809.2,5,0,0,11.71
18093,1809.3,5,0,0,11.7
18094,1809.4,5,0,0,11.67
18095,1809.5,4,1,0,11.09
18096,1809.6,4,0,0,11.07
18097,1809.7,5,0,0,11.18
18098,1809.8,5,0,0,11.15
18099,1809.9,5,0,0,11.13
18100,1810,5,0,0,11.12
18101,1810.1,5,0,0,11.12
18102,1810.2,5,0,0,11.09
18103,1810.3,6,0,0,11.43
18104,1810.4,6,0,0,11.41
18105,1810.5,6,0,0,11.39
18106,1810.6,5,1,0,10.88
18107,1810.7,6,0,0,11.33
18108,1810.8,6,0,0,11.3
18109,1810.9,5,1,0,10.99
18110,1811,5,0,0,10.96
18111,1811.1,5,0,0,10.97
18112,1811.2,5,0,0,10.95
18113,1811.3,5,0,0,10.97
18114,1811.4,5,0,0,10.96
18115,1811.5,5,0,0,10.95
18116,1811.6,5,0,0,10.94
18117,1811.7,5,0,0,10.93
18118,1811.8,5,0,0,10.92
18119,1811.9,5,0,0,10.91
18120,1812,5,0,0,10.93
18121,1812.1,5,0,0,10.93
18122,1812.2,5,0,0,10.91
18123,1812.3,5,0,0,10.88
18124,1812.4,5,0,0,10.88
18125,1812.5,5,0,0,10.9
18126,1812.6,5,0,0,10.9
18127,1812.7,5,0,0,10.89
18128,1812.8,6,0,0,11.35
18129,1812.9,6,0,0,11.33
18130,1813,6,0,0,11.36
18131,1813.1,6,0,0,11.36
18132,1813.2,7,0,0,11.73
18133,1813.3,6,1,0,11.99
18134,1813.4,6,0,0,11.99
18135,1813.5,6,0,0,11.97
18136,1813.6,6,0,0,11.99
18137,1813.7,6,0,0,12.01
18138,1813.8,5,1,0,11.62
18139,1813.9,5,0,0,11.61
18140,1814,5,0,0,11.61
18141,1814.1,5,0,0,11.59
18142,1814.2,6,0,0,11.68
18143,1814.3,5,1,0,11.3
18144,1814.4,5,0,0,11.29
18145,1814.5,5,0,0,11.31
18146,1814.6,5,0,0,11.32
18147,1814.7,5,0,0,11.29
18148,1814.8,5,0,0,11.32
18149,1814.9,5,0,0,11.3
18150,1815,5,0,0,11.32
18151,1815.1,5,0,0,11.28
18152,1815.2,5,0,0,11.28
18153,1815.3,5,0,0,11.3
18154,1815.4,5,0,0,11.28
18155,1815.5,5,0,0,11.28
18156,1815.6,5,0,0,11.3
18157,1815.7,5,0,0,11.3
18158,1815.8,5,0,0,11.32
18159,1815.9,5,0,0,11.27
18160,1816,7,0,0,11.73
18161,1816.1,7,0,0,11.72
18162,1816.2,7,0,0,11.73
18163,1816.3,7,0,0,11.7
18164,1816.4,7,0,0,11.73
18165,1816.5,7,0,0,11.72
18166,1816.6,6,1,0,11.49
18167,1816.7,6,0,0,11.45
18168,1816.8,6,0,0,11.47
18169,1816.9,5,1,0,11.91
18170,1817,5,0,0,11.94
18171,1817.1,5,0,0,11.96
18172,1817.2,5,0,0,11.98
18173,1817.3,5,0,0,12.02
18174,1817.4,5,0,0,12.07
18175,1817.5,5,0,0,12.06
18176,1817.6,5,0,0,12.09
18177,1817.7,5,0,0,12.1
18178,1817.8,6,0,0,12.15
18179,1817.9,6,0,0,12.19
18180,1818,6,0,0,12.24
18181,1818.1,6,0,0,12.25
18182,1818.2,5,1,0,12.3
18183,1818.3,5,0,0,12.34
18184,1818.4,5,0,0,12.37
18185,1818.5,4,1,0,12.3
18186,1818.6,4,0,0,12.32
18187,1818.7,4,0,0,12.31
18188,1818.8,5,0,0,12.65
18189,1818.9,5,0,0,12.62
18190,1819,5,0,0,12.64
18191,1819.1,6,0,0,12.36
18192,1819.2,6,0,0,12.35
18193,1819.3,6,0,0,12.34
18194,1819.4,5,1,0,12.02
18195,1819.5,5,0,0,12.01
18196,1819.6,5,0,0,12.05
18197,1819.7,5,0,0,12.01
18198,1819.8,5,0,0,12.01
18199,1819.9,5,0,0,12.03
18200,1820,5,0,0,11.98
18201,1820.1,5,0,0,12.03
18202,1820.2,5,0,0,12
18203,1820.3,5,0,0,12
18204,1820.4,5,0,0,11.98
18205,1820.5,5,0,0,11.97
18206,1820.6,5,0,0,11.97
18207,1820.7,5,0,0,11.96
18208,1820.8,4,1,0,12.07
18209,1820.9,4,0,0,12.1
18210,1821,4,0,0,12.14
18211,1821.1,4,0,0,12.2
18212,1821.2,4,0,0,12.24
18213,1821.3,5,0,0,12.42
18214,1821.4,5,0,0,12.42
18215,1821.5,5,0,0,12.43
18216,1821.6,6,0,0,12.45
18217,1821.7,5,1,0,12.46
18218,1821.8,5,0,0,12.44
18219,1821.9,5,0,0,12.49
18220,1822,5,0,0,12.45
18221,1822.1,5,0,0,12.47
18222,1822.2,4,1,0,12.57
18223,1822.3,5,0,0,12.83
18224,1822.4,4,1,0,12.62
18225,1822.5,4,0,0,12.61
18226,1822.6,4,0,0,12.62
18227,1822.7,4,0,0,12.65
18228,1822.8,4,0,0,12.6
18229,1822.9,4,0,0,12.64
18230,1823,4,0,0,12.62
18231,1823.1,4,0,0,12.65
18232,1823.2,5,0,0,12.01
18233,1823.3,5,0,0,12.04
18234,1823.4,5,0,0,12.07
18235,1823.5,5,0,0,12.08
18236,1823.6,5,0,0,12.08
18237,1823.7,5,0,0,12.13
18238,1823.8,5,0,0,12.09
18239,1823.9,5,0,0,12.11
18240,1824,5,0,0,12.07
18241,1824.1,6,0,0,11.74
18242,1824.2,6,0,0,11.73
18243,1824.3,5,1,0,12.12
18244,1824.4,5,0,0,12.08
18245,1824.5,6,0,0,12.4
18246,1824.6,6,0,0,12.4
18247,1824.7,6,0,0,12.42
18248,1824.8,6,0,0,12.39
18249,1824.9,7,0,0,12.63
18250,1825,7,0,0,12.62
18251,1825.1,5,2,0,12.29
18252,1825.2,5,0,0,12.28
18253,1825.3,5,0,0,12.29
18254,1825.4,6,0,0,12.14
18255,1825.5,6,0,0,12.11
18256,1825.6,6,0,0,12.07
18257,1825.7,6,0,0,12.03
18258,1825.8,6,0,0,12.05
18259,1825.9,6,0,0,12.04
18260,1826,6,0,0,12.02
18261,1826.1,6,0,0,12.02
18262,1826.2,5,1,0,11.91
18263,1826.3,5,0,0,11.9
18264,1826.4,5,0,0,11.84
18265,1826.5,5,0,0,11.83
18266,1826.6,5,0,0,11.83
18267,1826.7,5,0,0,11.8
18268,1826.8,5,0,0,11.79
18269,1826.9,5,0,0,11.76
18270,1827,5,0,0,11.76
18271,1827.1,5,0,0,11.75
18272,1827.2,5,0,0,11.73
18273,1827.3,6,0,0,12.1
18274,1827.4,6,0,0,12.08
18275,1827.5,6,0,0,12.08
18276,1827.6,6,0,0,12.06
18277,1827.7,6,0,0,12.05
18278,1827.8,6,0,0,12.05
18279,1827.9,5,1,0,11.65
18280,1828,5,0,0,11.65
18281,1828.1,5,0,0,11.64
18282,1828.2,5,0,0,11.59
18283,1828.3,5,0,0,11.61
18284,1828.4,5,1,0,10.92
18285,1828.5,5,0,0,10.87
18286,1828.6,6,0,0,11.37
18287,1828.7,6,0,0,11.35
18288,1828.8,6,0,0,11.36
18289,1828.9,6,0,0,11.34
18290,1829,6,0,0,11.34
18291,1829.1,6,0,0,11.3
18292,1829.2,6,0,0,11.33
18293,1829.3,6,0,0,11.31
18294,1829.4,6,0,0,11.31
18295,1829.5,6,0,0,11.31
18296,1829.6,6,0,0,11.29
18297,1829.7,6,0,0,11.29
18298,1829.8,6,0,0,11.29
18299,1829.9,6,0,0,11.3
18300,1830,6,0,0,11.31
18301,1830.1,7,0,0,11.51
18302,1830.2,7,0,0,11.44
18303,1830.3,7,0,0,11.45
18304,1830.4,7,0,0,11.46
18305,1830.5,6,1,0,11.48
18306,1830.6,6,0,0,11.48
18307,1830.7,5,1,0,11.2
18308,1830.8,5,0,0,11.26
18309,1830.9,5,0,0,11.31
18310,1831,5,0,0,11.32
18311,1831.1,5,0,0,11.33
18312,1831.2,5,0,0,11.35
18313,1831.3,5,0,0,11.39
18314,1831.4,5,0,0,11.44
18315,1831.5,5,0,0,11.42
18316,1831.6,5,0,0,11.43
18317,1831.7,6,0,0,11.47
18318,1831.8,6,0,0,11.45
18319,1831.9,6,0,0,11.44
18320,1832,6,1,0,11.38
18321,1832.1,6,0,0,11.34
18322,1832.2,6,0,0,11.36
18323,1832.3,6,0,0,11.34
18324,1832.4,6,0,0,11.35
18325,1832.5,6,0,0,11.34
18326,1832.6,6,0,0,11.29
18327,1832.7,6,0,0,11.28
18328,1832.8,6,0,0,11.29
18329,1832.9,7,0,0,11.38
18330,1833,6,1,0,11.51
18331,1833.1,6,0,0,11.55
18332,1833.2,6,0,0,11.51
18333,1833.3,6,0,0,11.53
18334,1833.4,6,0,0,11.49
18335,1833.5,5,1,0,11.37
18336,1833.6,5,0,0,11.36
18337,1833.7,5,0,0,11.37
18338,1833.8,5,0,0,11.37
18339,1833.9,5,0,0,11.39
18340,1834,5,0,0,11.35
18341,1834.1,5,0,0,11.32
18342,1834.2,5,0,0,11.34
18343,1834.3,5,0,0,11.34
18344,1834.4,5,0,0,11.35
18345,1834.5,5,0,0,11.29
18346,1834.6,5,0,0,11.32
18347,1834.7,5,0,0,11.3
18348,1834.8,5,0,0,11.28
18349,1834.9,6,0,0,11.41
18350,1835,6,0,0,11.36
18351,1835.1,6,0,0,11.38
18352,1835.2,6,0,0,11.37
18353,1835.3,6,0,0,11.31
18354,1835.4,5,1,0,11.66
18355,1835.5,5,0,0,11.72
18356,1835.6,5,1,0,11.82
18357,1835.7,6,0,0,11.82
18358,1835.8,6,0,0,11.87
18359,1835.9,6,0,0,11.91
18360,1836,6,0,0,11.98
18361,1836.1,6,0,0,12.01
18362,1836.2,6,0,0,12.05
18363,1836.3,6,0,0,12.1
18364,1836.4,5,1,0,12.26
18365,1836.5,5,0,0,12.35
18366,1836.6,5,0,0,12.43
18367,1836.7,5,0,0,12.47
18368,1836.8,5,0,0,12.55
18369,1836.9,5,0,0,12.65
18370,1837,5,0,0,12.74
18371,1837.1,5,0,0,12.79
18372,1837.2,5,0,0,12.87
18373,1837.3,5,0,0,12.92
18374,1837.4,4,1,0,12.77
18375,1837.5,4,0,0,12.8
18376,1837.6,4,0,0,12.83
18377,1837.7,4,0,0,12.82
18378,1837.8,4,0,0,12.83
18379,1837.9,4,0,0,12.85
18380,1838,5,0,0,12.65
18381,1838.1,5,0,0,12.63
18382,1838.2,5,0,0,12.65
18383,1838.3,5,0,0,12.64
18384,1838.4,5,0,0,12.63
18385,1838.5,5,0,0,12.66
18386,1838.6,6,0,0,12.87
18387,1838.7,6,0,0,12.84
18388,1838.8,5,1,0,12.66
18389,1838.9,5,0,0,12.66
18390,1839,5,0,0,12.65
18391,1839.1,5,1,0,12.57
18392,1839.2,4,1,0,12.21
18393,1839.3,4,0,0,12.21
18394,1839.4,4,0,0,12.2
18395,1839.5,4,0,0,12.18
18396,1839.6,4,0,0,12.21
18397,1839.7,4,0,0,12.19
18398,1839.8,4,0,0,12.2
18399,1839.9,4,0,0,12.2
18400,1840,4,0,0,12.21
18401,1840.1,5,0,0,11.78
18402,1840.2,5,0,0,11.76
18403,1840.3,4,1,0,12.2
18404,1840.4,4,0,0,12.22
18405,1840.5,4,0,0,12.22
18406,1840.6,4,0,0,12.23
18407,1840.7,4,0,0,12.21
18408,1840.8,4,0,0,12.23
18409,1840.9,4,0,0,12.24
18410,1841,4,0,0,12.18
18411,1841.1,6,0,0,11.84
18412,1841.2,6,0,0,11.82
18413,1841.3,6,0,0,11.81
18414,1841.4,7,0,0,12.09
18415,1841.5,7,0,0,12.08
18416,1841.6,7,0,0,12.07
18417,1841.7,7,0,0,12.08
18418,1841.8,7,0,0,12.06
18419,1841.9,7,0,0,12.08
18420,1842,6,1,0,11.82
18421,1842.1,6,0,0,11.81
18422,1842.2,6,0,0,11.85
18423,1842.3,6,0,0,11.82
18424,1842.4,6,0,0,11.82
18425,1842.5,5,1,0,11.82
18426,1842.6,5,0,0,11.83
18427,1842.7,5,1,0,11.06
18428,1842.8,5,0,0,11.03
18429,1842.9,5,0,0,11.06
18430,1843,5,0,0,11.04
18431,1843.1,5,0,0,11.08
18432,1843.2,5,0,0,11.06
18433,1843.3,5,0,0,11.07
18434,1843.4,5,0,0,11.06
18435,1843.5,5,0,0,11.06
18436,1843.6,5,0,0,11.07
18437,1843.7,5,0,0,11.07
18438,1843.8,5,0,0,11.08
18439,1843.9,5,0,0,11.09
18440,1844,5,0,0,11.05
18441,1844.1,5,0,0,11.06
18442,1844.2,6,0,0,11.58
18443,1844.3,7,0,0,11.9
18444,1844.4,7,0,0,11.89
18445,1844.5,7,0,0,11.89
18446,1844.6,7,0,0,11.89
18447,1844.7,7,0,0,11.88
18448,1844.8,6,1,0,11.57
18449,1844.9,6,0,0,11.54
18450,1845,6,0,0,11.57
18451,1845.1,6,0,0,11.6
18452,1845.2,6,0,0,11.55
18453,1845.3,6,0,0,11.56
18454,1845.4,5,1,0,11.89
18455,1845.5,5,0,0,11.9
18456,1845.6,5,0,0,11.95
18457,1845.7,4,1,0,12.04
18458,1845.8,4,0,0,12.08
18459,1845.9,4,0,0,12.11
18460,1846,4,0,0,12.16
18461,1846.1,4,0,0,12.19
18462,1846.2,5,0,0,12.22
18463,1846.3,6,0,0,11.83
18464,1846.4,6,0,0,11.88
18465,1846.5,6,0,0,11.91
18466,1846.6,6,0,0,11.95
18467,1846.7,6,0,0,11.96
18468,1846.8,6,0,0,11.95
18469,1846.9,6,0,0,11.98
18470,1847,7,0,0,12.27
18471,1847.1,7,0,0,12.25
18472,1847.2,7,0,0,12.22
18473,1847.3,6,1,0,12.26
18474,1847.4,7,0,0,11.63
18475,1847.5,7,0,0,11.63
18476,1847.6,6,1,0,11.24
18477,1847.7,6,0,0,11.29
18478,1847.8,6,0,0,11.3
18479,1847.9,6,0,0,11.29
18480,1848,6,0,0,11.33
18481,1848.1,6,0,0,11.32
18482,1848.2,6,0,0,11.33
18483,1848.3,6,0,0,11.33
18484,1848.4,6,0,0,11.33
18485,1848.5,6,0,0,11.36
18486,1848.6,6,0,0,11.39
18487,1848.7,6,0,0,11.36
18488,1848.8,5,1,0,11.33
18489,1848.9,5,0,0,11.33
18490,1849,5,0,0,11.36
18491,1849.1,5,0,0,11.33
18492,1849.2,5,0,0,11.33
18493,1849.3,5,0,0,11.37
18494,1849.4,5,0,0,11.39
18495,1849.5,5,0,0,11.38
18496,1849.6,5,0,0,11.36
18497,1849.7,5,0,0,11.38
18498,1849.8,6,0,0,11.81
18499,1849.9,7,0,0,12.06
18500,1850,7,0,0,12.06
18501,1850.1,7,0,0,12.07
18502,1850.2,6,1,0,12.09
18503,1850.3,6,0,0,12.08
18504,1850.4,6,0,0,12.08
18505,1850.5,5,1,0,11.83
18506,1850.6,6,0,0,12
18507,1850.7,6,0,0,11.99
18508,1850.8,6,0,0,11.98
18509,1850.9,6,0,0,11.96
18510,1851,6,0,0,11.94
18511,1851.1,6,0,0,11.91
18512,1851.2,6,0,0,11.92
18513,1851.3,6,0,0,11.9
18514,1851.4,6,0,0,11.91
18515,1851.5,6,0,0,11.85
18516,1851.6,5,1,0,11.8
18517,1851.7,5,0,0,11.86
18518,1851.8,5,0,0,11.82
18519,1851.9,5,0,0,11.84
18520,1852,5,0,0,11.83
18521,1852.1,5,0,0,11.81
18522,1852.2,5,0,0,11.82
18523,1852.3,5,0,0,11.78
18524,1852.4,5,0,0,11.8
18525,1852.5,5,0,0,11.79
18526,1852.6,5,0,0,11.77
18527,1852.7,6,0,0,11.83
18528,1852.8,6,0,0,11.8
18529,1852.9,6,0,0,11.8
18530,1853,6,0,0,11.8
18531,1853.1,6,0,0,11.81
18532,1853.2,6,0,0,11.78
18533,1853.3,5,2,0,11.64
18534,1853.4,5,0,0,11.62
18535,1853.5,4,1,0,11.03
18536,1853.6,4,0,0,11.06
18537,1853.7,5,0,0,11.23
18538,1853.8,5,0,0,11.21
18539,1853.9,5,0,0,11.24
18540,1854,5,0,0,11.19
18541,1854.1,5,0,0,11.2
18542,1854.2,5,0,0,11.22
18543,1854.3,5,0,0,11.2
18544,1854.4,5,0,0,11.2
18545,1854.5,5,0,0,11.18
18546,1854.6,5,0,0,11.19
18547,1854.7,5,0,0,11.19
18548,1854.8,5,0,0,11.19
18549,1854.9,5,0,0,11.14
18550,1855,5,0,0,11.19
18551,1855.1,5,0,0,11.16
18552,1855.2,5,0,0,11.16
18553,1855.3,5,0,0,11.17
18554,1855.4,5,0,0,11.16
18555,1855.5,6,0,0,11.61
18556,1855.6,6,0,0,11.63
18557,1855.7,6,0,0,11.63
18558,1855.8,6,0,0,11.59
18559,1855.9,6,0,0,11.63
18560,1856,6,0,0,11.61
18561,1856.1,6,1,0,10.94
18562,1856.2,6,0,0,10.94
18563,1856.3,5,1,0,11.14
18564,1856.4,5,0,0,11.11
18565,1856.5,5,0,0,11.12
18566,1856.6,5,0,0,11.12
18567,1856.7,5,0,0,11.12
18568,1856.8,5,0,0,11.11
18569,1856.9,6,1,0,11.68
18570,1857,6,0,0,11.69
18571,1857.1,6,0,0,11.68
18572,1857.2,6,0,0,11.68
18573,1857.3,6,0,0,11.68
18574,1857.4,6,0,0,11.67
18575,1857.5,6,0,0,11.69
18576,1857.6,6,0,0,11.69
18577,1857.7,6,0,0,11.66
18578,1857.8,6,0,0,11.68
18579,1857.9,6,0,0,11.65
18580,1858,6,0,0,11.68
18581,1858.1,6,0,0,11.67
18582,1858.2,6,0,0,11.64
18583,1858.3,7,0,0,11.9
18584,1858.4,7,0,0,11.88
18585,1858.5,6,1,0,12.23
18586,1858.6,6,0,0,12.27
18587,1858.7,6,0,0,12.3
18588,1858.8,6,0,0,12.36
18589,1858.9,5,1,0,12.2
18590,1859,5,0,0,12.25
18591,1859.1,5,0,0,12.32
18592,1859.2,5,0,0,12.38
18593,1859.3,5,0,0,12.46
18594,1859.4,5,0,0,12.49
18595,1859.5,5,0,0,12.62
18596,1859.6,5,0,0,12.69
18597,1859.7,5,0,0,12.77
18598,1859.8,5,0,0,12.83
18599,1859.9,5,0,0,12.9
18600,1860,6,0,0,13.13
18601,1860.1,6,0,0,13.15
18602,1860.2,6,0,0,13.25
18603,1860.3,6,0,0,13.26
18604,1860.4,4,2,0,13.13
18605,1860.5,5,0,0,13.11
18606,1860.6,5,0,0,13.09
18607,1860.7,5,0,0,13.14
18608,1860.8,5,0,0,13.12
18609,1860.9,5,0,0,13.09
18610,1861,5,0,0,13.12
18611,1861.1,5,0,0,13.13
18612,1861.2,6,0,0,13.27
18613,1861.3,6,0,0,13.25
18614,1861.4,6,0,0,13.26
18615,1861.5,6,0,0,13.25
18616,1861.6,6,0,0,13.23
18617,1861.7,6,0,0,13.27
18618,1861.8,5,1,0,13.1
18619,1861.9,4,1,0,13.22
18620,1862,4,0,0,13.27
18621,1862.1,4,0,0,13.25
18622,1862.2,4,0,0,13.22
18623,1862.3,4,0,0,13.24
18624,1862.4,4,0,0,13.26
18625,1862.5,4,0,0,13.24
18626,1862.6,4,0,0,13.24
18627,1862.7,4,0,0,13.23
18628,1862.8,4,0,0,13.24
18629,1862.9,4,0,0,13.22
18630,1863,4,0,0,13.28
18631,1863.1,4,0,0,13.24
18632,1863.2,5,0,0,12.94
18633,1863.3,5,0,0,12.93
18634,1863.4,5,0,0,12.89
18635,1863.5,5,0,0,12.9
18636,1863.6,5,0,0,12.89
18637,1863.7,5,0,0,12.87
18638,1863.8,5,0,0,12.88
18639,1863.9,5,0,0,12.85
18640,1864,7,0,0,12.7
18641,1864.1,7,0,0,12.68
18642,1864.2,6,1,0,12.6
18643,1864.3,5,1,0,12.69
18644,1864.4,5,0,0,12.76
18645,1864.5,5,0,0,12.81
18646,1864.6,4,1,0,12.6
18647,1864.7,4,0,0,12.54
18648,1864.8,4,0,0,12.57
18649,1864.9,4,0,0,12.57
18650,1865,4,0,0,12.53
18651,1865.1,4,0,0,12.54
18652,1865.2,4,0,0,12.56
18653,1865.3,4,0,0,12.54
18654,1865.4,4,0,0,12.58
18655,1865.5,4,0,0,12.54
18656,1865.6,4,0,0,12.54
18657,1865.7,4,0,0,12.58
18658,1865.8,4,0,0,12.55
18659,1865.9,4,0,0,12.54
18660,1866,4,0,0,12.55
18661,1866.1,3,1,0,12.05
18662,1866.2,3,0,0,12.09
18663,1866.3,4,0,0,12.55
18664,1866.4,4,0,0,12.56
18665,1866.5,4,0,0,12.58
18666,1866.6,4,0,0,12.54
18667,1866.7,4,0,0,12.54
18668,1866.8,5,0,0,12.44
18669,1866.9,5,0,0,12.47
18670,1867,5,0,0,12.43
18671,1867.1,5,0,0,12.45
18672,1867.2,5,0,0,12.43
18673,1867.3,5,0,0,12.44
18674,1867.4,4,1,0,12.56
18675,1867.5,4,0,0,12.56
18676,1867.6,5,0,0,12.83
18677,1867.7,5,0,0,12.83
18678,1867.8,5,0,0,12.83
18679,1867.9,5,0,0,12.83
18680,1868,5,0,0,12.82
18681,1868.1,5,0,0,12.82
18682,1868.2,5,0,0,12.81
18683,1868.3,5,0,0,12.83
18684,1868.4,5,0,0,12.85
18685,1868.5,4,1,0,13.34
18686,1868.6,4,0,0,13.39
18687,1868.7,4,0,0,13.35
18688,1868.8,4,0,0,13.38
18689,1868.9,4,0,0,13.35
18690,1869,4,0,0,13.41
18691,1869.1,4,0,0,13.37
18692,1869.2,3,1,0,13.14
18693,1869.3,3,0,0,13.22
18694,1869.4,4,0,0,12.37
18695,1869.5,4,0,0,12.39
18696,1869.6,5,0,0,12.72
18697,1869.7,5,0,0,12.71
18698,1869.8,5,0,0,12.67
18699,1869.9,5,0,0,12.69
18700,1870,5,0,0,12.69
18701,1870.1,5,0,0,12.69
18702,1870.2,5,1,0,11.25
18703,1870.3,5,0,0,11.24
18704,1870.4,5,0,0,11.27
18705,1870.5,5,0,0,11.27
18706,1870.6,5,0,0,11.29
18707,1870.7,5,0,0,11.3
18708,1870.8,5,0,0,11.28
18709,1870.9,5,0,0,11.29
18710,1871,5,0,0,11.33
18711,1871.1,5,1,0,11.35
18712,1871.2,5,0,0,11.36
18713,1871.3,5,0,0,11.33
18714,1871.4,5,0,0,11.36
18715,1871.5,5,0,0,11.37
18716,1871.6,5,0,0,11.36
18717,1871.7,5,0,0,11.39
18718,1871.8,5,0,0,11.39
18719,1871.9,5,0,0,11.39
18720,1872,5,0,0,11.39
18721,1872.1,6,0,0,11.16
18722,1872.2,6,0,0,11.16
18723,1872.3,5,1,0,11.41
18724,1872.4,5,0,0,11.42
18725,1872.5,6,0,0,11.75
18726,1872.6,7,0,0,11.42
18727,1872.7,7,0,0,11.42
18728,1872.8,7,0,0,11.39
18729,1872.9,7,0,0,11.39
18730,1873,7,0,0,11.42
18731,1873.1,6,1,0,11.13
18732,1873.2,6,0,0,11.13
18733,1873.3,6,0,0,11.11
18734,1873.4,6,0,0,11.14
18735,1873.5,6,0,0,11.16
18736,1873.6,6,0,0,11.16
18737,1873.7,6,0,0,11.12
18738,1873.8,6,0,0,11.11
18739,1873.9,6,0,0,11.13
18740,1874,6,0,0,11.11
18741,1874.1,5,1,0,11
18742,1874.2,5,0,0,11.05
18743,1874.3,5,0,0,11.11
18744,1874.4,5,0,0,11.17
18745,1874.5,5,0,0,11.18
18746,1874.6,4,1,0,10.53
18747,1874.7,5,0,0,11.28
18748,1874.8,5,0,0,11.32
18749,1874.9,5,0,0,11.35
18750,1875,5,0,0,11.36
18751,1875.1,5,0,0,11.4
18752,1875.2,5,0,0,11.4
18753,1875.3,6,0,0,11.72
18754,1875.4,6,0,0,11.7
18755,1875.5,6,0,0,11.69
18756,1875.6,6,0,0,11.71
18757,1875.7,5,1,0,11.29
18758,1875.8,6,0,0,11.49
18759,1875.9,5,1,0,11.08
18760,1876,5,0,0,11.11
18761,1876.1,5,0,0,11.11
18762,1876.2,5,0,0,11.09
18763,1876.3,5,0,0,11.09
18764,1876.4,5,0,0,11.1
18765,1876.5,5,0,0,11.13
18766,1876.6,5,0,0,11.11
18767,1876.7,5,0,0,11.09
18768,1876.8,5,0,0,11.13
18769,1876.9,5,0,0,11.14
18770,1877,5,0,0,11.12
18771,1877.1,5,0,0,11.09
18772,1877.2,5,0,0,11.12
18773,1877.3,5,0,0,11.17
18774,1877.4,5,0,0,11.13
18775,1877.5,5,0,0,11.15
18776,1877.6,5,0,0,11.13
18777,1877.7,5,0,0,11.13
18778,1877.8,5,0,0,11.12
18779,1877.9,5,0,0,11.13
18780,1878,5,0,0,11.13
18781,1878.1,6,0,0,11.59
18782,1878.2,6,1,0,11.47
18783,1878.3,6,0,0,11.48
18784,1878.4,6,0,0,11.47
18785,1878.5,6,0,0,11.44
18786,1878.6,6,0,0,11.42
18787,1878.7,5,1,0,10.91
18788,1878.8,5,0,0,10.94
18789,1878.9,6,0,0,11.42
18790,1879,6,0,0,11.41
18791,1879.1,6,0,0,11.4
18792,1879.2,6,0,0,11.39
18793,1879.3,6,0,0,11.37
18794,1879.4,6,0,0,11.4
18795,1879.5,6,0,0,11.4
18796,1879.6,6,0,0,11.37
18797,1879.7,6,0,0,11.39
18798,1879.8,6,0,0,11.37
18799,1879.9,6,0,0,11.35
18800,1880,6,0,0,11.37
18801,1880.1,6,0,0,11.36
18802,1880.2,6,0,0,11.32
18803,1880.3,6,0,0,11.32
18804,1880.4,6,0,0,11.29
18805,1880.5,6,0,0,11.32
18806,1880.6,6,0,0,11.3
18807,1880.7,6,0,0,11.3
18808,1880.8,6,0,0,11.3
18809,1880.9,7,0,0,11.63
18810,1881,7,0,0,11.6
18811,1881.1,7,0,0,11.61
18812,1881.2,7,0,0,11.61
18813,1881.3,7,0,0,11.62
18814,1881.4,7,0,0,11.6
18815,1881.5,6,1,0,11.29
18816,1881.6,5,1,0,11.55
18817,1881.7,5,0,0,11.59
18818,1881.8,5,1,0,11.82
18819,1881.9,5,0,0,11.89
18820,1882,5,0,0,11.94
18821,1882.1,6,0,0,12.35
18822,1882.2,6,0,0,12.37
18823,1882.3,6,0,0,12.42
18824,1882.4,6,0,0,12.51
18825,1882.5,6,0,0,12.58
18826,1882.6,6,0,0,12.65
18827,1882.7,7,0,0,12.32
18828,1882.8,7,0,0,12.36
18829,1882.9,7,0,0,12.43
18830,1883,7,0,0,12.49
18831,1883.1,7,0,0,12.6
18832,1883.2,7,0,0,12.68
18833,1883.3,7,0,0,12.75
18834,1883.4,7,0,0,12.79
18835,1883.5,6,1,0,12.77
18836,1883.6,6,0,0,12.85
18837,1883.7,6,0,0,12.87
18838,1883.8,7,0,0,12.98
18839,1883.9,7,0,0,12.98
18840,1884,7,0,0,12.98
18841,1884.1,7,0,0,13.04
18842,1884.2,7,0,0,13.03
18843,1884.3,7,0,0,13.05
18844,1884.4,6,1,0,12.98
18845,1884.5,6,0,0,12.92
18846,1884.6,6,0,0,12.95
18847,1884.7,6,0,0,12.95
18848,1884.8,6,0,0,12.95
18849,1884.9,5,1,0,12.71
18850,1885,5,0,0,12.7
18851,1885.1,5,0,0,12.71
18852,1885.2,6,0,0,12.76
18853,1885.3,5,1,0,12.52
18854,1885.4,6,0,0,12.59
18855,1885.5,6,0,0,12.56
18856,1885.6,6,0,0,12.51
18857,1885.7,6,0,0,12.51
18858,1885.8,6,0,0,12.5
18859,1885.9,6,0,0,12.5
18860,1886,6,0,0,12.49
18861,1886.1,6,0,0,12.46
18862,1886.2,6,0,0,12.44
18863,1886.3,6,0,0,12.43
18864,1886.4,6,0,0,12.42
18865,1886.5,6,0,0,12.39
18866,1886.6,6,1,0,12.62
18867,1886.7,6,0,0,12.64
18868,1886.8,6,0,0,12.67
18869,1886.9,6,0,0,12.71
18870,1887,5,1,0,13.25
18871,1887.1,5,0,0,13.31
18872,1887.2,4,1,0,13.28
18873,1887.3,4,0,0,13.32
18874,1887.4,4,0,0,13.37
18875,1887.5,4,0,0,13.4
18876,1887.6,4,0,0,13.52
18877,1887.7,4,0,0,13.53
18878,1887.8,4,0,0,13.61
18879,1887.9,4,0,0,13.61
18880,1888,4,0,0,13.69
18881,1888.1,5,0,0,12.95
18882,1888.2,4,1,0,12.71
18883,1888.3,4,1,0,13.34
18884,1888.4,4,0,0,13.33
18885,1888.5,4,0,0,13.32
18886,1888.6,4,0,0,13.3
18887,1888.7,4,0,0,13.31
18888,1888.8,4,0,0,13.35
18889,1888.9,5,0,0,13.27
18890,1889,5,0,0,13.26
18891,1889.1,4,1,0,13.1
18892,1889.2,4,0,0,13.11
18893,1889.3,4,0,0,13.13
18894,1889.4,5,0,0,12.91
18895,1889.5,5,0,0,12.92
18896,1889.6,5,0,0,12.9
18897,1889.7,5,0,0,12.89
18898,1889.8,5,0,0,12.92
18899,1889.9,5,0,0,12.9
18900,1890,4,1,0,13.1
18901,1890.1,4,0,0,13.11
18902,1890.2,4,0,0,13.09
18903,1890.3,4,0,0,13.07
18904,1890.4,4,0,0,13.12
18905,1890.5,4,0,0,13.1
18906,1890.6,4,0,0,13.08
18907,1890.7,4,0,0,13.09
18908,1890.8,4,0,0,13.12
18909,1890.9,4,0,0,13.16
18910,1891,4,0,0,13.1
18911,1891.1,4,0,0,13.08
18912,1891.2,4,0,0,13.1
18913,1891.3,3,1,0,12.84
18914,1891.4,3,0,0,12.81
18915,1891.5,4,0,0,13.12
18916,1891.6,4,0,0,13.13
18917,1891.7,4,0,0,13.13
18918,1891.8,4,0,0,13.07
18919,1891.9,4,0,0,13.09
18920,1892,4,0,0,13.1
18921,1892.1,4,0,0,13.08
18922,1892.2,5,0,0,13.13
18923,1892.3,5,0,0,13.12
18924,1892.4,5,0,0,13.12
18925,1892.5,7,0,0,12.79
18926,1892.6,6,1,0,12.72
18927,1892.7,6,0,0,12.71
18928,1892.8,5,1,0,12.66
18929,1892.9,5,0,0,12.67
18930,1893,5,0,0,12.62
18931,1893.1,5,0,0,12.64
18932,1893.2,5,0,0,12.63
18933,1893.3,5,0,0,12.66
18934,1893.4,5,0,0,12.64
18935,1893.5,5,0,0,12.65
18936,1893.6,5,0,0,12.68
18937,1893.7,5,0,0,12.65
18938,1893.8,5,0,0,12.62
18939,1893.9,5,0,0,12.65
18940,1894,5,0,0,12.64
18941,1894.1,5,0,0,12.63
18942,1894.2,5,0,0,12.66
18943,1894.3,5,0,0,12.66
18944,1894.4,5,0,0,12.65
18945,1894.5,5,0,0,12.66
18946,1894.6,6,0,0,12.4
18947,1894.7,6,0,0,12.37
18948,1894.8,6,0,0,12.4
18949,1894.9,6,0,0,12.41
18950,1895,5,1,0,12.26
18951,1895.1,6,0,0,12.53
18952,1895.2,6,0,0,12.54
18953,1895.3,6,0,0,12.48
18954,1895.4,6,0,0,12.51
18955,1895.5,6,0,0,12.53
18956,1895.6,6,0,0,12.49
18957,1895.7,5,1,0,12.21
18958,1895.8,5,0,0,12.23
18959,1895.9,5,0,0,12.2
18960,1896,5,1,0,12.18
18961,1896.1,5,0,0,12.13
18962,1896.2,5,0,0,12.14
18963,1896.3,5,0,0,12.13
18964,1896.4,5,0,0,12.14
18965,1896.5,5,0,0,12.14
18966,1896.6,5,0,0,12.13
18967,1896.7,5,0,0,12.15
18968,1896.8,5,0,0,12.14
18969,1896.9,5,0,0,12.1
18970,1897,5,0,0,12.1
18971,1897.1,5,0,0,12.08
18972,1897.2,5,0,0,12.1
18973,1897.3,5,0,0,12.1
18974,1897.4,5,0,0,12.14
18975,1897.5,5,0,0,12.13
18976,1897.6,5,0,0,12.12
18977,1897.7,5,0,0,12.12
18978,1897.8,6,0,0,12.29
18979,1897.9,7,0,0,12.51
18980,1898,7,0,0,12.49
18981,1898.1,7,0,0,12.5
18982,1898.2,7,0,0,12.51
18983,1898.3,7,0,0,12.52
18984,1898.4,7,0,0,12.49
18985,1898.5,6,1,0,12.24
18986,1898.6,5,1,0,12.2
18987,1898.7,5,0,0,12.21
18988,1898.8,5,0,0,12.21
18989,1898.9,5,0,0,12.23
18990,1899,5,0,0,12.24
18991,1899.1,5,0,0,12.21
18992,1899.2,5,0,0,12.21
18993,1899.3,5,0,0,12.21
18994,1899.4,5,0,0,12.21
18995,1899.5,4,1,0,11.86
18996,1899.6,5,0,0,12.24
18997,1899.7,5,0,0,12.24
18998,1899.8,5,0,0,12.29
18999,1899.9,5,0,0,12.24
19000,1900,5,0,0,12.22
19001,1900.1,5,0,0,12.24
19002,1900.2,5,0,0,12.24
19003,1900.3,5,0,0,12.2
19004,1900.4,5,0,0,12.2
19005,1900.5,5,0,0,12.16
19006,1900.6,5,0,0,12.15
19007,1900.7,5,1,0,11.95
19008,1900.8,5,0,0,11.91
19009,1900.9,6,0,0,11.83
19010,1901,6,0,0,11.8
19011,1901.1,6,0,0,11.82
19012,1901.2,6,0,0,11.79
19013,1901.3,5,1,0,11.57
19014,1901.4,5,0,0,11.53
19015,1901.5,5,0,0,11.53
19016,1901.6,5,0,0,11.54
19017,1901.7,5,0,0,11.5
19018,1901.8,5,0,0,11.49
19019,1901.9,5,0,0,11.47
19020,1902,5,0,0,11.51
19021,1902.1,5,0,0,11.44
19022,1902.2,5,0,0,11.45
19023,1902.3,5,0,0,11.46
19024,1902.4,5,0,0,11.39
19025,1902.5,5,0,0,11.45
19026,1902.6,5,0,0,11.41
19027,1902.7,5,0,0,11.38
19028,1902.8,5,0,0,11.38
19029,1902.9,5,0,0,11.37
19030,1903,5,0,0,11.36
19031,1903.1,5,1,0,11.38
19032,1903.2,5,0,0,11.36
19033,1903.3,5,0,0,11.35
19034,1903.4,5,0,0,11.34
19035,1903.5,6,0,0,11.69
19036,1903.6,6,0,0,11.67
19037,1903.7,6,0,0,11.66
19038,1903.8,6,0,0,11.66
19039,1903.9,6,0,0,11.64
19040,1904,6,0,0,11.63
19041,1904.1,7,1,0,11.46
19042,1904.2,7,0,0,11.45
19043,1904.3,6,1,0,11.67
19044,1904.4,6,0,0,11.67
19045,1904.5,6,0,0,11.67
19046,1904.6,6,0,0,11.7
19047,1904.7,5,1,0,12.02
19048,1904.8,5,0,0,12.05
19049,1904.9,5,0,0,12.11
19050,1905,5,0,0,12.18
19051,1905.1,5,0,0,12.24
19052,1905.2,5,0,0,12.28
19053,1905.3,5,0,0,12.36
19054,1905.4,5,0,0,12.42
19055,1905.5,5,0,0,12.48
19056,1905.6,5,0,0,12.52
19057,1905.7,5,0,0,12.58
19058,1905.8,5,0,0,12.66
19059,1905.9,5,0,0,12.72
19060,1906,5,0,0,12.82
19061,1906.1,5,0,0,12.89
19062,1906.2,5,0,0,12.94
19063,1906.3,6,0,0,13.16
19064,1906.4,6,0,0,13.21
19065,1906.5,6,0,0,13.27
19066,1906.6,5,1,0,13.21
19067,1906.7,5,1,0,13.02
19068,1906.8,5,0,0,13
19069,1906.9,4,1,0,12.75
19070,1907,4,0,0,12.78
19071,1907.1,4,0,0,12.77
19072,1907.2,5,0,0,12.88
19073,1907.3,5,0,0,12.88
19074,1907.4,5,0,0,12.85
19075,1907.5,5,0,0,12.89
19076,1907.6,5,0,0,12.89
19077,1907.7,5,0,0,12.86
19078,1907.8,5,0,0,12.86
19079,1907.9,5,0,0,12.88
19080,1908,5,0,0,12.87
19081,1908.1,5,0,0,12.87
19082,1908.2,4,1,0,12.78
19083,1908.3,4,0,0,12.8
19084,1908.4,4,0,0,12.77
19085,1908.5,4,0,0,12.75
19086,1908.6,4,0,0,12.74
19087,1908.7,4,0,0,12.73
19088,1908.8,4,0,0,12.72
19089,1908.9,4,0,0,12.72
19090,1909,4,0,0,12.72
19091,1909.1,4,0,0,12.73
19092,1909.2,5,0,0,12.62
19093,1909.3,5,0,0,12.62
19094,1909.4,5,0,0,12.6
19095,1909.5,5,0,0,12.59
19096,1909.6,5,0,0,12.58
19097,1909.7,5,0,0,12.57
19098,1909.8,4,1,0,12.61
19099,1909.9,4,0,0,12.59
19100,1910,4,0,0,12.59
19101,1910.1,4,0,0,12.57
19102,1910.2,4,0,0,12.62
19103,1910.3,5,0,0,12.89
19104,1910.4,6,0,0,13
19105,1910.5,5,1,0,13.09
19106,1910.6,5,0,0,13.05
19107,1910.7,5,0,0,13.04
19108,1910.8,5,0,0,13.03
19109,1910.9,5,0,0,13.02
19110,1911,5,0,0,13
19111,1911.1,5,0,0,13.01
19112,1911.2,5,0,0,13.02
19113,1911.3,5,0,0,13.01
19114,1911.4,5,0,0,13.01
19115,1911.5,5,0,0,13.02
19116,1911.6,5,0,0,13.01
19117,1911.7,5,0,0,12.99
19118,1911.8,5,0,0,12.97
19119,1911.9,5,0,0,12.99
19120,1912,5,1,0,13.18
19121,1912.1,5,0,0,13.26
19122,1912.2,5,0,0,13.27
19123,1912.3,5,0,0,13.3
19124,1912.4,5,0,0,13.33
19125,1912.5,5,0,0,13.39
19126,1912.6,4,1,0,13.63
19127,1912.7,4,0,0,13.68
19128,1912.8,4,0,0,13.71
19129,1912.9,4,0,0,13.66
19130,1913,4,0,0,13.66
19131,1913.1,4,0,0,13.67
19132,1913.2,4,0,0,13.66
19133,1913.3,4,0,0,13.69
19134,1913.4,4,0,0,13.68
19135,1913.5,5,0,0,13.74
19136,1913.6,4,1,0,13.74
19137,1913.7,4,0,0,13.72
19138,1913.8,4,1,0,13.43
19139,1913.9,4,0,0,13.4
19140,1914,4,0,0,13.4
19141,1914.1,4,0,0,13.43
19142,1914.2,4,0,0,13.42
19143,1914.3,4,0,0,13.43
19144,1914.4,4,0,0,13.41
19145,1914.5,4,0,0,13.43
19146,1914.6,4,0,0,13.41
19147,1914.7,4,0,0,13.42
19148,1914.8,5,0,0,13.51
19149,1914.9,5,0,0,13.5
19150,1915,5,0,0,13.49
19151,1915.1,5,0,0,13.49
19152,1915.2,5,0,0,13.52
19153,1915.3,5,0,0,13.48
19154,1915.4,4,1,0,13.42
19155,1915.5,5,0,0,12.74
19156,1915.6,5,0,0,12.71
19157,1915.7,5,0,0,12.71
19158,1915.8,5,0,0,12.68
19159,1915.9,5,0,0,12.72
19160,1916,5,0,0,12.76
19161,1916.1,5,0,0,12.73
19162,1916.2,5,0,0,12.73
19163,1916.3,5,0,0,12.68
19164,1916.4,5,0,0,12.71
19165,1916.5,5,0,0,12.74
19166,1916.6,5,0,0,12.73
19167,1916.7,6,0,0,11.97
19168,1916.8,5,1,0,11.71
19169,1916.9,5,0,0,11.72
19170,1917,5,0,0,11.7
19171,1917.1,5,0,0,11.73
19172,1917.2,5,0,0,11.74
19173,1917.3,5,0,0,11.79
19174,1917.4,6,0,0,11.87
19175,1917.5,6,0,0,11.89
19176,1917.6,6,1,0,12.12
19177,1917.7,6,0,0,12.11
19178,1917.8,6,0,0,12.11
19179,1917.9,6,0,0,12.15
19180,1918,6,0,0,12.13
19181,1918.1,6,0,0,12.13
19182,1918.2,5,1,0,11.81
19183,1918.3,5,0,0,11.82
19184,1918.4,5,0,0,11.81
19185,1918.5,5,0,0,11.82
19186,1918.6,5,0,0,11.81
19187,1918.7,5,0,0,11.82
19188,1918.8,5,0,0,11.84
19189,1918.9,5,0,0,11.83
19190,1919,5,0,0,11.84
19191,1919.1,5,0,0,11.85
19192,1919.2,5,0,0,11.87
19193,1919.3,5,0,0,11.83
19194,1919.4,5,0,0,11.87
19195,1919.5,5,0,0,11.86
19196,1919.6,5,0,0,11.85
19197,1919.7,4,1,0,11.43
19198,1919.8,5,0,0,11.65
19199,1919.9,5,0,0,11.66
19200,1920,5,0,0,11.66
19201,1920.1,6,0,0,11.37
19202,1920.2,6,0,0,11.34
19203,1920.3,5,1,0,11.63
19204,1920.4,5,0,0,11.58
19205,1920.5,6,0,0,11.84
19206,1920.6,6,0,0,11.82
19207,1920.7,6,0,0,11.79
19208,1920.8,6,0,0,11.8
19209,1920.9,7,0,0,12.11
19210,1921,7,0,0,12.09
19211,1921.1,6,1,0,11.95
19212,1921.2,6,0,0,11.92
19213,1921.3,5,1,0,11.82
19214,1921.4,5,0,0,11.82
19215,1921.5,5,0,0,11.81
19216,1921.6,5,0,0,11.82
19217,1921.7,5,0,0,11.78
19218,1921.8,5,0,0,11.78
19219,1921.9,5,0,0,11.78
19220,1922,5,0,0,11.77
19221,1922.1,5,0,0,11.76
19222,1922.2,5,0,0,11.73
19223,1922.3,5,0,0,11.76
19224,1922.4,5,0,0,11.76
19225,1922.5,5,0,0,11.74
19226,1922.6,5,0,0,11.77
19227,1922.7,4,1,0,11.17
19228,1922.8,4,0,0,11.19
19229,1922.9,5,0,0,10.92
19230,1923,6,0,0,11.44
19231,1923.1,6,0,0,11.43
19232,1923.2,6,0,0,11.43
19233,1923.3,7,0,0,11.51
19234,1923.4,7,0,0,11.5
19235,1923.5,7,0,0,11.5
19236,1923.6,7,0,0,11.47
19237,1923.7,7,0,0,11.48
19238,1923.8,7,0,0,11.48
19239,1923.9,6,1,0,11.4
19240,1924,6,0,0,11.38
19241,1924.1,6,0,0,11.4
19242,1924.2,6,0,0,11.38
19243,1924.3,6,0,0,11.38
19244,1924.4,5,1,0,10.89
19245,1924.5,6,0,0,10.65
19246,1924.6,6,0,0,10.62
19247,1924.7,6,0,0,10.64
19248,1924.8,6,0,0,10.64
19249,1924.9,6,0,0,10.64
19250,1925,6,0,0,10.64
19251,1925.1,6,0,0,10.63
19252,1925.2,6,0,0,10.65
19253,1925.3,6,0,0,10.62
19254,1925.4,6,0,0,10.62
19255,1925.5,6,0,0,10.61
19256,1925.6,6,0,0,10.58
19257,1925.7,6,0,0,10.56
19258,1925.8,6,0,0,10.55
19259,1925.9,6,0,0,10.53
19260,1926,6,0,0,10.53
19261,1926.1,8,0,0,11.22
19262,1926.2,8,0,0,11.18
19263,1926.3,8,0,0,11.19
19264,1926.4,8,0,0,11.19
19265,1926.5,8,0,0,11.19
19266,1926.6,8,0,0,11.17
19267,1926.7,7,1,0,10.73
19268,1926.8,7,0,0,10.73
19269,1926.9,7,0,0,10.72
19270,1927,7,0,0,10.7
19271,1927.1,7,0,0,10.7
19272,1927.2,6,1,0,10.85
19273,1927.3,6,0,0,10.86
19274,1927.4,6,0,0,10.86
19275,1927.5,6,0,0,10.89
19276,1927.6,6,0,0,10.92
19277,1927.7,5,1,0,11.17
19278,1927.8,5,0,0,11.23
19279,1927.9,5,0,0,11.3
19280,1928,6,0,0,11.59
19281,1928.1,6,0,0,11.68
19282,1928.2,6,0,0,11.77
19283,1928.3,6,0,0,11.86
19284,1928.4,6,0,0,11.94
19285,1928.5,6,0,0,12.05
19286,1928.6,6,0,0,12.16
19287,1928.7,6,0,0,12.24
19288,1928.8,6,0,0,12.32
19289,1928.9,7,0,0,12.63
19290,1929,7,0,0,12.69
19291,1929.1,6,1,0,12.66
19292,1929.2,6,0,0,12.73
19293,1929.3,7,0,0,12.57
19294,1929.4,7,0,0,12.61
19295,1929.5,6,1,0,12.46
19296,1929.6,6,0,0,12.56
19297,1929.7,5,1,0,12.45
19298,1929.8,5,0,0,12.51
19299,1929.9,5,0,0,12.59
19300,1930,5,0,0,12.61
19301,1930.1,5,0,0,12.69
19302,1930.2,5,0,0,12.74
19303,1930.3,5,0,0,12.81
19304,1930.4,5,0,0,12.82
19305,1930.5,5,0,0,12.84
19306,1930.6,5,0,0,12.86
19307,1930.7,5,0,0,12.86
19308,1930.8,5,0,0,12.83
19309,1930.9,5,0,0,12.84
19310,1931,4,1,0,12.58
19311,1931.1,4,0,0,12.56
19312,1931.2,4,0,0,12.58
19313,1931.3,4,0,0,12.59
19314,1931.4,4,0,0,12.59
19315,1931.5,4,0,0,12.57
19316,1931.6,5,0,0,12.83
19317,1931.7,5,0,0,12.84
19318,1931.8,6,0,0,13.01
19319,1931.9,5,1,0,13.16
19320,1932,5,0,0,13.18
19321,1932.1,5,0,0,13.13
19322,1932.2,5,0,0,13.16
19323,1932.3,5,0,0,13.11
19324,1932.4,5,1,0,13.19
19325,1932.5,5,0,0,13.17
19326,1932.6,4,1,0,12.95
19327,1932.7,4,0,0,12.95
19328,1932.8,4,0,0,12.93
19329,1932.9,4,0,0,12.95
19330,1933,4,0,0,12.95
19331,1933.1,4,0,0,12.97
19332,1933.2,4,0,0,12.93
19333,1933.3,4,0,0,12.95
19334,1933.4,4,0,0,12.96
19335,1933.5,4,0,0,12.98
19336,1933.6,4,0,0,12.97
19337,1933.7,4,0,0,12.94
19338,1933.8,4,0,0,12.96
19339,1933.9,4,0,0,12.98
19340,1934,4,0,0,12.98
19341,1934.1,4,0,0,12.98
19342,1934.2,4,0,0,12.93
19343,1934.3,4,0,0,12.96
19344,1934.4,4,0,0,12.97
19345,1934.5,4,0,0,12.99
19346,1934.6,5,0,0,13.15
19347,1934.7,5,0,0,13.16
19348,1934.8,5,0,0,13.17
19349,1934.9,5,0,0,13.15
19350,1935,5,0,0,13.15
19351,1935.1,4,1,0,12.92
19352,1935.2,4,1,0,12.69
19353,1935.3,4,0,0,12.61
19354,1935.4,4,0,0,12.61
19355,1935.5,4,0,0,12.63
19356,1935.6,5,0,0,12.88
19357,1935.7,5,0,0,12.85
19358,1935.8,5,0,0,12.82
19359,1935.9,5,0,0,12.83
19360,1936,5,0,0,12.83
19361,1936.1,6,0,0,12.33
19362,1936.2,5,1,0,12.25
19363,1936.3,4,1,0,12.83
19364,1936.4,4,0,0,12.81
19365,1936.5,4,0,0,12.74
19366,1936.6,4,0,0,12.77
19367,1936.7,4,0,0,12.77
19368,1936.8,4,0,0,12.73
19369,1936.9,4,0,0,12.75
19370,1937,4,0,0,12.71
19371,1937.1,4,0,0,12.72
19372,1937.2,4,0,0,12.7
19373,1937.3,4,0,0,12.67
19374,1937.4,5,0,0,12.96
19375,1937.5,5,0,0,12.95
19376,1937.6,5,0,0,12.97
19377,1937.7,5,0,0,12.94
19378,1937.8,5,0,0,12.9
19379,1937.9,5,0,0,12.94
19380,1938,4,1,0,12.68
19381,1938.1,4,0,0,12.64
19382,1938.2,4,0,0,12.69
19383,1938.3,4,0,0,12.61
19384,1938.4,4,0,0,12.59
19385,1938.5,4,0,0,12.6
19386,1938.6,5,0,0,12.1
19387,1938.7,6,0,0,11.93
19388,1938.8,6,0,0,11.91
19389,1938.9,5,1,0,11.72
19390,1939,5,0,0,11.7
19391,1939.1,5,0,0,11.71
19392,1939.2,5,0,0,11.7
19393,1939.3,5,0,0,11.67
19394,1939.4,6,0,0,10.86
19395,1939.5,6,0,0,10.84
19396,1939.6,6,0,0,10.87
19397,1939.7,6,0,0,10.91
19398,1939.8,6,0,0,10.9
19399,1939.9,6,0,0,10.93
19400,1940,6,0,0,10.96
19401,1940.1,6,0,0,10.97
19402,1940.2,7,0,0,11.4
19403,1940.3,7,0,0,11.39
19404,1940.4,7,0,0,11.39
19405,1940.5,7,0,0,11.43
19406,1940.6,6,1,0,11.43
19407,1940.7,6,0,0,11.5
19408,1940.8,5,1,0,11.08
19409,1940.9,5,0,0,11.14
19410,1941,5,0,0,11.19
19411,1941.1,5,0,0,11.22
19412,1941.2,5,0,0,11.28
19413,1941.3,5,0,0,11.32
19414,1941.4,5,0,0,11.41
19415,1941.5,5,0,0,11.46
19416,1941.6,5,0,0,11.51
19417,1941.7,5,0,0,11.5
19418,1941.8,6,0,0,11.2
19419,1941.9,6,0,0,11.21
19420,1942,6,0,0,11.2
19421,1942.1,5,1,0,10.67
19422,1942.2,5,0,0,10.68
19423,1942.3,6,0,0,11.16
19424,1942.4,6,0,0,11.15
19425,1942.5,6,0,0,11.2
19426,1942.6,6,0,0,11.17
19427,1942.7,6,0,0,11.2
19428,1942.8,6,0,0,11.19
19429,1942.9,6,0,0,11.2
19430,1943,5,1,0,11.2
19431,1943.1,6,0,0,11.68
19432,1943.2,6,0,0,11.68
19433,1943.3,6,0,0,11.69
19434,1943.4,6,0,0,11.69
19435,1943.5,6,0,0,11.66
19436,1943.6,6,0,0,11.7
19437,1943.7,5,1,0,11.26
19438,1943.8,5,0,0,11.26
19439,1943.9,5,0,0,11.26
19440,1944,5,0,0,11.29
19441,1944.1,5,0,0,11.26
19442,1944.2,5,0,0,11.3
19443,1944.3,5,0,0,11.28
19444,1944.4,5,0,0,11.29
19445,1944.5,5,0,0,11.31
19446,1944.6,5,0,0,11.31
19447,1944.7,5,0,0,11.31
19448,1944.8,4,1,0,10.68
19449,1944.9,4,0,0,10.65
19450,1945,5,0,0,11.27
19451,1945.1,5,0,0,11.25
19452,1945.2,5,0,0,11.23
19453,1945.3,5,0,0,11.2
19454,1945.4,5,0,0,11.2
19455,1945.5,5,0,0,11.19
19456,1945.6,5,0,0,11.18
19457,1945.7,5,0,0,11.15
19458,1945.8,6,0,0,11.61
19459,1945.9,6,1,0,11.68
19460,1946,6,0,0,11.68
19461,1946.1,6,0,0,11.67
19462,1946.2,6,0,0,11.63
19463,1946.3,6,0,0,11.64
19464,1946.4,6,0,0,11.64
19465,1946.5,5,1,0,11.14
19466,1946.6,5,0,0,11.15
19467,1946.7,5,0,0,11.15
19468,1946.8,5,0,0,11.12
19469,1946.9,5,0,0,11.13
19470,1947,5,0,0,11.09
19471,1947.1,5,0,0,11.11
19472,1947.2,5,0,0,11.08
19473,1947.3,5,0,0,11.07
19474,1947.4,5,0,0,11.05
19475,1947.5,5,0,0,11.04
19476,1947.6,5,0,0,11.03
19477,1947.7,5,0,0,11
19478,1947.8,5,0,0,11.01
19479,1947.9,5,0,0,11.02
19480,1948,5,0,0,11.02
19481,1948.1,6,0,0,11.51
19482,1948.2,6,0,0,11.48
19483,1948.3,6,0,0,11.49
19484,1948.4,6,0,0,11.45
19485,1948.5,6,0,0,11.46
19486,1948.6,6,0,0,11.44
19487,1948.7,7,0,0,11.84
19488,1948.8,7,0,0,11.83
19489,1948.9,7,0,0,11.81
19490,1949,7,0,0,11.8
19491,1949.1,7,0,0,11.81
19492,1949.2,7,0,0,11.82
19493,1949.3,5,2,0,10.96
19494,1949.4,6,0,0,11.24
19495,1949.5,6,0,0,11.22
19496,1949.6,6,0,0,11.21
19497,1949.7,6,0,0,11.23
19498,1949.8,6,0,0,11.24
19499,1949.9,6,0,0,11.21
19500,1950,6,0,0,11.18
19501,1950.1,6,0,0,11.18
19502,1950.2,6,0,0,11.18
19503,1950.3,6,0,0,11.19
19504,1950.4,6,0,0,11.18
19505,1950.5,6,0,0,11.17
19506,1950.6,6,0,0,11.17
19507,1950.7,6,0,0,11.2
19508,1950.8,5,1,0,11.44
19509,1950.9,5,0,0,11.5
19510,1951,5,0,0,11.54
19511,1951.1,5,0,0,11.63
19512,1951.2,5,0,0,11.68
19513,1951.3,6,0,0,12.12
19514,1951.4,6,0,0,12.15
19515,1951.5,7,0,0,12.27
19516,1951.6,7,0,0,12.31
19517,1951.7,7,0,0,12.4
19518,1951.8,7,0,0,12.47
19519,1951.9,7,0,0,12.53
19520,1952,7,0,0,12.59
19521,1952.1,7,1,0,12.26
19522,1952.2,7,0,0,12.33
19523,1952.3,6,1,0,12.81
19524,1952.4,6,0,0,12.87
19525,1952.5,6,0,0,13
19526,1952.6,6,0,0,13.05
19527,1952.7,5,1,0,13.04
19528,1952.8,5,0,0,13.14
19529,1952.9,6,0,0,13.32
19530,1953,6,0,0,13.34
19531,1953.1,6,0,0,13.37
19532,1953.2,5,1,0,13.61
19533,1953.3,5,0,0,13.63
19534,1953.4,5,0,0,13.72
19535,1953.5,5,0,0,13.81
19536,1953.6,5,0,0,13.79
19537,1953.7,5,0,0,13.84
19538,1953.8,5,0,0,13.81
19539,1953.9,5,0,0,13.84
19540,1954,5,0,0,13.84
19541,1954.1,4,1,0,13.84
19542,1954.2,4,0,0,13.85
19543,1954.3,4,0,0,13.94
19544,1954.4,6,0,0,13.63
19545,1954.5,6,0,0,13.59
19546,1954.6,6,0,0,13.6
19547,1954.7,6,0,0,13.6
19548,1954.8,6,0,0,13.61
19549,1954.9,6,0,0,13.58
19550,1955,5,1,0,13.75
19551,1955.1,5,0,0,13.73
19552,1955.2,5,0,0,13.74
19553,1955.3,5,0,0,13.75
19554,1955.4,5,0,0,13.74
19555,1955.5,4,1,0,13.72
19556,1955.6,4,0,0,13.7
19557,1955.7,4,0,0,13.7
19558,1955.8,4,0,0,13.66
19559,1955.9,4,0,0,13.68
19560,1956,4,0,0,13.7
19561,1956.1,4,0,0,13.72
19562,1956.2,4,0,0,13.68
19563,1956.3,4,0,0,13.69
19564,1956.4,3,1,0,13.6
19565,1956.5,4,0,0,13.72
19566,1956.6,4,0,0,13.68
19567,1956.7,4,0,0,13.72
19568,1956.8,4,0,0,13.7
19569,1956.9,4,0,0,13.66
19570,1957,4,0,0,13.68
19571,1957.1,4,0,0,13.68
19572,1957.2,5,0,0,13.33
19573,1957.3,4,1,0,13.2
19574,1957.4,4,0,0,13.2
19575,1957.5,4,0,0,13.21
19576,1957.6,5,0,0,13.36
19577,1957.7,5,0,0,13.33
19578,1957.8,4,1,0,13.7
19579,1957.9,4,0,0,13.68
19580,1958,4,0,0,13.7
19581,1958.1,4,0,0,13.66
19582,1958.2,4,0,0,13.7
19583,1958.3,4,0,0,13.67
19584,1958.4,4,0,0,13.72
19585,1958.5,4,0,0,13.71
19586,1958.6,4,0,0,13.66
19587,1958.7,4,0,0,13.71
19588,1958.8,4,0,0,13.66
19589,1958.9,4,0,0,13.72
19590,1959,4,0,0,13.72
19591,1959.1,4,0,0,13.73
19592,1959.2,4,0,0,13.68
19593,1959.3,4,0,0,13.68
19594,1959.4,4,0,0,13.67
19595,1959.5,4,0,0,13.69
19596,1959.6,4,0,0,13.7
19597,1959.7,4,0,0,13.7
19598,1959.8,4,0,0,13.71
19599,1959.9,4,0,0,13.66
19600,1960,4,1,0,13.55
19601,1960.1,5,0,0,13.19
19602,1960.2,5,0,0,13.16
19603,1960.3,5,0,0,13.14
19604,1960.4,5,0,0,13.18
19605,1960.5,5,0,0,13.14
19606,1960.6,3,2,0,12.91
19607,1960.7,4,0,0,13.21
19608,1960.8,4,0,0,13.2
19609,1960.9,4,0,0,13.2
19610,1961,4,0,0,13.19
19611,1961.1,4,0,0,13.16
19612,1961.2,4,0,0,13.21
19613,1961.3,4,0,0,13.19
19614,1961.4,4,0,0,13.2
19615,1961.5,4,0,0,13.18
19616,1961.6,4,0,0,13.21
19617,1961.7,5,0,0,12.56
19618,1961.8,5,0,0,12.54
19619,1961.9,5,0,0,12.55
19620,1962,5,0,0,12.56
19621,1962.1,5,0,0,12.53
19622,1962.2,5,0,0,12.57
19623,1962.3,5,0,0,12.56
19624,1962.4,5,0,0,12.54
19625,1962.5,5,0,0,12.55
19626,1962.6,5,0,0,12.54
19627,1962.7,5,0,0,12.54
19628,1962.8,6,0,0,12.81
19629,1962.9,6,0,0,12.78
19630,1963,6,0,0,12.79
19631,1963.1,6,0,0,12.79
19632,1963.2,6,0,0,12.79
19633,1963.3,6,0,0,12.78
19634,1963.4,5,1,0,12.54
19635,1963.5,5,0,0,12.53
19636,1963.6,6,0,0,12.69
19637,1963.7,6,0,0,12.67
19638,1963.8,6,0,0,12.68
19639,1963.9,7,0,0,12.5
19640,1964,7,0,0,12.48
19641,1964.1,6,1,0,12.36
19642,1964.2,5,1,0,12.47
19643,1964.3,5,0,0,12.47
19644,1964.4,5,0,0,12.47
19645,1964.5,5,0,0,12.45
19646,1964.6,6,0,0,11.89
19647,1964.7,6,0,0,11.88
19648,1964.8,6,0,0,11.89
19649,1964.9,6,0,0,11.92
19650,1965,6,0,0,11.91
19651,1965.1,6,0,0,11.92
19652,1965.2,6,0,0,11.94
19653,1965.3,6,0,0,11.97
19654,1965.4,6,0,0,11.96
19655,1965.5,6,0,0,11.97
19656,1965.6,6,0,0,11.96
19657,1965.7,7,0,0,11.91
19658,1965.8,7,0,0,11.9
19659,1965.9,7,0,0,11.87
19660,1966,7,0,0,11.88
19661,1966.1,7,0,0,11.87
19662,1966.2,7,0,0,11.88
19663,1966.3,7,0,0,11.87
19664,1966.4,6,1,0,11.95
19665,1966.5,6,0,0,11.95
19666,1966.6,6,0,0,11.97
19667,1966.7,6,0,0,11.94
19668,1966.8,5,1,0,11.49
19669,1966.9,5,0,0,11.52
19670,1967,6,0,0,11.92
19671,1967.1,6,0,0,11.92
19672,1967.2,7,0,0,12.01
19673,1967.3,6,1,0,11.79
19674,1967.4,6,0,0,11.78
19675,1967.5,6,0,0,11.76
19676,1967.6,6,0,0,11.73
19677,1967.7,6,0,0,11.73
19678,1967.8,6,0,0,11.71
19679,1967.9,6,0,0,11.71
19680,1968,6,0,0,11.72
19681,1968.1,7,0,0,11.45
19682,1968.2,7,0,0,11.42
19683,1968.3,6,1,0,11.64
19684,1968.4,6,0,0,11.6
19685,1968.5,7,0,0,11.91
19686,1968.6,7,0,0,11.9
19687,1968.7,7,0,0,11.85
19688,1968.8,7,0,0,11.86
19689,1968.9,6,1,0,12.15
19690,1969,6,0,0,12.15
19691,1969.1,5,1,0,11.82
19692,1969.2,5,0,0,11.84
19693,1969.3,5,0,0,11.84
19694,1969.4,5,0,0,11.87
19695,1969.5,5,0,0,11.91
19696,1969.6,5,0,0,11.9
19697,1969.7,5,0,0,11.92
19698,1969.8,5,0,0,11.97
19699,1969.9,4,1,0,11.49
19700,1970,4,0,0,11.53
19701,1970.1,4,0,0,11.54
19702,1970.2,5,0,0,12
19703,1970.3,5,0,0,11.98
19704,1970.4,5,0,0,11.98
19705,1970.5,5,0,0,11.94
19706,1970.6,5,0,0,11.96
19707,1970.7,6,0,0,12.13
19708,1970.8,6,0,0,12.1
19709,1970.9,6,0,0,12.1
19710,1971,5,1,0,11.77
19711,1971.1,5,0,0,11.75
19712,1971.2,5,0,0,11.76
19713,1971.3,6,0,0,11.61
19714,1971.4,6,0,0,11.59
19715,1971.5,6,0,0,11.59
19716,1971.6,6,0,0,11.56
19717,1971.7,6,0,0,11.57
19718,1971.8,6,0,0,11.58
19719,1971.9,6,0,0,11.55
19720,1972,5,1,0,11.67
19721,1972.1,5,0,0,11.66
19722,1972.2,5,0,0,11.68
19723,1972.3,5,0,0,11.63
19724,1972.4,5,0,0,11.65
19725,1972.5,5,0,0,11.64
19726,1972.6,5,0,0,11.58
19727,1972.7,5,0,0,11.63
19728,1972.8,5,0,0,11.59
19729,1972.9,5,0,0,11.6
19730,1973,5,0,0,11.61
19731,1973.1,5,0,0,11.64
19732,1973.2,5,0,0,11.57
19733,1973.3,6,0,0,11.78
19734,1973.4,6,0,0,11.79
19735,1973.5,6,0,0,11.77
19736,1973.6,6,0,0,11.77
19737,1973.7,6,0,0,11.76
19738,1973.8,6,0,0,11.76
19739,1973.9,5,1,0,12.08
19740,1974,5,0,0,12.12
19741,1974.1,6,0,0,12.4
19742,1974.2,6,0,0,12.44
19743,1974.3,7,0,0,12.73
19744,1974.4,6,1,0,12.74
19745,1974.5,6,0,0,12.79
19746,1974.6,6,0,0,12.82
19747,1974.7,5,1,0,12.76
19748,1974.8,5,0,0,12.85
19749,1974.9,5,0,0,12.9
19750,1975,5,0,0,12.97
19751,1975.1,5,0,0,13.03
19752,1975.2,5,0,0,13.07
19753,1975.3,5,0,0,13.17
19754,1975.4,5,0,0,13.26
19755,1975.5,5,0,0,13.33
19756,1975.6,5,0,0,13.36
19757,1975.7,5,0,0,13.37
19758,1975.8,5,0,0,13.36
19759,1975.9,4,1,0,13.41
19760,1976,4,0,0,13.46
19761,1976.1,4,0,0,13.53
19762,1976.2,4,0,0,13.59
19763,1976.3,4,0,0,13.65
19764,1976.4,4,0,0,13.63
19765,1976.5,5,0,0,13.49
19766,1976.6,5,0,0,13.48
19767,1976.7,5,0,0,13.47
19768,1976.8,5,0,0,13.48
19769,1976.9,6,0,0,13.57
19770,1977,6,0,0,13.54
19771,1977.1,6,0,0,13.53
19772,1977.2,6,0,0,13.54
19773,1977.3,5,1,0,13.46
19774,1977.4,5,0,0,13.45
19775,1977.5,4,1,0,13.35
19776,1977.6,4,0,0,13.34
19777,1977.7,4,0,0,13.37
19778,1977.8,4,1,0,13.06
19779,1977.9,4,0,0,13.07
19780,1978,4,0,0,13.06
19781,1978.1,4,0,0,13.04
19782,1978.2,4,0,0,13.06
19783,1978.3,4,0,0,13.07
19784,1978.4,4,0,0,13.04
19785,1978.5,4,0,0,13.06
19786,1978.6,4,0,0,13.06
19787,1978.7,4,0,0,13.06
19788,1978.8,4,0,0,13.06
19789,1978.9,4,0,0,13.06
19790,1979,4,0,0,13.06
19791,1979.1,4,0,0,13.03
19792,1979.2,4,0,0,13.07
19793,1979.3,4,0,0,13.07
19794,1979.4,3,1,0,12.75
19795,1979.5,3,0,0,12.77
19796,1979.6,4,0,0,13.07
19797,1979.7,4,0,0,13.08
19798,1979.8,5,0,0,13.25
19799,1979.9,5,0,0,13.26
19800,1980,5,0,0,13.23
19801,1980.1,5,0,0,13.25
19802,1980.2,5,0,0,13.23
19803,1980.3,5,0,0,13.23
19804,1980.4,4,1,0,13.06
19805,1980.5,4,0,0,13.07
19806,1980.6,4,0,0,13.04
19807,1980.7,4,0,0,13.08
19808,1980.8,4,0,0,13.09
19809,1980.9,4,0,0,13.06
19810,1981,4,0,0,13.05
19811,1981.1,4,0,0,13.07
19812,1981.2,4,0,0,13.04
19813,1981.3,4,0,0,13.05
19814,1981.4,5,0,0,13.14
19815,1981.5,5,0,0,13.13
19816,1981.6,4,1,0,13.25
19817,1981.7,4,0,0,13.24
19818,1981.8,4,0,0,13.25
19819,1981.9,4,0,0,13.19
19820,1982,4,0,0,13.23
19821,1982.1,4,0,0,13.23
19822,1982.2,4,0,0,13.23
19823,1982.3,4,0,0,13.26
19824,1982.4,4,0,0,13.22
19825,1982.5,4,0,0,13.23
19826,1982.6,5,0,0,13.38
19827,1982.7,5,0,0,13.37
19828,1982.8,6,0,0,13.47
19829,1982.9,6,0,0,13.48
19830,1983,6,0,0,13.47
19831,1983.1,6,0,0,13.45
19832,1983.2,5,1,0,13.37
19833,1983.3,4,1,0,13.52
19834,1983.4,4,0,0,13.49
19835,1983.5,4,0,0,13.49
19836,1983.6,4,0,0,13.49
19837,1983.7,4,0,0,13.49
19838,1983.8,4,0,0,13.5
19839,1983.9,4,0,0,13.52
19840,1984,4,0,0,13.53
19841,1984.1,5,0,0,12.81
19842,1984.2,5,0,0,12.8
19843,1984.3,4,1,0,13.52
19844,1984.4,4,0,0,13.5
19845,1984.5,4,0,0,13.51
19846,1984.6,4,0,0,13.51
19847,1984.7,4,0,0,13.55
19848,1984.8,5,0,0,12.8
19849,1984.9,5,0,0,12.77
19850,1985,5,1,0,12.91
19851,1985.1,5,0,0,12.9
19852,1985.2,5,0,0,12.89
19853,1985.3,5,0,0,12.9
19854,1985.4,6,0,0,13.07
19855,1985.5,6,0,0,13.08
19856,1985.6,6,0,0,13.08
19857,1985.7,6,0,0,13.09
19858,1985.8,6,0,0,13.07
19859,1985.9,7,0,0,12.31
19860,1986,6,1,0,12.07
19861,1986.1,6,0,0,12.07
19862,1986.2,6,0,0,12.08
19863,1986.3,6,0,0,12.07
19864,1986.4,6,0,0,12.11
19865,1986.5,5,1,0,12.01
19866,1986.6,5,0,0,12
19867,1986.7,5,0,0,12.04
19868,1986.8,5,0,0,12.02
19869,1986.9,5,0,0,12.06
19870,1987,5,0,0,12.08
19871,1987.1,5,0,0,12.08
19872,1987.2,5,0,0,12.07
19873,1987.3,5,0,0,12.09
19874,1987.4,5,0,0,12.1
19875,1987.5,5,0,0,12.12
19876,1987.6,5,0,0,12.12
19877,1987.7,5,0,0,12.12
19878,1987.8,5,0,0,12.14
19879,1987.9,5,0,0,12.15
19880,1988,5,0,0,12.18
19881,1988.1,5,0,0,12.18
19882,1988.2,6,0,0,12.33
19883,1988.3,6,0,0,12.29
19884,1988.4,6,0,0,12.29
19885,1988.5,6,1,0,12.32
19886,1988.6,6,0,0,12.27
19887,1988.7,6,0,0,12.31
19888,1988.8,4,2,0,11.73
19889,1988.9,4,0,0,11.76
19890,1989,4,0,0,11.75
19891,1989.1,5,0,0,11.95
19892,1989.2,5,0,0,11.94
19893,1989.3,5,0,0,11.94
19894,1989.4,5,0,0,11.94
19895,1989.5,5,0,0,11.92
19896,1989.6,5,0,0,11.89
19897,1989.7,5,0,0,11.91
19898,1989.8,5,0,0,11.91
19899,1989.9,5,0,0,11.88
19900,1990,5,0,0,11.9
19901,1990.1,5,0,0,11.85
19902,1990.2,5,0,0,11.86
19903,1990.3,5,0,0,11.83
19904,1990.4,5,0,0,11.82
19905,1990.5,5,0,0,11.82
19906,1990.6,5,0,0,11.82
19907,1990.7,5,0,0,11.77
19908,1990.8,5,0,0,11.82
19909,1990.9,5,0,0,11.78
19910,1991,5,0,0,11.76
19911,1991.1,6,0,0,12.13
19912,1991.2,6,0,0,12.14
19913,1991.3,6,0,0,12.14
19914,1991.4,6,0,0,12.13
19915,1991.5,6,0,0,12.1
19916,1991.6,6,0,0,12.12
19917,1991.7,5,1,0,11.76
19918,1991.8,5,0,0,11.74
19919,1991.9,5,0,0,11.71
19920,1992,3,2,0,10.25
19921,1992.1,4,0,0,11.18
19922,1992.2,5,0,0,11.76
19923,1992.3,5,0,0,11.7
19924,1992.4,5,0,0,11.72
19925,1992.5,5,0,0,11.71
19926,1992.6,5,0,0,11.71
19927,1992.7,5,0,0,11.7
19928,1992.8,5,0,0,11.67
19929,1992.9,5,0,0,11.69
19930,1993,5,0,0,11.67
19931,1993.1,5,0,0,11.69
19932,1993.2,5,0,0,11.66
19933,1993.3,5,0,0,11.65
19934,1993.4,5,0,0,11.66
19935,1993.5,5,0,0,11.67
19936,1993.6,5,0,0,11.66
19937,1993.7,5,0,0,11.67
19938,1993.8,5,0,0,11.63
19939,1993.9,6,0,0,11.77
19940,1994,6,0,0,11.76
19941,1994.1,6,0,0,11.77
19942,1994.2,6,0,0,11.78
19943,1994.3,6,0,0,11.73
19944,1994.4,6,0,0,11.71
19945,1994.5,5,1,0,11.56
19946,1994.6,5,0,0,11.55
19947,1994.7,5,0,0,11.51
19948,1994.8,5,0,0,11.48
19949,1994.9,5,0,0,11.47
19950,1995,5,0,0,11.46
19951,1995.1,5,0,0,11.46
19952,1995.2,5,0,0,11.44
19953,1995.3,6,0,0,11.7
19954,1995.4,6,0,0,11.67
19955,1995.5,6,0,0,11.68
19956,1995.6,6,1,0,11.41
19957,1995.7,6,0,0,11.39
19958,1995.8,6,0,0,11.4
19959,1995.9,6,0,0,11.36
19960,1996,6,0,0,11.37
19961,1996.1,6,0,0,11.32
19962,1996.2,6,0,0,11.31
19963,1996.3,6,0,0,11.3
19964,1996.4,6,0,0,11.28
19965,1996.5,6,0,0,11.29
19966,1996.6,6,0,0,11.28
19967,1996.7,7,0,0,11.65
19968,1996.8,7,0,0,11.64
19969,1996.9,7,0,0,11.62
19970,1997,6,1,0,11.87
19971,1997.1,6,0,0,11.91
19972,1997.2,6,0,0,11.95
19973,1997.3,5,1,0,11.61
19974,1997.4,5,0,0,11.71
19975,1997.5,5,0,0,11.82
19976,1997.6,5,0,0,11.89
19977,1997.7,5,0,0,11.95
19978,1997.8,5,0,0,12.04
19979,1997.9,5,0,0,12.13
19980,1998,5,0,0,12.2
19981,1998.1,5,0,0,12.26
19982,1998.2,5,0,0,12.33
19983,1998.3,5,0,0,12.39
19984,1998.4,5,0,0,12.49
19985,1998.5,6,0,0,12.77
19986,1998.6,6,0,0,12.8
19987,1998.7,6,0,0,12.83
19988,1998.8,6,0,0,12.84
19989,1998.9,6,0,0,12.83
19990,1999,5,1,0,12.87
19991,1999.1,5,0,0,12.88
19992,1999.2,6,0,0,13.05
19993,1999.3,6,0,0,13.07
19994,1999.4,6,0,0,13.09
19995,1999.5,6,1,0,13.32
19996,1999.6,6,0,0,13.29
19997,1999.7,6,0,0,13.28
19998,1999.8,6,0,0,13.29
19999,1999.9,6,0,0,13.33
20000,2000,6,0,0,13.29
20001,2000.1,6,1,0,12.65
20002,2000.2,6,0,0,12.61
20003,2000.3,5,1,0,13.18
20004,2000.4,4,1,0,13.27
20005,2000.5,4,0,0,13.33
20006,2000.6,4,0,0,13.36
20007,2000.7,4,0,0,13.41
20008,2000.8,4,0,0,13.44
20009,2000.9,4,0,0,13.48
20010,2001,4,0,0,13.41
20011,2001.1,4,0,0,13.45
20012,2001.2,4,0,0,13.46
20013,2001.3,4,0,0,13.44
20014,2001.4,4,0,0,13.46
20015,2001.5,4,0,0,13.48
20016,2001.6,5,0,0,13.57
20017,2001.7,5,0,0,13.53
20018,2001.8,5,0,0,13.54
20019,2001.9,4,1,0,13.45
20020,2002,4,0,0,13.41
20021,2002.1,4,0,0,13.47
20022,2002.2,4,0,0,13.47
20023,2002.3,4,0,0,13.45
20024,2002.4,5,0,0,13.33
20025,2002.5,5,0,0,13.3
20026,2002.6,5,0,0,13.29
20027,2002.7,6,0,0,13.25
20028,2002.8,5,1,0,13.2
20029,2002.9,5,0,0,13.22
20030,2003,4,1,0,13.33
20031,2003.1,4,0,0,13.33
20032,2003.2,4,0,0,13.31
20033,2003.3,4,0,0,13.31
20034,2003.4,4,0,0,13.34
20035,2003.5,4,0,0,13.31
20036,2003.6,4,0,0,13.35
20037,2003.7,4,0,0,13.34
20038,2003.8,4,0,0,13.3
20039,2003.9,4,0,0,13.32
20040,2004,4,0,0,13.35
20041,2004.1,4,0,0,13.32
20042,2004.2,4,0,0,13.31
20043,2004.3,4,0,0,13.31
20044,2004.4,4,0,0,13.3
20045,2004.5,4,0,0,13.3
20046,2004.6,4,0,0,13.35
20047,2004.7,5,0,0,12.68
20048,2004.8,6,0,0,12.83
20049,2004.9,6,0,0,12.81
20050,2005,6,0,0,12.82
20051,2005.1,5,1,0,12.76
20052,2005.2,6,0,0,12.91
20053,2005.3,6,0,0,12.89
20054,2005.4,6,0,0,12.9
20055,2005.5,6,0,0,12.87
20056,2005.6,6,0,0,12.89
20057,2005.7,6,0,0,12.89
20058,2005.8,5,1,0,12.79
20059,2005.9,5,0,0,12.78
20060,2006,5,0,0,12.77
20061,2006.1,5,0,0,12.8
20062,2006.2,5,0,0,12.78
20063,2006.3,6,0,0,12.25
20064,2006.4,5,1,0,12.14
20065,2006.5,5,0,0,12.12
20066,2006.6,5,0,0,12.13
20067,2006.7,5,0,0,12.13
20068,2006.8,5,0,0,12.13
20069,2006.9,5,0,0,12.12
20070,2007,5,0,0,12.18
20071,2007.1,5,0,0,12.16
20072,2007.2,5,0,0,12.14
20073,2007.3,5,0,0,12.14
20074,2007.4,5,0,0,12.13
20075,2007.5,5,0,0,12.13
20076,2007.6,5,0,0,12.17
20077,2007.7,5,0,0,12.13
20078,2007.8,6,0,0,11.82
20079,2007.9,6,0,0,11.81
20080,2008,6,1,0,11.33
20081,2008.1,6,0,0,11.35
20082,2008.2,6,0,0,11.34
20083,2008.3,6,0,0,11.36
20084,2008.4,6,0,0,11.37
20085,2008.5,6,0,0,11.35
20086,2008.6,7,0,0,10.71
20087,2008.7,6,1,0,10.67
20088,2008.8,6,0,0,10.68
20089,2008.9,6,0,0,10.7
20090,2009,5,1,0,10.9
20091,2009.1,5,0,0,10.97
20092,2009.2,5,0,0,11.01
20093,2009.3,5,0,0,11.09
20094,2009.4,5,0,0,11.13
20095,2009.5,5,0,0,11.21
20096,2009.6,5,0,0,11.25
20097,2009.7,5,0,0,11.26
20098,2009.8,5,0,0,11.33
20099,2009.9,6,0,0,11.76
20100,2010,6,0,0,11.78
20101,2010.1,6,0,0,11.81
20102,2010.2,6,0,0,11.85
20103,2010.3,6,0,0,11.91
20104,2010.4,6,0,0,11.97
20105,2010.5,6,0,0,11.98
20106,2010.6,6,0,0,12.05
20107,2010.7,6,0,0,12.07
20108,2010.8,6,1,0,12.12
20109,2010.9,5,1,0,11.94
20110,2011,5,0,0,11.93
20111,2011.1,6,0,0,11.58
20112,2011.2,6,0,0,11.59
20113,2011.3,6,0,0,11.61
20114,2011.4,5,1,0,11.16
20115,2011.5,5,0,0,11.19
20116,2011.6,5,0,0,11.21
20117,2011.7,5,0,0,11.2
20118,2011.8,5,0,0,11.19
20119,2011.9,5,0,0,11.19
20120,2012,5,0,0,11.15
20121,2012.1,5,0,0,11.2
20122,2012.2,5,0,0,11.19
20123,2012.3,5,0,0,11.2
20124,2012.4,5,0,0,11.23
20125,2012.5,5,0,0,11.22
20126,2012.6,5,0,0,11.25
20127,2012.7,5,0,0,11.25
20128,2012.8,5,0,0,11.24
20129,2012.9,5,0,0,11.24
20130,2013,5,0,0,11.2
20131,2013.1,5,0,0,11.24
20132,2013.2,5,0,0,11.25
20133,2013.3,5,0,0,11.27
20134,2013.4,6,0,0,11.71
20135,2013.5,5,1,0,11.33
20136,2013.6,5,0,0,11.33
20137,2013.7,6,0,0,11.53
20138,2013.8,6,0,0,11.53
20139,2013.9,6,0,0,11.51
20140,2014,6,0,0,11.52
20141,2014.1,6,0,0,11.52
20142,2014.2,6,1,0,11.56
20143,2014.3,5,1,0,11.38
20144,2014.4,5,0,0,11.33
20145,2014.5,5,0,0,11.33
20146,2014.6,5,0,0,11.31
20147,2014.7,5,0,0,11.29
20148,2014.8,5,0,0,11.26
20149,2014.9,5,0,0,11.26
20150,2015,5,0,0,11.25
20151,2015.1,5,0,0,11.22
20152,2015.2,5,0,0,11.24
20153,2015.3,5,0,0,11.21
20154,2015.4,5,0,0,11.17
20155,2015.5,5,0,0,11.16
20156,2015.6,5,0,0,11.2
20157,2015.7,5,0,0,11.15
20158,2015.8,5,0,0,11.15
20159,2015.9,5,0,0,11.13
20160,2016,5,0,0,11.11
20161,2016.1,6,0,0,10.92
20162,2016.2,6,0,0,10.93
20163,2016.3,5,1,0,11.11
20164,2016.4,5,0,0,11.09
20165,2016.5,6,0,0,11.56
20166,2016.6,6,0,0,11.53
20167,2016.7,6,0,0,11.54
20168,2016.8,6,0,0,11.54
20169,2016.9,5,1,0,11.07
20170,2017,6,0,0,11.54
20171,2017.1,5,1,0,11.03
20172,2017.2,5,0,0,11.03
20173,2017.3,5,0,0,11
20174,2017.4,6,0,0,11.51
20175,2017.5,6,0,0,11.51
20176,2017.6,6,0,0,11.5
20177,2017.7,6,0,0,11.48
20178,2017.8,6,0,0,11.46
20179,2017.9,6,0,0,11.43
20180,2018,6,0,0,11.44
20181,2018.1,6,0,0,11.46
20182,2018.2,6,0,0,11.45
20183,2018.3,6,0,0,11.41
20184,2018.4,6,0,0,11.44
20185,2018.5,6,0,0,11.4
20186,2018.6,6,0,0,11.41
20187,2018.7,6,0,0,11.41
20188,2018.8,6,0,0,11.41
20189,2018.9,6,0,0,11.39
20190,2019,6,0,0,11.43
20191,2019.1,6,0,0,11.41
20192,2019.2,6,0,0,11.41
20193,2019.3,7,0,0,11.77
20194,2019.4,7,0,0,11.75
20195,2019.5,7,0,0,11.71
20196,2019.6,7,0,0,11.72
20197,2019.7,7,0,0,11.74
20198,2019.8,7,0,0,11.73
20199,2019.9,6,1,0,11.36
20200,2020,5,1,0,11.64
20201,2020.1,5,0,0,11.7
20202,2020.2,5,0,0,11.76
20203,2020.3,5,0,0,11.84
20204,2020.4,5,0,0,11.91
20205,2020.5,6,1,0,12.06
20206,2020.6,6,0,0,12.12
20207,2020.7,6,0,0,12.2
20208,2020.8,6,0,0,12.26
20209,2020.9,6,0,0,12.36
20210,2021,6,0,0,12.46
20211,2021.1,6,0,0,12.51
20212,2021.2,6,0,0,12.58
20213,2021.3,6,0,0,12.68
20214,2021.4,6,0,0,12.75
20215,2021.5,6,0,0,12.77
20216,2021.6,6,0,0,12.86
20217,2021.7,6,0,0,12.92
20218,2021.8,6,0,0,12.97
20219,2021.9,5,1,0,13.03
20220,2022,5,0,0,13.05
20221,2022.1,6,0,0,13.28
20222,2022.2,6,0,0,13.32
20223,2022.3,6,0,0,13.37
20224,2022.4,6,0,0,13.44
20225,2022.5,6,0,0,13.52
20226,2022.6,6,0,0,13.54
20227,2022.7,5,1,0,13.5
20228,2022.8,5,0,0,13.53
20229,2022.9,5,0,0,13.56
20230,2023,5,0,0,13.52
20231,2023.1,5,0,0,13.55
20232,2023.2,5,0,0,13.5
20233,2023.3,4,1,0,13.4
20234,2023.4,4,0,0,13.47
20235,2023.5,4,0,0,13.55
20236,2023.6,4,0,0,13.54
20237,2023.7,5,0,0,13.6
20238,2023.8,5,0,0,13.62
20239,2023.9,5,0,0,13.59
20240,2024,5,0,0,13.6
20241,2024.1,6,0,0,13.71
20242,2024.2,6,0,0,13.65
20243,2024.3,5,1,0,13.87
20244,2024.4,5,0,0,13.88
20245,2024.5,5,0,0,13.85
20246,2024.6,5,0,0,13.85
20247,2024.7,4,1,0,13.86
20248,2024.8,4,0,0,13.84
20249,2024.9,4,0,0,13.82
20250,2025,5,0,0,13.85
20251,2025.1,5,0,0,13.84
20252,2025.2,5,0,0,13.83
20253,2025.3,5,0,0,13.83
20254,2025.4,5,0,0,13.85
20255,2025.5,5,0,0,13.83
20256,2025.6,4,1,0,13.85
20257,2025.7,4,0,0,13.84
20258,2025.8,4,0,0,13.81
20259,2025.9,4,0,0,13.87
20260,2026,4,0,0,13.86
20261,2026.1,4,0,0,13.83
20262,2026.2,4,0,0,13.87
20263,2026.3,4,0,0,13.83
20264,2026.4,4,0,0,13.85
20265,2026.5,4,0,0,13.85
20266,2026.6,3,1,0,13.85
20267,2026.7,3,0,0,13.8
20268,2026.8,4,0,0,13.89
20269,2026.9,4,0,0,13.84
20270,2027,4,0,0,13.84
20271,2027.1,4,0,0,13.87
20272,2027.2,4,0,0,13.86
20273,2027.3,4,0,0,13.84
20274,2027.4,4,0,0,13.86
20275,2027.5,4,0,0,13.83
20276,2027.6,4,1,0,13.58
20277,2027.7,4,0,0,13.54
20278,2027.8,5,0,0,13.63
20279,2027.9,5,0,0,13.62
20280,2028,5,0,0,13.63
20281,2028.1,5,0,0,13.6
20282,2028.2,5,0,0,13.63
20283,2028.3,5,0,0,13.63
20284,2028.4,4,1,0,13.56
20285,2028.5,4,0,0,13.53
20286,2028.6,4,0,0,13.53
20287,2028.7,4,0,0,13.57
20288,2028.8,4,0,0,13.53
20289,2028.9,4,0,0,13.54
20290,2029,4,0,0,13.54
20291,2029.1,4,0,0,13.56
20292,2029.2,4,0,0,13.52
20293,2029.3,4,0,0,13.5
20294,2029.4,4,0,0,13.56
20295,2029.5,4,0,0,13.56
20296,2029.6,4,0,0,13.56
20297,2029.7,4,0,0,13.52
20298,2029.8,4,0,0,13.59
20299,2029.9,3,1,0,13.49
20300,2030,4,0,0,13.66
20301,2030.1,4,0,0,13.61
20302,2030.2,4,0,0,13.64
20303,2030.3,4,0,0,13.65
20304,2030.4,4,0,0,13.64
20305,2030.5,4,0,0,13.61
20306,2030.6,5,0,0,13.7
20307,2030.7,5,0,0,13.68
20308,2030.8,5,0,0,13.69
20309,2030.9,6,0,0,13.03
20310,2031,6,0,0,13.02
20311,2031.1,6,0,0,13.03
20312,2031.2,6,1,0,13.01
20313,2031.3,6,0,0,12.99
20314,2031.4,5,1,0,13.05
20315,2031.5,5,0,0,13.05
20316,2031.6,5,0,0,13.06
20317,2031.7,5,0,0,13.07
20318,2031.8,5,0,0,13.06
20319,2031.9,5,0,0,13.07
20320,2032,5,0,0,13.08
20321,2032.1,6,0,0,12.57
20322,2032.2,6,0,0,12.56
20323,2032.3,5,1,0,13.03
20324,2032.4,5,0,0,13.05
20325,2032.5,5,0,0,13.06
20326,2032.6,5,0,0,13.04
20327,2032.7,5,0,0,13.05
20328,2032.8,5,0,0,13.05
20329,2032.9,4,1,0,12.82
20330,2033,4,0,0,12.84
20331,2033.1,5,0,0,12.56
20332,2033.2,5,0,0,12.56
20333,2033.3,5,0,0,12.52
20334,2033.4,6,0,0,12.77
20335,2033.5,6,0,0,12.77
20336,2033.6,6,0,0,12.75
20337,2033.7,6,0,0,12.72
20338,2033.8,6,0,0,12.73
20339,2033.9,6,0,0,12.73
20340,2034,5,1,0,12.47
20341,2034.1,5,0,0,12.46
20342,2034.2,5,0,0,12.48
20343,2034.3,5,0,0,12.44
20344,2034.4,5,0,0,12.46
20345,2034.5,5,0,0,12.45
20346,2034.6,5,0,0,12.46
20347,2034.7,5,0,0,12.46
20348,2034.8,5,1,0,12.45
20349,2034.9,5,0,0,12.4
20350,2035,5,0,0,12.41
20351,2035.1,5,0,0,12.42
20352,2035.2,5,0,0,12.41
20353,2035.3,5,0,0,12.43
20354,2035.4,5,0,0,12.41
20355,2035.5,5,0,0,12.38
20356,2035.6,5,0,0,12.37
20357,2035.7,5,0,0,12.36
20358,2035.8,5,0,0,12.37
20359,2035.9,5,0,0,12.37
20360,2036,4,1,0,11.96
20361,2036.1,4,0,0,11.97
20362,2036.2,4,0,0,11.97
20363,2036.3,6,0,0,12.46
20364,2036.4,6,0,0,12.43
20365,2036.5,6,0,0,12.46
20366,2036.6,6,0,0,12.44
20367,2036.7,6,0,0,12.45
20368,2036.8,6,0,0,12.48
20369,2036.9,5,1,0,12.16
20370,2037,5,0,0,12.15
20371,2037.1,5,0,0,12.14
20372,2037.2,5,0,0,12.15
20373,2037.3,5,0,0,12.15
20374,2037.4,5,0,0,12.14
20375,2037.5,5,0,0,12.13
20376,2037.6,5,0,0,12.12
20377,2037.7,5,0,0,12.12
20378,2037.8,5,0,0,12.14
20379,2037.9,5,0,0,12.12
20380,2038,5,0,0,12.14
20381,2038.1,5,0,0,12.11
20382,2038.2,5,0,0,12.13
20383,2038.3,6,0,0,12.43
20384,2038.4,5,1,0,12.23
20385,2038.5,5,0,0,12.25
20386,2038.6,5,0,0,12.23
20387,2038.7,5,0,0,12.21
20388,2038.8,5,0,0,12.19
20389,2038.9,5,0,0,12.24
20390,2039,5,0,0,12.21
20391,2039.1,6,0,0,12.46
20392,2039.2,5,1,0,12.15
20393,2039.3,5,0,0,12.14
20394,2039.4,6,0,0,12.45
20395,2039.5,6,0,0,12.4
20396,2039.6,6,0,0,12.37
20397,2039.7,5,1,0,12.12
20398,2039.8,5,0,0,12.12
20399,2039.9,5,0,0,12.13
20400,2040,5,0,0,12.09
20401,2040.1,5,0,0,12.1
20402,2040.2,5,0,0,12.07
20403,2040.3,5,0,0,12.05
20404,2040.4,5,0,0,12.04
20405,2040.5,5,0,0,12.01
20406,2040.6,5,0,0,12.01
20407,2040.7,5,0,0,12
20408,2040.8,5,0,0,11.98
20409,2040.9,5,0,0,11.94
20410,2041,5,0,0,11.94
20411,2041.1,5,0,0,11.95
20412,2041.2,5,0,0,11.93
20413,2041.3,5,0,0,11.94
20414,2041.4,5,0,0,11.92
20415,2041.5,5,0,0,11.88
20416,2041.6,5,0,0,11.91
20417,2041.7,5,0,0,11.9
20418,2041.8,4,1,0,11.36
20419,2041.9,6,0,0,11.56
20420,2042,6,0,0,11.55
20421,2042.1,6,0,0,11.54
20422,2042.2,6,0,0,11.53
20423,2042.3,6,0,0,11.53
20424,2042.4,6,0,0,11.53
20425,2042.5,6,0,0,11.54
20426,2042.6,6,1,0,11.86
20427,2042.7,6,0,0,11.86
20428,2042.8,6,0,0,11.83
20429,2042.9,6,0,0,11.85
20430,2043,6,0,0,11.85
20431,2043.1,5,1,0,12.19
20432,2043.2,5,0,0,12.21
20433,2043.3,5,0,0,12.27
20434,2043.4,5,0,0,12.37
20435,2043.5,5,0,0,12.45
20436,2043.6,5,0,0,12.54
20437,2043.7,5,0,0,12.62
20438,2043.8,5,0,0,12.72
20439,2043.9,5,0,0,12.75
20440,2044,5,0,0,12.83
20441,2044.1,5,0,0,12.89
20442,2044.2,5,0,0,12.98
20443,2044.3,5,0,0,13.06
20444,2044.4,5,0,0,13.12
20445,2044.5,5,0,0,13.18
20446,2044.6,5,0,0,13.24
20447,2044.7,6,0,0,12.73
20448,2044.8,6,0,0,12.75
20449,2044.9,6,0,0,12.78
20450,2045,5,1,0,12.6
20451,2045.1,5,0,0,12.61
20452,2045.2,5,0,0,12.61
20453,2045.3,5,0,0,12.58
20454,2045.4,6,0,0,12.73
20455,2045.5,5,1,0,13.32
20456,2045.6,5,0,0,13.32
20457,2045.7,6,0,0,13.18
20458,2045.8,6,0,0,13.18
20459,2045.9,5,1,0,13.39
20460,2046,5,0,0,13.42
20461,2046.1,5,0,0,13.38
20462,2046.2,5,0,0,13.43
20463,2046.3,5,0,0,13.4
20464,2046.4,6,0,0,12.78
20465,2046.5,6,0,0,12.76
20466,2046.6,5,1,0,12.72
20467,2046.7,5,0,0,12.7
20468,2046.8,5,0,0,12.77
20469,2046.9,5,0,0,12.74
20470,2047,5,0,0,12.78
20471,2047.1,5,0,0,12.77
20472,2047.2,5,0,0,12.81
20473,2047.3,5,0,0,12.81
20474,2047.4,5,0,0,12.79
20475,2047.5,6,0,0,12.68
20476,2047.6,6,0,0,12.63
20477,2047.7,6,0,0,12.63
20478,2047.8,6,0,0,12.63
20479,2047.9,6,0,0,12.67
20480,2048,6,0,0,12.65
20481,2048.1,6,1,0,12.34
20482,2048.2,6,0,0,12.31
20483,2048.3,5,1,0,12.81
20484,2048.4,5,0,0,12.78
20485,2048.5,5,0,0,12.79
20486,2048.6,4,1,0,12.53
20487,2048.7,4,0,0,12.5
20488,2048.8,5,0,0,12.78
20489,2048.9,5,0,0,12.79
20490,2049,5,1,0,12.6
20491,2049.1,5,0,0,12.58
20492,2049.2,5,0,0,12.57
20493,2049.3,5,0,0,12.54
20494,2049.4,5,0,0,12.54
20495,2049.5,5,0,0,12.54
20496,2049.6,5,0,0,12.51
20497,2049.7,5,0,0,12.51
20498,2049.8,5,0,0,12.49
20499,2049.9,5,0,0,12.47
20500,2050,5,0,0,12.48
20501,2050.1,5,0,0,12.46
20502,2050.2,5,0,0,12.46
20503,2050.3,5,0,0,12.43
20504,2050.4,6,0,0,12.64
20505,2050.5,6,0,0,12.64
20506,2050.6,6,0,0,12.65
20507,2050.7,5,1,0,13.14
20508,2050.8,5,0,0,13.15
20509,2050.9,5,0,0,13.22
20510,2051,4,1,0,13.17
20511,2051.1,4,0,0,13.17
20512,2051.2,4,0,0,13.24
20513,2051.3,4,0,0,13.3
20514,2051.4,4,0,0,13.35
20515,2051.5,4,0,0,13.45
20516,2051.6,4,0,0,13.45
20517,2051.7,4,0,0,13.5
20518,2051.8,3,1,0,13.42
20519,2051.9,3,0,0,13.46
20520,2052,4,0,0,13.57
20521,2052.1,4,0,0,13.54
20522,2052.2,4,0,0,13.54
20523,2052.3,4,0,0,13.56
20524,2052.4,4,0,0,13.56
20525,2052.5,5,0,0,13.64
20526,2052.6,5,0,0,13.6
20527,2052.7,5,0,0,13.64
20528,2052.8,4,1,0,13.62
20529,2052.9,4,0,0,13.56
20530,2053,4,0,0,13.57
20531,2053.1,4,0,0,13.57
20532,2053.2,5,0,0,13.3
20533,2053.3,5,0,0,13.27
20534,2053.4,5,0,0,13.26
20535,2053.5,5,0,0,13.28
20536,2053.6,5,0,0,13.25
20537,2053.7,5,0,0,13.27
20538,2053.8,4,1,0,13.56
20539,2053.9,4,0,0,13.55
20540,2054,5,0,0,12.87
20541,2054.1,5,0,0,12.83
20542,2054.2,5,0,0,12.85
20543,2054.3,5,0,0,12.86
20544,2054.4,5,0,0,12.88
20545,2054.5,5,0,0,12.86
20546,2054.6,5,0,0,12.86
20547,2054.7,5,0,0,12.85
20548,2054.8,5,0,0,12.84
20549,2054.9,5,0,0,12.88
20550,2055,5,0,0,12.84
20551,2055.1,6,0,0,12.06
20552,2055.2,6,0,0,12.04
20553,2055.3,6,0,0,12.03
20554,2055.4,6,0,0,12.04
20555,2055.5,6,0,0,12.06
20556,2055.6,6,0,0,12.06
20557,2055.7,6,0,0,12.1
20558,2055.8,5,1,0,11.98
20559,2055.9,5,0,0,12.01
20560,2056,5,1,0,11.97
20561,2056.1,6,0,0,12.19
20562,2056.2,6,0,0,12.22
20563,2056.3,6,0,0,12.21
20564,2056.4,6,0,0,12.24
20565,2056.5,6,0,0,12.24
20566,2056.6,5,1,0,11.92
20567,2056.7,5,0,0,11.94
20568,2056.8,5,0,0,11.96
20569,2056.9,5,0,0,11.94
20570,2057,5,0,0,11.97
20571,2057.1,5,0,0,11.96
20572,2057.2,5,0,0,11.96
20573,2057.3,5,0,0,12
20574,2057.4,5,0,0,11.98
20575,2057.5,5,0,0,12
20576,2057.6,5,0,0,12
20577,2057.7,5,0,0,12.01
20578,2057.8,5,0,0,12.02
20579,2057.9,5,0,0,12.01
20580,2058,4,1,0,11.55
20581,2058.1,4,0,0,11.55
20582,2058.2,4,0,0,11.57
20583,2058.3,5,0,0,11.8
20584,2058.4,5,0,0,11.78
20585,2058.5,5,0,0,11.74
20586,2058.6,5,0,0,11.75
20587,2058.7,5,0,0,11.76
20588,2058.8,6,0,0,11.87
20589,2058.9,6,0,0,11.83
20590,2059,6,0,0,11.82
20591,2059.1,6,0,0,11.82
20592,2059.2,6,0,0,11.82
20593,2059.3,6,0,0,11.79
20594,2059.4,5,1,0,11.7
20595,2059.5,5,0,0,11.71
20596,2059.6,5,0,0,11.66
20597,2059.7,6,0,0,12.04
20598,2059.8,5,1,0,11.78
20599,2059.9,5,0,0,11.81
20600,2060,5,0,0,11.79
20601,2060.1,5,0,0,11.77
20602,2060.2,5,0,0,11.73
20603,2060.3,5,0,0,11.77
20604,2060.4,5,0,0,11.77
20605,2060.5,5,0,0,11.75
20606,2060.6,5,0,0,11.75
20607,2060.7,5,0,0,11.73
20608,2060.8,5,0,0,11.74
20609,2060.9,5,0,0,11.71
20610,2061,5,0,0,11.71
20611,2061.1,5,0,0,11.71
20612,2061.2,4,1,0,11.2
20613,2061.3,4,0,0,11.17
20614,2061.4,5,0,0,11.75
20615,2061.5,5,0,0,11.72
20616,2061.6,5,0,0,11.68
20617,2061.7,6,0,0,12.1
20618,2061.8,6,0,0,12.06
20619,2061.9,6,0,0,12.07
20620,2062,6,0,0,12.07
20621,2062.1,6,0,0,12.07
20622,2062.2,6,0,0,12.06
20623,2062.3,5,1,0,11.69
20624,2062.4,5,0,0,11.67
20625,2062.5,5,0,0,11.69
20626,2062.6,5,0,0,11.65
20627,2062.7,5,0,0,11.64
20628,2062.8,5,0,0,11.66
20629,2062.9,5,0,0,11.65
20630,2063,5,0,0,11.67
20631,2063.1,5,0,0,11.63
20632,2063.2,5,1,0,11.66
20633,2063.3,5,0,0,11.64
20634,2063.4,5,0,0,11.64
20635,2063.5,5,0,0,11.62
20636,2063.6,5,0,0,11.6
20637,2063.7,5,0,0,11.56
20638,2063.8,5,0,0,11.54
20639,2063.9,5,0,0,11.52
20640,2064,5,0,0,11.51
20641,2064.1,6,0,0,11.24
20642,2064.2,6,0,0,11.23
20643,2064.3,5,1,0,11.46
20644,2064.4,5,0,0,11.45
20645,2064.5,6,0,0,11.86
20646,2064.6,7,0,0,12.14
20647,2064.7,7,0,0,12.11
20648,2064.8,7,0,0,12.11
20649,2064.9,7,0,0,12.09
20650,2065,7,0,0,12.05
20651,2065.1,6,1,0,11.77
20652,2065.2,6,0,0,11.75
20653,2065.3,6,0,0,11.75
20654,2065.4,6,0,0,11.75
20655,2065.5,6,0,0,11.73
20656,2065.6,6,0,0,11.71
20657,2065.7,6,0,0,11.69
20658,2065.8,6,0,0,11.67
20659,2065.9,6,0,0,11.68
20660,2066,6,0,0,11.65
20661,2066.1,6,0,0,11.65
20662,2066.2,5,1,0,11.95
20663,2066.3,5,0,0,12.02
20664,2066.4,5,0,0,12.13
20665,2066.5,5,0,0,12.18
20666,2066.6,5,0,0,12.29
20667,2066.7,4,1,0,11.96
20668,2066.8,5,0,0,12.1
20669,2066.9,5,0,0,12.16
20670,2067,5,0,0,12.27
20671,2067.1,5,0,0,12.33
20672,2067.2,5,0,0,12.44
20673,2067.3,6,0,0,12.74
20674,2067.4,6,0,0,12.83
20675,2067.5,6,0,0,12.87
20676,2067.6,6,0,0,12.95
20677,2067.7,7,0,0,12.94
20678,2067.8,7,0,0,13.03
20679,2067.9,6,1,0,12.94
20680,2068,6,0,0,13
20681,2068.1,5,1,0,12.91
20682,2068.2,5,0,0,12.94
20683,2068.3,5,0,0,13.03
20684,2068.4,5,0,0,13.1
20685,2068.5,5,0,0,13.19
20686,2068.6,5,0,0,13.24
20687,2068.7,5,0,0,13.22
20688,2068.8,5,0,0,13.25
20689,2068.9,5,0,0,13.26
20690,2069,5,0,0,13.23
20691,2069.1,5,0,0,13.22
20692,2069.2,5,0,0,13.22
20693,2069.3,5,0,0,13.23
20694,2069.4,5,0,0,13.25
20695,2069.5,4,1,0,13.03
20696,2069.6,4,0,0,13.06
20697,2069.7,4,0,0,13.07
20698,2069.8,4,0,0,13.04
20699,2069.9,4,0,0,13.07
20700,2070,4,0,0,13.08
20701,2070.1,5,0,0,13.26
20702,2070.2,5,0,0,13.25
20703,2070.3,6,0,0,13.17
20704,2070.4,6,0,0,13.15
20705,2070.5,6,0,0,13.15
20706,2070.6,6,0,0,13.16
20707,2070.7,4,2,0,13.21
20708,2070.8,4,0,0,13.18
20709,2070.9,5,0,0,13.35
20710,2071,4,1,0,13.16
20711,2071.1,4,0,0,13.16
20712,2071.2,4,0,0,13.2
20713,2071.3,4,0,0,13.18
20714,2071.4,4,0,0,13.21
20715,2071.5,4,0,0,13.15
20716,2071.6,4,0,0,13.19
20717,2071.7,4,0,0,13.17
20718,2071.8,4,0,0,13.17
20719,2071.9,4,0,0,13.21
20720,2072,4,0,0,13.19
20721,2072.1,4,0,0,13.2
20722,2072.2,4,0,0,13.14
20723,2072.3,4,0,0,13.16
20724,2072.4,4,0,0,13.2
20725,2072.5,4,0,0,13.15
20726,2072.6,4,0,0,13.18
20727,2072.7,4,0,0,13.21
20728,2072.8,4,0,0,13.17
20729,2072.9,4,0,0,13.16
20730,2073,5,0,0,13.36
20731,2073.1,5,0,0,13.3
20732,2073.2,5,0,0,13.34
20733,2073.3,5,0,0,13.33
20734,2073.4,5,0,0,13.32
20735,2073.5,5,0,0,13.33
20736,2073.6,4,1,0,13.16
20737,2073.7,4,0,0,13.18
20738,2073.8,3,1,0,12.95
20739,2073.9,4,0,0,13.21
20740,2074,5,0,0,13.31
20741,2074.1,4,1,0,13.41
20742,2074.2,4,0,0,13.44
20743,2074.3,4,0,0,13.47
20744,2074.4,4,0,0,13.43
20745,2074.5,4,0,0,13.49
20746,2074.6,4,0,0,13.45
20747,2074.7,4,0,0,13.47
20748,2074.8,4,0,0,13.46
20749,2074.9,4,0,0,13.44
20750,2075,4,0,0,13.43
20751,2075.1,4,0,0,13.44
20752,2075.2,4,0,0,13.44
20753,2075.3,4,0,0,13.44
20754,2075.4,4,0,0,13.44
20755,2075.5,4,0,0,13.44
20756,2075.6,4,0,0,13.43
20757,2075.7,4,0,0,13.46
20758,2075.8,5,0,0,13.29
20759,2075.9,5,0,0,13.3
20760,2076,5,0,0,13.28
20761,2076.1,5,0,0,13.31
20762,2076.2,5,0,0,13.29
20763,2076.3,5,0,0,13.27
20764,2076.4,4,1,0,13.47
20765,2076.5,4,0,0,13.44
20766,2076.6,4,0,0,13.43
20767,2076.7,4,0,0,13.44
20768,2076.8,4,0,0,13.43
20769,2076.9,4,0,0,13.46
20770,2077,4,0,0,13.46
20771,2077.1,5,0,0,12.75
20772,2077.2,5,0,0,12.77
20773,2077.3,5,0,0,12.78
20774,2077.4,5,1,0,12.56
20775,2077.5,5,0,0,12.53
20776,2077.6,5,0,0,12.54
20777,2077.7,5,0,0,12.51
20778,2077.8,5,0,0,12.53
20779,2077.9,6,0,0,11.57
20780,2078,6,0,0,11.57
20781,2078.1,6,0,0,11.58
20782,2078.2,5,1,0,11.49
20783,2078.3,5,0,0,11.51
20784,2078.4,5,0,0,11.53
20785,2078.5,5,0,0,11.57
20786,2078.6,6,0,0,11.79
20787,2078.7,6,0,0,11.81
20788,2078.8,6,0,0,11.84
20789,2078.9,6,0,0,11.84
20790,2079,6,0,0,11.84
20791,2079.1,6,0,0,11.87
20792,2079.2,5,1,0,11.68
20793,2079.3,5,0,0,11.68
20794,2079.4,5,0,0,11.72
20795,2079.5,5,0,0,11.73
20796,2079.6,5,0,0,11.73
20797,2079.7,5,0,0,11.78
20798,2079.8,5,0,0,11.76
20799,2079.9,5,0,0,11.78
20800,2080,5,0,0,11.8
20801,2080.1,5,1,0,11.02
20802,2080.2,5,0,0,11.02
20803,2080.3,5,1,0,10.96
20804,2080.4,5,0,0,10.97
20805,2080.5,5,0,0,10.96
20806,2080.6,5,0,0,10.96
20807,2080.7,5,0,0,11
20808,2080.8,5,0,0,10.98
20809,2080.9,5,0,0,10.98
20810,2081,6,0,0,11.42
20811,2081.1,6,0,0,11.42
20812,2081.2,5,1,0,11.18
20813,2081.3,5,0,0,11.17
20814,2081.4,6,0,0,11.66
20815,2081.5,6,0,0,11.66
20816,2081.6,6,0,0,11.64
20817,2081.7,6,0,0,11.67
20818,2081.8,6,0,0,11.66
20819,2081.9,6,0,0,11.65
20820,2082,5,1,0,11.19
20821,2082.1,5,0,0,11.22
20822,2082.2,5,0,0,11.22
20823,2082.3,5,0,0,11.21
20824,2082.4,5,0,0,11.22
20825,2082.5,5,0,0,11.22
20826,2082.6,5,0,0,11.21
20827,2082.7,5,0,0,11.28
20828,2082.8,5,0,0,11.25
20829,2082.9,5,0,0,11.27
20830,2083,5,0,0,11.25
20831,2083.1,5,0,0,11.27
20832,2083.2,5,0,0,11.29
20833,2083.3,4,1,0,10.66
20834,2083.4,4,0,0,10.68
20835,2083.5,5,0,0,11.2
20836,2083.6,5,0,0,11.19
20837,2083.7,5,0,0,11.17
20838,2083.8,5,0,0,11.14
20839,2083.9,5,0,0,11.18
20840,2084,5,0,0,11.2
20841,2084.1,5,0,0,11.18
20842,2084.2,5,0,0,11.19
20843,2084.3,6,0,0,11.58
20844,2084.4,6,0,0,11.54
20845,2084.5,6,0,0,11.53
20846,2084.6,6,1,0,11.5
20847,2084.7,6,0,0,11.47
20848,2084.8,6,0,0,11.46
20849,2084.9,5,1,0,11.05
20850,2085,5,0,0,11.07
20851,2085.1,5,0,0,11.03
20852,2085.2,5,0,0,10.98
20853,2085.3,5,0,0,10.97
20854,2085.4,5,0,0,10.97
20855,2085.5,5,0,0,10.98
20856,2085.6,5,0,0,10.94
20857,2085.7,5,0,0,10.94
20858,2085.8,5,0,0,10.94
20859,2085.9,5,0,0,10.93
20860,2086,5,0,0,10.93
20861,2086.1,5,0,0,10.9
20862,2086.2,5,0,0,10.89
20863,2086.3,5,0,0,10.88
20864,2086.4,5,0,0,10.89
20865,2086.5,6,0,0,10.73
20866,2086.6,7,0,0,11.19
20867,2086.7,7,0,0,11.18
20868,2086.8,7,0,0,11.16
20869,2086.9,7,0,0,11.18
20870,2087,7,0,0,11.15
20871,2087.1,8,0,0,11.52
20872,2087.2,8,0,0,11.49
20873,2087.3,8,0,0,11.5
20874,2087.4,8,0,0,11.5
20875,2087.5,8,0,0,11.5
20876,2087.6,8,0,0,11.48
20877,2087.7,7,1,0,11.14
20878,2087.8,7,0,0,11.12
20879,2087.9,7,0,0,11.14
20880,2088,7,0,0,11.11
20881,2088.1,8,0,0,10.94
20882,2088.2,7,1,0,10.59
20883,2088.3,7,0,0,10.6
20884,2088.4,7,0,0,10.6
20885,2088.5,7,0,0,10.59
20886,2088.6,7,0,0,10.59
20887,2088.7,7,0,0,10.59
20888,2088.8,7,0,0,10.58
20889,2088.9,7,0,0,10.56
20890,2089,7,0,0,10.54
20891,2089.1,7,0,0,10.57
20892,2089.2,7,0,0,10.58
20893,2089.3,6,1,0,10.67
20894,2089.4,6,0,0,10.72
20895,2089.5,6,0,0,10.78
20896,2089.6,6,0,0,10.87
20897,2089.7,6,0,0,10.93
20898,2089.8,7,0,0,11.44
20899,2089.9,8,0,0,11.77
20900,2090,8,0,0,11.82
20901,2090.1,8,0,0,11.85
20902,2090.2,8,0,0,11.91
20903,2090.3,8,0,0,11.98
20904,2090.4,8,0,0,12.03
20905,2090.5,7,1,0,11.87
20906,2090.6,7,0,0,11.93
20907,2090.7,7,0,0,11.99
20908,2090.8,6,1,0,12.44
20909,2090.9,6,0,0,12.58
20910,2091,6,0,0,12.73
20911,2091.1,6,0,0,12.84
20912,2091.2,5,1,0,12.79
20913,2091.3,5,0,0,12.9
20914,2091.4,5,0,0,13.03
20915,2091.5,5,0,0,13.11
20916,2091.6,5,0,0,13.2
20917,2091.7,6,0,0,12.88
20918,2091.8,6,0,0,12.94
20919,2091.9,6,0,0,12.95
20920,2092,6,0,0,12.98
20921,2092.1,6,0,0,12.95
20922,2092.2,6,0,0,12.93
20923,2092.3,6,0,0,12.93
20924,2092.4,6,0,0,12.95
20925,2092.5,5,1,0,12.75
20926,2092.6,5,0,0,12.77
20927,2092.7,5,1,0,12.78
20928,2092.8,5,0,0,12.73
20929,2092.9,6,0,0,12.97
20930,2093,6,0,0,12.98
20931,2093.1,6,0,0,12.95
20932,2093.2,6,0,0,12.97
20933,2093.3,5,1,0,13.11
20934,2093.4,5,0,0,13.15
20935,2093.5,5,0,0,13.15
20936,2093.6,5,0,0,13.13
20937,2093.7,5,0,0,13.17
20938,2093.8,5,0,0,13.18
20939,2093.9,5,0,0,13.15
20940,2094,5,0,0,13.14
20941,2094.1,4,1,0,13.16
20942,2094.2,4,0,0,13.14
20943,2094.3,4,0,0,13.14
20944,2094.4,4,0,0,13.15
20945,2094.5,4,0,0,13.13
20946,2094.6,4,0,0,13.11
20947,2094.7,4,0,0,13.15
20948,2094.8,4,0,0,13.15
20949,2094.9,4,0,0,13.15
20950,2095,4,0,0,13.16
20951,2095.1,4,0,0,13.1
20952,2095.2,5,0,0,13.31
20953,2095.3,5,0,0,13.32
20954,2095.4,5,0,0,13.28
20955,2095.5,5,0,0,13.3
20956,2095.6,6,0,0,13.4
20957,2095.7,6,0,0,13.4
20958,2095.8,5,1,0,13.3
20959,2095.9,5,0,0,13.31
20960,2096,5,0,0,13.29
20961,2096.1,6,0,0,13.1
20962,2096.2,5,2,0,12.76
20963,2096.3,5,0,0,12.75
20964,2096.4,4,1,0,13.4
20965,2096.5,4,0,0,13.46
20966,2096.6,4,0,0,13.41
20967,2096.7,4,0,0,13.48
20968,2096.8,4,0,0,13.45
20969,2096.9,4,0,0,13.43
20970,2097,4,0,0,13.45
20971,2097.1,4,0,0,13.44
20972,2097.2,4,0,0,13.43
20973,2097.3,4,0,0,13.47
20974,2097.4,4,0,0,13.43
20975,2097.5,4,0,0,13.46
20976,2097.6,4,0,0,13.47
20977,2097.7,4,0,0,13.45
20978,2097.8,4,0,0,13.41
20979,2097.9,4,0,0,13.45
20980,2098,4,0,0,13.43
20981,2098.1,4,0,0,13.44
20982,2098.2,4,0,0,13.41
20983,2098.3,4,0,0,13.48
20984,2098.4,5,0,0,13.56
20985,2098.5,5,0,0,13.57
20986,2098.6,5,0,0,13.54
20987,2098.7,4,1,0,13.43
20988,2098.8,5,0,0,13.44
20989,2098.9,5,0,0,13.45
20990,2099,3,2,0,13.13
20991,2099.1,3,0,0,13.11
20992,2099.2,4,0,0,12.77
20993,2099.3,4,0,0,12.77
20994,2099.4,4,0,0,12.75
20995,2099.5,4,0,0,12.76
20996,2099.6,4,0,0,12.77
20997,2099.7,4,0,0,12.78
20998,2099.8,4,0,0,12.77
20999,2099.9,4,0,0,12.75
21000,2100,4,0,0,12.77
21001,2100.1,4,0,0,12.74
21002,2100.2,4,0,0,12.74
21003,2100.3,5,0,0,11.74
21004,2100.4,5,0,0,11.75
21005,2100.5,5,0,0,11.79
21006,2100.6,5,0,0,11.81
21007,2100.7,5,0,0,11.81
21008,2100.8,5,0,0,11.81
21009,2100.9,5,0,0,11.85
21010,2101,5,0,0,11.86
21011,2101.1,5,0,0,11.88
21012,2101.2,6,0,0,12.14
21013,2101.3,6,0,0,12.17
21014,2101.4,6,0,0,12.18
21015,2101.5,6,0,0,12.17
21016,2101.6,6,0,0,12.17
21017,2101.7,6,0,0,12.2
21018,2101.8,5,1,0,12
21019,2101.9,5,0,0,12.02
21020,2102,5,0,0,12.04
21021,2102.1,4,1,0,11.57
21022,2102.2,4,0,0,11.58
21023,2102.3,6,0,0,11.68
21024,2102.4,5,1,0,11.33
21025,2102.5,5,0,0,11.39
21026,2102.6,5,0,0,11.37
21027,2102.7,5,0,0,11.44
21028,2102.8,5,0,0,11.46
21029,2102.9,5,0,0,11.48
21030,2103,5,0,0,11.52
21031,2103.1,5,0,0,11.53
21032,2103.2,5,0,0,11.53
21033,2103.3,5,0,0,11.48
21034,2103.4,5,0,0,11.48
21035,2103.5,5,0,0,11.52
21036,2103.6,5,0,0,11.51
21037,2103.7,5,0,0,11.5
21038,2103.8,5,0,0,11.49
21039,2103.9,5,0,0,11.47
21040,2104,6,0,0,11.95
21041,2104.1,6,0,0,11.93
21042,2104.2,6,0,0,11.9
21043,2104.3,6,0,0,11.91
21044,2104.4,6,0,0,11.9
21045,2104.5,6,0,0,11.94
21046,2104.6,5,1,0,11.5
21047,2104.7,5,0,0,11.51
21048,2104.8,5,0,0,11.45
21049,2104.9,5,0,0,11.53
21050,2105,5,0,0,11.5
21051,2105.1,5,0,0,11.5
21052,2105.2,5,0,0,11.49
21053,2105.3,5,0,0,11.52
21054,2105.4,5,0,0,11.51
21055,2105.5,6,0,0,11.94
21056,2105.6,6,0,0,11.91
21057,2105.7,6,0,0,11.9
21058,2105.8,5,1,0,11.45
21059,2105.9,6,0,0,11.86
21060,2106,6,0,0,11.84
21061,2106.1,6,0,0,11.84
21062,2106.2,6,0,0,11.81
21063,2106.3,6,0,0,11.81
21064,2106.4,6,0,0,11.79
21065,2106.5,6,0,0,11.79
21066,2106.6,6,0,0,11.76
21067,2106.7,6,0,0,11.74
21068,2106.8,5,1,0,11.71
21069,2106.9,6,0,0,12.07
21070,2107,6,0,0,12.06
21071,2107.1,6,0,0,12.04
21072,2107.2,6,0,0,12.04
21073,2107.3,6,0,0,12
21074,2107.4,6,0,0,12.02
21075,2107.5,5,1,0,11.59
21076,2107.6,5,0,0,11.59
21077,2107.7,5,0,0,11.57
21078,2107.8,5,0,0,11.55
21079,2107.9,5,0,0,11.53
21080,2108,5,0,0,11.53
21081,2108.1,5,0,0,11.54
21082,2108.2,5,0,0,11.49
21083,2108.3,5,0,0,11.49
21084,2108.4,5,0,0,11.47
21085,2108.5,5,0,0,11.48
21086,2108.6,6,0,0,11.72
21087,2108.7,6,0,0,11.71
21088,2108.8,6,0,0,11.7
21089,2108.9,6,0,0,11.69
21090,2109,6,0,0,11.66
21091,2109.1,6,0,0,11.69
21092,2109.2,6,0,0,11.66
21093,2109.3,6,0,0,11.65
21094,2109.4,5,1,0,11.16
21095,2109.5,6,0,0,11.64
21096,2109.6,6,0,0,11.66
21097,2109.7,7,0,0,12
21098,2109.8,7,0,0,11.98
21099,2109.9,7,0,0,11.94
21100,2110,7,0,0,11.96
21101,2110.1,6,1,0,12.02
21102,2110.2,6,0,0,11.99
21103,2110.3,5,1,0,11.56
21104,2110.4,5,0,0,11.58
21105,2110.5,5,0,0,11.57
21106,2110.6,5,0,0,11.58
21107,2110.7,5,0,0,11.55
21108,2110.8,5,0,0,11.57
21109,2110.9,5,0,0,11.57
21110,2111,5,0,0,11.56
21111,2111.1,5,0,0,11.55
21112,2111.2,5,0,0,11.53
21113,2111.3,5,0,0,11.52
21114,2111.4,5,0,0,11.49
21115,2111.5,5,0,0,11.52
21116,2111.6,5,0,0,11.5
21117,2111.7,5,0,0,11.5
21118,2111.8,6,0,0,11.75
21119,2111.9,6,0,0,11.74
21120,2112,6,0,0,11.71
21121,2112.1,7,0,0,11.49
21122,2112.2,7,0,0,11.46
21123,2112.3,6,1,0,11.72
21124,2112.4,6,0,0,11.69
21125,2112.5,7,0,0,11.69
21126,2112.6,7,0,0,11.68
21127,2112.7,7,0,0,11.71
21128,2112.8,6,1,0,12
21129,2112.9,6,0,0,11.99
21130,2113,6,1,0,12.07
21131,2113.1,6,0,0,12.09
21132,2113.2,5,1,0,12.26
21133,2113.3,5,0,0,12.29
21134,2113.4,5,0,0,12.36
21135,2113.5,5,0,0,12.4
21136,2113.6,5,0,0,12.48
21137,2113.7,5,0,0,12.57
21138,2113.8,5,0,0,12.64
21139,2113.9,5,0,0,12.7
21140,2114,5,0,0,12.74
21141,2114.1,5,0,0,12.8
21142,2114.2,5,0,0,12.89
21143,2114.3,5,0,0,12.96
21144,2114.4,5,0,0,13.03
21145,2114.5,5,0,0,13.08
21146,2114.6,5,0,0,13.12
21147,2114.7,5,0,0,13.25
21148,2114.8,4,1,0,13.21
21149,2114.9,5,0,0,13.27
21150,2115,5,0,0,13.28
21151,2115.1,5,0,0,13.29
21152,2115.2,5,0,0,13.34
21153,2115.3,6,0,0,13.47
21154,2115.4,6,0,0,13.48
21155,2115.5,6,0,0,13.49
21156,2115.6,6,0,0,13.45
21157,2115.7,6,0,0,13.45
21158,2115.8,6,0,0,13.49
21159,2115.9,5,1,0,13.4
21160,2116,5,0,0,13.4
21161,2116.1,5,0,0,13.4
21162,2116.2,4,1,0,13.26
21163,2116.3,4,0,0,13.24
21164,2116.4,4,0,0,13.24
21165,2116.5,3,1,0,13.02
21166,2116.6,4,0,0,12.38
21167,2116.7,4,0,0,12.38
21168,2116.8,4,0,0,12.36
21169,2116.9,4,0,0,12.36
21170,2117,4,0,0,12.32
21171,2117.1,4,0,0,12.36
21172,2117.2,4,0,0,12.33
21173,2117.3,4,0,0,12.37
21174,2117.4,4,0,0,12.37
21175,2117.5,4,0,0,12.35
21176,2117.6,4,0,0,12.36
21177,2117.7,4,0,0,12.33
21178,2117.8,4,0,0,12.37
21179,2117.9,4,0,0,12.4
21180,2118,4,0,0,12.34
21181,2118.1,6,0,0,12.92
21182,2118.2,6,0,0,12.86
21183,2118.3,6,0,0,12.88
21184,2118.4,5,1,0,12.88
21185,2118.5,5,0,0,12.84
21186,2118.6,5,0,0,12.85
21187,2118.7,4,1,0,12.6
21188,2118.8,4,0,0,12.62
21189,2118.9,4,0,0,12.6
21190,2119,4,0,0,12.6
21191,2119.1,4,0,0,12.59
21192,2119.2,4,0,0,12.62
21193,2119.3,4,0,0,12.6
21194,2119.4,4,0,0,12.57
21195,2119.5,4,0,0,12.6
21196,2119.6,4,0,0,12.58
21197,2119.7,4,0,0,12.61
21198,2119.8,4,0,0,12.61
21199,2119.9,4,0,0,12.6
21200,2120,4,0,0,12.61
21201,2120.1,5,0,0,12.63
21202,2120.2,5,0,0,12.63
21203,2120.3,5,0,0,12.61
21204,2120.4,5,0,0,12.63
21205,2120.5,5,0,0,12.58
21206,2120.6,5,0,0,12.58
21207,2120.7,5,0,0,12.62
21208,2120.8,5,0,0,12.61
21209,2120.9,5,0,0,12.62
21210,2121,6,0,0,12.86
21211,2121.1,6,0,0,12.84
21212,2121.2,6,1,0,13.43
21213,2121.3,6,0,0,13.4
21214,2121.4,6,0,0,13.44
21215,2121.5,6,0,0,13.46
21216,2121.6,5,1,0,13.36
21217,2121.7,5,0,0,13.3
21218,2121.8,4,1,0,13.44
21219,2121.9,4,0,0,13.46
21220,2122,4,0,0,13.47
21221,2122.1,4,0,0,13.46
21222,2122.2,4,0,0,13.44
21223,2122.3,4,0,0,13.49
21224,2122.4,4,0,0,13.47
21225,2122.5,4,0,0,13.44
21226,2122.6,4,0,0,13.44
21227,2122.7,4,0,0,13.47
21228,2122.8,4,0,0,13.45
21229,2122.9,4,0,0,13.47
21230,2123,4,0,0,13.43
21231,2123.1,4,0,0,13.47
21232,2123.2,5,0,0,12.77
21233,2123.3,5,0,0,12.76
21234,2123.4,5,0,0,12.78
21235,2123.5,5,0,0,12.74
21236,2123.6,5,0,0,12.77
21237,2123.7,6,0,0,12.95
21238,2123.8,7,0,0,12.92
21239,2123.9,6,1,0,12.95
21240,2124,6,0,0,12.96
21241,2124.1,6,0,0,12.97
21242,2124.2,6,0,0,12.97
21243,2124.3,6,0,0,12.92
21244,2124.4,6,1,0,12.22
21245,2124.5,5,1,0,12
21246,2124.6,5,0,0,12.01
21247,2124.7,5,0,0,12.04
21248,2124.8,5,0,0,12.02
21249,2124.9,5,0,0,12.04
21250,2125,5,0,0,12.06
21251,2125.1,5,0,0,12.09
21252,2125.2,5,0,0,12.04
21253,2125.3,5,0,0,12.09
21254,2125.4,5,0,0,12.1
21255,2125.5,5,0,0,12.09
21256,2125.6,5,0,0,12.11
21257,2125.7,5,0,0,12.12
21258,2125.8,5,0,0,12.12
21259,2125.9,5,0,0,12.16
21260,2126,5,0,0,12.15
21261,2126.1,5,0,0,12.12
21262,2126.2,5,0,0,12.15
21263,2126.3,5,0,0,12.12
21264,2126.4,5,0,0,12.15
21265,2126.5,5,0,0,12.17
21266,2126.6,6,0,0,12.17
21267,2126.7,6,0,0,12.17
21268,2126.8,6,0,0,12.18
21269,2126.9,6,0,0,12.17
21270,2127,6,0,0,12.22
21271,2127.1,6,0,0,12.18
21272,2127.2,5,2,0,12.23
21273,2127.3,4,1,0,11.78
21274,2127.4,4,0,0,11.8
21275,2127.5,5,0,0,11.98
21276,2127.6,5,0,0,11.95
21277,2127.7,5,0,0,11.96
21278,2127.8,5,0,0,11.95
21279,2127.9,5,0,0,11.94
21280,2128,5,0,0,11.95
21281,2128.1,7,0,0,11.34
21282,2128.2,7,0,0,11.31
21283,2128.3,6,1,0,11.52
21284,2128.4,6,0,0,11.52
21285,2128.5,6,0,0,11.53
21286,2128.6,6,0,0,11.53
21287,2128.7,6,0,0,11.52
21288,2128.8,6,0,0,11.52
21289,2128.9,6,0,0,11.56
21290,2129,6,0,0,11.51
21291,2129.1,6,0,0,11.51
21292,2129.2,6,0,0,11.5
21293,2129.3,6,0,0,11.48
21294,2129.4,7,0,0,11.84
21295,2129.5,7,0,0,11.81
21296,2129.6,7,0,0,11.8
21297,2129.7,7,0,0,11.79
21298,2129.8,7,0,0,11.78
21299,2129.9,7,0,0,11.79
21300,2130,6,1,0,11.45
21301,2130.1,6,0,0,11.47
21302,2130.2,6,0,0,11.45
21303,2130.3,6,0,0,11.46
21304,2130.4,5,1,0,10.93
21305,2130.5,5,0,0,10.93
21306,2130.6,5,0,0,10.91
21307,2130.7,5,1,0,10.69
21308,2130.8,6,0,0,11.04
21309,2130.9,6,0,0,11.02
21310,2131,6,0,0,10.98
21311,2131.1,6,0,0,11.01
21312,2131.2,6,0,0,10.96
21313,2131.3,6,0,0,10.95
21314,2131.4,6,0,0,10.95
21315,2131.5,6,0,0,10.95
21316,2131.6,6,0,0,10.92
21317,2131.7,6,0,0,10.93
21318,2131.8,6,0,0,10.91
21319,2131.9,6,0,0,10.89
21320,2132,6,0,0,10.87
21321,2132.1,6,0,0,10.87
21322,2132.2,6,0,0,10.82
21323,2132.3,7,0,0,11.02
21324,2132.4,6,1,0,11.18
21325,2132.5,6,0,0,11.22
21326,2132.6,6,0,0,11.26
21327,2132.7,6,0,0,11.27
21328,2132.8,6,0,0,11.29
21329,2132.9,5,1,0,11.2
21330,2133,5,0,0,11.2
21331,2133.1,5,0,0,11.25
21332,2133.2,5,0,0,11.28
21333,2133.3,5,0,0,11.26
21334,2133.4,5,0,0,11.24
21335,2133.5,5,0,0,11.25
21336,2133.6,5,0,0,11.26
21337,2133.7,5,0,0,11.27
21338,2133.8,6,0,0,11.71
21339,2133.9,6,0,0,11.69
21340,2134,6,0,0,11.73
21341,2134.1,6,0,0,11.7
21342,2134.2,6,0,0,11.68
21343,2134.3,7,0,0,11.83
21344,2134.4,7,0,0,11.84
21345,2134.5,7,0,0,11.8
21346,2134.6,6,1,0,11.56
21347,2134.7,6,0,0,11.57
21348,2134.8,6,0,0,11.54
21349,2134.9,6,0,0,11.57
21350,2135,6,0,0,11.58
21351,2135.1,7,0,0,11.92
21352,2135.2,7,0,0,11.9
21353,2135.3,7,0,0,11.89
21354,2135.4,6,1,0,12.22
21355,2135.5,6,0,0,12.25
21356,2135.6,6,0,0,12.31
21357,2135.7,5,1,0,12.06
21358,2135.8,5,0,0,12.11
21359,2135.9,5,0,0,12.18
21360,2136,5,0,0,12.27
21361,2136.1,5,0,0,12.31
21362,2136.2,5,0,0,12.38
21363,2136.3,5,0,0,12.43
21364,2136.4,5,0,0,12.5
21365,2136.5,5,0,0,12.57
21366,2136.6,5,0,0,12.67
21367,2136.7,5,0,0,12.76
21368,2136.8,5,0,0,12.83
21369,2136.9,5,0,0,12.91
21370,2137,6,0,0,13.04
21371,2137.1,6,0,0,13.09
21372,2137.2,6,0,0,13.16
21373,2137.3,5,1,0,13.11
21374,2137.4,5,0,0,13.15
21375,2137.5,5,0,0,13.18
21376,2137.6,5,0,0,13.24
21377,2137.7,5,0,0,13.3
21378,2137.8,5,0,0,13.31
21379,2137.9,7,0,0,13.28
21380,2138,7,0,0,13.26
21381,2138.1,6,1,0,13.39
21382,2138.2,6,0,0,13.41
21383,2138.3,6,0,0,13.39
21384,2138.4,6,0,0,13.41
21385,2138.5,5,1,0,13.27
21386,2138.6,5,0,0,13.28
21387,2138.7,4,1,0,13.14
21388,2138.8,4,0,0,13.11
21389,2138.9,4,0,0,13.09
21390,2139,4,0,0,13.14
21391,2139.1,4,0,0,13.13
21392,2139.2,4,0,0,13.14
21393,2139.3,4,0,0,13.11
21394,2139.4,4,0,0,13.14
21395,2139.5,4,0,0,13.11
21396,2139.6,4,0,0,13.12
21397,2139.7,4,0,0,13.13
21398,2139.8,4,0,0,13.17
21399,2139.9,4,0,0,13.15
21400,2140,4,0,0,13.12
21401,2140.1,5,0,0,13.04
21402,2140.2,5,0,0,13.01
21403,2140.3,5,0,0,13.01
21404,2140.4,5,0,0,13
21405,2140.5,5,0,0,13.01
21406,2140.6,5,0,0,13.02
21407,2140.7,5,1,0,13.02
21408,2140.8,5,0,0,13.01
21409,2140.9,5,0,0,13.03
21410,2141,5,0,0,13.03
21411,2141.1,5,0,0,13.01
21412,2141.2,5,0,0,13.02
21413,2141.3,4,1,0,13.1
21414,2141.4,4,0,0,13.07
21415,2141.5,5,0,0,13.11
21416,2141.6,5,0,0,13.09
21417,2141.7,5,0,0,13.07
21418,2141.8,4,1,0,13.22
21419,2141.9,4,0,0,13.23
21420,2142,4,0,0,13.21
21421,2142.1,4,0,0,13.23
21422,2142.2,4,0,0,13.23
21423,2142.3,4,0,0,13.25
21424,2142.4,4,0,0,13.24
21425,2142.5,4,0,0,13.24
21426,2142.6,4,0,0,13.23
21427,2142.7,4,0,0,13.28
21428,2142.8,4,0,0,13.23
21429,2142.9,4,0,0,13.24
21430,2143,3,1,0,13
21431,2143.1,3,0,0,13
21432,2143.2,3,0,0,12.98
21433,2143.3,4,0,0,13.28
21434,2143.4,4,0,0,13.24
21435,2143.5,4,0,0,13.24
21436,2143.6,5,0,0,13.01
21437,2143.7,5,0,0,13
21438,2143.8,5,0,0,12.98
21439,2143.9,5,0,0,12.98
21440,2144,5,0,0,12.97
21441,2144.1,5,0,0,12.99
21442,2144.2,5,1,0,12.59
21443,2144.3,5,0,0,12.57
21444,2144.4,4,1,0,13.23
21445,2144.5,4,0,0,13.25
21446,2144.6,4,0,0,13.22
21447,2144.7,4,0,0,13.24
21448,2144.8,4,0,0,13.23
21449,2144.9,4,0,0,13.2
21450,2145,5,0,0,13.18
21451,2145.1,5,0,0,13.13
21452,2145.2,4,1,0,13.16
21453,2145.3,4,0,0,13.12
21454,2145.4,4,0,0,13.16
21455,2145.5,4,0,0,13.15
21456,2145.6,4,0,0,13.11
21457,2145.7,4,0,0,13.17
21458,2145.8,4,0,0,13.16
21459,2145.9,4,0,0,13.17
21460,2146,4,0,0,13.14
21461,2146.1,4,0,0,13.12
21462,2146.2,4,0,0,13.15
21463,2146.3,5,0,0,12.5
21464,2146.4,6,0,0,12.73
21465,2146.5,6,0,0,12.69
21466,2146.6,5,1,0,12.55
21467,2146.7,5,0,0,12.58
21468,2146.8,5,0,0,12.57
21469,2146.9,5,0,0,12.56
21470,2147,4,1,0,12.31
21471,2147.1,5,0,0,11.22
21472,2147.2,5,0,0,11.18
21473,2147.3,5,0,0,11.22
21474,2147.4,5,0,0,11.25
21475,2147.5,5,0,0,11.27
21476,2147.6,5,0,0,11.3
21477,2147.7,5,0,0,11.31
21478,2147.8,5,0,0,11.35
21479,2147.9,5,0,0,11.37
21480,2148,5,0,0,11.39
21481,2148.1,5,0,0,11.4
21482,2148.2,5,0,0,11.39
21483,2148.3,5,0,0,11.44
21484,2148.4,5,0,0,11.43
21485,2148.5,5,0,0,11.46
21486,2148.6,6,0,0,11.89
21487,2148.7,6,0,0,11.89
21488,2148.8,5,1,0,11.75
21489,2148.9,5,0,0,11.76
21490,2149,5,0,0,11.76
21491,2149.1,5,0,0,11.78
21492,2149.2,6,0,0,12.06
21493,2149.3,6,0,0,12.06
21494,2149.4,6,0,0,12.07
21495,2149.5,6,0,0,12.08
21496,2149.6,7,0,0,11.81
21497,2149.7,7,0,0,11.78
21498,2149.8,6,1,0,11.5
21499,2149.9,6,0,0,11.51
21500,2150,6,0,0,11.49
21501,2150.1,6,0,0,11.52
21502,2150.2,5,1,0,11.31
21503,2150.3,5,0,0,11.3
21504,2150.4,5,0,0,11.36
21505,2150.5,5,0,0,11.33
21506,2150.6,5,0,0,11.33
21507,2150.7,5,0,0,11.34
21508,2150.8,5,0,0,11.33
21509,2150.9,5,0,0,11.36
21510,2151,5,0,0,11.37
21511,2151.1,5,0,0,11.37
21512,2151.2,5,0,0,11.37
21513,2151.3,5,0,0,11.38
21514,2151.4,5,0,0,11.39
21515,2151.5,5,0,0,11.37
21516,2151.6,5,0,0,11.36
21517,2151.7,5,0,0,11.39
21518,2151.8,5,0,0,11.41
21519,2151.9,5,0,0,11.41
21520,2152,6,0,0,11.85
21521,2152.1,6,1,0,11.87
21522,2152.2,6,0,0,11.83
21523,2152.3,6,0,0,11.81
21524,2152.4,6,0,0,11.84
21525,2152.5,5,1,0,11.43
21526,2152.6,4,1,0,10.82
21527,2152.7,5,0,0,11.33
21528,2152.8,5,0,0,11.3
21529,2152.9,5,0,0,11.31
21530,2153,5,0,0,11.29
21531,2153.1,5,0,0,11.33
21532,2153.2,5,0,0,11.3
21533,2153.3,5,0,0,11.25
21534,2153.4,5,0,0,11.27
21535,2153.5,5,0,0,11.28
21536,2153.6,5,0,0,11.27
21537,2153.7,5,0,0,11.23
21538,2153.8,5,0,0,11.22
21539,2153.9,5,0,0,11.22
21540,2154,5,0,0,11.21
21541,2154.1,5,0,0,11.19
21542,2154.2,5,0,0,11.17
21543,2154.3,5,0,0,11.14
21544,2154.4,5,0,0,11.14
21545,2154.5,5,0,0,11.16
21546,2154.6,5,0,0,11.14
21547,2154.7,5,0,0,11.17
21548,2154.8,5,0,0,11.15
21549,2154.9,6,0,0,11.6
21550,2155,6,0,0,11.57
21551,2155.1,6,0,0,11.55
21552,2155.2,6,0,0,11.53
21553,2155.3,6,0,0,11.55
21554,2155.4,6,0,0,11.51
21555,2155.5,5,1,0,11.01
21556,2155.6,4,1,0,10.3
21557,2155.7,5,0,0,10.91
21558,2155.8,6,0,0,11.39
21559,2155.9,6,0,0,11.38
21560,2156,6,0,0,11.39
21561,2156.1,6,0,0,11.37
21562,2156.2,6,0,0,11.37
21563,2156.3,6,0,0,11.36
21564,2156.4,6,0,0,11.41
21565,2156.5,6,0,0,11.38
21566,2156.6,6,0,0,11.38
21567,2156.7,6,0,0,11.34
21568,2156.8,6,0,0,11.36
21569,2156.9,6,0,0,11.34
21570,2157,6,0,0,11.35
21571,2157.1,6,0,0,11.34
21572,2157.2,6,0,0,11.33
21573,2157.3,6,0,0,11.31
21574,2157.4,6,0,0,11.33
21575,2157.5,6,0,0,11.3
21576,2157.6,6,0,0,11.29
21577,2157.7,7,0,0,11.61
21578,2157.8,7,0,0,11.59
21579,2157.9,7,0,0,11.58
21580,2158,7,0,0,11.58
21581,2158.1,7,0,0,11.58
21582,2158.2,7,0,0,11.57
21583,2158.3,6,1,0,11.3
21584,2158.4,6,0,0,11.29
21585,2158.5,5,1,0,11.55
21586,2158.6,5,0,0,11.57
21587,2158.7,5,0,0,11.62
21588,2158.8,5,0,0,11.7
21589,2158.9,5,0,0,11.75
21590,2159,6,0,0,12.19
21591,2159.1,6,0,0,12.23
21592,2159.2,7,0,0,12.47
21593,2159.3,6,1,0,12.42
21594,2159.4,6,0,0,12.51
21595,2159.5,6,0,0,12.58
21596,2159.6,6,0,0,12.63
21597,2159.7,6,0,0,12.65
21598,2159.8,6,0,0,12.69
21599,2159.9,6,0,0,12.67
21600,2160,6,0,0,12.68
21601,2160.1,7,0,0,12.26
21602,2160.2,7,0,0,12.27
21603,2160.3,6,1,0,12.67
21604,2160.4,6,0,0,12.66
21605,2160.5,6,1,0,12.71
21606,2160.6,6,0,0,12.72
21607,2160.7,6,0,0,12.75
21608,2160.8,6,0,0,12.82
21609,2160.9,6,0,0,12.85
21610,2161,6,0,0,12.87
21611,2161.1,5,1,0,13
21612,2161.2,5,0,0,12.97
21613,2161.3,5,0,0,12.99
21614,2161.4,5,0,0,12.98
21615,2161.5,5,0,0,12.95
21616,2161.6,5,0,0,12.93
21617,2161.7,5,0,0,12.93
21618,2161.8,5,0,0,12.91
21619,2161.9,5,0,0,12.93
21620,2162,4,1,0,13.16
21621,2162.1,5,0,0,13.37
21622,2162.2,5,0,0,13.43
21623,2162.3,5,0,0,13.44
21624,2162.4,5,0,0,13.56
21625,2162.5,5,0,0,13.61
21626,2162.6,5,0,0,13.71
21627,2162.7,4,1,0,13.74
21628,2162.8,5,0,0,13.8
21629,2162.9,5,0,0,13.79
21630,2163,5,0,0,13.77
21631,2163.1,5,0,0,13.77
21632,2163.2,5,0,0,13.73
21633,2163.3,6,0,0,13.7
21634,2163.4,6,0,0,13.71
21635,2163.5,5,1,0,13.78
21636,2163.6,5,0,0,13.84
21637,2163.7,5,0,0,13.82
21638,2163.8,5,0,0,13.82
21639,2163.9,4,1,0,13.92
21640,2164,4,0,0,13.95
21641,2164.1,4,0,0,13.93
21642,2164.2,4,0,0,13.94
21643,2164.3,4,0,0,13.97
21644,2164.4,4,0,0,13.92
21645,2164.5,4,0,0,13.94
21646,2164.6,4,0,0,13.93
21647,2164.7,4,0,0,13.93
21648,2164.8,4,0,0,13.9
21649,2164.9,4,0,0,13.96
21650,2165,4,0,0,13.94
21651,2165.1,3,1,0,13.93
21652,2165.2,3,0,0,13.9
21653,2165.3,4,0,0,13.97
21654,2165.4,4,0,0,13.93
21655,2165.5,4,0,0,13.93
21656,2165.6,4,0,0,13.92
21657,2165.7,4,0,0,13.95
21658,2165.8,4,0,0,13.97
21659,2165.9,4,0,0,13.94
21660,2166,4,0,0,13.92
21661,2166.1,4,0,0,13.96
21662,2166.2,5,0,0,13.91
21663,2166.3,4,1,0,13.89
21664,2166.4,5,0,0,13.88
21665,2166.5,5,0,0,13.88
21666,2166.6,5,0,0,13.85
21667,2166.7,5,0,0,13.83
21668,2166.8,4,1,0,13.9
21669,2166.9,4,0,0,13.88
21670,2167,4,0,0,13.85
21671,2167.1,4,0,0,13.86
21672,2167.2,4,0,0,13.9
21673,2167.3,4,0,0,13.9
21674,2167.4,4,0,0,13.86
21675,2167.5,4,0,0,13.89
21676,2167.6,4,0,0,13.88
21677,2167.7,4,0,0,13.88
21678,2167.8,4,0,0,13.91
21679,2167.9,4,0,0,13.87
21680,2168,4,0,0,13.87
21681,2168.1,4,0,0,13.88
21682,2168.2,3,1,0,13.88
21683,2168.3,4,0,0,12.9
21684,2168.4,5,0,0,13.11
21685,2168.5,5,0,0,13.06
21686,2168.6,5,0,0,13.07
21687,2168.7,5,0,0,13.09
21688,2168.8,5,0,0,13.07
21689,2168.9,5,0,0,13.09
21690,2169,6,0,0,13.22
21691,2169.1,6,0,0,13.21
21692,2169.2,6,0,0,13.21
21693,2169.3,6,0,0,13.21
21694,2169.4,7,0,0,12.75
21695,2169.5,7,0,0,12.75
21696,2169.6,6,1,0,12.57
21697,2169.7,6,0,0,12.56
21698,2169.8,6,0,0,12.56
21699,2169.9,6,1,0,11.89
21700,2170,6,0,0,11.87
21701,2170.1,6,0,0,11.87
21702,2170.2,6,0,0,11.89
21703,2170.3,6,0,0,11.88
21704,2170.4,6,0,0,11.9
21705,2170.5,6,0,0,11.87
21706,2170.6,6,0,0,11.85
21707,2170.7,6,0,0,11.88
21708,2170.8,6,0,0,11.87
21709,2170.9,6,0,0,11.89
21710,2171,6,0,0,11.88
21711,2171.1,6,0,0,11.88
21712,2171.2,6,0,0,11.89
21713,2171.3,5,1,0,11.48
21714,2171.4,5,0,0,11.47
21715,2171.5,5,0,0,11.49
21716,2171.6,6,0,0,11.49
21717,2171.7,6,0,0,11.49
21718,2171.8,7,0,0,11.43
21719,2171.9,7,0,0,11.42
21720,2172,7,0,0,11.42
21721,2172.1,7,0,0,11.39
21722,2172.2,7,0,0,11.4
21723,2172.3,7,0,0,11.4
21724,2172.4,7,0,0,11.4
21725,2172.5,6,1,0,11.43
21726,2172.6,5,1,0,11.75
21727,2172.7,5,0,0,11.76
21728,2172.8,5,0,0,11.81
21729,2172.9,5,0,0,11.82
21730,2173,5,0,0,11.85
21731,2173.1,5,0,0,11.9
21732,2173.2,5,0,0,11.9
21733,2173.3,5,0,0,11.94
21734,2173.4,5,0,0,11.94
21735,2173.5,6,0,0,12.32
21736,2173.6,6,0,0,12.37
21737,2173.7,6,0,0,12.37
21738,2173.8,6,0,0,12.43
21739,2173.9,6,0,0,12.48
21740,2174,6,0,0,12.52
21741,2174.1,6,0,0,12.54
21742,2174.2,6,0,0,12.55
21743,2174.3,6,0,0,12.56
21744,2174.4,6,0,0,12.58
21745,2174.5,4,2,0,12.07
21746,2174.6,5,0,0,12.14
21747,2174.7,6,0,0,12.44
21748,2174.8,6,0,0,12.42
21749,2174.9,6,0,0,12.43
21750,2175,6,0,0,12.41
21751,2175.1,6,0,0,12.41
21752,2175.2,5,1,0,12.4
21753,2175.3,5,0,0,12.41
21754,2175.4,5,0,0,12.41
21755,2175.5,5,0,0,12.45
21756,2175.6,5,0,0,12.42
21757,2175.7,5,0,0,12.43
21758,2175.8,5,0,0,12.39
21759,2175.9,5,0,0,12.35
21760,2176,5,0,0,12.32
21761,2176.1,6,0,0,11.92
21762,2176.2,6,0,0,11.91
21763,2176.3,5,1,0,12.31
21764,2176.4,5,0,0,12.28
21765,2176.5,5,0,0,12.27
21766,2176.6,5,0,0,12.21
21767,2176.7,5,0,0,12.21
21768,2176.8,5,0,0,12.2
21769,2176.9,5,0,0,12.18
21770,2177,5,1,0,12.17
21771,2177.1,5,0,0,12.15
21772,2177.2,5,0,0,12.12
21773,2177.3,5,0,0,12.1
21774,2177.4,5,0,0,12.11
21775,2177.5,6,0,0,12.39
21776,2177.6,5,1,0,12.09
21777,2177.7,5,0,0,12.07
21778,2177.8,5,0,0,12.06
21779,2177.9,6,0,0,12.39
21780,2178,6,0,0,12.34
21781,2178.1,5,1,0,12.04
21782,2178.2,5,0,0,12.02
21783,2178.3,5,0,0,11.98
21784,2178.4,5,0,0,11.98
21785,2178.5,5,0,0,11.98
21786,2178.6,5,0,0,11.94
21787,2178.7,5,0,0,11.94
21788,2178.8,5,0,0,11.94
21789,2178.9,5,0,0,11.95
21790,2179,5,0,0,11.94
21791,2179.1,5,0,0,11.94
21792,2179.2,5,0,0,11.93
21793,2179.3,5,0,0,11.88
21794,2179.4,5,0,0,11.91
21795,2179.5,5,0,0,11.87
21796,2179.6,5,0,0,11.83
21797,2179.7,5,0,0,11.88
21798,2179.8,5,0,0,11.86
21799,2179.9,5,0,0,11.83
21800,2180,5,0,0,11.85
21801,2180.1,5,0,0,11.82
21802,2180.2,5,0,0,11.82
21803,2180.3,6,0,0,12.16
21804,2180.4,6,0,0,12.16
21805,2180.5,5,1,0,11.78
21806,2180.6,6,0,0,12.02
21807,2180.7,6,0,0,11.99
21808,2180.8,6,0,0,12.03
21809,2180.9,5,1,0,11.63
21810,2181,6,0,0,12.01
21811,2181.1,6,0,0,12.01
21812,2181.2,6,0,0,11.99
21813,2181.3,6,0,0,11.97
21814,2181.4,6,0,0,11.93
21815,2181.5,6,0,0,11.97
21816,2181.6,5,1,0,12.39
21817,2181.7,5,0,0,12.4
21818,2181.8,5,0,0,12.45
21819,2181.9,5,0,0,12.51
21820,2182,5,0,0,12.6
21821,2182.1,5,0,0,12.66
21822,2182.2,5,0,0,12.72
21823,2182.3,5,0,0,12.8
21824,2182.4,5,0,0,12.82
21825,2182.5,5,0,0,12.93
21826,2182.6,5,0,0,12.99
21827,2182.7,5,0,0,12.99
21828,2182.8,5,0,0,12.99
21829,2182.9,5,0,0,12.99
21830,2183,5,0,0,12.97
21831,2183.1,6,0,0,13.13
21832,2183.2,6,0,0,13.12
21833,2183.3,6,0,0,13.12
21834,2183.4,6,0,0,13.14
21835,2183.5,6,0,0,13.13
21836,2183.6,5,1,0,13.37
21837,2183.7,4,1,0,13.28
21838,2183.8,4,0,0,13.36
21839,2183.9,4,0,0,13.42
21840,2184,4,0,0,13.47
21841,2184.1,5,0,0,13.33
21842,2184.2,6,0,0,13.16
21843,2184.3,5,1,0,13.14
21844,2184.4,5,0,0,13.21
21845,2184.5,5,0,0,13.21
21846,2184.6,5,0,0,13.25
21847,2184.7,5,0,0,13.29
21848,2184.8,5,0,0,13.26
21849,2184.9,5,0,0,13.25
21850,2185,5,0,0,13.26
21851,2185.1,4,1,0,13.09
21852,2185.2,4,0,0,13.13
21853,2185.3,4,0,0,13.08
21854,2185.4,4,0,0,13.1
21855,2185.5,4,0,0,13.11
21856,2185.6,4,0,0,13.07
21857,2185.7,4,0,0,13.1
21858,2185.8,4,0,0,13.09
21859,2185.9,5,0,0,13.3
21860,2186,5,0,0,13.28
21861,2186.1,5,0,0,13.26
21862,2186.2,5,0,0,13.29
21863,2186.3,5,0,0,13.25
21864,2186.4,5,0,0,13.28
21865,2186.5,4,1,0,13.12
21866,2186.6,4,0,0,13.09
21867,2186.7,4,0,0,13.1
21868,2186.8,4,0,0,13.13
21869,2186.9,4,0,0,13.1
21870,2187,4,0,0,13.1
21871,2187.1,3,1,0,12.83
21872,2187.2,3,0,0,12.81
21873,2187.3,4,0,0,12.78
21874,2187.4,4,0,0,12.74
21875,2187.5,4,0,0,12.72
21876,2187.6,4,0,0,12.76
21877,2187.7,5,0,0,12.84
21878,2187.8,5,0,0,12.85
21879,2187.9,4,1,0,12.89
21880,2188,4,0,0,12.88
21881,2188.1,4,0,0,12.9
21882,2188.2,4,0,0,12.91
21883,2188.3,4,0,0,12.91
21884,2188.4,4,0,0,12.87
21885,2188.5,4,0,0,12.88
21886,2188.6,4,0,0,12.87
21887,2188.7,5,0,0,13.11
21888,2188.8,5,0,0,13.09
21889,2188.9,5,0,0,13.12
21890,2189,5,0,0,13.08
21891,2189.1,5,0,0,13.13
21892,2189.2,5,0,0,13.08
21893,2189.3,4,1,0,12.88
21894,2189.4,4,0,0,12.86
21895,2189.5,4,0,0,12.9
21896,2189.6,4,0,0,12.84
21897,2189.7,4,0,0,12.85
21898,2189.8,4,0,0,12.89
21899,2189.9,4,0,0,12.88
21900,2190,4,0,0,12.88
21901,2190.1,4,0,0,12.87
21902,2190.2,3,1,0,12.55
21903,2190.3,3,0,0,12.52
21904,2190.4,3,0,0,12.54
21905,2190.5,4,0,0,12.93
21906,2190.6,4,0,0,12.89
21907,2190.7,4,0,0,12.93
21908,2190.8,4,0,0,12.92
21909,2190.9,4,0,0,12.9
21910,2191,4,0,0,12.91
21911,2191.1,4,0,0,12.9
21912,2191.2,4,0,0,12.88
21913,2191.3,5,0,0,13.14
21914,2191.4,4,1,0,13.12
21915,2191.5,4,0,0,13.14
21916,2191.6,5,0,0,13.28
21917,2191.7,5,0,0,13.29
21918,2191.8,5,0,0,13.27
21919,2191.9,5,0,0,13.29
21920,2192,5,0,0,13.24
21921,2192.1,5,0,0,13.27
21922,2192.2,5,1,0,12.48
21923,2192.3,5,0,0,12.5
21924,2192.4,4,1,0,13.11
21925,2192.5,5,0,0,12.5
21926,2192.6,5,0,0,12.5
21927,2192.7,5,0,0,12.46
21928,2192.8,5,0,0,12.45
21929,2192.9,5,0,0,12.48
21930,2193,5,0,0,12.47
21931,2193.1,5,0,0,12.5
21932,2193.2,5,0,0,12.46
21933,2193.3,5,0,0,12.49
21934,2193.4,5,0,0,12.48
21935,2193.5,5,0,0,12.47
21936,2193.6,6,0,0,11.74
21937,2193.7,6,0,0,11.72
21938,2193.8,6,0,0,11.72
21939,2193.9,6,0,0,11.74
21940,2194,6,0,0,11.77
21941,2194.1,6,0,0,11.76
21942,2194.2,6,0,0,11.78
21943,2194.3,6,0,0,11.78
21944,2194.4,7,0,0,12.12
21945,2194.5,7,0,0,12.1
21946,2194.6,7,0,0,12.09
21947,2194.7,7,0,0,12.12
21948,2194.8,6,2,0,12.14
21949,2194.9,6,0,0,12.17
21950,2195,5,1,0,11.8
21951,2195.1,5,0,0,11.82
21952,2195.2,5,0,0,11.82
21953,2195.3,5,0,0,11.83
21954,2195.4,5,0,0,11.87
21955,2195.5,5,0,0,11.87
21956,2195.6,5,0,0,11.87
21957,2195.7,5,0,0,11.89
21958,2195.8,5,0,0,11.89
21959,2195.9,5,0,0,11.89
21960,2196,5,0,0,11.91
21961,2196.1,5,0,0,11.89
21962,2196.2,5,0,0,11.91
21963,2196.3,5,0,0,11.91
21964,2196.4,5,0,0,11.91
21965,2196.5,5,0,0,11.92
21966,2196.6,5,0,0,11.93
21967,2196.7,5,0,0,11.93
21968,2196.8,6,0,0,12.09
21969,2196.9,6,0,0,12.05
21970,2197,6,0,0,12.04
21971,2197.1,6,0,0,12.04
21972,2197.2,7,0,0,12.12
21973,2197.3,7,0,0,12.11
21974,2197.4,6,1,0,12.02
21975,2197.5,6,0,0,12.06
21976,2197.6,6,0,0,12.02
21977,2197.7,6,0,0,12
21978,2197.8,5,1,0,11.85
21979,2197.9,5,0,0,11.86
21980,2198,5,0,0,11.81
21981,2198.1,5,0,0,11.82
21982,2198.2,5,0,0,11.82
21983,2198.3,4,1,0,11.29
21984,2198.4,5,0,0,11.65
21985,2198.5,5,0,0,11.64
21986,2198.6,5,0,0,11.63
21987,2198.7,5,0,0,11.61
21988,2198.8,5,0,0,11.61
21989,2198.9,5,0,0,11.59
21990,2199,5,0,0,11.62
21991,2199.1,5,0,0,11.59
21992,2199.2,5,0,0,11.6
21993,2199.3,5,0,0,11.58
21994,2199.4,5,0,0,11.58
21995,2199.5,5,0,0,11.54
21996,2199.6,5,0,0,11.57
21997,2199.7,4,1,0,10.98
21998,2199.8,4,0,0,10.96
21999,2199.9,5,0,0,11.58
22000,2200,6,0,0,11.98
22001,2200.1,6,0,0,11.95
22002,2200.2,6,0,0,11.92
22003,2200.3,6,0,0,11.89
22004,2200.4,6,0,0,11.93
22005,2200.5,6,0,0,11.92
22006,2200.6,5,1,0,11.53
22007,2200.7,5,0,0,11.48
22008,2200.8,5,0,0,11.51
22009,2200.9,5,0,0,11.5
22010,2201,5,0,0,11.54
22011,2201.1,5,0,0,11.49
22012,2201.2,5,0,0,11.5
22013,2201.3,5,0,0,11.51
22014,2201.4,5,0,0,11.53
22015,2201.5,5,0,0,11.49
22016,2201.6,5,0,0,11.48
22017,2201.7,5,0,0,11.47
22018,2201.8,5,0,0,11.46
22019,2201.9,6,0,0,11.91
22020,2202,6,0,0,11.85
22021,2202.1,5,1,0,11.56
22022,2202.2,5,0,0,11.57
22023,2202.3,5,0,0,11.55
22024,2202.4,5,0,0,11.56
22025,2202.5,5,0,0,11.5
22026,2202.6,5,0,0,11.49
22027,2202.7,5,0,0,11.45
22028,2202.8,5,0,0,11.46
22029,2202.9,6,0,0,11.87
22030,2203,7,0,0,12.02
22031,2203.1,7,0,0,12
22032,2203.2,7,0,0,11.99
22033,2203.3,7,0,0,11.97
22034,2203.4,7,0,0,11.97
22035,2203.5,6,1,0,11.63
22036,2203.6,6,0,0,11.6
22037,2203.7,6,0,0,11.59
22038,2203.8,6,0,0,11.62
22039,2203.9,6,0,0,11.58
22040,2204,6,0,0,11.58
22041,2204.1,6,0,0,11.56
22042,2204.2,6,0,0,11.58
22043,2204.3,6,0,0,11.55
22044,2204.4,6,0,0,11.52
22045,2204.5,6,0,0,11.53
22046,2204.6,6,0,0,11.51
22047,2204.7,5,1,0,11.79
22048,2204.8,5,0,0,11.81
22049,2204.9,5,0,0,11.88
22050,2205,5,0,0,11.92
22051,2205.1,5,0,0,12.02
22052,2205.2,5,0,0,12.09
22053,2205.3,5,0,0,12.2
22054,2205.4,4,1,0,11.86
22055,2205.5,5,0,0,12.08
22056,2205.6,5,0,0,12.13
22057,2205.7,6,0,0,12.39
22058,2205.8,6,0,0,12.52
22059,2205.9,6,0,0,12.56
22060,2206,6,0,0,12.63
22061,2206.1,6,0,0,12.69
22062,2206.2,7,0,0,12.94
22063,2206.3,6,1,0,12.96
22064,2206.4,6,0,0,13.02
22065,2206.5,6,0,0,13.14
22066,2206.6,5,1,0,13.15
22067,2206.7,5,0,0,13.22
22068,2206.8,5,0,0,13.25
22069,2206.9,5,0,0,13.35
22070,2207,5,0,0,13.43
22071,2207.1,5,0,0,13.5
22072,2207.2,5,0,0,13.45
22073,2207.3,5,0,0,13.48
22074,2207.4,5,0,0,13.46
22075,2207.5,5,0,0,13.46
22076,2207.6,5,0,0,13.44
22077,2207.7,5,0,0,13.5
22078,2207.8,5,0,0,13.47
22079,2207.9,5,0,0,13.47
22080,2208,4,1,0,13.37
22081,2208.1,5,0,0,12.7
22082,2208.2,5,0,0,12.67
22083,2208.3,4,1,0,13.33
22084,2208.4,4,0,0,13.36
22085,2208.5,5,0,0,13.48
22086,2208.6,5,0,0,13.47
22087,2208.7,5,0,0,13.45
22088,2208.8,5,0,0,13.48
22089,2208.9,5,0,0,13.49
22090,2209,6,0,0,13.32
22091,2209.1,5,1,0,13.24
22092,2209.2,5,0,0,13.22
22093,2209.3,6,0,0,13.35
22094,2209.4,5,1,0,13.49
22095,2209.5,4,1,0,13.39
22096,2209.6,4,0,0,13.44
22097,2209.7,4,0,0,13.39
22098,2209.8,4,0,0,13.45
22099,2209.9,4,0,0,13.42
22100,2210,5,0,0,12.44
22101,2210.1,5,0,0,12.45
22102,2210.2,5,0,0,12.47
22103,2210.3,5,0,0,12.49
22104,2210.4,5,0,0,12.49
22105,2210.5,5,0,0,12.5
22106,2210.6,5,0,0,12.52
22107,2210.7,5,0,0,12.56
22108,2210.8,5,0,0,12.61
22109,2210.9,5,0,0,12.59
22110,2211,5,0,0,12.6
22111,2211.1,5,0,0,12.63
22112,2211.2,5,0,0,12.64
22113,2211.3,6,0,0,12.85
22114,2211.4,6,0,0,12.9
22115,2211.5,6,0,0,12.89
22116,2211.6,6,0,0,12.92
22117,2211.7,6,0,0,12.93
22118,2211.8,6,0,0,12.92
22119,2211.9,5,1,0,12.73
22120,2212,5,0,0,12.76
22121,2212.1,5,0,0,12.75
22122,2212.2,5,0,0,12.72
22123,2212.3,5,0,0,12.73
22124,2212.4,5,0,0,12.72
22125,2212.5,6,0,0,12.94
22126,2212.6,7,0,0,12.84
22127,2212.7,6,1,0,12.78
22128,2212.8,5,1,0,12.77
22129,2212.9,5,0,0,12.77
22130,2213,5,0,0,12.77
22131,2213.1,5,0,0,12.75
22132,2213.2,5,0,0,12.74
22133,2213.3,5,0,0,12.75
22134,2213.4,5,0,0,12.72
22135,2213.5,5,0,0,12.71
22136,2213.6,5,0,0,12.71
22137,2213.7,5,0,0,12.69
22138,2213.8,5,0,0,12.7
22139,2213.9,5,0,0,12.66
22140,2214,5,0,0,12.65
22141,2214.1,5,0,0,12.64
22142,2214.2,6,0,0,12.63
22143,2214.3,6,0,0,12.64
22144,2214.4,5,1,0,13.14
22145,2214.5,5,0,0,13.2
22146,2214.6,5,0,0,13.21
22147,2214.7,5,0,0,13.28
22148,2214.8,4,1,0,13.5
22149,2214.9,4,0,0,13.57
22150,2215,4,0,0,13.6
22151,2215.1,4,0,0,13.68
22152,2215.2,4,0,0,13.67
22153,2215.3,4,0,0,13.73
22154,2215.4,3,1,0,13.75
22155,2215.5,4,0,0,12.87
22156,2215.6,4,0,0,12.9
22157,2215.7,4,0,0,12.91
22158,2215.8,4,0,0,12.95
22159,2215.9,4,0,0,12.92
22160,2216,4,0,0,12.95
22161,2216.1,4,0,0,12.94
22162,2216.2,5,0,0,13.15
22163,2216.3,6,0,0,12.07
22164,2216.4,6,0,0,12.09
22165,2216.5,5,1,0,11.72
22166,2216.6,5,0,0,11.71
22167,2216.7,5,0,0,11.78
22168,2216.8,5,0,0,11.81
22169,2216.9,5,0,0,11.8
22170,2217,6,0,0,12.18
22171,2217.1,6,0,0,12.24
22172,2217.2,6,0,0,12.22
22173,2217.3,6,0,0,12.24
22174,2217.4,6,0,0,12.24
22175,2217.5,6,0,0,12.23
22176,2217.6,5,1,0,11.94
22177,2217.7,5,0,0,11.98
22178,2217.8,5,0,0,11.97
22179,2217.9,5,0,0,11.99
22180,2218,5,0,0,11.99
22181,2218.1,5,0,0,12.03
22182,2218.2,5,0,0,12.06
22183,2218.3,5,0,0,12.05
22184,2218.4,5,0,0,12.03
22185,2218.5,4,1,0,11.59
22186,2218.6,4,0,0,11.61
22187,2218.7,4,0,0,11.61
22188,2218.8,5,0,0,11.3
22189,2218.9,5,0,0,11.29
22190,2219,5,0,0,11.3
22191,2219.1,5,0,0,11.31
22192,2219.2,5,0,0,11.28
22193,2219.3,5,0,0,11.3
22194,2219.4,5,0,0,11.32
22195,2219.5,5,0,0,11.32
22196,2219.6,5,0,0,11.33
22197,2219.7,5,1,0,11.32
22198,2219.8,6,0,0,11.61
22199,2219.9,6,0,0,11.62
22200,2220,6,0,0,11.59
22201,2220.1,6,0,0,11.59
22202,2220.2,6,0,0,11.6
22203,2220.3,6,0,0,11.59
22204,2220.4,5,1,0,11.37
22205,2220.5,5,0,0,11.37
22206,2220.6,5,0,0,11.36
22207,2220.7,5,0,0,11.39
22208,2220.8,5,0,0,11.4
22209,2220.9,5,0,0,11.39
22210,2221,5,0,0,11.4
22211,2221.1,5,0,0,11.37
22212,2221.2,5,0,0,11.4
22213,2221.3,5,0,0,11.38
22214,2221.4,5,0,0,11.43
22215,2221.5,5,0,0,11.41
22216,2221.6,5,0,0,11.41
22217,2221.7,4,1,0,10.81
22218,2221.8,4,0,0,10.82
22219,2221.9,5,0,0,11.36
22220,2222,5,0,0,11.34
22221,2222.1,5,0,0,11.35
22222,2222.2,5,0,0,11.35
22223,2222.3,5,0,0,11.33
22224,2222.4,5,0,0,11.31
22225,2222.5,5,0,0,11.31
22226,2222.6,6,0,0,11.73
22227,2222.7,6,0,0,11.72
22228,2222.8,6,0,0,11.68
22229,2222.9,6,0,0,11.67
22230,2223,6,0,0,11.68
22231,2223.1,6,0,0,11.66
22232,2223.2,4,2,0,10.48
22233,2223.3,5,0,0,11.2
22234,2223.4,5,0,0,11.17
22235,2223.5,5,0,0,11.12
22236,2223.6,5,0,0,11.16
22237,2223.7,5,0,0,11.16
22238,2223.8,5,0,0,11.13
22239,2223.9,5,0,0,11.13
22240,2224,5,0,0,11.1
22241,2224.1,6,0,0,10.92
22242,2224.2,6,0,0,10.91
22243,2224.3,5,1,0,11.07
22244,2224.4,5,0,0,11.04
22245,2224.5,5,0,0,11.06
22246,2224.6,5,0,0,11.05
22247,2224.7,5,0,0,11.06
22248,2224.8,5,0,0,11.04
22249,2224.9,5,0,0,11.01
22250,2225,5,0,0,11.03
22251,2225.1,6,0,0,11.2
22252,2225.2,6,0,0,11.14
22253,2225.3,6,0,0,11.15
22254,2225.4,6,0,0,11.2
22255,2225.5,7,0,0,11.59
22256,2225.6,7,0,0,11.52
22257,2225.7,7,0,0,11.56
22258,2225.8,7,0,0,11.53
22259,2225.9,7,0,0,11.52
22260,2226,7,0,0,11.52
22261,2226.1,6,1,0,11.1
22262,2226.2,6,0,0,11.1
22263,2226.3,6,0,0,11.08
22264,2226.4,6,0,0,11.05
22265,2226.5,6,0,0,11.06
22266,2226.6,6,0,0,11.07
22267,2226.7,6,0,0,11.08
22268,2226.8,6,1,0,11.11
22269,2226.9,6,0,0,11.08
22270,2227,6,0,0,11.05
22271,2227.1,6,0,0,11.07
22272,2227.2,6,0,0,11.06
22273,2227.3,6,0,0,11.08
22274,2227.4,6,0,0,11.05
22275,2227.5,6,0,0,11.07
22276,2227.6,6,0,0,11.1
22277,2227.7,5,1,0,11.27
22278,2227.8,5,0,0,11.32
22279,2227.9,5,0,0,11.38
22280,2228,5,0,0,11.46
22281,2228.1,5,0,0,11.58
22282,2228.2,6,0,0,12.07
22283,2228.3,7,0,0,12.38
22284,2228.4,7,0,0,12.48
22285,2228.5,7,0,0,12.55
22286,2228.6,7,0,0,12.63
22287,2228.7,7,0,0,12.72
22288,2228.8,7,0,0,12.76
22289,2228.9,6,1,0,12.68
22290,2229,6,0,0,12.75
22291,2229.1,6,0,0,12.82
22292,2229.2,6,0,0,12.84
22293,2229.3,6,0,0,12.88
22294,2229.4,6,0,0,12.91
22295,2229.5,6,0,0,12.92
22296,2229.6,5,1,0,12.94
22297,2229.7,5,0,0,12.97
22298,2229.8,5,0,0,13.04
22299,2229.9,5,0,0,13.1
22300,2230,5,0,0,13.17
22301,2230.1,5,0,0,13.22
22302,2230.2,5,0,0,13.29
22303,2230.3,4,1,0,13.24
22304,2230.4,5,0,0,13.47
22305,2230.5,5,0,0,13.51
22306,2230.6,5,0,0,13.48
22307,2230.7,5,0,0,13.5
22308,2230.8,5,0,0,13.47
22309,2230.9,5,0,0,13.51
22310,2231,4,1,0,13.4
22311,2231.1,5,0,0,13.45
22312,2231.2,5,0,0,13.46
22313,2231.3,5,0,0,13.45
22314,2231.4,6,0,0,13.35
22315,2231.5,6,0,0,13.36
22316,2231.6,6,0,0,13.36
22317,2231.7,5,1,0,13.27
22318,2231.8,5,0,0,13.28
22319,2231.9,5,0,0,13.29
22320,2232,5,0,0,13.35
22321,2232.1,5,0,0,13.32
22322,2232.2,5,0,0,13.3
22323,2232.3,5,0,0,13.34
22324,2232.4,4,1,0,13.17
22325,2232.5,4,0,0,13.12
22326,2232.6,4,0,0,13.18
22327,2232.7,4,0,0,13.17
22328,2232.8,4,0,0,13.14
22329,2232.9,4,0,0,13.16
22330,2233,4,0,0,13.13
22331,2233.1,4,0,0,13.15
22332,2233.2,4,0,0,13.13
22333,2233.3,4,0,0,13.12
22334,2233.4,4,0,0,13.18
22335,2233.5,4,0,0,13.15
22336,2233.6,4,0,0,13.14
22337,2233.7,4,0,0,13.13
22338,2233.8,4,0,0,13.15
22339,2233.9,5,1,0,13.26
22340,2234,5,0,0,13.23
22341,2234.1,5,0,0,13.26
22342,2234.2,5,0,0,13.23
22343,2234.3,5,0,0,13.2
22344,2234.4,5,0,0,13.24
22345,2234.5,5,1,0,13.19
22346,2234.6,5,0,0,13.14
22347,2234.7,5,0,0,13.16
22348,2234.8,5,0,0,13.17
22349,2234.9,5,0,0,13.1
22350,2235,5,0,0,13.12
22351,2235.1,5,0,0,13.1
22352,2235.2,5,0,0,13.08
22353,2235.3,5,0,0,13.08
22354,2235.4,5,0,0,13.11
22355,2235.5,5,0,0,13.04
22356,2235.6,5,0,0,13.07
22357,2235.7,4,1,0,13.37
22358,2235.8,4,0,0,13.4
22359,2235.9,4,0,0,13.44
22360,2236,4,0,0,13.52
22361,2236.1,4,0,0,13.53
22362,2236.2,4,0,0,13.56
22363,2236.3,4,0,0,13.5
22364,2236.4,4,0,0,13.49
22365,2236.5,4,0,0,13.53
22366,2236.6,4,0,0,13.55
22367,2236.7,4,0,0,13.54
22368,2236.8,5,0,0,13.62
22369,2236.9,5,0,0,13.61
22370,2237,5,0,0,13.59
22371,2237.1,5,0,0,13.62
22372,2237.2,5,0,0,13.62
22373,2237.3,5,0,0,13.63
22374,2237.4,2,3,0,13.16
22375,2237.5,3,0,0,13.47
22376,2237.6,3,0,0,13.4
22377,2237.7,4,0,0,13.58
22378,2237.8,4,0,0,13.56
22379,2237.9,4,0,0,13.6
22380,2238,4,0,0,13.58
22381,2238.1,4,0,0,13.58
22382,2238.2,4,0,0,13.53
22383,2238.3,4,0,0,13.57
22384,2238.4,4,0,0,13.56
22385,2238.5,4,0,0,13.55
22386,2238.6,5,0,0,12.78
22387,2238.7,5,0,0,12.75
22388,2238.8,5,0,0,12.79
22389,2238.9,5,0,0,12.82
22390,2239,5,0,0,12.82
22391,2239.1,5,0,0,12.84
22392,2239.2,5,0,0,12.83
22393,2239.3,5,0,0,12.83
22394,2239.4,5,0,0,12.85
22395,2239.5,5,0,0,12.84
22396,2239.6,6,0,0,12.84
22397,2239.7,6,0,0,12.81
22398,2239.8,6,0,0,12.8
22399,2239.9,6,0,0,12.83
22400,2240,6,0,0,12.83
22401,2240.1,6,0,0,12.82
22402,2240.2,6,1,0,12.37
22403,2240.3,6,0,0,12.38
22404,2240.4,5,1,0,12.84
22405,2240.5,5,0,0,12.83
22406,2240.6,5,0,0,12.85
22407,2240.7,5,0,0,12.85
22408,2240.8,6,0,0,12.63
22409,2240.9,6,0,0,12.59
22410,2241,5,1,0,12.35
22411,2241.1,6,0,0,12.47
22412,2241.2,6,0,0,12.45
22413,2241.3,6,0,0,12.46
22414,2241.4,5,1,0,12.38
22415,2241.5,5,0,0,12.38
22416,2241.6,5,0,0,12.38
22417,2241.7,5,0,0,12.38
22418,2241.8,5,0,0,12.38
22419,2241.9,5,0,0,12.35
22420,2242,5,0,0,12.35
22421,2242.1,5,0,0,12.32
22422,2242.2,5,0,0,12.35
22423,2242.3,5,0,0,12.34
22424,2242.4,6,0,0,12.45
22425,2242.5,6,0,0,12.44
22426,2242.6,6,0,0,12.42
22427,2242.7,6,0,0,12.43
22428,2242.8,6,0,0,12.4
22429,2242.9,6,0,0,12.39
22430,2243,5,1,0,12.27
22431,2243.1,5,0,0,12.27
22432,2243.2,5,0,0,12.26
22433,2243.3,5,0,0,12.27
22434,2243.4,5,0,0,12.28
22435,2243.5,5,0,0,12.27
22436,2243.6,5,0,0,12.26
22437,2243.7,5,0,0,12.26
22438,2243.8,4,1,0,11.94
22439,2243.9,4,0,0,11.91
22440,2244,5,0,0,12.33
22441,2244.1,5,0,0,12.33
22442,2244.2,5,0,0,12.29
22443,2244.3,5,0,0,12.28
22444,2244.4,5,0,0,12.3
22445,2244.5,5,0,0,12.27
22446,2244.6,6,0,0,12.43
22447,2244.7,6,0,0,12.4
22448,2244.8,5,1,0,12.25
22449,2244.9,5,0,0,12.25
22450,2245,5,0,0,12.22
22451,2245.1,5,0,0,12.26
22452,2245.2,6,0,0,12.54
22453,2245.3,6,0,0,12.53
22454,2245.4,6,0,0,12.49
22455,2245.5,6,0,0,12.5
22456,2245.6,6,0,0,12.49
22457,2245.7,6,0,0,12.46
22458,2245.8,5,1,0,12.12
22459,2245.9,5,0,0,12.13
22460,2246,5,0,0,12.07
22461,2246.1,5,0,0,12.08
22462,2246.2,5,0,0,12.06
22463,2246.3,5,0,0,12.01
22464,2246.4,5,0,0,12
22465,2246.5,5,0,0,12.03
22466,2246.6,5,0,0,12
22467,2246.7,5,0,0,11.99
22468,2246.8,5,0,0,11.95
22469,2246.9,4,1,0,11.44
22470,2247,4,0,0,11.43
22471,2247.1,5,0,0,11.92
22472,2247.2,5,0,0,11.88
22473,2247.3,5,0,0,11.88
22474,2247.4,5,0,0,11.84
22475,2247.5,5,0,0,11.84
22476,2247.6,5,0,0,11.84
22477,2247.7,5,0,0,11.81
22478,2247.8,5,0,0,11.8
22479,2247.9,5,0,0,11.8
22480,2248,5,0,0,11.78
22481,2248.1,6,0,0,12.14
22482,2248.2,7,0,0,12.24
22483,2248.3,6,1,0,12.1
22484,2248.4,6,0,0,12.11
22485,2248.5,6,0,0,12.11
22486,2248.6,6,0,0,12.09
22487,2248.7,5,1,0,11.69
22488,2248.8,5,0,0,11.71
22489,2248.9,5,0,0,11.7
22490,2249,5,0,0,11.68
22491,2249.1,5,0,0,11.7
22492,2249.2,5,0,0,11.67
22493,2249.3,5,0,0,11.65
22494,2249.4,5,0,0,11.67
22495,2249.5,5,0,0,11.63
22496,2249.6,5,0,0,11.62
22497,2249.7,5,0,0,11.61
22498,2249.8,5,0,0,11.62
22499,2249.9,5,0,0,11.57
22500,2250,5,0,0,11.61
22501,2250.1,6,0,0,11.32
22502,2250.2,6,0,0,11.33
22503,2250.3,7,0,0,11.42
22504,2250.4,7,0,0,11.4
22505,2250.5,7,0,0,11.41
22506,2250.6,7,0,0,11.39
22507,2250.7,7,0,0,11.38
22508,2250.8,6,1,0,11.61
22509,2250.9,7,0,0,11.97
22510,2251,7,0,0,11.99
22511,2251.1,7,0,0,12.07
22512,2251.2,7,0,0,12.11
22513,2251.3,7,0,0,12.15
22514,2251.4,7,0,0,12.19
22515,2251.5,6,1,0,11.98
22516,2251.6,6,0,0,11.99
22517,2251.7,7,0,0,11.73
22518,2251.8,7,0,0,11.79
22519,2251.9,6,1,0,11.65
22520,2252,6,0,0,11.66
22521,2252.1,6,0,0,11.67
22522,2252.2,6,0,0,11.66
22523,2252.3,6,0,0,11.69
22524,2252.4,6,0,0,11.66
22525,2252.5,6,0,0,11.67
22526,2252.6,6,0,0,11.68
22527,2252.7,6,0,0,11.66
22528,2252.8,5,1,0,11.59
22529,2252.9,5,0,0,11.61
22530,2253,5,0,0,11.64
22531,2253.1,5,0,0,11.68
22532,2253.2,5,0,0,11.71
22533,2253.3,5,0,0,11.77
22534,2253.4,6,0,0,12.05
22535,2253.5,6,0,0,12.05
22536,2253.6,6,0,0,12.11
22537,2253.7,7,0,0,12.36
22538,2253.8,7,0,0,12.36
22539,2253.9,7,0,0,12.38
22540,2254,7,0,0,12.35
22541,2254.1,7,0,0,12.38
22542,2254.2,7,0,0,12.37
22543,2254.3,5,2,0,11.74
22544,2254.4,4,1,0,12.18
22545,2254.5,4,0,0,12.21
22546,2254.6,4,0,0,12.23
22547,2254.7,4,0,0,12.29
22548,2254.8,4,0,0,12.4
22549,2254.9,4,0,0,12.41
22550,2255,4,0,0,12.47
22551,2255.1,4,0,0,12.52
22552,2255.2,4,0,0,12.61
22553,2255.3,5,0,0,12.87
22554,2255.4,5,0,0,12.92
22555,2255.5,5,0,0,12.96
22556,2255.6,5,0,0,13.02
22557,2255.7,5,0,0,13.06
22558,2255.8,5,0,0,13.02
22559,2255.9,5,0,0,13.05
22560,2256,5,0,0,13.03
22561,2256.1,6,0,0,12.54
22562,2256.2,6,0,0,12.53
22563,2256.3,3,3,0,12.99
22564,2256.4,3,0,0,12.99
22565,2256.5,5,0,0,13.25
22566,2256.6,5,0,0,13.25
22567,2256.7,5,0,0,13.23
22568,2256.8,5,0,0,13.22
22569,2256.9,5,0,0,13.26
22570,2257,5,0,0,13.21
22571,2257.1,4,1,0,13.23
22572,2257.2,4,0,0,13.19
22573,2257.3,4,0,0,13.2
22574,2257.4,4,0,0,13.2
22575,2257.5,4,0,0,13.23
22576,2257.6,4,0,0,13.19
22577,2257.7,4,0,0,13.22
22578,2257.8,4,0,0,13.2
22579,2257.9,4,0,0,13.23
22580,2258,4,0,0,13.2
22581,2258.1,4,0,0,13.21
22582,2258.2,4,0,0,13.23
22583,2258.3,4,0,0,13.2
22584,2258.4,4,0,0,13.21
22585,2258.5,4,0,0,13.25
22586,2258.6,4,0,0,13.25
22587,2258.7,4,0,0,13.25
22588,2258.8,4,1,0,12.91
22589,2258.9,4,0,0,12.91
22590,2259,4,0,0,12.91
22591,2259.1,4,0,0,12.92
22592,2259.2,4,0,0,12.93
22593,2259.3,5,0,0,12.8
22594,2259.4,5,0,0,12.81
22595,2259.5,5,0,0,12.76
22596,2259.6,5,0,0,12.79
22597,2259.7,6,0,0,12.37
22598,2259.8,6,0,0,12.37
22599,2259.9,5,1,0,12.39
22600,2260,5,0,0,12.39
22601,2260.1,5,0,0,12.36
22602,2260.2,5,0,0,12.39
22603,2260.3,5,0,0,12.41
22604,2260.4,5,0,0,12.36
22605,2260.5,5,0,0,12.37
22606,2260.6,5,0,0,12.37
22607,2260.7,5,0,0,12.41
22608,2260.8,5,0,0,12.4
22609,2260.9,5,0,0,12.38
22610,2261,4,1,0,12.51
22611,2261.1,4,0,0,12.53
22612,2261.2,4,0,0,12.46
22613,2261.3,4,0,0,12.5
22614,2261.4,4,0,0,12.49
22615,2261.5,4,0,0,12.48
22616,2261.6,4,0,0,12.46
22617,2261.7,5,0,0,11.84
22618,2261.8,5,0,0,11.88
22619,2261.9,5,0,0,11.85
22620,2262,5,0,0,11.87
22621,2262.1,5,0,0,11.87
22622,2262.2,6,0,0,12.18
22623,2262.3,6,0,0,12.17
22624,2262.4,7,0,0,12.24
22625,2262.5,7,0,0,12.23
22626,2262.6,6,1,0,12.17
22627,2262.7,6,0,0,12.18
22628,2262.8,6,1,0,11.12
22629,2262.9,6,0,0,11.11
22630,2263,6,0,0,11.13
22631,2263.1,6,0,0,11.17
22632,2263.2,5,1,0,10.81
22633,2263.3,5,0,0,10.8
22634,2263.4,5,0,0,10.84
22635,2263.5,5,0,0,10.88
22636,2263.6,5,0,0,10.89
22637,2263.7,5,0,0,10.93
22638,2263.8,5,0,0,10.93
22639,2263.9,5,0,0,10.95
22640,2264,5,0,0,10.95
22641,2264.1,5,0,0,10.98
22642,2264.2,5,0,0,11.01
22643,2264.3,5,0,0,11
22644,2264.4,5,0,0,11.04
22645,2264.5,5,0,0,11.04
22646,2264.6,5,0,0,11.06
22647,2264.7,5,0,0,11.07
22648,2264.8,5,0,0,11.09
22649,2264.9,5,0,0,11.08
22650,2265,6,0,0,11.6
22651,2265.1,6,0,0,11.61
22652,2265.2,6,0,0,11.62
22653,2265.3,6,0,0,11.63
22654,2265.4,6,0,0,11.64
22655,2265.5,6,0,0,11.67
22656,2265.6,5,1,0,11.18
22657,2265.7,4,1,0,10.52
22658,2265.8,4,0,0,10.5
22659,2265.9,4,0,0,10.53
22660,2266,6,0,0,11.43
22661,2266.1,6,0,0,11.4
22662,2266.2,5,1,0,11.14
22663,2266.3,5,0,0,11.1
22664,2266.4,5,0,0,11.11
22665,2266.5,5,0,0,11.1
22666,2266.6,5,0,0,11.09
22667,2266.7,5,0,0,11.09
22668,2266.8,5,0,0,11.09
22669,2266.9,5,0,0,11.07
22670,2267,5,0,0,11.06
22671,2267.1,5,0,0,11.06
22672,2267.2,5,0,0,11.03
22673,2267.3,5,0,0,11.03
22674,2267.4,5,0,0,11.03
22675,2267.5,5,0,0,11.04
22676,2267.6,5,0,0,11.01
22677,2267.7,5,0,0,10.99
22678,2267.8,6,0,0,11.48
22679,2267.9,6,0,0,11.46
22680,2268,6,0,0,11.48
22681,2268.1,6,0,0,11.46
22682,2268.2,6,0,0,11.48
22683,2268.3,6,0,0,11.47
22684,2268.4,5,1,0,11
22685,2268.5,5,0,0,11
22686,2268.6,5,0,0,10.95
22687,2268.7,5,0,0,10.96
22688,2268.8,5,0,0,10.97
22689,2268.9,5,0,0,10.99
22690,2269,5,0,0,10.93
22691,2269.1,6,0,0,11.48
22692,2269.2,6,0,0,11.46
22693,2269.3,6,0,0,11.46
22694,2269.4,6,0,0,11.44
22695,2269.5,6,1,0,11.47
22696,2269.6,6,0,0,11.43
22697,2269.7,6,0,0,11.43
22698,2269.8,6,0,0,11.45
22699,2269.9,6,0,0,11.41
22700,2270,6,0,0,11.42
22701,2270.1,6,0,0,11.41
22702,2270.2,6,0,0,11.41
22703,2270.3,6,0,0,11.42
22704,2270.4,6,0,0,11.43
22705,2270.5,6,0,0,11.4
22706,2270.6,7,0,0,11.6
22707,2270.7,7,0,0,11.62
22708,2270.8,7,0,0,11.6
22709,2270.9,7,0,0,11.57
22710,2271,7,0,0,11.57
22711,2271.1,7,0,0,11.58
22712,2271.2,6,1,0,11.35
22713,2271.3,6,0,0,11.31
22714,2271.4,6,0,0,11.31
22715,2271.5,6,0,0,11.3
22716,2271.6,6,0,0,11.28
22717,2271.7,6,0,0,11.28
22718,2271.8,6,0,0,11.25
22719,2271.9,6,0,0,11.24
22720,2272,6,0,0,11.22
22721,2272.1,6,1,0,11.14
22722,2272.2,6,0,0,11.12
22723,2272.3,6,1,0,11.77
22724,2272.4,6,0,0,11.73
22725,2272.5,6,0,0,11.73
22726,2272.6,6,0,0,11.72
22727,2272.7,6,0,0,11.73
22728,2272.8,6,0,0,11.72
22729,2272.9,6,0,0,11.67
22730,2273,5,1,0,11.25
22731,2273.1,6,0,0,11.3
22732,2273.2,6,0,0,11.26
22733,2273.3,6,0,0,11.28
22734,2273.4,6,0,0,11.27
22735,2273.5,7,0,0,11.65
22736,2273.6,7,0,0,11.6
22737,2273.7,7,0,0,11.6
22738,2273.8,7,0,0,11.58
22739,2273.9,7,0,0,11.59
22740,2274,7,0,0,11.57
22741,2274.1,5,2,0,11.42
22742,2274.2,5,0,0,11.43
22743,2274.3,5,0,0,11.49
22744,2274.4,5,0,0,11.56
22745,2274.5,5,0,0,11.62
22746,2274.6,5,0,0,11.73
22747,2274.7,5,0,0,11.82
22748,2274.8,5,0,0,11.9
22749,2274.9,5,0,0,11.98
22750,2275,5,0,0,12.11
22751,2275.1,5,0,0,12.16
22752,2275.2,5,0,0,12.29
22753,2275.3,5,0,0,12.39
22754,2275.4,6,0,0,12.74
22755,2275.5,6,0,0,12.77
22756,2275.6,6,0,0,12.82
22757,2275.7,6,0,0,12.89
22758,2275.8,6,0,0,12.97
22759,2275.9,6,0,0,13
22760,2276,5,1,0,12.94
22761,2276.1,5,0,0,12.93
22762,2276.2,5,0,0,12.94
22763,2276.3,6,0,0,13.12
22764,2276.4,6,0,0,13.11
22765,2276.5,6,0,0,13.09
22766,2276.6,7,0,0,13
22767,2276.7,7,0,0,12.99
22768,2276.8,7,0,0,13.01
22769,2276.9,6,1,0,12.83
22770,2277,6,0,0,12.81
22771,2277.1,6,0,0,12.83
22772,2277.2,5,1,0,13.04
22773,2277.3,5,0,0,13.08
22774,2277.4,5,0,0,13.06
22775,2277.5,4,1,0,13.17
22776,2277.6,4,0,0,13.24
22777,2277.7,4,0,0,13.26
22778,2277.8,4,0,0,13.31
22779,2277.9,4,0,0,13.39
22780,2278,4,0,0,13.41
22781,2278.1,4,0,0,13.51
22782,2278.2,4,0,0,13.47
22783,2278.3,4,0,0,13.49
22784,2278.4,4,0,0,13.46
22785,2278.5,4,0,0,13.44
22786,2278.6,5,0,0,13.55
22787,2278.7,5,0,0,13.52
22788,2278.8,5,0,0,13.53
22789,2278.9,5,0,0,13.54
22790,2279,4,1,0,13.44
22791,2279.1,5,0,0,13.01
22792,2279.2,5,0,0,13
22793,2279.3,5,0,0,12.97
22794,2279.4,5,0,0,13.01
22795,2279.5,5,0,0,12.99
22796,2279.6,5,0,0,13.01
22797,2279.7,5,0,0,13.02
22798,2279.8,4,1,0,13.45
22799,2279.9,4,0,0,13.41
22800,2280,4,0,0,13.43
22801,2280.1,4,0,0,13.47
22802,2280.2,5,0,0,13.13
22803,2280.3,5,0,0,13.15
22804,2280.4,5,0,0,13.11
22805,2280.5,4,1,0,13.36
22806,2280.6,4,0,0,13.4
22807,2280.7,4,0,0,13.36
22808,2280.8,4,0,0,13.35
22809,2280.9,4,0,0,13.34
22810,2281,4,0,0,13.36
22811,2281.1,4,0,0,13.38
22812,2281.2,4,0,0,13.4
22813,2281.3,4,0,0,13.39
22814,2281.4,4,0,0,13.38
22815,2281.5,4,0,0,13.39
22816,2281.6,3,1,0,13.2
22817,2281.7,4,0,0,13.43
22818,2281.8,4,0,0,13.4
22819,2281.9,5,0,0,13.52
22820,2282,5,0,0,13.53
22821,2282.1,5,0,0,13.56
22822,2282.2,5,0,0,13.5
22823,2282.3,5,0,0,13.51
22824,2282.4,5,0,0,13.54
22825,2282.5,4,1,0,13.41
22826,2282.6,4,0,0,13.42
22827,2282.7,4,0,0,13.43
22828,2282.8,4,0,0,13.38
22829,2282.9,4,0,0,13.37
22830,2283,4,0,0,13.41
22831,2283.1,4,0,0,13.4
22832,2283.2,4,0,0,13.44
22833,2283.3,4,0,0,13.41
22834,2283.4,4,0,0,13.39
22835,2283.5,4,0,0,13.38
22836,2283.6,4,0,0,13.44
22837,2283.7,5,0,0,13.54
22838,2283.8,5,0,0,13.51
22839,2283.9,5,0,0,13.52
22840,2284,5,0,0,13.5
22841,2284.1,5,0,0,13.53
22842,2284.2,4,1,0,13.87
22843,2284.3,4,0,0,13.91
22844,2284.4,4,0,0,13.87
22845,2284.5,4,0,0,13.92
22846,2284.6,3,1,0,13.87
22847,2284.7,3,0,0,13.87
22848,2284.8,5,0,0,13.14
22849,2284.9,5,0,0,13.1
22850,2285,5,0,0,13.12
22851,2285.1,5,0,0,13.12
22852,2285.2,5,0,0,13.11
22853,2285.3,5,0,0,13.13
22854,2285.4,4,1,0,12.89
22855,2285.5,4,0,0,12.9
22856,2285.6,5,0,0,11.68
22857,2285.7,5,0,0,11.7
22858,2285.8,5,0,0,11.69
22859,2285.9,5,0,0,11.73
22860,2286,5,0,0,11.76
22861,2286.1,5,0,0,11.79
22862,2286.2,5,0,0,11.78
22863,2286.3,5,0,0,11.79
22864,2286.4,5,0,0,11.83
22865,2286.5,5,0,0,11.82
22866,2286.6,5,0,0,11.84
22867,2286.7,5,0,0,11.89
22868,2286.8,5,0,0,11.91
22869,2286.9,5,0,0,11.92
22870,2287,5,0,0,11.93
22871,2287.1,5,0,0,11.93
22872,2287.2,4,1,0,11.44
22873,2287.3,5,0,0,11.66
22874,2287.4,5,0,0,11.67
22875,2287.5,5,0,0,11.68
22876,2287.6,6,0,0,12.02
22877,2287.7,6,0,0,12.03
22878,2287.8,6,0,0,12.04
22879,2287.9,5,1,0,11.69
22880,2288,6,0,0,11.36
22881,2288.1,6,0,0,11.35
22882,2288.2,6,1,0,10.76
22883,2288.3,6,0,0,10.77
22884,2288.4,5,1,0,10.95
22885,2288.5,5,0,0,10.94
22886,2288.6,5,0,0,10.95
22887,2288.7,5,0,0,10.95
22888,2288.8,5,0,0,10.93
22889,2288.9,5,0,0,10.97
22890,2289,5,0,0,10.95
22891,2289.1,5,0,0,10.95
22892,2289.2,5,0,0,10.99
22893,2289.3,5,0,0,10.99
22894,2289.4,5,0,0,11.01
22895,2289.5,5,0,0,11.02
22896,2289.6,5,0,0,11.04
22897,2289.7,5,0,0,11.02
22898,2289.8,5,0,0,10.99
22899,2289.9,5,0,0,11.03
22900,2290,5,0,0,11.04
22901,2290.1,5,0,0,11.04
22902,2290.2,5,0,0,11.07
22903,2290.3,5,0,0,11.06
22904,2290.4,6,0,0,11.51
22905,2290.5,6,0,0,11.53
22906,2290.6,6,0,0,11.52
22907,2290.7,6,0,0,11.53
22908,2290.8,6,0,0,11.53
22909,2290.9,6,1,0,11.58
22910,2291,5,1,0,11.06
22911,2291.1,5,0,0,11.11
22912,2291.2,5,1,0,11.22
22913,2291.3,5,0,0,11.23
22914,2291.4,5,0,0,11.2
22915,2291.5,5,0,0,11.25
22916,2291.6,5,0,0,11.23
22917,2291.7,5,0,0,11.27
22918,2291.8,6,0,0,11.02
22919,2291.9,6,0,0,10.99
22920,2292,6,0,0,11.01
22921,2292.1,6,0,0,11
22922,2292.2,6,0,0,11
22923,2292.3,6,0,0,11
22924,2292.4,6,0,0,10.99
22925,2292.5,6,0,0,11
22926,2292.6,6,0,0,11
22927,2292.7,6,0,0,10.95
22928,2292.8,6,0,0,10.95
22929,2292.9,6,0,0,10.94
22930,2293,6,0,0,10.94
22931,2293.1,6,0,0,10.91
22932,2293.2,7,0,0,11.23
22933,2293.3,7,0,0,11.25
22934,2293.4,7,0,0,11.23
22935,2293.5,7,0,0,11.21
22936,2293.6,7,0,0,11.23
22937,2293.7,7,0,0,11.23
22938,2293.8,6,1,0,10.89
22939,2293.9,6,0,0,10.85
22940,2294,6,0,0,10.86
22941,2294.1,6,0,0,10.85
22942,2294.2,6,0,0,10.85
22943,2294.3,7,0,0,11.29
22944,2294.4,7,1,0,11.06
22945,2294.5,7,0,0,11.03
22946,2294.6,7,0,0,11.05
22947,2294.7,7,0,0,11.04
22948,2294.8,7,0,0,11.01
22949,2294.9,7,0,0,11.01
22950,2295,7,0,0,10.99
22951,2295.1,7,0,0,10.99
22952,2295.2,7,0,0,10.95
22953,2295.3,7,0,0,10.94
22954,2295.4,7,0,0,10.93
22955,2295.5,7,0,0,10.91
22956,2295.6,7,0,0,10.92
22957,2295.7,7,0,0,10.9
22958,2295.8,7,0,0,10.9
22959,2295.9,7,0,0,10.89
22960,2296,7,0,0,10.85
22961,2296.1,7,1,0,11.29
22962,2296.2,7,0,0,11.31
22963,2296.3,7,0,0,11.35
22964,2296.4,7,0,0,11.36
22965,2296.5,7,0,0,11.39
22966,2296.6,7,0,0,11.43
22967,2296.7,6,1,0,11.23
22968,2296.8,6,0,0,11.25
22969,2296.9,6,0,0,11.29
22970,2297,5,1,0,11.59
22971,2297.1,5,0,0,11.7
22972,2297.2,5,0,0,11.79
22973,2297.3,5,0,0,11.84
22974,2297.4,5,0,0,11.92
22975,2297.5,6,0,0,12.3
22976,2297.6,6,0,0,12.35
22977,2297.7,6,0,0,12.46
22978,2297.8,6,0,0,12.53
22979,2297.9,6,0,0,12.58
22980,2298,7,0,0,12.63
22981,2298.1,7,0,0,12.67
22982,2298.2,6,1,0,12.52
22983,2298.3,6,0,0,12.56
22984,2298.4,6,0,0,12.67
22985,2298.5,6,0,0,12.76
22986,2298.6,6,0,0,12.86
22987,2298.7,6,0,0,12.9
22988,2298.8,6,0,0,13.01
22989,2298.9,6,1,0,13.16
22990,2299,6,0,0,13.18
22991,2299.1,6,0,0,13.16
22992,2299.2,6,0,0,13.16
22993,2299.3,6,0,0,13.16
22994,2299.4,6,0,0,13.11
22995,2299.5,5,1,0,12.97
22996,2299.6,5,0,0,12.94
22997,2299.7,5,0,0,12.94
22998,2299.8,5,0,0,12.97
22999,2299.9,5,0,0,12.98
23000,2300,5,0,0,12.97
23001,2300.1,5,0,0,12.95
23002,2300.2,5,0,0,12.91
23003,2300.3,5,0,0,12.94
23004,2300.4,4,1,0,13.04
23005,2300.5,4,0,0,13.05
23006,2300.6,5,0,0,13.23
23007,2300.7,5,0,0,13.3
23008,2300.8,5,0,0,13.35
23009,2300.9,5,0,0,13.38
23010,2301,5,0,0,13.36
23011,2301.1,5,0,0,13.36
23012,2301.2,5,0,0,13.35
23013,2301.3,5,0,0,13.36
23014,2301.4,5,0,0,13.37
23015,2301.5,6,0,0,13.45
23016,2301.6,6,0,0,13.47
23017,2301.7,7,0,0,13.53
23018,2301.8,7,0,0,13.51
23019,2301.9,5,2,0,13.83
23020,2302,5,0,0,13.85
23021,2302.1,5,0,0,13.87
23022,2302.2,5,0,0,13.88
23023,2302.3,4,1,0,13.89
23024,2302.4,4,0,0,13.84
23025,2302.5,4,0,0,13.9
23026,2302.6,4,0,0,13.82
23027,2302.7,4,0,0,13.85
23028,2302.8,4,0,0,13.84
23029,2302.9,4,0,0,13.9
23030,2303,4,0,0,13.86
23031,2303.1,4,0,0,13.85
23032,2303.2,4,0,0,13.85
23033,2303.3,4,0,0,13.85
23034,2303.4,4,0,0,13.85
23035,2303.5,3,1,0,13.85
23036,2303.6,3,0,0,13.81
23037,2303.7,3,0,0,13.87
23038,2303.8,4,0,0,13.86
23039,2303.9,4,0,0,13.86
23040,2304,4,0,0,13.86
23041,2304.1,5,0,0,13.11
23042,2304.2,5,0,0,13.1
23043,2304.3,4,1,0,13.84
23044,2304.4,4,0,0,13.86
23045,2304.5,5,0,0,13.91
23046,2304.6,5,0,0,13.89
23047,2304.7,5,0,0,13.88
23048,2304.8,5,0,0,13.89
23049,2304.9,5,0,0,13.9
23050,2305,4,1,0,13.85
23051,2305.1,4,1,0,13.87
23052,2305.2,4,0,0,13.84
23053,2305.3,4,0,0,13.87
23054,2305.4,4,0,0,13.87
23055,2305.5,4,0,0,13.86
23056,2305.6,4,0,0,13.87
23057,2305.7,4,0,0,13.87
23058,2305.8,4,0,0,13.85
23059,2305.9,4,0,0,13.89
23060,2306,4,0,0,13.86
23061,2306.1,4,0,0,13.86
23062,2306.2,4,0,0,13.88
23063,2306.3,4,0,0,13.85
23064,2306.4,4,0,0,13.87
23065,2306.5,4,0,0,13.86
23066,2306.6,4,0,0,13.84
23067,2306.7,3,1,0,13.86
23068,2306.8,3,0,0,13.81
23069,2306.9,4,0,0,13.87
23070,2307,4,0,0,13.85
23071,2307.1,4,0,0,13.85
23072,2307.2,4,0,0,13.87
23073,2307.3,4,0,0,13.87
23074,2307.4,5,0,0,13.92
23075,2307.5,5,0,0,13.85
23076,2307.6,5,0,0,13.85
23077,2307.7,5,0,0,13.88
23078,2307.8,6,0,0,13.17
23079,2307.9,6,0,0,13.16
23080,2308,5,1,0,13.02
23081,2308.1,5,0,0,13.06
23082,2308.2,5,0,0,13.06
23083,2308.3,5,0,0,13.09
23084,2308.4,5,0,0,13.09
23085,2308.5,5,0,0,13.1
23086,2308.6,5,1,0,13.09
23087,2308.7,5,0,0,13.11
23088,2308.8,5,0,0,13.08
23089,2308.9,5,0,0,13.09
23090,2309,5,0,0,13.09
23091,2309.1,5,0,0,13.08
23092,2309.2,5,0,0,13.1
23093,2309.3,5,0,0,13.1
23094,2309.4,5,0,0,13.07
23095,2309.5,5,0,0,13.09
23096,2309.6,5,0,0,13.07
23097,2309.7,5,0,0,13.08
23098,2309.8,5,0,0,13.09
23099,2309.9,5,0,0,13.09
23100,2310,5,1,0,12.63
23101,2310.1,5,0,0,12.64
23102,2310.2,6,0,0,12.87
23103,2310.3,6,0,0,12.84
23104,2310.4,6,0,0,12.83
23105,2310.5,6,0,0,12.84
23106,2310.6,6,0,0,12.8
23107,2310.7,6,0,0,12.8
23108,2310.8,5,1,0,12.59
23109,2310.9,5,0,0,12.58
23110,2311,5,0,0,12.58
23111,2311.1,5,0,0,12.58
23112,2311.2,5,0,0,12.55
23113,2311.3,5,0,0,12.52
23114,2311.4,5,0,0,12.56
23115,2311.5,5,0,0,12.54
23116,2311.6,5,0,0,12.51
23117,2311.7,5,0,0,12.52
23118,2311.8,5,0,0,12.52
23119,2311.9,5,0,0,12.52
23120,2312,5,0,0,12.5
23121,2312.1,4,1,0,12.12
23122,2312.2,5,0,0,12.44
23123,2312.3,5,0,0,12.42
23124,2312.4,5,0,0,12.41
23125,2312.5,5,0,0,12.41
23126,2312.6,5,0,0,12.39
23127,2312.7,5,0,0,12.39
23128,2312.8,5,0,0,12.41
23129,2312.9,5,0,0,12.36
23130,2313,5,1,0,12.38
23131,2313.1,5,0,0,12.36
23132,2313.2,6,0,0,12.55
23133,2313.3,6,0,0,12.52
23134,2313.4,6,0,0,12.53
23135,2313.5,6,0,0,12.53
23136,2313.6,5,1,0,12.27
23137,2313.7,5,0,0,12.25
23138,2313.8,5,0,0,12.24
23139,2313.9,5,0,0,12.23
23140,2314,5,0,0,12.23
23141,2314.1,5,0,0,12.24
23142,2314.2,5,0,0,12.23
23143,2314.3,5,0,0,12.22
23144,2314.4,5,0,0,12.21
23145,2314.5,5,0,0,12.21
23146,2314.6,5,0,0,12.22
23147,2314.7,5,0,0,12.2
23148,2314.8,5,0,0,12.23
23149,2314.9,5,0,0,12.22
23150,2315,5,0,0,12.21
23151,2315.1,5,0,0,12.2
23152,2315.2,5,0,0,12.23
23153,2315.3,5,0,0,12.21
23154,2315.4,5,0,0,12.2
23155,2315.5,5,0,0,12.22
23156,2315.6,5,0,0,12.17
23157,2315.7,5,0,0,12.15
23158,2315.8,6,1,0,11.7
23159,2315.9,6,0,0,11.67
23160,2316,6,0,0,11.64
23161,2316.1,5,1,0,11.16
23162,2316.2,5,0,0,11.15
23163,2316.3,6,0,0,11.52
23164,2316.4,5,1,0,11.37
23165,2316.5,5,0,0,11.36
23166,2316.6,5,0,0,11.35
23167,2316.7,5,0,0,11.34
23168,2316.8,5,0,0,11.32
23169,2316.9,5,0,0,11.3
23170,2317,5,0,0,11.31
23171,2317.1,5,0,0,11.28
23172,2317.2,5,0,0,11.25
23173,2317.3,5,0,0,11.23
23174,2317.4,5,0,0,11.21
23175,2317.5,5,0,0,11.24
23176,2317.6,5,0,0,11.24
23177,2317.7,5,0,0,11.19
23178,2317.8,5,0,0,11.18
23179,2317.9,5,0,0,11.19
23180,2318,5,0,0,11.21
23181,2318.1,5,0,0,11.14
23182,2318.2,5,0,0,11.13
23183,2318.3,5,0,0,11.12
23184,2318.4,5,0,0,11.15
23185,2318.5,5,0,0,11.16
23186,2318.6,5,0,0,11.14
23187,2318.7,6,0,0,11.6
23188,2318.8,6,0,0,11.58
23189,2318.9,6,0,0,11.6
23190,2319,6,0,0,11.57
23191,2319.1,6,0,0,11.55
23192,2319.2,6,0,0,11.54
23193,2319.3,6,1,0,11.55
23194,2319.4,6,0,0,11.54
23195,2319.5,7,0,0,11.85
23196,2319.6,7,0,0,11.84
23197,2319.7,7,0,0,11.83
23198,2319.8,7,0,0,11.81
23199,2319.9,7,0,0,11.81
23200,2320,6,1,0,12.13
23201,2320.1,7,0,0,11.84
23202,2320.2,6,1,0,12.04
23203,2320.3,5,1,0,12.54
23204,2320.4,5,0,0,12.6
23205,2320.5,5,0,0,12.65
23206,2320.6,5,0,0,12.71
23207,2320.7,5,0,0,12.79
23208,2320.8,5,0,0,12.86
23209,2320.9,5,0,0,12.92
23210,2321,5,0,0,13
23211,2321.1,5,0,0,13.08
23212,2321.2,5,0,0,13.15
23213,2321.3,5,0,0,13.24
23214,2321.4,5,0,0,13.33
23215,2321.5,6,0,0,13.37
23216,2321.6,6,0,0,13.4
23217,2321.7,6,0,0,13.43
23218,2321.8,6,0,0,13.45
23219,2321.9,5,1,0,13.46
23220,2322,5,0,0,13.45
23221,2322.1,4,1,0,13.59
23222,2322.2,4,0,0,13.59
23223,2322.3,4,0,0,13.56
23224,2322.4,4,0,0,13.57
23225,2322.5,4,0,0,13.57
23226,2322.6,5,0,0,13.64
23227,2322.7,5,0,0,13.64
23228,2322.8,4,1,0,13.58
23229,2322.9,5,0,0,13.52
23230,2323,5,0,0,13.51
23231,2323.1,5,0,0,13.46
23232,2323.2,5,0,0,13.52
23233,2323.3,5,0,0,13.51
23234,2323.4,4,1,0,13.53
23235,2323.5,4,0,0,13.56
23236,2323.6,4,0,0,13.51
23237,2323.7,4,0,0,13.55
23238,2323.8,4,0,0,13.53
23239,2323.9,4,0,0,13.54
23240,2324,4,0,0,13.53
23241,2324.1,4,0,0,13.53
23242,2324.2,4,0,0,13.55
23243,2324.3,5,0,0,13.36
23244,2324.4,5,0,0,13.33
23245,2324.5,5,0,0,13.33
23246,2324.6,5,0,0,13.35
23247,2324.7,5,0,0,13.35
23248,2324.8,5,0,0,13.34
23249,2324.9,4,1,0,13.52
23250,2325,4,0,0,13.55
23251,2325.1,4,0,0,13.57
23252,2325.2,4,0,0,13.51
23253,2325.3,4,0,0,13.54
23254,2325.4,4,0,0,13.55
23255,2325.5,4,0,0,13.58
23256,2325.6,4,0,0,13.53
23257,2325.7,4,0,0,13.53
23258,2325.8,5,0,0,13.28
23259,2325.9,4,1,0,13.29
23260,2326,4,0,0,13.26
23261,2326.1,4,0,0,13.29
23262,2326.2,4,0,0,13.24
23263,2326.3,4,0,0,13.27
23264,2326.4,5,0,0,13.39
23265,2326.5,4,1,0,13.41
23266,2326.6,4,0,0,13.39
23267,2326.7,4,0,0,13.44
23268,2326.8,4,0,0,13.43
23269,2326.9,4,0,0,13.41
23270,2327,4,0,0,13.47
23271,2327.1,5,0,0,13.53
23272,2327.2,5,0,0,13.51
23273,2327.3,5,0,0,13.51
23274,2327.4,5,0,0,13.52
23275,2327.5,5,0,0,13.51
23276,2327.6,5,0,0,13.51
23277,2327.7,4,1,0,13.41
23278,2327.8,4,0,0,13.42
23279,2327.9,4,0,0,13.41
23280,2328,4,0,0,13.42
23281,2328.1,4,0,0,13.4
23282,2328.2,4,0,0,13.39
23283,2328.3,4,0,0,13.43
23284,2328.4,4,0,0,13.42
23285,2328.5,4,0,0,13.43
23286,2328.6,4,0,0,13.45
23287,2328.7,4,0,0,13.41
23288,2328.8,3,1,0,13.37
23289,2328.9,4,0,0,13.49
23290,2329,4,0,0,13.51
23291,2329.1,4,0,0,13.48
23292,2329.2,4,0,0,13.48
23293,2329.3,4,0,0,13.47
23294,2329.4,4,0,0,13.48
23295,2329.5,4,0,0,13.49
23296,2329.6,4,0,0,13.46
23297,2329.7,4,0,0,13.49
23298,2329.8,4,0,0,13.49
23299,2329.9,4,1,0,13.24
23300,2330,5,0,0,12.92
23301,2330.1,5,0,0,12.93
23302,2330.2,5,0,0,12.92
23303,2330.3,5,0,0,12.91
23304,2330.4,5,0,0,12.89
23305,2330.5,4,1,0,12.86
23306,2330.6,4,0,0,12.89
23307,2330.7,4,0,0,12.87
23308,2330.8,4,0,0,12.85
23309,2330.9,5,0,0,12.29
23310,2331,5,0,0,12.29
23311,2331.1,5,0,0,12.31
23312,2331.2,5,0,0,12.3
23313,2331.3,5,0,0,12.31
23314,2331.4,5,0,0,12.32
23315,2331.5,5,0,0,12.29
23316,2331.6,5,0,0,12.3
23317,2331.7,5,0,0,12.28
23318,2331.8,4,1,0,11.92
23319,2331.9,4,0,0,11.88
23320,2332,5,0,0,11.51
23321,2332.1,6,0,0,10.97
23322,2332.2,6,0,0,10.96
23323,2332.3,6,0,0,10.97
23324,2332.4,6,0,0,10.99
23325,2332.5,6,0,0,10.98
23326,2332.6,6,0,0,11.01
23327,2332.7,6,0,0,11.02
23328,2332.8,7,0,0,11.39
23329,2332.9,7,0,0,11.41
23330,2333,7,0,0,11.37
23331,2333.1,7,0,0,11.4
23332,2333.2,7,0,0,11.41
23333,2333.3,7,0,0,11.41
23334,2333.4,6,1,0,11.07
23335,2333.5,7,0,0,10.82
23336,2333.6,7,0,0,10.83
23337,2333.7,7,0,0,10.84
23338,2333.8,7,0,0,10.84
23339,2333.9,7,0,0,10.83
23340,2334,7,0,0,10.88
23341,2334.1,7,0,0,10.9
23342,2334.2,6,1,0,10.76
23343,2334.3,6,0,0,10.78
23344,2334.4,6,0,0,10.79
23345,2334.5,6,0,0,10.81
23346,2334.6,6,0,0,10.8
23347,2334.7,6,0,0,10.79
23348,2334.8,6,0,0,10.79
23349,2334.9,6,0,0,10.8
23350,2335,6,0,0,10.82
23351,2335.1,6,0,0,10.83
23352,2335.2,7,0,0,11.09
23353,2335.3,7,0,0,11.08
23354,2335.4,7,0,0,11.06
23355,2335.5,7,0,0,11.07
23356,2335.6,8,0,0,11.25
23357,2335.7,8,0,0,11.25
23358,2335.8,8,0,0,11.24
23359,2335.9,8,0,0,11.24
23360,2336,8,0,0,11.23
23361,2336.1,8,0,0,11.22
23362,2336.2,8,1,0,10.87
23363,2336.3,6,2,0,10.79
23364,2336.4,5,1,0,10.99
23365,2336.5,5,0,0,11.06
23366,2336.6,5,0,0,11.09
23367,2336.7,5,0,0,11.12
23368,2336.8,5,0,0,11.14
23369,2336.9,5,0,0,11.18
23370,2337,5,0,0,11.21
23371,2337.1,6,0,0,11.7
23372,2337.2,6,0,0,11.69
23373,2337.3,6,0,0,11.76
23374,2337.4,6,0,0,11.8
23375,2337.5,6,0,0,11.79
23376,2337.6,6,0,0,11.81
23377,2337.7,6,0,0,11.82
23378,2337.8,6,0,0,11.83
23379,2337.9,6,0,0,11.9
23380,2338,6,0,0,11.9
23381,2338.1,5,1,0,11.55
23382,2338.2,4,1,0,11.19
23383,2338.3,4,0,0,11.2
23384,2338.4,6,0,0,11.78
23385,2338.5,6,0,0,11.76
23386,2338.6,6,0,0,11.74
23387,2338.7,6,0,0,11.73
23388,2338.8,6,0,0,11.7
23389,2338.9,6,0,0,11.7
23390,2339,6,0,0,11.72
23391,2339.1,5,1,0,11.67
23392,2339.2,5,0,0,11.71
23393,2339.3,5,0,0,11.66
23394,2339.4,5,0,0,11.69
23395,2339.5,5,0,0,11.67
23396,2339.6,5,0,0,11.66
23397,2339.7,5,0,0,11.67
23398,2339.8,5,0,0,11.65
23399,2339.9,5,0,0,11.64
23400,2340,5,0,0,11.66
23401,2340.1,5,0,0,11.67
23402,2340.2,5,0,0,11.66
23403,2340.3,5,0,0,11.64
23404,2340.4,5,0,0,11.65
23405,2340.5,5,0,0,11.65
23406,2340.6,4,1,0,11.09
23407,2340.7,5,0,0,11.43
23408,2340.8,5,0,0,11.37
23409,2340.9,5,0,0,11.37
23410,2341,5,0,0,11.35
23411,2341.1,5,0,0,11.32
23412,2341.2,6,0,0,11.7
23413,2341.3,6,0,0,11.67
23414,2341.4,6,0,0,11.65
23415,2341.5,7,0,0,11.93
23416,2341.6,7,0,0,11.9
23417,2341.7,7,0,0,11.89
23418,2341.8,6,1,0,11.61
23419,2341.9,6,0,0,11.57
23420,2342,6,0,0,11.55
23421,2342.1,6,0,0,11.56
23422,2342.2,6,0,0,11.56
23423,2342.3,6,0,0,11.53
23424,2342.4,6,0,0,11.54
23425,2342.5,6,0,0,11.52
23426,2342.6,6,0,0,11.49
23427,2342.7,6,0,0,11.49
23428,2342.8,6,0,0,11.48
23429,2342.9,6,0,0,11.45
23430,2343,6,0,0,11.41
23431,2343.1,5,1,0,11.72
23432,2343.2,5,0,0,11.77
23433,2343.3,5,0,0,11.88
23434,2343.4,5,0,0,11.93
23435,2343.5,5,0,0,12.03
23436,2343.6,5,0,0,12.15
23437,2343.7,5,0,0,12.21
23438,2343.8,5,0,0,12.31
23439,2343.9,5,0,0,12.37
23440,2344,5,0,0,12.46
23441,2344.1,6,0,0,12.7
23442,2344.2,7,0,0,12.9
23443,2344.3,7,0,0,12.95
23444,2344.4,6,1,0,13.06
23445,2344.5,6,0,0,13.11
23446,2344.6,6,0,0,13.2
23447,2344.7,6,1,0,13.37
23448,2344.8,6,0,0,13.4
23449,2344.9,6,0,0,13.38
23450,2345,5,1,0,13.47
23451,2345.1,5,0,0,13.5
23452,2345.2,5,0,0,13.56
23453,2345.3,5,0,0,13.62
23454,2345.4,5,0,0,13.69
23455,2345.5,5,0,0,13.74
23456,2345.6,5,0,0,13.8
23457,2345.7,5,0,0,13.83
23458,2345.8,5,0,0,13.83
23459,2345.9,5,0,0,13.86
23460,2346,5,0,0,13.86
23461,2346.1,5,0,0,13.85
23462,2346.2,5,0,0,13.86
23463,2346.3,5,0,0,13.83
23464,2346.4,4,1,0,13.86
23465,2346.5,4,0,0,13.83
23466,2346.6,4,0,0,13.84
23467,2346.7,4,0,0,13.84
23468,2346.8,4,0,0,13.8
23469,2346.9,5,0,0,13.49
23470,2347,5,0,0,13.49
23471,2347.1,5,0,0,13.48
23472,2347.2,5,0,0,13.5
23473,2347.3,5,0,0,13.48
23474,2347.4,5,0,0,13.46
23475,2347.5,4,1,0,13.81
23476,2347.6,4,0,0,13.84
23477,2347.7,3,1,0,13.82
23478,2347.8,5,0,0,13.49
23479,2347.9,5,0,0,13.48
23480,2348,4,1,0,13.37
23481,2348.1,4,0,0,13.38
23482,2348.2,4,0,0,13.36
23483,2348.3,4,0,0,13.38
23484,2348.4,4,0,0,13.33
23485,2348.5,4,0,0,13.36
23486,2348.6,4,0,0,13.37
23487,2348.7,4,0,0,13.36
23488,2348.8,4,0,0,13.37
23489,2348.9,4,0,0,13.35
23490,2349,4,0,0,13.39
23491,2349.1,4,0,0,13.39
23492,2349.2,4,0,0,13.35
23493,2349.3,4,0,0,13.37
23494,2349.4,4,0,0,13.4
23495,2349.5,4,0,0,13.4
23496,2349.6,4,0,0,13.39
23497,2349.7,5,0,0,13.43
23498,2349.8,5,0,0,13.39
23499,2349.9,5,0,0,13.38
23500,2350,5,0,0,13.41
23501,2350.1,5,0,0,13.41
23502,2350.2,5,0,0,13.4
23503,2350.3,4,1,0,13.38
23504,2350.4,4,0,0,13.34
23505,2350.5,4,0,0,13.36
23506,2350.6,4,0,0,13.34
23507,2350.7,4,0,0,13.39
23508,2350.8,4,0,0,13.37
23509,2350.9,3,1,0,13.34
23510,2351,4,0,0,13.51
23511,2351.1,4,0,0,13.47
23512,2351.2,4,0,0,13.47
23513,2351.3,5,0,0,13.56
23514,2351.4,4,1,0,13.65
23515,2351.5,4,0,0,13.67
23516,2351.6,4,0,0,13.67
23517,2351.7,4,0,0,13.64
23518,2351.8,4,0,0,13.64
23519,2351.9,4,0,0,13.66
23520,2352,4,0,0,13.63
23521,2352.1,5,0,0,12.92
23522,2352.2,5,0,0,12.89
23523,2352.3,4,1,0,13.62
23524,2352.4,4,0,0,13.66
23525,2352.5,5,0,0,13.72
23526,2352.6,5,0,0,13.7
23527,2352.7,5,0,0,13.71
23528,2352.8,5,0,0,13.67
23529,2352.9,5,0,0,13.68
23530,2353,5,0,0,13.7
23531,2353.1,4,1,0,13.64
23532,2353.2,4,0,0,13.65
23533,2353.3,4,0,0,13.66
23534,2353.4,4,0,0,13.65
23535,2353.5,4,0,0,13.66
23536,2353.6,4,0,0,13.65
23537,2353.7,4,0,0,13.63
23538,2353.8,4,0,0,13.63
23539,2353.9,3,1,0,13.54
23540,2354,4,0,0,12.66
23541,2354.1,4,0,0,12.66
23542,2354.2,4,0,0,12.66
23543,2354.3,4,0,0,12.67
23544,2354.4,4,0,0,12.66
23545,2354.5,4,0,0,12.68
23546,2354.6,4,0,0,12.64
23547,2354.7,4,0,0,12.67
23548,2354.8,4,1,0,10.86
23549,2354.9,5,0,0,11.48
23550,2355,5,0,0,11.49
23551,2355.1,5,0,0,11.52
23552,2355.2,5,0,0,11.51
23553,2355.3,5,0,0,11.56
23554,2355.4,6,0,0,11.52
23555,2355.5,6,0,0,11.52
23556,2355.6,6,0,0,11.54
23557,2355.7,6,0,0,11.53
23558,2355.8,6,0,0,11.57
23559,2355.9,6,0,0,11.58
23560,2356,6,0,0,11.62
23561,2356.1,5,1,0,11.69
23562,2356.2,5,0,0,11.72
23563,2356.3,5,0,0,11.73
23564,2356.4,5,0,0,11.74
23565,2356.5,5,0,0,11.76
23566,2356.6,5,0,0,11.76
23567,2356.7,5,0,0,11.79
23568,2356.8,5,0,0,11.78
23569,2356.9,5,0,0,11.82
23570,2357,5,0,0,11.8
23571,2357.1,5,0,0,11.83
23572,2357.2,5,0,0,11.83
23573,2357.3,6,0,0,11.51
23574,2357.4,6,0,0,11.54
23575,2357.5,6,0,0,11.53
23576,2357.6,6,0,0,11.54
23577,2357.7,6,0,0,11.54
23578,2357.8,5,1,0,11.32
23579,2357.9,5,0,0,11.3
23580,2358,5,0,0,11.31
23581,2358.1,5,0,0,11.31
23582,2358.2,6,0,0,11.78
23583,2358.3,6,0,0,11.78
23584,2358.4,6,1,0,11.82
23585,2358.5,6,0,0,11.78
23586,2358.6,6,0,0,11.8
23587,2358.7,6,0,0,11.81
23588,2358.8,5,1,0,11.37
23589,2358.9,5,0,0,11.36
23590,2359,5,0,0,11.37
23591,2359.1,5,0,0,11.37
23592,2359.2,5,0,0,11.39
23593,2359.3,5,0,0,11.37
23594,2359.4,5,0,0,11.38
23595,2359.5,5,0,0,11.4
23596,2359.6,5,0,0,11.41
23597,2359.7,5,0,0,11.41
23598,2359.8,5,0,0,11.41
23599,2359.9,5,0,0,11.38
23600,2360,5,0,0,11.37
23601,2360.1,5,0,0,11.43
23602,2360.2,4,1,0,10.79
23603,2360.3,4,0,0,10.79
23604,2360.4,5,0,0,11.39
23605,2360.5,5,0,0,11.36
23606,2360.6,5,0,0,11.34
23607,2360.7,5,0,0,11.29
23608,2360.8,5,0,0,11.31
23609,2360.9,5,0,0,11.31
23610,2361,6,0,0,11.76
23611,2361.1,6,0,0,11.74
23612,2361.2,6,0,0,11.7
23613,2361.3,6,0,0,11.69
23614,2361.4,6,0,0,11.68
23615,2361.5,6,0,0,11.69
23616,2361.6,5,1,0,11.2
23617,2361.7,5,0,0,11.21
23618,2361.8,5,0,0,11.16
23619,2361.9,4,1,0,10.48
23620,2362,5,0,0,11.17
23621,2362.1,5,0,0,11.13
23622,2362.2,5,0,0,11.12
23623,2362.3,5,0,0,11.13
23624,2362.4,5,0,0,11.12
23625,2362.5,5,0,0,11.11
23626,2362.6,5,0,0,11.08
23627,2362.7,5,0,0,11.08
23628,2362.8,5,0,0,11.05
23629,2362.9,5,0,0,11.04
23630,2363,5,0,0,11.04
23631,2363.1,5,0,0,11.05
23632,2363.2,5,0,0,11.05
23633,2363.3,5,0,0,10.99
23634,2363.4,5,0,0,11
23635,2363.5,6,0,0,11.48
23636,2363.6,6,0,0,11.51
23637,2363.7,6,0,0,11.46
23638,2363.8,7,0,0,11.82
23639,2363.9,7,0,0,11.83
23640,2364,7,0,0,11.85
23641,2364.1,7,0,0,11.86
23642,2364.2,7,0,0,11.83
23643,2364.3,7,0,0,11.81
23644,2364.4,6,1,0,11.43
23645,2364.5,6,0,0,11.45
23646,2364.6,6,0,0,11.46
23647,2364.7,6,0,0,11.43
23648,2364.8,6,0,0,11.41
23649,2364.9,6,0,0,11.43
23650,2365,6,0,0,11.39
23651,2365.1,6,0,0,11.41
23652,2365.2,6,0,0,11.41
23653,2365.3,6,0,0,11.38
23654,2365.4,6,0,0,11.39
23655,2365.5,5,1,0,10.87
23656,2365.6,6,0,0,11.4
23657,2365.7,6,0,0,11.39
23658,2365.8,6,0,0,11.4
23659,2365.9,6,0,0,11.38
23660,2366,6,0,0,11.4
23661,2366.1,6,0,0,11.37
23662,2366.2,5,1,0,11.63
23663,2366.3,5,0,0,11.68
23664,2366.4,5,0,0,11.7
23665,2366.5,5,0,0,11.75
23666,2366.6,5,0,0,11.8
23667,2366.7,7,0,0,12.44
23668,2366.8,7,0,0,12.47
23669,2366.9,7,0,0,12.54
23670,2367,7,0,0,12.62
23671,2367.1,7,0,0,12.68
23672,2367.2,7,0,0,12.71
23673,2367.3,6,1,0,12.61
23674,2367.4,6,0,0,12.7
23675,2367.5,6,0,0,12.79
23676,2367.6,6,0,0,12.92
23677,2367.7,6,0,0,13
23678,2367.8,6,0,0,13.08
23679,2367.9,6,0,0,13.18
23680,2368,6,0,0,13.27
23681,2368.1,7,0,0,12.87
23682,2368.2,6,1,0,12.8
23683,2368.3,5,1,0,13.45
23684,2368.4,5,0,0,13.52
23685,2368.5,5,0,0,13.57
23686,2368.6,5,0,0,13.64
23687,2368.7,5,0,0,13.73
23688,2368.8,5,0,0,13.8
23689,2368.9,5,0,0,13.85
23690,2369,5,0,0,13.83
23691,2369.1,5,1,0,13.8
23692,2369.2,5,0,0,13.85
23693,2369.3,5,0,0,13.84
23694,2369.4,5,0,0,13.81
23695,2369.5,5,1,0,13.8
23696,2369.6,5,0,0,13.85
23697,2369.7,5,0,0,13.87
23698,2369.8,6,0,0,13.75
23699,2369.9,6,0,0,13.73
23700,2370,6,0,0,13.74
23701,2370.1,5,1,0,13.7
23702,2370.2,5,0,0,13.76
23703,2370.3,5,0,0,13.71
23704,2370.4,5,0,0,13.73
23705,2370.5,5,0,0,13.75
23706,2370.6,5,0,0,13.78
23707,2370.7,5,0,0,13.74
23708,2370.8,5,0,0,13.75
23709,2370.9,4,1,0,13.71
23710,2371,4,0,0,13.73
23711,2371.1,4,0,0,13.7
23712,2371.2,4,0,0,13.69
23713,2371.3,4,0,0,13.68
23714,2371.4,4,0,0,13.7
23715,2371.5,4,0,0,13.7
23716,2371.6,4,0,0,13.7
23717,2371.7,4,0,0,13.71
23718,2371.8,4,0,0,13.69
23719,2371.9,4,0,0,13.71
23720,2372,4,0,0,13.7
23721,2372.1,4,0,0,13.72
23722,2372.2,4,0,0,13.72
23723,2372.3,5,0,0,13.51
23724,2372.4,5,0,0,13.51
23725,2372.5,5,0,0,13.5
23726,2372.6,4,1,0,13.39
23727,2372.7,4,1,0,13.44
23728,2372.8,4,0,0,13.35
23729,2372.9,3,1,0,13.65
23730,2373,4,0,0,13.71
23731,2373.1,4,0,0,13.77
23732,2373.2,4,0,0,13.73
23733,2373.3,4,0,0,13.72
23734,2373.4,4,0,0,13.72
23735,2373.5,4,0,0,13.72
23736,2373.6,5,0,0,12.93
23737,2373.7,5,0,0,12.89
23738,2373.8,5,0,0,12.94
23739,2373.9,5,0,0,12.9
23740,2374,5,0,0,12.94
23741,2374.1,5,0,0,12.95
23742,2374.2,5,0,0,12.93
23743,2374.3,5,0,0,12.98
23744,2374.4,5,0,0,12.94
23745,2374.5,5,0,0,12.95
23746,2374.6,5,0,0,12.96
23747,2374.7,5,0,0,12.94
23748,2374.8,5,0,0,12.99
23749,2374.9,5,0,0,12.99
23750,2375,5,0,0,12.97
23751,2375.1,6,0,0,13.14
23752,2375.2,6,0,0,13.15
23753,2375.3,6,0,0,13.13
23754,2375.4,6,0,0,13.13
23755,2375.5,6,0,0,13.12
23756,2375.6,6,0,0,13.1
23757,2375.7,5,1,0,12.96
23758,2375.8,5,0,0,12.97
23759,2375.9,4,1,0,12.72
23760,2376,4,0,0,12.75
23761,2376.1,5,0,0,12.88
23762,2376.2,5,1,0,12.56
23763,2376.3,5,0,0,12.56
23764,2376.4,5,0,0,12.56
23765,2376.5,5,0,0,12.56
23766,2376.6,5,0,0,12.53
23767,2376.7,5,0,0,12.53
23768,2376.8,5,0,0,12.48
23769,2376.9,5,0,0,12.46
23770,2377,5,0,0,12.5
23771,2377.1,6,0,0,11.94
23772,2377.2,6,0,0,11.93
23773,2377.3,6,0,0,11.95
23774,2377.4,6,0,0,11.96
23775,2377.5,6,0,0,11.96
23776,2377.6,6,0,0,11.96
23777,2377.7,6,0,0,11.98
23778,2377.8,6,0,0,11.98
23779,2377.9,5,1,0,12.4
23780,2378,6,0,0,12.67
23781,2378.1,6,0,0,12.73
23782,2378.2,6,0,0,12.75
23783,2378.3,6,0,0,12.79
23784,2378.4,6,0,0,12.8
23785,2378.5,6,0,0,12.85
23786,2378.6,5,1,0,12.67
23787,2378.7,5,0,0,12.72
23788,2378.8,5,0,0,12.74
23789,2378.9,5,0,0,12.77
23790,2379,5,0,0,12.77
23791,2379.1,5,0,0,12.75
23792,2379.2,5,0,0,12.75
23793,2379.3,6,0,0,12.52
23794,2379.4,6,0,0,12.53
23795,2379.5,6,0,0,12.52
23796,2379.6,5,1,0,12.39
23797,2379.7,5,0,0,12.4
23798,2379.8,6,0,0,12.39
23799,2379.9,6,0,0,12.36
23800,2380,5,1,0,12.15
23801,2380.1,5,0,0,12.16
23802,2380.2,5,0,0,12.1
23803,2380.3,5,0,0,12.16
23804,2380.4,5,0,0,12.15
23805,2380.5,5,0,0,12.11
23806,2380.6,5,0,0,12.11
23807,2380.7,5,0,0,12.1
23808,2380.8,6,0,0,12.41
23809,2380.9,6,0,0,12.39
23810,2381,6,0,0,12.4
23811,2381.1,6,0,0,12.39
23812,2381.2,6,0,0,12.39
23813,2381.3,6,0,0,12.38
23814,2381.4,5,1,0,12.09
23815,2381.5,5,0,0,12.08
23816,2381.6,5,0,0,12.07
23817,2381.7,5,0,0,12.05
23818,2381.8,5,0,0,12.08
23819,2381.9,5,0,0,12.05
23820,2382,5,0,0,12.03
23821,2382.1,5,0,0,12.04
23822,2382.2,4,1,0,11.56
23823,2382.3,4,0,0,11.56
23824,2382.4,5,0,0,12.06
23825,2382.5,5,0,0,12.03
23826,2382.6,5,0,0,12.03
23827,2382.7,5,0,0,12.04
23828,2382.8,5,0,0,12.03
23829,2382.9,5,0,0,12.01
23830,2383,5,0,0,12.02
23831,2383.1,5,0,0,12.01
23832,2383.2,5,0,0,12
23833,2383.3,6,0,0,12.35
23834,2383.4,6,0,0,12.33
23835,2383.5,6,0,0,12.3
23836,2383.6,7,0,0,12.53
23837,2383.7,6,1,0,12.56
23838,2383.8,6,0,0,12.54
23839,2383.9,6,0,0,12.5
23840,2384,6,0,0,12.45
23841,2384.1,6,0,0,12.48
23842,2384.2,6,1,0,11.81
23843,2384.3,6,0,0,11.77
23844,2384.4,5,1,0,12.13
23845,2384.5,5,0,0,12.09
23846,2384.6,5,0,0,12.07
23847,2384.7,5,0,0,12.09
23848,2384.8,5,0,0,12.08
23849,2384.9,5,0,0,12.05
23850,2385,5,0,0,12.03
23851,2385.1,5,0,0,12.01
23852,2385.2,5,0,0,11.97
23853,2385.3,5,0,0,11.96
23854,2385.4,5,0,0,11.98
23855,2385.5,5,0,0,11.97
23856,2385.6,5,1,0,12.04
23857,2385.7,5,0,0,12.03
23858,2385.8,5,0,0,12.02
23859,2385.9,5,0,0,12.02
23860,2386,5,0,0,11.99
23861,2386.1,5,0,0,12.01
23862,2386.2,5,0,0,11.99
23863,2386.3,5,0,0,11.97
23864,2386.4,6,0,0,12.02
23865,2386.5,6,0,0,12.05
23866,2386.6,6,0,0,12.01
23867,2386.7,6,0,0,12
23868,2386.8,5,1,0,11.65
23869,2386.9,6,0,0,11.93
23870,2387,5,1,0,11.79
23871,2387.1,5,0,0,11.76
23872,2387.2,5,0,0,11.81
23873,2387.3,5,0,0,11.79
23874,2387.4,5,0,0,11.76
23875,2387.5,5,0,0,11.75
23876,2387.6,5,0,0,11.74
23877,2387.7,5,0,0,11.75
23878,2387.8,5,0,0,11.74
23879,2387.9,5,0,0,11.74
23880,2388,5,0,0,11.73
23881,2388.1,5,0,0,11.68
23882,2388.2,5,0,0,11.72
23883,2388.3,5,0,0,11.7
23884,2388.4,5,0,0,11.65
23885,2388.5,5,0,0,11.68
23886,2388.6,5,0,0,11.65
23887,2388.7,6,0,0,11.89
23888,2388.8,6,0,0,11.87
23889,2388.9,6,0,0,11.88
23890,2389,6,0,0,11.89
23891,2389.1,6,0,0,11.84
23892,2389.2,6,0,0,11.84
23893,2389.3,7,0,0,12.16
23894,2389.4,6,1,0,12.53
23895,2389.5,6,0,0,12.56
23896,2389.6,6,0,0,12.63
23897,2389.7,6,0,0,12.67
23898,2389.8,6,0,0,12.75
23899,2389.9,5,1,0,12.55
23900,2390,5,0,0,12.63
23901,2390.1,5,0,0,12.74
23902,2390.2,5,0,0,12.79
23903,2390.3,5,0,0,12.84
23904,2390.4,5,0,0,12.92
23905,2390.5,5,1,0,13.08
23906,2390.6,5,0,0,13.09
23907,2390.7,5,0,0,13.1
23908,2390.8,5,0,0,13.09
23909,2390.9,5,0,0,13.12
23910,2391,5,0,0,13.06
23911,2391.1,5,0,0,13.07
23912,2391.2,5,0,0,13.1
23913,2391.3,4,1,0,13.25
23914,2391.4,4,0,0,13.33
23915,2391.5,4,0,0,13.37
23916,2391.6,4,0,0,13.4
23917,2391.7,4,0,0,13.46
23918,2391.8,4,0,0,13.5
23919,2391.9,5,0,0,13.5
23920,2392,5,0,0,13.52
23921,2392.1,6,0,0,13.62
23922,2392.2,6,0,0,13.62
23923,2392.3,6,0,0,13.61
23924,2392.4,6,0,0,13.64
23925,2392.5,6,0,0,13.66
23926,2392.6,6,0,0,13.63
23927,2392.7,5,1,0,13.59
23928,2392.8,4,1,0,13.48
23929,2392.9,4,0,0,13.47
23930,2393,4,0,0,13.49
23931,2393.1,4,0,0,13.53
23932,2393.2,4,0,0,13.47
23933,2393.3,4,0,0,13.49
23934,2393.4,4,0,0,13.51
23935,2393.5,4,0,0,13.5
23936,2393.6,4,0,0,13.48
23937,2393.7,4,0,0,13.52
23938,2393.8,4,0,0,13.51
23939,2393.9,4,0,0,13.48
23940,2394,4,1,0,12.74
23941,2394.1,4,0,0,12.71
23942,2394.2,4,0,0,12.68
23943,2394.3,4,0,0,12.7
23944,2394.4,4,0,0,12.74
23945,2394.5,4,0,0,12.7
23946,2394.6,4,0,0,12.74
23947,2394.7,4,0,0,12.67
23948,2394.8,3,1,0,12.31
23949,2394.9,4,0,0,12.66
23950,2395,5,0,0,12.89
23951,2395.1,5,0,0,12.88
23952,2395.2,5,0,0,12.91
23953,2395.3,5,0,0,12.87
23954,2395.4,5,0,0,12.89
23955,2395.5,4,1,0,12.73
23956,2395.6,4,0,0,12.72
23957,2395.7,4,0,0,12.7
23958,2395.8,4,0,0,12.72
23959,2395.9,4,0,0,12.7
23960,2396,4,0,0,12.73
23961,2396.1,4,0,0,12.69
23962,2396.2,4,0,0,12.67
23963,2396.3,4,0,0,12.72
23964,2396.4,4,0,0,12.73
23965,2396.5,4,0,0,12.71
23966,2396.6,4,0,0,12.72
23967,2396.7,4,0,0,12.74
23968,2396.8,4,0,0,12.73
23969,2396.9,4,0,0,12.68
23970,2397,4,0,0,12.7
23971,2397.1,4,0,0,12.71
23972,2397.2,4,0,0,12.74
23973,2397.3,4,0,0,12.73
23974,2397.4,4,0,0,12.73
23975,2397.5,4,0,0,12.72
23976,2397.6,5,0,0,12.97
23977,2397.7,6,0,0,13.12
23978,2397.8,6,0,0,13.14
23979,2397.9,6,0,0,13.14
23980,2398,6,0,0,13.12
23981,2398.1,6,0,0,13.14
23982,2398.2,7,0,0,13.24
23983,2398.3,6,1,0,13.12
23984,2398.4,5,1,0,13.59
23985,2398.5,5,0,0,13.58
23986,2398.6,4,1,0,13.74
23987,2398.7,4,0,0,13.74
23988,2398.8,4,0,0,13.74
23989,2398.9,4,0,0,13.73
23990,2399,4,0,0,13.71
23991,2399.1,4,0,0,13.74
23992,2399.2,4,0,0,13.74
23993,2399.3,4,0,0,13.74
23994,2399.4,4,0,0,13.72
23995,2399.5,4,0,0,13.73
23996,2399.6,4,0,0,13.75
23997,2399.7,4,0,0,13.74
23998,2399.8,4,0,0,13.75
23999,2399.9,4,0,0,13.73
24000,2400,4,0,0,13.75
24001,2400.1,5,0,0,12.98
24002,2400.2,6,0,0,12.49
24003,2400.3,5,1,0,12.97
24004,2400.4,5,0,0,13
24005,2400.5,6,0,0,13.11
24006,2400.6,6,0,0,13.13
24007,2400.7,6,0,0,13.12
24008,2400.8,6,0,0,13.12
24009,2400.9,6,0,0,13.11
24010,2401,6,0,0,13.12
24011,2401.1,5,2,0,12.94
24012,2401.2,5,0,0,12.9
24013,2401.3,6,0,0,12.12
24014,2401.4,6,0,0,12.09
24015,2401.5,6,0,0,12.1
24016,2401.6,5,1,0,11.87
24017,2401.7,5,0,0,11.91
24018,2401.8,5,0,0,11.9
24019,2401.9,5,0,0,11.92
24020,2402,5,0,0,11.96
24021,2402.1,5,0,0,11.97
24022,2402.2,5,0,0,11.93
24023,2402.3,5,0,0,11.94
24024,2402.4,5,0,0,12.02
24025,2402.5,5,0,0,12.03
24026,2402.6,5,0,0,11.99
24027,2402.7,5,0,0,12
24028,2402.8,5,0,0,12.06
24029,2402.9,5,0,0,12.02
24030,2403,5,0,0,12.05
24031,2403.1,5,0,0,12.04
24032,2403.2,5,0,0,12.04
24033,2403.3,5,0,0,12.08
24034,2403.4,6,0,0,12.38
24035,2403.5,6,0,0,12.39
24036,2403.6,6,0,0,12.36
24037,2403.7,6,0,0,12.38
24038,2403.8,6,0,0,12.39
24039,2403.9,6,0,0,12.4
24040,2404,5,1,0,12.1
24041,2404.1,5,0,0,12.14
24042,2404.2,4,1,0,11.67
24043,2404.3,4,0,0,11.68
24044,2404.4,4,0,0,11.7
24045,2404.5,5,0,0,11.88
24046,2404.6,5,0,0,11.88
24047,2404.7,5,1,0,11.76
24048,2404.8,5,0,0,11.74
24049,2404.9,5,0,0,11.74
24050,2405,5,0,0,11.72
24051,2405.1,5,0,0,11.7
24052,2405.2,5,0,0,11.69
24053,2405.3,5,0,0,11.69
24054,2405.4,5,0,0,11.68
24055,2405.5,5,0,0,11.69
24056,2405.6,5,0,0,11.68
24057,2405.7,5,0,0,11.66
24058,2405.8,5,0,0,11.65
24059,2405.9,5,0,0,11.63
24060,2406,5,0,0,11.64
24061,2406.1,5,0,0,11.63
24062,2406.2,6,0,0,12
24063,2406.3,6,0,0,11.97
24064,2406.4,6,0,0,11.96
24065,2406.5,6,0,0,11.99
24066,2406.6,6,0,0,11.98
24067,2406.7,6,0,0,11.96
24068,2406.8,5,1,0,11.57
24069,2406.9,5,0,0,11.57
24070,2407,5,0,0,11.54
24071,2407.1,5,0,0,11.56
24072,2407.2,5,0,0,11.55
24073,2407.3,5,0,0,11.55
24074,2407.4,4,1,0,10.95
24075,2407.5,4,0,0,10.9
24076,2407.6,5,0,0,11.52
24077,2407.7,5,0,0,11.52
24078,2407.8,5,0,0,11.51
24079,2407.9,5,0,0,11.52
24080,2408,5,0,0,11.5
24081,2408.1,5,0,0,11.49
24082,2408.2,6,0,0,11.67
24083,2408.3,6,0,0,11.65
24084,2408.4,5,1,0,11.39
24085,2408.5,5,0,0,11.4
24086,2408.6,5,0,0,11.36
24087,2408.7,5,0,0,11.39
24088,2408.8,5,0,0,11.38
24089,2408.9,5,0,0,11.36
24090,2409,6,0,0,11.78
24091,2409.1,6,0,0,11.8
24092,2409.2,6,0,0,11.79
24093,2409.3,6,0,0,11.78
24094,2409.4,6,0,0,11.8
24095,2409.5,6,0,0,11.79
24096,2409.6,5,1,0,11.34
24097,2409.7,5,0,0,11.31
24098,2409.8,5,0,0,11.3
24099,2409.9,5,0,0,11.29
24100,2410,5,0,0,11.27
24101,2410.1,5,0,0,11.26
24102,2410.2,5,0,0,11.25
24103,2410.3,5,0,0,11.22
24104,2410.4,5,0,0,11.18
24105,2410.5,5,0,0,11.15
24106,2410.6,5,0,0,11.17
24107,2410.7,5,0,0,11.14
24108,2410.8,6,0,0,11.59
24109,2410.9,6,0,0,11.56
24110,2411,6,0,0,11.55
24111,2411.1,6,0,0,11.56
24112,2411.2,6,0,0,11.5
24113,2411.3,6,0,0,11.51
24114,2411.4,6,0,0,11.49
24115,2411.5,6,0,0,11.47
24116,2411.6,6,0,0,11.46
24117,2411.7,6,0,0,11.45
24118,2411.8,8,0,0,11.65
24119,2411.9,8,0,0,11.62
24120,2412,8,0,0,11.58
24121,2412.1,7,1,0,11.46
24122,2412.2,7,0,0,11.44
24123,2412.3,7,0,0,11.43
24124,2412.4,5,2,0,11.43
24125,2412.5,5,0,0,11.45
24126,2412.6,5,0,0,11.48
24127,2412.7,5,0,0,11.58
24128,2412.8,5,0,0,11.63
24129,2412.9,5,0,0,11.73
24130,2413,5,0,0,11.82
24131,2413.1,5,0,0,11.89
24132,2413.2,5,0,0,11.96
24133,2413.3,5,0,0,12.08
24134,2413.4,5,0,0,12.19
24135,2413.5,5,0,0,12.25
24136,2413.6,5,0,0,12.35
24137,2413.7,5,0,0,12.39
24138,2413.8,6,0,0,12.1
24139,2413.9,7,0,0,12.45
24140,2414,7,0,0,12.46
24141,2414.1,7,0,0,12.56
24142,2414.2,7,0,0,12.61
24143,2414.3,6,1,0,12.44
24144,2414.4,6,0,0,12.44
24145,2414.5,6,0,0,12.42
24146,2414.6,6,0,0,12.44
24147,2414.7,7,0,0,12.66
24148,2414.8,7,0,0,12.66
24149,2414.9,7,0,0,12.66
24150,2415,7,0,0,12.66
24151,2415.1,7,0,0,12.66
24152,2415.2,7,0,0,12.63
24153,2415.3,6,1,0,12.43
24154,2415.4,7,0,0,12.04
24155,2415.5,7,0,0,12.02
24156,2415.6,7,0,0,12.02
24157,2415.7,7,0,0,12.03
24158,2415.8,6,1,0,11.93
24159,2415.9,6,0,0,12
24160,2416,6,0,0,12
24161,2416.1,6,1,0,11.86
24162,2416.2,6,0,0,11.86
24163,2416.3,5,1,0,12.28
24164,2416.4,5,0,0,12.28
24165,2416.5,5,0,0,12.27
24166,2416.6,5,0,0,12.3
24167,2416.7,5,0,0,12.27
24168,2416.8,5,0,0,12.27
24169,2416.9,5,0,0,12.31
24170,2417,6,0,0,12.57
24171,2417.1,6,0,0,12.55
24172,2417.2,6,0,0,12.55
24173,2417.3,5,1,0,12.27
24174,2417.4,5,0,0,12.27
24175,2417.5,6,0,0,12.37
24176,2417.6,6,0,0,12.34
24177,2417.7,6,0,0,12.36
24178,2417.8,6,0,0,12.37
24179,2417.9,6,0,0,12.35
24180,2418,6,0,0,12.35
24181,2418.1,4,2,0,12.89
24182,2418.2,4,0,0,12.96
24183,2418.3,4,0,0,13.03
24184,2418.4,4,0,0,13.03
24185,2418.5,4,0,0,13.11
24186,2418.6,4,0,0,13.18
24187,2418.7,4,0,0,13.18
24188,2418.8,4,0,0,13.24
24189,2418.9,5,0,0,13.46
24190,2419,5,0,0,13.48
24191,2419.1,5,0,0,13.49
24192,2419.2,5,0,0,13.56
24193,2419.3,5,0,0,13.59
24194,2419.4,5,0,0,13.64
24195,2419.5,5,0,0,13.68
24196,2419.6,5,0,0,13.71
24197,2419.7,5,0,0,13.75
24198,2419.8,5,0,0,13.78
24199,2419.9,5,0,0,13.85
24200,2420,3,2,0,13.9
24201,2420.1,3,0,0,13.93
24202,2420.2,4,0,0,13.76
24203,2420.3,5,0,0,13.76
24204,2420.4,5,0,0,13.73
24205,2420.5,5,0,0,13.74
24206,2420.6,5,0,0,13.74
24207,2420.7,5,0,0,13.73
24208,2420.8,5,0,0,13.71
24209,2420.9,4,1,0,13.73
24210,2421,4,0,0,13.71
24211,2421.1,4,0,0,13.72
24212,2421.2,4,0,0,13.73
24213,2421.3,4,0,0,13.75
24214,2421.4,4,0,0,13.73
24215,2421.5,4,0,0,13.7
24216,2421.6,4,0,0,13.72
24217,2421.7,4,0,0,13.73
24218,2421.8,4,0,0,13.71
24219,2421.9,4,0,0,13.74
24220,2422,4,0,0,13.74
24221,2422.1,4,0,0,13.77
24222,2422.2,4,0,0,13.75
24223,2422.3,4,0,0,13.79
24224,2422.4,3,1,0,13.66
24225,2422.5,4,0,0,13.77
24226,2422.6,4,0,0,13.74
24227,2422.7,4,0,0,13.71
24228,2422.8,4,0,0,13.73
24229,2422.9,4,0,0,13.74
24230,2423,4,0,0,13.76
24231,2423.1,4,1,0,13.07
24232,2423.2,5,0,0,12.45
24233,2423.3,5,0,0,12.44
24234,2423.4,5,0,0,12.44
24235,2423.5,5,0,0,12.44
24236,2423.6,5,0,0,12.46
24237,2423.7,5,0,0,12.44
24238,2423.8,4,1,0,12.78
24239,2423.9,4,0,0,12.76
24240,2424,5,0,0,11.53
24241,2424.1,5,0,0,11.55
24242,2424.2,5,0,0,11.54
24243,2424.3,5,0,0,11.57
24244,2424.4,5,0,0,11.58
24245,2424.5,5,0,0,11.66
24246,2424.6,5,0,0,11.66
24247,2424.7,5,0,0,11.68
24248,2424.8,5,0,0,11.7
24249,2424.9,5,0,0,11.71
24250,2425,5,0,0,11.72
24251,2425.1,5,0,0,11.76
24252,2425.2,5,0,0,11.75
24253,2425.3,5,0,0,11.77
24254,2425.4,5,0,0,11.82
24255,2425.5,5,0,0,11.82
24256,2425.6,5,0,0,11.84
24257,2425.7,5,0,0,11.85
24258,2425.8,5,0,0,11.85
24259,2425.9,5,0,0,11.84
24260,2426,6,1,0,11.78
24261,2426.1,6,0,0,11.78
24262,2426.2,5,1,0,11.36
24263,2426.3,5,0,0,11.37
24264,2426.4,5,0,0,11.35
24265,2426.5,6,0,0,11.11
24266,2426.6,6,0,0,11.13
24267,2426.7,5,1,0,11.1
24268,2426.8,5,0,0,11.16
24269,2426.9,5,0,0,11.16
24270,2427,5,0,0,11.15
24271,2427.1,5,0,0,11.17
24272,2427.2,5,0,0,11.16
24273,2427.3,5,0,0,11.16
24274,2427.4,5,0,0,11.16
24275,2427.5,5,0,0,11.18
24276,2427.6,5,0,0,11.18
24277,2427.7,5,0,0,11.21
24278,2427.8,5,0,0,11.2
24279,2427.9,5,0,0,11.23
24280,2428,5,0,0,11.18
24281,2428.1,5,0,0,11.21
24282,2428.2,5,0,0,11.22
24283,2428.3,5,0,0,11.24
24284,2428.4,5,0,0,11.25
24285,2428.5,5,0,0,11.23
24286,2428.6,5,0,0,11.21
24287,2428.7,5,0,0,11.23
24288,2428.8,6,0,0,11.69
24289,2428.9,6,0,0,11.69
24290,2429,6,0,0,11.69
24291,2429.1,6,0,0,11.68
24292,2429.2,6,0,0,11.68
24293,2429.3,6,0,0,11.71
24294,2429.4,5,1,0,11.25
24295,2429.5,4,1,0,10.59
24296,2429.6,6,0,0,11.67
24297,2429.7,6,0,0,11.65
24298,2429.8,6,0,0,11.61
24299,2429.9,5,1,0,11.32
24300,2430,5,0,0,11.29
24301,2430.1,5,0,0,11.28
24302,2430.2,5,0,0,11.25
24303,2430.3,5,0,0,11.25
24304,2430.4,5,0,0,11.25
24305,2430.5,5,0,0,11.24
24306,2430.6,5,0,0,11.2
24307,2430.7,5,0,0,11.2
24308,2430.8,5,0,0,11.21
24309,2430.9,5,0,0,11.18
24310,2431,5,0,0,11.15
24311,2431.1,5,0,0,11.15
24312,2431.2,5,0,0,11.18
24313,2431.3,5,0,0,11.17
24314,2431.4,5,0,0,11.15
24315,2431.5,5,0,0,11.13
24316,2431.6,6,0,0,11.58
24317,2431.7,6,0,0,11.58
24318,2431.8,6,0,0,11.57
24319,2431.9,6,0,0,11.55
24320,2432,6,0,0,11.56
24321,2432.1,6,0,0,11.55
24322,2432.2,6,1,0,10.88
24323,2432.3,6,0,0,10.85
24324,2432.4,5,1,0,11.05
24325,2432.5,5,0,0,11.02
24326,2432.6,5,0,0,11.02
24327,2432.7,5,0,0,11
24328,2432.8,6,0,0,11.51
24329,2432.9,6,0,0,11.49
24330,2433,6,0,0,11.48
24331,2433.1,6,1,0,11.48
24332,2433.2,6,0,0,11.48
24333,2433.3,6,0,0,11.47
24334,2433.4,6,0,0,11.47
24335,2433.5,6,0,0,11.43
24336,2433.6,6,0,0,11.44
24337,2433.7,6,0,0,11.43
24338,2433.8,6,0,0,11.44
24339,2433.9,6,0,0,11.44
24340,2434,6,0,0,11.48
24341,2434.1,6,0,0,11.45
24342,2434.2,6,0,0,11.41
24343,2434.3,6,0,0,11.42
24344,2434.4,7,0,0,11.59
24345,2434.5,7,0,0,11.61
24346,2434.6,7,0,0,11.56
24347,2434.7,7,0,0,11.54
24348,2434.8,7,0,0,11.57
24349,2434.9,7,0,0,11.58
24350,2435,6,1,0,11.4
24351,2435.1,6,0,0,11.4
24352,2435.2,6,0,0,11.38
24353,2435.3,6,0,0,11.41
24354,2435.4,5,1,0,11.7
24355,2435.5,5,0,0,11.69
24356,2435.6,5,0,0,11.77
24357,2435.7,5,0,0,11.84
24358,2435.8,5,0,0,11.88
24359,2435.9,6,0,0,12.33
24360,2436,6,0,0,12.37
24361,2436.1,6,0,0,12.48
24362,2436.2,6,0,0,12.57
24363,2436.3,6,0,0,12.61
24364,2436.4,6,0,0,12.69
24365,2436.5,6,0,0,12.76
24366,2436.6,5,1,0,12.65
24367,2436.7,6,0,0,12.93
24368,2436.8,6,0,0,13.01
24369,2436.9,6,0,0,13.08
24370,2437,6,0,0,13.18
24371,2437.1,6,0,0,13.23
24372,2437.2,6,0,0,13.33
24373,2437.3,6,1,0,13.48
24374,2437.4,6,0,0,13.53
24375,2437.5,6,0,0,13.59
24376,2437.6,6,0,0,13.67
24377,2437.7,6,0,0,13.72
24378,2437.8,6,0,0,13.73
24379,2437.9,5,1,0,13.72
24380,2438,5,0,0,13.7
24381,2438.1,5,0,0,13.72
24382,2438.2,5,0,0,13.71
24383,2438.3,5,0,0,13.69
24384,2438.4,5,0,0,13.7
24385,2438.5,5,0,0,13.75
24386,2438.6,5,0,0,13.71
24387,2438.7,4,1,0,13.73
24388,2438.8,4,0,0,13.75
24389,2438.9,4,0,0,13.86
24390,2439,4,0,0,13.9
24391,2439.1,5,0,0,13.95
24392,2439.2,5,0,0,13.92
24393,2439.3,5,0,0,13.92
24394,2439.4,5,0,0,13.95
24395,2439.5,5,0,0,13.92
24396,2439.6,5,0,0,13.9
24397,2439.7,5,0,0,13.93
24398,2439.8,5,0,0,13.91
24399,2439.9,5,0,0,13.93
24400,2440,5,0,0,13.94
24401,2440.1,5,1,0,13.95
24402,2440.2,4,1,0,13.96
24403,2440.3,5,0,0,13.43
24404,2440.4,5,0,0,13.38
24405,2440.5,5,0,0,13.38
24406,2440.6,5,0,0,13.42
24407,2440.7,4,1,0,13.22
24408,2440.8,4,0,0,13.27
24409,2440.9,4,0,0,13.26
24410,2441,4,0,0,13.28
24411,2441.1,4,0,0,13.24
24412,2441.2,4,0,0,13.26
24413,2441.3,4,0,0,13.29
24414,2441.4,4,0,0,13.26
24415,2441.5,4,0,0,13.22
24416,2441.6,4,0,0,13.26
24417,2441.7,4,0,0,13.24
24418,2441.8,4,0,0,13.25
24419,2441.9,4,0,0,13.26
24420,2442,3,1,0,13.03
24421,2442.1,3,0,0,13.03
24422,2442.2,4,0,0,13.26
24423,2442.3,4,0,0,13.28
24424,2442.4,4,0,0,13.26
24425,2442.5,4,0,0,13.23
24426,2442.6,4,0,0,13.25
24427,2442.7,4,0,0,13.27
24428,2442.8,4,0,0,13.27
24429,2442.9,5,0,0,13.38
24430,2443,5,0,0,13.38
24431,2443.1,5,0,0,13.39
24432,2443.2,5,0,0,13.38
24433,2443.3,5,0,0,13.39
24434,2443.4,5,0,0,13.4
24435,2443.5,4,1,0,13.23
24436,2443.6,4,0,0,13.25
24437,2443.7,4,0,0,13.27
24438,2443.8,5,0,0,13.18
24439,2443.9,5,0,0,13.16
24440,2444,5,0,0,13.19
24441,2444.1,5,0,0,13.15
24442,2444.2,5,0,0,13.16
24443,2444.3,5,0,0,13.16
24444,2444.4,5,0,0,13.16
24445,2444.5,5,0,0,13.18
24446,2444.6,4,1,0,13.64
24447,2444.7,4,0,0,13.66
24448,2444.8,4,0,0,13.64
24449,2444.9,4,0,0,13.63
24450,2445,4,0,0,13.68
24451,2445.1,3,1,0,13.57
24452,2445.2,3,0,0,13.58
24453,2445.3,3,0,0,13.59
24454,2445.4,4,0,0,13.51
24455,2445.5,4,0,0,13.45
24456,2445.6,4,0,0,13.46
24457,2445.7,5,0,0,13.56
24458,2445.8,5,0,0,13.57
24459,2445.9,5,0,0,13.58
24460,2446,5,0,0,13.57
24461,2446.1,5,0,0,13.55
24462,2446.2,5,0,0,13.58
24463,2446.3,4,1,0,13.47
24464,2446.4,5,0,0,12.63
24465,2446.5,5,0,0,12.62
24466,2446.6,5,0,0,12.64
24467,2446.7,5,0,0,12.66
24468,2446.8,5,0,0,12.68
24469,2446.9,5,0,0,12.69
24470,2447,5,0,0,12.7
24471,2447.1,5,0,0,12.71
24472,2447.2,5,0,0,12.73
24473,2447.3,5,0,0,12.75
24474,2447.4,6,0,0,12.81
24475,2447.5,6,0,0,12.78
24476,2447.6,5,1,0,12.76
24477,2447.7,5,0,0,12.76
24478,2447.8,5,0,0,12.76
24479,2447.9,5,0,0,12.76
24480,2448,5,0,0,12.78
24481,2448.1,6,0,0,12.33
24482,2448.2,6,0,0,12.31
24483,2448.3,4,2,0,12.47
24484,2448.4,4,0,0,12.48
24485,2448.5,5,0,0,12.19
24486,2448.6,6,0,0,12.47
24487,2448.7,6,0,0,12.48
24488,2448.8,6,0,0,12.44
24489,2448.9,6,0,0,12.43
24490,2449,6,0,0,12.46
24491,2449.1,6,0,0,12.45
24492,2449.2,5,1,0,12.12
24493,2449.3,5,0,0,12.13
24494,2449.4,5,0,0,12.15
24495,2449.5,5,0,0,12.14
24496,2449.6,5,0,0,12.1
24497,2449.7,5,0,0,12.11
24498,2449.8,5,0,0,12.09
24499,2449.9,5,0,0,12.12
24500,2450,5,0,0,12.09
24501,2450.1,5,0,0,12.12
24502,2450.2,5,0,0,12.08
24503,2450.3,5,0,0,12.12
24504,2450.4,5,0,0,12.1
24505,2450.5,5,0,0,12.08
24506,2450.6,5,0,0,12.09
24507,2450.7,5,0,0,12.08
24508,2450.8,5,0,0,12.04
24509,2450.9,6,0,0,12.38
24510,2451,6,0,0,12.37
24511,2451.1,6,0,0,12.37
24512,2451.2,5,1,0,12.3
24513,2451.3,5,0,0,12.28
24514,2451.4,5,1,0,12.3
24515,2451.5,5,0,0,12.27
24516,2451.6,5,0,0,12.27
24517,2451.7,6,0,0,12.38
24518,2451.8,6,0,0,12.37
24519,2451.9,6,0,0,12.37
24520,2452,5,1,0,12.08
24521,2452.1,5,0,0,12.04
24522,2452.2,5,0,0,12.05
24523,2452.3,5,0,0,12.08
24524,2452.4,5,0,0,12.04
24525,2452.5,5,0,0,12.06
24526,2452.6,5,0,0,12.04
24527,2452.7,5,0,0,12.04
24528,2452.8,5,0,0,12.06
24529,2452.9,5,0,0,12.07
24530,2453,5,0,0,12.04
24531,2453.1,5,0,0,12.07
24532,2453.2,5,0,0,12.05
24533,2453.3,5,0,0,12.06
24534,2453.4,5,0,0,12.04
24535,2453.5,5,0,0,12.03
24536,2453.6,5,0,0,12.03
24537,2453.7,5,0,0,12.04
24538,2453.8,5,0,0,12.01
24539,2453.9,5,0,0,12.03
24540,2454,5,0,0,12.04
24541,2454.1,5,0,0,12.03
24542,2454.2,6,0,0,12.34
24543,2454.3,6,0,0,12.35
24544,2454.4,5,1,0,12
24545,2454.5,6,0,0,12.34
24546,2454.6,6,0,0,12.29
24547,2454.7,6,0,0,12.28
24548,2454.8,6,1,0,12.29
24549,2454.9,6,0,0,12.27
24550,2455,6,0,0,12.25
24551,2455.1,5,1,0,12.07
24552,2455.2,5,0,0,12.03
24553,2455.3,5,0,0,12.04
24554,2455.4,5,0,0,12.02
24555,2455.5,6,0,0,11.66
24556,2455.6,6,0,0,11.65
24557,2455.7,6,0,0,11.64
24558,2455.8,6,0,0,11.64
24559,2455.9,6,0,0,11.65
24560,2456,6,0,0,11.62
24561,2456.1,6,0,0,11.62
24562,2456.2,6,0,0,11.59
24563,2456.3,6,0,0,11.6
24564,2456.4,6,0,0,11.57
24565,2456.5,6,0,0,11.58
24566,2456.6,6,0,0,11.54
24567,2456.7,6,0,0,11.56
24568,2456.8,6,0,0,11.56
24569,2456.9,6,0,0,11.54
24570,2457,7,0,0,11.57
24571,2457.1,7,0,0,11.56
24572,2457.2,7,0,0,11.53
24573,2457.3,7,0,0,11.53
24574,2457.4,7,0,0,11.54
24575,2457.5,7,0,0,11.55
24576,2457.6,7,0,0,11.54
24577,2457.7,6,1,0,11.51
24578,2457.8,6,0,0,11.5
24579,2457.9,6,0,0,11.48
24580,2458,7,1,0,11.31
24581,2458.1,7,0,0,11.29
24582,2458.2,7,0,0,11.24
24583,2458.3,7,0,0,11.25
24584,2458.4,7,0,0,11.25
24585,2458.5,7,0,0,11.23
24586,2458.6,7,0,0,11.19
24587,2458.7,6,1,0,11.42
24588,2458.8,6,0,0,11.38
24589,2458.9,6,0,0,11.45
24590,2459,6,0,0,11.5
24591,2459.1,6,0,0,11.55
24592,2459.2,6,0,0,11.62
24593,2459.3,6,0,0,11.65
24594,2459.4,6,0,0,11.69
24595,2459.5,6,0,0,11.74
24596,2459.6,6,0,0,11.78
24597,2459.7,6,0,0,11.85
24598,2459.8,5,1,0,12.25
24599,2459.9,6,0,0,12.51
24600,2460,6,0,0,12.57
24601,2460.1,6,0,0,12.67
24602,2460.2,6,0,0,12.79
24603,2460.3,6,0,0,12.9
24604,2460.4,6,0,0,12.97
24605,2460.5,5,1,0,13
24606,2460.6,4,1,0,12.91
24607,2460.7,4,0,0,12.97
24608,2460.8,4,0,0,12.99
24609,2460.9,4,0,0,13.09
24610,2461,4,0,0,13.07
24611,2461.1,5,0,0,12.53
24612,2461.2,5,0,0,12.51
24613,2461.3,5,0,0,12.5
24614,2461.4,5,0,0,12.52
24615,2461.5,5,0,0,12.52
24616,2461.6,6,0,0,12.75
24617,2461.7,6,0,0,12.73
24618,2461.8,6,0,0,12.69
24619,2461.9,5,1,0,12.47
24620,2462,5,0,0,12.45
24621,2462.1,4,1,0,12.34
24622,2462.2,4,0,0,12.38
24623,2462.3,4,0,0,12.34
24624,2462.4,4,0,0,12.38
24625,2462.5,4,0,0,12.37
24626,2462.6,4,0,0,12.38
24627,2462.7,5,0,0,12.68
24628,2462.8,5,0,0,12.67
24629,2462.9,5,0,0,12.69
24630,2463,5,0,0,12.66
24631,2463.1,5,0,0,12.68
24632,2463.2,5,0,0,12.69
24633,2463.3,4,1,0,12.34
24634,2463.4,4,0,0,12.36
24635,2463.5,4,0,0,12.37
24636,2463.6,4,0,0,12.34
24637,2463.7,4,0,0,12.36
24638,2463.8,4,0,0,12.34
24639,2463.9,4,0,0,12.37
24640,2464,3,1,0,11.86
24641,2464.1,4,0,0,11.4
24642,2464.2,4,0,0,11.35
24643,2464.3,4,1,0,12.36
24644,2464.4,4,0,0,12.33
24645,2464.5,4,0,0,12.32
24646,2464.6,4,0,0,12.34
24647,2464.7,4,0,0,12.33
24648,2464.8,4,0,0,12.33
24649,2464.9,4,0,0,12.31
24650,2465,4,0,0,12.26
24651,2465.1,3,1,0,11.77
24652,2465.2,4,0,0,12.24
24653,2465.3,4,0,0,12.22
24654,2465.4,4,0,0,12.18
24655,2465.5,5,0,0,12.51
24656,2465.6,5,0,0,12.52
24657,2465.7,5,0,0,12.48
24658,2465.8,5,0,0,12.45
24659,2465.9,5,0,0,12.47
24660,2466,5,0,0,12.44
24661,2466.1,4,1,0,12.07
24662,2466.2,4,0,0,12.05
24663,2466.3,4,0,0,12.01
24664,2466.4,4,0,0,11.96
24665,2466.5,4,0,0,11.98
24666,2466.6,4,0,0,11.96
24667,2466.7,4,0,0,11.92
24668,2466.8,4,0,0,11.92
24669,2466.9,4,0,0,11.93
24670,2467,4,0,0,11.87
24671,2467.1,4,0,0,11.9
24672,2467.2,4,0,0,11.88
24673,2467.3,4,0,0,11.89
24674,2467.4,5,0,0,12.27
24675,2467.5,5,0,0,12.26
24676,2467.6,5,0,0,12.25
24677,2467.7,5,0,0,12.25
24678,2467.8,5,0,0,12.23
24679,2467.9,5,0,0,12.2
24680,2468,5,0,0,12.23
24681,2468.1,5,0,0,12.21
24682,2468.2,5,0,0,12.18
24683,2468.3,6,0,0,12.48
24684,2468.4,6,0,0,12.46
24685,2468.5,6,0,0,12.46
24686,2468.6,6,0,0,12.47
24687,2468.7,6,1,0,12.51
24688,2468.8,5,1,0,12.65
24689,2468.9,4,1,0,12.31
24690,2469,4,0,0,12.29
24691,2469.1,4,0,0,12.31
24692,2469.2,4,0,0,12.31
24693,2469.3,4,0,0,12.27
24694,2469.4,5,0,0,11.81
24695,2469.5,5,0,0,11.81
24696,2469.6,5,0,0,11.79
24697,2469.7,5,0,0,11.78
24698,2469.8,5,0,0,11.78
24699,2469.9,5,0,0,11.76
24700,2470,5,0,0,11.75
24701,2470.1,5,0,0,11.76
24702,2470.2,5,0,0,11.75
24703,2470.3,5,0,0,11.75
24704,2470.4,5,0,0,11.74
24705,2470.5,6,0,0,11.12
24706,2470.6,6,0,0,11.1
24707,2470.7,6,0,0,11.08
24708,2470.8,6,0,0,11.1
24709,2470.9,6,0,0,11.11
24710,2471,6,0,0,11.12
24711,2471.1,7,0,0,11.4
24712,2471.2,7,0,0,11.38
24713,2471.3,7,0,0,11.37
24714,2471.4,7,0,0,11.39
24715,2471.5,7,0,0,11.36
24716,2471.6,7,0,0,11.33
24717,2471.7,6,1,0,11.09
24718,2471.8,6,0,0,11.08
24719,2471.9,6,0,0,11.09
24720,2472,6,0,0,11.07
24721,2472.1,6,0,0,11.07
24722,2472.2,5,1,0,10.47
24723,2472.3,6,0,0,11.08
24724,2472.4,6,0,0,11.02
24725,2472.5,6,0,0,11.03
24726,2472.6,6,0,0,11
24727,2472.7,6,0,0,11.04
24728,2472.8,6,0,0,11.02
24729,2472.9,6,0,0,11
24730,2473,6,0,0,11
24731,2473.1,6,0,0,10.99
24732,2473.2,6,0,0,10.99
24733,2473.3,6,0,0,10.95
24734,2473.4,6,0,0,10.98
24735,2473.5,6,0,0,10.96
24736,2473.6,6,0,0,10.94
24737,2473.7,7,0,0,11.2
24738,2473.8,6,1,0,11.36
24739,2473.9,6,0,0,11.39
24740,2474,7,0,0,11.81
24741,2474.1,7,0,0,11.82
24742,2474.2,7,0,0,11.88
24743,2474.3,7,0,0,11.91
24744,2474.4,7,0,0,11.94
24745,2474.5,7,0,0,11.98
24746,2474.6,6,1,0,11.72
24747,2474.7,6,0,0,11.76
24748,2474.8,6,0,0,11.78
24749,2474.9,6,0,0,11.81
24750,2475,6,0,0,11.89
24751,2475.1,6,0,0,11.95
24752,2475.2,6,0,0,11.98
24753,2475.3,5,1,0,11.76
24754,2475.4,5,0,0,11.78
24755,2475.5,5,0,0,11.81
24756,2475.6,5,0,0,11.79
24757,2475.7,5,0,0,11.78
24758,2475.8,5,1,0,11.78
24759,2475.9,5,0,0,11.78
24760,2476,5,0,0,11.75
24761,2476.1,5,0,0,11.71
24762,2476.2,5,0,0,11.74
24763,2476.3,5,0,0,11.73
24764,2476.4,5,0,0,11.75
24765,2476.5,5,0,0,11.72
24766,2476.6,5,0,0,11.7
24767,2476.7,5,0,0,11.75
24768,2476.8,7,0,0,12.26
24769,2476.9,6,1,0,11.96
24770,2477,6,0,0,11.94
24771,2477.1,6,0,0,11.98
24772,2477.2,6,0,0,11.95
24773,2477.3,6,0,0,11.94
24774,2477.4,5,1,0,11.69
24775,2477.5,5,0,0,11.67
24776,2477.6,5,0,0,11.68
24777,2477.7,5,0,0,11.72
24778,2477.8,5,0,0,11.7
24779,2477.9,5,0,0,11.69
24780,2478,5,0,0,11.68
24781,2478.1,5,0,0,11.65
24782,2478.2,5,0,0,11.64
24783,2478.3,5,0,0,11.64
24784,2478.4,5,0,0,11.62
24785,2478.5,5,0,0,11.65
24786,2478.6,5,0,0,11.63
24787,2478.7,5,0,0,11.65
24788,2478.8,5,0,0,11.65
24789,2478.9,5,0,0,11.64
24790,2479,5,0,0,11.6
24791,2479.1,5,0,0,11.57
24792,2479.2,5,0,0,11.55
24793,2479.3,4,1,0,10.95
24794,2479.4,5,0,0,11.53
24795,2479.5,5,0,0,11.46
24796,2479.6,6,0,0,11.86
24797,2479.7,6,0,0,11.86
24798,2479.8,6,0,0,11.82
24799,2479.9,6,0,0,11.83
24800,2480,7,0,0,12.03
24801,2480.1,7,0,0,12.03
24802,2480.2,7,1,0,11.48
24803,2480.3,7,0,0,11.45
24804,2480.4,6,1,0,11.68
24805,2480.5,6,0,0,11.67
24806,2480.6,6,0,0,11.65
24807,2480.7,6,0,0,11.63
24808,2480.8,6,0,0,11.63
24809,2480.9,6,0,0,11.62
24810,2481,6,0,0,11.61
24811,2481.1,6,0,0,11.59
24812,2481.2,6,0,0,11.58
24813,2481.3,6,0,0,11.57
24814,2481.4,6,0,0,11.54
24815,2481.5,6,0,0,11.54
24816,2481.6,5,1,0,11.84
24817,2481.7,5,0,0,11.86
24818,2481.8,5,0,0,11.88
24819,2481.9,5,0,0,11.98
24820,2482,5,0,0,12.05
24821,2482.1,5,0,0,12.15
24822,2482.2,5,0,0,12.24
24823,2482.3,5,0,0,12.34
24824,2482.4,6,0,0,12.65
24825,2482.5,6,0,0,12.72
24826,2482.6,6,0,0,12.8
24827,2482.7,6,0,0,12.86
24828,2482.8,6,0,0,12.95
24829,2482.9,6,1,0,12.87
24830,2483,5,1,0,12.74
24831,2483.1,6,0,0,12.99
24832,2483.2,6,0,0,13.06
24833,2483.3,6,0,0,13.14
24834,2483.4,6,0,0,13.21
24835,2483.5,5,1,0,13.2
24836,2483.6,5,0,0,13.3
24837,2483.7,5,0,0,13.36
24838,2483.8,5,0,0,13.41
24839,2483.9,5,0,0,13.48
24840,2484,5,0,0,13.56
24841,2484.1,5,0,0,13.61
24842,2484.2,5,0,0,13.62
24843,2484.3,5,0,0,13.64
24844,2484.4,5,0,0,13.63
24845,2484.5,5,0,0,13.64
24846,2484.6,5,0,0,13.63
24847,2484.7,5,0,0,13.62
24848,2484.8,5,0,0,13.63
24849,2484.9,4,1,0,13.53
24850,2485,4,0,0,13.54
24851,2485.1,4,0,0,13.52
24852,2485.2,4,0,0,13.53
24853,2485.3,5,0,0,13.64
24854,2485.4,5,0,0,13.61
24855,2485.5,5,0,0,13.61
24856,2485.6,5,0,0,13.61
24857,2485.7,5,0,0,13.59
24858,2485.8,5,0,0,13.65
24859,2485.9,4,1,0,13.56
24860,2486,4,0,0,13.53
24861,2486.1,4,0,0,13.51
24862,2486.2,4,0,0,13.55
24863,2486.3,5,0,0,13.13
24864,2486.4,4,1,0,12.88
24865,2486.5,5,0,0,12.72
24866,2486.6,4,1,0,12.67
24867,2486.7,4,0,0,12.62
24868,2486.8,4,0,0,12.63
24869,2486.9,4,0,0,12.62
24870,2487,4,0,0,12.64
24871,2487.1,4,0,0,12.61
24872,2487.2,4,0,0,12.62
24873,2487.3,4,0,0,12.66
24874,2487.4,4,0,0,12.65
24875,2487.5,4,0,0,12.65
24876,2487.6,4,0,0,12.65
24877,2487.7,4,0,0,12.67
24878,2487.8,4,0,0,12.62
24879,2487.9,4,0,0,12.65
24880,2488,4,0,0,12.64
24881,2488.1,5,0,0,12.9
24882,2488.2,5,0,0,12.9
24883,2488.3,5,0,0,12.91
24884,2488.4,5,0,0,12.91
24885,2488.5,5,0,0,12.87
24886,2488.6,5,0,0,12.88
24887,2488.7,4,1,0,12.61
24888,2488.8,4,0,0,12.65
24889,2488.9,4,0,0,12.66
24890,2489,4,0,0,12.62
24891,2489.1,4,0,0,12.64
24892,2489.2,4,0,0,12.65
24893,2489.3,4,0,0,12.66
24894,2489.4,5,0,0,12.9
24895,2489.5,5,0,0,12.91
24896,2489.6,4,1,0,12.82
24897,2489.7,4,0,0,12.8
24898,2489.8,4,0,0,12.78
24899,2489.9,4,0,0,12.81
24900,2490,5,0,0,13.05
24901,2490.1,5,0,0,13.03
24902,2490.2,5,0,0,13.02
24903,2490.3,5,0,0,13.01
24904,2490.4,5,0,0,13.02
24905,2490.5,4,1,0,13.31
24906,2490.6,4,0,0,13.31
24907,2490.7,4,0,0,13.35
24908,2490.8,4,0,0,13.28
24909,2490.9,5,0,0,13.34
24910,2491,5,0,0,13.32
24911,2491.1,5,0,0,13.31
24912,2491.2,5,0,0,13.31
24913,2491.3,5,0,0,13.31
24914,2491.4,5,0,0,13.33
24915,2491.5,4,1,0,13.32
24916,2491.6,4,0,0,13.32
24917,2491.7,4,0,0,13.28
24918,2491.8,4,0,0,13.31
24919,2491.9,4,0,0,13.35
24920,2492,4,0,0,13.3
24921,2492.1,4,0,0,13.28
24922,2492.2,4,0,0,13.3
24923,2492.3,3,1,0,13.11
24924,2492.4,3,0,0,13.1
24925,2492.5,4,0,0,12.3
24926,2492.6,4,0,0,12.27
24927,2492.7,4,0,0,12.28
24928,2492.8,4,0,0,12.24
24929,2492.9,4,0,0,12.24
24930,2493,4,0,0,12.22
24931,2493.1,4,0,0,12.2
24932,2493.2,4,0,0,12.18
24933,2493.3,5,0,0,11.08
24934,2493.4,5,0,0,11.08
24935,2493.5,4,1,0,10.38
24936,2493.6,5,0,0,11.01
24937,2493.7,6,0,0,11.54
24938,2493.8,6,0,0,11.51
24939,2493.9,6,0,0,11.54
24940,2494,6,0,0,11.56
24941,2494.1,6,0,0,11.56
24942,2494.2,6,0,0,11.56
24943,2494.3,5,1,0,11.11
24944,2494.4,5,0,0,11.11
24945,2494.5,5,0,0,11.1
24946,2494.6,5,0,0,11.15
24947,2494.7,5,0,0,11.15
24948,2494.8,5,0,0,11.11
24949,2494.9,5,0,0,11.12
24950,2495,5,0,0,11.16
24951,2495.1,5,0,0,11.14
24952,2495.2,5,0,0,11.17
24953,2495.3,5,0,0,11.18
24954,2495.4,5,0,0,11.17
24955,2495.5,5,0,0,11.18
24956,2495.6,6,0,0,10.97
24957,2495.7,7,0,0,10.79
24958,2495.8,7,0,0,10.77
24959,2495.9,7,0,0,10.81
24960,2496,7,0,0,10.79
24961,2496.1,8,0,0,10.69
24962,2496.2,8,0,0,10.67
24963,2496.3,7,1,0,10.8
24964,2496.4,7,0,0,10.79
24965,2496.5,7,0,0,10.79
24966,2496.6,8,0,0,11.09
24967,2496.7,8,0,0,11.08
24968,2496.8,8,0,0,11.08
24969,2496.9,8,0,0,11.07
24970,2497,8,0,0,11.07
24971,2497.1,8,0,0,11.07
24972,2497.2,7,2,0,10.26
24973,2497.3,7,0,0,10.24
24974,2497.4,7,0,0,10.26
24975,2497.5,6,1,0,10.08
24976,2497.6,6,0,0,10.13
24977,2497.7,6,0,0,10.15
24978,2497.8,6,0,0,10.21
24979,2497.9,6,0,0,10.21
24980,2498,6,0,0,10.24
24981,2498.1,6,0,0,10.3
24982,2498.2,6,0,0,10.34
24983,2498.3,6,0,0,10.35
24984,2498.4,6,0,0,10.4
24985,2498.5,6,0,0,10.44
24986,2498.6,6,0,0,10.45
24987,2498.7,6,0,0,10.47
24988,2498.8,6,0,0,10.46
24989,2498.9,7,0,0,10.91
24990,2499,7,0,0,10.9
24991,2499.1,6,1,0,10.4
24992,2499.2,6,0,0,10.39
24993,2499.3,6,0,0,10.4
24994,2499.4,7,0,0,10.78
24995,2499.5,7,0,0,10.75
24996,2499.6,7,0,0,10.72
24997,2499.7,7,0,0,10.71
24998,2499.8,7,0,0,10.72
24999,2499.9,6,1,0,10.84
25000,2500,5,1,0,10.4
25001,2500.1,5,0,0,10.45
25002,2500.2,5,0,0,10.48
25003,2500.3,5,0,0,10.53
25004,2500.4,5,0,0,10.56
25005,2500.5,5,0,0,10.57
25006,2500.6,5,0,0,10.56
25007,2500.7,6,0,0,11.16
25008,2500.8,6,0,0,11.16
25009,2500.9,6,0,0,11.18
25010,2501,6,0,0,11.2
25011,2501.1,6,0,0,11.24
25012,2501.2,6,0,0,11.27
25013,2501.3,6,0,0,11.29
25014,2501.4,6,0,0,11.35
25015,2501.5,6,0,0,11.38
25016,2501.6,6,0,0,11.38
25017,2501.7,6,0,0,11.42
25018,2501.8,5,1,0,11.07
25019,2501.9,5,0,0,11
25020,2502,6,0,0,11.15
25021,2502.1,6,0,0,11.12
25022,2502.2,7,0,0,11.54
25023,2502.3,7,0,0,11.53
25024,2502.4,7,0,0,11.52
25025,2502.5,7,0,0,11.52
25026,2502.6,7,0,0,11.51
25027,2502.7,7,0,0,11.49
25028,2502.8,6,1,0,11.07
25029,2502.9,6,0,0,11.1
25030,2503,6,0,0,11.07
25031,2503.1,6,0,0,11.09
25032,2503.2,6,0,0,11.1
25033,2503.3,6,0,0,11.06
25034,2503.4,6,0,0,11.09
25035,2503.5,6,0,0,11.05
25036,2503.6,6,0,0,11.05
25037,2503.7,6,0,0,11.06
25038,2503.8,6,0,0,11.05
25039,2503.9,6,0,0,11.03
25040,2504,6,0,0,11.04
25041,2504.1,6,0,0,11.04
25042,2504.2,5,1,0,10.44
25043,2504.3,6,0,0,10.85
25044,2504.4,6,0,0,10.85
25045,2504.5,6,0,0,10.87
25046,2504.6,6,0,0,10.83
25047,2504.7,5,1,0,10.99
25048,2504.8,5,0,0,11.01
25049,2504.9,5,0,0,11.09
25050,2505,6,0,0,11.64
25051,2505.1,6,0,0,11.69
25052,2505.2,7,0,0,12.09
25053,2505.3,7,0,0,12.14
25054,2505.4,7,0,0,12.26
25055,2505.5,7,0,0,12.31
25056,2505.6,6,1,0,12.08
25057,2505.7,6,0,0,12.15
25058,2505.8,6,0,0,12.19
25059,2505.9,6,0,0,12.19
25060,2506,6,0,0,12.24
25061,2506.1,6,0,0,12.23
25062,2506.2,6,0,0,12.26
25063,2506.3,6,0,0,12.23
25064,2506.4,6,0,0,12.2
25065,2506.5,6,0,0,12.21
25066,2506.6,6,0,0,12.22
25067,2506.7,5,1,0,12.3
25068,2506.8,5,0,0,12.35
25069,2506.9,5,0,0,12.41
25070,2507,5,0,0,12.48
25071,2507.1,5,0,0,12.55
25072,2507.2,5,0,0,12.62
25073,2507.3,5,0,0,12.67
25074,2507.4,5,0,0,12.72
25075,2507.5,5,0,0,12.77
25076,2507.6,5,0,0,12.79
25077,2507.7,5,0,0,12.81
25078,2507.8,6,0,0,13
25079,2507.9,7,0,0,13.1
25080,2508,6,1,0,13.09
25081,2508.1,5,1,0,13.16
25082,2508.2,5,0,0,13.19
25083,2508.3,6,0,0,13.36
25084,2508.4,6,0,0,13.41
25085,2508.5,5,1,0,13.44
25086,2508.6,5,0,0,13.45
25087,2508.7,5,0,0,13.48
25088,2508.8,5,0,0,13.49
25089,2508.9,5,0,0,13.54
25090,2509,5,0,0,13.53
25091,2509.1,5,0,0,13.5
25092,2509.2,5,0,0,13.5
25093,2509.3,5,0,0,13.49
25094,2509.4,5,0,0,13.48
25095,2509.5,4,1,0,13.38
25096,2509.6,4,0,0,13.4
25097,2509.7,4,0,0,13.4
25098,2509.8,4,0,0,13.38
25099,2509.9,4,0,0,13.42
25100,2510,4,0,0,13.42
25101,2510.1,4,0,0,13.4
25102,2510.2,4,0,0,13.37
25103,2510.3,4,0,0,13.36
25104,2510.4,4,0,0,13.37
25105,2510.5,4,0,0,13.35
25106,2510.6,4,0,0,13.33
25107,2510.7,5,0,0,13.45
25108,2510.8,5,0,0,13.42
25109,2510.9,5,0,0,13.43
25110,2511,5,0,0,13.44
25111,2511.1,5,0,0,13.45
25112,2511.2,5,0,0,13.4
25113,2511.3,3,2,0,13
25114,2511.4,4,0,0,13.12
25115,2511.5,5,0,0,13.07
25116,2511.6,5,0,0,13.03
25117,2511.7,5,0,0,13.05
25118,2511.8,5,0,0,13.04
25119,2511.9,5,0,0,13.02
25120,2512,5,0,0,13
25121,2512.1,6,0,0,12.51
25122,2512.2,6,0,0,12.5
25123,2512.3,5,1,0,13.03
25124,2512.4,5,0,0,13.01
25125,2512.5,5,0,0,12.96
25126,2512.6,5,0,0,12.99
25127,2512.7,5,0,0,12.99
25128,2512.8,4,1,0,13.28
25129,2512.9,4,0,0,13.37
25130,2513,4,0,0,13.39
25131,2513.1,4,0,0,13.46
25132,2513.2,4,0,0,13.49
25133,2513.3,4,0,0,13.56
25134,2513.4,4,0,0,13.53
25135,2513.5,5,0,0,13.29
25136,2513.6,5,0,0,13.31
25137,2513.7,5,0,0,13.32
25138,2513.8,5,0,0,13.32
25139,2513.9,5,0,0,13.31
25140,2514,5,0,0,13.29
25141,2514.1,4,1,0,13.52
25142,2514.2,4,0,0,13.49
25143,2514.3,4,0,0,13.53
25144,2514.4,4,0,0,13.54
25145,2514.5,3,1,0,13.4
25146,2514.6,4,0,0,12.95
25147,2514.7,4,0,0,12.95
25148,2514.8,4,0,0,12.91
25149,2514.9,5,0,0,13.01
25150,2515,4,1,0,12.96
25151,2515.1,4,0,0,12.95
25152,2515.2,4,0,0,12.97
25153,2515.3,4,0,0,12.95
25154,2515.4,4,0,0,12.97
25155,2515.5,4,0,0,12.95
25156,2515.6,4,0,0,12.96
25157,2515.7,5,0,0,11.86
25158,2515.8,5,0,0,11.83
25159,2515.9,5,0,0,11.86
25160,2516,5,0,0,11.88
25161,2516.1,5,0,0,11.92
25162,2516.2,5,0,0,11.89
25163,2516.3,6,0,0,12.28
25164,2516.4,6,0,0,12.27
25165,2516.5,6,0,0,12.29
25166,2516.6,6,0,0,12.31
25167,2516.7,6,0,0,12.32
25168,2516.8,6,0,0,12.36
25169,2516.9,5,1,0,12.02
25170,2517,5,0,0,12.02
25171,2517.1,5,0,0,12.08
25172,2517.2,5,0,0,12.09
25173,2517.3,5,0,0,12.09
25174,2517.4,5,0,0,12.09
25175,2517.5,4,1,0,11.66
25176,2517.6,4,0,0,11.72
25177,2517.7,5,0,0,11.2
25178,2517.8,5,0,0,11.21
25179,2517.9,5,0,0,11.23
25180,2518,5,0,0,11.26
25181,2518.1,5,0,0,11.3
25182,2518.2,5,0,0,11.34
25183,2518.3,5,0,0,11.33
25184,2518.4,5,0,0,11.4
25185,2518.5,5,1,0,11.11
25186,2518.6,5,0,0,11.15
25187,2518.7,5,0,0,11.16
25188,2518.8,5,0,0,11.21
25189,2518.9,5,0,0,11.2
25190,2519,5,0,0,11.19
25191,2519.1,5,0,0,11.21
25192,2519.2,6,0,0,11.63
25193,2519.3,6,0,0,11.61
25194,2519.4,6,0,0,11.64
25195,2519.5,6,0,0,11.61
25196,2519.6,6,0,0,11.63
25197,2519.7,6,0,0,11.63
25198,2519.8,5,1,0,11.19
25199,2519.9,5,0,0,11.22
25200,2520,5,0,0,11.21
25201,2520.1,5,0,0,11.22
25202,2520.2,5,0,0,11.21
25203,2520.3,5,0,0,11.23
25204,2520.4,5,0,0,11.24
25205,2520.5,5,0,0,11.24
25206,2520.6,5,0,0,11.25
25207,2520.7,5,0,0,11.2
25208,2520.8,5,0,0,11.25
25209,2520.9,6,0,0,11.69
25210,2521,6,0,0,11.66
25211,2521.1,6,0,0,11.62
25212,2521.2,6,0,0,11.62
25213,2521.3,5,1,0,11.31
25214,2521.4,5,0,0,11.33
25215,2521.5,5,0,0,11.3
25216,2521.6,5,0,0,11.28
25217,2521.7,5,0,0,11.25
25218,2521.8,5,0,0,11.27
25219,2521.9,5,0,0,11.25
25220,2522,6,0,0,11.69
25221,2522.1,7,0,0,11.8
25222,2522.2,7,0,0,11.76
25223,2522.3,7,0,0,11.74
25224,2522.4,7,0,0,11.75
25225,2522.5,6,1,0,11.73
25226,2522.6,5,1,0,11.27
25227,2522.7,5,0,0,11.24
25228,2522.8,5,0,0,11.24
25229,2522.9,5,0,0,11.24
25230,2523,5,0,0,11.21
25231,2523.1,5,0,0,11.19
25232,2523.2,5,0,0,11.17
25233,2523.3,5,0,0,11.16
25234,2523.4,5,0,0,11.19
25235,2523.5,5,0,0,11.18
25236,2523.6,5,0,0,11.15
25237,2523.7,5,0,0,11.12
25238,2523.8,5,0,0,11.11
25239,2523.9,5,0,0,11.12
25240,2524,6,0,0,11.45
25241,2524.1,6,0,0,11.46
25242,2524.2,6,0,0,11.46
25243,2524.3,6,0,0,11.46
25244,2524.4,6,0,0,11.43
25245,2524.5,6,0,0,11.44
25246,2524.6,6,0,0,11.44
25247,2524.7,6,0,0,11.4
25248,2524.8,7,0,0,11.77
25249,2524.9,7,0,0,11.73
25250,2525,7,0,0,11.73
25251,2525.1,7,0,0,11.74
25252,2525.2,7,0,0,11.73
25253,2525.3,7,0,0,11.73
25254,2525.4,6,1,0,11.36
25255,2525.5,6,0,0,11.37
25256,2525.6,7,0,0,11.7
25257,2525.7,7,0,0,11.66
25258,2525.8,6,1,0,11.7
25259,2525.9,5,1,0,11.53
25260,2526,5,0,0,11.55
25261,2526.1,5,0,0,11.54
25262,2526.2,5,0,0,11.53
25263,2526.3,5,0,0,11.51
25264,2526.4,5,0,0,11.49
25265,2526.5,5,0,0,11.47
25266,2526.6,5,0,0,11.49
25267,2526.7,5,0,0,11.5
25268,2526.8,5,0,0,11.49
25269,2526.9,5,0,0,11.52
25270,2527,5,0,0,11.49
25271,2527.1,5,0,0,11.49
25272,2527.2,6,0,0,11.91
25273,2527.3,6,0,0,11.88
25274,2527.4,6,0,0,11.85
25275,2527.5,6,0,0,11.89
25276,2527.6,7,0,0,12.19
25277,2527.7,7,0,0,12.19
25278,2527.8,7,0,0,12.15
25279,2527.9,7,0,0,12.15
25280,2528,7,0,0,12.14
25281,2528.1,7,0,0,12.16
25282,2528.2,7,1,0,11.56
25283,2528.3,6,1,0,11.84
25284,2528.4,5,1,0,12.24
25285,2528.5,5,0,0,12.31
25286,2528.6,5,0,0,12.45
25287,2528.7,5,0,0,12.53
25288,2528.8,5,0,0,12.54
25289,2528.9,5,0,0,12.62
25290,2529,5,0,0,12.68
25291,2529.1,5,0,0,12.76
25292,2529.2,5,1,0,12.62
25293,2529.3,5,0,0,12.65
25294,2529.4,5,0,0,12.7
25295,2529.5,5,0,0,12.75
25296,2529.6,5,0,0,12.82
25297,2529.7,5,0,0,12.89
25298,2529.8,5,0,0,12.91
25299,2529.9,5,0,0,12.99
25300,2530,5,0,0,12.97
25301,2530.1,5,0,0,12.99
25302,2530.2,5,0,0,12.98
25303,2530.3,5,1,0,13.08
25304,2530.4,5,0,0,13.14
25305,2530.5,6,0,0,13.3
25306,2530.6,6,0,0,13.3
25307,2530.7,6,0,0,13.35
25308,2530.8,6,0,0,13.35
25309,2530.9,6,0,0,13.43
25310,2531,6,0,0,13.44
25311,2531.1,5,1,0,13.42
25312,2531.2,5,0,0,13.39
25313,2531.3,5,0,0,13.4
25314,2531.4,5,0,0,13.4
25315,2531.5,5,0,0,13.43
25316,2531.6,5,0,0,13.42
25317,2531.7,4,1,0,13.27
25318,2531.8,4,0,0,13.29
25319,2531.9,4,0,0,13.24
25320,2532,4,0,0,13.3
25321,2532.1,4,0,0,13.28
25322,2532.2,4,0,0,13.28
25323,2532.3,4,0,0,13.28
25324,2532.4,4,0,0,13.28
25325,2532.5,4,0,0,13.28
25326,2532.6,4,0,0,13.28
25327,2532.7,5,0,0,13.41
25328,2532.8,5,0,0,13.41
25329,2532.9,5,0,0,13.41
25330,2533,5,0,0,13.41
25331,2533.1,4,1,0,13.67
25332,2533.2,4,0,0,13.68
25333,2533.3,5,0,0,13.74
25334,2533.4,5,0,0,13.74
25335,2533.5,6,0,0,13.53
25336,2533.6,5,1,0,13.57
25337,2533.7,5,0,0,13.53
25338,2533.8,5,0,0,13.55
25339,2533.9,4,1,0,13.45
25340,2534,4,0,0,13.46
25341,2534.1,4,0,0,13.44
25342,2534.2,4,0,0,13.44
25343,2534.3,4,0,0,13.45
25344,2534.4,4,0,0,13.44
25345,2534.5,4,0,0,13.46
25346,2534.6,4,0,0,13.47
25347,2534.7,4,0,0,13.46
25348,2534.8,4,0,0,13.43
25349,2534.9,4,0,0,13.45
25350,2535,4,0,0,13.46
25351,2535.1,4,0,0,13.46
25352,2535.2,4,0,0,13.47
25353,2535.3,4,0,0,13.43
25354,2535.4,4,0,0,13.44
25355,2535.5,4,0,0,13.44
25356,2535.6,4,0,0,13.47
25357,2535.7,4,0,0,13.43
25358,2535.8,4,0,0,13.47
25359,2535.9,4,0,0,13.46
25360,2536,4,0,0,13.47
25361,2536.1,5,0,0,13.39
25362,2536.2,4,1,0,13.21
25363,2536.3,5,0,0,13.38
25364,2536.4,4,1,0,13.23
25365,2536.5,4,0,0,13.2
25366,2536.6,5,0,0,13.35
25367,2536.7,4,1,0,13.44
25368,2536.8,4,0,0,13.47
25369,2536.9,4,0,0,13.46
25370,2537,4,0,0,13.44
25371,2537.1,4,0,0,13.43
25372,2537.2,5,0,0,12.69
25373,2537.3,5,0,0,12.68
25374,2537.4,5,0,0,12.72
25375,2537.5,5,0,0,12.74
25376,2537.6,5,0,0,12.73
25377,2537.7,5,0,0,12.76
25378,2537.8,5,0,0,12.74
25379,2537.9,5,0,0,12.75
25380,2538,5,0,0,12.72
25381,2538.1,5,0,0,12.73
25382,2538.2,5,0,0,12.75
25383,2538.3,5,0,0,12.76
25384,2538.4,5,0,0,12.76
25385,2538.5,5,0,0,12.78
25386,2538.6,6,0,0,12.3
25387,2538.7,6,0,0,12.28
25388,2538.8,6,0,0,12.32
25389,2538.9,7,0,0,12.33
25390,2539,7,0,0,12.32
25391,2539.1,7,0,0,12.33
25392,2539.2,7,0,0,12.33
25393,2539.3,7,0,0,12.33
25394,2539.4,7,0,0,12.32
25395,2539.5,6,1,0,12.28
25396,2539.6,6,0,0,12.26
25397,2539.7,6,0,0,12.3
25398,2539.8,6,2,0,11.2
25399,2539.9,6,0,0,11.14
25400,2540,6,0,0,11.15
25401,2540.1,6,0,0,11.19
25402,2540.2,6,0,0,11.17
25403,2540.3,6,0,0,11.14
25404,2540.4,6,0,0,11.17
25405,2540.5,6,0,0,11.16
25406,2540.6,6,0,0,11.14
25407,2540.7,6,0,0,11.17
25408,2540.8,6,0,0,11.17
25409,2540.9,6,0,0,11.15
25410,2541,6,0,0,11.14
25411,2541.1,6,0,0,11.14
25412,2541.2,6,0,0,11.14
25413,2541.3,6,0,0,11.16
25414,2541.4,6,0,0,11.14
25415,2541.5,5,1,0,11.39
25416,2541.6,5,0,0,11.42
25417,2541.7,6,0,0,11.9
25418,2541.8,6,0,0,11.9
25419,2541.9,6,0,0,11.96
25420,2542,6,0,0,12.02
25421,2542.1,6,0,0,12.04
25422,2542.2,6,0,0,12.08
25423,2542.3,5,1,0,11.74
25424,2542.4,5,0,0,11.79
25425,2542.5,5,0,0,11.83
25426,2542.6,5,0,0,11.86
25427,2542.7,5,0,0,11.88
25428,2542.8,5,0,0,11.92
25429,2542.9,6,0,0,12.04
25430,2543,6,0,0,12.02
25431,2543.1,6,0,0,12.06
25432,2543.2,6,0,0,12.03
25433,2543.3,6,0,0,12.01
25434,2543.4,7,0,0,12.18
25435,2543.5,7,0,0,12.17
25436,2543.6,6,1,0,11.88
25437,2543.7,6,0,0,11.85
25438,2543.8,5,1,0,11.72
25439,2543.9,5,0,0,11.73
25440,2544,5,0,0,11.72
25441,2544.1,6,0,0,11.41
25442,2544.2,6,0,0,11.41
25443,2544.3,5,1,0,11.69
25444,2544.4,5,0,0,11.67
25445,2544.5,5,0,0,11.66
25446,2544.6,6,0,0,12.04
25447,2544.7,6,0,0,12.02
25448,2544.8,6,0,0,12.02
25449,2544.9,6,0,0,12.02
25450,2545,6,0,0,12.02
25451,2545.1,6,0,0,12
25452,2545.2,5,1,0,11.61
25453,2545.3,5,0,0,11.62
25454,2545.4,5,0,0,11.61
25455,2545.5,5,0,0,11.62
25456,2545.6,5,0,0,11.61
25457,2545.7,5,0,0,11.58
25458,2545.8,4,1,0,10.96
25459,2545.9,4,0,0,10.97
25460,2546,4,0,0,10.98
25461,2546.1,5,0,0,11.57
25462,2546.2,5,0,0,11.56
25463,2546.3,5,0,0,11.58
25464,2546.4,5,0,0,11.57
25465,2546.5,5,0,0,11.58
25466,2546.6,5,0,0,11.58
25467,2546.7,5,0,0,11.54
25468,2546.8,5,0,0,11.52
25469,2546.9,5,0,0,11.52
25470,2547,6,0,0,11.74
25471,2547.1,5,1,0,11.48
25472,2547.2,5,0,0,11.48
25473,2547.3,5,0,0,11.44
25474,2547.4,6,0,0,11.47
25475,2547.5,6,0,0,11.47
25476,2547.6,6,0,0,11.46
25477,2547.7,6,0,0,11.47
25478,2547.8,6,0,0,11.47
25479,2547.9,6,0,0,11.45
25480,2548,6,0,0,11.47
25481,2548.1,5,1,0,11.42
25482,2548.2,5,0,0,11.44
25483,2548.3,5,0,0,11.43
25484,2548.4,5,0,0,11.44
25485,2548.5,5,0,0,11.4
25486,2548.6,5,0,0,11.38
25487,2548.7,5,0,0,11.35
25488,2548.8,5,0,0,11.34
25489,2548.9,5,0,0,11.33
25490,2549,5,0,0,11.27
25491,2549.1,5,0,0,11.26
25492,2549.2,6,0,0,11.73
25493,2549.3,6,0,0,11.69
25494,2549.4,6,0,0,11.66
25495,2549.5,6,0,0,11.65
25496,2549.6,6,0,0,11.66
25497,2549.7,6,0,0,11.65
25498,2549.8,6,0,0,11.62
25499,2549.9,6,0,0,11.6
25500,2550,6,0,0,11.59
25501,2550.1,6,0,0,11.57
25502,2550.2,7,0,0,11.91
25503,2550.3,7,0,0,11.9
25504,2550.4,7,0,0,11.88
25505,2550.5,8,0,0,12.16
25506,2550.6,8,0,0,12.15
25507,2550.7,7,1,0,12.01
25508,2550.8,5,2,0,12
25509,2550.9,5,0,0,12.04
25510,2551,5,0,0,12.11
25511,2551.1,5,0,0,12.21
25512,2551.2,5,0,0,12.26
25513,2551.3,5,0,0,12.3
25514,2551.4,5,0,0,12.39
25515,2551.5,5,0,0,12.49
25516,2551.6,5,0,0,12.58
25517,2551.7,5,0,0,12.66
25518,2551.8,5,0,0,12.76
25519,2551.9,5,0,0,12.86
25520,2552,5,0,0,12.95
25521,2552.1,5,0,0,13
25522,2552.2,5,0,0,13.11
25523,2552.3,5,0,0,13.2
25524,2552.4,6,0,0,13.08
25525,2552.5,6,0,0,13.18
25526,2552.6,6,0,0,13.25
25527,2552.7,5,1,0,13.2
25528,2552.8,5,0,0,13.21
25529,2552.9,5,0,0,13.18
25530,2553,6,0,0,13.22
25531,2553.1,6,0,0,13.2
25532,2553.2,6,0,0,13.2
25533,2553.3,6,0,0,13.2
25534,2553.4,6,0,0,13.21
25535,2553.5,6,0,0,13.24
25536,2553.6,5,1,0,13.18
25537,2553.7,5,0,0,13.15
25538,2553.8,5,0,0,13.19
25539,2553.9,5,0,0,13.18
25540,2554,4,1,0,12.97
25541,2554.1,5,0,0,13
25542,2554.2,4,1,0,13.02
25543,2554.3,4,0,0,13.04
25544,2554.4,4,0,0,13.09
25545,2554.5,4,0,0,13.16
25546,2554.6,4,0,0,13.21
25547,2554.7,4,0,0,13.18
25548,2554.8,4,0,0,13.22
25549,2554.9,4,0,0,13.21
25550,2555,4,0,0,13.25
25551,2555.1,4,0,0,13.19
25552,2555.2,4,0,0,13.23
25553,2555.3,4,0,0,13.22
25554,2555.4,4,0,0,13.21
25555,2555.5,5,0,0,13.38
25556,2555.6,5,0,0,13.36
25557,2555.7,4,1,0,13.22
25558,2555.8,4,0,0,13.19
25559,2555.9,5,0,0,13.19
25560,2556,5,0,0,13.18
25561,2556.1,5,0,0,13.18
25562,2556.2,5,0,0,13.2
25563,2556.3,5,0,0,13.18
25564,2556.4,5,0,0,13.22
25565,2556.5,4,1,0,13.25
25566,2556.6,4,0,0,13.2
25567,2556.7,4,0,0,13.26
25568,2556.8,4,0,0,13.2
25569,2556.9,4,0,0,13.25
25570,2557,4,0,0,13.22
25571,2557.1,4,0,0,13.21
25572,2557.2,4,0,0,13.22
25573,2557.3,4,0,0,13.2
25574,2557.4,4,0,0,13.18
25575,2557.5,4,0,0,13.2
25576,2557.6,5,0,0,12.84
25577,2557.7,5,0,0,12.81
25578,2557.8,4,1,0,12.79
25579,2557.9,4,0,0,12.75
25580,2558,4,0,0,12.8
25581,2558.1,4,0,0,12.77
25582,2558.2,4,0,0,12.81
25583,2558.3,4,0,0,12.74
25584,2558.4,3,1,0,12.38
25585,2558.5,3,0,0,12.39
25586,2558.6,3,0,0,12.37
25587,2558.7,5,0,0,13.04
25588,2558.8,5,0,0,13.01
25589,2558.9,5,0,0,13
25590,2559,5,0,0,13.02
25591,2559.1,5,0,0,13.01
25592,2559.2,5,0,0,12.99
25593,2559.3,4,1,0,12.77
25594,2559.4,4,0,0,12.76
25595,2559.5,4,0,0,12.8
25596,2559.6,4,0,0,12.78
25597,2559.7,4,0,0,12.78
25598,2559.8,4,0,0,12.76
25599,2559.9,4,0,0,12.77
25600,2560,4,0,0,12.79
25601,2560.1,5,0,0,12.18
25602,2560.2,5,0,0,12.18
25603,2560.3,4,1,0,12.71
25604,2560.4,4,0,0,12.78
25605,2560.5,4,0,0,12.78
25606,2560.6,4,0,0,12.73
25607,2560.7,4,0,0,12.77
25608,2560.8,4,0,0,12.76
25609,2560.9,4,0,0,12.75
25610,2561,4,0,0,12.73
25611,2561.1,4,0,0,12.71
25612,2561.2,5,0,0,12.98
25613,2561.3,5,0,0,12.93
25614,2561.4,5,0,0,12.92
25615,2561.5,6,0,0,13.08
25616,2561.6,6,0,0,13.07
25617,2561.7,7,0,0,12.62
25618,2561.8,7,0,0,12.62
25619,2561.9,6,1,0,12.82
25620,2562,6,0,0,12.84
25621,2562.1,5,1,0,12.61
25622,2562.2,5,0,0,12.6
25623,2562.3,5,0,0,12.58
25624,2562.4,5,0,0,12.56
25625,2562.5,6,0,0,11.62
25626,2562.6,6,0,0,11.62
25627,2562.7,6,0,0,11.64
25628,2562.8,6,0,0,11.63
25629,2562.9,6,0,0,11.64
25630,2563,6,0,0,11.66
25631,2563.1,5,1,0,11.62
25632,2563.2,5,0,0,11.71
25633,2563.3,5,0,0,11.76
25634,2563.4,5,0,0,11.83
25635,2563.5,5,0,0,11.89
25636,2563.6,5,0,0,11.89
25637,2563.7,5,0,0,11.93
25638,2563.8,5,0,0,11.93
25639,2563.9,5,0,0,11.94
25640,2564,5,0,0,11.96
25641,2564.1,5,0,0,11.99
25642,2564.2,5,0,0,11.99
25643,2564.3,6,0,0,12.3
25644,2564.4,6,0,0,12.29
25645,2564.5,6,0,0,12.31
25646,2564.6,6,0,0,12.32
25647,2564.7,6,1,0,12.13
25648,2564.8,5,1,0,11.76
25649,2564.9,4,1,0,11.24
25650,2565,5,0,0,11.02
25651,2565.1,5,0,0,11
25652,2565.2,5,0,0,11.02
25653,2565.3,5,0,0,11.03
25654,2565.4,5,0,0,11.05
25655,2565.5,5,0,0,11.06
25656,2565.6,5,0,0,11.06
25657,2565.7,5,0,0,11.07
25658,2565.8,5,0,0,11.08
25659,2565.9,5,0,0,11.09
25660,2566,5,0,0,11.08
25661,2566.1,5,0,0,11.07
25662,2566.2,5,0,0,11.07
25663,2566.3,5,0,0,11.08
25664,2566.4,5,0,0,11.11
25665,2566.5,5,0,0,11.1
25666,2566.6,5,0,0,11.09
25667,2566.7,5,0,0,11.14
25668,2566.8,5,0,0,11.14
25669,2566.9,5,0,0,11.13
25670,2567,5,0,0,11.08
25671,2567.1,5,0,0,11.09
25672,2567.2,6,0,0,11.6
25673,2567.3,6,0,0,11.58
25674,2567.4,6,0,0,11.61
25675,2567.5,6,0,0,11.58
25676,2567.6,6,0,0,11.6
25677,2567.7,6,0,0,11.62
25678,2567.8,5,1,0,11.14
25679,2567.9,4,1,0,10.44
25680,2568,4,0,0,10.43
25681,2568.1,5,0,0,11.09
25682,2568.2,5,0,0,11.11
25683,2568.3,6,0,0,11.56
25684,2568.4,6,0,0,11.53
25685,2568.5,5,1,0,11.31
25686,2568.6,5,0,0,11.3
25687,2568.7,5,0,0,11.28
25688,2568.8,5,0,0,11.26
25689,2568.9,5,0,0,11.26
25690,2569,5,0,0,11.22
25691,2569.1,5,0,0,11.21
25692,2569.2,5,0,0,11.22
25693,2569.3,5,0,0,11.2
25694,2569.4,5,0,0,11.19
25695,2569.5,5,0,0,11.19
25696,2569.6,5,0,0,11.17
25697,2569.7,5,0,0,11.15
25698,2569.8,5,0,0,11.15
25699,2569.9,5,0,0,11.16
25700,2570,6,0,0,11.63
25701,2570.1,6,0,0,11.58
25702,2570.2,6,0,0,11.59
25703,2570.3,6,0,0,11.56
25704,2570.4,6,0,0,11.56
25705,2570.5,6,0,0,11.55
25706,2570.6,5,1,0,11.06
25707,2570.7,5,0,0,11.02
25708,2570.8,5,0,0,11.03
25709,2570.9,5,0,0,11.06
25710,2571,5,0,0,11.05
25711,2571.1,5,0,0,11.04
25712,2571.2,6,0,0,11.53
25713,2571.3,6,0,0,11.49
25714,2571.4,6,0,0,11.49
25715,2571.5,6,0,0,11.47
25716,2571.6,6,0,0,11.47
25717,2571.7,6,0,0,11.49
25718,2571.8,5,1,0,10.99
25719,2571.9,6,0,0,11.47
25720,2572,6,0,0,11.45
25721,2572.1,6,0,0,11.43
25722,2572.2,6,0,0,11.43
25723,2572.3,6,0,0,11.44
25724,2572.4,6,0,0,11.44
25725,2572.5,6,0,0,11.4
25726,2572.6,6,0,0,11.4
25727,2572.7,6,0,0,11.42
25728,2572.8,7,0,0,11.68
25729,2572.9,7,0,0,11.67
25730,2573,7,0,0,11.66
25731,2573.1,7,0,0,11.66
25732,2573.2,7,0,0,11.66
25733,2573.3,7,0,0,11.67
25734,2573.4,6,1,0,11.38
25735,2573.5,6,0,0,11.38
25736,2573.6,6,0,0,11.41
25737,2573.7,6,0,0,11.38
25738,2573.8,6,0,0,11.37
25739,2573.9,5,1,0,11.68
25740,2574,5,0,0,11.68
25741,2574.1,5,0,0,11.75
25742,2574.2,5,0,0,11.76
25743,2574.3,5,0,0,11.87
25744,2574.4,6,0,0,12.29
25745,2574.5,6,0,0,12.32
25746,2574.6,6,0,0,12.4
25747,2574.7,6,0,0,12.42
25748,2574.8,6,0,0,12.43
25749,2574.9,6,0,0,12.46
25750,2575,6,0,0,12.49
25751,2575.1,6,0,0,12.47
25752,2575.2,6,0,0,12.49
25753,2575.3,6,0,0,12.51
25754,2575.4,6,1,0,12.53
25755,2575.5,6,0,0,12.55
25756,2575.6,7,0,0,12.75
25757,2575.7,7,0,0,12.79
25758,2575.8,7,0,0,12.81
25759,2575.9,6,1,0,12.71
25760,2576,6,0,0,12.71
25761,2576.1,6,0,0,12.7
25762,2576.2,6,1,0,12.03
25763,2576.3,6,0,0,12
25764,2576.4,5,1,0,12.37
25765,2576.5,5,0,0,12.38
25766,2576.6,5,0,0,12.37
25767,2576.7,5,0,0,12.38
25768,2576.8,5,0,0,12.39
25769,2576.9,5,0,0,12.35
25770,2577,5,0,0,12.34
25771,2577.1,5,0,0,12.31
25772,2577.2,5,0,0,12.28
25773,2577.3,5,0,0,12.3
25774,2577.4,6,0,0,11.9
25775,2577.5,7,0,0,12.19
25776,2577.6,7,0,0,12.18
25777,2577.7,6,1,0,12.41
25778,2577.8,6,0,0,12.43
25779,2577.9,6,0,0,12.49
25780,2578,6,0,0,12.53
25781,2578.1,6,0,0,12.58
25782,2578.2,6,0,0,12.6
25783,2578.3,6,0,0,12.66
25784,2578.4,6,0,0,12.73
25785,2578.5,7,0,0,12.74
25786,2578.6,7,0,0,12.76
25787,2578.7,7,0,0,12.83
25788,2578.8,7,0,0,12.87
25789,2578.9,6,1,0,12.74
25790,2579,7,0,0,12.34
25791,2579.1,6,1,0,12.43
25792,2579.2,5,1,0,12.21
25793,2579.3,5,0,0,12.25
25794,2579.4,5,0,0,12.27
25795,2579.5,5,0,0,12.27
25796,2579.6,5,0,0,12.27
25797,2579.7,5,0,0,12.28
25798,2579.8,5,0,0,12.28
25799,2579.9,5,0,0,12.27
25800,2580,5,0,0,12.27
25801,2580.1,5,0,0,12.3
25802,2580.2,5,0,0,12.28
25803,2580.3,5,0,0,12.33
25804,2580.4,5,0,0,12.3
25805,2580.5,5,0,0,12.28
25806,2580.6,5,0,0,12.28
25807,2580.7,5,1,0,12.31
25808,2580.8,5,0,0,12.27
25809,2580.9,5,0,0,12.31
25810,2581,5,0,0,12.31
25811,2581.1,5,0,0,12.29
25812,2581.2,5,0,0,12.31
25813,2581.3,6,0,0,12.38
25814,2581.4,6,0,0,12.37
25815,2581.5,6,0,0,12.37
25816,2581.6,6,0,0,12.39
25817,2581.7,5,1,0,12.85
25818,2581.8,5,0,0,12.87
25819,2581.9,4,1,0,13.02
25820,2582,4,0,0,13.02
25821,2582.1,4,0,0,13.11
25822,2582.2,4,0,0,13.17
25823,2582.3,4,0,0,13.2
25824,2582.4,4,0,0,13.24
25825,2582.5,5,0,0,13.2
25826,2582.6,5,0,0,13.23
25827,2582.7,5,0,0,13.27
25828,2582.8,5,0,0,13.31
25829,2582.9,5,0,0,13.35
25830,2583,5,0,0,13.36
25831,2583.1,5,0,0,13.41
25832,2583.2,5,0,0,13.45
25833,2583.3,5,0,0,13.49
25834,2583.4,5,0,0,13.55
25835,2583.5,5,0,0,13.57
25836,2583.6,3,2,0,13.51
25837,2583.7,3,0,0,13.55
25838,2583.8,4,0,0,13.07
25839,2583.9,4,0,0,13.02
25840,2584,4,0,0,13.02
25841,2584.1,5,0,0,13.02
25842,2584.2,5,0,0,13.04
25843,2584.3,5,0,0,13.05
25844,2584.4,5,0,0,13.03
25845,2584.5,5,0,0,13.02
25846,2584.6,5,0,0,13.02
25847,2584.7,4,1,0,12.98
25848,2584.8,4,0,0,13.02
25849,2584.9,5,0,0,11.94
25850,2585,5,0,0,11.9
25851,2585.1,5,0,0,11.93
25852,2585.2,5,0,0,11.94
25853,2585.3,5,0,0,12
25854,2585.4,5,0,0,11.98
25855,2585.5,5,0,0,12
25856,2585.6,5,0,0,12.01
25857,2585.7,5,0,0,12.02
25858,2585.8,5,0,0,12.05
25859,2585.9,5,0,0,12.05
25860,2586,5,0,0,12.09
25861,2586.1,6,0,0,12.41
25862,2586.2,6,0,0,12.43
25863,2586.3,5,1,0,12.37
25864,2586.4,5,0,0,12.42
25865,2586.5,5,0,0,12.46
25866,2586.6,5,0,0,12.44
25867,2586.7,4,1,0,12.09
25868,2586.8,4,0,0,12.14
25869,2586.9,5,0,0,12.05
25870,2587,6,0,0,11.65
25871,2587.1,6,0,0,11.68
25872,2587.2,6,0,0,11.67
25873,2587.3,6,0,0,11.71
25874,2587.4,6,0,0,11.71
25875,2587.5,6,0,0,11.74
25876,2587.6,5,1,0,11.8
25877,2587.7,5,0,0,11.85
25878,2587.8,5,0,0,11.9
25879,2587.9,5,0,0,11.88
25880,2588,5,0,0,11.89
25881,2588.1,5,0,0,11.88
25882,2588.2,5,0,0,11.89
25883,2588.3,5,0,0,11.89
25884,2588.4,5,0,0,11.88
25885,2588.5,5,0,0,11.9
25886,2588.6,5,0,0,11.91
25887,2588.7,5,0,0,11.87
25888,2588.8,5,0,0,11.86
25889,2588.9,5,0,0,11.88
25890,2589,5,0,0,11.89
25891,2589.1,5,0,0,11.88
25892,2589.2,5,0,0,11.88
25893,2589.3,5,0,0,11.86
25894,2589.4,5,0,0,11.87
25895,2589.5,5,0,0,11.85
25896,2589.6,5,1,0,11.26
25897,2589.7,5,0,0,11.26
25898,2589.8,6,0,0,11.71
25899,2589.9,5,1,0,11.25
25900,2590,5,0,0,11.26
25901,2590.1,6,0,0,11.47
25902,2590.2,6,0,0,11.43
25903,2590.3,6,0,0,11.45
25904,2590.4,5,1,0,10.97
25905,2590.5,5,0,0,10.96
25906,2590.6,5,0,0,10.96
25907,2590.7,5,0,0,10.93
25908,2590.8,5,0,0,10.94
25909,2590.9,5,0,0,10.95
25910,2591,5,0,0,10.95
25911,2591.1,5,0,0,10.95
25912,2591.2,5,0,0,10.95
25913,2591.3,5,0,0,10.98
25914,2591.4,5,0,0,10.96
25915,2591.5,5,0,0,10.95
25916,2591.6,5,0,0,10.94
25917,2591.7,5,0,0,10.93
25918,2591.8,5,0,0,10.95
25919,2591.9,5,0,0,10.94
25920,2592,5,0,0,10.93
25921,2592.1,6,0,0,10.78
25922,2592.2,6,0,0,10.78
25923,2592.3,5,1,0,10.93
25924,2592.4,5,0,0,10.95
25925,2592.5,5,0,0,10.91
25926,2592.6,6,0,0,11.16
25927,2592.7,6,0,0,11.15
25928,2592.8,6,0,0,11.17
25929,2592.9,6,0,0,11.11
25930,2593,6,0,0,11.14
25931,2593.1,6,0,0,11.11
25932,2593.2,6,1,0,11.05
25933,2593.3,7,0,0,11.33
25934,2593.4,7,0,0,11.31
25935,2593.5,7,0,0,11.3
25936,2593.6,7,0,0,11.27
25937,2593.7,7,0,0,11.3
25938,2593.8,7,0,0,11.28
25939,2593.9,7,0,0,11.29
25940,2594,7,0,0,11.26
25941,2594.1,6,1,0,11.36
25942,2594.2,6,0,0,11.36
25943,2594.3,6,0,0,11.31
25944,2594.4,6,0,0,11.31
25945,2594.5,6,0,0,11.29
25946,2594.6,6,0,0,11.31
25947,2594.7,6,0,0,11.3
25948,2594.8,6,0,0,11.31
25949,2594.9,5,1,0,11.23
25950,2595,5,0,0,11.26
25951,2595.1,5,0,0,11.21
25952,2595.2,5,0,0,11.23
25953,2595.3,5,0,0,11.24
25954,2595.4,6,0,0,11.66
25955,2595.5,6,0,0,11.65
25956,2595.6,6,0,0,11.62
25957,2595.7,6,0,0,11.64
25958,2595.8,6,0,0,11.62
25959,2595.9,6,0,0,11.63
25960,2596,5,1,0,11.17
25961,2596.1,5,0,0,11.19
25962,2596.2,5,0,0,11.16
25963,2596.3,5,0,0,11.14
25964,2596.4,6,0,0,11.52
25965,2596.5,6,0,0,11.5
25966,2596.6,6,0,0,11.48
25967,2596.7,6,0,0,11.48
25968,2596.8,7,0,0,11.72
25969,2596.9,7,0,0,11.72
25970,2597,7,0,0,11.72
25971,2597.1,7,0,0,11.71
25972,2597.2,6,1,0,11.68
25973,2597.3,6,0,0,11.64
25974,2597.4,6,0,0,11.65
25975,2597.5,5,1,0,11.97
25976,2597.6,5,0,0,12
25977,2597.7,5,0,0,12.02
25978,2597.8,5,0,0,12.06
25979,2597.9,5,0,0,12.16
25980,2598,5,0,0,12.18
25981,2598.1,5,0,0,12.26
25982,2598.2,6,0,0,12.6
25983,2598.3,6,0,0,12.65
25984,2598.4,6,0,0,12.67
25985,2598.5,6,0,0,12.76
25986,2598.6,6,0,0,12.8
25987,2598.7,6,0,0,12.89
25988,2598.8,5,1,0,12.71
25989,2598.9,5,0,0,12.76
25990,2599,5,0,0,12.82
25991,2599.1,5,0,0,12.89
25992,2599.2,5,0,0,12.99
25993,2599.3,5,0,0,13.03
25994,2599.4,4,1,0,12.97
25995,2599.5,4,0,0,12.95
25996,2599.6,5,0,0,12.82
25997,2599.7,5,0,0,12.81
25998,2599.8,5,0,0,12.81
25999,2599.9,5,0,0,12.8
26000,2600,5,0,0,12.8
26001,2600.1,5,0,0,12.79
26002,2600.2,5,0,0,12.8
26003,2600.3,6,0,0,12.97
26004,2600.4,6,0,0,12.96
26005,2600.5,5,1,0,12.91
26006,2600.6,5,0,0,12.91
26007,2600.7,5,0,0,12.91
26008,2600.8,5,0,0,12.94
26009,2600.9,5,0,0,12.92
26010,2601,4,1,0,13.02
26011,2601.1,5,0,0,12.98
26012,2601.2,5,0,0,12.99
26013,2601.3,5,0,0,12.94
26014,2601.4,5,0,0,12.99
26015,2601.5,5,0,0,12.96
26016,2601.6,5,0,0,12.99
26017,2601.7,4,1,0,13.01
26018,2601.8,4,0,0,13.04
26019,2601.9,4,0,0,13.04
26020,2602,4,0,0,13.05
26021,2602.1,4,0,0,13.02
26022,2602.2,4,0,0,13
26023,2602.3,4,0,0,13.02
26024,2602.4,4,0,0,13.04
26025,2602.5,4,0,0,13.03
26026,2602.6,4,0,0,13.04
26027,2602.7,5,0,0,13.2
26028,2602.8,5,0,0,13.19
26029,2602.9,5,0,0,13.2
26030,2603,5,0,0,13.23
26031,2603.1,4,1,0,13.3
26032,2603.2,4,0,0,13.25
26033,2603.3,4,0,0,13.25
26034,2603.4,4,0,0,13.28
26035,2603.5,4,0,0,13.27
26036,2603.6,4,0,0,13.28
26037,2603.7,4,0,0,13.28
26038,2603.8,3,1,0,13.11
26039,2603.9,5,0,0,13.43
26040,2604,5,0,0,13.41
26041,2604.1,5,0,0,13.41
26042,2604.2,5,0,0,13.42
26043,2604.3,5,0,0,13.41
26044,2604.4,5,0,0,13.4
26045,2604.5,4,1,0,13.34
26046,2604.6,4,0,0,13.32
26047,2604.7,4,0,0,13.31
26048,2604.8,4,0,0,13.33
26049,2604.9,4,0,0,13.35
26050,2605,4,0,0,13.29
26051,2605.1,4,0,0,13.34
26052,2605.2,4,0,0,13.34
26053,2605.3,4,0,0,13.31
26054,2605.4,4,0,0,13.31
26055,2605.5,4,0,0,13.3
26056,2605.6,4,0,0,13.32
26057,2605.7,4,0,0,13.32
26058,2605.8,4,0,0,13.32
26059,2605.9,5,0,0,13.45
26060,2606,5,0,0,13.46
26061,2606.1,4,1,0,13.52
26062,2606.2,4,0,0,13.51
26063,2606.3,4,0,0,13.53
26064,2606.4,4,0,0,13.53
26065,2606.5,4,0,0,13.53
26066,2606.6,4,0,0,13.51
26067,2606.7,5,0,0,13.31
26068,2606.8,5,0,0,13.29
26069,2606.9,5,0,0,13.3
26070,2607,5,0,0,13.3
26071,2607.1,5,0,0,13.28
26072,2607.2,5,0,0,13.28
26073,2607.3,4,1,0,13.51
26074,2607.4,4,1,0,13.43
26075,2607.5,4,0,0,13.42
26076,2607.6,4,0,0,13.38
26077,2607.7,4,0,0,13.38
26078,2607.8,4,0,0,13.41
26079,2607.9,5,0,0,12.72
26080,2608,5,0,0,12.72
26081,2608.1,6,0,0,12.26
26082,2608.2,6,0,0,12.25
26083,2608.3,5,1,0,12.73
26084,2608.4,5,0,0,12.7
26085,2608.5,5,0,0,12.71
26086,2608.6,5,0,0,12.71
26087,2608.7,5,0,0,12.71
26088,2608.8,5,0,0,12.71
26089,2608.9,5,0,0,12.69
26090,2609,6,0,0,11.91
26091,2609.1,6,0,0,11.89
26092,2609.2,6,0,0,11.9
26093,2609.3,6,0,0,11.91
26094,2609.4,6,0,0,11.96
26095,2609.5,7,0,0,12.24
26096,2609.6,7,0,0,12.22
26097,2609.7,7,0,0,12.23
26098,2609.8,7,0,0,12.25
26099,2609.9,7,0,0,12.23
26100,2610,7,0,0,12.25
26101,2610.1,5,2,0,11.94
26102,2610.2,5,0,0,11.95
26103,2610.3,5,0,0,11.96
26104,2610.4,5,0,0,11.98
26105,2610.5,5,0,0,12.01
26106,2610.6,5,0,0,12.04
26107,2610.7,5,0,0,12.04
26108,2610.8,5,0,0,12.03
26109,2610.9,5,0,0,12.06
26110,2611,5,1,0,12.09
26111,2611.1,5,0,0,12.08
26112,2611.2,5,0,0,12.09
26113,2611.3,5,0,0,12.07
26114,2611.4,5,0,0,12.1
26115,2611.5,5,0,0,12.12
26116,2611.6,5,0,0,12.13
26117,2611.7,5,0,0,12.09
26118,2611.8,5,0,0,12.12
26119,2611.9,4,1,0,11.69
26120,2612,4,0,0,11.7
26121,2612.1,4,0,0,11.69
26122,2612.2,5,0,0,11.91
26123,2612.3,6,0,0,12.08
26124,2612.4,6,0,0,12.07
26125,2612.5,6,0,0,12.07
26126,2612.6,6,0,0,12.05
26127,2612.7,6,0,0,12.04
26128,2612.8,6,0,0,12.03
26129,2612.9,5,1,0,11.84
26130,2613,5,0,0,11.82
26131,2613.1,5,0,0,11.85
26132,2613.2,5,0,0,11.81
26133,2613.3,5,0,0,11.79
26134,2613.4,5,0,0,11.81
26135,2613.5,5,0,0,11.8
26136,2613.6,5,0,0,11.77
26137,2613.7,5,0,0,11.76
26138,2613.8,5,0,0,11.77
26139,2613.9,5,0,0,11.74
26140,2614,5,0,0,11.74
26141,2614.1,5,0,0,11.72
26142,2614.2,5,0,0,11.72
26143,2614.3,5,0,0,11.71
26144,2614.4,5,0,0,11.71
26145,2614.5,5,1,0,11.76
26146,2614.6,5,0,0,11.75
26147,2614.7,5,0,0,11.77
26148,2614.8,5,0,0,11.76
26149,2614.9,5,0,0,11.71
26150,2615,5,0,0,11.72
26151,2615.1,4,1,0,11.16
26152,2615.2,5,0,0,11.73
26153,2615.3,6,0,0,12.09
26154,2615.4,6,0,0,12.1
26155,2615.5,6,0,0,12.07
26156,2615.6,6,0,0,12.1
26157,2615.7,6,0,0,12.09
26158,2615.8,5,1,0,11.67
26159,2615.9,5,0,0,11.7
26160,2616,5,0,0,11.68
26161,2616.1,5,0,0,11.67
26162,2616.2,5,0,0,11.68
26163,2616.3,5,0,0,11.66
26164,2616.4,5,0,0,11.63
26165,2616.5,5,0,0,11.67
26166,2616.6,5,0,0,11.65
26167,2616.7,5,0,0,11.68
26168,2616.8,5,0,0,11.68
26169,2616.9,5,0,0,11.62
26170,2617,5,0,0,11.64
26171,2617.1,5,0,0,11.64
26172,2617.2,5,0,0,11.62
26173,2617.3,5,0,0,11.6
26174,2617.4,5,0,0,11.58
26175,2617.5,5,0,0,11.58
26176,2617.6,5,0,0,11.55
26177,2617.7,5,0,0,11.54
26178,2617.8,5,0,0,11.53
26179,2617.9,5,0,0,11.53
26180,2618,5,1,0,11.5
26181,2618.1,6,0,0,11.87
26182,2618.2,6,0,0,11.88
26183,2618.3,6,0,0,11.89
26184,2618.4,6,0,0,11.87
26185,2618.5,7,0,0,11.78
26186,2618.6,6,1,0,11.41
26187,2618.7,6,0,0,11.4
26188,2618.8,6,0,0,11.39
26189,2618.9,6,0,0,11.35
26190,2619,7,0,0,11.11
26191,2619.1,7,0,0,11.11
26192,2619.2,7,0,0,11.13
26193,2619.3,7,0,0,11.12
26194,2619.4,7,0,0,11.1
26195,2619.5,7,0,0,11.11
26196,2619.6,7,0,0,11.1
26197,2619.7,7,0,0,11.08
26198,2619.8,7,0,0,11.06
26199,2619.9,7,0,0,11.07
26200,2620,7,0,0,11.03
26201,2620.1,6,1,0,11.21
26202,2620.2,6,0,0,11.23
26203,2620.3,6,0,0,11.3
26204,2620.4,6,0,0,11.37
26205,2620.5,6,0,0,11.46
26206,2620.6,6,0,0,11.5
26207,2620.7,6,0,0,11.56
26208,2620.8,7,0,0,11.92
26209,2620.9,7,0,0,11.98
26210,2621,7,0,0,12.01
26211,2621.1,7,0,0,12.11
26212,2621.2,7,0,0,12.18
26213,2621.3,7,0,0,12.23
26214,2621.4,6,1,0,12.07
26215,2621.5,6,0,0,12.15
26216,2621.6,6,1,0,12.15
26217,2621.7,7,0,0,12.24
26218,2621.8,7,0,0,12.26
26219,2621.9,7,0,0,12.25
26220,2622,7,0,0,12.23
26221,2622.1,6,1,0,12.16
26222,2622.2,6,0,0,12.17
26223,2622.3,6,0,0,12.21
26224,2622.4,6,0,0,12.21
26225,2622.5,6,0,0,12.21
26226,2622.6,6,0,0,12.19
26227,2622.7,6,0,0,12.16
26228,2622.8,6,0,0,12.15
26229,2622.9,6,0,0,12.15
26230,2623,6,0,0,12.15
26231,2623.1,6,0,0,12.14
26232,2623.2,6,0,0,12.12
26233,2623.3,5,1,0,12.55
26234,2623.4,5,0,0,12.58
26235,2623.5,4,1,0,12.65
26236,2623.6,5,0,0,12.91
26237,2623.7,5,0,0,12.95
26238,2623.8,5,0,0,13.04
26239,2623.9,5,0,0,13.1
26240,2624,5,0,0,13.2
26241,2624.1,5,0,0,13.24
26242,2624.2,5,1,0,12.61
26243,2624.3,5,0,0,12.66
26244,2624.4,4,1,0,13.35
26245,2624.5,4,0,0,13.33
26246,2624.6,4,0,0,13.34
26247,2624.7,5,0,0,13.17
26248,2624.8,5,0,0,13.18
26249,2624.9,5,0,0,13.15
26250,2625,4,1,0,12.94
26251,2625.1,4,0,0,12.94
26252,2625.2,5,0,0,12.84
26253,2625.3,5,0,0,12.81
26254,2625.4,4,1,0,12.52
26255,2625.5,4,0,0,12.52
26256,2625.6,4,0,0,12.52
26257,2625.7,4,0,0,12.46
26258,2625.8,4,0,0,12.49
26259,2625.9,4,0,0,12.44
26260,2626,4,0,0,12.44
26261,2626.1,4,0,0,12.42
26262,2626.2,4,0,0,12.44
26263,2626.3,4,0,0,12.42
26264,2626.4,4,0,0,12.39
26265,2626.5,5,0,0,12.55
26266,2626.6,5,0,0,12.52
26267,2626.7,5,0,0,12.51
26268,2626.8,5,0,0,12.5
26269,2626.9,5,0,0,12.5
26270,2627,5,0,0,12.52
26271,2627.1,4,1,0,12.32
26272,2627.2,4,0,0,12.31
26273,2627.3,4,0,0,12.29
26274,2627.4,4,0,0,12.3
26275,2627.5,4,0,0,12.28
26276,2627.6,4,0,0,12.3
26277,2627.7,4,0,0,12.28
26278,2627.8,4,0,0,12.28
26279,2627.9,5,0,0,11.95
26280,2628,5,0,0,11.94
26281,2628.1,5,0,0,11.95
26282,2628.2,5,0,0,11.91
26283,2628.3,5,0,0,11.92
26284,2628.4,5,0,0,11.92
26285,2628.5,5,0,0,11.93
26286,2628.6,5,0,0,11.94
26287,2628.7,5,0,0,11.93
26288,2628.8,6,0,0,12.16
26289,2628.9,6,0,0,12.14
26290,2629,6,0,0,12.14
26291,2629.1,5,1,0,12.09
26292,2629.2,5,0,0,12.11
26293,2629.3,6,0,0,12.4
26294,2629.4,6,0,0,12.41
26295,2629.5,6,0,0,12.38
26296,2629.6,5,1,0,12.54
26297,2629.7,5,0,0,12.59
26298,2629.8,5,0,0,12.63
26299,2629.9,4,1,0,12.33
26300,2630,4,0,0,12.41
26301,2630.1,4,0,0,12.46
26302,2630.2,4,0,0,12.49
26303,2630.3,4,0,0,12.59
26304,2630.4,4,0,0,12.61
26305,2630.5,4,0,0,12.63
26306,2630.6,4,0,0,12.65
26307,2630.7,4,0,0,12.68
26308,2630.8,4,0,0,12.64
26309,2630.9,5,0,0,12.12
26310,2631,5,0,0,12.1
26311,2631.1,5,0,0,12.1
26312,2631.2,4,1,0,11.61
26313,2631.3,4,0,0,11.65
26314,2631.4,4,0,0,11.65
26315,2631.5,4,0,0,11.68
26316,2631.6,4,0,0,11.64
26317,2631.7,5,0,0,10.68
26318,2631.8,5,0,0,10.65
26319,2631.9,5,0,0,10.71
26320,2632,5,0,0,10.69
26321,2632.1,6,0,0,11.19
26322,2632.2,6,0,0,11.17
26323,2632.3,7,0,0,11.58
26324,2632.4,6,1,0,11.27
26325,2632.5,6,0,0,11.3
26326,2632.6,6,0,0,11.32
26327,2632.7,5,1,0,10.94
26328,2632.8,5,0,0,10.97
26329,2632.9,5,0,0,10.95
26330,2633,5,0,0,10.94
26331,2633.1,5,0,0,11.01
26332,2633.2,5,0,0,11.03
26333,2633.3,5,0,0,11.04
26334,2633.4,5,0,0,11.06
26335,2633.5,5,0,0,11.06
26336,2633.6,5,0,0,11.06
26337,2633.7,5,0,0,11.07
26338,2633.8,5,0,0,11.09
26339,2633.9,5,0,0,11.1
26340,2634,5,0,0,11.11
26341,2634.1,5,0,0,11.14
26342,2634.2,6,0,0,10.94
26343,2634.3,6,0,0,10.94
26344,2634.4,6,0,0,10.95
26345,2634.5,6,0,0,10.95
26346,2634.6,6,0,0,10.98
26347,2634.7,6,0,0,10.96
26348,2634.8,6,0,0,10.94
26349,2634.9,6,1,0,11.22
26350,2635,6,0,0,11.22
26351,2635.1,6,0,0,11.21
26352,2635.2,6,0,0,11.24
26353,2635.3,6,0,0,11.2
26354,2635.4,6,0,0,11.2
26355,2635.5,5,1,0,10.7
26356,2635.6,5,0,0,10.67
26357,2635.7,5,0,0,10.69
26358,2635.8,4,1,0,9.91
26359,2635.9,5,0,0,10.29
26360,2636,5,0,0,10.29
26361,2636.1,5,0,0,10.29
26362,2636.2,5,0,0,10.25
26363,2636.3,5,0,0,10.3
26364,2636.4,5,0,0,10.3
26365,2636.5,5,0,0,10.29
26366,2636.6,5,0,0,10.29
26367,2636.7,5,0,0,10.31
26368,2636.8,5,0,0,10.3
26369,2636.9,5,0,0,10.32
26370,2637,5,0,0,10.33
26371,2637.1,5,0,0,10.36
26372,2637.2,5,0,0,10.31
26373,2637.3,6,0,0,10.86
26374,2637.4,6,0,0,10.89
26375,2637.5,6,0,0,10.86
26376,2637.6,6,0,0,10.85
26377,2637.7,6,0,0,10.82
26378,2637.8,7,0,0,11.26
26379,2637.9,7,0,0,11.22
26380,2638,7,0,0,11.26
26381,2638.1,7,0,0,11.25
26382,2638.2,7,0,0,11.21
26383,2638.3,7,0,0,11.22
26384,2638.4,6,1,0,10.74
26385,2638.5,6,0,0,10.75
26386,2638.6,6,0,0,10.74
26387,2638.7,6,0,0,10.73
26388,2638.8,6,0,0,10.73
26389,2638.9,6,0,0,10.69
26390,2639,6,0,0,10.69
26391,2639.1,6,0,0,10.66
26392,2639.2,6,0,0,10.65
26393,2639.3,6,0,0,10.64
26394,2639.4,7,0,0,11.13
26395,2639.5,7,0,0,11.12
26396,2639.6,7,0,0,11.11
26397,2639.7,7,0,0,11.12
26398,2639.8,7,0,0,11.09
26399,2639.9,6,1,0,11.17
26400,2640,5,1,0,11.04
26401,2640.1,6,0,0,10.86
26402,2640.2,6,0,0,10.85
26403,2640.3,5,1,0,11.01
26404,2640.4,5,0,0,11.02
26405,2640.5,6,0,0,11.5
26406,2640.6,7,0,0,11.87
26407,2640.7,7,0,0,11.83
26408,2640.8,7,0,0,11.8
26409,2640.9,7,0,0,11.84
26410,2641,7,0,0,11.82
26411,2641.1,7,0,0,11.81
26412,2641.2,6,1,0,11.48
26413,2641.3,6,0,0,11.46
26414,2641.4,6,0,0,11.45
26415,2641.5,6,0,0,11.45
26416,2641.6,6,0,0,11.43
26417,2641.7,6,0,0,11.43
26418,2641.8,6,0,0,11.4
26419,2641.9,6,0,0,11.39
26420,2642,6,0,0,11.44
26421,2642.1,6,0,0,11.42
26422,2642.2,6,0,0,11.39
26423,2642.3,6,0,0,11.39
26424,2642.4,6,0,0,11.39
26425,2642.5,6,0,0,11.39
26426,2642.6,6,0,0,11.41
26427,2642.7,6,0,0,11.36
26428,2642.8,6,0,0,11.41
26429,2642.9,5,1,0,10.86
26430,2643,6,0,0,11.42
26431,2643.1,5,1,0,11.68
26432,2643.2,5,0,0,11.7
26433,2643.3,5,0,0,11.78
26434,2643.4,6,0,0,12.17
26435,2643.5,6,0,0,12.18
26436,2643.6,7,0,0,12.47
26437,2643.7,7,0,0,12.49
26438,2643.8,7,0,0,12.47
26439,2643.9,7,0,0,12.49
26440,2644,6,1,0,12.25
26441,2644.1,6,0,0,12.28
26442,2644.2,6,0,0,12.3
26443,2644.3,6,0,0,12.3
26444,2644.4,6,0,0,12.28
26445,2644.5,6,0,0,12.26
26446,2644.6,6,0,0,12.23
26447,2644.7,6,0,0,12.24
26448,2644.8,6,0,0,12.21
26449,2644.9,6,0,0,12.19
26450,2645,6,0,0,12.15
26451,2645.1,5,1,0,12.16
26452,2645.2,5,0,0,12.15
26453,2645.3,5,0,0,12.12
26454,2645.4,5,0,0,12.13
26455,2645.5,5,0,0,12.1
26456,2645.6,5,0,0,12.07
26457,2645.7,5,0,0,12.06
26458,2645.8,5,0,0,12.05
26459,2645.9,5,0,0,12.07
26460,2646,5,0,0,12.07
26461,2646.1,5,0,0,12.03
26462,2646.2,6,0,0,12.14
26463,2646.3,6,0,0,12.13
26464,2646.4,6,0,0,12.09
26465,2646.5,5,1,0,11.75
26466,2646.6,6,0,0,12.1
26467,2646.7,6,0,0,12.08
26468,2646.8,6,1,0,12.28
26469,2646.9,6,0,0,12.25
26470,2647,6,0,0,12.27
26471,2647.1,5,1,0,12.74
26472,2647.2,5,0,0,12.76
26473,2647.3,5,0,0,12.85
26474,2647.4,5,0,0,12.92
26475,2647.5,5,0,0,12.95
26476,2647.6,5,0,0,13.03
26477,2647.7,5,0,0,13.1
26478,2647.8,5,0,0,13.16
26479,2647.9,5,0,0,13.22
26480,2648,5,0,0,13.31
26481,2648.1,5,0,0,13.31
26482,2648.2,5,0,0,13.43
26483,2648.3,5,0,0,13.51
26484,2648.4,5,0,0,13.53
26485,2648.5,5,0,0,13.59
26486,2648.6,4,1,0,13.76
26487,2648.7,4,0,0,13.84
26488,2648.8,4,0,0,13.9
26489,2648.9,4,0,0,13.93
26490,2649,4,0,0,13.95
26491,2649.1,5,0,0,13.74
26492,2649.2,5,0,0,13.72
26493,2649.3,5,0,0,13.68
26494,2649.4,5,0,0,13.68
26495,2649.5,5,0,0,13.72
26496,2649.6,5,0,0,13.7
26497,2649.7,4,1,0,13.92
26498,2649.8,4,0,0,13.9
26499,2649.9,5,0,0,13.48
26500,2650,5,0,0,13.49
26501,2650.1,5,1,0,13.36
26502,2650.2,4,1,0,13.15
26503,2650.3,4,0,0,13.16
26504,2650.4,4,0,0,13.16
26505,2650.5,4,0,0,13.17
26506,2650.6,4,0,0,13.14
26507,2650.7,4,0,0,13.18
26508,2650.8,4,0,0,13.17
26509,2650.9,4,0,0,13.19
26510,2651,4,0,0,13.18
26511,2651.1,4,0,0,13.16
26512,2651.2,4,0,0,13.19
26513,2651.3,4,0,0,13.15
26514,2651.4,4,0,0,13.15
26515,2651.5,4,0,0,13.17
26516,2651.6,4,0,0,13.14
26517,2651.7,4,0,0,13.19
26518,2651.8,4,0,0,13.17
26519,2651.9,5,0,0,13.36
26520,2652,5,0,0,13.31
26521,2652.1,5,0,0,13.31
26522,2652.2,5,0,0,13.35
26523,2652.3,5,0,0,13.33
26524,2652.4,5,0,0,13.34
26525,2652.5,4,1,0,13.19
26526,2652.6,4,0,0,13.16
26527,2652.7,4,0,0,13.19
26528,2652.8,3,1,0,12.91
26529,2652.9,3,0,0,12.92
26530,2653,3,0,0,12.92
26531,2653.1,4,0,0,12.71
26532,2653.2,4,0,0,12.66
26533,2653.3,4,0,0,12.66
26534,2653.4,4,0,0,12.67
26535,2653.5,4,0,0,12.66
26536,2653.6,4,0,0,12.68
26537,2653.7,4,1,0,12.86
26538,2653.8,4,0,0,12.86
26539,2653.9,4,0,0,12.85
26540,2654,4,0,0,12.83
26541,2654.1,4,0,0,12.83
26542,2654.2,5,0,0,11.88
26543,2654.3,5,0,0,11.86
26544,2654.4,5,0,0,11.88
26545,2654.5,5,0,0,11.92
26546,2654.6,5,0,0,11.9
26547,2654.7,6,0,0,11.69
26548,2654.8,6,0,0,11.71
26549,2654.9,6,0,0,11.72
26550,2655,6,0,0,11.71
26551,2655.1,6,0,0,11.73
26552,2655.2,6,0,0,11.74
26553,2655.3,6,0,0,11.77
26554,2655.4,5,1,0,12.07
26555,2655.5,5,0,0,12.09
26556,2655.6,5,0,0,12.09
26557,2655.7,5,0,0,12.12
26558,2655.8,5,0,0,12.15
26559,2655.9,5,0,0,12.16
26560,2656,4,1,0,11.72
26561,2656.1,5,0,0,11.41
26562,2656.2,6,0,0,11.16
26563,2656.3,5,1,0,11.39
26564,2656.4,5,0,0,11.42
26565,2656.5,5,0,0,11.45
26566,2656.6,5,0,0,11.5
26567,2656.7,5,0,0,11.49
26568,2656.8,5,0,0,11.5
26569,2656.9,5,0,0,11.51
26570,2657,5,0,0,11.49
26571,2657.1,5,0,0,11.49
26572,2657.2,5,1,0,11.49
26573,2657.3,5,0,0,11.51
26574,2657.4,5,0,0,11.49
26575,2657.5,6,0,0,11.9
26576,2657.6,6,0,0,11.9
26577,2657.7,6,0,0,11.88
26578,2657.8,6,0,0,11.9
26579,2657.9,6,0,0,11.9
26580,2658,6,0,0,11.88
26581,2658.1,5,1,0,11.49
26582,2658.2,5,0,0,11.47
26583,2658.3,5,0,0,11.5
26584,2658.4,5,0,0,11.51
26585,2658.5,5,0,0,11.5
26586,2658.6,5,0,0,11.48
26587,2658.7,5,0,0,11.5
26588,2658.8,5,0,0,11.48
26589,2658.9,5,0,0,11.48
26590,2659,5,0,0,11.49
26591,2659.1,5,0,0,11.5
26592,2659.2,6,0,0,11.23
26593,2659.3,6,0,0,11.25
26594,2659.4,7,0,0,11.29
26595,2659.5,7,0,0,11.28
26596,2659.6,7,0,0,11.27
26597,2659.7,7,0,0,11.27
26598,2659.8,7,0,0,11.27
26599,2659.9,7,0,0,11.28
26600,2660,7,0,0,11.25
26601,2660.1,7,0,0,11.27
26602,2660.2,7,0,0,11.26
26603,2660.3,7,0,0,11.26
26604,2660.4,8,0,0,11.39
26605,2660.5,8,0,0,11.39
26606,2660.6,8,0,0,11.4
26607,2660.7,7,1,0,11.03
26608,2660.8,8,0,0,10.86
26609,2660.9,7,1,0,10.75
26610,2661,6,1,0,10.47
26611,2661.1,6,0,0,10.48
26612,2661.2,6,0,0,10.47
26613,2661.3,6,0,0,10.49
26614,2661.4,6,0,0,10.5
26615,2661.5,6,0,0,10.49
26616,2661.6,6,0,0,10.48
26617,2661.7,6,0,0,10.48
26618,2661.8,6,0,0,10.49
26619,2661.9,6,0,0,10.5
26620,2662,6,0,0,10.5
26621,2662.1,6,0,0,10.52
26622,2662.2,6,0,0,10.5
26623,2662.3,6,0,0,10.5
26624,2662.4,6,0,0,10.5
26625,2662.5,7,0,0,11.02
26626,2662.6,7,0,0,11.01
26627,2662.7,7,0,0,11.01
26628,2662.8,7,0,0,10.98
26629,2662.9,7,0,0,11.02
26630,2663,7,0,0,11
26631,2663.1,7,0,0,10.98
26632,2663.2,8,0,0,11.09
26633,2663.3,8,0,0,11.06
26634,2663.4,8,0,0,11.09
26635,2663.5,7,1,0,11.24
26636,2663.6,7,0,0,11.26
26637,2663.7,7,0,0,11.26
26638,2663.8,6,1,0,11.23
26639,2663.9,5,1,0,11.17
26640,2664,5,0,0,11.24
26641,2664.1,5,0,0,11.28
26642,2664.2,5,0,0,11.31
26643,2664.3,6,0,0,11.42
26644,2664.4,6,0,0,11.44
26645,2664.5,6,0,0,11.47
26646,2664.6,6,0,0,11.5
26647,2664.7,6,0,0,11.53
26648,2664.8,6,0,0,11.59
26649,2664.9,6,0,0,11.62
26650,2665,6,0,0,11.61
26651,2665.1,6,0,0,11.65
26652,2665.2,6,0,0,11.67
26653,2665.3,6,0,0,11.71
26654,2665.4,5,1,0,11.39
26655,2665.5,5,0,0,11.41
26656,2665.6,5,0,0,11.39
26657,2665.7,6,0,0,11.53
26658,2665.8,6,0,0,11.49
26659,2665.9,6,0,0,11.52
26660,2666,7,0,0,11.88
26661,2666.1,7,0,0,11.86
26662,2666.2,7,0,0,11.86
26663,2666.3,7,0,0,11.84
26664,2666.4,7,0,0,11.82
26665,2666.5,7,0,0,11.8
26666,2666.6,6,1,0,11.45
26667,2666.7,5,1,0,11.69
26668,2666.8,5,0,0,11.71
26669,2666.9,5,0,0,11.77
26670,2667,5,0,0,11.83
26671,2667.1,5,0,0,11.84
26672,2667.2,5,0,0,11.86
26673,2667.3,5,0,0,11.91
26674,2667.4,5,0,0,11.94
26675,2667.5,5,0,0,11.96
26676,2667.6,5,0,0,11.97
26677,2667.7,5,0,0,12
26678,2667.8,5,0,0,12.04
26679,2667.9,6,0,0,11.78
26680,2668,6,0,0,11.75
26681,2668.1,6,0,0,11.8
26682,2668.2,6,0,0,11.84
26683,2668.3,6,0,0,11.8
26684,2668.4,5,1,0,11.8
26685,2668.5,5,0,0,11.8
26686,2668.6,4,1,0,11.62
26687,2668.7,4,0,0,11.61
26688,2668.8,6,0,0,11.93
26689,2668.9,6,0,0,11.87
26690,2669,6,0,0,11.87
26691,2669.1,6,0,0,11.88
26692,2669.2,6,0,0,11.86
26693,2669.3,6,0,0,11.86
26694,2669.4,6,0,0,11.86
26695,2669.5,5,1,0,12.05
26696,2669.6,5,0,0,12.04
26697,2669.7,5,0,0,12.01
26698,2669.8,5,0,0,12.01
26699,2669.9,5,0,0,12.01
26700,2670,5,0,0,12
26701,2670.1,5,0,0,12.01
26702,2670.2,5,0,0,12.01
26703,2670.3,5,0,0,11.96
26704,2670.4,5,0,0,11.98
26705,2670.5,4,1,0,12.14
26706,2670.6,4,0,0,12.16
26707,2670.7,4,0,0,12.22
26708,2670.8,4,0,0,12.25
26709,2670.9,4,0,0,12.3
26710,2671,4,0,0,12.36
26711,2671.1,4,0,0,12.41
26712,2671.2,4,0,0,12.45
26713,2671.3,4,0,0,12.47
26714,2671.4,4,0,0,12.54
26715,2671.5,5,0,0,12.84
26716,2671.6,5,0,0,12.86
26717,2671.7,6,0,0,12.83
26718,2671.8,6,0,0,12.8
26719,2671.9,6,0,0,12.81
26720,2672,7,0,0,12.99
26721,2672.1,6,1,0,12.84
26722,2672.2,6,0,0,12.83
26723,2672.3,6,1,0,12.36
26724,2672.4,6,0,0,12.38
26725,2672.5,5,1,0,12.82
26726,2672.6,5,0,0,12.86
26727,2672.7,4,1,0,13.52
26728,2672.8,4,0,0,13.5
26729,2672.9,4,0,0,13.51
26730,2673,4,0,0,13.52
26731,2673.1,4,0,0,13.52
26732,2673.2,4,0,0,13.49
26733,2673.3,4,0,0,13.51
26734,2673.4,4,0,0,13.53
26735,2673.5,4,0,0,13.51
26736,2673.6,4,0,0,13.53
26737,2673.7,4,0,0,13.5
26738,2673.8,4,0,0,13.52
26739,2673.9,4,0,0,13.5
26740,2674,4,0,0,13.49
26741,2674.1,4,0,0,13.5
26742,2674.2,4,0,0,13.51
26743,2674.3,4,0,0,13.51
26744,2674.4,4,0,0,13.51
26745,2674.5,5,0,0,13.41
26746,2674.6,5,0,0,13.38
26747,2674.7,5,0,0,13.4
26748,2674.8,5,0,0,13.4
26749,2674.9,5,0,0,13.38
26750,2675,5,1,0,12.87
26751,2675.1,5,1,0,13.07
26752,2675.2,5,0,0,13.07
26753,2675.3,5,0,0,13.05
26754,2675.4,5,0,0,13.05
26755,2675.5,5,0,0,13.09
26756,2675.6,5,0,0,13.07
26757,2675.7,5,0,0,13.09
26758,2675.8,5,0,0,13.06
26759,2675.9,5,0,0,13.09
26760,2676,5,0,0,13.04
26761,2676.1,4,1,0,13.27
26762,2676.2,4,0,0,13.24
26763,2676.3,4,0,0,13.26
26764,2676.4,4,0,0,13.24
26765,2676.5,4,0,0,13.26
26766,2676.6,4,0,0,13.3
26767,2676.7,4,0,0,13.3
26768,2676.8,4,0,0,13.24
26769,2676.9,4,0,0,13.27
26770,2677,4,0,0,13.23
26771,2677.1,5,0,0,12.63
26772,2677.2,5,0,0,12.58
26773,2677.3,6,0,0,12.85
26774,2677.4,6,0,0,12.83
26775,2677.5,6,0,0,12.81
26776,2677.6,6,0,0,12.85
26777,2677.7,6,0,0,12.83
26778,2677.8,6,0,0,12.82
26779,2677.9,5,1,0,12.61
26780,2678,4,1,0,12.27
26781,2678.1,4,0,0,12.28
26782,2678.2,5,0,0,11.4
26783,2678.3,5,0,0,11.39
26784,2678.4,5,0,0,11.42
26785,2678.5,5,0,0,11.4
26786,2678.6,6,0,0,11.49
26787,2678.7,6,0,0,11.48
26788,2678.8,6,0,0,11.5
26789,2678.9,6,0,0,11.52
26790,2679,6,0,0,11.52
26791,2679.1,6,0,0,11.53
26792,2679.2,6,0,0,11.57
26793,2679.3,5,1,0,11.64
26794,2679.4,5,0,0,11.61
26795,2679.5,5,0,0,11.65
26796,2679.6,5,0,0,11.64
26797,2679.7,5,0,0,11.66
26798,2679.8,5,0,0,11.67
26799,2679.9,5,0,0,11.69
26800,2680,5,0,0,11.68
26801,2680.1,6,0,0,11.91
26802,2680.2,6,0,0,11.92
26803,2680.3,6,0,0,11.95
26804,2680.4,6,0,0,11.94
26805,2680.5,6,0,0,11.93
26806,2680.6,6,0,0,11.96
26807,2680.7,5,1,0,11.72
26808,2680.8,5,0,0,11.77
26809,2680.9,5,0,0,11.72
26810,2681,5,0,0,11.77
26811,2681.1,5,0,0,11.77
26812,2681.2,4,1,0,11.21
26813,2681.3,4,0,0,11.23
26814,2681.4,5,0,0,11.25
26815,2681.5,5,0,0,11.25
26816,2681.6,5,0,0,11.24
26817,2681.7,5,0,0,11.25
26818,2681.8,5,0,0,11.28
26819,2681.9,5,0,0,11.27
26820,2682,5,0,0,11.28
26821,2682.1,6,0,0,11.71
26822,2682.2,6,0,0,11.72
26823,2682.3,6,0,0,11.73
26824,2682.4,6,0,0,11.72
26825,2682.5,6,0,0,11.74
26826,2682.6,6,0,0,11.71
26827,2682.7,5,1,0,11.68
26828,2682.8,5,0,0,11.71
26829,2682.9,6,0,0,12.02
26830,2683,6,0,0,12.01
26831,2683.1,6,0,0,12.02
26832,2683.2,6,0,0,12.01
26833,2683.3,6,0,0,12.04
26834,2683.4,6,0,0,12
26835,2683.5,5,1,0,11.72
26836,2683.6,5,0,0,11.73
26837,2683.7,5,0,0,11.75
26838,2683.8,5,0,0,11.77
26839,2683.9,5,0,0,11.74
26840,2684,5,0,0,11.75
26841,2684.1,5,0,0,11.74
26842,2684.2,5,0,0,11.74
26843,2684.3,4,1,0,11.22
26844,2684.4,4,0,0,11.23
26845,2684.5,5,0,0,11.77
26846,2684.6,5,0,0,11.78
26847,2684.7,5,0,0,11.77
26848,2684.8,5,0,0,11.77
26849,2684.9,5,0,0,11.77
26850,2685,5,0,0,11.76
26851,2685.1,5,0,0,11.78
26852,2685.2,5,0,0,11.75
26853,2685.3,5,0,0,11.73
26854,2685.4,5,0,0,11.76
26855,2685.5,5,0,0,11.73
26856,2685.6,4,1,0,11.17
26857,2685.7,5,0,0,11.75
26858,2685.8,6,0,0,12.08
26859,2685.9,6,0,0,12.09
26860,2686,6,0,0,12.08
26861,2686.1,6,0,0,12.08
26862,2686.2,6,0,0,12.09
26863,2686.3,6,0,0,12.08
26864,2686.4,5,1,0,11.68
26865,2686.5,5,0,0,11.68
26866,2686.6,5,0,0,11.68
26867,2686.7,5,0,0,11.62
26868,2686.8,5,0,0,11.59
26869,2686.9,5,0,0,11.57
26870,2687,5,0,0,11.55
26871,2687.1,5,0,0,11.53
26872,2687.2,5,0,0,11.55
26873,2687.3,5,0,0,11.51
26874,2687.4,5,0,0,11.48
26875,2687.5,5,0,0,11.47
26876,2687.6,5,0,0,11.45
26877,2687.7,6,0,0,11.78
26878,2687.8,6,0,0,11.72
26879,2687.9,6,0,0,11.74
26880,2688,6,0,0,11.71
26881,2688.1,7,0,0,11.47
26882,2688.2,7,0,0,11.45
26883,2688.3,6,1,0,11.67
26884,2688.4,6,0,0,11.66
26885,2688.5,6,0,0,11.64
26886,2688.6,7,0,0,11.97
26887,2688.7,7,0,0,11.96
26888,2688.8,7,0,0,11.96
26889,2688.9,7,0,0,11.94
26890,2689,7,0,0,11.95
26891,2689.1,7,0,0,11.9
26892,2689.2,6,2,0,11.42
26893,2689.3,5,1,0,11.69
26894,2689.4,5,0,0,11.76
26895,2689.5,5,0,0,11.81
26896,2689.6,5,0,0,11.89
26897,2689.7,5,0,0,11.98
26898,2689.8,5,0,0,12.1
26899,2689.9,5,0,0,12.14
26900,2690,5,0,0,12.24
26901,2690.1,5,0,0,12.34
26902,2690.2,5,0,0,12.37
26903,2690.3,5,0,0,12.39
26904,2690.4,5,0,0,12.45
26905,2690.5,5,0,0,12.47
26906,2690.6,5,0,0,12.49
26907,2690.7,5,0,0,12.53
26908,2690.8,6,0,0,12.8
26909,2690.9,6,0,0,12.8
26910,2691,6,0,0,12.82
26911,2691.1,6,0,0,12.88
26912,2691.2,5,1,0,12.73
26913,2691.3,5,0,0,12.71
26914,2691.4,6,0,0,12.81
26915,2691.5,6,0,0,12.82
26916,2691.6,6,0,0,12.82
26917,2691.7,6,0,0,12.8
26918,2691.8,6,0,0,12.78
26919,2691.9,6,0,0,12.8
26920,2692,5,1,0,12.71
26921,2692.1,5,0,0,12.66
26922,2692.2,5,0,0,12.68
26923,2692.3,5,0,0,12.69
26924,2692.4,5,0,0,12.66
26925,2692.5,5,0,0,12.68
26926,2692.6,5,0,0,12.66
26927,2692.7,5,0,0,12.68
26928,2692.8,6,0,0,12.69
26929,2692.9,5,1,0,12.56
26930,2693,4,1,0,12.88
26931,2693.1,4,0,0,12.97
26932,2693.2,4,0,0,13
26933,2693.3,4,0,0,13.03
26934,2693.4,4,0,0,13.09
26935,2693.5,4,0,0,13.15
26936,2693.6,4,0,0,13.23
26937,2693.7,4,0,0,13.27
26938,2693.8,4,0,0,13.35
26939,2693.9,4,0,0,13.37
26940,2694,5,0,0,13.53
26941,2694.1,5,0,0,13.56
26942,2694.2,6,0,0,13.19
26943,2694.3,6,0,0,13.16
26944,2694.4,6,0,0,13.17
26945,2694.5,5,1,0,13.02
26946,2694.6,5,0,0,13.04
26947,2694.7,5,0,0,13.04
26948,2694.8,5,0,0,13.03
26949,2694.9,4,1,0,13.5
26950,2695,4,0,0,13.46
26951,2695.1,4,0,0,13.46
26952,2695.2,4,0,0,13.47
26953,2695.3,4,0,0,13.48
26954,2695.4,4,0,0,13.47
26955,2695.5,4,0,0,13.46
26956,2695.6,4,0,0,13.49
26957,2695.7,4,0,0,13.5
26958,2695.8,4,0,0,13.44
26959,2695.9,4,0,0,13.45
26960,2696,4,0,0,13.45
26961,2696.1,4,0,0,13.46
26962,2696.2,4,0,0,13.47
26963,2696.3,4,0,0,13.49
26964,2696.4,5,0,0,13.54
26965,2696.5,5,0,0,13.55
26966,2696.6,4,1,0,13.79
26967,2696.7,4,0,0,13.8
26968,2696.8,4,0,0,13.77
26969,2696.9,4,0,0,13.77
26970,2697,4,0,0,13.81
26971,2697.1,6,0,0,13.41
26972,2697.2,5,1,0,13.37
26973,2697.3,5,0,0,13.38
26974,2697.4,5,0,0,13.39
26975,2697.5,5,0,0,13.4
26976,2697.6,5,0,0,13.37
26977,2697.7,4,1,0,13.27
26978,2697.8,4,0,0,13.27
26979,2697.9,4,0,0,13.24
26980,2698,4,0,0,13.25
26981,2698.1,4,0,0,13.26
26982,2698.2,4,0,0,13.25
26983,2698.3,4,0,0,13.24
26984,2698.4,4,0,0,13.25
26985,2698.5,4,0,0,13.26
26986,2698.6,4,0,0,13.27
26987,2698.7,4,0,0,13.27
26988,2698.8,4,0,0,13.22
26989,2698.9,4,0,0,13.3
26990,2699,4,0,0,13.25
26991,2699.1,4,0,0,13.22
26992,2699.2,4,0,0,13.24
26993,2699.3,4,0,0,13.25
26994,2699.4,4,0,0,13.26
26995,2699.5,4,0,0,13.28
26996,2699.6,4,0,0,13.27
26997,2699.7,4,0,0,13.27
26998,2699.8,4,0,0,13.26
26999,2699.9,5,1,0,13.27
27000,2700,4,1,0,13.09
27001,2700.1,4,0,0,13.08
27002,2700.2,5,0,0,12.47
27003,2700.3,5,0,0,12.45
27004,2700.4,5,0,0,12.47
27005,2700.5,4,1,0,12.29
27006,2700.6,4,0,0,12.3
27007,2700.7,4,0,0,12.29
27008,2700.8,5,0,0,11.75
27009,2700.9,5,0,0,11.78
27010,2701,6,0,0,10.96
27011,2701.1,6,0,0,10.97
27012,2701.2,6,0,0,11.02
27013,2701.3,6,0,0,11.02
27014,2701.4,6,0,0,11.02
27015,2701.5,6,0,0,11.04
27016,2701.6,6,0,0,11.1
27017,2701.7,6,0,0,11.09
27018,2701.8,6,0,0,11.1
27019,2701.9,6,0,0,11.11
27020,2702,6,0,0,11.14
27021,2702.1,6,0,0,11.16
27022,2702.2,6,0,0,11.16
27023,2702.3,6,0,0,11.16
27024,2702.4,6,0,0,11.18
27025,2702.5,6,0,0,11.2
27026,2702.6,6,0,0,11.2
27027,2702.7,7,0,0,11.13
27028,2702.8,7,0,0,11.13
27029,2702.9,7,0,0,11.12
27030,2703,7,0,0,11.14
27031,2703.1,7,0,0,11.13
27032,2703.2,6,1,0,10.7
27033,2703.3,6,0,0,10.71
27034,2703.4,5,2,0,9.91
27035,2703.5,6,0,0,10.39
27036,2703.6,6,0,0,10.4
27037,2703.7,6,0,0,10.36
27038,2703.8,6,0,0,10.36
27039,2703.9,6,0,0,10.35
27040,2704,6,0,0,10.36
27041,2704.1,7,0,0,10.3
27042,2704.2,7,0,0,10.32
27043,2704.3,6,1,0,10.35
27044,2704.4,6,0,0,10.34
27045,2704.5,6,0,0,10.36
27046,2704.6,6,0,0,10.35
27047,2704.7,6,0,0,10.33
27048,2704.8,6,0,0,10.33
27049,2704.9,6,0,0,10.31
27050,2705,6,0,0,10.31
27051,2705.1,5,1,0,10.4
27052,2705.2,5,0,0,10.44
27053,2705.3,5,0,0,10.48
27054,2705.4,5,0,0,10.55
27055,2705.5,6,0,0,11.15
27056,2705.6,6,0,0,11.19
27057,2705.7,6,0,0,11.19
27058,2705.8,6,0,0,11.24
27059,2705.9,6,0,0,11.29
27060,2706,6,0,0,11.34
27061,2706.1,5,1,0,10.8
27062,2706.2,5,0,0,10.82
27063,2706.3,5,0,0,10.79
27064,2706.4,5,0,0,10.82
27065,2706.5,5,0,0,10.8
27066,2706.6,6,0,0,11.3
27067,2706.7,6,0,0,11.26
27068,2706.8,6,0,0,11.24
27069,2706.9,6,0,0,11.26
27070,2707,7,0,0,11.48
27071,2707.1,7,0,0,11.45
27072,2707.2,7,0,0,11.44
27073,2707.3,6,1,0,11.07
27074,2707.4,6,0,0,11.08
27075,2707.5,6,0,0,11.06
27076,2707.6,6,0,0,11.07
27077,2707.7,6,0,0,11.05
27078,2707.8,6,0,0,11.04
27079,2707.9,6,0,0,11.05
27080,2708,6,0,0,11.04
27081,2708.1,6,0,0,11.03
27082,2708.2,6,0,0,11.01
27083,2708.3,6,0,0,10.99
27084,2708.4,6,1,0,11.42
27085,2708.5,6,0,0,11.43
27086,2708.6,6,0,0,11.41
27087,2708.7,6,0,0,11.36
27088,2708.8,6,0,0,11.39
27089,2708.9,6,0,0,11.4
27090,2709,5,1,0,10.87
27091,2709.1,5,0,0,10.87
27092,2709.2,5,0,0,10.85
27093,2709.3,5,0,0,10.85
27094,2709.4,5,0,0,10.82
27095,2709.5,5,0,0,10.82
27096,2709.6,5,0,0,10.82
27097,2709.7,6,0,0,11.29
27098,2709.8,6,0,0,11.28
27099,2709.9,6,0,0,11.29
27100,2710,6,0,0,11.32
27101,2710.1,6,0,0,11.27
27102,2710.2,6,0,0,11.27
27103,2710.3,6,0,0,11.27
27104,2710.4,6,0,0,11.27
27105,2710.5,6,0,0,11.24
27106,2710.6,7,0,0,11.64
27107,2710.7,6,1,0,11.41
27108,2710.8,6,0,0,11.4
27109,2710.9,6,0,0,11.4
27110,2711,6,0,0,11.39
27111,2711.1,6,0,0,11.4
27112,2711.2,7,0,0,11.66
27113,2711.3,7,0,0,11.63
27114,2711.4,7,0,0,11.61
27115,2711.5,7,0,0,11.62
27116,2711.6,7,0,0,11.64
27117,2711.7,7,0,0,11.63
27118,2711.8,6,1,0,11.35
27119,2711.9,6,0,0,11.34
27120,2712,6,0,0,11.37
27121,2712.1,6,0,0,11.37
27122,2712.2,6,0,0,11.37
27123,2712.3,6,0,0,11.35
27124,2712.4,5,1,0,11.59
27125,2712.5,5,0,0,11.65
27126,2712.6,5,0,0,11.66
27127,2712.7,5,0,0,11.73
27128,2712.8,5,0,0,11.82
27129,2712.9,6,0,0,12.25
27130,2713,6,0,0,12.31
27131,2713.1,6,0,0,12.36
27132,2713.2,6,0,0,12.43
27133,2713.3,6,0,0,12.49
27134,2713.4,6,0,0,12.52
27135,2713.5,6,0,0,12.57
27136,2713.6,6,0,0,12.59
27137,2713.7,6,0,0,12.64
27138,2713.8,6,0,0,12.65
27139,2713.9,6,0,0,12.66
27140,2714,7,0,0,12.65
27141,2714.1,7,1,0,12.69
27142,2714.2,7,0,0,12.71
27143,2714.3,6,1,0,12.55
27144,2714.4,6,0,0,12.51
27145,2714.5,6,0,0,12.52
27146,2714.6,5,1,0,12.51
27147,2714.7,5,0,0,12.51
27148,2714.8,5,0,0,12.5
27149,2714.9,5,0,0,12.54
27150,2715,5,0,0,12.49
27151,2715.1,5,0,0,12.44
27152,2715.2,5,0,0,12.44
27153,2715.3,5,0,0,12.44
27154,2715.4,5,0,0,12.44
27155,2715.5,5,0,0,12.41
27156,2715.6,5,0,0,12.36
27157,2715.7,5,0,0,12.37
27158,2715.8,5,0,0,12.36
27159,2715.9,5,0,0,12.39
27160,2716,6,0,0,12.57
27161,2716.1,5,1,0,12.89
27162,2716.2,5,0,0,12.87
27163,2716.3,5,0,0,12.99
27164,2716.4,5,0,0,13.06
27165,2716.5,5,0,0,13.08
27166,2716.6,5,0,0,13.13
27167,2716.7,5,0,0,13.18
27168,2716.8,6,0,0,13.18
27169,2716.9,6,0,0,13.21
27170,2717,6,0,0,13.26
27171,2717.1,6,0,0,13.32
27172,2717.2,6,0,0,13.39
27173,2717.3,6,0,0,13.46
27174,2717.4,5,1,0,13.64
27175,2717.5,5,0,0,13.69
27176,2717.6,3,2,0,13.68
27177,2717.7,4,0,0,13.32
27178,2717.8,4,0,0,13.29
27179,2717.9,4,0,0,13.33
27180,2718,4,0,0,13.3
27181,2718.1,4,0,0,13.31
27182,2718.2,4,0,0,13.29
27183,2718.3,4,0,0,13.31
27184,2718.4,4,0,0,13.3
27185,2718.5,4,0,0,13.34
27186,2718.6,4,0,0,13.33
27187,2718.7,4,0,0,13.29
27188,2718.8,4,0,0,13.33
27189,2718.9,4,0,0,13.31
27190,2719,4,0,0,13.3
27191,2719.1,4,0,0,13.25
27192,2719.2,4,1,0,13.12
27193,2719.3,4,0,0,13.14
27194,2719.4,4,0,0,13.12
27195,2719.5,4,0,0,13.13
27196,2719.6,4,0,0,13.16
27197,2719.7,5,0,0,13.31
27198,2719.8,5,0,0,13.26
27199,2719.9,5,0,0,13.28
27200,2720,5,0,0,13.3
27201,2720.1,5,0,0,13.29
27202,2720.2,5,0,0,13.27
27203,2720.3,5,1,0,12.49
27204,2720.4,5,0,0,12.49
27205,2720.5,4,1,0,13.15
27206,2720.6,4,0,0,13.17
27207,2720.7,4,0,0,13.16
27208,2720.8,4,0,0,13.14
27209,2720.9,4,0,0,13.14
27210,2721,4,0,0,13.15
27211,2721.1,4,0,0,13.11
27212,2721.2,4,0,0,13.14
27213,2721.3,5,0,0,13.09
27214,2721.4,5,0,0,13.07
27215,2721.5,5,0,0,13.03
27216,2721.6,5,0,0,13.06
27217,2721.7,4,1,0,13.29
27218,2721.8,4,0,0,13.29
27219,2721.9,4,0,0,13.27
27220,2722,4,0,0,13.26
27221,2722.1,3,1,0,13.09
27222,2722.2,3,0,0,13.07
27223,2722.3,4,0,0,13.33
27224,2722.4,4,0,0,13.26
27225,2722.5,5,0,0,13.41
27226,2722.6,5,0,0,13.41
27227,2722.7,5,0,0,13.43
27228,2722.8,5,0,0,13.45
27229,2722.9,5,0,0,13.38
27230,2723,5,0,0,13.44
27231,2723.1,4,1,0,13.32
27232,2723.2,5,0,0,12.57
27233,2723.3,5,0,0,12.55
27234,2723.4,5,0,0,12.59
27235,2723.5,5,0,0,12.6
27236,2723.6,5,0,0,12.65
27237,2723.7,5,0,0,12.62
27238,2723.8,5,0,0,12.63
27239,2723.9,5,0,0,12.67
27240,2724,5,0,0,12.62
27241,2724.1,5,0,0,12.62
27242,2724.2,5,0,0,12.63
27243,2724.3,5,0,0,12.64
27244,2724.4,5,0,0,12.65
27245,2724.5,5,0,0,12.64
27246,2724.6,5,0,0,12.62
27247,2724.7,5,0,0,12.62
27248,2724.8,6,0,0,12.65
27249,2724.9,6,0,0,12.63
27250,2725,6,0,0,12.63
27251,2725.1,5,1,0,12.59
27252,2725.2,5,0,0,12.59
27253,2725.3,6,0,0,12.84
27254,2725.4,6,0,0,12.83
27255,2725.5,7,0,0,12.66
27256,2725.6,6,1,0,12.53
27257,2725.7,6,0,0,12.54
27258,2725.8,6,0,0,12.54
27259,2725.9,5,1,0,12.24
27260,2726,5,0,0,12.25
27261,2726.1,5,0,0,12.21
27262,2726.2,5,0,0,12.24
27263,2726.3,5,0,0,12.23
27264,2726.4,5,0,0,12.22
27265,2726.5,5,0,0,12.17
27266,2726.6,5,0,0,12.17
27267,2726.7,5,0,0,12.19
27268,2726.8,5,0,0,12.17
27269,2726.9,5,0,0,12.13
27270,2727,5,0,0,12.17
27271,2727.1,5,0,0,12.15
27272,2727.2,5,0,0,12.13
27273,2727.3,5,0,0,12.12
27274,2727.4,5,0,0,12.15
27275,2727.5,5,0,0,12.11
27276,2727.6,5,0,0,12.11
27277,2727.7,5,0,0,12.13
27278,2727.8,5,0,0,12.09
27279,2727.9,5,0,0,12.1
27280,2728,5,0,0,12.1
27281,2728.1,6,0,0,12.41
27282,2728.2,6,0,0,12.42
27283,2728.3,6,0,0,12.39
27284,2728.4,7,0,0,12.34
27285,2728.5,7,0,0,12.34
27286,2728.6,7,1,0,12.53
27287,2728.7,6,1,0,12.29
27288,2728.8,6,0,0,12.28
27289,2728.9,5,1,0,12.13
27290,2729,5,0,0,12.09
27291,2729.1,5,0,0,12.09
27292,2729.2,5,0,0,12.09
27293,2729.3,5,0,0,12.06
27294,2729.4,5,0,0,12.1
27295,2729.5,5,0,0,12.08
27296,2729.6,5,0,0,12.08
27297,2729.7,5,0,0,12.08
27298,2729.8,5,0,0,12.08
27299,2729.9,5,0,0,12.06
27300,2730,5,0,0,12.04
27301,2730.1,5,0,0,12.02
27302,2730.2,5,0,0,11.98
27303,2730.3,5,0,0,11.97
27304,2730.4,5,0,0,11.94
27305,2730.5,5,0,0,11.94
27306,2730.6,5,0,0,11.93
27307,2730.7,5,0,0,11.9
27308,2730.8,5,0,0,11.87
27309,2730.9,5,0,0,11.85
27310,2731,6,0,0,12.22
27311,2731.1,6,0,0,12.18
27312,2731.2,6,0,0,12.17
27313,2731.3,6,0,0,12.18
27314,2731.4,6,0,0,12.12
27315,2731.5,5,1,0,11.76
27316,2731.6,4,1,0,11.18
27317,2731.7,5,0,0,11.73
27318,2731.8,5,0,0,11.73
27319,2731.9,6,0,0,11.87
27320,2732,6,0,0,11.89
27321,2732.1,6,0,0,11.87
27322,2732.2,6,0,0,11.82
27323,2732.3,6,0,0,11.83
27324,2732.4,5,1,0,11.77
27325,2732.5,5,0,0,11.78
27326,2732.6,5,0,0,11.71
27327,2732.7,5,0,0,11.73
27328,2732.8,5,0,0,11.73
27329,2732.9,5,0,0,11.7
27330,2733,5,0,0,11.73
27331,2733.1,5,0,0,11.68
27332,2733.2,5,0,0,11.65
27333,2733.3,5,0,0,11.64
27334,2733.4,5,0,0,11.66
27335,2733.5,5,0,0,11.64
27336,2733.6,5,0,0,11.64
27337,2733.7,5,0,0,11.62
27338,2733.8,6,0,0,12
27339,2733.9,6,0,0,11.99
27340,2734,6,0,0,11.98
27341,2734.1,6,0,0,11.98
27342,2734.2,6,0,0,11.98
27343,2734.3,6,0,0,11.98
27344,2734.4,5,1,0,11.56
27345,2734.5,5,0,0,11.56
27346,2734.6,5,0,0,11.54
27347,2734.7,5,0,0,11.55
27348,2734.8,5,0,0,11.54
27349,2734.9,6,0,0,11.75
27350,2735,6,0,0,11.74
27351,2735.1,6,0,0,11.75
27352,2735.2,6,0,0,11.74
27353,2735.3,6,0,0,11.76
27354,2735.4,5,1,0,12.08
27355,2735.5,6,0,0,12.42
27356,2735.6,6,0,0,12.46
27357,2735.7,5,1,0,12.52
27358,2735.8,5,0,0,12.58
27359,2735.9,5,0,0,12.62
27360,2736,5,0,0,12.66
27361,2736.1,6,0,0,12.3
27362,2736.2,6,0,0,12.36
27363,2736.3,5,1,0,12.91
27364,2736.4,5,0,0,12.96
27365,2736.5,5,0,0,13.03
27366,2736.6,6,0,0,13.25
27367,2736.7,6,0,0,13.3
27368,2736.8,6,0,0,13.33
27369,2736.9,6,0,0,13.39
27370,2737,6,0,0,13.47
27371,2737.1,6,0,0,13.51
27372,2737.2,5,1,0,13.52
27373,2737.3,5,0,0,13.61
27374,2737.4,4,1,0,13.59
27375,2737.5,4,0,0,13.61
27376,2737.6,4,0,0,13.66
27377,2737.7,4,0,0,13.66
27378,2737.8,4,0,0,13.67
27379,2737.9,4,0,0,13.67
27380,2738,5,0,0,13.71
27381,2738.1,5,0,0,13.74
27382,2738.2,5,0,0,13.73
27383,2738.3,5,0,0,13.72
27384,2738.4,5,0,0,13.73
27385,2738.5,5,0,0,13.71
27386,2738.6,5,0,0,13.73
27387,2738.7,5,0,0,13.73
27388,2738.8,4,1,0,13.69
27389,2738.9,4,0,0,13.69
27390,2739,4,1,0,13.67
27391,2739.1,4,0,0,13.67
27392,2739.2,4,0,0,13.66
27393,2739.3,4,0,0,13.68
27394,2739.4,5,0,0,13.73
27395,2739.5,5,0,0,13.73
27396,2739.6,5,0,0,13.74
27397,2739.7,5,0,0,13.71
27398,2739.8,5,0,0,13.73
27399,2739.9,5,0,0,13.7
27400,2740,4,1,0,13.71
27401,2740.1,4,0,0,13.68
27402,2740.2,4,0,0,13.72
27403,2740.3,4,0,0,13.67
27404,2740.4,4,0,0,13.68
27405,2740.5,4,0,0,13.68
27406,2740.6,4,0,0,13.64
27407,2740.7,4,0,0,13.67
27408,2740.8,4,0,0,13.66
27409,2740.9,3,1,0,13.62
27410,2741,3,0,0,13.6
27411,2741.1,4,0,0,12.7
27412,2741.2,5,0,0,12.56
27413,2741.3,5,0,0,12.56
27414,2741.4,5,0,0,12.52
27415,2741.5,5,0,0,12.54
27416,2741.6,5,0,0,12.52
27417,2741.7,5,0,0,12.54
27418,2741.8,5,0,0,12.53
27419,2741.9,5,0,0,12.54
27420,2742,5,0,0,12.54
27421,2742.1,5,0,0,12.51
27422,2742.2,5,0,0,12.54
27423,2742.3,6,0,0,12.76
27424,2742.4,6,0,0,12.75
27425,2742.5,5,1,0,12.52
27426,2742.6,6,0,0,11.99
27427,2742.7,6,0,0,11.97
27428,2742.8,6,0,0,11.98
27429,2742.9,5,1,0,11.62
27430,2743,5,0,0,11.61
27431,2743.1,5,0,0,11.62
27432,2743.2,5,0,0,11.62
27433,2743.3,5,0,0,11.62
27434,2743.4,5,0,0,11.62
27435,2743.5,5,0,0,11.62
27436,2743.6,5,0,0,11.64
27437,2743.7,5,0,0,11.61
27438,2743.8,5,0,0,11.63
27439,2743.9,5,0,0,11.65
27440,2744,5,0,0,11.64
27441,2744.1,5,0,0,11.65
27442,2744.2,5,0,0,11.64
27443,2744.3,6,0,0,11.81
27444,2744.4,6,0,0,11.8
27445,2744.5,6,0,0,11.83
27446,2744.6,6,0,0,11.82
27447,2744.7,6,0,0,11.81
27448,2744.8,5,1,0,11.6
27449,2744.9,5,0,0,11.62
27450,2745,5,0,0,11.59
27451,2745.1,6,0,0,11.95
27452,2745.2,6,0,0,11.97
27453,2745.3,6,0,0,11.94
27454,2745.4,5,1,0,12.35
27455,2745.5,5,0,0,12.37
27456,2745.6,5,0,0,12.43
27457,2745.7,4,1,0,12.11
27458,2745.8,4,0,0,12.21
27459,2745.9,4,0,0,12.25
27460,2746,4,0,0,12.28
27461,2746.1,4,0,0,12.37
27462,2746.2,5,0,0,12.57
27463,2746.3,6,0,0,12.17
27464,2746.4,6,0,0,12.19
27465,2746.5,6,0,0,12.2
27466,2746.6,6,0,0,12.26
27467,2746.7,6,0,0,12.26
27468,2746.8,6,0,0,12.3
27469,2746.9,6,0,0,12.35
27470,2747,6,0,0,12.4
27471,2747.1,6,0,0,12.42
27472,2747.2,5,1,0,12.16
27473,2747.3,4,1,0,11.87
27474,2747.4,4,0,0,11.86
27475,2747.5,5,0,0,11.17
27476,2747.6,5,0,0,11.15
27477,2747.7,5,0,0,11.15
27478,2747.8,5,0,0,11.19
27479,2747.9,6,0,0,11.66
27480,2748,6,0,0,11.65
27481,2748.1,6,0,0,11.63
27482,2748.2,6,0,0,11.69
27483,2748.3,6,0,0,11.69
27484,2748.4,6,0,0,11.69
27485,2748.5,5,1,0,11.23
27486,2748.6,5,0,0,11.27
27487,2748.7,5,0,0,11.26
27488,2748.8,5,0,0,11.26
27489,2748.9,5,0,0,11.29
27490,2749,5,0,0,11.28
27491,2749.1,5,0,0,11.32
27492,2749.2,5,0,0,11.3
27493,2749.3,5,0,0,11.32
27494,2749.4,5,0,0,11.33
27495,2749.5,5,0,0,11.34
27496,2749.6,5,0,0,11.32
27497,2749.7,6,0,0,11.77
27498,2749.8,6,0,0,11.75
27499,2749.9,5,1,0,11.49
27500,2750,5,0,0,11.48
27501,2750.1,5,0,0,11.5
27502,2750.2,5,0,0,11.51
27503,2750.3,5,0,0,11.53
27504,2750.4,5,0,0,11.52
27505,2750.5,5,0,0,11.53
27506,2750.6,6,0,0,11.73
27507,2750.7,7,0,0,11.92
27508,2750.8,7,0,0,11.89
27509,2750.9,7,0,0,11.87
27510,2751,7,0,0,11.87
27511,2751.1,7,0,0,11.87
27512,2751.2,7,0,0,11.85
27513,2751.3,6,1,0,11.65
27514,2751.4,6,0,0,11.67
27515,2751.5,6,0,0,11.65
27516,2751.6,6,0,0,11.63
27517,2751.7,6,0,0,11.63
27518,2751.8,6,0,0,11.63
27519,2751.9,5,1,0,11.57
27520,2752,5,0,0,11.52
27521,2752.1,6,0,0,11.26
27522,2752.2,6,0,0,11.28
27523,2752.3,5,1,0,11.56
27524,2752.4,5,0,0,11.53
27525,2752.5,5,0,0,11.51
27526,2752.6,5,0,0,11.5
27527,2752.7,5,0,0,11.49
27528,2752.8,5,0,0,11.47
27529,2752.9,5,0,0,11.5
27530,2753,5,0,0,11.47
27531,2753.1,5,0,0,11.48
27532,2753.2,4,1,0,10.86
27533,2753.3,5,0,0,11.12
27534,2753.4,5,0,0,11.1
27535,2753.5,6,0,0,11.62
27536,2753.6,6,0,0,11.57
27537,2753.7,6,0,0,11.58
27538,2753.8,7,0,0,11.88
27539,2753.9,7,0,0,11.88
27540,2754,7,0,0,11.88
27541,2754.1,6,1,0,11.52
27542,2754.2,6,0,0,11.55
27543,2754.3,6,0,0,11.53
27544,2754.4,6,0,0,11.48
27545,2754.5,5,1,0,11.29
27546,2754.6,5,0,0,11.3
27547,2754.7,5,0,0,11.29
27548,2754.8,5,0,0,11.31
27549,2754.9,5,0,0,11.3
27550,2755,5,0,0,11.26
27551,2755.1,5,0,0,11.29
27552,2755.2,5,0,0,11.29
27553,2755.3,5,0,0,11.3
27554,2755.4,5,0,0,11.25
27555,2755.5,5,0,0,11.24
27556,2755.6,5,0,0,11.28
27557,2755.7,5,0,0,11.25
27558,2755.8,5,0,0,11.22
27559,2755.9,5,0,0,11.23
27560,2756,5,0,0,11.24
27561,2756.1,5,0,0,11.24
27562,2756.2,5,0,0,11.24
27563,2756.3,5,0,0,11.24
27564,2756.4,6,0,0,11.68
27565,2756.5,6,0,0,11.67
27566,2756.6,6,0,0,11.67
27567,2756.7,6,0,0,11.65
27568,2756.8,7,0,0,11.73
27569,2756.9,8,0,0,11.97
27570,2757,7,1,0,11.64
27571,2757.1,7,0,0,11.61
27572,2757.2,6,1,0,11.51
27573,2757.3,6,0,0,11.49
27574,2757.4,6,0,0,11.5
27575,2757.5,6,0,0,11.49
27576,2757.6,6,0,0,11.46
27577,2757.7,6,0,0,11.47
27578,2757.8,6,0,0,11.45
27579,2757.9,6,0,0,11.45
27580,2758,6,0,0,11.43
27581,2758.1,6,0,0,11.42
27582,2758.2,6,0,0,11.44
27583,2758.3,6,0,0,11.41
27584,2758.4,6,0,0,11.37
27585,2758.5,5,1,0,11.62
27586,2758.6,5,0,0,11.68
27587,2758.7,5,0,0,11.72
27588,2758.8,5,0,0,11.81
27589,2758.9,5,0,0,11.9
27590,2759,5,0,0,11.98
27591,2759.1,5,0,0,12.04
27592,2759.2,6,0,0,12.44
27593,2759.3,6,0,0,12.53
27594,2759.4,6,0,0,12.59
27595,2759.5,6,0,0,12.64
27596,2759.6,6,0,0,12.7
27597,2759.7,6,0,0,12.77
27598,2759.8,5,1,0,12.63
27599,2759.9,5,0,0,12.7
27600,2760,5,0,0,12.76
27601,2760.1,6,0,0,12.95
27602,2760.2,6,0,0,13
27603,2760.3,6,0,0,13.01
27604,2760.4,6,1,0,13.19
27605,2760.5,6,0,0,13.2
27606,2760.6,6,0,0,13.26
27607,2760.7,5,1,0,13.56
27608,2760.8,5,0,0,13.54
27609,2760.9,5,0,0,13.54
27610,2761,5,0,0,13.54
27611,2761.1,5,0,0,13.51
27612,2761.2,5,0,0,13.56
27613,2761.3,5,0,0,13.54
27614,2761.4,5,0,0,13.54
27615,2761.5,5,0,0,13.55
27616,2761.6,5,0,0,13.57
27617,2761.7,5,0,0,13.55
27618,2761.8,5,0,0,13.55
27619,2761.9,4,1,0,13.64
27620,2762,5,0,0,13.68
27621,2762.1,5,0,0,13.67
27622,2762.2,5,0,0,13.66
27623,2762.3,5,0,0,13.66
27624,2762.4,5,0,0,13.66
27625,2762.5,5,0,0,13.68
27626,2762.6,4,1,0,13.67
27627,2762.7,4,0,0,13.71
27628,2762.8,4,0,0,13.71
27629,2762.9,4,0,0,13.72
27630,2763,4,0,0,13.69
27631,2763.1,4,0,0,13.72
27632,2763.2,5,0,0,13.78
27633,2763.3,5,0,0,13.73
27634,2763.4,4,1,0,13.73
27635,2763.5,4,0,0,13.76
27636,2763.6,4,0,0,13.78
27637,2763.7,4,0,0,13.78
27638,2763.8,4,0,0,13.8
27639,2763.9,4,1,0,13.78
27640,2764,4,0,0,13.77
27641,2764.1,4,0,0,13.75
27642,2764.2,4,0,0,13.74
27643,2764.3,4,0,0,13.76
27644,2764.4,4,0,0,13.75
27645,2764.5,4,0,0,13.76
27646,2764.6,4,0,0,13.79
27647,2764.7,4,0,0,13.76
27648,2764.8,5,0,0,13.66
27649,2764.9,5,0,0,13.66
27650,2765,5,0,0,13.65
27651,2765.1,5,0,0,13.67
27652,2765.2,5,0,0,13.61
27653,2765.3,5,0,0,13.64
27654,2765.4,4,1,0,13.73
27655,2765.5,4,0,0,13.75
27656,2765.6,4,0,0,13.78
27657,2765.7,4,0,0,13.75
27658,2765.8,4,0,0,13.76
27659,2765.9,4,0,0,13.76
27660,2766,4,0,0,13.76
27661,2766.1,4,0,0,13.78
27662,2766.2,3,1,0,13.79
27663,2766.3,3,0,0,13.77
27664,2766.4,4,0,0,13.81
27665,2766.5,4,0,0,13.82
27666,2766.6,4,0,0,13.82
27667,2766.7,4,0,0,13.83
27668,2766.8,4,0,0,13.85
27669,2766.9,4,0,0,13.85
27670,2767,4,0,0,13.81
27671,2767.1,4,0,0,13.81
27672,2767.2,4,0,0,13.8
27673,2767.3,4,0,0,13.84
27674,2767.4,3,1,0,13.78
27675,2767.5,4,0,0,13.58
27676,2767.6,4,0,0,13.59
27677,2767.7,5,0,0,13.41
27678,2767.8,5,0,0,13.4
27679,2767.9,5,0,0,13.41
27680,2768,5,0,0,13.4
27681,2768.1,5,0,0,13.39
27682,2768.2,5,0,0,13.41
27683,2768.3,5,1,0,12.88
27684,2768.4,5,0,0,12.87
27685,2768.5,4,1,0,13.6
27686,2768.6,4,0,0,13.6
27687,2768.7,4,0,0,13.62
27688,2768.8,4,0,0,13.6
27689,2768.9,4,0,0,13.61
27690,2769,4,0,0,13.62
27691,2769.1,4,0,0,13.54
27692,2769.2,4,0,0,13.54
27693,2769.3,4,0,0,13.6
27694,2769.4,5,0,0,12.87
27695,2769.5,5,0,0,12.87
27696,2769.6,4,1,0,12.71
27697,2769.7,4,0,0,12.67
27698,2769.8,4,0,0,12.7
27699,2769.9,4,0,0,12.73
27700,2770,4,0,0,12.73
27701,2770.1,4,0,0,12.69
27702,2770.2,5,0,0,11.51
27703,2770.3,5,0,0,11.47
27704,2770.4,5,0,0,11.51
27705,2770.5,6,0,0,11.94
27706,2770.6,6,0,0,11.98
27707,2770.7,6,0,0,11.97
27708,2770.8,6,0,0,12.01
27709,2770.9,6,0,0,12.04
27710,2771,6,0,0,12.04
27711,2771.1,6,1,0,11.84
27712,2771.2,5,1,0,11.58
27713,2771.3,5,0,0,11.61
27714,2771.4,5,0,0,11.61
27715,2771.5,5,0,0,11.68
27716,2771.6,5,0,0,11.64
27717,2771.7,5,0,0,11.68
27718,2771.8,5,0,0,11.68
27719,2771.9,5,0,0,11.69
27720,2772,5,0,0,11.7
27721,2772.1,5,0,0,11.74
27722,2772.2,5,0,0,11.77
27723,2772.3,5,0,0,11.75
27724,2772.4,4,1,0,11.18
27725,2772.5,4,0,0,11.23
27726,2772.6,4,0,0,11.28
27727,2772.7,5,0,0,11.02
27728,2772.8,5,0,0,11.01
27729,2772.9,5,0,0,10.97
27730,2773,5,0,0,10.99
27731,2773.1,5,0,0,10.99
27732,2773.2,5,0,0,11.03
27733,2773.3,6,0,0,11.33
27734,2773.4,6,0,0,11.33
27735,2773.5,6,0,0,11.32
27736,2773.6,6,0,0,11.34
27737,2773.7,6,0,0,11.37
27738,2773.8,6,0,0,11.36
27739,2773.9,5,1,0,11.07
27740,2774,5,0,0,11.06
27741,2774.1,5,0,0,11.05
27742,2774.2,5,0,0,11.05
27743,2774.3,5,0,0,11.06
27744,2774.4,5,0,0,11.07
27745,2774.5,5,0,0,11.09
27746,2774.6,6,0,0,11.59
27747,2774.7,6,0,0,11.59
27748,2774.8,6,0,0,11.56
27749,2774.9,6,0,0,11.56
27750,2775,5,1,0,11.4
27751,2775.1,5,0,0,11.42
27752,2775.2,5,0,0,11.4
27753,2775.3,5,0,0,11.39
27754,2775.4,5,0,0,11.41
27755,2775.5,5,0,0,11.44
27756,2775.6,4,1,0,10.8
27757,2775.7,4,0,0,10.81
27758,2775.8,5,0,0,11.37
27759,2775.9,5,0,0,11.33
27760,2776,5,0,0,11.36
27761,2776.1,6,0,0,11.79
27762,2776.2,6,0,0,11.76
27763,2776.3,6,0,0,11.74
27764,2776.4,6,0,0,11.71
27765,2776.5,6,0,0,11.68
27766,2776.6,6,0,0,11.73
27767,2776.7,5,1,0,11.28
27768,2776.8,5,0,0,11.24
27769,2776.9,5,0,0,11.24
27770,2777,5,0,0,11.23
27771,2777.1,5,0,0,11.17
27772,2777.2,5,0,0,11.19
27773,2777.3,5,0,0,11.17
27774,2777.4,5,0,0,11.15
27775,2777.5,5,0,0,11.15
27776,2777.6,5,0,0,11.13
27777,2777.7,5,0,0,11.14
27778,2777.8,5,0,0,11.14
27779,2777.9,5,0,0,11.1
27780,2778,5,0,0,11.09
27781,2778.1,4,1,0,10.36
27782,2778.2,5,0,0,11.11
27783,2778.3,5,0,0,11.06
27784,2778.4,5,0,0,11.05
27785,2778.5,5,0,0,11.06
27786,2778.6,5,0,0,11.06
27787,2778.7,5,0,0,11.03
27788,2778.8,5,0,0,11.03
27789,2778.9,5,0,0,10.98
27790,2779,7,0,0,11.85
27791,2779.1,7,0,0,11.83
27792,2779.2,7,0,0,11.84
27793,2779.3,7,0,0,11.87
27794,2779.4,7,0,0,11.82
27795,2779.5,7,0,0,11.81
27796,2779.6,6,1,0,11.46
27797,2779.7,6,0,0,11.44
27798,2779.8,6,0,0,11.45
27799,2779.9,6,0,0,11.45
27800,2780,6,0,0,11.45
27801,2780.1,6,0,0,11.41
27802,2780.2,6,0,0,11.45
27803,2780.3,6,0,0,11.45
27804,2780.4,6,0,0,11.43
27805,2780.5,6,0,0,11.42
27806,2780.6,6,0,0,11.42
27807,2780.7,6,0,0,11.41
27808,2780.8,6,0,0,11.4
27809,2780.9,6,0,0,11.4
27810,2781,6,0,0,11.41
27811,2781.1,6,0,0,11.4
27812,2781.2,6,0,0,11.42
27813,2781.3,6,0,0,11.38
27814,2781.4,6,0,0,11.4
27815,2781.5,6,0,0,11.39
27816,2781.6,5,1,0,11.65
27817,2781.7,5,1,0,11.69
27818,2781.8,6,0,0,12.1
27819,2781.9,6,0,0,12.2
27820,2782,6,0,0,12.24
27821,2782.1,7,0,0,12.39
27822,2782.2,7,0,0,12.45
27823,2782.3,7,0,0,12.52
27824,2782.4,6,1,0,12.33
27825,2782.5,6,0,0,12.4
27826,2782.6,7,0,0,12.1
27827,2782.7,7,0,0,12.18
27828,2782.8,7,0,0,12.23
27829,2782.9,7,0,0,12.32
27830,2783,7,0,0,12.41
27831,2783.1,7,0,0,12.46
27832,2783.2,7,0,0,12.54
27833,2783.3,7,0,0,12.54
27834,2783.4,7,0,0,12.55
27835,2783.5,7,0,0,12.55
27836,2783.6,6,1,0,12.52
27837,2783.7,6,0,0,12.57
27838,2783.8,6,0,0,12.61
27839,2783.9,6,0,0,12.69
27840,2784,6,0,0,12.77
27841,2784.1,7,0,0,12.41
27842,2784.2,7,0,0,12.48
27843,2784.3,6,1,0,12.91
27844,2784.4,6,0,0,12.92
27845,2784.5,6,0,0,12.92
27846,2784.6,7,0,0,12.88
27847,2784.7,7,0,0,12.88
27848,2784.8,7,0,0,12.87
27849,2784.9,6,1,0,12.79
27850,2785,6,0,0,12.81
27851,2785.1,6,0,0,12.82
27852,2785.2,5,2,0,12.68
27853,2785.3,6,0,0,12.69
27854,2785.4,6,0,0,12.66
27855,2785.5,6,0,0,12.63
27856,2785.6,6,0,0,12.66
27857,2785.7,6,0,0,12.65
27858,2785.8,6,0,0,12.67
27859,2785.9,6,0,0,12.66
27860,2786,6,0,0,12.64
27861,2786.1,6,0,0,12.61
27862,2786.2,6,0,0,12.63
27863,2786.3,6,0,0,12.61
27864,2786.4,5,1,0,12.44
27865,2786.5,5,0,0,12.39
27866,2786.6,5,0,0,12.4
27867,2786.7,5,0,0,12.36
27868,2786.8,5,0,0,12.36
27869,2786.9,4,1,0,12.91
27870,2787,4,0,0,12.98
27871,2787.1,4,0,0,13.04
27872,2787.2,4,0,0,13.11
27873,2787.3,4,0,0,13.11
27874,2787.4,5,0,0,13.16
27875,2787.5,5,0,0,13.15
27876,2787.6,5,0,0,13.13
27877,2787.7,5,0,0,13.17
27878,2787.8,5,0,0,13.15
27879,2787.9,5,0,0,13.14
27880,2788,4,1,0,13.15
27881,2788.1,4,0,0,13.14
27882,2788.2,3,1,0,12.83
27883,2788.3,3,0,0,12.8
27884,2788.4,4,0,0,12.75
27885,2788.5,4,0,0,12.69
27886,2788.6,4,0,0,12.74
27887,2788.7,4,0,0,12.72
27888,2788.8,5,0,0,12.98
27889,2788.9,5,0,0,12.97
27890,2789,5,0,0,12.95
27891,2789.1,5,0,0,12.98
27892,2789.2,4,1,0,13.1
27893,2789.3,4,0,0,13.09
27894,2789.4,4,0,0,13.11
27895,2789.5,4,0,0,13.13
27896,2789.6,4,0,0,13.08
27897,2789.7,4,0,0,13.12
27898,2789.8,4,0,0,13.09
27899,2789.9,4,0,0,13.11
27900,2790,4,0,0,13.09
27901,2790.1,4,0,0,13.09
27902,2790.2,4,0,0,13.04
27903,2790.3,5,0,0,13.25
27904,2790.4,5,0,0,13.24
27905,2790.5,5,0,0,13.25
27906,2790.6,5,0,0,13.25
27907,2790.7,5,0,0,13.26
27908,2790.8,5,0,0,13.23
27909,2790.9,4,1,0,13.07
27910,2791,4,0,0,13.13
27911,2791.1,4,0,0,13.11
27912,2791.2,4,0,0,13.08
27913,2791.3,4,0,0,13.07
27914,2791.4,4,0,0,13.09
27915,2791.5,5,0,0,13.19
27916,2791.6,5,0,0,13.17
27917,2791.7,5,0,0,13.17
27918,2791.8,5,0,0,13.15
27919,2791.9,5,0,0,13.17
27920,2792,4,1,0,13.22
27921,2792.1,4,0,0,13.23
27922,2792.2,4,0,0,13.24
27923,2792.3,3,1,0,13.01
27924,2792.4,4,0,0,13.15
27925,2792.5,5,0,0,12.4
27926,2792.6,5,0,0,12.39
27927,2792.7,5,0,0,12.45
27928,2792.8,5,0,0,12.45
27929,2792.9,5,0,0,12.46
27930,2793,5,0,0,12.49
27931,2793.1,6,0,0,12.66
27932,2793.2,6,0,0,12.66
27933,2793.3,6,0,0,12.63
27934,2793.4,6,0,0,12.64
27935,2793.5,6,0,0,12.66
27936,2793.6,6,0,0,12.64
27937,2793.7,5,1,0,12.55
27938,2793.8,5,0,0,12.52
27939,2793.9,5,0,0,12.51
27940,2794,5,0,0,12.55
27941,2794.1,5,0,0,12.52
27942,2794.2,5,0,0,12.53
27943,2794.3,5,0,0,12.5
27944,2794.4,5,0,0,12.52
27945,2794.5,5,0,0,12.54
27946,2794.6,5,0,0,12.52
27947,2794.7,6,0,0,12.34
27948,2794.8,6,0,0,12.33
27949,2794.9,5,1,0,12.19
27950,2795,5,0,0,12.14
27951,2795.1,5,0,0,12.15
27952,2795.2,5,0,0,12.12
27953,2795.3,5,0,0,12.13
27954,2795.4,5,0,0,12.11
27955,2795.5,5,0,0,12.13
27956,2795.6,5,0,0,12.1
27957,2795.7,5,0,0,12.09
27958,2795.8,5,0,0,12.09
27959,2795.9,5,1,0,11.85
27960,2796,6,0,0,11.82
27961,2796.1,6,0,0,11.8
27962,2796.2,6,0,0,11.83
27963,2796.3,6,0,0,11.8
27964,2796.4,6,0,0,11.82
27965,2796.5,5,1,0,11.7
27966,2796.6,5,0,0,11.7
27967,2796.7,5,0,0,11.71
27968,2796.8,5,0,0,11.7
27969,2796.9,5,0,0,11.69
27970,2797,5,0,0,11.69
27971,2797.1,5,0,0,11.67
27972,2797.2,5,0,0,11.7
27973,2797.3,5,0,0,11.67
27974,2797.4,5,0,0,11.64
27975,2797.5,5,0,0,11.66
27976,2797.6,5,0,0,11.67
27977,2797.7,5,0,0,11.65
27978,2797.8,6,0,0,11.93
27979,2797.9,6,0,0,11.9
27980,2798,6,0,0,11.88
27981,2798.1,6,0,0,11.91
27982,2798.2,6,0,0,11.89
27983,2798.3,6,0,0,11.91
27984,2798.4,6,0,0,11.9
27985,2798.5,6,0,0,11.91
27986,2798.6,6,0,0,11.92
27987,2798.7,6,1,0,12.01
27988,2798.8,6,0,0,12
27989,2798.9,6,0,0,12
27990,2799,6,0,0,12
27991,2799.1,6,0,0,11.99
27992,2799.2,6,0,0,11.99
27993,2799.3,5,1,0,11.77
27994,2799.4,5,0,0,11.76
27995,2799.5,6,0,0,12.08
27996,2799.6,6,0,0,12.07
27997,2799.7,6,0,0,12.05
27998,2799.8,6,0,0,12.04
27999,2799.9,6,0,0,12.07
28000,2800,5,1,0,12.1
28001,2800.1,6,0,0,11.71
28002,2800.2,6,0,0,11.69
28003,2800.3,5,1,0,12
28004,2800.4,5,0,0,12.01
28005,2800.5,5,0,0,11.98
28006,2800.6,5,0,0,11.98
28007,2800.7,5,0,0,12
28008,2800.8,5,0,0,11.97
28009,2800.9,5,0,0,11.95
28010,2801,5,1,0,12.04
28011,2801.1,5,0,0,12.01
28012,2801.2,5,0,0,11.99
28013,2801.3,5,0,0,11.98
28014,2801.4,5,0,0,11.97
28015,2801.5,5,0,0,11.97
28016,2801.6,6,0,0,12.29
28017,2801.7,6,0,0,12.26
28018,2801.8,6,0,0,12.25
28019,2801.9,6,0,0,12.22
28020,2802,6,0,0,12.24
28021,2802.1,6,0,0,12.24
28022,2802.2,5,1,0,11.88
28023,2802.3,5,0,0,11.86
28024,2802.4,5,0,0,11.84
28025,2802.5,5,0,0,11.82
28026,2802.6,5,0,0,11.84
28027,2802.7,5,0,0,11.81
28028,2802.8,5,0,0,11.82
28029,2802.9,5,0,0,11.8
28030,2803,4,1,0,11.36
28031,2803.1,5,0,0,11.86
28032,2803.2,5,0,0,11.84
28033,2803.3,5,0,0,11.86
28034,2803.4,5,0,0,11.85
28035,2803.5,5,0,0,11.81
28036,2803.6,5,0,0,11.81
28037,2803.7,5,0,0,11.83
28038,2803.8,5,0,0,11.83
28039,2803.9,5,0,0,11.82
28040,2804,5,0,0,11.78
28041,2804.1,6,0,0,11.92
28042,2804.2,6,0,0,11.91
28043,2804.3,6,0,0,11.9
28044,2804.4,7,0,0,12.1
28045,2804.5,7,0,0,12.08
28046,2804.6,7,0,0,12.07
28047,2804.7,7,0,0,12.08
28048,2804.8,6,1,0,12.45
28049,2804.9,6,0,0,12.43
28050,2805,5,1,0,12.35
28051,2805.1,5,0,0,12.42
28052,2805.2,5,0,0,12.51
28053,2805.3,5,0,0,12.61
28054,2805.4,5,0,0,12.65
28055,2805.5,5,0,0,12.73
28056,2805.6,5,0,0,12.8
28057,2805.7,5,0,0,12.84
28058,2805.8,5,0,0,12.96
28059,2805.9,5,0,0,13.03
28060,2806,5,0,0,13.09
28061,2806.1,5,0,0,13.16
28062,2806.2,5,0,0,13.23
28063,2806.3,5,0,0,13.26
28064,2806.4,5,0,0,13.33
28065,2806.5,5,0,0,13.4
28066,2806.6,5,1,0,13.47
28067,2806.7,4,1,0,13.39
28068,2806.8,4,0,0,13.38
28069,2806.9,4,0,0,13.38
28070,2807,4,0,0,13.41
28071,2807.1,4,0,0,13.41
28072,2807.2,5,0,0,13.34
28073,2807.3,6,0,0,13.33
28074,2807.4,6,0,0,13.32
28075,2807.5,6,0,0,13.3
28076,2807.6,6,0,0,13.35
28077,2807.7,6,0,0,13.32
28078,2807.8,5,1,0,13.33
28079,2807.9,5,0,0,13.37
28080,2808,5,0,0,13.37
28081,2808.1,5,0,0,13.34
28082,2808.2,4,1,0,13.4
28083,2808.3,4,0,0,13.42
28084,2808.4,4,0,0,13.4
28085,2808.5,4,0,0,13.39
28086,2808.6,4,0,0,13.41
28087,2808.7,4,0,0,13.41
28088,2808.8,4,0,0,13.42
28089,2808.9,4,0,0,13.4
28090,2809,4,0,0,13.41
28091,2809.1,4,0,0,13.42
28092,2809.2,4,0,0,13.4
28093,2809.3,4,0,0,13.44
28094,2809.4,4,0,0,13.42
28095,2809.5,4,0,0,13.4
28096,2809.6,4,0,0,13.4
28097,2809.7,4,0,0,13.41
28098,2809.8,4,0,0,13.43
28099,2809.9,4,0,0,13.39
28100,2810,5,0,0,13.54
28101,2810.1,4,1,0,13.38
28102,2810.2,4,1,0,13.43
28103,2810.3,4,0,0,13.4
28104,2810.4,5,0,0,13.37
28105,2810.5,5,0,0,13.33
28106,2810.6,4,1,0,13.18
28107,2810.7,4,0,0,13.2
28108,2810.8,4,0,0,13.22
28109,2810.9,4,0,0,13.19
28110,2811,4,0,0,13.21
28111,2811.1,4,0,0,13.2
28112,2811.2,4,0,0,13.22
28113,2811.3,4,0,0,13.2
28114,2811.4,4,0,0,13.2
28115,2811.5,4,0,0,13.21
28116,2811.6,4,0,0,13.2
28117,2811.7,4,0,0,13.23
28118,2811.8,4,0,0,13.19
28119,2811.9,4,0,0,13.18
28120,2812,4,0,0,13.2
28121,2812.1,4,0,0,13.2
28122,2812.2,4,0,0,13.17
28123,2812.3,4,0,0,13.19
28124,2812.4,4,0,0,13.22
28125,2812.5,4,0,0,13.2
28126,2812.6,4,0,0,13.18
28127,2812.7,4,0,0,13.19
28128,2812.8,4,0,0,13.17
28129,2812.9,5,0,0,13.32
28130,2813,5,0,0,13.26
28131,2813.1,5,0,0,13.27
28132,2813.2,5,0,0,13.28
28133,2813.3,5,0,0,13.3
28134,2813.4,5,0,0,13.32
28135,2813.5,4,1,0,13.19
28136,2813.6,5,0,0,13.32
28137,2813.7,5,1,0,13.19
28138,2813.8,5,0,0,13.2
28139,2813.9,5,0,0,13.18
28140,2814,5,0,0,13.21
28141,2814.1,5,0,0,13.16
28142,2814.2,5,0,0,13.16
28143,2814.3,4,1,0,13.36
28144,2814.4,4,0,0,13.29
28145,2814.5,4,0,0,13.32
28146,2814.6,4,0,0,13.34
28147,2814.7,4,0,0,13.3
28148,2814.8,4,0,0,13.33
28149,2814.9,4,0,0,13.34
28150,2815,4,0,0,13.34
28151,2815.1,4,0,0,13.33
28152,2815.2,4,0,0,13.32
28153,2815.3,4,0,0,13.33
28154,2815.4,4,0,0,13.34
28155,2815.5,5,0,0,12.67
28156,2815.6,5,0,0,12.65
28157,2815.7,6,0,0,12.87
28158,2815.8,6,0,0,12.84
28159,2815.9,6,0,0,12.86
28160,2816,6,0,0,12.86
28161,2816.1,6,0,0,12.87
28162,2816.2,6,0,0,12.88
28163,2816.3,6,1,0,12.2
28164,2816.4,6,0,0,12.23
28165,2816.5,5,1,0,12.63
28166,2816.6,5,0,0,12.67
28167,2816.7,6,0,0,11.95
28168,2816.8,6,0,0,11.92
28169,2816.9,6,0,0,11.93
28170,2817,5,1,0,11.66
28171,2817.1,5,0,0,11.74
28172,2817.2,5,0,0,11.72
28173,2817.3,5,1,0,11.88
28174,2817.4,5,0,0,11.83
28175,2817.5,5,0,0,11.85
28176,2817.6,5,0,0,11.84
28177,2817.7,5,0,0,11.89
28178,2817.8,5,0,0,11.88
28179,2817.9,5,0,0,11.9
28180,2818,5,0,0,11.91
28181,2818.1,5,0,0,11.92
28182,2818.2,5,0,0,11.91
28183,2818.3,5,0,0,11.93
28184,2818.4,5,0,0,11.92
28185,2818.5,6,0,0,12.07
28186,2818.6,6,0,0,12.09
28187,2818.7,6,0,0,12.08
28188,2818.8,6,0,0,12.08
28189,2818.9,6,0,0,12.08
28190,2819,6,0,0,12.11
28191,2819.1,5,1,0,11.99
28192,2819.2,5,0,0,12
28193,2819.3,5,0,0,12
28194,2819.4,5,0,0,12.01
28195,2819.5,5,0,0,11.97
28196,2819.6,5,0,0,12.01
28197,2819.7,5,0,0,11.99
28198,2819.8,5,0,0,12.02
28199,2819.9,6,0,0,12.09
28200,2820,6,0,0,12.07
28201,2820.1,5,1,0,11.88
28202,2820.2,5,0,0,11.89
28203,2820.3,5,0,0,11.89
28204,2820.4,5,0,0,11.88
28205,2820.5,5,0,0,11.86
28206,2820.6,5,0,0,11.92
28207,2820.7,5,0,0,11.89
28208,2820.8,4,1,0,11.35
28209,2820.9,5,0,0,11.52
28210,2821,5,0,0,11.51
28211,2821.1,5,0,0,11.48
28212,2821.2,5,0,0,11.51
28213,2821.3,6,0,0,11.68
28214,2821.4,6,0,0,11.64
28215,2821.5,6,0,0,11.67
28216,2821.6,6,0,0,11.68
28217,2821.7,6,0,0,11.65
28218,2821.8,6,0,0,11.65
28219,2821.9,5,1,0,11.41
28220,2822,5,0,0,11.42
28221,2822.1,5,0,0,11.39
28222,2822.2,5,0,0,11.37
28223,2822.3,5,0,0,11.4
28224,2822.4,5,0,0,11.39
28225,2822.5,5,0,0,11.36
28226,2822.6,5,0,0,11.38
28227,2822.7,5,0,0,11.36
28228,2822.8,5,0,0,11.36
28229,2822.9,5,1,0,10.64
28230,2823,6,0,0,10.89
28231,2823.1,6,0,0,10.84
28232,2823.2,6,0,0,10.89
28233,2823.3,6,0,0,10.91
28234,2823.4,6,0,0,10.87
28235,2823.5,6,0,0,10.83
28236,2823.6,6,0,0,10.85
28237,2823.7,6,0,0,10.85
28238,2823.8,6,0,0,10.85
28239,2823.9,6,0,0,10.86
28240,2824,6,0,0,10.85
28241,2824.1,7,0,0,11.29
28242,2824.2,7,0,0,11.25
28243,2824.3,7,0,0,11.29
28244,2824.4,8,0,0,11.02
28245,2824.5,8,0,0,11.01
28246,2824.6,8,0,0,11
28247,2824.7,7,1,0,10.6
28248,2824.8,6,1,0,10.35
28249,2824.9,6,0,0,10.33
28250,2825,6,0,0,10.37
28251,2825.1,6,0,0,10.33
28252,2825.2,6,0,0,10.34
28253,2825.3,6,0,0,10.32
28254,2825.4,6,0,0,10.36
28255,2825.5,6,0,0,10.34
28256,2825.6,6,0,0,10.35
28257,2825.7,6,0,0,10.32
28258,2825.8,6,0,0,10.35
28259,2825.9,6,0,0,10.38
28260,2826,6,0,0,10.36
28261,2826.1,6,0,0,10.37
28262,2826.2,7,0,0,10.57
28263,2826.3,7,0,0,10.53
28264,2826.4,7,0,0,10.55
28265,2826.5,7,0,0,10.55
28266,2826.6,7,0,0,10.54
28267,2826.7,7,0,0,10.55
28268,2826.8,7,0,0,10.53
28269,2826.9,7,0,0,10.55
28270,2827,8,0,0,10.98
28271,2827.1,8,0,0,10.97
28272,2827.2,7,1,0,11.1
28273,2827.3,7,0,0,11.14
28274,2827.4,7,0,0,11.17
28275,2827.5,7,0,0,11.24
28276,2827.6,6,1,0,10.8
28277,2827.7,5,1,0,10.98
28278,2827.8,5,0,0,11.03
28279,2827.9,5,0,0,11.14
28280,2828,6,0,0,11.67
28281,2828.1,6,0,0,11.74
28282,2828.2,6,0,0,11.82
28283,2828.3,6,0,0,11.91
28284,2828.4,6,0,0,12.01
28285,2828.5,6,0,0,12.06
28286,2828.6,6,0,0,12.15
28287,2828.7,6,0,0,12.22
28288,2828.8,6,0,0,12.32
28289,2828.9,6,0,0,12.4
28290,2829,6,0,0,12.42
28291,2829.1,5,1,0,12.39
28292,2829.2,5,0,0,12.49
28293,2829.3,6,0,0,12.81
28294,2829.4,6,0,0,12.84
28295,2829.5,6,0,0,12.87
28296,2829.6,6,0,0,12.93
28297,2829.7,5,1,0,12.82
28298,2829.8,6,0,0,13.02
28299,2829.9,6,0,0,12.99
28300,2830,6,0,0,12.99
28301,2830.1,6,0,0,12.98
28302,2830.2,6,0,0,12.99
28303,2830.3,6,0,0,13.02
28304,2830.4,5,1,0,12.82
28305,2830.5,5,0,0,12.81
28306,2830.6,5,0,0,12.84
28307,2830.7,5,0,0,12.84
28308,2830.8,5,0,0,12.82
28309,2830.9,5,0,0,12.83
28310,2831,5,0,0,12.8
28311,2831.1,5,0,0,12.82
28312,2831.2,4,1,0,12.89
28313,2831.3,4,0,0,12.89
28314,2831.4,4,0,0,12.93
28315,2831.5,4,1,0,13
28316,2831.6,4,0,0,12.98
28317,2831.7,4,0,0,12.95
28318,2831.8,4,0,0,12.98
28319,2831.9,4,0,0,12.98
28320,2832,4,0,0,12.99
28321,2832.1,5,0,0,12.38
28322,2832.2,5,0,0,12.37
28323,2832.3,4,1,0,13
28324,2832.4,5,0,0,13.16
28325,2832.5,5,0,0,13.17
28326,2832.6,6,0,0,13.28
28327,2832.7,6,0,0,13.29
28328,2832.8,6,0,0,13.28
28329,2832.9,6,0,0,13.28
28330,2833,6,0,0,13.28
28331,2833.1,6,0,0,13.28
28332,2833.2,5,1,0,13.17
28333,2833.3,5,0,0,13.19
28334,2833.4,4,1,0,13.35
28335,2833.5,4,0,0,13.37
28336,2833.6,4,0,0,13.35
28337,2833.7,4,0,0,13.39
28338,2833.8,4,0,0,13.34
28339,2833.9,4,0,0,13.34
28340,2834,4,0,0,13.32
28341,2834.1,4,0,0,13.3
28342,2834.2,4,0,0,13.3
28343,2834.3,4,0,0,13.27
28344,2834.4,4,0,0,13.27
28345,2834.5,4,0,0,13.25
28346,2834.6,4,0,0,13.26
28347,2834.7,4,0,0,13.24
28348,2834.8,4,0,0,13.24
28349,2834.9,4,0,0,13.25
28350,2835,3,1,0,12.98
28351,2835.1,4,0,0,12.61
28352,2835.2,4,0,0,12.59
28353,2835.3,4,0,0,12.6
28354,2835.4,5,0,0,12.89
28355,2835.5,5,0,0,12.87
28356,2835.6,6,0,0,13.05
28357,2835.7,6,0,0,12.99
28358,2835.8,6,0,0,12.98
28359,2835.9,6,0,0,12.97
28360,2836,5,1,0,12.77
28361,2836.1,5,0,0,12.8
28362,2836.2,5,0,0,12.8
28363,2836.3,5,0,0,12.82
28364,2836.4,5,0,0,12.77
28365,2836.5,5,0,0,12.77
28366,2836.6,5,0,0,12.76
28367,2836.7,5,0,0,12.77
28368,2836.8,5,0,0,12.75
28369,2836.9,5,0,0,12.77
28370,2837,5,0,0,12.74
28371,2837.1,4,1,0,13
28372,2837.2,4,0,0,13.04
28373,2837.3,4,0,0,13.08
28374,2837.4,4,0,0,13.14
28375,2837.5,4,0,0,13.14
28376,2837.6,4,0,0,13.22
28377,2837.7,4,0,0,13.29
28378,2837.8,4,0,0,13.32
28379,2837.9,4,0,0,13.31
28380,2838,4,0,0,13.32
28381,2838.1,4,0,0,13.33
28382,2838.2,4,0,0,13.35
28383,2838.3,5,0,0,13.43
28384,2838.4,5,0,0,13.43
28385,2838.5,5,0,0,13.43
28386,2838.6,7,0,0,12.77
28387,2838.7,6,1,0,12.57
28388,2838.8,6,0,0,12.56
28389,2838.9,5,1,0,12.28
28390,2839,5,0,0,12.26
28391,2839.1,5,0,0,12.27
28392,2839.2,4,1,0,12.43
28393,2839.3,4,0,0,12.42
28394,2839.4,5,0,0,11.29
28395,2839.5,5,0,0,11.29
28396,2839.6,5,0,0,11.3
28397,2839.7,5,0,0,11.34
28398,2839.8,5,0,0,11.33
28399,2839.9,5,0,0,11.39
28400,2840,5,0,0,11.41
28401,2840.1,5,0,0,11.42
28402,2840.2,5,0,0,11.45
28403,2840.3,5,0,0,11.49
28404,2840.4,5,0,0,11.45
28405,2840.5,5,0,0,11.49
28406,2840.6,5,0,0,11.52
28407,2840.7,5,0,0,11.52
28408,2840.8,5,0,0,11.56
28409,2840.9,5,0,0,11.58
28410,2841,5,0,0,11.57
28411,2841.1,6,0,0,11.98
28412,2841.2,6,0,0,11.98
28413,2841.3,6,0,0,11.97
28414,2841.4,6,0,0,12
28415,2841.5,6,0,0,12.03
28416,2841.6,5,1,0,11.62
28417,2841.7,4,1,0,11.08
28418,2841.8,4,0,0,11.1
28419,2841.9,5,0,0,10.86
28420,2842,5,0,0,10.89
28421,2842.1,5,0,0,10.88
28422,2842.2,6,0,0,11.3
28423,2842.3,6,0,0,11.32
28424,2842.4,6,0,0,11.33
28425,2842.5,6,0,0,11.33
28426,2842.6,5,1,0,11.22
28427,2842.7,5,0,0,11.2
28428,2842.8,5,0,0,11.2
28429,2842.9,5,0,0,11.21
28430,2843,5,0,0,11.21
28431,2843.1,5,0,0,11.23
28432,2843.2,5,0,0,11.24
28433,2843.3,5,0,0,11.22
28434,2843.4,5,0,0,11.24
28435,2843.5,5,0,0,11.25
28436,2843.6,5,0,0,11.23
28437,2843.7,5,0,0,11.25
28438,2843.8,5,0,0,11.29
28439,2843.9,6,0,0,11.74
28440,2844,6,0,0,11.69
28441,2844.1,6,0,0,11.72
28442,2844.2,6,0,0,11.73
28443,2844.3,6,0,0,11.74
28444,2844.4,6,0,0,11.74
28445,2844.5,5,1,0,11.29
28446,2844.6,5,0,0,11.29
28447,2844.7,5,0,0,11.29
28448,2844.8,4,1,0,10.62
28449,2844.9,4,0,0,10.67
28450,2845,5,0,0,11.26
28451,2845.1,5,0,0,11.24
28452,2845.2,5,0,0,11.22
28453,2845.3,5,0,0,11.21
28454,2845.4,5,0,0,11.15
28455,2845.5,5,0,0,11.15
28456,2845.6,5,0,0,11.14
28457,2845.7,6,0,0,11.63
28458,2845.8,5,1,0,11.24
28459,2845.9,5,0,0,11.22
28460,2846,5,0,0,11.24
28461,2846.1,5,0,0,11.2
28462,2846.2,5,0,0,11.24
28463,2846.3,5,0,0,11.21
28464,2846.4,5,0,0,11.18
28465,2846.5,5,0,0,11.18
28466,2846.6,5,0,0,11.15
28467,2846.7,6,0,0,11.62
28468,2846.8,6,0,0,11.6
28469,2846.9,6,0,0,11.63
28470,2847,6,0,0,11.57
28471,2847.1,6,0,0,11.56
28472,2847.2,6,0,0,11.58
28473,2847.3,5,1,0,11.1
28474,2847.4,5,0,0,11.07
28475,2847.5,5,0,0,11.05
28476,2847.6,5,0,0,11.04
28477,2847.7,5,0,0,11.07
28478,2847.8,5,0,0,11.04
28479,2847.9,5,0,0,11.01
28480,2848,5,0,0,11
28481,2848.1,6,0,0,10.84
28482,2848.2,7,0,0,11.04
28483,2848.3,6,1,0,11.19
28484,2848.4,6,0,0,11.17
28485,2848.5,6,0,0,11.17
28486,2848.6,6,0,0,11.18
28487,2848.7,6,0,0,11.17
28488,2848.8,6,0,0,11.14
28489,2848.9,6,0,0,11.16
28490,2849,6,0,0,11.17
28491,2849.1,6,0,0,11.16
28492,2849.2,5,1,0,10.59
28493,2849.3,6,0,0,11.03
28494,2849.4,6,0,0,11.02
28495,2849.5,6,0,0,11.03
28496,2849.6,7,0,0,11.42
28497,2849.7,7,0,0,11.39
28498,2849.8,7,0,0,11.39
28499,2849.9,7,0,0,11.41
28500,2850,7,0,0,11.42
28501,2850.1,7,0,0,11.41
28502,2850.2,6,1,0,10.94
28503,2850.3,6,0,0,10.95
28504,2850.4,6,0,0,10.95
28505,2850.5,6,0,0,10.95
28506,2850.6,6,0,0,10.97
28507,2850.7,6,0,0,10.98
28508,2850.8,5,1,0,11.15
28509,2850.9,5,0,0,11.17
28510,2851,5,0,0,11.24
28511,2851.1,5,0,0,11.33
28512,2851.2,5,0,0,11.41
28513,2851.3,6,0,0,11.73
28514,2851.4,6,0,0,11.78
28515,2851.5,6,0,0,11.85
28516,2851.6,6,0,0,11.97
28517,2851.7,6,0,0,12.04
28518,2851.8,6,0,0,12.13
28519,2851.9,6,0,0,12.19
28520,2852,6,0,0,12.29
28521,2852.1,6,0,0,12.35
28522,2852.2,6,0,0,12.4
28523,2852.3,6,0,0,12.47
28524,2852.4,7,0,0,12.79
28525,2852.5,7,0,0,12.83
28526,2852.6,7,0,0,12.9
28527,2852.7,6,1,0,12.86
28528,2852.8,6,0,0,12.89
28529,2852.9,6,1,0,13.08
28530,2853,5,1,0,12.98
28531,2853.1,5,0,0,13.05
28532,2853.2,5,0,0,13.08
28533,2853.3,5,0,0,13.18
28534,2853.4,5,0,0,13.23
28535,2853.5,5,0,0,13.25
28536,2853.6,5,0,0,13.26
28537,2853.7,5,0,0,13.22
28538,2853.8,5,0,0,13.26
28539,2853.9,5,0,0,13.28
28540,2854,5,0,0,13.27
28541,2854.1,4,1,0,13.04
28542,2854.2,4,0,0,13.12
28543,2854.3,4,0,0,13.15
28544,2854.4,4,0,0,13.19
28545,2854.5,5,0,0,13.24
28546,2854.6,5,0,0,13.2
28547,2854.7,5,0,0,13.19
28548,2854.8,5,0,0,13.2
28549,2854.9,5,0,0,13.21
28550,2855,5,0,0,13.23
28551,2855.1,5,0,0,13.22
28552,2855.2,6,0,0,13.36
28553,2855.3,6,0,0,13.34
28554,2855.4,6,0,0,13.33
28555,2855.5,5,1,0,13.22
28556,2855.6,5,0,0,13.22
28557,2855.7,5,0,0,13.21
28558,2855.8,4,1,0,13.04
28559,2855.9,4,0,0,13.02
28560,2856,4,0,0,13.04
28561,2856.1,4,0,0,13.04
28562,2856.2,4,0,0,13.06
28563,2856.3,4,0,0,13
28564,2856.4,4,1,0,13.01
28565,2856.5,4,0,0,12.99
28566,2856.6,4,0,0,12.96
28567,2856.7,4,0,0,12.99
28568,2856.8,4,0,0,12.98
28569,2856.9,4,0,0,12.96
28570,2857,4,0,0,12.96
28571,2857.1,4,0,0,12.97
28572,2857.2,4,0,0,12.96
28573,2857.3,4,0,0,12.93
28574,2857.4,4,0,0,12.93
28575,2857.5,4,0,0,12.98
28576,2857.6,5,0,0,13.15
28577,2857.7,5,0,0,13.13
28578,2857.8,5,0,0,13.13
28579,2857.9,5,0,0,13.11
28580,2858,6,0,0,13.27
28581,2858.1,6,0,0,13.26
28582,2858.2,6,0,0,13.25
28583,2858.3,6,0,0,13.27
28584,2858.4,6,0,0,13.27
28585,2858.5,6,0,0,13.23
28586,2858.6,5,1,0,13.13
28587,2858.7,4,1,0,13.4
28588,2858.8,4,0,0,13.38
28589,2858.9,4,0,0,13.38
28590,2859,4,0,0,13.38
28591,2859.1,4,0,0,13.38
28592,2859.2,4,0,0,13.37
28593,2859.3,4,0,0,13.38
28594,2859.4,4,0,0,13.38
28595,2859.5,4,0,0,13.37
28596,2859.6,4,0,0,13.35
28597,2859.7,4,0,0,13.35
28598,2859.8,4,0,0,13.38
28599,2859.9,3,1,0,13.31
28600,2860,4,0,0,13.49
28601,2860.1,4,0,0,13.45
28602,2860.2,4,0,0,13.42
28603,2860.3,4,0,0,13.45
28604,2860.4,4,0,0,13.43
28605,2860.5,4,0,0,13.44
28606,2860.6,4,0,0,13.43
28607,2860.7,4,0,0,13.46
28608,2860.8,5,0,0,13.57
28609,2860.9,6,0,0,13.55
28610,2861,6,0,0,13.51
28611,2861.1,6,0,0,13.53
28612,2861.2,6,0,0,13.52
28613,2861.3,5,1,0,13.67
28614,2861.4,5,0,0,13.7
28615,2861.5,4,1,0,13.74
28616,2861.6,4,0,0,13.74
28617,2861.7,5,0,0,12.96
28618,2861.8,5,0,0,12.95
28619,2861.9,5,0,0,12.96
28620,2862,5,0,0,12.99
28621,2862.1,5,0,0,12.98
28622,2862.2,5,0,0,13
28623,2862.3,5,0,0,13.01
28624,2862.4,5,0,0,13.01
28625,2862.5,5,0,0,13.02
28626,2862.6,5,0,0,12.97
28627,2862.7,5,0,0,12.95
28628,2862.8,5,0,0,12.98
28629,2862.9,5,0,0,13
28630,2863,5,0,0,13
28631,2863.1,5,0,0,12.98
28632,2863.2,5,0,0,13.01
28633,2863.3,5,0,0,13
28634,2863.4,5,0,0,12.97
28635,2863.5,5,1,0,13.01
28636,2863.6,5,0,0,13
28637,2863.7,6,0,0,13.15
28638,2863.8,6,0,0,13.13
28639,2863.9,7,0,0,12.9
28640,2864,6,1,0,12.78
28641,2864.1,6,0,0,12.8
28642,2864.2,6,0,0,12.81
28643,2864.3,6,1,0,12.14
28644,2864.4,7,0,0,11.77
28645,2864.5,6,1,0,12.06
28646,2864.6,6,0,0,12.1
28647,2864.7,6,0,0,12.08
28648,2864.8,6,0,0,12.08
28649,2864.9,6,0,0,12.08
28650,2865,6,0,0,12.1
28651,2865.1,6,0,0,12.1
28652,2865.2,6,0,0,12.06
28653,2865.3,6,0,0,12.06
28654,2865.4,6,0,0,12.05
28655,2865.5,6,0,0,12.06
28656,2865.6,6,0,0,12.07
28657,2865.7,6,0,0,12.06
28658,2865.8,6,0,0,12.05
28659,2865.9,6,0,0,12.06
28660,2866,6,0,0,12.06
28661,2866.1,6,0,0,12.06
28662,2866.2,6,0,0,12.06
28663,2866.3,6,0,0,12.04
28664,2866.4,6,0,0,12.05
28665,2866.5,7,0,0,12.29
28666,2866.6,7,0,0,12.3
28667,2866.7,7,0,0,12.29
28668,2866.8,7,0,0,12.27
28669,2866.9,6,1,0,12.05
28670,2867,5,1,0,11.69
28671,2867.1,6,1,0,11.87
28672,2867.2,6,0,0,11.83
28673,2867.3,6,0,0,11.84
28674,2867.4,6,0,0,11.81
28675,2867.5,6,0,0,11.79
28676,2867.6,6,0,0,11.78
28677,2867.7,6,0,0,11.77
28678,2867.8,6,0,0,11.76
28679,2867.9,6,0,0,11.74
28680,2868,6,0,0,11.73
28681,2868.1,6,0,0,11.71
28682,2868.2,6,0,0,11.73
28683,2868.3,6,0,0,11.71
28684,2868.4,6,0,0,11.69
28685,2868.5,6,0,0,11.64
28686,2868.6,6,0,0,11.63
28687,2868.7,5,1,0,11.93
28688,2868.8,5,0,0,11.94
28689,2868.9,5,0,0,11.93
28690,2869,5,0,0,11.97
28691,2869.1,5,0,0,11.98
28692,2869.2,5,0,0,12.02
28693,2869.3,6,0,0,12.37
28694,2869.4,6,0,0,12.4
28695,2869.5,6,0,0,12.42
28696,2869.6,6,0,0,12.46
28697,2869.7,6,0,0,12.49
28698,2869.8,6,0,0,12.45
28699,2869.9,5,1,0,12.13
28700,2870,4,1,0,11.65
28701,2870.1,4,0,0,11.66
28702,2870.2,5,0,0,12.08
28703,2870.3,5,0,0,12.06
28704,2870.4,5,0,0,12.05
28705,2870.5,5,0,0,12.02
28706,2870.6,6,0,0,12.36
28707,2870.7,6,0,0,12.36
28708,2870.8,5,1,0,12.01
28709,2870.9,5,0,0,12
28710,2871,5,0,0,11.95
28711,2871.1,5,0,0,11.97
28712,2871.2,5,0,0,11.97
28713,2871.3,5,0,0,11.93
28714,2871.4,5,0,0,11.9
28715,2871.5,5,0,0,11.88
28716,2871.6,5,0,0,11.9
28717,2871.7,5,0,0,11.91
28718,2871.8,5,0,0,11.9
28719,2871.9,5,0,0,11.86
28720,2872,5,0,0,11.89
28721,2872.1,5,0,0,11.84
28722,2872.2,6,0,0,11.99
28723,2872.3,6,0,0,11.99
28724,2872.4,6,0,0,11.97
28725,2872.5,6,0,0,11.93
28726,2872.6,6,0,0,11.96
28727,2872.7,6,0,0,11.96
28728,2872.8,5,1,0,11.78
28729,2872.9,5,0,0,11.76
28730,2873,5,0,0,11.76
28731,2873.1,5,0,0,11.75
28732,2873.2,5,0,0,11.78
28733,2873.3,5,0,0,11.78
28734,2873.4,6,0,0,12.03
28735,2873.5,6,0,0,12.03
28736,2873.6,6,0,0,11.99
28737,2873.7,6,0,0,11.98
28738,2873.8,6,0,0,12.01
28739,2873.9,5,1,0,12.36
28740,2874,5,0,0,12.43
28741,2874.1,4,1,0,12.14
28742,2874.2,5,0,0,12.4
28743,2874.3,5,0,0,12.43
28744,2874.4,5,0,0,12.53
28745,2874.5,5,0,0,12.56
28746,2874.6,5,0,0,12.64
28747,2874.7,5,0,0,12.71
28748,2874.8,5,0,0,12.75
28749,2874.9,5,0,0,12.84
28750,2875,6,0,0,13.09
28751,2875.1,6,0,0,13.17
28752,2875.2,6,0,0,13.24
28753,2875.3,6,0,0,13.26
28754,2875.4,6,0,0,13.33
28755,2875.5,6,0,0,13.37
28756,2875.6,5,1,0,13.3
28757,2875.7,5,0,0,13.36
28758,2875.8,4,1,0,13.34
28759,2875.9,4,0,0,13.41
28760,2876,4,0,0,13.45
28761,2876.1,4,0,0,13.47
28762,2876.2,4,0,0,13.5
28763,2876.3,4,0,0,13.52
28764,2876.4,4,0,0,13.52
28765,2876.5,5,0,0,13.64
28766,2876.6,5,0,0,13.62
28767,2876.7,5,0,0,13.6
28768,2876.8,5,0,0,13.59
28769,2876.9,5,0,0,13.61
28770,2877,5,0,0,13.59
28771,2877.1,5,0,0,13.6
28772,2877.2,5,0,0,13.59
28773,2877.3,4,1,0,13.51
28774,2877.4,4,0,0,13.5
28775,2877.5,4,0,0,13.48
28776,2877.6,4,0,0,13.49
28777,2877.7,4,0,0,13.5
28778,2877.8,6,0,0,13.63
28779,2877.9,5,1,0,13.71
28780,2878,5,0,0,13.71
28781,2878.1,5,0,0,13.74
28782,2878.2,5,0,0,13.7
28783,2878.3,5,0,0,13.7
28784,2878.4,4,1,0,13.73
28785,2878.5,4,0,0,13.73
28786,2878.6,4,0,0,13.77
28787,2878.7,4,0,0,13.74
28788,2878.8,4,0,0,13.77
28789,2878.9,4,0,0,13.74
28790,2879,4,0,0,13.76
28791,2879.1,4,0,0,13.77
28792,2879.2,4,0,0,13.74
28793,2879.3,4,0,0,13.73
28794,2879.4,3,1,0,13.73
28795,2879.5,3,0,0,13.73
28796,2879.6,3,0,0,13.72
28797,2879.7,4,0,0,13.05
28798,2879.8,4,0,0,13.08
28799,2879.9,4,0,0,13.05
28800,2880,4,0,0,13.07
28801,2880.1,5,0,0,12.43
28802,2880.2,5,0,0,12.43
28803,2880.3,4,1,0,13.05
28804,2880.4,4,0,0,13.07
28805,2880.5,4,0,0,13.06
28806,2880.6,5,0,0,13.12
28807,2880.7,5,0,0,13.1
28808,2880.8,5,0,0,13.11
28809,2880.9,5,0,0,13.09
28810,2881,5,0,0,13.14
28811,2881.1,5,0,0,13.13
28812,2881.2,4,1,0,13.04
28813,2881.3,4,1,0,12.52
28814,2881.4,4,0,0,12.52
28815,2881.5,4,0,0,12.51
28816,2881.6,4,0,0,12.54
28817,2881.7,4,0,0,12.49
28818,2881.8,4,0,0,12.5
28819,2881.9,4,0,0,12.53
28820,2882,4,0,0,12.51
28821,2882.1,4,0,0,12.52
28822,2882.2,4,0,0,12.5
28823,2882.3,4,0,0,12.53
28824,2882.4,4,0,0,12.5
28825,2882.5,4,0,0,12.53
28826,2882.6,4,0,0,12.53
28827,2882.7,4,0,0,12.55
28828,2882.8,5,0,0,12.62
28829,2882.9,5,0,0,12.6
28830,2883,4,1,0,12.43
28831,2883.1,4,0,0,12.4
28832,2883.2,4,0,0,12.47
28833,2883.3,4,0,0,12.43
28834,2883.4,4,0,0,12.44
28835,2883.5,5,0,0,12.76
28836,2883.6,5,0,0,12.73
28837,2883.7,5,0,0,12.7
28838,2883.8,5,0,0,12.73
28839,2883.9,5,0,0,12.73
28840,2884,5,0,0,12.75
28841,2884.1,4,1,0,12.41
28842,2884.2,4,0,0,12.45
28843,2884.3,4,0,0,12.46
28844,2884.4,4,0,0,12.42
28845,2884.5,4,0,0,12.46
28846,2884.6,4,0,0,12.44
28847,2884.7,4,0,0,12.42
28848,2884.8,5,0,0,11.97
28849,2884.9,6,0,0,11.94
28850,2885,6,0,0,11.94
28851,2885.1,6,0,0,11.96
28852,2885.2,6,0,0,11.94
28853,2885.3,6,0,0,11.95
28854,2885.4,5,1,0,11.97
28855,2885.5,5,0,0,11.98
28856,2885.6,5,0,0,11.99
28857,2885.7,4,1,0,11.48
28858,2885.8,4,0,0,11.47
28859,2885.9,5,0,0,10.79
28860,2886,5,0,0,10.78
28861,2886.1,5,0,0,10.75
28862,2886.2,5,0,0,10.79
28863,2886.3,6,0,0,11.33
28864,2886.4,6,0,0,11.35
28865,2886.5,6,0,0,11.34
28866,2886.6,6,0,0,11.36
28867,2886.7,6,0,0,11.37
28868,2886.8,6,0,0,11.37
28869,2886.9,5,1,0,10.86
28870,2887,5,0,0,10.9
28871,2887.1,5,0,0,10.91
28872,2887.2,5,0,0,10.92
28873,2887.3,5,0,0,10.92
28874,2887.4,5,0,0,10.92
28875,2887.5,5,0,0,10.95
28876,2887.6,5,0,0,10.93
28877,2887.7,5,0,0,10.92
28878,2887.8,5,0,0,10.94
28879,2887.9,5,0,0,10.9
28880,2888,5,0,0,10.91
28881,2888.1,5,0,0,10.92
28882,2888.2,5,0,0,10.93
28883,2888.3,5,0,0,10.93
28884,2888.4,6,0,0,11.44
28885,2888.5,6,0,0,11.43
28886,2888.6,6,0,0,11.42
28887,2888.7,6,0,0,11.42
28888,2888.8,6,0,0,11.42
28889,2888.9,5,1,0,11.31
28890,2889,5,0,0,11.32
28891,2889.1,7,0,0,11.78
28892,2889.2,7,0,0,11.77
28893,2889.3,7,0,0,11.77
28894,2889.4,7,0,0,11.73
28895,2889.5,7,0,0,11.74
28896,2889.6,7,0,0,11.74
28897,2889.7,6,1,0,11.47
28898,2889.8,6,0,0,11.47
28899,2889.9,6,0,0,11.45
28900,2890,6,0,0,11.43
28901,2890.1,6,0,0,11.4
28902,2890.2,6,0,0,11.39
28903,2890.3,6,0,0,11.36
28904,2890.4,6,0,0,11.38
28905,2890.5,6,0,0,11.37
28906,2890.6,6,0,0,11.33
28907,2890.7,6,0,0,11.32
28908,2890.8,6,0,0,11.31
28909,2890.9,6,0,0,11.32
28910,2891,6,0,0,11.29
28911,2891.1,6,0,0,11.3
28912,2891.2,5,1,0,11.35
28913,2891.3,5,0,0,11.37
28914,2891.4,5,0,0,11.42
28915,2891.5,5,0,0,11.43
28916,2891.6,5,0,0,11.45
28917,2891.7,5,0,0,11.5
28918,2891.8,5,0,0,11.52
28919,2891.9,5,1,0,11.57
28920,2892,6,0,0,11.89
28921,2892.1,6,0,0,11.85
28922,2892.2,7,0,0,12.19
28923,2892.3,7,0,0,12.15
28924,2892.4,7,0,0,12.16
28925,2892.5,6,1,0,11.85
28926,2892.6,6,0,0,11.85
28927,2892.7,6,0,0,11.83
28928,2892.8,6,0,0,11.85
28929,2892.9,5,1,0,11.61
28930,2893,5,0,0,11.6
28931,2893.1,5,0,0,11.63
28932,2893.2,5,0,0,11.59
28933,2893.3,5,0,0,11.58
28934,2893.4,5,0,0,11.55
28935,2893.5,5,0,0,11.58
28936,2893.6,5,0,0,11.55
28937,2893.7,5,0,0,11.54
28938,2893.8,5,0,0,11.57
28939,2893.9,5,0,0,11.57
28940,2894,5,0,0,11.55
28941,2894.1,5,0,0,11.56
28942,2894.2,5,0,0,11.56
28943,2894.3,5,0,0,11.55
28944,2894.4,5,0,0,11.51
28945,2894.5,5,0,0,11.5
28946,2894.6,5,0,0,11.47
28947,2894.7,6,0,0,11.73
28948,2894.8,6,0,0,11.71
28949,2894.9,6,0,0,11.67
28950,2895,6,0,0,11.65
28951,2895.1,6,0,0,11.63
28952,2895.2,6,0,0,11.61
28953,2895.3,5,1,0,11.35
28954,2895.4,6,0,0,11.79
28955,2895.5,7,0,0,12.09
28956,2895.6,6,1,0,11.81
28957,2895.7,6,0,0,11.78
28958,2895.8,6,0,0,11.77
28959,2895.9,6,0,0,11.77
28960,2896,6,0,0,11.73
28961,2896.1,7,0,0,11.49
28962,2896.2,7,0,0,11.44
28963,2896.3,6,1,0,11.7
28964,2896.4,6,0,0,11.7
28965,2896.5,6,0,0,11.69
28966,2896.6,6,0,0,11.67
28967,2896.7,6,0,0,11.68
28968,2896.8,6,0,0,11.66
28969,2896.9,6,0,0,11.63
28970,2897,5,1,0,11.95
28971,2897.1,5,0,0,11.97
28972,2897.2,5,0,0,12.01
28973,2897.3,5,0,0,12.08
28974,2897.4,5,0,0,12.16
28975,2897.5,5,0,0,12.25
28976,2897.6,6,0,0,12.35
28977,2897.7,6,0,0,12.42
28978,2897.8,6,0,0,12.5
28979,2897.9,6,0,0,12.57
28980,2898,6,0,0,12.64
28981,2898.1,6,0,0,12.71
28982,2898.2,5,1,0,12.82
28983,2898.3,5,0,0,12.88
28984,2898.4,5,0,0,13
28985,2898.5,6,0,0,13.24
28986,2898.6,6,0,0,13.36
28987,2898.7,6,0,0,13.43
28988,2898.8,6,0,0,13.51
28989,2898.9,5,1,0,13.59
28990,2899,4,1,0,13.58
28991,2899.1,5,0,0,13.72
28992,2899.2,5,0,0,13.78
28993,2899.3,5,0,0,13.85
28994,2899.4,5,0,0,13.91
28995,2899.5,5,0,0,13.94
28996,2899.6,5,0,0,13.91
28997,2899.7,5,0,0,13.94
28998,2899.8,5,0,0,13.9
28999,2899.9,5,0,0,13.92
29000,2900,5,0,0,13.95
29001,2900.1,5,0,0,13.9
29002,2900.2,5,0,0,13.9
29003,2900.3,4,1,0,13.93
29004,2900.4,5,0,0,13.9
29005,2900.5,5,0,0,13.91
29006,2900.6,5,0,0,13.91
29007,2900.7,5,0,0,13.87
29008,2900.8,5,0,0,13.9
29009,2900.9,5,0,0,13.89
29010,2901,4,1,0,13.95
29011,2901.1,4,0,0,13.94
29012,2901.2,4,0,0,13.88
29013,2901.3,4,0,0,13.93
29014,2901.4,4,0,0,13.97
29015,2901.5,4,0,0,13.89
29016,2901.6,4,0,0,13.91
29017,2901.7,5,0,0,13.62
29018,2901.8,4,1,0,13.52
29019,2901.9,4,0,0,13.52
29020,2902,4,0,0,13.51
29021,2902.1,4,0,0,13.51
29022,2902.2,4,0,0,13.54
29023,2902.3,4,0,0,13.49
29024,2902.4,4,0,0,13.51
29025,2902.5,4,0,0,13.52
29026,2902.6,3,1,0,13.43
29027,2902.7,4,0,0,13.54
29028,2902.8,4,0,0,13.51
29029,2902.9,4,0,0,13.51
29030,2903,4,0,0,13.52
29031,2903.1,4,0,0,13.49
29032,2903.2,5,0,0,13.63
29033,2903.3,5,0,0,13.63
29034,2903.4,5,0,0,13.59
29035,2903.5,5,0,0,13.58
29036,2903.6,5,0,0,13.57
29037,2903.7,5,0,0,13.61
29038,2903.8,4,1,0,13.53
29039,2903.9,4,0,0,13.49
29040,2904,4,0,0,13.52
29041,2904.1,4,0,0,13.53
29042,2904.2,4,0,0,13.52
29043,2904.3,4,0,0,13.49
29044,2904.4,4,0,0,13.5
29045,2904.5,4,0,0,13.51
29046,2904.6,3,1,0,13.4
29047,2904.7,4,0,0,12.53
29048,2904.8,5,0,0,12.82
29049,2904.9,5,0,0,12.84
29050,2905,5,0,0,12.83
29051,2905.1,5,0,0,12.81
29052,2905.2,5,0,0,12.82
29053,2905.3,5,0,0,12.81
29054,2905.4,5,0,0,12.81
29055,2905.5,5,0,0,12.79
29056,2905.6,5,0,0,12.82
29057,2905.7,5,0,0,12.82
29058,2905.8,5,0,0,12.83
29059,2905.9,5,0,0,12.82
29060,2906,6,0,0,12.95
29061,2906.1,6,0,0,12.94
29062,2906.2,6,1,0,12.17
29063,2906.3,6,0,0,12.18
29064,2906.4,6,0,0,12.15
29065,2906.5,6,0,0,12.19
29066,2906.6,5,1,0,11.87
29067,2906.7,5,0,0,11.9
29068,2906.8,5,0,0,11.89
29069,2906.9,5,0,0,11.91
29070,2907,5,0,0,11.9
29071,2907.1,5,0,0,11.9
29072,2907.2,5,0,0,11.93
29073,2907.3,5,0,0,11.93
29074,2907.4,5,0,0,11.93
29075,2907.5,5,0,0,11.92
29076,2907.6,5,0,0,11.94
29077,2907.7,4,1,0,11.44
29078,2907.8,4,0,0,11.48
29079,2907.9,5,0,0,11.14
29080,2908,5,0,0,11.14
29081,2908.1,5,0,0,11.15
29082,2908.2,5,0,0,11.16
29083,2908.3,5,0,0,11.17
29084,2908.4,5,0,0,11.19
29085,2908.5,5,0,0,11.15
29086,2908.6,5,0,0,11.16
29087,2908.7,6,0,0,10.45
29088,2908.8,6,0,0,10.42
29089,2908.9,7,0,0,10.93
29090,2909,6,1,0,11.12
29091,2909.1,6,0,0,11.18
29092,2909.2,6,0,0,11.27
29093,2909.3,6,0,0,11.31
29094,2909.4,6,0,0,11.35
29095,2909.5,5,1,0,10.86
29096,2909.6,5,0,0,10.91
29097,2909.7,5,0,0,10.97
29098,2909.8,6,0,0,11.53
29099,2909.9,6,0,0,11.56
29100,2910,6,0,0,11.58
29101,2910.1,6,0,0,11.61
29102,2910.2,6,0,0,11.61
29103,2910.3,6,0,0,11.61
29104,2910.4,6,0,0,11.61
29105,2910.5,6,0,0,11.65
29106,2910.6,6,0,0,11.64
29107,2910.7,6,0,0,11.64
29108,2910.8,6,0,0,11.69
29109,2910.9,5,1,0,11.71
29110,2911,5,0,0,11.76
29111,2911.1,6,0,0,11.41
29112,2911.2,6,0,0,11.38
29113,2911.3,6,0,0,11.37
29114,2911.4,6,0,0,11.38
29115,2911.5,6,0,0,11.42
29116,2911.6,6,0,0,11.45
29117,2911.7,7,0,0,11.79
29118,2911.8,7,0,0,11.8
29119,2911.9,7,0,0,11.77
29120,2912,7,0,0,11.81
29121,2912.1,6,1,0,11.72
29122,2912.2,6,0,0,11.75
29123,2912.3,6,1,0,11.07
29124,2912.4,6,0,0,11.07
29125,2912.5,5,1,0,11.3
29126,2912.6,5,0,0,11.31
29127,2912.7,5,0,0,11.3
29128,2912.8,5,0,0,11.32
29129,2912.9,5,0,0,11.33
29130,2913,5,0,0,11.33
29131,2913.1,5,0,0,11.35
29132,2913.2,5,0,0,11.33
29133,2913.3,5,1,0,11.36
29134,2913.4,5,0,0,11.35
29135,2913.5,5,0,0,11.4
29136,2913.6,5,0,0,11.37
29137,2913.7,5,0,0,11.37
29138,2913.8,5,0,0,11.37
29139,2913.9,5,0,0,11.4
29140,2914,4,1,0,10.77
29141,2914.1,4,0,0,10.74
29142,2914.2,4,0,0,10.79
29143,2914.3,5,0,0,11.36
29144,2914.4,5,0,0,11.35
29145,2914.5,6,0,0,11.77
29146,2914.6,6,0,0,11.75
29147,2914.7,6,0,0,11.71
29148,2914.8,6,0,0,11.74
29149,2914.9,6,0,0,11.73
29150,2915,6,0,0,11.73
29151,2915.1,5,1,0,11.25
29152,2915.2,5,0,0,11.22
29153,2915.3,5,0,0,11.24
29154,2915.4,5,0,0,11.23
29155,2915.5,5,0,0,11.2
29156,2915.6,5,0,0,11.17
29157,2915.7,5,0,0,11.17
29158,2915.8,5,0,0,11.14
29159,2915.9,5,0,0,11.16
29160,2916,5,0,0,11.15
29161,2916.1,5,0,0,11.16
29162,2916.2,5,0,0,11.11
29163,2916.3,5,0,0,11.09
29164,2916.4,5,0,0,11.1
29165,2916.5,5,0,0,11.06
29166,2916.6,5,0,0,11.06
29167,2916.7,5,0,0,11.05
29168,2916.8,4,1,0,10.35
29169,2916.9,5,0,0,10.87
29170,2917,5,0,0,10.84
29171,2917.1,5,0,0,10.88
29172,2917.2,5,0,0,10.85
29173,2917.3,6,0,0,11.36
29174,2917.4,7,0,0,11.54
29175,2917.5,7,0,0,11.54
29176,2917.6,7,0,0,11.56
29177,2917.7,7,0,0,11.51
29178,2917.8,7,0,0,11.51
29179,2917.9,6,1,0,11.12
29180,2918,6,0,0,11.1
29181,2918.1,6,0,0,11.08
29182,2918.2,6,0,0,11.1
29183,2918.3,6,0,0,11.07
29184,2918.4,6,0,0,11.08
29185,2918.5,6,0,0,11.06
29186,2918.6,6,0,0,11.07
29187,2918.7,6,0,0,11.09
29188,2918.8,6,0,0,11.05
29189,2918.9,6,0,0,11.08
29190,2919,6,0,0,11.05
29191,2919.1,6,0,0,11.06
29192,2919.2,6,0,0,11.05
29193,2919.3,6,0,0,11.06
29194,2919.4,6,0,0,11.04
29195,2919.5,6,0,0,11.02
29196,2919.6,6,0,0,11.02
29197,2919.7,6,0,0,11.03
29198,2919.8,6,0,0,11.03
29199,2919.9,6,0,0,11.03
29200,2920,6,0,0,11.03
29201,2920.1,5,1,0,11.22
29202,2920.2,6,0,0,11.71
29203,2920.3,6,0,0,11.73
29204,2920.4,7,0,0,12.09
29205,2920.5,7,0,0,12.14
29206,2920.6,7,1,0,12.12
29207,2920.7,7,0,0,12.2
29208,2920.8,6,1,0,11.97
29209,2920.9,6,0,0,12.05
29210,2921,6,0,0,12.08
29211,2921.1,6,0,0,12.16
29212,2921.2,6,0,0,12.24
29213,2921.3,6,0,0,12.32
29214,2921.4,6,0,0,12.42
29215,2921.5,6,0,0,12.45
29216,2921.6,6,0,0,12.43
29217,2921.7,6,0,0,12.49
29218,2921.8,6,0,0,12.48
29219,2921.9,6,0,0,12.5
29220,2922,6,0,0,12.5
29221,2922.1,5,1,0,12.54
29222,2922.2,5,0,0,12.55
29223,2922.3,5,0,0,12.62
29224,2922.4,5,0,0,12.71
29225,2922.5,5,0,0,12.76
29226,2922.6,5,0,0,12.82
29227,2922.7,5,0,0,12.9
29228,2922.8,5,0,0,12.99
29229,2922.9,5,0,0,13.06
29230,2923,6,0,0,13.13
29231,2923.1,6,0,0,13.16
29232,2923.2,6,0,0,13.25
29233,2923.3,6,0,0,13.23
29234,2923.4,6,0,0,13.26
29235,2923.5,5,1,0,13.12
29236,2923.6,4,1,0,13.16
29237,2923.7,5,0,0,13.05
29238,2923.8,5,0,0,13.08
29239,2923.9,4,1,0,12.83
29240,2924,5,0,0,12.52
29241,2924.1,5,0,0,12.5
29242,2924.2,5,0,0,12.55
29243,2924.3,5,0,0,12.52
29244,2924.4,5,0,0,12.52
29245,2924.5,5,0,0,12.55
29246,2924.6,5,0,0,12.51
29247,2924.7,5,0,0,12.49
29248,2924.8,5,0,0,12.5
29249,2924.9,4,1,0,12.14
29250,2925,4,0,0,12.14
29251,2925.1,4,0,0,12.14
29252,2925.2,4,0,0,12.14
29253,2925.3,4,0,0,12.14
29254,2925.4,4,0,0,12.17
29255,2925.5,4,0,0,12.16
29256,2925.6,4,0,0,12.17
29257,2925.7,4,0,0,12.11
29258,2925.8,5,0,0,12.52
29259,2925.9,5,0,0,12.52
29260,2926,5,0,0,12.49
29261,2926.1,5,0,0,12.52
29262,2926.2,5,0,0,12.5
29263,2926.3,5,0,0,12.5
29264,2926.4,4,1,0,12.18
29265,2926.5,4,0,0,12.15
29266,2926.6,4,0,0,12.14
29267,2926.7,4,0,0,12.17
29268,2926.8,4,0,0,12.15
29269,2926.9,5,0,0,12.21
29270,2927,5,0,0,12.17
29271,2927.1,5,0,0,12.15
29272,2927.2,5,0,0,12.2
29273,2927.3,5,0,0,12.16
29274,2927.4,4,1,0,12.05
29275,2927.5,4,0,0,11.99
29276,2927.6,5,0,0,11.89
29277,2927.7,5,0,0,11.87
29278,2927.8,5,0,0,11.83
29279,2927.9,5,0,0,11.85
29280,2928,5,0,0,11.83
29281,2928.1,6,0,0,11.54
29282,2928.2,6,0,0,11.54
29283,2928.3,4,2,0,12.04
29284,2928.4,4,0,0,11.99
29285,2928.5,4,0,0,12.03
29286,2928.6,5,0,0,12.39
29287,2928.7,5,0,0,12.41
29288,2928.8,5,0,0,12.38
29289,2928.9,5,0,0,12.41
29290,2929,5,0,0,12.41
29291,2929.1,5,0,0,12.41
29292,2929.2,4,1,0,11.99
29293,2929.3,4,0,0,12.03
29294,2929.4,4,0,0,12.02
29295,2929.5,4,0,0,12.04
29296,2929.6,4,0,0,12
29297,2929.7,4,0,0,12.04
29298,2929.8,4,0,0,12.01
29299,2929.9,4,0,0,12.03
29300,2930,5,0,0,12.4
29301,2930.1,5,0,0,12.38
29302,2930.2,5,0,0,12.41
29303,2930.3,5,0,0,12.38
29304,2930.4,5,0,0,12.36
29305,2930.5,5,0,0,12.4
29306,2930.6,5,0,0,12.37
29307,2930.7,5,0,0,12.41
29308,2930.8,5,0,0,12.4
29309,2930.9,6,0,0,11.98
29310,2931,5,1,0,11.87
29311,2931.1,6,0,0,12.24
29312,2931.2,6,0,0,12.25
29313,2931.3,6,0,0,12.25
29314,2931.4,6,0,0,12.3
29315,2931.5,7,0,0,12.5
29316,2931.6,7,0,0,12.51
29317,2931.7,7,0,0,12.51
29318,2931.8,7,0,0,12.5
29319,2931.9,6,1,0,12.73
29320,2932,6,0,0,12.74
29321,2932.1,5,1,0,12.51
29322,2932.2,5,0,0,12.5
29323,2932.3,5,0,0,12.5
29324,2932.4,5,0,0,12.51
29325,2932.5,5,0,0,12.47
29326,2932.6,5,0,0,12.48
29327,2932.7,5,0,0,12.49
29328,2932.8,5,0,0,12.47
29329,2932.9,5,0,0,12.48
29330,2933,5,0,0,12.48
29331,2933.1,5,0,0,12.5
29332,2933.2,6,0,0,12.36
29333,2933.3,6,0,0,12.35
29334,2933.4,6,0,0,12.34
29335,2933.5,6,0,0,12.32
29336,2933.6,6,0,0,12.33
29337,2933.7,6,0,0,12.35
29338,2933.8,6,0,0,12.33
29339,2933.9,6,0,0,12.31
29340,2934,5,1,0,12.28
29341,2934.1,5,0,0,12.27
29342,2934.2,5,0,0,12.28
29343,2934.3,6,0,0,12.28
29344,2934.4,6,0,0,12.23
29345,2934.5,6,0,0,12.22
29346,2934.6,5,1,0,11.86
29347,2934.7,6,0,0,12.09
29348,2934.8,6,0,0,12.07
29349,2934.9,5,1,0,12.07
29350,2935,5,0,0,12.07
29351,2935.1,5,0,0,12.05
29352,2935.2,5,0,0,12.04
29353,2935.3,5,0,0,12.03
29354,2935.4,5,0,0,12.02
29355,2935.5,5,0,0,12.03
29356,2935.6,5,0,0,12.01
29357,2935.7,5,0,0,12.03
29358,2935.8,5,0,0,12.01
29359,2935.9,5,0,0,12
29360,2936,5,0,0,11.98
29361,2936.1,5,0,0,12.01
29362,2936.2,5,0,0,11.99
29363,2936.3,6,0,0,12.01
29364,2936.4,6,0,0,11.98
29365,2936.5,6,0,0,11.95
29366,2936.6,6,0,0,11.96
29367,2936.7,6,0,0,11.99
29368,2936.8,6,0,0,11.98
29369,2936.9,6,0,0,11.97
29370,2937,6,0,0,11.98
29371,2937.1,7,0,0,12.12
29372,2937.2,7,0,0,12.09
29373,2937.3,6,1,0,12.06
29374,2937.4,6,0,0,12.08
29375,2937.5,6,0,0,12.08
29376,2937.6,6,0,0,12.09
29377,2937.7,5,1,0,11.92
29378,2937.8,5,0,0,11.91
29379,2937.9,5,0,0,11.89
29380,2938,5,0,0,11.89
29381,2938.1,5,0,0,11.89
29382,2938.2,6,0,0,11.56
29383,2938.3,6,0,0,11.55
29384,2938.4,5,1,0,11.24
29385,2938.5,5,0,0,11.23
29386,2938.6,5,0,0,11.22
29387,2938.7,5,0,0,11.22
29388,2938.8,5,0,0,11.25
29389,2938.9,5,0,0,11.21
29390,2939,5,0,0,11.22
29391,2939.1,5,0,0,11.2
29392,2939.2,4,1,0,10.53
29393,2939.3,4,0,0,10.52
29394,2939.4,5,0,0,10.96
29395,2939.5,5,0,0,10.95
29396,2939.6,5,0,0,10.95
29397,2939.7,5,0,0,10.93
29398,2939.8,5,0,0,10.93
29399,2939.9,6,0,0,11.45
29400,2940,6,0,0,11.43
29401,2940.1,6,0,0,11.46
29402,2940.2,6,0,0,11.42
29403,2940.3,6,0,0,11.44
29404,2940.4,6,0,0,11.45
29405,2940.5,5,1,0,10.99
29406,2940.6,5,0,0,10.93
29407,2940.7,5,0,0,10.96
29408,2940.8,5,0,0,10.94
29409,2940.9,5,0,0,10.95
29410,2941,5,0,0,10.94
29411,2941.1,5,0,0,10.93
29412,2941.2,5,0,0,10.95
29413,2941.3,5,0,0,10.92
29414,2941.4,5,0,0,10.93
29415,2941.5,5,0,0,10.95
29416,2941.6,5,0,0,10.94
29417,2941.7,5,0,0,10.95
29418,2941.8,6,0,0,11.13
29419,2941.9,6,0,0,11.14
29420,2942,6,0,0,11.1
29421,2942.1,6,0,0,11.1
29422,2942.2,6,0,0,11.16
29423,2942.3,6,0,0,11.13
29424,2942.4,6,0,0,11.11
29425,2942.5,6,0,0,11.11
29426,2942.6,7,0,0,11.44
29427,2942.7,7,0,0,11.44
29428,2942.8,8,0,0,11.74
29429,2942.9,8,0,0,11.71
29430,2943,8,0,0,11.73
29431,2943.1,6,2,0,12.27
29432,2943.2,6,0,0,12.32
29433,2943.3,6,0,0,12.36
29434,2943.4,5,1,0,12.09
29435,2943.5,5,0,0,12.15
29436,2943.6,5,0,0,12.23
29437,2943.7,5,0,0,12.3
29438,2943.8,5,0,0,12.31
29439,2943.9,5,0,0,12.35
29440,2944,5,0,0,12.4
29441,2944.1,6,0,0,12.02
29442,2944.2,6,0,0,12.04
29443,2944.3,5,1,0,12.47
29444,2944.4,5,0,0,12.51
29445,2944.5,5,0,0,12.59
29446,2944.6,5,0,0,12.59
29447,2944.7,5,0,0,12.64
29448,2944.8,5,0,0,12.61
29449,2944.9,5,0,0,12.62
29450,2945,5,0,0,12.62
29451,2945.1,4,1,0,12.59
29452,2945.2,4,0,0,12.6
29453,2945.3,5,0,0,12.88
29454,2945.4,5,0,0,12.86
29455,2945.5,5,0,0,12.85
29456,2945.6,6,0,0,12.96
29457,2945.7,7,0,0,13.08
29458,2945.8,6,1,0,13.25
29459,2945.9,6,0,0,13.26
29460,2946,6,0,0,13.29
29461,2946.1,6,0,0,13.27
29462,2946.2,6,1,0,12.65
29463,2946.3,6,0,0,12.64
29464,2946.4,6,0,0,12.63
29465,2946.5,6,0,0,12.65
29466,2946.6,6,0,0,12.66
29467,2946.7,6,0,0,12.69
29468,2946.8,6,0,0,12.67
29469,2946.9,5,1,0,12.85
29470,2947,5,0,0,12.83
29471,2947.1,5,0,0,12.84
29472,2947.2,5,0,0,12.83
29473,2947.3,5,0,0,12.84
29474,2947.4,5,0,0,12.78
29475,2947.5,5,0,0,12.82
29476,2947.6,5,0,0,12.81
29477,2947.7,5,0,0,12.83
29478,2947.8,5,0,0,12.81
29479,2947.9,5,0,0,12.83
29480,2948,5,0,0,12.81
29481,2948.1,5,0,0,12.84
29482,2948.2,5,0,0,12.78
29483,2948.3,5,0,0,12.85
29484,2948.4,6,0,0,13
29485,2948.5,6,0,0,13.02
29486,2948.6,6,0,0,13.02
29487,2948.7,6,0,0,12.99
29488,2948.8,5,1,0,12.81
29489,2948.9,7,0,0,12.79
29490,2949,6,1,0,12.58
29491,2949.1,6,0,0,12.57
29492,2949.2,6,0,0,12.56
29493,2949.3,6,0,0,12.52
29494,2949.4,5,1,0,12.5
29495,2949.5,5,0,0,12.49
29496,2949.6,5,0,0,12.45
29497,2949.7,5,0,0,12.45
29498,2949.8,5,0,0,12.44
29499,2949.9,5,0,0,12.45
29500,2950,5,0,0,12.44
29501,2950.1,5,0,0,12.4
29502,2950.2,5,0,0,12.4
29503,2950.3,5,0,0,12.4
29504,2950.4,5,0,0,12.37
29505,2950.5,4,1,0,12.95
29506,2950.6,4,0,0,13.02
29507,2950.7,4,0,0,13.06
29508,2950.8,4,0,0,13.1
29509,2950.9,4,0,0,13.16
29510,2951,4,0,0,13.19
29511,2951.1,4,0,0,13.23
29512,2951.2,5,0,0,13.42
29513,2951.3,5,0,0,13.46
29514,2951.4,5,0,0,13.48
29515,2951.5,5,0,0,13.47
29516,2951.6,5,0,0,13.47
29517,2951.7,5,0,0,13.47
29518,2951.8,4,1,0,13.36
29519,2951.9,4,0,0,13.38
29520,2952,4,1,0,12.92
29521,2952.1,4,0,0,12.9
29522,2952.2,4,0,0,12.87
29523,2952.3,4,0,0,12.9
29524,2952.4,4,0,0,12.88
29525,2952.5,5,0,0,12.84
29526,2952.6,5,0,0,12.86
29527,2952.7,4,1,0,12.69
29528,2952.8,4,0,0,12.69
29529,2952.9,4,0,0,12.75
29530,2953,4,0,0,12.67
29531,2953.1,4,0,0,12.69
29532,2953.2,4,0,0,12.69
29533,2953.3,4,0,0,12.72
29534,2953.4,4,0,0,12.67
29535,2953.5,4,0,0,12.73
29536,2953.6,4,0,0,12.71
29537,2953.7,4,0,0,12.67
29538,2953.8,4,0,0,12.71
29539,2953.9,4,0,0,12.72
29540,2954,5,0,0,12.19
29541,2954.1,6,0,0,12.46
29542,2954.2,6,0,0,12.47
29543,2954.3,6,0,0,12.45
29544,2954.4,6,0,0,12.42
29545,2954.5,6,0,0,12.48
29546,2954.6,6,0,0,12.44
29547,2954.7,5,1,0,12.19
29548,2954.8,5,0,0,12.16
29549,2954.9,4,1,0,11.73
29550,2955,4,0,0,11.72
29551,2955.1,4,0,0,11.7
29552,2955.2,5,0,0,11.04
29553,2955.3,5,0,0,11.03
29554,2955.4,5,0,0,11.02
29555,2955.5,5,0,0,11.04
29556,2955.6,5,0,0,11.03
29557,2955.7,5,0,0,11.06
29558,2955.8,5,0,0,11.08
29559,2955.9,5,0,0,11.07
29560,2956,6,0,0,11.45
29561,2956.1,6,0,0,11.47
29562,2956.2,6,0,0,11.47
29563,2956.3,5,1,0,11.22
29564,2956.4,5,0,0,11.26
29565,2956.5,5,0,0,11.25
29566,2956.6,5,0,0,11.23
29567,2956.7,5,0,0,11.27
29568,2956.8,5,0,0,11.27
29569,2956.9,6,0,0,11.65
29570,2957,6,0,0,11.63
29571,2957.1,6,0,0,11.62
29572,2957.2,6,0,0,11.67
29573,2957.3,6,0,0,11.62
29574,2957.4,6,0,0,11.67
29575,2957.5,5,1,0,11.32
29576,2957.6,5,0,0,11.32
29577,2957.7,5,0,0,11.29
29578,2957.8,5,0,0,11.32
29579,2957.9,5,0,0,11.33
29580,2958,5,0,0,11.31
29581,2958.1,5,0,0,11.34
29582,2958.2,5,0,0,11.34
29583,2958.3,6,0,0,11.58
29584,2958.4,6,0,0,11.56
29585,2958.5,6,0,0,11.54
29586,2958.6,6,0,0,11.53
29587,2958.7,6,0,0,11.5
29588,2958.8,6,0,0,11.5
29589,2958.9,6,0,0,11.48
29590,2959,6,0,0,11.51
29591,2959.1,5,1,0,11.3
29592,2959.2,5,0,0,11.27
29593,2959.3,5,0,0,11.28
29594,2959.4,5,0,0,11.26
29595,2959.5,5,0,0,11.24
29596,2959.6,6,0,0,11.72
29597,2959.7,6,1,0,11.52
29598,2959.8,6,0,0,11.51
29599,2959.9,6,0,0,11.54
29600,2960,6,0,0,11.51
29601,2960.1,6,0,0,11.5
29602,2960.2,6,0,0,11.49
29603,2960.3,6,1,0,11.14
29604,2960.4,6,0,0,11.12
29605,2960.5,5,1,0,11.34
29606,2960.6,5,0,0,11.33
29607,2960.7,5,0,0,11.31
29608,2960.8,5,0,0,11.32
29609,2960.9,5,0,0,11.31
29610,2961,5,0,0,11.33
29611,2961.1,5,0,0,11.33
29612,2961.2,5,0,0,11.28
29613,2961.3,5,0,0,11.24
29614,2961.4,5,0,0,11.26
29615,2961.5,6,0,0,11.47
29616,2961.6,6,0,0,11.46
29617,2961.7,6,0,0,11.46
29618,2961.8,6,0,0,11.45
29619,2961.9,6,0,0,11.44
29620,2962,6,0,0,11.44
29621,2962.1,6,0,0,11.41
29622,2962.2,6,0,0,11.42
29623,2962.3,6,0,0,11.38
29624,2962.4,6,0,0,11.41
29625,2962.5,7,0,0,11.6
29626,2962.6,7,0,0,11.62
29627,2962.7,7,0,0,11.59
29628,2962.8,7,0,0,11.6
29629,2962.9,6,1,0,11.58
29630,2963,6,0,0,11.59
29631,2963.1,5,2,0,11.34
29632,2963.2,5,0,0,11.3
29633,2963.3,5,0,0,11.3
29634,2963.4,5,0,0,11.32
29635,2963.5,5,0,0,11.32
29636,2963.6,5,0,0,11.34
29637,2963.7,5,0,0,11.32
29638,2963.8,5,0,0,11.32
29639,2963.9,5,0,0,11.29
29640,2964,5,0,0,11.31
29641,2964.1,5,0,0,11.33
29642,2964.2,5,0,0,11.32
29643,2964.3,5,0,0,11.34
29644,2964.4,5,0,0,11.32
29645,2964.5,5,0,0,11.28
29646,2964.6,6,0,0,11.59
29647,2964.7,6,0,0,11.59
29648,2964.8,6,0,0,11.61
29649,2964.9,6,0,0,11.6
29650,2965,6,0,0,11.58
29651,2965.1,6,0,0,11.56
29652,2965.2,6,0,0,11.54
29653,2965.3,7,0,0,11.92
29654,2965.4,7,0,0,11.93
29655,2965.5,7,0,0,11.89
29656,2965.6,7,0,0,11.9
29657,2965.7,7,0,0,11.93
29658,2965.8,7,0,0,11.92
29659,2965.9,6,1,0,11.57
29660,2966,6,0,0,11.58
29661,2966.1,6,0,0,11.58
29662,2966.2,5,1,0,11.88
29663,2966.3,5,0,0,11.95
29664,2966.4,5,0,0,11.96
29665,2966.5,5,0,0,12.03
29666,2966.6,4,1,0,11.66
29667,2966.7,5,0,0,12.17
29668,2966.8,5,0,0,12.22
29669,2966.9,5,0,0,12.3
29670,2967,5,0,0,12.36
29671,2967.1,5,0,0,12.47
29672,2967.2,5,0,0,12.53
29673,2967.3,5,0,0,12.6
29674,2967.4,5,0,0,12.7
29675,2967.5,5,0,0,12.75
29676,2967.6,5,0,0,12.81
29677,2967.7,5,0,0,12.9
29678,2967.8,6,0,0,12.86
29679,2967.9,6,0,0,12.91
29680,2968,6,0,0,12.96
29681,2968.1,5,1,0,12.83
29682,2968.2,6,0,0,13.07
29683,2968.3,6,0,0,13.06
29684,2968.4,6,0,0,13.03
29685,2968.5,6,0,0,13.05
29686,2968.6,6,0,0,13.01
29687,2968.7,6,0,0,13.05
29688,2968.8,5,1,0,12.88
29689,2968.9,5,0,0,12.86
29690,2969,5,0,0,12.83
29691,2969.1,5,0,0,12.86
29692,2969.2,5,0,0,12.85
29693,2969.3,5,0,0,12.85
29694,2969.4,5,0,0,12.87
29695,2969.5,5,0,0,12.84
29696,2969.6,4,1,0,12.91
29697,2969.7,4,0,0,12.87
29698,2969.8,4,0,0,12.91
29699,2969.9,4,0,0,12.92
29700,2970,4,0,0,12.92
29701,2970.1,4,0,0,12.94
29702,2970.2,4,1,0,12.47
29703,2970.3,4,0,0,12.44
29704,2970.4,4,0,0,12.47
29705,2970.5,4,0,0,12.47
29706,2970.6,4,0,0,12.5
29707,2970.7,4,0,0,12.46
29708,2970.8,4,0,0,12.49
29709,2970.9,5,0,0,12.66
29710,2971,6,0,0,12.62
29711,2971.1,6,0,0,12.61
29712,2971.2,6,0,0,12.59
29713,2971.3,6,0,0,12.62
29714,2971.4,6,0,0,12.61
29715,2971.5,6,0,0,12.65
29716,2971.6,5,1,0,12.63
29717,2971.7,5,0,0,12.61
29718,2971.8,5,0,0,12.63
29719,2971.9,4,1,0,12.7
29720,2972,4,0,0,12.72
29721,2972.1,4,0,0,12.7
29722,2972.2,4,0,0,12.72
29723,2972.3,4,0,0,12.73
29724,2972.4,4,0,0,12.7
29725,2972.5,4,0,0,12.7
29726,2972.6,4,0,0,12.71
29727,2972.7,4,0,0,12.71
29728,2972.8,4,0,0,12.71
29729,2972.9,4,0,0,12.68
29730,2973,4,0,0,12.73
29731,2973.1,4,0,0,12.72
29732,2973.2,4,0,0,12.68
29733,2973.3,4,0,0,12.68
29734,2973.4,4,0,0,12.74
29735,2973.5,4,0,0,12.7
29736,2973.6,4,0,0,12.67
29737,2973.7,4,0,0,12.72
29738,2973.8,6,0,0,12.63
29739,2973.9,6,0,0,12.62
29740,2974,6,0,0,12.64
29741,2974.1,7,0,0,12.8
29742,2974.2,6,1,0,12.93
29743,2974.3,6,0,0,12.92
29744,2974.4,4,2,0,12.63
29745,2974.5,4,0,0,12.64
29746,2974.6,4,0,0,12.64
29747,2974.7,4,0,0,12.64
29748,2974.8,4,0,0,12.62
29749,2974.9,4,0,0,12.61
29750,2975,4,0,0,12.62
29751,2975.1,4,0,0,12.64
29752,2975.2,4,0,0,12.6
29753,2975.3,4,0,0,12.63
29754,2975.4,4,0,0,12.63
29755,2975.5,4,0,0,12.6
29756,2975.6,4,0,0,12.61
29757,2975.7,4,0,0,12.6
29758,2975.8,4,0,0,12.63
29759,2975.9,4,0,0,12.62
29760,2976,4,0,0,12.64
29761,2976.1,5,0,0,12.11
29762,2976.2,5,0,0,12.1
29763,2976.3,4,1,0,12.61
29764,2976.4,4,0,0,12.62
29765,2976.5,4,0,0,12.62
29766,2976.6,5,0,0,12.9
29767,2976.7,5,0,0,12.87
29768,2976.8,5,0,0,12.9
29769,2976.9,5,0,0,12.89
29770,2977,5,0,0,12.89
29771,2977.1,6,0,0,12.43
29772,2977.2,5,1,0,12.1
29773,2977.3,5,0,0,12.1
29774,2977.4,6,0,0,12.33
29775,2977.5,6,0,0,12.29
29776,2977.6,6,0,0,12.31
29777,2977.7,6,0,0,12.32
29778,2977.8,6,0,0,12.32
29779,2977.9,7,0,0,11.53
29780,2978,7,0,0,11.52
29781,2978.1,7,0,0,11.53
29782,2978.2,5,2,0,11.5
29783,2978.3,5,0,0,11.56
29784,2978.4,5,0,0,11.55
29785,2978.5,5,0,0,11.6
29786,2978.6,5,0,0,11.59
29787,2978.7,5,0,0,11.62
29788,2978.8,5,0,0,11.66
29789,2978.9,5,0,0,11.67
29790,2979,5,0,0,11.68
29791,2979.1,5,0,0,11.68
29792,2979.2,5,0,0,11.74
29793,2979.3,5,0,0,11.71
29794,2979.4,5,0,0,11.75
29795,2979.5,6,0,0,12.13
29796,2979.6,6,0,0,12.13
29797,2979.7,6,0,0,12.15
29798,2979.8,6,0,0,12.15
29799,2979.9,6,0,0,12.18
29800,2980,6,0,0,12.18
29801,2980.1,5,1,0,11.83
29802,2980.2,5,0,0,11.83
29803,2980.3,5,0,0,11.84
29804,2980.4,6,0,0,11.56
29805,2980.5,5,1,0,11.15
29806,2980.6,5,0,0,11.17
29807,2980.7,5,0,0,11.19
29808,2980.8,5,0,0,11.22
29809,2980.9,6,0,0,11.68
29810,2981,5,1,0,11.34
29811,2981.1,5,0,0,11.36
29812,2981.2,5,0,0,11.35
29813,2981.3,5,0,0,11.35
29814,2981.4,5,0,0,11.33
29815,2981.5,5,0,0,11.33
29816,2981.6,5,0,0,11.33
29817,2981.7,5,0,0,11.35
29818,2981.8,5,0,0,11.35
29819,2981.9,5,0,0,11.34
29820,2982,5,0,0,11.4
29821,2982.1,5,0,0,11.37
29822,2982.2,5,0,0,11.38
29823,2982.3,6,0,0,11.83
29824,2982.4,6,0,0,11.8
29825,2982.5,6,0,0,11.81
29826,2982.6,6,0,0,11.84
29827,2982.7,6,0,0,11.82
29828,2982.8,6,0,0,11.84
29829,2982.9,5,1,0,11.41
29830,2983,5,0,0,11.4
29831,2983.1,5,0,0,11.43
29832,2983.2,5,0,0,11.4
29833,2983.3,4,1,0,10.78
29834,2983.4,4,0,0,10.77
29835,2983.5,5,0,0,11.28
29836,2983.6,5,0,0,11.3
29837,2983.7,5,0,0,11.31
29838,2983.8,5,0,0,11.28
29839,2983.9,5,0,0,11.29
29840,2984,5,0,0,11.25
29841,2984.1,5,0,0,11.29
29842,2984.2,5,0,0,11.26
29843,2984.3,5,0,0,11.26
29844,2984.4,4,1,0,10.6
29845,2984.5,5,0,0,11.28
29846,2984.6,5,0,0,11.21
29847,2984.7,5,0,0,11.2
29848,2984.8,5,0,0,11.19
29849,2984.9,5,0,0,11.17
29850,2985,5,0,0,11.18
29851,2985.1,6,0,0,11.65
29852,2985.2,6,0,0,11.61
29853,2985.3,6,0,0,11.61
29854,2985.4,6,0,0,11.59
29855,2985.5,6,0,0,11.56
29856,2985.6,6,0,0,11.56
29857,2985.7,5,1,0,11.09
29858,2985.8,5,0,0,11.09
29859,2985.9,5,0,0,11.06
29860,2986,5,0,0,11.07
29861,2986.1,5,0,0,11.06
29862,2986.2,5,0,0,11.06
29863,2986.3,5,0,0,11.03
29864,2986.4,5,0,0,11.03
29865,2986.5,6,0,0,10.82
29866,2986.6,6,0,0,10.82
29867,2986.7,7,0,0,11.18
29868,2986.8,7,0,0,11.18
29869,2986.9,7,0,0,11.19
29870,2987,7,0,0,11.19
29871,2987.1,7,0,0,11.17
29872,2987.2,7,0,0,11.15
29873,2987.3,7,0,0,11.13
29874,2987.4,7,0,0,11.12
29875,2987.5,7,0,0,11.12
29876,2987.6,7,0,0,11.13
29877,2987.7,7,0,0,11.13
29878,2987.8,7,0,0,11.13
29879,2987.9,8,0,0,11.47
29880,2988,8,1,0,10.89
29881,2988.1,8,0,0,10.89
29882,2988.2,8,0,0,10.88
29883,2988.3,8,0,0,10.89
29884,2988.4,8,0,0,10.88
29885,2988.5,7,1,0,10.45
29886,2988.6,7,0,0,10.43
29887,2988.7,7,0,0,10.43
29888,2988.8,7,0,0,10.43
29889,2988.9,7,0,0,10.44
29890,2989,7,0,0,10.45
29891,2989.1,7,0,0,10.43
29892,2989.2,7,0,0,10.44
29893,2989.3,6,1,0,10.52
29894,2989.4,6,0,0,10.52
29895,2989.5,6,0,0,10.58
29896,2989.6,6,0,0,10.64
29897,2989.7,6,0,0,10.7
29898,2989.8,7,0,0,11.26
29899,2989.9,7,0,0,11.31
29900,2990,7,0,0,11.39
29901,2990.1,7,0,0,11.49
29902,2990.2,7,0,0,11.54
29903,2990.3,7,0,0,11.6
29904,2990.4,7,0,0,11.63
29905,2990.5,7,0,0,11.66
29906,2990.6,7,0,0,11.69
29907,2990.7,7,0,0,11.72
29908,2990.8,7,1,0,12.14
29909,2990.9,7,0,0,12.17
29910,2991,7,0,0,12.24
29911,2991.1,7,0,0,12.3
29912,2991.2,6,1,0,12.15
29913,2991.3,6,0,0,12.16
29914,2991.4,5,1,0,12.13
29915,2991.5,5,0,0,12.16
29916,2991.6,6,0,0,12.1
29917,2991.7,6,0,0,12.12
29918,2991.8,6,0,0,12.16
29919,2991.9,6,0,0,12.18
29920,2992,6,0,0,12.24
29921,2992.1,7,0,0,11.94
29922,2992.2,7,0,0,11.96
29923,2992.3,6,1,0,12.3
29924,2992.4,6,0,0,12.36
29925,2992.5,6,0,0,12.39
29926,2992.6,5,1,0,12.24
29927,2992.7,5,0,0,12.23
29928,2992.8,5,0,0,12.21
29929,2992.9,5,1,0,12.57
29930,2993,5,0,0,12.6
29931,2993.1,5,0,0,12.6
29932,2993.2,5,0,0,12.67
29933,2993.3,5,0,0,12.71
29934,2993.4,5,0,0,12.77
29935,2993.5,5,0,0,12.8
29936,2993.6,6,0,0,13
29937,2993.7,6,0,0,13.01
29938,2993.8,6,0,0,13.03
29939,2993.9,6,0,0,13.04
29940,2994,6,0,0,13.06
29941,2994.1,6,0,0,13.03
29942,2994.2,5,1,0,12.92
29943,2994.3,5,0,0,12.9
29944,2994.4,4,1,0,12.84
29945,2994.5,4,0,0,12.86
29946,2994.6,4,0,0,12.88
29947,2994.7,4,0,0,12.86
29948,2994.8,4,0,0,12.84
29949,2994.9,4,0,0,12.86
29950,2995,4,0,0,12.82
29951,2995.1,5,0,0,13.08
29952,2995.2,5,0,0,13.08
29953,2995.3,5,0,0,13.09
29954,2995.4,5,0,0,13.06
29955,2995.5,5,0,0,13.05
29956,2995.6,5,0,0,13.1
29957,2995.7,5,0,0,13.08
29958,2995.8,4,1,0,13.52
29959,2995.9,4,0,0,13.49
29960,2996,4,0,0,13.49
29961,2996.1,5,0,0,13.02
29962,2996.2,5,0,0,13.01
29963,2996.3,5,0,0,13.04
29964,2996.4,5,1,0,13.2
29965,2996.5,5,0,0,13.21
29966,2996.6,5,0,0,13.22
29967,2996.7,5,0,0,13.2
29968,2996.8,5,0,0,13.2
29969,2996.9,5,0,0,13.21
29970,2997,4,1,0,13
29971,2997.1,4,0,0,12.97
29972,2997.2,4,0,0,13.03
29973,2997.3,4,0,0,12.98
29974,2997.4,4,0,0,13
29975,2997.5,4,0,0,13.01
29976,2997.6,4,0,0,13.02
29977,2997.7,4,0,0,12.99
29978,2997.8,4,0,0,12.99
29979,2997.9,4,0,0,12.97
29980,2998,4,0,0,13
29981,2998.1,4,0,0,13.01
29982,2998.2,4,0,0,13
29983,2998.3,4,0,0,13.03
29984,2998.4,4,0,0,13.03
29985,2998.5,4,0,0,13.03
29986,2998.6,3,1,0,12.64
29987,2998.7,4,0,0,12.99
29988,2998.8,4,0,0,12.92
29989,2998.9,4,0,0,12.94
29990,2999,3,1,0,12.58
29991,2999.1,3,0,0,12.58
29992,2999.2,5,0,0,12.51
29993,2999.3,5,0,0,12.52
29994,2999.4,5,0,0,12.48
29995,2999.5,5,0,0,12.48
29996,2999.6,5,0,0,12.51
29997,2999.7,5,0,0,12.47
29998,2999.8,5,0,0,12.49
29999,2999.9,4,1,0,12.95
30000,3000,4,0,0,12.93
30001,3000.1,4,0,0,12.94
30002,3000.2,5,0,0,12.33
30003,3000.3,5,0,0,12.35
30004,3000.4,5,0,0,12.35
30005,3000.5,5,0,0,12.34
30006,3000.6,5,0,0,12.36
30007,3000.7,5,0,0,12.35
30008,3000.8,5,0,0,12.36
30009,3000.9,5,0,0,12.35
30010,3001,5,0,0,12.34
30011,3001.1,5,0,0,12.31
30012,3001.2,5,0,0,12.37
30013,3001.3,5,0,0,12.34
30014,3001.4,5,0,0,12.33
30015,3001.5,5,0,0,12.35
30016,3001.6,5,0,0,12.31
30017,3001.7,5,0,0,12.32
30018,3001.8,5,0,0,12.28
30019,3001.9,5,0,0,12.3
30020,3002,5,0,0,12.26
30021,3002.1,6,0,0,12.52
30022,3002.2,5,1,0,12.29
30023,3002.3,6,0,0,12.57
30024,3002.4,7,0,0,12.37
30025,3002.5,7,0,0,12.38
30026,3002.6,7,0,0,12.35
30027,3002.7,6,1,0,12.07
30028,3002.8,5,1,0,11.9
30029,3002.9,5,0,0,11.92
30030,3003,5,0,0,11.91
30031,3003.1,5,0,0,11.88
30032,3003.2,5,0,0,11.88
30033,3003.3,5,0,0,11.85
30034,3003.4,5,0,0,11.84
30035,3003.5,5,0,0,11.79
30036,3003.6,5,0,0,11.79
30037,3003.7,5,0,0,11.75
30038,3003.8,5,0,0,11.76
30039,3003.9,5,0,0,11.71
30040,3004,5,0,0,11.73
30041,3004.1,5,0,0,11.71
30042,3004.2,5,0,0,11.7
30043,3004.3,5,0,0,11.67
30044,3004.4,5,0,0,11.66
30045,3004.5,5,0,0,11.68
30046,3004.6,5,0,0,11.65
30047,3004.7,5,0,0,11.65
30048,3004.8,5,0,0,11.61
30049,3004.9,6,0,0,11.87
30050,3005,6,0,0,11.85
30051,3005.1,6,0,0,11.85
30052,3005.2,6,0,0,11.86
30053,3005.3,6,0,0,11.87
30054,3005.4,6,0,0,11.84
30055,3005.5,6,1,0,11.97
30056,3005.6,6,0,0,11.93
30057,3005.7,6,0,0,11.91
30058,3005.8,6,1,0,11.84
30059,3005.9,6,0,0,11.84
30060,3006,6,0,0,11.84
30061,3006.1,6,0,0,11.79
30062,3006.2,6,0,0,11.78
30063,3006.3,6,0,0,11.78
30064,3006.4,6,0,0,11.79
30065,3006.5,6,0,0,11.77
30066,3006.6,6,0,0,11.74
30067,3006.7,6,0,0,11.76
30068,3006.8,6,0,0,11.74
30069,3006.9,6,0,0,11.68
30070,3007,6,0,0,11.69
30071,3007.1,6,0,0,11.66
30072,3007.2,6,0,0,11.64
30073,3007.3,6,0,0,11.6
30074,3007.4,6,0,0,11.59
30075,3007.5,5,1,0,11.65
30076,3007.6,5,0,0,11.66
30077,3007.7,6,0,0,12.02
30078,3007.8,6,0,0,12.05
30079,3007.9,6,0,0,12.08
30080,3008,6,0,0,12.08
30081,3008.1,6,0,0,12.13
30082,3008.2,6,0,0,12.13
30083,3008.3,6,1,0,11.52
30084,3008.4,6,0,0,11.54
30085,3008.5,5,1,0,11.87
30086,3008.6,5,0,0,11.86
30087,3008.7,6,0,0,12.09
30088,3008.8,6,0,0,12.04
30089,3008.9,6,0,0,12.06
30090,3009,5,1,0,11.67
30091,3009.1,5,0,0,11.69
30092,3009.2,5,0,0,11.67
30093,3009.3,5,0,0,11.65
30094,3009.4,5,1,0,11.77
30095,3009.5,5,0,0,11.74
30096,3009.6,5,0,0,11.76
30097,3009.7,5,0,0,11.71
30098,3009.8,5,0,0,11.72
30099,3009.9,5,0,0,11.72
30100,3010,5,0,0,11.71
30101,3010.1,5,0,0,11.67
30102,3010.2,5,0,0,11.71
30103,3010.3,5,0,0,11.66
30104,3010.4,5,0,0,11.66
30105,3010.5,6,0,0,12.02
30106,3010.6,6,0,0,12.02
30107,3010.7,6,0,0,11.99
30108,3010.8,6,0,0,12.01
30109,3010.9,6,0,0,12
30110,3011,6,0,0,12
30111,3011.1,5,1,0,11.63
30112,3011.2,5,0,0,11.63
30113,3011.3,5,0,0,11.64
30114,3011.4,5,0,0,11.59
30115,3011.5,5,0,0,11.58
30116,3011.6,5,0,0,11.59
30117,3011.7,5,0,0,11.57
30118,3011.8,6,0,0,11.8
30119,3011.9,6,0,0,11.78
30120,3012,6,0,0,11.77
30121,3012.1,6,0,0,11.82
30122,3012.2,6,0,0,11.76
30123,3012.3,6,0,0,11.76
30124,3012.4,5,1,0,12.14
30125,3012.5,5,0,0,12.18
30126,3012.6,5,0,0,12.24
30127,3012.7,5,0,0,12.28
30128,3012.8,5,0,0,12.37
30129,3012.9,5,1,0,12.26
30130,3013,5,0,0,12.29
30131,3013.1,5,0,0,12.33
30132,3013.2,5,0,0,12.42
30133,3013.3,5,0,0,12.48
30134,3013.4,6,0,0,12.27
30135,3013.5,6,0,0,12.29
30136,3013.6,6,0,0,12.36
30137,3013.7,6,0,0,12.42
30138,3013.8,6,0,0,12.49
30139,3013.9,6,0,0,12.54
30140,3014,6,0,0,12.59
30141,3014.1,5,1,0,12.99
30142,3014.2,5,0,0,13.08
30143,3014.3,5,0,0,13.11
30144,3014.4,4,1,0,13.07
30145,3014.5,4,0,0,13.11
30146,3014.6,4,0,0,13.14
30147,3014.7,4,0,0,13.2
30148,3014.8,4,0,0,13.23
30149,3014.9,4,0,0,13.21
30150,3015,5,0,0,13
30151,3015.1,5,0,0,13.01
30152,3015.2,5,0,0,12.98
30153,3015.3,5,0,0,12.95
30154,3015.4,5,0,0,12.98
30155,3015.5,5,0,0,13.02
30156,3015.6,5,0,0,12.97
30157,3015.7,5,0,0,13
30158,3015.8,4,1,0,12.75
30159,3015.9,4,0,0,12.73
30160,3016,4,0,0,12.73
30161,3016.1,4,0,0,12.71
30162,3016.2,5,0,0,13
30163,3016.3,5,0,0,12.95
30164,3016.4,5,0,0,12.98
30165,3016.5,6,0,0,13.1
30166,3016.6,5,1,0,13.09
30167,3016.7,5,0,0,13.1
30168,3016.8,4,1,0,12.91
30169,3016.9,4,0,0,12.87
30170,3017,4,0,0,12.88
30171,3017.1,4,0,0,12.9
30172,3017.2,4,0,0,12.89
30173,3017.3,4,0,0,12.86
30174,3017.4,4,0,0,12.93
30175,3017.5,4,0,0,12.89
30176,3017.6,4,0,0,12.89
30177,3017.7,4,0,0,12.91
30178,3017.8,4,0,0,12.92
30179,3017.9,4,0,0,12.89
30180,3018,4,0,0,12.9
30181,3018.1,5,0,0,13.04
30182,3018.2,5,0,0,13.01
30183,3018.3,5,0,0,13
30184,3018.4,5,0,0,13.02
30185,3018.5,5,0,0,13.02
30186,3018.6,4,1,0,13.06
30187,3018.7,4,0,0,13.03
30188,3018.8,4,0,0,13.07
30189,3018.9,4,0,0,13.05
30190,3019,5,0,0,13.24
30191,3019.1,5,0,0,13.22
30192,3019.2,5,0,0,13.21
30193,3019.3,5,0,0,13.22
30194,3019.4,5,0,0,13.2
30195,3019.5,5,0,0,13.23
30196,3019.6,4,1,0,13.06
30197,3019.7,4,0,0,13.07
30198,3019.8,4,0,0,13.05
30199,3019.9,4,0,0,13.05
30200,3020,4,1,0,13.13
30201,3020.1,4,0,0,13.11
30202,3020.2,4,0,0,13.13
30203,3020.3,4,0,0,13.1
30204,3020.4,4,0,0,13.08
30205,3020.5,4,0,0,13.09
30206,3020.6,4,0,0,13.1
30207,3020.7,4,0,0,13.11
30208,3020.8,4,0,0,13.12
30209,3020.9,4,0,0,13.11
30210,3021,4,0,0,13.09
30211,3021.1,4,0,0,13.11
30212,3021.2,4,0,0,13.08
30213,3021.3,5,0,0,13.31
30214,3021.4,5,0,0,13.26
30215,3021.5,5,0,0,13.29
30216,3021.6,4,1,0,13.36
30217,3021.7,4,0,0,13.38
30218,3021.8,5,0,0,13.28
30219,3021.9,5,0,0,13.27
30220,3022,5,0,0,13.26
30221,3022.1,5,0,0,13.26
30222,3022.2,5,0,0,13.25
30223,3022.3,5,0,0,13.26
30224,3022.4,4,1,0,13.36
30225,3022.5,4,0,0,13.36
30226,3022.6,4,0,0,13.36
30227,3022.7,4,0,0,13.36
30228,3022.8,4,0,0,13.33
30229,3022.9,4,0,0,13.33
30230,3023,4,0,0,13.33
30231,3023.1,4,0,0,13.34
30232,3023.2,5,0,0,12.68
30233,3023.3,5,0,0,12.67
30234,3023.4,5,0,0,12.64
30235,3023.5,4,1,0,12.36
30236,3023.6,5,0,0,12.54
30237,3023.7,5,0,0,12.55
30238,3023.8,5,0,0,12.54
30239,3023.9,5,0,0,12.5
30240,3024,5,0,0,12.53
30241,3024.1,6,0,0,12.09
30242,3024.2,6,0,0,12.08
30243,3024.3,5,1,0,12.53
30244,3024.4,6,0,0,11.8
30245,3024.5,6,0,0,11.78
30246,3024.6,6,0,0,11.81
30247,3024.7,7,0,0,11.81
30248,3024.8,7,0,0,11.83
30249,3024.9,7,0,0,11.79
30250,3025,7,0,0,11.82
30251,3025.1,7,0,0,11.84
30252,3025.2,7,0,0,11.84
30253,3025.3,7,0,0,11.82
30254,3025.4,6,1,0,11.88
30255,3025.5,6,0,0,11.88
30256,3025.6,5,1,0,11.89
30257,3025.7,5,0,0,11.89
30258,3025.8,5,0,0,11.87
30259,3025.9,5,0,0,11.9
30260,3026,5,0,0,11.9
30261,3026.1,5,0,0,11.91
30262,3026.2,5,0,0,11.94
30263,3026.3,5,0,0,11.92
30264,3026.4,5,0,0,11.94
30265,3026.5,5,0,0,11.93
30266,3026.6,5,0,0,11.96
30267,3026.7,5,0,0,11.98
30268,3026.8,5,0,0,11.96
30269,3026.9,5,0,0,11.95
30270,3027,5,0,0,11.94
30271,3027.1,5,0,0,11.99
30272,3027.2,6,0,0,12.31
30273,3027.3,5,1,0,12.15
30274,3027.4,5,0,0,12.16
30275,3027.5,5,1,0,12.24
30276,3027.6,6,0,0,11.89
30277,3027.7,6,0,0,11.88
30278,3027.8,6,0,0,11.85
30279,3027.9,6,0,0,11.84
30280,3028,6,0,0,11.85
30281,3028.1,6,1,0,11.16
30282,3028.2,6,0,0,11.14
30283,3028.3,6,0,0,11.16
30284,3028.4,6,0,0,11.18
30285,3028.5,6,0,0,11.2
30286,3028.6,6,0,0,11.22
30287,3028.7,6,0,0,11.24
30288,3028.8,6,0,0,11.24
30289,3028.9,6,0,0,11.24
30290,3029,6,0,0,11.23
30291,3029.1,6,0,0,11.24
30292,3029.2,6,0,0,11.23
30293,3029.3,6,0,0,11.25
30294,3029.4,6,0,0,11.23
30295,3029.5,6,0,0,11.24
30296,3029.6,6,0,0,11.23
30297,3029.7,6,0,0,11.22
30298,3029.8,6,0,0,11.24
30299,3029.9,6,0,0,11.23
30300,3030,6,0,0,11.24
30301,3030.1,6,0,0,11.24
30302,3030.2,6,0,0,11.27
30303,3030.3,7,0,0,11.29
30304,3030.4,7,0,0,11.26
30305,3030.5,6,1,0,10.83
30306,3030.6,6,0,0,10.83
30307,3030.7,7,1,0,10.82
30308,3030.8,7,0,0,10.77
30309,3030.9,7,0,0,10.78
30310,3031,6,1,0,10.71
30311,3031.1,6,0,0,10.68
30312,3031.2,6,0,0,10.71
30313,3031.3,6,0,0,10.67
30314,3031.4,6,0,0,10.65
30315,3031.5,6,0,0,10.62
30316,3031.6,6,0,0,10.6
30317,3031.7,6,0,0,10.58
30318,3031.8,6,0,0,10.59
30319,3031.9,6,0,0,10.62
30320,3032,6,0,0,10.58
30321,3032.1,6,0,0,10.56
30322,3032.2,6,0,0,10.54
30323,3032.3,6,0,0,10.53
30324,3032.4,5,1,0,10.63
30325,3032.5,5,0,0,10.64
30326,3032.6,5,0,0,10.59
30327,3032.7,5,0,0,10.58
30328,3032.8,5,0,0,10.59
30329,3032.9,5,0,0,10.58
30330,3033,5,0,0,10.58
30331,3033.1,6,0,0,10.98
30332,3033.2,6,0,0,10.96
30333,3033.3,6,0,0,10.93
30334,3033.4,6,0,0,10.93
30335,3033.5,6,0,0,10.95
30336,3033.6,6,0,0,10.91
30337,3033.7,5,1,0,10.49
30338,3033.8,5,0,0,10.48
30339,3033.9,6,0,0,10.77
30340,3034,6,0,0,10.73
30341,3034.1,6,0,0,10.74
30342,3034.2,6,0,0,10.75
30343,3034.3,7,0,0,11.02
30344,3034.4,7,0,0,11
30345,3034.5,7,0,0,11
30346,3034.6,7,0,0,10.99
30347,3034.7,7,0,0,11.02
30348,3034.8,7,0,0,10.99
30349,3034.9,7,0,0,11
30350,3035,7,0,0,11.02
30351,3035.1,6,1,0,10.99
30352,3035.2,6,0,0,10.97
30353,3035.3,6,0,0,10.94
30354,3035.4,5,1,0,11.17
30355,3035.5,5,0,0,11.22
30356,3035.6,5,0,0,11.23
30357,3035.7,5,0,0,11.26
30358,3035.8,5,0,0,11.3
30359,3035.9,6,0,0,11.78
30360,3036,6,0,0,11.8
30361,3036.1,6,0,0,11.85
30362,3036.2,6,0,0,11.88
30363,3036.3,6,0,0,11.92
30364,3036.4,6,0,0,11.94
30365,3036.5,5,1,0,11.58
30366,3036.6,5,0,0,11.59
30367,3036.7,5,0,0,11.63
30368,3036.8,5,0,0,11.63
30369,3036.9,5,0,0,11.64
30370,3037,6,0,0,12.01
30371,3037.1,6,0,0,11.98
30372,3037.2,6,0,0,11.99
30373,3037.3,6,0,0,12
30374,3037.4,5,1,0,11.88
30375,3037.5,5,0,0,11.89
30376,3037.6,5,0,0,11.86
30377,3037.7,5,0,0,11.89
30378,3037.8,6,0,0,12.07
30379,3037.9,6,0,0,12.05
30380,3038,6,0,0,12.06
30381,3038.1,5,1,0,11.93
30382,3038.2,5,0,0,11.92
30383,3038.3,5,0,0,11.9
30384,3038.4,5,0,0,11.9
30385,3038.5,5,0,0,11.91
30386,3038.6,5,0,0,11.93
30387,3038.7,5,0,0,11.91
30388,3038.8,6,0,0,12.23
30389,3038.9,6,0,0,12.22
30390,3039,6,0,0,12.2
30391,3039.1,6,0,0,12.21
30392,3039.2,6,0,0,12.24
30393,3039.3,6,0,0,12.22
30394,3039.4,5,1,0,11.87
30395,3039.5,5,0,0,11.91
30396,3039.6,5,0,0,11.9
30397,3039.7,5,0,0,11.89
30398,3039.8,5,0,0,11.85
30399,3039.9,5,0,0,11.9
30400,3040,5,0,0,11.86
30401,3040.1,6,0,0,11.55
30402,3040.2,7,0,0,11.8
30403,3040.3,6,1,0,12.12
30404,3040.4,5,1,0,12.55
30405,3040.5,5,0,0,12.56
30406,3040.6,5,0,0,12.62
30407,3040.7,5,0,0,12.65
30408,3040.8,5,0,0,12.68
30409,3040.9,5,0,0,12.69
30410,3041,5,0,0,12.75
30411,3041.1,5,0,0,12.77
30412,3041.2,5,0,0,12.85
30413,3041.3,5,0,0,12.87
30414,3041.4,6,0,0,12.81
30415,3041.5,5,1,0,12.77
30416,3041.6,6,0,0,12.56
30417,3041.7,6,0,0,12.58
30418,3041.8,6,0,0,12.61
30419,3041.9,5,1,0,12.55
30420,3042,5,0,0,12.56
30421,3042.1,5,0,0,12.58
30422,3042.2,5,0,0,12.56
30423,3042.3,4,1,0,12.93
30424,3042.4,4,0,0,12.94
30425,3042.5,4,0,0,12.95
30426,3042.6,4,0,0,12.94
30427,3042.7,4,0,0,12.95
30428,3042.8,4,0,0,12.91
30429,3042.9,4,0,0,12.94
30430,3043,4,0,0,12.93
30431,3043.1,4,0,0,12.93
30432,3043.2,4,0,0,12.9
30433,3043.3,5,0,0,13.16
30434,3043.4,5,0,0,13.11
30435,3043.5,5,0,0,13.15
30436,3043.6,5,0,0,13.12
30437,3043.7,5,0,0,13.16
30438,3043.8,5,0,0,13.13
30439,3043.9,5,0,0,13.12
30440,3044,5,0,0,13.15
30441,3044.1,5,0,0,13.11
30442,3044.2,5,0,0,13.1
30443,3044.3,4,1,0,13.31
30444,3044.4,5,0,0,13.32
30445,3044.5,5,0,0,13.28
30446,3044.6,5,0,0,13.3
30447,3044.7,5,0,0,13.29
30448,3044.8,5,0,0,13.26
30449,3044.9,6,0,0,13.19
30450,3045,5,1,0,13.22
30451,3045.1,5,0,0,13.23
30452,3045.2,5,0,0,13.26
30453,3045.3,4,1,0,13.48
30454,3045.4,4,0,0,13.47
30455,3045.5,4,0,0,13.45
30456,3045.6,4,0,0,13.47
30457,3045.7,4,0,0,13.5
30458,3045.8,4,0,0,13.45
30459,3045.9,4,0,0,13.49
30460,3046,4,0,0,13.46
30461,3046.1,4,0,0,13.44
30462,3046.2,3,1,0,13.33
30463,3046.3,4,0,0,12.48
30464,3046.4,4,0,0,12.46
30465,3046.5,4,0,0,12.46
30466,3046.6,4,0,0,12.48
30467,3046.7,4,0,0,12.49
30468,3046.8,4,0,0,12.46
30469,3046.9,4,0,0,12.49
30470,3047,4,0,0,12.49
30471,3047.1,5,0,0,11.31
30472,3047.2,6,0,0,11.76
30473,3047.3,6,0,0,11.78
30474,3047.4,6,0,0,11.8
30475,3047.5,6,0,0,11.8
30476,3047.6,6,0,0,11.82
30477,3047.7,6,0,0,11.85
30478,3047.8,5,1,0,11.48
30479,3047.9,5,0,0,11.47
30480,3048,5,0,0,11.49
30481,3048.1,5,0,0,11.54
30482,3048.2,5,0,0,11.5
30483,3048.3,5,0,0,11.54
30484,3048.4,5,0,0,11.56
30485,3048.5,6,0,0,11.89
30486,3048.6,6,0,0,11.9
30487,3048.7,5,1,0,11.8
30488,3048.8,5,0,0,11.78
30489,3048.9,5,0,0,11.8
30490,3049,5,0,0,11.82
30491,3049.1,5,0,0,11.86
30492,3049.2,5,0,0,11.84
30493,3049.3,5,0,0,11.85
30494,3049.4,5,0,0,11.87
30495,3049.5,5,0,0,11.87
30496,3049.6,6,0,0,11.58
30497,3049.7,6,0,0,11.57
30498,3049.8,5,1,0,11.23
30499,3049.9,5,0,0,11.23
30500,3050,5,0,0,11.24
30501,3050.1,6,0,0,11.46
30502,3050.2,6,0,0,11.47
30503,3050.3,6,0,0,11.48
30504,3050.4,6,0,0,11.48
30505,3050.5,6,0,0,11.49
30506,3050.6,6,0,0,11.47
30507,3050.7,5,1,0,11.24
30508,3050.8,5,0,0,11.24
30509,3050.9,5,0,0,11.27
30510,3051,5,0,0,11.27
30511,3051.1,5,0,0,11.28
30512,3051.2,5,0,0,11.31
30513,3051.3,5,0,0,11.3
30514,3051.4,5,0,0,11.31
30515,3051.5,5,0,0,11.3
30516,3051.6,5,0,0,11.32
30517,3051.7,5,0,0,11.29
30518,3051.8,5,0,0,11.3
30519,3051.9,5,0,0,11.33
30520,3052,5,0,0,11.33
30521,3052.1,5,1,0,11.41
30522,3052.2,5,0,0,11.42
30523,3052.3,5,0,0,11.42
30524,3052.4,5,0,0,11.43
30525,3052.5,4,1,0,10.79
30526,3052.6,4,0,0,10.81
30527,3052.7,5,0,0,11.34
30528,3052.8,5,0,0,11.32
30529,3052.9,6,0,0,11.66
30530,3053,6,0,0,11.65
30531,3053.1,6,0,0,11.66
30532,3053.2,6,0,0,11.66
30533,3053.3,6,0,0,11.65
30534,3053.4,6,0,0,11.63
30535,3053.5,5,1,0,11.27
30536,3053.6,5,0,0,11.25
30537,3053.7,5,0,0,11.25
30538,3053.8,5,0,0,11.23
30539,3053.9,5,0,0,11.21
30540,3054,5,0,0,11.22
30541,3054.1,5,0,0,11.18
30542,3054.2,5,0,0,11.18
30543,3054.3,5,0,0,11.15
30544,3054.4,5,0,0,11.16
30545,3054.5,5,0,0,11.13
30546,3054.6,5,0,0,11.12
30547,3054.7,5,0,0,11.09
30548,3054.8,5,0,0,11.1
30549,3054.9,5,0,0,11.08
30550,3055,5,0,0,11.07
30551,3055.1,5,0,0,11.06
30552,3055.2,5,0,0,11.08
30553,3055.3,5,0,0,11.06
30554,3055.4,5,0,0,11.05
30555,3055.5,5,0,0,11.01
30556,3055.6,5,1,0,10.88
30557,3055.7,6,0,0,11.39
30558,3055.8,6,0,0,11.35
30559,3055.9,7,0,0,11.74
30560,3056,7,0,0,11.72
30561,3056.1,7,0,0,11.73
30562,3056.2,7,0,0,11.72
30563,3056.3,7,1,0,11.12
30564,3056.4,7,0,0,11.12
30565,3056.5,6,1,0,11.33
30566,3056.6,6,0,0,11.31
30567,3056.7,6,0,0,11.3
30568,3056.8,6,0,0,11.29
30569,3056.9,6,0,0,11.27
30570,3057,6,0,0,11.27
30571,3057.1,6,0,0,11.28
30572,3057.2,6,0,0,11.28
30573,3057.3,6,0,0,11.27
30574,3057.4,6,0,0,11.27
30575,3057.5,6,0,0,11.28
30576,3057.6,6,0,0,11.27
30577,3057.7,6,0,0,11.27
30578,3057.8,6,0,0,11.26
30579,3057.9,6,0,0,11.25
30580,3058,6,0,0,11.24
30581,3058.1,6,0,0,11.25
30582,3058.2,6,0,0,11.23
30583,3058.3,6,0,0,11.24
30584,3058.4,6,0,0,11.25
30585,3058.5,6,1,0,11.59
30586,3058.6,6,0,0,11.61
30587,3058.7,6,0,0,11.64
30588,3058.8,6,0,0,11.73
30589,3058.9,6,0,0,11.75
30590,3059,7,0,0,12.15
30591,3059.1,6,1,0,12.24
30592,3059.2,7,0,0,12.48
30593,3059.3,6,1,0,12.46
30594,3059.4,6,0,0,12.54
30595,3059.5,6,0,0,12.58
30596,3059.6,6,0,0,12.67
30597,3059.7,6,0,0,12.73
30598,3059.8,6,0,0,12.82
30599,3059.9,6,0,0,12.9
30600,3060,6,0,0,12.98
30601,3060.1,6,0,0,12.99
30602,3060.2,6,0,0,13.01
30603,3060.3,6,0,0,13.05
30604,3060.4,5,1,0,13.01
30605,3060.5,5,0,0,12.98
30606,3060.6,5,0,0,12.98
30607,3060.7,5,0,0,12.95
30608,3060.8,5,0,0,12.97
30609,3060.9,5,0,0,12.94
30610,3061,5,0,0,12.95
30611,3061.1,5,0,0,12.91
30612,3061.2,5,0,0,12.93
30613,3061.3,5,0,0,12.93
30614,3061.4,6,0,0,13.04
30615,3061.5,6,0,0,12.99
30616,3061.6,6,0,0,13.01
30617,3061.7,6,0,0,12.99
30618,3061.8,6,0,0,12.99
30619,3061.9,6,0,0,12.96
30620,3062,4,2,0,13.07
30621,3062.1,4,0,0,13.12
30622,3062.2,5,0,0,13.38
30623,3062.3,5,0,0,13.43
30624,3062.4,5,0,0,13.51
30625,3062.5,5,0,0,13.56
30626,3062.6,5,0,0,13.64
30627,3062.7,6,0,0,13.73
30628,3062.8,5,1,0,13.76
30629,3062.9,5,0,0,13.8
30630,3063,5,0,0,13.81
30631,3063.1,5,0,0,13.78
30632,3063.2,5,0,0,13.79
30633,3063.3,5,0,0,13.77
30634,3063.4,5,0,0,13.81
30635,3063.5,4,1,0,13.9
30636,3063.6,4,0,0,13.91
30637,3063.7,4,0,0,13.9
30638,3063.8,4,0,0,13.89
30639,3063.9,4,0,0,13.87
30640,3064,4,0,0,13.91
30641,3064.1,4,0,0,13.88
30642,3064.2,5,0,0,13.92
30643,3064.3,5,0,0,13.9
30644,3064.4,5,0,0,13.93
30645,3064.5,5,0,0,13.9
30646,3064.6,5,0,0,13.91
30647,3064.7,5,0,0,13.9
30648,3064.8,4,1,0,13.87
30649,3064.9,4,0,0,13.88
30650,3065,4,0,0,13.93
30651,3065.1,3,1,0,13.9
30652,3065.2,3,0,0,13.91
30653,3065.3,4,0,0,13.92
30654,3065.4,4,0,0,13.88
30655,3065.5,4,0,0,13.89
30656,3065.6,4,0,0,13.91
30657,3065.7,4,0,0,13.91
30658,3065.8,4,0,0,13.88
30659,3065.9,4,0,0,13.91
30660,3066,4,0,0,13.89
30661,3066.1,4,0,0,13.88
30662,3066.2,3,1,0,13.93
30663,3066.3,4,0,0,13.75
30664,3066.4,4,0,0,13.74
30665,3066.5,4,0,0,13.71
30666,3066.6,4,0,0,13.7
30667,3066.7,4,0,0,13.69
30668,3066.8,4,0,0,13.71
30669,3066.9,4,0,0,13.72
30670,3067,5,0,0,13.62
30671,3067.1,5,0,0,13.6
30672,3067.2,5,0,0,13.62
30673,3067.3,5,0,0,13.6
30674,3067.4,5,0,0,13.63
30675,3067.5,5,0,0,13.62
30676,3067.6,4,1,0,13.75
30677,3067.7,4,0,0,13.73
30678,3067.8,4,0,0,13.71
30679,3067.9,4,0,0,13.72
30680,3068,4,0,0,13.72
30681,3068.1,4,0,0,13.73
30682,3068.2,3,1,0,13.63
30683,3068.3,4,0,0,12.74
30684,3068.4,4,0,0,12.74
30685,3068.5,5,0,0,12.96
30686,3068.6,5,0,0,12.97
30687,3068.7,5,0,0,12.97
30688,3068.8,5,0,0,12.96
30689,3068.9,5,0,0,12.99
30690,3069,5,0,0,12.97
30691,3069.1,5,0,0,12.96
30692,3069.2,5,0,0,12.94
30693,3069.3,5,0,0,12.97
30694,3069.4,6,0,0,12.44
30695,3069.5,6,0,0,12.42
30696,3069.6,6,0,0,12.44
30697,3069.7,6,0,0,12.47
30698,3069.8,8,0,0,12.25
30699,3069.9,8,0,0,12.27
30700,3070,7,1,0,12.14
30701,3070.1,7,0,0,12.14
30702,3070.2,7,0,0,12.16
30703,3070.3,7,0,0,12.16
30704,3070.4,6,1,0,11.83
30705,3070.5,6,0,0,11.84
30706,3070.6,6,0,0,11.86
30707,3070.7,6,0,0,11.88
30708,3070.8,6,0,0,11.89
30709,3070.9,6,0,0,11.85
30710,3071,6,0,0,11.86
30711,3071.1,6,0,0,11.89
30712,3071.2,6,0,0,11.85
30713,3071.3,6,0,0,11.87
30714,3071.4,5,1,0,11.47
30715,3071.5,5,0,0,11.47
30716,3071.6,6,0,0,11.46
30717,3071.7,6,0,0,11.46
30718,3071.8,6,0,0,11.46
30719,3071.9,6,0,0,11.46
30720,3072,6,0,0,11.45
30721,3072.1,7,0,0,11.25
30722,3072.2,7,0,0,11.21
30723,3072.3,6,1,0,11.44
30724,3072.4,6,0,0,11.43
30725,3072.5,6,0,0,11.42
30726,3072.6,5,1,0,11.72
30727,3072.7,6,0,0,11.74
30728,3072.8,6,0,0,11.76
30729,3072.9,6,0,0,11.79
30730,3073,6,0,0,11.8
30731,3073.1,6,0,0,11.84
30732,3073.2,6,0,0,11.84
30733,3073.3,6,0,0,11.89
30734,3073.4,6,1,0,12.2
30735,3073.5,6,0,0,12.21
30736,3073.6,6,0,0,12.24
30737,3073.7,6,0,0,12.29
30738,3073.8,6,0,0,12.27
30739,3073.9,6,0,0,12.27
30740,3074,6,0,0,12.25
30741,3074.1,6,0,0,12.23
30742,3074.2,6,0,0,12.26
30743,3074.3,6,0,0,12.22
30744,3074.4,6,0,0,12.24
30745,3074.5,4,2,0,11.96
30746,3074.6,4,0,0,11.92
30747,3074.7,4,0,0,11.94
30748,3074.8,5,0,0,12.31
30749,3074.9,5,0,0,12.34
30750,3075,5,0,0,12.31
30751,3075.1,5,0,0,12.32
30752,3075.2,5,0,0,12.28
30753,3075.3,5,0,0,12.32
30754,3075.4,5,0,0,12.31
30755,3075.5,6,0,0,12.59
30756,3075.6,6,0,0,12.57
30757,3075.7,6,0,0,12.57
30758,3075.8,6,0,0,12.58
30759,3075.9,6,0,0,12.56
30760,3076,6,0,0,12.56
30761,3076.1,5,1,0,12.28
30762,3076.2,5,0,0,12.29
30763,3076.3,5,0,0,12.27
30764,3076.4,5,0,0,12.22
30765,3076.5,5,0,0,12.2
30766,3076.6,5,0,0,12.17
30767,3076.7,5,0,0,12.18
30768,3076.8,5,0,0,12.14
30769,3076.9,5,0,0,12.13
30770,3077,5,1,0,12.02
30771,3077.1,5,0,0,12.01
30772,3077.2,5,0,0,12
30773,3077.3,5,0,0,11.96
30774,3077.4,5,0,0,11.97
30775,3077.5,5,0,0,11.94
30776,3077.6,5,0,0,11.93
30777,3077.7,4,1,0,11.42
30778,3077.8,4,0,0,11.38
30779,3077.9,5,0,0,11.86
30780,3078,5,0,0,11.85
30781,3078.1,5,0,0,11.82
30782,3078.2,5,0,0,11.82
30783,3078.3,6,0,0,12.03
30784,3078.4,6,0,0,11.98
30785,3078.5,6,0,0,11.97
30786,3078.6,6,0,0,11.98
30787,3078.7,6,0,0,11.95
30788,3078.8,6,0,0,11.98
30789,3078.9,5,1,0,11.71
30790,3079,5,0,0,11.71
30791,3079.1,5,0,0,11.67
30792,3079.2,5,0,0,11.67
30793,3079.3,5,0,0,11.7
30794,3079.4,5,0,0,11.67
30795,3079.5,5,0,0,11.69
30796,3079.6,5,0,0,11.63
30797,3079.7,5,0,0,11.6
30798,3079.8,5,0,0,11.64
30799,3079.9,5,0,0,11.62
30800,3080,5,0,0,11.61
30801,3080.1,5,0,0,11.61
30802,3080.2,5,0,0,11.61
30803,3080.3,5,0,0,11.57
30804,3080.4,5,0,0,11.56
30805,3080.5,6,0,0,11.65
30806,3080.6,6,0,0,11.66
30807,3080.7,6,0,0,11.67
30808,3080.8,5,1,0,11.44
30809,3080.9,5,0,0,11.43
30810,3081,5,0,0,11.38
30811,3081.1,7,0,0,11.71
30812,3081.2,7,0,0,11.71
30813,3081.3,7,0,0,11.7
30814,3081.4,7,0,0,11.69
30815,3081.5,7,0,0,11.69
30816,3081.6,6,1,0,11.97
30817,3081.7,6,0,0,11.99
30818,3081.8,5,1,0,12.17
30819,3081.9,5,0,0,12.2
30820,3082,5,0,0,12.28
30821,3082.1,5,0,0,12.35
30822,3082.2,5,0,0,12.39
30823,3082.3,5,0,0,12.48
30824,3082.4,5,0,0,12.53
30825,3082.5,5,0,0,12.59
30826,3082.6,5,0,0,12.65
30827,3082.7,5,0,0,12.74
30828,3082.8,5,0,0,12.82
30829,3082.9,5,0,0,12.87
30830,3083,5,0,0,12.95
30831,3083.1,5,0,0,13
30832,3083.2,5,0,0,13.11
30833,3083.3,5,0,0,13.22
30834,3083.4,5,0,0,13.28
30835,3083.5,5,0,0,13.37
30836,3083.6,4,1,0,13.27
30837,3083.7,4,0,0,13.33
30838,3083.8,4,0,0,13.38
30839,3083.9,4,0,0,13.42
30840,3084,5,0,0,13.54
30841,3084.1,6,0,0,13.62
30842,3084.2,7,0,0,13.65
30843,3084.3,7,0,0,13.62
30844,3084.4,7,0,0,13.63
30845,3084.5,6,1,0,13.87
30846,3084.6,5,1,0,13.87
30847,3084.7,5,0,0,13.88
30848,3084.8,5,0,0,13.86
30849,3084.9,5,0,0,13.86
30850,3085,4,1,0,13.84
30851,3085.1,4,0,0,13.86
30852,3085.2,4,0,0,13.84
30853,3085.3,4,0,0,13.86
30854,3085.4,4,0,0,13.82
30855,3085.5,4,0,0,13.86
30856,3085.6,4,0,0,13.83
30857,3085.7,4,0,0,13.82
30858,3085.8,4,0,0,13.85
30859,3085.9,4,0,0,13.87
30860,3086,4,0,0,13.85
30861,3086.1,4,0,0,13.87
30862,3086.2,4,0,0,13.85
30863,3086.3,4,0,0,13.84
30864,3086.4,4,0,0,13.83
30865,3086.5,4,0,0,13.87
30866,3086.6,4,0,0,13.86
30867,3086.7,4,0,0,13.83
30868,3086.8,5,0,0,13.89
30869,3086.9,5,0,0,13.88
30870,3087,5,0,0,13.86
30871,3087.1,4,1,0,13.88
30872,3087.2,4,0,0,13.86
30873,3087.3,4,0,0,13.89
30874,3087.4,4,1,0,13.65
30875,3087.5,4,0,0,13.62
30876,3087.6,4,1,0,13.28
30877,3087.7,4,0,0,13.28
30878,3087.8,4,0,0,13.28
30879,3087.9,4,0,0,13.28
30880,3088,4,0,0,13.27
30881,3088.1,5,0,0,12.63
30882,3088.2,5,0,0,12.62
30883,3088.3,4,1,0,13.26
30884,3088.4,4,0,0,13.26
30885,3088.5,4,0,0,13.31
30886,3088.6,4,0,0,13.28
30887,3088.7,4,0,0,13.28
30888,3088.8,4,0,0,13.26
30889,3088.9,4,0,0,13.29
30890,3089,4,0,0,13.29
30891,3089.1,4,0,0,13.3
30892,3089.2,4,0,0,13.3
30893,3089.3,4,0,0,13.25
30894,3089.4,4,0,0,13.32
30895,3089.5,4,0,0,13.27
30896,3089.6,5,0,0,13.17
30897,3089.7,5,0,0,13.19
30898,3089.8,5,0,0,13.17
30899,3089.9,5,0,0,13.16
30900,3090,5,0,0,13.21
30901,3090.1,5,0,0,13.16
30902,3090.2,4,1,0,13.29
30903,3090.3,4,0,0,13.23
30904,3090.4,3,1,0,13.17
30905,3090.5,4,0,0,13.15
30906,3090.6,4,0,0,13.13
30907,3090.7,4,0,0,13.15
30908,3090.8,4,0,0,13.12
30909,3090.9,4,0,0,13.14
30910,3091,4,0,0,13.11
30911,3091.1,4,0,0,13.14
30912,3091.2,5,0,0,13.29
30913,3091.3,5,0,0,13.25
30914,3091.4,4,1,0,13.48
30915,3091.5,4,0,0,13.46
30916,3091.6,4,0,0,13.45
30917,3091.7,4,0,0,13.48
30918,3091.8,4,0,0,13.46
30919,3091.9,4,0,0,13.45
30920,3092,4,0,0,13.46
30921,3092.1,4,0,0,13.5
30922,3092.2,4,0,0,13.46
30923,3092.3,4,0,0,13.42
30924,3092.4,5,0,0,13.56
30925,3092.5,6,0,0,12.98
30926,3092.6,6,0,0,12.94
30927,3092.7,6,0,0,12.96
30928,3092.8,6,0,0,12.93
30929,3092.9,6,0,0,12.96
30930,3093,5,1,0,12.79
30931,3093.1,5,0,0,12.76
30932,3093.2,5,0,0,12.77
30933,3093.3,5,0,0,12.74
30934,3093.4,4,1,0,12.47
30935,3093.5,4,0,0,12.46
30936,3093.6,4,0,0,12.48
30937,3093.7,5,0,0,11.64
30938,3093.8,5,0,0,11.61
30939,3093.9,5,0,0,11.63
30940,3094,5,0,0,11.65
30941,3094.1,5,0,0,11.65
30942,3094.2,5,0,0,11.7
30943,3094.3,5,0,0,11.66
30944,3094.4,5,0,0,11.68
30945,3094.5,5,0,0,11.68
30946,3094.6,5,0,0,11.72
30947,3094.7,5,1,0,11.74
30948,3094.8,5,0,0,11.73
30949,3094.9,5,0,0,11.75
30950,3095,5,0,0,11.74
30951,3095.1,5,0,0,11.78
30952,3095.2,5,0,0,11.77
30953,3095.3,6,0,0,12.16
30954,3095.4,6,0,0,12.14
30955,3095.5,6,0,0,12.14
30956,3095.6,6,0,0,12.17
30957,3095.7,6,0,0,12.14
30958,3095.8,6,0,0,12.16
30959,3095.9,5,1,0,11.82
30960,3096,5,0,0,11.81
30961,3096.1,5,0,0,11.81
30962,3096.2,5,0,0,11.82
30963,3096.3,5,0,0,11.84
30964,3096.4,5,0,0,11.86
30965,3096.5,5,0,0,11.85
30966,3096.6,5,0,0,11.87
30967,3096.7,5,0,0,11.84
30968,3096.8,6,0,0,12.02
30969,3096.9,6,0,0,11.99
30970,3097,6,0,0,12
30971,3097.1,6,0,0,11.98
30972,3097.2,6,0,0,11.95
30973,3097.3,5,1,0,11.74
30974,3097.4,5,0,0,11.72
30975,3097.5,5,0,0,11.75
30976,3097.6,5,0,0,11.71
30977,3097.7,5,0,0,11.7
30978,3097.8,5,0,0,11.71
30979,3097.9,5,0,0,11.68
30980,3098,5,0,0,11.68
30981,3098.1,6,0,0,12.05
30982,3098.2,5,1,0,11.65
30983,3098.3,6,0,0,11.47
30984,3098.4,6,0,0,11.42
30985,3098.5,6,0,0,11.43
30986,3098.6,6,0,0,11.41
30987,3098.7,5,1,0,10.91
30988,3098.8,5,0,0,10.9
30989,3098.9,5,0,0,10.88
30990,3099,5,0,0,10.89
30991,3099.1,5,0,0,10.89
30992,3099.2,5,0,0,10.88
30993,3099.3,5,0,0,10.89
30994,3099.4,5,0,0,10.86
30995,3099.5,5,0,0,10.88
30996,3099.6,5,0,0,10.88
30997,3099.7,5,0,0,10.83
30998,3099.8,5,0,0,10.88
30999,3099.9,6,0,0,10.96
31000,3100,6,0,0,10.95
31001,3100.1,6,0,0,10.92
31002,3100.2,5,1,0,10.48
31003,3100.3,5,0,0,10.47
31004,3100.4,5,0,0,10.48
31005,3100.5,5,0,0,10.5
31006,3100.6,5,0,0,10.48
31007,3100.7,5,0,0,10.47
31008,3100.8,5,0,0,10.5
31009,3100.9,6,0,0,11.06
31010,3101,6,0,0,11.04
31011,3101.1,6,0,0,11.03
31012,3101.2,6,0,0,11.05
31013,3101.3,6,0,0,11.02
31014,3101.4,6,0,0,11.05
31015,3101.5,5,1,0,10.46
31016,3101.6,5,0,0,10.43
31017,3101.7,5,0,0,10.43
31018,3101.8,5,0,0,10.44
31019,3101.9,6,0,0,10.85
31020,3102,6,0,0,10.85
31021,3102.1,6,0,0,10.86
31022,3102.2,6,0,0,10.85
31023,3102.3,6,0,0,10.83
31024,3102.4,6,0,0,10.84
31025,3102.5,6,0,0,10.82
31026,3102.6,6,0,0,10.84
31027,3102.7,6,0,0,10.82
31028,3102.8,6,0,0,10.85
31029,3102.9,5,1,0,10.91
31030,3103,5,0,0,10.94
31031,3103.1,6,0,0,11.42
31032,3103.2,6,0,0,11.4
31033,3103.3,6,0,0,11.41
31034,3103.4,6,0,0,11.43
31035,3103.5,6,0,0,11.41
31036,3103.6,6,0,0,11.41
31037,3103.7,7,0,0,11.61
31038,3103.8,7,0,0,11.58
31039,3103.9,7,0,0,11.57
31040,3104,7,0,0,11.6
31041,3104.1,7,0,0,11.57
31042,3104.2,7,0,0,11.59
31043,3104.3,7,1,0,11.19
31044,3104.4,7,0,0,11.17
31045,3104.5,6,1,0,11.41
31046,3104.6,6,0,0,11.38
31047,3104.7,5,1,0,11.71
31048,3104.8,5,0,0,11.74
31049,3104.9,5,0,0,11.81
31050,3105,5,0,0,11.87
31051,3105.1,5,0,0,11.96
31052,3105.2,5,0,0,11.99
31053,3105.3,5,0,0,12.05
31054,3105.4,6,0,0,12.37
31055,3105.5,6,0,0,12.45
31056,3105.6,5,1,0,12.41
31057,3105.7,5,0,0,12.5
31058,3105.8,5,0,0,12.57
31059,3105.9,5,0,0,12.65
31060,3106,5,0,0,12.72
31061,3106.1,5,0,0,12.78
31062,3106.2,6,0,0,13.03
31063,3106.3,6,0,0,13.09
31064,3106.4,6,0,0,13.17
31065,3106.5,7,0,0,13.33
31066,3106.6,6,1,0,13.29
31067,3106.7,6,0,0,13.3
31068,3106.8,6,0,0,13.32
31069,3106.9,6,0,0,13.35
31070,3107,6,0,0,13.37
31071,3107.1,5,1,0,13.29
31072,3107.2,5,0,0,13.27
31073,3107.3,5,0,0,13.26
31074,3107.4,5,0,0,13.24
31075,3107.5,5,0,0,13.27
31076,3107.6,5,0,0,13.23
31077,3107.7,5,0,0,13.19
31078,3107.8,5,0,0,13.23
31079,3107.9,5,0,0,13.2
31080,3108,4,1,0,13
31081,3108.1,4,0,0,13.01
31082,3108.2,4,0,0,12.99
31083,3108.3,4,0,0,13
31084,3108.4,4,0,0,12.97
31085,3108.5,4,0,0,12.99
31086,3108.6,4,0,0,12.94
31087,3108.7,4,0,0,12.95
31088,3108.8,4,0,0,12.96
31089,3108.9,4,0,0,12.94
31090,3109,4,1,0,13.09
31091,3109.1,4,0,0,13.04
31092,3109.2,4,0,0,13.04
31093,3109.3,4,0,0,12.99
31094,3109.4,6,0,0,12.64
31095,3109.5,6,0,0,12.63
31096,3109.6,6,0,0,12.59
31097,3109.7,6,0,0,12.63
31098,3109.8,6,0,0,12.62
31099,3109.9,7,0,0,12.18
31100,3110,6,1,0,12.13
31101,3110.1,6,0,0,12.16
31102,3110.2,6,0,0,12.17
31103,3110.3,6,0,0,12.16
31104,3110.4,6,0,0,12.18
31105,3110.5,6,0,0,12.2
31106,3110.6,6,0,0,12.21
31107,3110.7,6,0,0,12.18
31108,3110.8,6,0,0,12.19
31109,3110.9,6,0,0,12.16
31110,3111,5,1,0,12.31
31111,3111.1,5,0,0,12.37
31112,3111.2,5,0,0,12.42
31113,3111.3,5,0,0,12.45
31114,3111.4,5,0,0,12.48
31115,3111.5,5,0,0,12.55
31116,3111.6,5,0,0,12.54
31117,3111.7,5,0,0,12.57
31118,3111.8,5,0,0,12.64
31119,3111.9,5,0,0,12.68
31120,3112,5,0,0,12.68
31121,3112.1,5,0,0,12.62
31122,3112.2,6,0,0,12.75
31123,3112.3,6,0,0,12.74
31124,3112.4,6,0,0,12.74
31125,3112.5,7,1,0,12.35
31126,3112.6,6,1,0,12.09
31127,3112.7,6,0,0,12.06
31128,3112.8,5,1,0,11.84
31129,3112.9,5,0,0,11.83
31130,3113,5,0,0,11.78
31131,3113.1,5,0,0,11.79
31132,3113.2,5,0,0,11.75
31133,3113.3,5,0,0,11.8
31134,3113.4,5,0,0,11.73
31135,3113.5,5,0,0,11.71
31136,3113.6,5,0,0,11.73
31137,3113.7,5,0,0,11.74
31138,3113.8,5,0,0,11.71
31139,3113.9,5,0,0,11.7
31140,3114,5,0,0,11.69
31141,3114.1,5,0,0,11.69
31142,3114.2,4,1,0,12.08
31143,3114.3,4,0,0,12.12
31144,3114.4,4,0,0,12.16
31145,3114.5,4,0,0,12.24
31146,3114.6,4,0,0,12.29
31147,3114.7,4,0,0,12.3
31148,3114.8,4,0,0,12.38
31149,3114.9,4,0,0,12.4
31150,3115,5,0,0,12.61
31151,3115.1,5,0,0,12.64
31152,3115.2,5,0,0,12.67
31153,3115.3,5,0,0,12.74
31154,3115.4,4,1,0,12.43
31155,3115.5,5,0,0,11.95
31156,3115.6,4,1,0,11.7
31157,3115.7,4,0,0,11.68
31158,3115.8,4,0,0,11.68
31159,3115.9,4,0,0,11.68
31160,3116,4,0,0,11.7
31161,3116.1,5,0,0,12.13
31162,3116.2,5,0,0,12.14
31163,3116.3,5,1,0,10.69
31164,3116.4,5,0,0,10.7
31165,3116.5,5,0,0,10.69
31166,3116.6,5,0,0,10.73
31167,3116.7,5,0,0,10.76
31168,3116.8,5,0,0,10.79
31169,3116.9,5,0,0,10.84
31170,3117,5,0,0,10.82
31171,3117.1,5,0,0,10.84
31172,3117.2,5,0,0,10.88
31173,3117.3,5,0,0,10.88
31174,3117.4,5,0,0,10.9
31175,3117.5,5,0,0,10.92
31176,3117.6,5,0,0,10.92
31177,3117.7,5,0,0,10.95
31178,3117.8,6,0,0,11
31179,3117.9,6,0,0,11
31180,3118,6,0,0,11.04
31181,3118.1,6,0,0,11.04
31182,3118.2,6,0,0,11.05
31183,3118.3,6,0,0,11.05
31184,3118.4,6,0,0,11.07
31185,3118.5,5,1,0,11.02
31186,3118.6,5,0,0,11.07
31187,3118.7,5,0,0,11.08
31188,3118.8,6,0,0,10.87
31189,3118.9,6,0,0,10.91
31190,3119,6,0,0,10.9
31191,3119.1,6,0,0,10.89
31192,3119.2,6,0,0,10.88
31193,3119.3,6,0,0,10.9
31194,3119.4,6,0,0,10.88
31195,3119.5,6,0,0,10.94
31196,3119.6,6,1,0,10.95
31197,3119.7,6,0,0,10.93
31198,3119.8,6,0,0,10.92
31199,3119.9,6,0,0,10.94
31200,3120,6,0,0,10.95
31201,3120.1,7,0,0,10.82
31202,3120.2,7,0,0,10.82
31203,3120.3,6,1,0,10.94
31204,3120.4,6,0,0,10.95
31205,3120.5,5,1,0,10.86
31206,3120.6,5,0,0,10.85
31207,3120.7,6,0,0,11.31
31208,3120.8,6,0,0,11.31
31209,3120.9,6,0,0,11.32
31210,3121,6,0,0,11.31
31211,3121.1,6,0,0,11.3
31212,3121.2,6,0,0,11.29
31213,3121.3,5,1,0,10.87
31214,3121.4,5,0,0,10.9
31215,3121.5,5,0,0,10.9
31216,3121.6,5,0,0,10.88
31217,3121.7,5,0,0,10.88
31218,3121.8,5,0,0,10.91
31219,3121.9,5,0,0,10.92
31220,3122,6,0,0,11.26
31221,3122.1,6,0,0,11.2
31222,3122.2,6,0,0,11.24
31223,3122.3,6,0,0,11.21
31224,3122.4,6,0,0,11.27
31225,3122.5,6,0,0,11.27
31226,3122.6,6,0,0,11.23
31227,3122.7,6,0,0,11.23
31228,3122.8,6,0,0,11.25
31229,3122.9,6,0,0,11.25
31230,3123,6,0,0,11.25
31231,3123.1,5,1,0,10.74
31232,3123.2,6,0,0,11.29
31233,3123.3,6,0,0,11.27
31234,3123.4,6,0,0,11.25
31235,3123.5,7,0,0,11.55
31236,3123.6,7,0,0,11.54
31237,3123.7,7,0,0,11.52
31238,3123.8,6,1,0,11.52
31239,3123.9,6,0,0,11.51
31240,3124,6,0,0,11.52
31241,3124.1,5,1,0,11.18
31242,3124.2,5,0,0,11.19
31243,3124.3,5,0,0,11.16
31244,3124.4,5,0,0,11.11
31245,3124.5,5,0,0,11.1
31246,3124.6,5,0,0,11.09
31247,3124.7,5,0,0,11.07
31248,3124.8,5,0,0,11.1
31249,3124.9,5,0,0,11.05
31250,3125,5,0,0,11.05
31251,3125.1,6,0,0,11.37
31252,3125.2,6,0,0,11.38
31253,3125.3,6,0,0,11.39
31254,3125.4,6,0,0,11.37
31255,3125.5,6,0,0,11.38
31256,3125.6,6,0,0,11.37
31257,3125.7,6,0,0,11.37
31258,3125.8,6,0,0,11.36
31259,3125.9,6,0,0,11.33
31260,3126,6,0,0,11.32
31261,3126.1,6,0,0,11.33
31262,3126.2,6,0,0,11.31
31263,3126.3,7,0,0,11.7
31264,3126.4,7,0,0,11.69
31265,3126.5,7,0,0,11.68
31266,3126.6,7,0,0,11.68
31267,3126.7,6,1,0,11.29
31268,3126.8,7,0,0,11.38
31269,3126.9,6,1,0,10.94
31270,3127,6,0,0,10.92
31271,3127.1,6,0,0,10.91
31272,3127.2,6,0,0,10.9
31273,3127.3,6,0,0,10.91
31274,3127.4,6,0,0,10.91
31275,3127.5,6,0,0,10.92
31276,3127.6,6,0,0,10.89
31277,3127.7,5,1,0,11.06
31278,3127.8,5,0,0,11.14
31279,3127.9,5,0,0,11.18
31280,3128,5,0,0,11.23
31281,3128.1,5,0,0,11.3
31282,3128.2,5,0,0,11.41
31283,3128.3,6,0,0,11.92
31284,3128.4,6,0,0,12
31285,3128.5,6,0,0,12.07
31286,3128.6,6,0,0,12.15
31287,3128.7,6,0,0,12.25
31288,3128.8,6,0,0,12.32
31289,3128.9,6,0,0,12.35
31290,3129,6,0,0,12.43
31291,3129.1,7,0,0,12.34
31292,3129.2,7,0,0,12.39
31293,3129.3,7,0,0,12.46
31294,3129.4,7,0,0,12.52
31295,3129.5,7,0,0,12.57
31296,3129.6,6,1,0,12.51
31297,3129.7,6,0,0,12.45
31298,3129.8,5,1,0,12.73
31299,3129.9,5,0,0,12.73
31300,3130,5,0,0,12.74
31301,3130.1,5,0,0,12.76
31302,3130.2,5,0,0,12.73
31303,3130.3,6,0,0,12.93
31304,3130.4,6,0,0,12.91
31305,3130.5,6,0,0,12.93
31306,3130.6,6,0,0,12.95
31307,3130.7,6,0,0,12.95
31308,3130.8,6,0,0,12.94
31309,3130.9,5,1,0,13.18
31310,3131,5,0,0,13.17
31311,3131.1,4,1,0,13.36
31312,3131.2,4,0,0,13.42
31313,3131.3,4,0,0,13.48
31314,3131.4,5,0,0,13.59
31315,3131.5,5,0,0,13.54
31316,3131.6,5,0,0,13.56
31317,3131.7,5,0,0,13.56
31318,3131.8,5,0,0,13.56
31319,3131.9,5,0,0,13.6
31320,3132,6,0,0,13.63
31321,3132.1,6,0,0,13.6
31322,3132.2,6,0,0,13.6
31323,3132.3,6,0,0,13.61
31324,3132.4,6,0,0,13.64
31325,3132.5,6,0,0,13.62
31326,3132.6,4,2,0,13.74
31327,3132.7,4,0,0,13.73
31328,3132.8,4,0,0,13.75
31329,3132.9,4,0,0,13.73
31330,3133,4,0,0,13.74
31331,3133.1,4,0,0,13.72
31332,3133.2,4,0,0,13.7
31333,3133.3,4,0,0,13.71
31334,3133.4,4,0,0,13.73
31335,3133.5,4,0,0,13.73
31336,3133.6,4,0,0,13.72
31337,3133.7,4,0,0,13.71
31338,3133.8,3,1,0,13.64
31339,3133.9,4,0,0,13.14
31340,3134,4,0,0,13.12
31341,3134.1,4,0,0,13.11
31342,3134.2,4,0,0,13.07
31343,3134.3,4,0,0,13.1
31344,3134.4,4,0,0,13.13
31345,3134.5,4,0,0,13.13
31346,3134.6,5,0,0,13.3
31347,3134.7,5,0,0,13.27
31348,3134.8,5,1,0,13.22
31349,3134.9,5,0,0,13.2
31350,3135,5,0,0,13.2
31351,3135.1,5,0,0,13.2
31352,3135.2,5,0,0,13.2
31353,3135.3,5,0,0,13.24
31354,3135.4,4,1,0,13.3
31355,3135.5,4,0,0,13.3
31356,3135.6,4,0,0,13.33
31357,3135.7,4,0,0,13.33
31358,3135.8,4,0,0,13.32
31359,3135.9,4,0,0,13.33
31360,3136,4,0,0,13.29
31361,3136.1,5,0,0,12.65
31362,3136.2,5,0,0,12.65
31363,3136.3,4,1,0,13.31
31364,3136.4,4,0,0,13.31
31365,3136.5,4,0,0,13.31
31366,3136.6,4,0,0,13.32
31367,3136.7,4,0,0,13.3
31368,3136.8,4,0,0,13.32
31369,3136.9,4,0,0,13.31
31370,3137,4,0,0,13.29
31371,3137.1,4,0,0,13.3
31372,3137.2,4,0,0,13.32
31373,3137.3,4,0,0,13.33
31374,3137.4,5,0,0,13.46
31375,3137.5,4,1,0,13.31
31376,3137.6,5,0,0,13.29
31377,3137.7,6,0,0,13.02
31378,3137.8,6,0,0,13.03
31379,3137.9,6,0,0,13.02
31380,3138,6,0,0,13
31381,3138.1,5,1,0,13.33
31382,3138.2,4,1,0,13.43
31383,3138.3,4,0,0,13.44
31384,3138.4,4,0,0,13.38
31385,3138.5,4,0,0,13.42
31386,3138.6,4,0,0,13.4
31387,3138.7,4,0,0,13.45
31388,3138.8,5,0,0,12.34
31389,3138.9,5,0,0,12.33
31390,3139,5,0,0,12.34
31391,3139.1,5,0,0,12.39
31392,3139.2,5,0,0,12.37
31393,3139.3,5,0,0,12.42
31394,3139.4,5,0,0,12.44
31395,3139.5,5,0,0,12.44
31396,3139.6,5,0,0,12.47
31397,3139.7,5,0,0,12.47
31398,3139.8,5,0,0,12.48
31399,3139.9,5,0,0,12.5
31400,3140,5,0,0,12.54
31401,3140.1,5,0,0,12.55
31402,3140.2,5,0,0,12.55
31403,3140.3,5,0,0,12.56
31404,3140.4,6,0,0,12.85
31405,3140.5,6,0,0,12.84
31406,3140.6,5,1,0,12.63
31407,3140.7,5,0,0,12.65
31408,3140.8,5,0,0,12.68
31409,3140.9,5,1,0,11.95
31410,3141,5,1,0,11.94
31411,3141.1,5,0,0,11.95
31412,3141.2,5,0,0,12.02
31413,3141.3,5,0,0,12.03
31414,3141.4,5,0,0,12.02
31415,3141.5,5,0,0,12
31416,3141.6,5,0,0,12
31417,3141.7,5,0,0,12
31418,3141.8,5,0,0,12.01
31419,3141.9,5,0,0,12.01
31420,3142,5,0,0,12.02
31421,3142.1,5,0,0,11.97
31422,3142.2,5,0,0,12
31423,3142.3,5,0,0,12
31424,3142.4,5,0,0,11.97
31425,3142.5,5,0,0,11.99
31426,3142.6,5,0,0,11.97
31427,3142.7,5,0,0,11.99
31428,3142.8,5,0,0,12
31429,3142.9,5,0,0,11.96
31430,3143,5,0,0,11.99
31431,3143.1,5,0,0,11.98
31432,3143.2,5,0,0,11.98
31433,3143.3,6,0,0,12.29
31434,3143.4,6,0,0,12.33
31435,3143.5,6,0,0,12.31
31436,3143.6,6,0,0,12.3
31437,3143.7,6,0,0,12.28
31438,3143.8,5,1,0,11.98
31439,3143.9,4,1,0,11.48
31440,3144,5,0,0,11.94
31441,3144.1,5,0,0,11.89
31442,3144.2,5,0,0,11.9
31443,3144.3,5,0,0,11.89
31444,3144.4,5,0,0,11.9
31445,3144.5,5,1,0,11.91
31446,3144.6,5,0,0,11.9
31447,3144.7,5,0,0,11.84
31448,3144.8,5,0,0,11.88
31449,3144.9,5,0,0,11.85
31450,3145,5,0,0,11.87
31451,3145.1,5,0,0,11.82
31452,3145.2,5,0,0,11.78
31453,3145.3,5,0,0,11.78
31454,3145.4,5,0,0,11.74
31455,3145.5,5,0,0,11.74
31456,3145.6,5,0,0,11.74
31457,3145.7,5,0,0,11.75
31458,3145.8,5,0,0,11.73
31459,3145.9,5,0,0,11.67
31460,3146,5,0,0,11.67
31461,3146.1,6,0,0,11.81
31462,3146.2,6,0,0,11.77
31463,3146.3,6,0,0,11.76
31464,3146.4,6,0,0,11.78
31465,3146.5,6,0,0,11.76
31466,3146.6,6,0,0,11.76
31467,3146.7,5,1,0,11.61
31468,3146.8,5,0,0,11.57
31469,3146.9,5,0,0,11.54
31470,3147,5,0,0,11.53
31471,3147.1,6,0,0,11.93
31472,3147.2,6,0,0,11.91
31473,3147.3,6,0,0,11.9
31474,3147.4,6,0,0,11.89
31475,3147.5,6,0,0,11.88
31476,3147.6,6,0,0,11.89
31477,3147.7,6,0,0,11.91
31478,3147.8,6,0,0,11.9
31479,3147.9,6,0,0,11.86
31480,3148,5,1,0,11.44
31481,3148.1,6,0,0,11.7
31482,3148.2,6,0,0,11.69
31483,3148.3,6,0,0,11.65
31484,3148.4,5,1,0,11.61
31485,3148.5,5,0,0,11.62
31486,3148.6,5,0,0,11.64
31487,3148.7,5,0,0,11.6
31488,3148.8,5,0,0,11.62
31489,3148.9,6,0,0,12
31490,3149,6,0,0,11.99
31491,3149.1,6,0,0,12
31492,3149.2,6,0,0,11.98
31493,3149.3,6,0,0,11.99
31494,3149.4,6,0,0,11.97
31495,3149.5,5,1,0,11.56
31496,3149.6,5,0,0,11.59
31497,3149.7,5,0,0,11.56
31498,3149.8,5,0,0,11.56
31499,3149.9,5,0,0,11.54
31500,3150,5,0,0,11.53
31501,3150.1,6,0,0,11.26
31502,3150.2,6,0,0,11.29
31503,3150.3,7,0,0,11.66
31504,3150.4,7,0,0,11.63
31505,3150.5,7,0,0,11.62
31506,3150.6,7,0,0,11.63
31507,3150.7,7,0,0,11.65
31508,3150.8,7,0,0,11.62
31509,3150.9,7,0,0,11.61
31510,3151,7,0,0,11.56
31511,3151.1,7,0,0,11.57
31512,3151.2,7,0,0,11.57
31513,3151.3,6,1,0,11.79
31514,3151.4,6,0,0,11.83
31515,3151.5,6,0,0,11.86
31516,3151.6,6,0,0,11.9
31517,3151.7,8,0,0,11.92
31518,3151.8,7,1,0,11.8
31519,3151.9,7,0,0,11.83
31520,3152,7,0,0,11.9
31521,3152.1,7,0,0,11.96
31522,3152.2,7,0,0,11.99
31523,3152.3,7,1,0,11.5
31524,3152.4,7,0,0,11.58
31525,3152.5,6,1,0,11.88
31526,3152.6,6,0,0,11.88
31527,3152.7,6,0,0,11.87
31528,3152.8,6,0,0,11.86
31529,3152.9,6,0,0,11.87
31530,3153,6,0,0,11.87
31531,3153.1,6,0,0,11.88
31532,3153.2,5,1,0,11.82
31533,3153.3,5,0,0,11.87
31534,3153.4,6,0,0,12.3
31535,3153.5,6,0,0,12.37
31536,3153.6,6,0,0,12.39
31537,3153.7,6,0,0,12.43
31538,3153.8,6,0,0,12.48
31539,3153.9,6,0,0,12.52
31540,3154,6,0,0,12.53
31541,3154.1,6,0,0,12.52
31542,3154.2,6,0,0,12.52
31543,3154.3,6,0,0,12.53
31544,3154.4,5,1,0,13.03
31545,3154.5,5,0,0,13.06
31546,3154.6,6,0,0,13.27
31547,3154.7,5,1,0,13.21
31548,3154.8,5,0,0,13.25
31549,3154.9,5,0,0,13.31
31550,3155,5,0,0,13.34
31551,3155.1,5,0,0,13.37
31552,3155.2,5,1,0,13.35
31553,3155.3,5,0,0,13.37
31554,3155.4,5,0,0,13.37
31555,3155.5,5,0,0,13.44
31556,3155.6,5,0,0,13.46
31557,3155.7,5,0,0,13.5
31558,3155.8,5,0,0,13.57
31559,3155.9,5,0,0,13.61
31560,3156,5,0,0,13.65
31561,3156.1,5,0,0,13.65
31562,3156.2,5,0,0,13.7
31563,3156.3,4,1,0,13.82
31564,3156.4,3,1,0,13.81
31565,3156.5,3,0,0,13.8
31566,3156.6,4,0,0,13.74
31567,3156.7,4,0,0,13.74
31568,3156.8,4,0,0,13.71
31569,3156.9,4,0,0,13.73
31570,3157,4,0,0,13.74
31571,3157.1,4,0,0,13.74
31572,3157.2,4,0,0,13.71
31573,3157.3,4,0,0,13.76
31574,3157.4,5,0,0,13.77
31575,3157.5,5,0,0,13.82
31576,3157.6,5,0,0,13.77
31577,3157.7,5,0,0,13.77
31578,3157.8,5,0,0,13.76
31579,3157.9,5,0,0,13.78
31580,3158,4,1,0,13.71
31581,3158.1,4,0,0,13.72
31582,3158.2,4,0,0,13.74
31583,3158.3,4,0,0,13.75
31584,3158.4,4,0,0,13.78
31585,3158.5,4,0,0,13.73
31586,3158.6,4,0,0,13.72
31587,3158.7,3,1,0,13.77
31588,3158.8,4,0,0,13.8
31589,3158.9,4,0,0,13.8
31590,3159,4,0,0,13.81
31591,3159.1,4,0,0,13.78
31592,3159.2,4,0,0,13.82
31593,3159.3,4,0,0,13.79
31594,3159.4,4,0,0,13.79
31595,3159.5,3,1,0,13.79
31596,3159.6,3,0,0,13.79
31597,3159.7,4,0,0,13.34
31598,3159.8,4,0,0,13.32
31599,3159.9,4,0,0,13.32
31600,3160,4,0,0,13.28
31601,3160.1,4,0,0,13.36
31602,3160.2,5,0,0,13.46
31603,3160.3,5,0,0,13.44
31604,3160.4,5,0,0,13.45
31605,3160.5,5,0,0,13.46
31606,3160.6,5,0,0,13.44
31607,3160.7,5,0,0,13.44
31608,3160.8,4,1,0,13.31
31609,3160.9,4,0,0,13.36
31610,3161,4,0,0,13.29
31611,3161.1,4,0,0,13.33
31612,3161.2,4,0,0,13.29
31613,3161.3,4,0,0,13.3
31614,3161.4,4,0,0,13.34
31615,3161.5,4,0,0,13.3
31616,3161.6,4,0,0,13.36
31617,3161.7,5,0,0,12.66
31618,3161.8,5,0,0,12.67
31619,3161.9,5,0,0,12.64
31620,3162,5,0,0,12.66
31621,3162.1,5,0,0,12.68
31622,3162.2,5,0,0,12.66
31623,3162.3,5,1,0,12.67
31624,3162.4,5,0,0,12.67
31625,3162.5,5,0,0,12.68
31626,3162.6,4,1,0,12.36
31627,3162.7,4,0,0,12.32
31628,3162.8,4,0,0,12.36
31629,3162.9,5,0,0,11.52
31630,3163,6,0,0,11.92
31631,3163.1,6,0,0,11.91
31632,3163.2,6,0,0,11.93
31633,3163.3,6,0,0,11.94
31634,3163.4,6,0,0,11.97
31635,3163.5,6,0,0,11.97
31636,3163.6,5,1,0,11.58
31637,3163.7,5,0,0,11.58
31638,3163.8,5,0,0,11.62
31639,3163.9,5,0,0,11.6
31640,3164,5,0,0,11.6
31641,3164.1,5,0,0,11.62
31642,3164.2,5,0,0,11.67
31643,3164.3,5,0,0,11.64
31644,3164.4,5,0,0,11.64
31645,3164.5,5,0,0,11.69
31646,3164.6,5,0,0,11.69
31647,3164.7,5,0,0,11.67
31648,3164.8,5,0,0,11.67
31649,3164.9,5,0,0,11.7
31650,3165,5,0,0,11.71
31651,3165.1,5,0,0,11.7
31652,3165.2,5,0,0,11.71
31653,3165.3,5,0,0,11.72
31654,3165.4,5,0,0,11.72
31655,3165.5,5,0,0,11.72
31656,3165.6,5,0,0,11.71
31657,3165.7,5,0,0,11.72
31658,3165.8,4,1,0,11.22
31659,3165.9,6,0,0,11.65
31660,3166,7,0,0,11.79
31661,3166.1,6,1,0,11.51
31662,3166.2,6,0,0,11.51
31663,3166.3,6,0,0,11.49
31664,3166.4,6,0,0,11.48
31665,3166.5,5,1,0,10.96
31666,3166.6,5,0,0,10.97
31667,3166.7,5,0,0,10.96
31668,3166.8,5,0,0,10.96
31669,3166.9,5,0,0,10.96
31670,3167,5,0,0,10.94
31671,3167.1,5,0,0,10.94
31672,3167.2,5,0,0,10.94
31673,3167.3,5,0,0,10.93
31674,3167.4,5,0,0,10.92
31675,3167.5,5,0,0,10.89
31676,3167.6,5,0,0,10.91
31677,3167.7,5,0,0,10.9
31678,3167.8,5,0,0,10.85
31679,3167.9,5,0,0,10.87
31680,3168,5,0,0,10.85
31681,3168.1,6,0,0,10.7
31682,3168.2,6,0,0,10.67
31683,3168.3,5,1,0,10.79
31684,3168.4,5,0,0,10.82
31685,3168.5,5,0,0,10.86
31686,3168.6,5,0,0,10.82
31687,3168.7,6,0,0,10.96
31688,3168.8,6,0,0,10.92
31689,3168.9,6,0,0,10.92
31690,3169,6,0,0,10.93
31691,3169.1,6,0,0,10.93
31692,3169.2,7,0,0,11.13
31693,3169.3,7,0,0,11.09
31694,3169.4,7,1,0,11.35
31695,3169.5,7,0,0,11.35
31696,3169.6,7,0,0,11.34
31697,3169.7,7,0,0,11.32
31698,3169.8,7,0,0,11.32
31699,3169.9,7,0,0,11.34
31700,3170,7,0,0,11.32
31701,3170.1,7,0,0,11.31
31702,3170.2,6,1,0,11.34
31703,3170.3,5,1,0,11.2
31704,3170.4,5,0,0,11.2
31705,3170.5,5,0,0,11.18
31706,3170.6,5,0,0,11.18
31707,3170.7,5,0,0,11.18
31708,3170.8,5,0,0,11.15
31709,3170.9,5,0,0,11.2
31710,3171,5,0,0,11.16
31711,3171.1,5,0,0,11.18
31712,3171.2,5,0,0,11.16
31713,3171.3,5,0,0,11.15
31714,3171.4,5,0,0,11.18
31715,3171.5,6,0,0,11.55
31716,3171.6,6,0,0,11.52
31717,3171.7,6,0,0,11.53
31718,3171.8,6,0,0,11.54
31719,3171.9,6,0,0,11.52
31720,3172,6,0,0,11.53
31721,3172.1,5,1,0,11.16
31722,3172.2,5,0,0,11.17
31723,3172.3,6,0,0,11.4
31724,3172.4,6,0,0,11.39
31725,3172.5,6,0,0,11.37
31726,3172.6,6,0,0,11.36
31727,3172.7,6,0,0,11.38
31728,3172.8,6,0,0,11.37
31729,3172.9,6,0,0,11.37
31730,3173,6,1,0,11.46
31731,3173.1,6,0,0,11.45
31732,3173.2,6,0,0,11.47
31733,3173.3,6,0,0,11.47
31734,3173.4,6,0,0,11.44
31735,3173.5,6,0,0,11.47
31736,3173.6,6,0,0,11.45
31737,3173.7,6,0,0,11.46
31738,3173.8,6,0,0,11.47
31739,3173.9,5,1,0,11.76
31740,3174,5,0,0,11.83
31741,3174.1,5,0,0,11.85
31742,3174.2,5,0,0,11.92
31743,3174.3,6,0,0,12.34
31744,3174.4,6,0,0,12.38
31745,3174.5,6,0,0,12.42
31746,3174.6,6,0,0,12.47
31747,3174.7,6,0,0,12.51
31748,3174.8,6,0,0,12.55
31749,3174.9,5,1,0,12.36
31750,3175,5,0,0,12.43
31751,3175.1,5,0,0,12.48
31752,3175.2,5,0,0,12.58
31753,3175.3,5,0,0,12.65
31754,3175.4,5,0,0,12.71
31755,3175.5,6,0,0,12.76
31756,3175.6,6,0,0,12.8
31757,3175.7,6,0,0,12.87
31758,3175.8,5,1,0,12.82
31759,3175.9,5,0,0,12.82
31760,3176,5,0,0,12.85
31761,3176.1,5,0,0,12.89
31762,3176.2,5,0,0,12.92
31763,3176.3,5,0,0,12.98
31764,3176.4,5,0,0,12.99
31765,3176.5,4,1,0,12.77
31766,3176.6,5,0,0,12.9
31767,3176.7,5,0,0,12.92
31768,3176.8,5,0,0,12.89
31769,3176.9,5,0,0,12.87
31770,3177,5,0,0,12.85
31771,3177.1,6,0,0,12.76
31772,3177.2,5,1,0,12.57
31773,3177.3,5,0,0,12.54
31774,3177.4,5,0,0,12.54
31775,3177.5,5,0,0,12.56
31776,3177.6,5,0,0,12.52
31777,3177.7,4,1,0,12.63
31778,3177.8,4,0,0,12.63
31779,3177.9,4,0,0,12.62
31780,3178,4,0,0,12.64
31781,3178.1,4,0,0,12.62
31782,3178.2,4,0,0,12.61
31783,3178.3,4,0,0,12.63
31784,3178.4,4,0,0,12.66
31785,3178.5,4,0,0,12.63
31786,3178.6,5,0,0,12.9
31787,3178.7,5,0,0,12.87
31788,3178.8,5,0,0,12.91
31789,3178.9,5,0,0,12.88
31790,3179,5,0,0,12.91
31791,3179.1,5,0,0,12.88
31792,3179.2,5,0,0,12.87
31793,3179.3,5,0,0,12.89
31794,3179.4,5,0,0,12.88
31795,3179.5,5,0,0,12.89
31796,3179.6,5,0,0,12.92
31797,3179.7,4,1,0,13.07
31798,3179.8,4,0,0,13.09
31799,3179.9,4,0,0,13.03
31800,3180,5,0,0,13.27
31801,3180.1,6,0,0,13.36
31802,3180.2,5,1,0,13.4
31803,3180.3,5,0,0,13.37
31804,3180.4,5,0,0,13.37
31805,3180.5,5,0,0,13.42
31806,3180.6,4,1,0,13.25
31807,3180.7,4,0,0,13.23
31808,3180.8,4,0,0,13.27
31809,3180.9,4,0,0,13.27
31810,3181,4,0,0,13.23
31811,3181.1,4,0,0,13.23
31812,3181.2,4,0,0,13.25
31813,3181.3,4,0,0,13.23
31814,3181.4,4,0,0,13.25
31815,3181.5,4,0,0,13.22
31816,3181.6,4,0,0,13.22
31817,3181.7,4,0,0,13.23
31818,3181.8,5,0,0,13.4
31819,3181.9,5,0,0,13.37
31820,3182,5,0,0,13.41
31821,3182.1,5,0,0,13.36
31822,3182.2,5,0,0,13.38
31823,3182.3,5,0,0,13.37
31824,3182.4,5,0,0,13.42
31825,3182.5,4,1,0,13.57
31826,3182.6,4,0,0,13.62
31827,3182.7,4,0,0,13.59
31828,3182.8,5,0,0,13.67
31829,3182.9,5,0,0,13.64
31830,3183,5,0,0,13.66
31831,3183.1,5,0,0,13.64
31832,3183.2,5,0,0,13.66
31833,3183.3,5,0,0,13.63
31834,3183.4,4,1,0,13.55
31835,3183.5,4,0,0,13.57
31836,3183.6,3,1,0,13.44
31837,3183.7,4,0,0,13.63
31838,3183.8,4,0,0,13.58
31839,3183.9,4,0,0,13.56
31840,3184,4,0,0,13.57
31841,3184.1,5,0,0,12.87
31842,3184.2,5,0,0,12.87
31843,3184.3,4,1,0,13.59
31844,3184.4,4,0,0,13.59
31845,3184.5,4,0,0,13.59
31846,3184.6,4,0,0,13.59
31847,3184.7,4,0,0,13.64
31848,3184.8,5,0,0,12.87
31849,3184.9,5,0,0,12.86
31850,3185,5,0,0,12.83
31851,3185.1,5,0,0,12.84
31852,3185.2,5,0,0,12.9
31853,3185.3,5,0,0,12.89
31854,3185.4,5,0,0,12.89
31855,3185.5,5,0,0,12.87
31856,3185.6,7,0,0,11.95
31857,3185.7,6,1,0,11.82
31858,3185.8,6,0,0,11.84
31859,3185.9,6,0,0,11.85
31860,3186,6,0,0,11.87
31861,3186.1,6,0,0,11.9
31862,3186.2,5,1,0,11.83
31863,3186.3,5,0,0,11.86
31864,3186.4,5,0,0,11.85
31865,3186.5,5,0,0,11.89
31866,3186.6,5,0,0,11.88
31867,3186.7,5,0,0,11.9
31868,3186.8,5,0,0,11.94
31869,3186.9,5,0,0,11.94
31870,3187,5,0,0,11.95
31871,3187.1,5,0,0,11.96
31872,3187.2,5,1,0,11.98
31873,3187.3,5,0,0,12.03
31874,3187.4,5,0,0,11.99
31875,3187.5,5,0,0,12.01
31876,3187.6,5,0,0,12.02
31877,3187.7,5,0,0,12.03
31878,3187.8,4,1,0,11.6
31879,3187.9,4,0,0,11.61
31880,3188,4,0,0,11.64
31881,3188.1,5,0,0,11.28
31882,3188.2,5,0,0,11.26
31883,3188.3,5,0,0,11.31
31884,3188.4,6,0,0,11.77
31885,3188.5,6,0,0,11.75
31886,3188.6,6,0,0,11.77
31887,3188.7,6,0,0,11.75
31888,3188.8,6,0,0,11.76
31889,3188.9,6,0,0,11.8
31890,3189,5,1,0,11.36
31891,3189.1,5,0,0,11.36
31892,3189.2,5,0,0,11.37
31893,3189.3,5,0,0,11.36
31894,3189.4,5,0,0,11.37
31895,3189.5,5,0,0,11.36
31896,3189.6,5,0,0,11.41
31897,3189.7,5,0,0,11.38
31898,3189.8,5,0,0,11.37
31899,3189.9,5,0,0,11.36
31900,3190,5,0,0,11.37
31901,3190.1,5,0,0,11.38
31902,3190.2,5,0,0,11.36
31903,3190.3,5,0,0,11.4
31904,3190.4,5,0,0,11.42
31905,3190.5,5,0,0,11.4
31906,3190.6,5,0,0,11.43
31907,3190.7,4,1,0,10.78
31908,3190.8,5,0,0,11.12
31909,3190.9,5,0,0,11.12
31910,3191,4,1,0,10.42
31911,3191.1,4,0,0,10.44
31912,3191.2,5,0,0,10.93
31913,3191.3,6,0,0,11.44
31914,3191.4,6,0,0,11.47
31915,3191.5,6,0,0,11.46
31916,3191.6,6,0,0,11.44
31917,3191.7,6,0,0,11.44
31918,3191.8,6,0,0,11.45
31919,3191.9,6,1,0,10.61
31920,3192,6,0,0,10.56
31921,3192.1,6,0,0,10.58
31922,3192.2,6,0,0,10.63
31923,3192.3,6,0,0,10.6
31924,3192.4,6,0,0,10.61
31925,3192.5,6,0,0,10.62
31926,3192.6,6,0,0,10.62
31927,3192.7,6,0,0,10.64
31928,3192.8,6,0,0,10.65
31929,3192.9,6,0,0,10.64
31930,3193,6,0,0,10.64
31931,3193.1,6,0,0,10.64
31932,3193.2,6,0,0,10.6
31933,3193.3,6,0,0,10.63
31934,3193.4,6,0,0,10.65
31935,3193.5,6,0,0,10.65
31936,3193.6,6,0,0,10.64
31937,3193.7,6,0,0,10.63
31938,3193.8,6,0,0,10.64
31939,3193.9,6,0,0,10.63
31940,3194,6,0,0,10.62
31941,3194.1,7,0,0,10.97
31942,3194.2,7,0,0,10.95
31943,3194.3,8,0,0,11.02
31944,3194.4,9,0,0,11.23
31945,3194.5,9,0,0,11.22
31946,3194.6,9,0,0,11.21
31947,3194.7,7,2,0,10.76
31948,3194.8,7,0,0,10.75
31949,3194.9,7,0,0,10.73
31950,3195,7,0,0,10.74
31951,3195.1,7,0,0,10.71
31952,3195.2,7,0,0,10.7
31953,3195.3,7,0,0,10.73
31954,3195.4,7,0,0,10.71
31955,3195.5,7,0,0,10.7
31956,3195.6,7,0,0,10.67
31957,3195.7,7,0,0,10.69
31958,3195.8,7,0,0,10.68
31959,3195.9,7,0,0,10.65
31960,3196,7,0,0,10.63
31961,3196.1,7,0,0,10.63
31962,3196.2,7,0,0,10.64
31963,3196.3,6,1,0,10.73
31964,3196.4,6,0,0,10.78
31965,3196.5,6,0,0,10.8
31966,3196.6,6,0,0,10.84
31967,3196.7,6,0,0,10.86
31968,3196.8,6,0,0,10.9
31969,3196.9,7,0,0,11.21
31970,3197,6,1,0,11.41
31971,3197.1,6,0,0,11.48
31972,3197.2,6,0,0,11.54
31973,3197.3,6,0,0,11.64
31974,3197.4,6,0,0,11.75
31975,3197.5,6,1,0,12.06
31976,3197.6,6,0,0,12.14
31977,3197.7,6,0,0,12.19
31978,3197.8,6,0,0,12.29
31979,3197.9,7,0,0,12.6
31980,3198,7,0,0,12.67
31981,3198.1,7,0,0,12.75
31982,3198.2,7,0,0,12.8
31983,3198.3,6,1,0,12.71
31984,3198.4,6,0,0,12.8
31985,3198.5,6,0,0,12.92
31986,3198.6,6,0,0,12.95
31987,3198.7,6,0,0,12.97
31988,3198.8,6,0,0,13
31989,3198.9,5,1,0,12.92
31990,3199,5,0,0,12.93
31991,3199.1,5,0,0,12.96
31992,3199.2,5,0,0,12.95
31993,3199.3,5,0,0,12.93
31994,3199.4,5,0,0,12.96
31995,3199.5,5,0,0,12.94
31996,3199.6,5,0,0,12.9
31997,3199.7,6,0,0,13.07
31998,3199.8,6,0,0,13.09
31999,3199.9,6,0,0,13.08
32000,3200,6,0,0,13.11
32001,3200.1,6,0,0,13.07
32002,3200.2,6,0,0,13.07
32003,3200.3,6,1,0,12.44
32004,3200.4,6,0,0,12.43
32005,3200.5,4,2,0,13.16
32006,3200.6,5,0,0,13.27
32007,3200.7,5,0,0,13.3
32008,3200.8,5,0,0,13.34
32009,3200.9,5,0,0,13.37
32010,3201,5,0,0,13.44
32011,3201.1,5,0,0,13.43
32012,3201.2,5,0,0,13.44
32013,3201.3,5,0,0,13.44
32014,3201.4,5,1,0,13
32015,3201.5,5,0,0,12.98
32016,3201.6,5,0,0,13
32017,3201.7,5,0,0,13.01
32018,3201.8,5,0,0,12.97
32019,3201.9,5,0,0,12.96
32020,3202,4,1,0,12.94
32021,3202.1,4,0,0,12.96
32022,3202.2,4,0,0,12.97
32023,3202.3,4,0,0,12.98
32024,3202.4,4,0,0,12.98
32025,3202.5,4,0,0,12.95
32026,3202.6,5,0,0,13.08
32027,3202.7,5,0,0,13.08
32028,3202.8,5,0,0,13.05
32029,3202.9,5,0,0,13.03
32030,3203,5,0,0,13.08
32031,3203.1,5,0,0,13.05
32032,3203.2,4,1,0,12.95
32033,3203.3,4,0,0,13.02
32034,3203.4,4,0,0,12.97
32035,3203.5,4,0,0,12.97
32036,3203.6,4,0,0,13
32037,3203.7,4,0,0,12.97
32038,3203.8,5,0,0,12.53
32039,3203.9,5,0,0,12.49
32040,3204,5,0,0,12.51
32041,3204.1,5,0,0,12.49
32042,3204.2,5,0,0,12.49
32043,3204.3,4,1,0,12.42
32044,3204.4,4,0,0,12.41
32045,3204.5,4,0,0,12.4
32046,3204.6,4,0,0,12.4
32047,3204.7,4,0,0,12.39
32048,3204.8,4,0,0,12.41
32049,3204.9,4,0,0,12.4
32050,3205,5,0,0,12.73
32051,3205.1,5,0,0,12.73
32052,3205.2,5,0,0,12.71
32053,3205.3,5,0,0,12.71
32054,3205.4,6,0,0,12.94
32055,3205.5,5,1,0,13.18
32056,3205.6,5,0,0,13.17
32057,3205.7,5,0,0,13.19
32058,3205.8,5,0,0,13.19
32059,3205.9,5,0,0,13.17
32060,3206,4,1,0,13
32061,3206.1,4,0,0,12.98
32062,3206.2,4,0,0,13
32063,3206.3,4,0,0,12.99
32064,3206.4,4,0,0,12.98
32065,3206.5,4,0,0,13.01
32066,3206.6,4,0,0,13
32067,3206.7,3,1,0,12.64
32068,3206.8,3,0,0,12.66
32069,3206.9,4,0,0,13.02
32070,3207,4,0,0,12.97
32071,3207.1,4,0,0,12.98
32072,3207.2,4,0,0,12.98
32073,3207.3,4,0,0,13.02
32074,3207.4,4,0,0,12.98
32075,3207.5,4,0,0,13.04
32076,3207.6,4,0,0,12.96
32077,3207.7,4,0,0,12.98
32078,3207.8,4,0,0,12.96
32079,3207.9,5,0,0,12.37
32080,3208,5,0,0,12.37
32081,3208.1,5,0,0,12.32
32082,3208.2,6,0,0,12.6
32083,3208.3,6,0,0,12.56
32084,3208.4,6,0,0,12.54
32085,3208.5,5,1,0,12.27
32086,3208.6,6,0,0,12.55
32087,3208.7,6,0,0,12.53
32088,3208.8,5,1,0,12.25
32089,3208.9,5,0,0,12.2
32090,3209,5,0,0,12.19
32091,3209.1,5,0,0,12.19
32092,3209.2,5,0,0,12.18
32093,3209.3,5,0,0,12.17
32094,3209.4,5,0,0,12.15
32095,3209.5,5,0,0,12.12
32096,3209.6,5,0,0,12.13
32097,3209.7,5,0,0,12.09
32098,3209.8,5,0,0,12.11
32099,3209.9,5,0,0,12.12
32100,3210,4,1,0,11.74
32101,3210.1,5,0,0,11.67
32102,3210.2,5,0,0,11.67
32103,3210.3,5,0,0,11.64
32104,3210.4,5,0,0,11.6
32105,3210.5,5,0,0,11.56
32106,3210.6,5,0,0,11.56
32107,3210.7,5,0,0,11.54
32108,3210.8,5,0,0,11.55
32109,3210.9,5,0,0,11.52
32110,3211,6,0,0,11.93
32111,3211.1,6,0,0,11.9
32112,3211.2,6,0,0,11.92
32113,3211.3,6,0,0,11.89
32114,3211.4,6,0,0,11.87
32115,3211.5,6,0,0,11.87
32116,3211.6,5,1,0,11.43
32117,3211.7,5,0,0,11.42
32118,3211.8,5,0,0,11.42
32119,3211.9,5,0,0,11.42
32120,3212,5,0,0,11.38
32121,3212.1,5,1,0,10.88
32122,3212.2,5,0,0,10.85
32123,3212.3,5,0,0,10.85
32124,3212.4,5,0,0,10.81
32125,3212.5,5,0,0,10.83
32126,3212.6,5,0,0,10.81
32127,3212.7,5,0,0,10.81
32128,3212.8,5,0,0,10.79
32129,3212.9,5,0,0,10.8
32130,3213,5,0,0,10.78
32131,3213.1,5,0,0,10.77
32132,3213.2,6,0,0,10.99
32133,3213.3,6,0,0,10.98
32134,3213.4,6,0,0,10.97
32135,3213.5,6,0,0,10.98
32136,3213.6,6,0,0,10.95
32137,3213.7,6,0,0,10.92
32138,3213.8,6,0,0,10.95
32139,3213.9,7,0,0,11.37
32140,3214,7,0,0,11.36
32141,3214.1,7,0,0,11.4
32142,3214.2,7,0,0,11.35
32143,3214.3,7,0,0,11.35
32144,3214.4,7,0,0,11.35
32145,3214.5,6,1,0,10.92
32146,3214.6,6,0,0,10.92
32147,3214.7,6,0,0,10.91
32148,3214.8,6,0,0,10.89
32149,3214.9,6,0,0,10.9
32150,3215,6,0,0,10.89
32151,3215.1,6,0,0,10.89
32152,3215.2,6,0,0,10.86
32153,3215.3,6,0,0,10.84
32154,3215.4,6,0,0,10.89
32155,3215.5,6,0,0,10.87
32156,3215.6,6,0,0,10.89
32157,3215.7,7,0,0,11.31
32158,3215.8,7,0,0,11.28
32159,3215.9,6,1,0,11.43
32160,3216,6,0,0,11.45
32161,3216.1,7,0,0,11.27
32162,3216.2,7,0,0,11.31
32163,3216.3,5,2,0,11.59
32164,3216.4,6,0,0,12.03
32165,3216.5,6,0,0,12.05
32166,3216.6,6,0,0,12.11
32167,3216.7,7,0,0,12.37
32168,3216.8,7,0,0,12.4
32169,3216.9,7,0,0,12.42
32170,3217,7,0,0,12.45
32171,3217.1,7,0,0,12.49
32172,3217.2,7,0,0,12.53
32173,3217.3,6,1,0,12.3
32174,3217.4,5,1,0,12.04
32175,3217.5,5,0,0,12.01
32176,3217.6,5,0,0,12
32177,3217.7,5,0,0,11.99
32178,3217.8,5,0,0,12
32179,3217.9,5,0,0,12.02
32180,3218,5,0,0,12
32181,3218.1,5,0,0,12
32182,3218.2,5,0,0,12
32183,3218.3,5,0,0,12
32184,3218.4,5,0,0,11.98
32185,3218.5,5,0,0,12
32186,3218.6,5,0,0,11.99
32187,3218.7,5,0,0,11.98
32188,3218.8,5,0,0,11.99
32189,3218.9,5,0,0,12
32190,3219,5,0,0,11.99
32191,3219.1,5,0,0,11.94
32192,3219.2,5,1,0,11.94
32193,3219.3,5,0,0,11.93
32194,3219.4,5,0,0,11.91
32195,3219.5,7,0,0,12.49
32196,3219.6,7,0,0,12.45
32197,3219.7,7,0,0,12.45
32198,3219.8,7,0,0,12.45
32199,3219.9,7,0,0,12.44
32200,3220,7,0,0,12.43
32201,3220.1,5,2,0,12.64
32202,3220.2,5,0,0,12.66
32203,3220.3,5,0,0,12.73
32204,3220.4,5,0,0,12.73
32205,3220.5,5,0,0,12.79
32206,3220.6,5,0,0,12.87
32207,3220.7,5,0,0,12.92
32208,3220.8,5,0,0,12.98
32209,3220.9,5,0,0,13.09
32210,3221,5,0,0,13.11
32211,3221.1,5,0,0,13.19
32212,3221.2,5,0,0,13.19
32213,3221.3,5,0,0,13.21
32214,3221.4,5,0,0,13.28
32215,3221.5,5,0,0,13.33
32216,3221.6,5,0,0,13.33
32217,3221.7,5,0,0,13.37
32218,3221.8,5,0,0,13.43
32219,3221.9,5,0,0,13.46
32220,3222,4,1,0,13.44
32221,3222.1,4,0,0,13.43
32222,3222.2,4,0,0,13.46
32223,3222.3,5,0,0,13.55
32224,3222.4,5,0,0,13.54
32225,3222.5,5,0,0,13.55
32226,3222.6,5,0,0,13.55
32227,3222.7,5,1,0,13.55
32228,3222.8,6,0,0,13.61
32229,3222.9,5,1,0,13.5
32230,3223,5,0,0,13.49
32231,3223.1,5,0,0,13.48
32232,3223.2,5,0,0,13.5
32233,3223.3,5,0,0,13.45
32234,3223.4,5,0,0,13.49
32235,3223.5,5,0,0,13.47
32236,3223.6,5,0,0,13.46
32237,3223.7,5,0,0,13.45
32238,3223.8,4,1,0,13.78
32239,3223.9,4,0,0,13.85
32240,3224,4,0,0,13.9
32241,3224.1,4,0,0,13.93
32242,3224.2,4,0,0,13.92
32243,3224.3,4,0,0,13.93
32244,3224.4,4,0,0,13.88
32245,3224.5,4,0,0,13.88
32246,3224.6,4,0,0,13.89
32247,3224.7,4,0,0,13.92
32248,3224.8,4,0,0,13.92
32249,3224.9,4,0,0,13.92
32250,3225,4,0,0,13.91
32251,3225.1,4,0,0,13.89
32252,3225.2,5,0,0,13.93
32253,3225.3,5,0,0,13.9
32254,3225.4,5,0,0,13.91
32255,3225.5,5,0,0,13.93
32256,3225.6,4,1,0,13.94
32257,3225.7,4,0,0,13.92
32258,3225.8,4,1,0,13.95
32259,3225.9,4,0,0,13.91
32260,3226,4,0,0,13.94
32261,3226.1,4,0,0,13.89
32262,3226.2,4,0,0,13.92
32263,3226.3,4,1,0,13.93
32264,3226.4,4,0,0,13.91
32265,3226.5,4,0,0,13.91
32266,3226.6,4,0,0,13.91
32267,3226.7,4,0,0,13.9
32268,3226.8,4,0,0,13.91
32269,3226.9,4,0,0,13.91
32270,3227,4,0,0,13.9
32271,3227.1,4,0,0,13.89
32272,3227.2,4,0,0,13.91
32273,3227.3,4,0,0,13.89
32274,3227.4,4,0,0,13.91
32275,3227.5,4,0,0,13.9
32276,3227.6,4,0,0,13.87
32277,3227.7,4,0,0,13.9
32278,3227.8,4,0,0,13.89
32279,3227.9,4,0,0,13.93
32280,3228,5,0,0,13.92
32281,3228.1,5,0,0,13.9
32282,3228.2,5,0,0,13.93
32283,3228.3,5,0,0,13.88
32284,3228.4,5,0,0,13.94
32285,3228.5,5,0,0,13.88
32286,3228.6,4,1,0,13.92
32287,3228.7,3,1,0,13.9
32288,3228.8,3,0,0,13.92
32289,3228.9,3,0,0,13.96
32290,3229,4,0,0,13.46
32291,3229.1,4,0,0,13.43
32292,3229.2,4,0,0,13.46
32293,3229.3,4,0,0,13.44
32294,3229.4,4,0,0,13.49
32295,3229.5,4,0,0,13.44
32296,3229.6,4,0,0,13.41
32297,3229.7,4,0,0,13.44
32298,3229.8,3,1,0,13.25
32299,3229.9,4,0,0,13.47
32300,3230,4,0,0,13.46
32301,3230.1,4,0,0,13.42
32302,3230.2,4,0,0,13.45
32303,3230.3,4,0,0,13.43
32304,3230.4,4,0,0,13.46
32305,3230.5,4,0,0,13.42
32306,3230.6,4,0,0,13.45
32307,3230.7,4,0,0,13.45
32308,3230.8,5,0,0,13.41
32309,3230.9,6,0,0,12.86
32310,3231,6,0,0,12.84
32311,3231.1,6,0,0,12.84
32312,3231.2,6,0,0,12.83
32313,3231.3,6,0,0,12.83
32314,3231.4,5,1,0,12.75
32315,3231.5,5,0,0,12.73
32316,3231.6,5,0,0,12.75
32317,3231.7,5,0,0,12.75
32318,3231.8,5,0,0,12.73
32319,3231.9,4,1,0,12.43
32320,3232,5,0,0,11.94
32321,3232.1,7,0,0,11.16
32322,3232.2,7,0,0,11.15
32323,3232.3,6,1,0,11.37
32324,3232.4,6,0,0,11.35
32325,3232.5,6,0,0,11.38
32326,3232.6,6,0,0,11.4
32327,3232.7,6,0,0,11.38
32328,3232.8,6,0,0,11.41
32329,3232.9,6,0,0,11.39
32330,3233,6,0,0,11.42
32331,3233.1,6,0,0,11.42
32332,3233.2,6,0,0,11.42
32333,3233.3,6,0,0,11.43
32334,3233.4,5,1,0,10.95
32335,3233.5,6,0,0,10.68
32336,3233.6,7,0,0,11.12
32337,3233.7,7,0,0,11.1
32338,3233.8,7,0,0,11.12
32339,3233.9,7,0,0,11.13
32340,3234,7,0,0,11.11
32341,3234.1,7,0,0,11.14
32342,3234.2,6,1,0,10.74
32343,3234.3,6,0,0,10.72
32344,3234.4,6,0,0,10.73
32345,3234.5,6,0,0,10.74
32346,3234.6,6,0,0,10.74
32347,3234.7,6,0,0,10.79
32348,3234.8,6,0,0,10.81
32349,3234.9,6,0,0,10.77
32350,3235,5,1,0,10.14
32351,3235.1,5,0,0,10.18
32352,3235.2,5,0,0,10.16
32353,3235.3,6,0,0,10.56
32354,3235.4,6,0,0,10.52
32355,3235.5,6,0,0,10.52
32356,3235.6,6,0,0,10.53
32357,3235.7,6,0,0,10.56
32358,3235.8,6,0,0,10.57
32359,3235.9,6,0,0,10.54
32360,3236,6,0,0,10.57
32361,3236.1,6,0,0,10.55
32362,3236.2,6,0,0,10.57
32363,3236.3,5,1,0,10.69
32364,3236.4,5,0,0,10.69
32365,3236.5,6,0,0,10.82
32366,3236.6,6,0,0,10.84
32367,3236.7,6,0,0,10.9
32368,3236.8,6,0,0,10.9
32369,3236.9,6,0,0,10.9
32370,3237,7,0,0,11.16
32371,3237.1,7,0,0,11.16
32372,3237.2,6,1,0,11.16
32373,3237.3,6,0,0,11.17
32374,3237.4,6,0,0,11.22
32375,3237.5,6,0,0,11.26
32376,3237.6,6,0,0,11.28
32377,3237.7,6,0,0,11.31
32378,3237.8,6,0,0,11.33
32379,3237.9,6,0,0,11.34
32380,3238,6,0,0,11.36
32381,3238.1,6,0,0,11.43
32382,3238.2,5,1,0,11.08
32383,3238.3,5,0,0,11.07
32384,3238.4,6,0,0,11.25
32385,3238.5,6,0,0,11.23
32386,3238.6,6,0,0,11.2
32387,3238.7,6,0,0,11.22
32388,3238.8,6,0,0,11.21
32389,3238.9,6,0,0,11.21
32390,3239,6,0,0,11.19
32391,3239.1,6,0,0,11.2
32392,3239.2,6,0,0,11.18
32393,3239.3,7,0,0,11.58
32394,3239.4,7,0,0,11.57
32395,3239.5,7,0,0,11.58
32396,3239.6,7,0,0,11.58
32397,3239.7,6,1,0,11.53
32398,3239.8,6,0,0,11.5
32399,3239.9,5,1,0,11.03
32400,3240,5,0,0,10.99
32401,3240.1,5,0,0,10.99
32402,3240.2,5,0,0,10.99
32403,3240.3,5,0,0,10.97
32404,3240.4,5,0,0,10.99
32405,3240.5,5,0,0,10.99
32406,3240.6,6,0,0,11.5
32407,3240.7,6,0,0,11.48
32408,3240.8,6,0,0,11.49
32409,3240.9,5,1,0,11.25
32410,3241,5,0,0,11.26
32411,3241.1,5,0,0,11.27
32412,3241.2,5,0,0,11.27
32413,3241.3,5,0,0,11.28
32414,3241.4,5,0,0,11.22
32415,3241.5,5,0,0,11.27
32416,3241.6,6,0,0,11.7
32417,3241.7,6,0,0,11.67
32418,3241.8,6,0,0,11.69
32419,3241.9,6,0,0,11.67
32420,3242,6,0,0,11.67
32421,3242.1,7,0,0,11.77
32422,3242.2,7,0,0,11.72
32423,3242.3,7,0,0,11.71
32424,3242.4,7,0,0,11.73
32425,3242.5,7,0,0,11.73
32426,3242.6,7,0,0,11.74
32427,3242.7,6,1,0,11.67
32428,3242.8,6,0,0,11.64
32429,3242.9,6,0,0,11.64
32430,3243,6,0,0,11.66
32431,3243.1,5,1,0,11.96
32432,3243.2,5,0,0,12.06
32433,3243.3,5,0,0,12.09
32434,3243.4,5,0,0,12.19
32435,3243.5,5,0,0,12.23
32436,3243.6,5,0,0,12.33
32437,3243.7,5,0,0,12.4
32438,3243.8,5,0,0,12.44
32439,3243.9,5,0,0,12.5
32440,3244,5,0,0,12.56
32441,3244.1,5,1,0,12.66
32442,3244.2,5,0,0,12.72
32443,3244.3,5,0,0,12.79
32444,3244.4,5,0,0,12.76
32445,3244.5,5,0,0,12.76
32446,3244.6,5,0,0,12.77
32447,3244.7,6,0,0,12.97
32448,3244.8,6,0,0,12.96
32449,3244.9,7,0,0,13.06
32450,3245,7,0,0,13.05
32451,3245.1,6,1,0,13.22
32452,3245.2,6,0,0,13.22
32453,3245.3,6,0,0,13.24
32454,3245.4,6,0,0,13.26
32455,3245.5,5,1,0,13.19
32456,3245.6,5,0,0,13.2
32457,3245.7,5,0,0,13.2
32458,3245.8,5,0,0,13.21
32459,3245.9,5,0,0,13.17
32460,3246,5,0,0,13.2
32461,3246.1,5,0,0,13.21
32462,3246.2,5,0,0,13.19
32463,3246.3,5,0,0,13.19
32464,3246.4,5,0,0,13.2
32465,3246.5,5,0,0,13.21
32466,3246.6,4,1,0,13.42
32467,3246.7,4,0,0,13.41
32468,3246.8,4,0,0,13.41
32469,3246.9,4,0,0,13.43
32470,3247,4,0,0,13.42
32471,3247.1,4,0,0,13.43
32472,3247.2,4,0,0,13.44
32473,3247.3,4,0,0,13.41
32474,3247.4,4,0,0,13.43
32475,3247.5,4,0,0,13.42
32476,3247.6,3,1,0,13.24
32477,3247.7,5,0,0,13.49
32478,3247.8,5,0,0,13.43
32479,3247.9,6,0,0,13.51
32480,3248,6,0,0,13.46
32481,3248.1,6,0,0,13.53
32482,3248.2,6,0,0,13.49
32483,3248.3,6,1,0,12.88
32484,3248.4,6,0,0,12.87
32485,3248.5,5,1,0,13.46
32486,3248.6,5,0,0,13.44
32487,3248.7,5,0,0,13.47
32488,3248.8,5,0,0,13.48
32489,3248.9,5,0,0,13.46
32490,3249,4,1,0,13.8
32491,3249.1,4,0,0,13.82
32492,3249.2,4,0,0,13.82
32493,3249.3,4,0,0,13.79
32494,3249.4,4,0,0,13.8
32495,3249.5,4,0,0,13.86
32496,3249.6,4,0,0,13.85
32497,3249.7,4,0,0,13.8
32498,3249.8,4,0,0,13.81
32499,3249.9,4,0,0,13.81
32500,3250,4,0,0,13.81
32501,3250.1,4,0,0,13.84
32502,3250.2,4,0,0,13.83
32503,3250.3,4,0,0,13.79
32504,3250.4,4,0,0,13.83
32505,3250.5,4,0,0,13.8
32506,3250.6,5,0,0,13.86
32507,3250.7,5,0,0,13.85
32508,3250.8,5,0,0,13.85
32509,3250.9,4,1,0,13.91
32510,3251,5,0,0,13.46
32511,3251.1,5,0,0,13.48
32512,3251.2,4,2,0,13.15
32513,3251.3,4,0,0,13.11
32514,3251.4,4,0,0,13.12
32515,3251.5,4,0,0,13.16
32516,3251.6,4,0,0,13.13
32517,3251.7,4,0,0,13.11
32518,3251.8,4,0,0,13.14
32519,3251.9,4,0,0,13.13
32520,3252,4,0,0,13.16
32521,3252.1,4,0,0,13.15
32522,3252.2,4,0,0,13.12
32523,3252.3,4,0,0,13.1
32524,3252.4,4,0,0,13.16
32525,3252.5,4,0,0,13.15
32526,3252.6,4,0,0,13.15
32527,3252.7,4,0,0,13.12
32528,3252.8,4,0,0,13.12
32529,3252.9,4,0,0,13.11
32530,3253,4,0,0,13.13
32531,3253.1,4,0,0,13.13
32532,3253.2,4,0,0,13.15
32533,3253.3,4,0,0,13.14
32534,3253.4,5,0,0,12.7
32535,3253.5,5,0,0,12.67
32536,3253.6,5,0,0,12.68
32537,3253.7,5,0,0,12.68
32538,3253.8,5,0,0,12.64
32539,3253.9,4,1,0,12.34
32540,3254,5,0,0,11.91
32541,3254.1,4,1,0,12.12
32542,3254.2,4,0,0,12.13
32543,3254.3,4,0,0,12.13
32544,3254.4,4,0,0,12.15
32545,3254.5,4,0,0,12.13
32546,3254.6,4,0,0,12.14
32547,3254.7,4,0,0,12.12
32548,3254.8,6,0,0,11.56
32549,3254.9,5,1,0,11.2
32550,3255,5,0,0,11.25
32551,3255.1,5,0,0,11.27
32552,3255.2,5,0,0,11.28
32553,3255.3,5,0,0,11.32
32554,3255.4,5,0,0,11.33
32555,3255.5,5,0,0,11.36
32556,3255.6,5,0,0,11.38
32557,3255.7,5,0,0,11.4
32558,3255.8,5,0,0,11.4
32559,3255.9,5,0,0,11.46
32560,3256,5,0,0,11.47
32561,3256.1,5,0,0,11.46
32562,3256.2,6,0,0,11.83
32563,3256.3,6,0,0,11.85
32564,3256.4,6,0,0,11.87
32565,3256.5,6,0,0,11.85
32566,3256.6,6,0,0,11.87
32567,3256.7,6,0,0,11.89
32568,3256.8,5,1,0,11.55
32569,3256.9,5,0,0,11.56
32570,3257,5,0,0,11.55
32571,3257.1,5,0,0,11.61
32572,3257.2,5,0,0,11.6
32573,3257.3,5,1,0,10.87
32574,3257.4,5,0,0,10.88
32575,3257.5,5,0,0,10.88
32576,3257.6,5,0,0,10.9
32577,3257.7,5,0,0,10.89
32578,3257.8,5,0,0,10.91
32579,3257.9,5,0,0,10.9
32580,3258,5,0,0,10.91
32581,3258.1,5,0,0,10.93
32582,3258.2,5,0,0,10.9
32583,3258.3,4,1,0,10.16
32584,3258.4,5,0,0,10.82
32585,3258.5,5,0,0,10.81
32586,3258.6,5,0,0,10.83
32587,3258.7,5,0,0,10.83
32588,3258.8,5,0,0,10.87
32589,3258.9,5,0,0,10.86
32590,3259,6,0,0,11.37
32591,3259.1,6,0,0,11.38
32592,3259.2,6,0,0,11.38
32593,3259.3,6,0,0,11.39
32594,3259.4,6,0,0,11.38
32595,3259.5,6,0,0,11.38
32596,3259.6,5,1,0,10.89
32597,3259.7,5,0,0,10.89
32598,3259.8,5,0,0,10.91
32599,3259.9,5,0,0,10.9
32600,3260,5,0,0,10.89
32601,3260.1,5,0,0,10.91
32602,3260.2,5,0,0,10.93
32603,3260.3,5,0,0,10.91
32604,3260.4,6,0,0,11.37
32605,3260.5,6,0,0,11.37
32606,3260.6,6,0,0,11.34
32607,3260.7,6,0,0,11.33
32608,3260.8,6,0,0,11.28
32609,3260.9,6,0,0,11.29
32610,3261,6,0,0,11.29
32611,3261.1,6,0,0,11.3
32612,3261.2,6,0,0,11.27
32613,3261.3,6,0,0,11.23
32614,3261.4,6,0,0,11.25
32615,3261.5,6,0,0,11.27
32616,3261.6,6,0,0,11.21
32617,3261.7,6,0,0,11.2
32618,3261.8,5,1,0,11.11
32619,3261.9,7,0,0,11.64
32620,3262,6,1,0,11.29
32621,3262.1,6,0,0,11.3
32622,3262.2,6,0,0,11.28
32623,3262.3,6,0,0,11.28
32624,3262.4,6,0,0,11.23
32625,3262.5,5,1,0,11.08
32626,3262.6,5,0,0,11.1
32627,3262.7,5,0,0,11.09
32628,3262.8,5,0,0,11.07
32629,3262.9,5,0,0,11.06
32630,3263,5,0,0,11.06
32631,3263.1,5,0,0,11.06
32632,3263.2,5,0,0,11.05
32633,3263.3,5,0,0,11.06
32634,3263.4,5,0,0,11.01
32635,3263.5,5,0,0,11.01
32636,3263.6,6,0,0,11.5
32637,3263.7,6,0,0,11.48
32638,3263.8,6,0,0,11.46
32639,3263.9,6,0,0,11.48
32640,3264,6,0,0,11.49
32641,3264.1,7,0,0,11.25
32642,3264.2,7,0,0,11.27
32643,3264.3,6,1,0,11.45
32644,3264.4,6,0,0,11.48
32645,3264.5,6,0,0,11.46
32646,3264.6,6,0,0,11.46
32647,3264.7,7,0,0,11.82
32648,3264.8,7,0,0,11.78
32649,3264.9,7,0,0,11.79
32650,3265,7,0,0,11.79
32651,3265.1,7,0,0,11.78
32652,3265.2,7,0,0,11.81
32653,3265.3,6,1,0,11.41
32654,3265.4,5,1,0,10.92
32655,3265.5,6,0,0,11.26
32656,3265.6,6,0,0,11.25
32657,3265.7,6,0,0,11.26
32658,3265.8,6,0,0,11.25
32659,3265.9,6,0,0,11.22
32660,3266,6,0,0,11.21
32661,3266.1,6,0,0,11.23
32662,3266.2,5,1,0,11.49
32663,3266.3,5,0,0,11.51
32664,3266.4,5,0,0,11.56
32665,3266.5,5,0,0,11.63
32666,3266.6,5,0,0,11.69
32667,3266.7,6,0,0,12.14
32668,3266.8,6,0,0,12.16
32669,3266.9,6,0,0,12.27
32670,3267,6,0,0,12.35
32671,3267.1,6,0,0,12.41
32672,3267.2,6,0,0,12.49
32673,3267.3,6,0,0,12.58
32674,3267.4,6,0,0,12.63
32675,3267.5,7,0,0,12.77
32676,3267.6,7,0,0,12.83
32677,3267.7,7,0,0,12.89
32678,3267.8,7,0,0,12.92
32679,3267.9,7,0,0,12.99
32680,3268,7,0,0,13.06
32681,3268.1,6,1,0,13.1
32682,3268.2,5,1,0,13.17
32683,3268.3,5,0,0,13.29
32684,3268.4,5,0,0,13.27
32685,3268.5,5,0,0,13.35
32686,3268.6,5,0,0,13.43
32687,3268.7,5,0,0,13.45
32688,3268.8,5,0,0,13.55
32689,3268.9,5,0,0,13.59
32690,3269,6,0,0,13.69
32691,3269.1,6,0,0,13.72
32692,3269.2,5,1,0,13.86
32693,3269.3,5,0,0,13.88
32694,3269.4,5,0,0,13.86
32695,3269.5,4,1,0,13.85
32696,3269.6,4,0,0,13.91
32697,3269.7,4,0,0,13.93
32698,3269.8,4,0,0,13.95
32699,3269.9,5,0,0,13.95
32700,3270,5,0,0,13.94
32701,3270.1,5,0,0,13.94
32702,3270.2,5,0,0,13.95
32703,3270.3,6,0,0,13.84
32704,3270.4,6,0,0,13.81
32705,3270.5,6,0,0,13.81
32706,3270.6,6,0,0,13.81
32707,3270.7,6,0,0,13.81
32708,3270.8,6,0,0,13.8
32709,3270.9,4,2,0,13.97
32710,3271,4,0,0,13.95
32711,3271.1,4,0,0,13.92
32712,3271.2,4,0,0,13.97
32713,3271.3,4,0,0,13.89
32714,3271.4,4,0,0,13.94
32715,3271.5,4,0,0,13.96
32716,3271.6,4,0,0,13.91
32717,3271.7,4,0,0,13.96
32718,3271.8,4,0,0,13.97
32719,3271.9,4,0,0,13.93
32720,3272,4,0,0,13.96
32721,3272.1,4,0,0,13.94
32722,3272.2,4,0,0,13.98
32723,3272.3,4,0,0,13.94
32724,3272.4,4,0,0,13.93
32725,3272.5,3,1,0,13.94
32726,3272.6,4,0,0,13.98
32727,3272.7,4,0,0,13.96
32728,3272.8,3,1,0,13.96
32729,3272.9,3,0,0,13.95
32730,3273,4,0,0,13.94
32731,3273.1,4,0,0,13.94
32732,3273.2,5,0,0,13.9
32733,3273.3,5,0,0,13.89
32734,3273.4,5,0,0,13.88
32735,3273.5,6,0,0,13.16
32736,3273.6,6,0,0,13.19
32737,3273.7,6,0,0,13.17
32738,3273.8,5,1,0,13.13
32739,3273.9,5,0,0,13.15
32740,3274,5,0,0,13.14
32741,3274.1,5,0,0,13.14
32742,3274.2,5,0,0,13.15
32743,3274.3,5,0,0,13.14
32744,3274.4,5,0,0,13.17
32745,3274.5,5,0,0,13.16
32746,3274.6,5,0,0,13.17
32747,3274.7,5,0,0,13.16
32748,3274.8,5,0,0,13.14
32749,3274.9,5,0,0,13.15
32750,3275,5,0,0,13.15
32751,3275.1,5,0,0,13.12
32752,3275.2,5,0,0,13.16
32753,3275.3,5,0,0,13.15
32754,3275.4,5,0,0,13.14
32755,3275.5,5,0,0,13.15
32756,3275.6,5,0,0,13.14
32757,3275.7,5,0,0,13.12
32758,3275.8,5,0,0,13.16
32759,3275.9,4,1,0,12.94
32760,3276,5,0,0,12.58
32761,3276.1,5,1,0,12.3
32762,3276.2,6,0,0,12.55
32763,3276.3,6,0,0,12.54
32764,3276.4,6,0,0,12.53
32765,3276.5,6,0,0,12.52
32766,3276.6,6,0,0,12.51
32767,3276.7,5,1,0,12.79
32768,3276.8,5,0,0,12.76
32769,3276.9,5,0,0,12.78
32770,3277,5,0,0,12.76
32771,3277.1,6,0,0,12.26
32772,3277.2,6,0,0,12.22
32773,3277.3,6,0,0,12.23
32774,3277.4,6,0,0,12.25
32775,3277.5,6,0,0,12.25
32776,3277.6,6,0,0,12.24
32777,3277.7,6,0,0,12.23
32778,3277.8,5,1,0,12.7
32779,3277.9,5,0,0,12.69
32780,3278,5,0,0,12.75
32781,3278.1,5,0,0,12.81
32782,3278.2,5,0,0,12.83
32783,3278.3,5,0,0,12.88
32784,3278.4,5,0,0,12.9
32785,3278.5,5,0,0,12.95
32786,3278.6,5,0,0,13.01
32787,3278.7,5,0,0,13.01
32788,3278.8,6,0,0,13.21
32789,3278.9,6,0,0,13.24
32790,3279,6,0,0,13.22
32791,3279.1,5,1,0,13.08
32792,3279.2,5,0,0,13.11
32793,3279.3,6,0,0,12.81
32794,3279.4,5,1,0,12.58
32795,3279.5,5,0,0,12.59
32796,3279.6,5,0,0,12.57
32797,3279.7,6,0,0,12.59
32798,3279.8,6,0,0,12.61
32799,3279.9,5,1,0,12.38
32800,3280,5,0,0,12.34
32801,3280.1,6,0,0,11.93
32802,3280.2,6,0,0,11.92
32803,3280.3,5,1,0,12.31
32804,3280.4,5,0,0,12.32
32805,3280.5,5,0,0,12.3
32806,3280.6,5,0,0,12.28
32807,3280.7,5,0,0,12.25
32808,3280.8,5,0,0,12.29
32809,3280.9,5,0,0,12.27
32810,3281,5,0,0,12.25
32811,3281.1,5,0,0,12.28
32812,3281.2,5,0,0,12.24
32813,3281.3,5,0,0,12.24
32814,3281.4,5,0,0,12.24
32815,3281.5,5,0,0,12.24
32816,3281.6,6,0,0,12.53
32817,3281.7,6,0,0,12.54
32818,3281.8,6,0,0,12.5
32819,3281.9,6,0,0,12.5
32820,3282,6,0,0,12.51
32821,3282.1,6,0,0,12.51
32822,3282.2,4,2,0,11.78
32823,3282.3,4,0,0,11.79
32824,3282.4,4,0,0,11.76
32825,3282.5,5,0,0,12.2
32826,3282.6,5,0,0,12.2
32827,3282.7,5,0,0,12.17
32828,3282.8,5,0,0,12.18
32829,3282.9,5,0,0,12.19
32830,3283,5,0,0,12.2
32831,3283.1,5,0,0,12.17
32832,3283.2,5,0,0,12.19
32833,3283.3,6,0,0,12.5
32834,3283.4,6,0,0,12.45
32835,3283.5,5,1,0,12.44
32836,3283.6,5,0,0,12.42
32837,3283.7,5,0,0,12.44
32838,3283.8,5,0,0,12.43
32839,3283.9,5,0,0,12.42
32840,3284,5,0,0,12.39
32841,3284.1,5,0,0,12.37
32842,3284.2,5,0,0,12.33
32843,3284.3,5,0,0,12.36
32844,3284.4,5,0,0,12.31
32845,3284.5,6,0,0,12.57
32846,3284.6,6,0,0,12.53
32847,3284.7,6,0,0,12.53
32848,3284.8,6,0,0,12.49
32849,3284.9,6,0,0,12.49
32850,3285,6,0,0,12.49
32851,3285.1,5,1,0,12.16
32852,3285.2,5,0,0,12.16
32853,3285.3,5,0,0,12.14
32854,3285.4,4,1,0,11.66
32855,3285.5,4,0,0,11.64
32856,3285.6,5,0,0,12.12
32857,3285.7,5,0,0,12.09
32858,3285.8,5,0,0,12.07
32859,3285.9,5,0,0,12.03
32860,3286,5,0,0,12.05
32861,3286.1,5,0,0,12.07
32862,3286.2,5,0,0,12.02
32863,3286.3,5,0,0,12
32864,3286.4,5,0,0,12
32865,3286.5,5,0,0,11.98
32866,3286.6,5,0,0,11.96
32867,3286.7,5,0,0,11.97
32868,3286.8,5,1,0,11.52
32869,3286.9,5,0,0,11.49
32870,3287,5,0,0,11.47
32871,3287.1,5,0,0,11.45
32872,3287.2,5,0,0,11.44
32873,3287.3,6,0,0,11.84
32874,3287.4,6,0,0,11.85
32875,3287.5,6,0,0,11.85
32876,3287.6,6,0,0,11.84
32877,3287.7,6,0,0,11.84
32878,3287.8,6,0,0,11.82
32879,3287.9,5,1,0,11.43
32880,3288,5,0,0,11.4
32881,3288.1,5,0,0,11.36
32882,3288.2,5,0,0,11.37
32883,3288.3,5,0,0,11.37
32884,3288.4,5,0,0,11.36
32885,3288.5,5,0,0,11.35
32886,3288.6,5,0,0,11.34
32887,3288.7,5,0,0,11.3
32888,3288.8,6,0,0,11.78
32889,3288.9,6,0,0,11.78
32890,3289,6,0,0,11.75
32891,3289.1,6,0,0,11.75
32892,3289.2,6,0,0,11.75
32893,3289.3,5,1,0,12.1
32894,3289.4,5,0,0,12.15
32895,3289.5,5,0,0,12.2
32896,3289.6,5,0,0,12.25
32897,3289.7,5,0,0,12.31
32898,3289.8,5,0,0,12.35
32899,3289.9,5,0,0,12.44
32900,3290,5,0,0,12.51
32901,3290.1,6,0,0,12.82
32902,3290.2,6,0,0,12.84
32903,3290.3,6,0,0,12.96
32904,3290.4,7,0,0,13.02
32905,3290.5,7,0,0,13.09
32906,3290.6,7,0,0,13.12
32907,3290.7,6,1,0,13.02
32908,3290.8,6,0,0,13.08
32909,3290.9,5,1,0,13.43
32910,3291,5,0,0,13.5
32911,3291.1,5,0,0,13.56
32912,3291.2,4,1,0,13.59
32913,3291.3,4,0,0,13.64
32914,3291.4,4,0,0,13.7
32915,3291.5,4,0,0,13.71
32916,3291.6,4,0,0,13.74
32917,3291.7,4,0,0,13.77
32918,3291.8,4,0,0,13.73
32919,3291.9,5,0,0,13.71
32920,3292,5,0,0,13.65
32921,3292.1,5,0,0,13.69
32922,3292.2,5,0,0,13.64
32923,3292.3,5,0,0,13.71
32924,3292.4,5,0,0,13.68
32925,3292.5,5,0,0,13.64
32926,3292.6,5,0,0,13.69
32927,3292.7,4,1,0,13.64
32928,3292.8,4,0,0,13.65
32929,3292.9,5,0,0,13.45
32930,3293,5,0,0,13.45
32931,3293.1,5,0,0,13.43
32932,3293.2,5,0,0,13.44
32933,3293.3,5,0,0,13.47
32934,3293.4,5,0,0,13.46
32935,3293.5,4,1,0,13.64
32936,3293.6,4,0,0,13.62
32937,3293.7,4,0,0,13.62
32938,3293.8,4,0,0,13.62
32939,3293.9,5,0,0,13.49
32940,3294,5,0,0,13.47
32941,3294.1,4,1,0,13.59
32942,3294.2,4,0,0,13.58
32943,3294.3,4,0,0,13.55
32944,3294.4,4,0,0,13.56
32945,3294.5,4,0,0,13.54
32946,3294.6,4,0,0,13.57
32947,3294.7,4,0,0,13.55
32948,3294.8,3,1,0,13.41
32949,3294.9,3,0,0,13.45
32950,3295,3,0,0,13.42
32951,3295.1,4,0,0,13.57
32952,3295.2,4,0,0,13.56
32953,3295.3,4,0,0,13.54
32954,3295.4,4,0,0,13.55
32955,3295.5,4,0,0,13.54
32956,3295.6,4,0,0,13.55
32957,3295.7,4,0,0,13.57
32958,3295.8,5,0,0,13.65
32959,3295.9,5,0,0,13.65
32960,3296,5,0,0,13.65
32961,3296.1,5,0,0,13.62
32962,3296.2,5,0,0,13.62
32963,3296.3,5,0,0,13.65
32964,3296.4,5,1,0,12.83
32965,3296.5,5,0,0,12.84
32966,3296.6,4,1,0,13.55
32967,3296.7,4,0,0,13.57
32968,3296.8,4,0,0,13.59
32969,3296.9,4,0,0,13.54
32970,3297,4,0,0,13.57
32971,3297.1,4,0,0,13.54
32972,3297.2,4,0,0,13.58
32973,3297.3,4,0,0,13.58
32974,3297.4,4,0,0,13.59
32975,3297.5,5,0,0,13.3
32976,3297.6,4,1,0,13.37
32977,3297.7,4,0,0,13.37
32978,3297.8,4,0,0,13.37
32979,3297.9,4,0,0,13.39
32980,3298,3,1,0,13.21
32981,3298.1,3,0,0,13.18
32982,3298.2,4,0,0,13.41
32983,3298.3,4,0,0,13.38
32984,3298.4,4,0,0,13.42
32985,3298.5,4,0,0,13.38
32986,3298.6,5,0,0,13.5
32987,3298.7,5,0,0,13.51
32988,3298.8,5,0,0,13.51
32989,3298.9,5,0,0,13.5
32990,3299,5,0,0,13.48
32991,3299.1,5,0,0,13.52
32992,3299.2,4,1,0,13.42
32993,3299.3,4,0,0,13.41
32994,3299.4,4,0,0,13.41
32995,3299.5,4,0,0,13.37
32996,3299.6,4,0,0,13.4
32997,3299.7,4,0,0,13.38
32998,3299.8,4,0,0,13.4
32999,3299.9,4,0,0,13.41
33000,3300,4,0,0,13.39
33001,3300.1,4,0,0,13.42
33002,3300.2,5,0,0,12.7
33003,3300.3,5,0,0,12.71
33004,3300.4,5,0,0,12.72
33005,3300.5,5,0,0,12.72
33006,3300.6,5,0,0,12.71
33007,3300.7,5,0,0,12.69
33008,3300.8,5,0,0,12.73
33009,3300.9,5,0,0,12.72
33010,3301,6,0,0,12.92
33011,3301.1,6,0,0,12.93
33012,3301.2,6,0,0,12.92
33013,3301.3,6,0,0,12.92
33014,3301.4,6,2,0,12.14
33015,3301.5,6,0,0,12.12
33016,3301.6,6,0,0,12.15
33017,3301.7,6,0,0,12.15
33018,3301.8,6,0,0,12.15
33019,3301.9,6,0,0,12.18
33020,3302,5,1,0,12.07
33021,3302.1,5,0,0,12.06
33022,3302.2,5,0,0,12.07
33023,3302.3,5,0,0,12.08
33024,3302.4,5,0,0,12.08
33025,3302.5,5,0,0,12.11
33026,3302.6,5,0,0,12.11
33027,3302.7,5,0,0,12.12
33028,3302.8,5,0,0,12.13
33029,3302.9,5,0,0,12.14
33030,3303,5,0,0,12.13
33031,3303.1,5,0,0,12.16
33032,3303.2,5,0,0,12.16
33033,3303.3,5,0,0,12.18
33034,3303.4,5,0,0,12.16
33035,3303.5,5,0,0,12.18
33036,3303.6,5,0,0,12.16
33037,3303.7,5,0,0,12.21
33038,3303.8,5,0,0,12.19
33039,3303.9,5,0,0,12.23
33040,3304,5,0,0,12.22
33041,3304.1,5,0,0,12.21
33042,3304.2,6,0,0,12.14
33043,3304.3,5,1,0,11.79
33044,3304.4,5,0,0,11.81
33045,3304.5,5,1,0,11.52
33046,3304.6,6,0,0,11.65
33047,3304.7,6,0,0,11.65
33048,3304.8,6,0,0,11.65
33049,3304.9,5,1,0,11.61
33050,3305,5,0,0,11.58
33051,3305.1,5,0,0,11.56
33052,3305.2,5,0,0,11.57
33053,3305.3,5,0,0,11.54
33054,3305.4,5,0,0,11.55
33055,3305.5,5,0,0,11.54
33056,3305.6,5,0,0,11.54
33057,3305.7,5,0,0,11.56
33058,3305.8,5,0,0,11.54
33059,3305.9,5,0,0,11.51
33060,3306,5,0,0,11.5
33061,3306.1,5,0,0,11.49
33062,3306.2,5,0,0,11.49
33063,3306.3,5,0,0,11.51
33064,3306.4,5,0,0,11.48
33065,3306.5,5,0,0,11.45
33066,3306.6,5,0,0,11.45
33067,3306.7,5,0,0,11.46
33068,3306.8,5,0,0,11.45
33069,3306.9,5,0,0,11.43
33070,3307,5,0,0,11.45
33071,3307.1,6,0,0,11.65
33072,3307.2,6,0,0,11.65
33073,3307.3,6,0,0,11.65
33074,3307.4,5,1,0,11.17
33075,3307.5,5,0,0,11.17
33076,3307.6,6,0,0,11.46
33077,3307.7,5,1,0,11.21
33078,3307.8,5,0,0,11.2
33079,3307.9,5,0,0,11.21
33080,3308,5,0,0,11.21
33081,3308.1,5,0,0,11.22
33082,3308.2,6,0,0,11.43
33083,3308.3,6,0,0,11.39
33084,3308.4,6,0,0,11.36
33085,3308.5,5,1,0,11.21
33086,3308.6,5,0,0,11.21
33087,3308.7,5,0,0,11.2
33088,3308.8,5,0,0,11.2
33089,3308.9,5,0,0,11.19
33090,3309,5,0,0,11.17
33091,3309.1,5,0,0,11.15
33092,3309.2,5,0,0,11.17
33093,3309.3,5,0,0,11.19
33094,3309.4,5,0,0,11.18
33095,3309.5,5,0,0,11.17
33096,3309.6,5,0,0,11.15
33097,3309.7,5,0,0,11.18
33098,3309.8,5,0,0,11.15
33099,3309.9,6,0,0,11.21
33100,3310,6,0,0,11.22
33101,3310.1,6,0,0,11.2
33102,3310.2,6,0,0,11.18
33103,3310.3,6,0,0,11.19
33104,3310.4,6,0,0,11.19
33105,3310.5,6,0,0,11.15
33106,3310.6,5,1,0,11.15
33107,3310.7,5,0,0,11.16
33108,3310.8,6,0,0,11.6
33109,3310.9,6,0,0,11.57
33110,3311,6,0,0,11.57
33111,3311.1,6,0,0,11.59
33112,3311.2,6,0,0,11.6
33113,3311.3,6,0,0,11.6
33114,3311.4,6,0,0,11.56
33115,3311.5,6,0,0,11.58
33116,3311.6,6,0,0,11.58
33117,3311.7,7,0,0,11.89
33118,3311.8,7,0,0,11.88
33119,3311.9,7,0,0,11.86
33120,3312,7,0,0,11.84
33121,3312.1,7,1,0,11.5
33122,3312.2,7,0,0,11.51
33123,3312.3,6,1,0,11.74
33124,3312.4,5,1,0,12.08
33125,3312.5,5,0,0,12.1
33126,3312.6,5,0,0,12.16
33127,3312.7,6,0,0,12.15
33128,3312.8,6,0,0,12.16
33129,3312.9,6,0,0,12.24
33130,3313,6,0,0,12.33
33131,3313.1,6,0,0,12.39
33132,3313.2,6,0,0,12.46
33133,3313.3,6,0,0,12.53
33134,3313.4,5,1,0,12.73
33135,3313.5,5,0,0,12.82
33136,3313.6,5,0,0,12.89
33137,3313.7,5,0,0,12.97
33138,3313.8,6,0,0,12.56
33139,3313.9,7,0,0,12.67
33140,3314,7,0,0,12.71
33141,3314.1,7,0,0,12.74
33142,3314.2,7,0,0,12.78
33143,3314.3,6,1,0,12.71
33144,3314.4,6,0,0,12.74
33145,3314.5,6,0,0,12.71
33146,3314.6,6,0,0,12.71
33147,3314.7,6,0,0,12.72
33148,3314.8,6,0,0,12.71
33149,3314.9,6,0,0,12.7
33150,3315,6,0,0,12.7
33151,3315.1,6,0,0,12.7
33152,3315.2,5,1,0,12.48
33153,3315.3,6,0,0,11.95
33154,3315.4,6,0,0,11.93
33155,3315.5,7,0,0,12.22
33156,3315.6,7,0,0,12.24
33157,3315.7,7,0,0,12.25
33158,3315.8,6,1,0,12.14
33159,3315.9,6,0,0,12.15
33160,3316,6,0,0,12.16
33161,3316.1,5,1,0,11.78
33162,3316.2,5,0,0,11.8
33163,3316.3,5,0,0,11.8
33164,3316.4,5,0,0,11.81
33165,3316.5,5,0,0,11.78
33166,3316.6,5,0,0,11.77
33167,3316.7,5,0,0,11.82
33168,3316.8,5,0,0,11.83
33169,3316.9,5,0,0,11.82
33170,3317,5,0,0,11.81
33171,3317.1,6,0,0,12.06
33172,3317.2,6,0,0,12.08
33173,3317.3,6,0,0,12.08
33174,3317.4,6,0,0,12.06
33175,3317.5,5,1,0,11.86
33176,3317.6,5,0,0,11.85
33177,3317.7,5,0,0,11.9
33178,3317.8,5,0,0,11.88
33179,3317.9,5,0,0,11.89
33180,3318,5,0,0,11.89
33181,3318.1,4,1,0,12.37
33182,3318.2,4,0,0,12.42
33183,3318.3,5,0,0,12.77
33184,3318.4,5,0,0,12.79
33185,3318.5,5,0,0,12.84
33186,3318.6,5,0,0,12.86
33187,3318.7,5,0,0,12.91
33188,3318.8,6,0,0,13.14
33189,3318.9,5,1,0,13.02
33190,3319,5,0,0,13.03
33191,3319.1,5,0,0,13.06
33192,3319.2,5,0,0,13.12
33193,3319.3,5,0,0,13.15
33194,3319.4,5,0,0,13.2
33195,3319.5,5,0,0,13.24
33196,3319.6,5,0,0,13.29
33197,3319.7,5,0,0,13.3
33198,3319.8,5,0,0,13.32
33199,3319.9,5,0,0,13.37
33200,3320,3,2,0,13.3
33201,3320.1,3,0,0,13.26
33202,3320.2,4,0,0,12.93
33203,3320.3,4,0,0,12.92
33204,3320.4,4,0,0,12.95
33205,3320.5,4,0,0,12.94
33206,3320.6,4,0,0,12.96
33207,3320.7,4,0,0,12.91
33208,3320.8,4,0,0,12.94
33209,3320.9,4,0,0,12.93
33210,3321,4,0,0,12.96
33211,3321.1,4,0,0,12.94
33212,3321.2,5,0,0,12.89
33213,3321.3,5,0,0,12.89
33214,3321.4,5,0,0,12.86
33215,3321.5,5,0,0,12.83
33216,3321.6,5,0,0,12.87
33217,3321.7,5,0,0,12.89
33218,3321.8,4,1,0,12.96
33219,3321.9,4,0,0,12.93
33220,3322,4,0,0,12.94
33221,3322.1,4,0,0,12.97
33222,3322.2,4,0,0,12.97
33223,3322.3,3,1,0,12.6
33224,3322.4,4,0,0,12.97
33225,3322.5,4,0,0,12.93
33226,3322.6,4,0,0,12.94
33227,3322.7,4,0,0,12.94
33228,3322.8,4,0,0,12.93
33229,3322.9,4,0,0,12.97
33230,3323,4,0,0,12.94
33231,3323.1,4,0,0,12.96
33232,3323.2,5,0,0,12.37
33233,3323.3,5,0,0,12.38
33234,3323.4,5,0,0,12.36
33235,3323.5,5,0,0,12.39
33236,3323.6,5,0,0,12.35
33237,3323.7,5,0,0,12.36
33238,3323.8,5,0,0,12.37
33239,3323.9,5,0,0,12.36
33240,3324,6,1,0,11.66
33241,3324.1,6,0,0,11.6
33242,3324.2,6,0,0,11.65
33243,3324.3,6,0,0,11.67
33244,3324.4,6,0,0,11.69
33245,3324.5,6,0,0,11.72
33246,3324.6,5,1,0,11.29
33247,3324.7,5,0,0,11.28
33248,3324.8,5,0,0,11.3
33249,3324.9,5,0,0,11.32
33250,3325,5,0,0,11.37
33251,3325.1,5,0,0,11.38
33252,3325.2,5,0,0,11.4
33253,3325.3,5,0,0,11.39
33254,3325.4,5,0,0,11.43
33255,3325.5,5,0,0,11.44
33256,3325.6,5,0,0,11.46
33257,3325.7,5,0,0,11.47
33258,3325.8,5,0,0,11.48
33259,3325.9,5,1,0,11.3
33260,3326,5,0,0,11.33
33261,3326.1,5,0,0,11.31
33262,3326.2,5,0,0,11.35
33263,3326.3,5,0,0,11.35
33264,3326.4,5,0,0,11.36
33265,3326.5,6,0,0,11.16
33266,3326.6,6,0,0,11.16
33267,3326.7,5,1,0,10.72
33268,3326.8,6,0,0,11.19
33269,3326.9,6,0,0,11.17
33270,3327,6,0,0,11.17
33271,3327.1,6,0,0,11.18
33272,3327.2,6,0,0,11.21
33273,3327.3,6,0,0,11.17
33274,3327.4,5,1,0,10.77
33275,3327.5,5,0,0,10.74
33276,3327.6,5,0,0,10.78
33277,3327.7,5,0,0,10.76
33278,3327.8,5,0,0,10.77
33279,3327.9,5,0,0,10.8
33280,3328,5,0,0,10.8
33281,3328.1,6,0,0,10.65
33282,3328.2,6,0,0,10.65
33283,3328.3,5,1,0,10.81
33284,3328.4,5,0,0,10.8
33285,3328.5,5,0,0,10.81
33286,3328.6,5,0,0,10.8
33287,3328.7,5,0,0,10.83
33288,3328.8,5,0,0,10.81
33289,3328.9,5,0,0,10.81
33290,3329,5,0,0,10.83
33291,3329.1,5,0,0,10.81
33292,3329.2,5,0,0,10.82
33293,3329.3,5,0,0,10.85
33294,3329.4,5,0,0,10.86
33295,3329.5,6,0,0,10.95
33296,3329.6,6,1,0,11.11
33297,3329.7,7,0,0,11.49
33298,3329.8,7,0,0,11.47
33299,3329.9,7,0,0,11.46
33300,3330,7,0,0,11.48
33301,3330.1,7,0,0,11.45
33302,3330.2,6,1,0,11.02
33303,3330.3,6,0,0,11.02
33304,3330.4,6,0,0,11.01
33305,3330.5,6,0,0,11.01
33306,3330.6,6,0,0,10.98
33307,3330.7,6,0,0,10.97
33308,3330.8,6,0,0,10.95
33309,3330.9,5,1,0,10.72
33310,3331,5,0,0,10.73
33311,3331.1,5,0,0,10.74
33312,3331.2,5,0,0,10.71
33313,3331.3,5,0,0,10.71
33314,3331.4,5,0,0,10.7
33315,3331.5,5,0,0,10.65
33316,3331.6,5,0,0,10.63
33317,3331.7,5,0,0,10.62
33318,3331.8,5,0,0,10.64
33319,3331.9,5,0,0,10.6
33320,3332,5,0,0,10.61
33321,3332.1,5,0,0,10.6
33322,3332.2,5,0,0,10.59
33323,3332.3,5,0,0,10.61
33324,3332.4,5,0,0,10.6
33325,3332.5,6,0,0,11.15
33326,3332.6,6,0,0,11.12
33327,3332.7,6,0,0,11.11
33328,3332.8,7,0,0,11.54
33329,3332.9,7,0,0,11.49
33330,3333,7,0,0,11.49
33331,3333.1,7,1,0,11.49
33332,3333.2,7,0,0,11.47
33333,3333.3,7,0,0,11.48
33334,3333.4,7,0,0,11.48
33335,3333.5,7,0,0,11.48
33336,3333.6,7,0,0,11.48
33337,3333.7,6,1,0,11.51
33338,3333.8,6,0,0,11.49
33339,3333.9,6,0,0,11.46
33340,3334,6,0,0,11.45
33341,3334.1,6,0,0,11.47
33342,3334.2,6,0,0,11.43
33343,3334.3,6,0,0,11.41
33344,3334.4,6,0,0,11.4
33345,3334.5,6,0,0,11.42
33346,3334.6,6,0,0,11.39
33347,3334.7,6,0,0,11.41
33348,3334.8,6,0,0,11.41
33349,3334.9,6,0,0,11.42
33350,3335,6,0,0,11.4
33351,3335.1,6,0,0,11.41
33352,3335.2,6,0,0,11.4
33353,3335.3,7,0,0,11.78
33354,3335.4,6,1,0,12.06
33355,3335.5,6,0,0,12.11
33356,3335.6,6,0,0,12.16
33357,3335.7,6,0,0,12.25
33358,3335.8,6,0,0,12.29
33359,3335.9,5,1,0,12.06
33360,3336,6,0,0,12.31
33361,3336.1,6,0,0,12.38
33362,3336.2,6,0,0,12.43
33363,3336.3,6,0,0,12.53
33364,3336.4,6,0,0,12.61
33365,3336.5,6,0,0,12.65
33366,3336.6,6,1,0,12.67
33367,3336.7,6,0,0,12.63
33368,3336.8,6,0,0,12.65
33369,3336.9,6,0,0,12.67
33370,3337,6,0,0,12.69
33371,3337.1,6,0,0,12.67
33372,3337.2,6,0,0,12.63
33373,3337.3,6,0,0,12.64
33374,3337.4,5,1,0,12.77
33375,3337.5,5,0,0,12.82
33376,3337.6,5,0,0,12.87
33377,3337.7,5,0,0,12.93
33378,3337.8,5,0,0,13.04
33379,3337.9,5,0,0,13.13
33380,3338,5,0,0,13.23
33381,3338.1,6,0,0,13.4
33382,3338.2,6,0,0,13.47
33383,3338.3,6,0,0,13.49
33384,3338.4,6,0,0,13.57
33385,3338.5,6,0,0,13.61
33386,3338.6,6,0,0,13.69
33387,3338.7,5,1,0,13.67
33388,3338.8,4,1,0,13.59
33389,3338.9,4,0,0,13.61
33390,3339,4,0,0,13.72
33391,3339.1,5,0,0,13.65
33392,3339.2,5,0,0,13.69
33393,3339.3,5,0,0,13.65
33394,3339.4,5,0,0,13.66
33395,3339.5,5,0,0,13.67
33396,3339.6,5,0,0,13.67
33397,3339.7,5,0,0,13.66
33398,3339.8,5,0,0,13.67
33399,3339.9,5,0,0,13.67
33400,3340,5,0,0,13.64
33401,3340.1,4,1,0,13.59
33402,3340.2,4,1,0,13.62
33403,3340.3,4,0,0,13.64
33404,3340.4,4,0,0,13.61
33405,3340.5,4,0,0,13.61
33406,3340.6,4,0,0,13.64
33407,3340.7,4,0,0,13.65
33408,3340.8,4,0,0,13.61
33409,3340.9,5,0,0,13.54
33410,3341,5,0,0,13.52
33411,3341.1,5,0,0,13.55
33412,3341.2,5,0,0,13.53
33413,3341.3,5,0,0,13.57
33414,3341.4,5,0,0,13.53
33415,3341.5,4,1,0,13.6
33416,3341.6,4,0,0,13.59
33417,3341.7,4,0,0,13.62
33418,3341.8,4,0,0,13.64
33419,3341.9,4,0,0,13.63
33420,3342,3,1,0,13.55
33421,3342.1,3,0,0,13.51
33422,3342.2,3,0,0,13.53
33423,3342.3,4,0,0,13.22
33424,3342.4,4,0,0,13.22
33425,3342.5,4,0,0,13.19
33426,3342.6,4,0,0,13.25
33427,3342.7,4,0,0,13.18
33428,3342.8,4,0,0,13.23
33429,3342.9,4,0,0,13.19
33430,3343,4,0,0,13.23
33431,3343.1,4,0,0,13.21
33432,3343.2,4,0,0,13.21
33433,3343.3,4,0,0,13.19
33434,3343.4,4,0,0,13.19
33435,3343.5,4,0,0,13.22
33436,3343.6,4,0,0,13.2
33437,3343.7,4,1,0,13.2
33438,3343.8,5,0,0,13.29
33439,3343.9,5,0,0,13.27
33440,3344,5,0,0,13.25
33441,3344.1,5,0,0,13.22
33442,3344.2,5,0,0,13.26
33443,3344.3,5,0,0,13.21
33444,3344.4,5,1,0,12.59
33445,3344.5,5,0,0,12.57
33446,3344.6,4,1,0,13.2
33447,3344.7,4,0,0,13.22
33448,3344.8,4,0,0,13.18
33449,3344.9,4,0,0,13.2
33450,3345,4,0,0,13.22
33451,3345.1,4,0,0,13.2
33452,3345.2,4,0,0,13.19
33453,3345.3,4,0,0,13.17
33454,3345.4,5,0,0,13.09
33455,3345.5,5,0,0,13.03
33456,3345.6,5,0,0,13.06
33457,3345.7,5,0,0,13.07
33458,3345.8,4,1,0,13.08
33459,3345.9,4,0,0,13.08
33460,3346,4,0,0,13.04
33461,3346.1,4,0,0,13.1
33462,3346.2,4,0,0,13.04
33463,3346.3,4,0,0,13.05
33464,3346.4,4,0,0,13.08
33465,3346.5,5,0,0,12.23
33466,3346.6,6,0,0,12.5
33467,3346.7,6,0,0,12.49
33468,3346.8,6,0,0,12.54
33469,3346.9,6,0,0,12.53
33470,3347,6,0,0,12.53
33471,3347.1,6,0,0,12.57
33472,3347.2,4,2,0,11.91
33473,3347.3,5,0,0,12.28
33474,3347.4,5,0,0,12.28
33475,3347.5,5,0,0,12.3
33476,3347.6,5,0,0,12.33
33477,3347.7,5,0,0,12.32
33478,3347.8,5,0,0,12.32
33479,3347.9,5,0,0,12.37
33480,3348,5,0,0,12.36
33481,3348.1,5,0,0,12.4
33482,3348.2,5,0,0,12.4
33483,3348.3,5,0,0,12.37
33484,3348.4,5,0,0,12.36
33485,3348.5,4,1,0,12.09
33486,3348.6,5,0,0,11.87
33487,3348.7,5,0,0,11.85
33488,3348.8,5,0,0,11.82
33489,3348.9,5,0,0,11.79
33490,3349,5,0,0,11.83
33491,3349.1,5,0,0,11.82
33492,3349.2,5,0,0,11.8
33493,3349.3,5,0,0,11.79
33494,3349.4,6,0,0,12.03
33495,3349.5,6,0,0,12.01
33496,3349.6,6,0,0,11.99
33497,3349.7,6,0,0,11.99
33498,3349.8,6,0,0,12
33499,3349.9,6,0,0,11.97
33500,3350,5,1,0,11.78
33501,3350.1,5,0,0,11.75
33502,3350.2,5,0,0,11.77
33503,3350.3,5,0,0,11.73
33504,3350.4,5,0,0,11.79
33505,3350.5,5,0,0,11.75
33506,3350.6,5,0,0,11.78
33507,3350.7,5,0,0,11.74
33508,3350.8,5,1,0,11.81
33509,3350.9,5,0,0,11.82
33510,3351,5,0,0,11.77
33511,3351.1,5,0,0,11.78
33512,3351.2,5,0,0,11.79
33513,3351.3,5,0,0,11.8
33514,3351.4,5,0,0,11.76
33515,3351.5,5,0,0,11.78
33516,3351.6,5,0,0,11.78
33517,3351.7,6,0,0,12.09
33518,3351.8,6,0,0,12.08
33519,3351.9,6,0,0,12.09
33520,3352,6,0,0,12.08
33521,3352.1,6,0,0,12.07
33522,3352.2,7,0,0,12.34
33523,3352.3,7,0,0,12.32
33524,3352.4,7,0,0,12.35
33525,3352.5,7,0,0,12.39
33526,3352.6,7,0,0,12.35
33527,3352.7,6,1,0,12.34
33528,3352.8,5,1,0,12.01
33529,3352.9,5,0,0,11.99
33530,3353,5,0,0,12
33531,3353.1,5,0,0,11.99
33532,3353.2,5,0,0,11.96
33533,3353.3,5,0,0,11.94
33534,3353.4,5,0,0,11.89
33535,3353.5,5,0,0,11.89
33536,3353.6,5,0,0,11.86
33537,3353.7,5,0,0,11.86
33538,3353.8,5,0,0,11.87
33539,3353.9,5,0,0,11.83
33540,3354,5,0,0,11.79
33541,3354.1,5,0,0,11.77
33542,3354.2,5,0,0,11.8
33543,3354.3,4,1,0,11.27
33544,3354.4,5,0,0,11.77
33545,3354.5,5,0,0,11.77
33546,3354.6,5,0,0,11.72
33547,3354.7,5,0,0,11.7
33548,3354.8,5,0,0,11.7
33549,3354.9,6,0,0,12.03
33550,3355,6,0,0,12.02
33551,3355.1,7,0,0,12
33552,3355.2,7,0,0,12.01
33553,3355.3,8,0,0,11.71
33554,3355.4,8,0,0,11.68
33555,3355.5,8,0,0,11.68
33556,3355.6,7,1,0,11.58
33557,3355.7,6,1,0,11.56
33558,3355.8,6,0,0,11.52
33559,3355.9,6,0,0,11.53
33560,3356,6,0,0,11.54
33561,3356.1,6,0,0,11.52
33562,3356.2,6,0,0,11.51
33563,3356.3,6,0,0,11.49
33564,3356.4,6,0,0,11.46
33565,3356.5,6,0,0,11.47
33566,3356.6,6,0,0,11.48
33567,3356.7,6,0,0,11.47
33568,3356.8,6,0,0,11.46
33569,3356.9,6,0,0,11.44
33570,3357,6,0,0,11.46
33571,3357.1,6,0,0,11.46
33572,3357.2,6,0,0,11.43
33573,3357.3,6,0,0,11.44
33574,3357.4,6,0,0,11.41
33575,3357.5,6,0,0,11.41
33576,3357.6,6,0,0,11.41
33577,3357.7,6,0,0,11.41
33578,3357.8,6,0,0,11.4
33579,3357.9,6,1,0,11.4
33580,3358,8,0,0,11.63
33581,3358.1,8,0,0,11.61
33582,3358.2,8,0,0,11.56
33583,3358.3,8,0,0,11.58
33584,3358.4,8,0,0,11.55
33585,3358.5,7,1,0,11.22
33586,3358.6,7,0,0,11.19
33587,3358.7,7,0,0,11.16
33588,3358.8,6,1,0,11.36
33589,3358.9,6,0,0,11.38
33590,3359,6,0,0,11.39
33591,3359.1,6,0,0,11.44
33592,3359.2,6,0,0,11.49
33593,3359.3,6,0,0,11.49
33594,3359.4,6,0,0,11.56
33595,3359.5,6,0,0,11.61
33596,3359.6,5,1,0,11.98
33597,3359.7,5,0,0,12.06
33598,3359.8,5,0,0,12.16
33599,3359.9,5,0,0,12.27
33600,3360,5,0,0,12.36
33601,3360.1,6,0,0,12.07
33602,3360.2,6,0,0,12.16
33603,3360.3,5,1,0,12.71
33604,3360.4,5,0,0,12.83
33605,3360.5,5,0,0,12.89
33606,3360.6,5,0,0,13.07
33607,3360.7,6,0,0,13.3
33608,3360.8,5,1,0,13.29
33609,3360.9,5,0,0,13.33
33610,3361,5,0,0,13.38
33611,3361.1,6,0,0,13.48
33612,3361.2,6,0,0,13.42
33613,3361.3,5,1,0,13.36
33614,3361.4,5,0,0,13.35
33615,3361.5,6,0,0,12.97
33616,3361.6,6,0,0,12.94
33617,3361.7,5,1,0,12.76
33618,3361.8,5,0,0,12.73
33619,3361.9,5,0,0,12.73
33620,3362,5,0,0,12.72
33621,3362.1,5,0,0,12.75
33622,3362.2,4,1,0,12.54
33623,3362.3,4,0,0,12.53
33624,3362.4,4,0,0,12.59
33625,3362.5,4,0,0,12.54
33626,3362.6,4,0,0,12.52
33627,3362.7,4,0,0,12.53
33628,3362.8,4,0,0,12.56
33629,3362.9,4,0,0,12.51
33630,3363,4,0,0,12.54
33631,3363.1,4,0,0,12.54
33632,3363.2,4,0,0,12.5
33633,3363.3,4,0,0,12.55
33634,3363.4,4,0,0,12.54
33635,3363.5,5,0,0,12.35
33636,3363.6,5,0,0,12.3
33637,3363.7,5,0,0,12.34
33638,3363.8,5,0,0,12.32
33639,3363.9,5,0,0,12.29
33640,3364,5,0,0,12.32
33641,3364.1,5,0,0,12.33
33642,3364.2,3,2,0,12.19
33643,3364.3,4,0,0,12.44
33644,3364.4,4,0,0,12.42
33645,3364.5,4,0,0,12.43
33646,3364.6,4,0,0,12.46
33647,3364.7,4,0,0,12.44
33648,3364.8,4,0,0,12.41
33649,3364.9,4,0,0,12.42
33650,3365,4,0,0,12.4
33651,3365.1,5,0,0,12.56
33652,3365.2,5,0,0,12.55
33653,3365.3,5,0,0,12.54
33654,3365.4,5,0,0,12.51
33655,3365.5,5,0,0,12.5
33656,3365.6,5,0,0,12.47
33657,3365.7,5,0,0,12.45
33658,3365.8,5,0,0,12.48
33659,3365.9,4,1,0,12.87
33660,3366,4,0,0,12.83
33661,3366.1,4,0,0,12.79
33662,3366.2,4,0,0,12.85
33663,3366.3,4,0,0,12.83
33664,3366.4,5,0,0,13.04
33665,3366.5,5,0,0,13.03
33666,3366.6,5,0,0,13.01
33667,3366.7,5,0,0,13.01
33668,3366.8,5,0,0,12.99
33669,3366.9,5,0,0,13.02
33670,3367,4,1,0,12.76
33671,3367.1,4,0,0,12.75
33672,3367.2,4,0,0,12.72
33673,3367.3,4,0,0,12.71
33674,3367.4,5,0,0,12.96
33675,3367.5,5,0,0,12.92
33676,3367.6,5,0,0,12.91
33677,3367.7,5,0,0,12.93
33678,3367.8,5,0,0,12.93
33679,3367.9,5,0,0,12.9
33680,3368,5,0,0,12.91
33681,3368.1,5,0,0,12.89
33682,3368.2,5,0,0,12.88
33683,3368.3,5,0,0,12.91
33684,3368.4,5,0,0,12.9
33685,3368.5,5,0,0,12.9
33686,3368.6,6,0,0,12.95
33687,3368.7,6,0,0,12.94
33688,3368.8,5,1,0,12.88
33689,3368.9,5,0,0,12.86
33690,3369,4,1,0,13.15
33691,3369.1,4,0,0,13.21
33692,3369.2,5,0,0,13.14
33693,3369.3,5,0,0,13.16
33694,3369.4,6,0,0,12.64
33695,3369.5,6,0,0,12.7
33696,3369.6,6,0,0,12.75
33697,3369.7,6,0,0,12.74
33698,3369.8,5,1,0,12.84
33699,3369.9,5,0,0,12.84
33700,3370,5,0,0,12.85
33701,3370.1,5,0,0,12.85
33702,3370.2,5,0,0,12.82
33703,3370.3,5,0,0,12.85
33704,3370.4,5,0,0,12.82
33705,3370.5,5,0,0,12.85
33706,3370.6,5,1,0,11.72
33707,3370.7,5,0,0,11.69
33708,3370.8,5,0,0,11.7
33709,3370.9,5,0,0,11.72
33710,3371,5,0,0,11.72
33711,3371.1,5,0,0,11.73
33712,3371.2,5,0,0,11.74
33713,3371.3,5,0,0,11.75
33714,3371.4,5,0,0,11.81
33715,3371.5,5,0,0,11.8
33716,3371.6,5,0,0,11.8
33717,3371.7,5,0,0,11.79
33718,3371.8,5,0,0,11.82
33719,3371.9,5,0,0,11.83
33720,3372,6,0,0,12.21
33721,3372.1,6,0,0,12.18
33722,3372.2,7,0,0,12.45
33723,3372.3,6,1,0,12.28
33724,3372.4,6,0,0,12.3
33725,3372.5,6,0,0,12.32
33726,3372.6,5,1,0,11.99
33727,3372.7,5,0,0,11.99
33728,3372.8,5,0,0,11.98
33729,3372.9,5,0,0,11.99
33730,3373,5,0,0,12.04
33731,3373.1,5,0,0,12
33732,3373.2,5,0,0,12.05
33733,3373.3,5,0,0,12.01
33734,3373.4,5,0,0,12.08
33735,3373.5,5,0,0,12.06
33736,3373.6,5,0,0,12.04
33737,3373.7,6,0,0,12.12
33738,3373.8,6,0,0,12.14
33739,3373.9,6,0,0,12.15
33740,3374,5,1,0,11.92
33741,3374.1,5,0,0,11.88
33742,3374.2,5,0,0,11.87
33743,3374.3,5,0,0,11.86
33744,3374.4,5,0,0,11.84
33745,3374.5,5,0,0,11.84
33746,3374.6,5,0,0,11.85
33747,3374.7,5,0,0,11.87
33748,3374.8,6,0,0,11.96
33749,3374.9,6,0,0,11.91
33750,3375,6,0,0,11.91
33751,3375.1,6,0,0,11.9
33752,3375.2,6,0,0,11.88
33753,3375.3,6,0,0,11.91
33754,3375.4,5,1,0,11.79
33755,3375.5,5,0,0,11.76
33756,3375.6,5,0,0,11.75
33757,3375.7,5,1,0,11.81
33758,3375.8,5,0,0,11.79
33759,3375.9,5,0,0,11.77
33760,3376,5,0,0,11.76
33761,3376.1,6,0,0,11.47
33762,3376.2,6,0,0,11.46
33763,3376.3,5,1,0,11.74
33764,3376.4,5,0,0,11.74
33765,3376.5,5,0,0,11.71
33766,3376.6,4,1,0,11.19
33767,3376.7,4,0,0,11.13
33768,3376.8,4,0,0,11.17
33769,3376.9,5,0,0,11.61
33770,3377,5,0,0,11.63
33771,3377.1,5,0,0,11.63
33772,3377.2,5,0,0,11.62
33773,3377.3,5,0,0,11.62
33774,3377.4,5,0,0,11.63
33775,3377.5,5,0,0,11.58
33776,3377.6,5,0,0,11.6
33777,3377.7,6,0,0,12
33778,3377.8,6,0,0,11.99
33779,3377.9,6,0,0,11.98
33780,3378,6,0,0,11.97
33781,3378.1,6,0,0,11.96
33782,3378.2,6,0,0,11.94
33783,3378.3,5,1,0,11.59
33784,3378.4,5,0,0,11.56
33785,3378.5,5,0,0,11.55
33786,3378.6,5,0,0,11.58
33787,3378.7,5,0,0,11.57
33788,3378.8,5,0,0,11.56
33789,3378.9,5,0,0,11.52
33790,3379,5,0,0,11.54
33791,3379.1,5,0,0,11.55
33792,3379.2,4,1,0,10.96
33793,3379.3,5,0,0,11.21
33794,3379.4,5,0,0,11.15
33795,3379.5,5,0,0,11.15
33796,3379.6,5,0,0,11.14
33797,3379.7,5,0,0,11.17
33798,3379.8,5,0,0,11.17
33799,3379.9,5,0,0,11.15
33800,3380,6,0,0,11.48
33801,3380.1,6,0,0,11.46
33802,3380.2,6,0,0,11.42
33803,3380.3,6,0,0,11.42
33804,3380.4,6,0,0,11.42
33805,3380.5,7,0,0,11.76
33806,3380.6,7,0,0,11.73
33807,3380.7,7,0,0,11.74
33808,3380.8,7,0,0,11.72
33809,3380.9,7,0,0,11.7
33810,3381,7,0,0,11.66
33811,3381.1,6,1,0,11.3
33812,3381.2,6,0,0,11.31
33813,3381.3,6,0,0,11.26
33814,3381.4,6,0,0,11.25
33815,3381.5,6,0,0,11.27
33816,3381.6,5,1,0,11.5
33817,3381.7,5,0,0,11.52
33818,3381.8,5,0,0,11.58
33819,3381.9,5,0,0,11.65
33820,3382,5,0,0,11.7
33821,3382.1,5,0,0,11.77
33822,3382.2,5,0,0,11.84
33823,3382.3,5,0,0,11.86
33824,3382.4,5,0,0,11.91
33825,3382.5,5,0,0,11.93
33826,3382.6,5,0,0,11.94
33827,3382.7,5,0,0,11.91
33828,3382.8,5,0,0,11.9
33829,3382.9,6,0,0,12.25
33830,3383,6,0,0,12.25
33831,3383.1,6,0,0,12.2
33832,3383.2,7,0,0,12.49
33833,3383.3,7,1,0,12.76
33834,3383.4,7,0,0,12.75
33835,3383.5,7,0,0,12.74
33836,3383.6,7,0,0,12.72
33837,3383.7,6,1,0,13.01
33838,3383.8,6,0,0,12.97
33839,3383.9,5,1,0,12.85
33840,3384,5,0,0,12.91
33841,3384.1,5,0,0,12.91
33842,3384.2,5,0,0,12.99
33843,3384.3,5,0,0,13.05
33844,3384.4,5,0,0,13.11
33845,3384.5,5,0,0,13.18
33846,3384.6,5,0,0,13.27
33847,3384.7,5,0,0,13.33
33848,3384.8,5,0,0,13.42
33849,3384.9,5,0,0,13.46
33850,3385,5,0,0,13.54
33851,3385.1,5,0,0,13.63
33852,3385.2,4,1,0,13.63
33853,3385.3,4,0,0,13.61
33854,3385.4,4,0,0,13.61
33855,3385.5,4,0,0,13.62
33856,3385.6,4,0,0,13.6
33857,3385.7,4,0,0,13.63
33858,3385.8,4,0,0,13.61
33859,3385.9,4,0,0,13.62
33860,3386,4,0,0,13.63
33861,3386.1,5,0,0,13.69
33862,3386.2,5,0,0,13.68
33863,3386.3,6,0,0,13.46
33864,3386.4,6,1,0,12.97
33865,3386.5,6,0,0,12.95
33866,3386.6,6,0,0,12.96
33867,3386.7,4,2,0,12.58
33868,3386.8,4,0,0,12.61
33869,3386.9,4,0,0,12.58
33870,3387,4,0,0,12.63
33871,3387.1,4,0,0,12.57
33872,3387.2,4,0,0,12.59
33873,3387.3,4,0,0,12.58
33874,3387.4,4,0,0,12.63
33875,3387.5,4,0,0,12.56
33876,3387.6,4,0,0,12.62
33877,3387.7,4,0,0,12.57
33878,3387.8,4,0,0,12.58
33879,3387.9,4,0,0,12.58
33880,3388,4,0,0,12.59
33881,3388.1,4,0,0,12.59
33882,3388.2,4,0,0,12.58
33883,3388.3,4,0,0,12.56
33884,3388.4,4,0,0,12.57
33885,3388.5,4,0,0,12.61
33886,3388.6,4,0,0,12.58
33887,3388.7,4,0,0,12.58
33888,3388.8,4,0,0,12.59
33889,3388.9,5,0,0,12.85
33890,3389,5,0,0,12.87
33891,3389.1,5,0,0,12.87
33892,3389.2,5,0,0,12.86
33893,3389.3,5,0,0,12.88
33894,3389.4,5,0,0,12.88
33895,3389.5,5,1,0,12.88
33896,3389.6,5,0,0,12.87
33897,3389.7,4,1,0,12.75
33898,3389.8,4,0,0,12.82
33899,3389.9,4,0,0,12.77
33900,3390,5,0,0,13.05
33901,3390.1,5,0,0,13
33902,3390.2,5,0,0,13.04
33903,3390.3,5,0,0,13.02
33904,3390.4,5,0,0,13.03
33905,3390.5,5,0,0,13.02
33906,3390.6,5,0,0,13.01
33907,3390.7,4,1,0,13.48
33908,3390.8,4,0,0,13.49
33909,3390.9,4,0,0,13.5
33910,3391,4,0,0,13.49
33911,3391.1,4,0,0,13.51
33912,3391.2,4,0,0,13.52
33913,3391.3,4,0,0,13.49
33914,3391.4,4,0,0,13.52
33915,3391.5,4,0,0,13.48
33916,3391.6,4,0,0,13.5
33917,3391.7,4,0,0,13.52
33918,3391.8,5,0,0,13.62
33919,3391.9,5,0,0,13.59
33920,3392,5,0,0,13.58
33921,3392.1,5,0,0,13.58
33922,3392.2,5,0,0,13.59
33923,3392.3,5,0,0,13.58
33924,3392.4,4,2,0,12.53
33925,3392.5,5,0,0,12.04
33926,3392.6,4,1,0,12.52
33927,3392.7,4,0,0,12.52
33928,3392.8,4,0,0,12.48
33929,3392.9,4,0,0,12.5
33930,3393,4,0,0,12.51
33931,3393.1,4,0,0,12.49
33932,3393.2,4,0,0,12.53
33933,3393.3,5,0,0,11.36
33934,3393.4,5,0,0,11.35
33935,3393.5,5,1,0,11.39
33936,3393.6,5,0,0,11.43
33937,3393.7,5,0,0,11.43
33938,3393.8,5,0,0,11.48
33939,3393.9,5,0,0,11.49
33940,3394,5,0,0,11.48
33941,3394.1,5,0,0,11.49
33942,3394.2,5,0,0,11.54
33943,3394.3,5,0,0,11.55
33944,3394.4,5,0,0,11.54
33945,3394.5,5,0,0,11.56
33946,3394.6,6,0,0,11.99
33947,3394.7,6,0,0,12
33948,3394.8,6,0,0,11.99
33949,3394.9,6,0,0,12.02
33950,3395,6,0,0,11.99
33951,3395.1,6,0,0,12.02
33952,3395.2,5,1,0,11.71
33953,3395.3,5,0,0,11.71
33954,3395.4,5,0,0,11.72
33955,3395.5,5,0,0,11.7
33956,3395.6,6,0,0,11.43
33957,3395.7,6,0,0,11.44
33958,3395.8,7,0,0,11.19
33959,3395.9,7,0,0,11.23
33960,3396,7,0,0,11.25
33961,3396.1,7,0,0,11.26
33962,3396.2,7,0,0,11.25
33963,3396.3,7,0,0,11.26
33964,3396.4,7,0,0,11.24
33965,3396.5,7,0,0,11.25
33966,3396.6,7,0,0,11.27
33967,3396.7,6,1,0,11.1
33968,3396.8,6,0,0,11.12
33969,3396.9,6,0,0,11.13
33970,3397,5,1,0,10.56
33971,3397.1,6,0,0,10.35
33972,3397.2,6,0,0,10.35
33973,3397.3,6,0,0,10.36
33974,3397.4,7,0,0,10.64
33975,3397.5,7,0,0,10.63
33976,3397.6,7,0,0,10.65
33977,3397.7,7,0,0,10.63
33978,3397.8,7,0,0,10.64
33979,3397.9,7,0,0,10.65
33980,3398,6,1,0,10.41
33981,3398.1,6,0,0,10.39
33982,3398.2,6,0,0,10.41
33983,3398.3,6,0,0,10.4
33984,3398.4,6,0,0,10.42
33985,3398.5,6,0,0,10.44
33986,3398.6,6,0,0,10.44
33987,3398.7,5,1,0,9.74
33988,3398.8,5,0,0,9.76
33989,3398.9,6,0,0,10.41
33990,3399,6,0,0,10.4
33991,3399.1,6,0,0,10.4
33992,3399.2,6,0,0,10.37
33993,3399.3,6,0,0,10.38
33994,3399.4,6,0,0,10.35
33995,3399.5,6,0,0,10.35
33996,3399.6,6,0,0,10.33
33997,3399.7,6,0,0,10.31
33998,3399.8,6,0,0,10.32
33999,3399.9,5,1,0,10.37
34000,3400,5,0,0,10.41
34001,3400.1,5,0,0,10.42
34002,3400.2,6,0,0,11.06
34003,3400.3,6,0,0,11.07
34004,3400.4,6,0,0,11.07
34005,3400.5,6,0,0,11.09
34006,3400.6,7,0,0,11.54
34007,3400.7,7,0,0,11.53
34008,3400.8,6,1,0,11.16
34009,3400.9,6,0,0,11.18
34010,3401,6,0,0,11.2
34011,3401.1,6,0,0,11.22
34012,3401.2,6,0,0,11.25
34013,3401.3,6,0,0,11.27
34014,3401.4,6,0,0,11.29
34015,3401.5,6,0,0,11.36
34016,3401.6,6,0,0,11.36
34017,3401.7,6,0,0,11.39
34018,3401.8,5,1,0,11.02
34019,3401.9,5,0,0,11.01
34020,3402,5,0,0,10.99
34021,3402.1,6,0,0,11.32
34022,3402.2,6,0,0,11.33
34023,3402.3,6,0,0,11.33
34024,3402.4,6,0,0,11.33
34025,3402.5,6,0,0,11.31
34026,3402.6,6,0,0,11.29
34027,3402.7,6,0,0,11.28
34028,3402.8,6,0,0,11.29
34029,3402.9,6,0,0,11.29
34030,3403,6,0,0,11.26
34031,3403.1,7,0,0,11.65
34032,3403.2,7,0,0,11.66
34033,3403.3,7,0,0,11.63
34034,3403.4,7,0,0,11.61
34035,3403.5,7,0,0,11.64
34036,3403.6,7,0,0,11.62
34037,3403.7,6,1,0,11.25
34038,3403.8,6,0,0,11.26
34039,3403.9,6,0,0,11.27
34040,3404,6,0,0,11.25
34041,3404.1,5,1,0,10.69
34042,3404.2,6,0,0,11.03
34043,3404.3,6,0,0,11.03
34044,3404.4,6,0,0,11.01
34045,3404.5,6,0,0,11
34046,3404.6,6,0,0,10.99
34047,3404.7,5,1,0,11.19
34048,3404.8,5,0,0,11.2
34049,3404.9,5,0,0,11.27
34050,3405,5,0,0,11.39
34051,3405.1,5,0,0,11.47
34052,3405.2,6,0,0,11.96
34053,3405.3,6,0,0,12.02
34054,3405.4,6,0,0,12.07
34055,3405.5,6,0,0,12.16
34056,3405.6,6,0,0,12.24
34057,3405.7,6,0,0,12.34
34058,3405.8,6,0,0,12.46
34059,3405.9,7,0,0,12.37
34060,3406,7,0,0,12.36
34061,3406.1,7,0,0,12.36
34062,3406.2,7,0,0,12.38
34063,3406.3,7,0,0,12.35
34064,3406.4,7,0,0,12.36
34065,3406.5,7,0,0,12.38
34066,3406.6,6,1,0,12.49
34067,3406.7,5,1,0,12.6
34068,3406.8,5,0,0,12.64
34069,3406.9,5,0,0,12.75
34070,3407,5,0,0,12.76
34071,3407.1,5,0,0,12.85
34072,3407.2,5,0,0,12.95
34073,3407.3,5,0,0,13.02
34074,3407.4,5,0,0,13.08
34075,3407.5,5,0,0,13.17
34076,3407.6,5,0,0,13.22
34077,3407.7,5,0,0,13.26
34078,3407.8,6,0,0,13.32
34079,3407.9,6,0,0,13.35
34080,3408,5,1,0,13.44
34081,3408.1,5,1,0,12.66
34082,3408.2,5,0,0,12.7
34083,3408.3,4,1,0,13.47
34084,3408.4,5,0,0,13.54
34085,3408.5,5,0,0,13.53
34086,3408.6,5,0,0,13.53
34087,3408.7,6,0,0,13.45
34088,3408.8,6,0,0,13.42
34089,3408.9,6,0,0,13.44
34090,3409,6,0,0,13.44
34091,3409.1,6,0,0,13.47
34092,3409.2,6,0,0,13.44
34093,3409.3,5,1,0,13.54
34094,3409.4,5,0,0,13.55
34095,3409.5,4,1,0,13.42
34096,3409.6,4,0,0,13.46
34097,3409.7,4,0,0,13.41
34098,3409.8,4,0,0,13.42
34099,3409.9,4,0,0,13.44
34100,3410,4,0,0,13.42
34101,3410.1,4,0,0,13.42
34102,3410.2,4,0,0,13.4
34103,3410.3,4,0,0,13.4
34104,3410.4,4,0,0,13.42
34105,3410.5,4,0,0,13.39
34106,3410.6,4,0,0,13.4
34107,3410.7,4,0,0,13.45
34108,3410.8,4,0,0,13.43
34109,3410.9,4,0,0,13.43
34110,3411,4,0,0,13.41
34111,3411.1,4,0,0,13.44
34112,3411.2,4,0,0,13.44
34113,3411.3,5,0,0,13.56
34114,3411.4,5,0,0,13.53
34115,3411.5,6,1,0,13.41
34116,3411.6,6,0,0,13.36
34117,3411.7,6,0,0,13.38
34118,3411.8,6,0,0,13.36
34119,3411.9,6,0,0,13.38
34120,3412,5,1,0,13.46
34121,3412.1,4,1,0,13.86
34122,3412.2,4,0,0,13.83
34123,3412.3,4,0,0,13.81
34124,3412.4,4,0,0,13.9
34125,3412.5,4,0,0,13.86
34126,3412.6,4,0,0,13.86
34127,3412.7,4,0,0,13.88
34128,3412.8,4,0,0,13.86
34129,3412.9,4,0,0,13.86
34130,3413,4,0,0,13.83
34131,3413.1,4,0,0,13.88
34132,3413.2,4,0,0,13.83
34133,3413.3,4,0,0,13.84
34134,3413.4,4,0,0,13.86
34135,3413.5,4,0,0,13.83
34136,3413.6,4,0,0,13.84
34137,3413.7,4,0,0,13.88
34138,3413.8,4,0,0,13.84
34139,3413.9,4,0,0,13.82
34140,3414,4,0,0,13.83
34141,3414.1,4,0,0,13.83
34142,3414.2,4,0,0,13.88
34143,3414.3,4,0,0,13.84
34144,3414.4,4,1,0,13.84
34145,3414.5,4,0,0,13.86
34146,3414.6,5,0,0,13.89
34147,3414.7,5,0,0,13.86
34148,3414.8,4,1,0,13.86
34149,3414.9,5,0,0,13.9
34150,3415,4,1,0,13.84
34151,3415.1,4,0,0,13.85
34152,3415.2,4,0,0,13.86
34153,3415.3,4,0,0,13.83
34154,3415.4,4,0,0,13.85
34155,3415.5,5,0,0,13
34156,3415.6,5,0,0,13.01
34157,3415.7,5,0,0,13
34158,3415.8,5,0,0,13.04
34159,3415.9,5,0,0,13.05
34160,3416,5,0,0,13.04
34161,3416.1,5,0,0,13.07
34162,3416.2,5,0,0,13.07
34163,3416.3,5,0,0,13.06
34164,3416.4,5,0,0,13.08
34165,3416.5,5,0,0,13.08
34166,3416.6,5,0,0,13.1
34167,3416.7,5,0,0,13.09
34168,3416.8,5,0,0,13.07
34169,3416.9,5,0,0,13.05
34170,3417,5,0,0,13.09
34171,3417.1,5,0,0,13.08
34172,3417.2,6,0,0,12.95
34173,3417.3,6,0,0,12.94
34174,3417.4,6,0,0,12.98
34175,3417.5,6,0,0,12.96
34176,3417.6,5,1,0,12.76
34177,3417.7,5,0,0,12.77
34178,3417.8,5,1,0,12.62
34179,3417.9,5,0,0,12.62
34180,3418,5,0,0,12.6
34181,3418.1,5,0,0,12.56
34182,3418.2,5,0,0,12.59
34183,3418.3,5,0,0,12.59
34184,3418.4,5,1,0,12.01
34185,3418.5,5,0,0,11.99
34186,3418.6,5,0,0,11.97
34187,3418.7,5,0,0,11.96
34188,3418.8,5,0,0,11.98
34189,3418.9,5,0,0,11.95
34190,3419,5,0,0,11.95
34191,3419.1,5,0,0,11.94
34192,3419.2,5,0,0,11.93
34193,3419.3,5,0,0,11.94
34194,3419.4,5,0,0,11.92
34195,3419.5,5,0,0,11.94
34196,3419.6,5,0,0,11.94
34197,3419.7,5,0,0,11.92
34198,3419.8,5,0,0,11.88
34199,3419.9,5,0,0,11.92
34200,3420,6,0,0,12.27
34201,3420.1,6,0,0,12.22
34202,3420.2,6,0,0,12.22
34203,3420.3,6,0,0,12.23
34204,3420.4,6,0,0,12.21
34205,3420.5,6,0,0,12.22
34206,3420.6,5,1,0,11.85
34207,3420.7,5,0,0,11.83
34208,3420.8,5,0,0,11.85
34209,3420.9,5,1,0,11.93
34210,3421,5,0,0,11.93
34211,3421.1,5,0,0,11.94
34212,3421.2,5,0,0,11.9
34213,3421.3,5,0,0,11.88
34214,3421.4,5,0,0,11.87
34215,3421.5,5,0,0,11.92
34216,3421.6,5,0,0,11.89
34217,3421.7,5,0,0,11.87
34218,3421.8,5,0,0,11.87
34219,3421.9,5,0,0,11.88
34220,3422,6,0,0,12.23
34221,3422.1,6,0,0,12.21
34222,3422.2,6,0,0,12.19
34223,3422.3,6,0,0,12.19
34224,3422.4,6,0,0,12.2
34225,3422.5,6,0,0,12.15
34226,3422.6,6,0,0,12.16
34227,3422.7,5,1,0,12.33
34228,3422.8,6,0,0,12.58
34229,3422.9,6,0,0,12.59
34230,3423,6,0,0,12.54
34231,3423.1,6,0,0,12.52
34232,3423.2,6,0,0,12.53
34233,3423.3,6,0,0,12.5
34234,3423.4,5,1,0,12.2
34235,3423.5,5,0,0,12.21
34236,3423.6,5,0,0,12.17
34237,3423.7,5,0,0,12.17
34238,3423.8,4,1,0,11.72
34239,3423.9,4,0,0,11.68
34240,3424,4,0,0,11.64
34241,3424.1,6,0,0,11.63
34242,3424.2,6,0,0,11.6
34243,3424.3,5,1,0,11.91
34244,3424.4,5,0,0,11.94
34245,3424.5,5,0,0,11.94
34246,3424.6,5,0,0,11.89
34247,3424.7,5,0,0,11.89
34248,3424.8,5,0,0,11.85
34249,3424.9,5,0,0,11.86
34250,3425,5,0,0,11.86
34251,3425.1,5,0,0,11.84
34252,3425.2,5,0,0,11.8
34253,3425.3,5,0,0,11.8
34254,3425.4,5,0,0,11.78
34255,3425.5,5,1,0,11.75
34256,3425.6,5,0,0,11.75
34257,3425.7,6,0,0,12.12
34258,3425.8,6,0,0,12.09
34259,3425.9,6,0,0,12.09
34260,3426,6,0,0,12.07
34261,3426.1,6,0,0,12.07
34262,3426.2,6,0,0,12.06
34263,3426.3,5,1,0,11.68
34264,3426.4,5,0,0,11.65
34265,3426.5,5,0,0,11.67
34266,3426.6,5,0,0,11.65
34267,3426.7,5,0,0,11.66
34268,3426.8,5,0,0,11.63
34269,3426.9,5,0,0,11.59
34270,3427,5,0,0,11.59
34271,3427.1,5,0,0,11.62
34272,3427.2,6,0,0,12.01
34273,3427.3,6,0,0,11.99
34274,3427.4,6,0,0,11.98
34275,3427.5,6,0,0,11.96
34276,3427.6,6,0,0,11.97
34277,3427.7,5,1,0,12.37
34278,3427.8,5,0,0,12.4
34279,3427.9,5,0,0,12.44
34280,3428,5,0,0,12.51
34281,3428.1,5,0,0,12.58
34282,3428.2,5,0,0,12.62
34283,3428.3,5,0,0,12.7
34284,3428.4,5,0,0,12.77
34285,3428.5,6,0,0,13.03
34286,3428.6,6,0,0,13.08
34287,3428.7,6,0,0,13.14
34288,3428.8,6,0,0,13.18
34289,3428.9,6,0,0,13.21
34290,3429,5,1,0,13.17
34291,3429.1,5,1,0,13.16
34292,3429.2,5,0,0,13.13
34293,3429.3,5,0,0,13.15
34294,3429.4,5,0,0,13.16
34295,3429.5,5,0,0,13.17
34296,3429.6,5,0,0,13.15
34297,3429.7,4,1,0,13.32
34298,3429.8,4,0,0,13.37
34299,3429.9,4,0,0,13.43
34300,3430,4,0,0,13.5
34301,3430.1,4,0,0,13.53
34302,3430.2,4,0,0,13.62
34303,3430.3,4,0,0,13.63
34304,3430.4,5,0,0,13.73
34305,3430.5,5,0,0,13.73
34306,3430.6,5,0,0,13.76
34307,3430.7,5,0,0,13.76
34308,3430.8,5,0,0,13.76
34309,3430.9,5,0,0,13.78
34310,3431,5,0,0,13.76
34311,3431.1,4,1,0,13.69
34312,3431.2,4,0,0,13.71
34313,3431.3,5,0,0,13.55
34314,3431.4,5,0,0,13.53
34315,3431.5,5,0,0,13.56
34316,3431.6,5,0,0,13.55
34317,3431.7,5,0,0,13.55
34318,3431.8,5,0,0,13.56
34319,3431.9,4,1,0,13.73
34320,3432,4,0,0,13.7
34321,3432.1,4,0,0,13.7
34322,3432.2,4,0,0,13.72
34323,3432.3,4,0,0,13.72
34324,3432.4,4,0,0,13.73
34325,3432.5,4,0,0,13.71
34326,3432.6,3,1,0,13.71
34327,3432.7,4,0,0,13.75
34328,3432.8,4,0,0,13.71
34329,3432.9,4,0,0,13.77
34330,3433,4,0,0,13.77
34331,3433.1,4,0,0,13.75
34332,3433.2,4,0,0,13.74
34333,3433.3,4,0,0,13.75
34334,3433.4,4,0,0,13.73
34335,3433.5,5,0,0,13.82
34336,3433.6,5,0,0,13.8
34337,3433.7,4,1,0,13.91
34338,3433.8,4,0,0,13.9
34339,3433.9,4,0,0,13.88
34340,3434,4,0,0,13.9
34341,3434.1,5,0,0,13.94
34342,3434.2,5,0,0,13.92
34343,3434.3,5,0,0,13.91
34344,3434.4,5,0,0,13.91
34345,3434.5,5,0,0,13.92
34346,3434.6,5,0,0,13.93
34347,3434.7,4,1,0,13.92
34348,3434.8,4,0,0,13.92
34349,3434.9,4,0,0,13.91
34350,3435,4,0,0,13.91
34351,3435.1,4,0,0,13.91
34352,3435.2,4,0,0,13.92
34353,3435.3,4,0,0,13.89
34354,3435.4,4,0,0,13.9
34355,3435.5,4,0,0,13.89
34356,3435.6,4,0,0,13.92
34357,3435.7,4,0,0,13.91
34358,3435.8,4,0,0,13.91
34359,3435.9,4,0,0,13.9
34360,3436,4,0,0,13.91
34361,3436.1,4,0,0,13.9
34362,3436.2,4,1,0,13.76
34363,3436.3,4,0,0,13.76
34364,3436.4,3,1,0,13.66
34365,3436.5,3,0,0,13.7
34366,3436.6,3,0,0,13.68
34367,3436.7,4,0,0,13.75
34368,3436.8,4,0,0,13.72
34369,3436.9,4,0,0,13.75
34370,3437,5,0,0,13.59
34371,3437.1,5,0,0,13.58
34372,3437.2,6,0,0,12.86
34373,3437.3,6,0,0,12.84
34374,3437.4,6,0,0,12.86
34375,3437.5,6,0,0,12.86
34376,3437.6,5,1,0,12.89
34377,3437.7,5,0,0,12.91
34378,3437.8,5,0,0,12.92
34379,3437.9,5,0,0,12.92
34380,3438,5,0,0,12.97
34381,3438.1,5,0,0,12.95
34382,3438.2,5,0,0,12.98
34383,3438.3,5,0,0,13
34384,3438.4,5,0,0,12.99
34385,3438.5,5,0,0,12.97
34386,3438.6,6,0,0,12.49
34387,3438.7,6,0,0,12.48
34388,3438.8,6,0,0,12.49
34389,3438.9,6,0,0,12.49
34390,3439,6,0,0,12.49
34391,3439.1,6,0,0,12.48
34392,3439.2,6,0,0,12.46
34393,3439.3,6,0,0,12.49
34394,3439.4,6,0,0,12.5
34395,3439.5,6,0,0,12.49
34396,3439.6,5,1,0,12.17
34397,3439.7,5,0,0,12.19
34398,3439.8,8,0,0,11.75
34399,3439.9,7,1,0,11.51
34400,3440,7,0,0,11.51
34401,3440.1,7,0,0,11.52
34402,3440.2,7,0,0,11.53
34403,3440.3,7,0,0,11.53
34404,3440.4,7,1,0,11.19
34405,3440.5,7,0,0,11.19
34406,3440.6,6,1,0,11.42
34407,3440.7,6,0,0,11.41
34408,3440.8,6,0,0,11.38
34409,3440.9,6,0,0,11.38
34410,3441,6,0,0,11.4
34411,3441.1,6,0,0,11.38
34412,3441.2,6,0,0,11.37
34413,3441.3,6,0,0,11.39
34414,3441.4,6,0,0,11.37
34415,3441.5,5,1,0,11.68
34416,3441.6,5,0,0,11.73
34417,3441.7,5,0,0,11.8
34418,3441.8,5,0,0,11.83
34419,3441.9,5,0,0,11.86
34420,3442,5,0,0,11.93
34421,3442.1,5,0,0,12.01
34422,3442.2,5,0,0,12.05
34423,3442.3,5,0,0,12.07
34424,3442.4,5,0,0,12.07
34425,3442.5,5,0,0,12.13
34426,3442.6,6,0,0,12.36
34427,3442.7,5,1,0,12.04
34428,3442.8,5,0,0,12.03
34429,3442.9,5,0,0,12.04
34430,3443,6,0,0,12.11
34431,3443.1,6,0,0,12.13
34432,3443.2,5,1,0,11.96
34433,3443.3,6,0,0,12.27
34434,3443.4,6,0,0,12.28
34435,3443.5,6,0,0,12.29
34436,3443.6,5,1,0,11.94
34437,3443.7,5,0,0,11.96
34438,3443.8,5,0,0,11.94
34439,3443.9,5,0,0,11.92
34440,3444,5,0,0,11.91
34441,3444.1,5,0,0,11.9
34442,3444.2,5,0,0,11.91
34443,3444.3,5,0,0,11.91
34444,3444.4,5,0,0,11.85
34445,3444.5,5,0,0,11.85
34446,3444.6,5,0,0,11.85
34447,3444.7,5,0,0,11.88
34448,3444.8,5,0,0,11.84
34449,3444.9,5,0,0,11.85
34450,3445,5,0,0,11.82
34451,3445.1,5,0,0,11.8
34452,3445.2,5,0,0,11.81
34453,3445.3,5,0,0,11.79
34454,3445.4,6,0,0,12.06
34455,3445.5,6,0,0,12.03
34456,3445.6,6,0,0,12.03
34457,3445.7,6,0,0,12.03
34458,3445.8,6,0,0,12.04
34459,3445.9,5,1,0,11.64
34460,3446,4,1,0,11.25
34461,3446.1,5,0,0,11.75
34462,3446.2,5,0,0,11.75
34463,3446.3,5,0,0,11.75
34464,3446.4,5,0,0,11.74
34465,3446.5,5,0,0,11.73
34466,3446.6,5,0,0,11.7
34467,3446.7,5,0,0,11.7
34468,3446.8,4,1,0,11.16
34469,3446.9,5,0,0,11.72
34470,3447,5,0,0,11.7
34471,3447.1,5,0,0,11.69
34472,3447.2,5,0,0,11.71
34473,3447.3,5,0,0,11.67
34474,3447.4,5,0,0,11.69
34475,3447.5,5,0,0,11.67
34476,3447.6,5,0,0,11.69
34477,3447.7,5,0,0,11.69
34478,3447.8,5,0,0,11.7
34479,3447.9,5,0,0,11.69
34480,3448,5,0,0,11.68
34481,3448.1,5,0,0,11.66
34482,3448.2,5,0,0,11.68
34483,3448.3,6,0,0,12.05
34484,3448.4,6,0,0,12.01
34485,3448.5,6,0,0,11.99
34486,3448.6,6,0,0,12
34487,3448.7,6,0,0,11.98
34488,3448.8,6,0,0,11.96
34489,3448.9,5,1,0,11.53
34490,3449,5,0,0,11.5
34491,3449.1,5,0,0,11.5
34492,3449.2,5,0,0,11.49
34493,3449.3,6,0,0,11.87
34494,3449.4,6,0,0,11.83
34495,3449.5,6,0,0,11.81
34496,3449.6,6,0,0,11.82
34497,3449.7,6,0,0,11.81
34498,3449.8,6,0,0,11.79
34499,3449.9,6,0,0,11.77
34500,3450,6,0,0,11.79
34501,3450.1,6,0,0,11.77
34502,3450.2,6,0,0,11.74
34503,3450.3,6,0,0,11.72
34504,3450.4,6,1,0,11.54
34505,3450.5,6,0,0,11.53
34506,3450.6,6,0,0,11.49
34507,3450.7,6,0,0,11.49
34508,3450.8,5,1,0,11.8
34509,3450.9,5,0,0,11.8
34510,3451,5,0,0,11.88
34511,3451.1,6,0,0,12.28
34512,3451.2,6,0,0,12.35
34513,3451.3,6,0,0,12.4
34514,3451.4,6,0,0,12.48
34515,3451.5,6,0,0,12.54
34516,3451.6,6,0,0,12.63
34517,3451.7,5,1,0,12.47
34518,3451.8,5,0,0,12.6
34519,3451.9,5,0,0,12.66
34520,3452,5,0,0,12.73
34521,3452.1,5,0,0,12.81
34522,3452.2,5,0,0,12.94
34523,3452.3,5,0,0,13.02
34524,3452.4,6,0,0,12.95
34525,3452.5,6,0,0,12.99
34526,3452.6,6,0,0,13.01
34527,3452.7,5,1,0,12.9
34528,3452.8,5,0,0,12.89
34529,3452.9,5,0,0,12.89
34530,3453,5,0,0,12.85
34531,3453.1,5,0,0,12.86
34532,3453.2,5,0,0,12.85
34533,3453.3,5,0,0,12.85
34534,3453.4,5,0,0,12.9
34535,3453.5,5,0,0,12.91
34536,3453.6,5,0,0,12.86
34537,3453.7,5,0,0,12.87
34538,3453.8,5,0,0,12.82
34539,3453.9,6,0,0,12.74
34540,3454,7,0,0,12.93
34541,3454.1,6,1,0,12.92
34542,3454.2,5,1,0,12.96
34543,3454.3,5,0,0,13.04
34544,3454.4,5,0,0,13.07
34545,3454.5,4,1,0,13.39
34546,3454.6,4,0,0,13.44
34547,3454.7,4,0,0,13.49
34548,3454.8,4,0,0,13.46
34549,3454.9,4,0,0,13.47
34550,3455,4,0,0,13.49
34551,3455.1,4,0,0,13.49
34552,3455.2,4,0,0,13.49
34553,3455.3,4,0,0,13.49
34554,3455.4,4,0,0,13.51
34555,3455.5,4,0,0,13.44
34556,3455.6,5,0,0,13.43
34557,3455.7,5,0,0,13.42
34558,3455.8,4,1,0,13.3
34559,3455.9,4,0,0,13.32
34560,3456,4,0,0,13.28
34561,3456.1,5,0,0,12.68
34562,3456.2,5,0,0,12.66
34563,3456.3,4,1,0,13.35
34564,3456.4,4,0,0,13.29
34565,3456.5,4,0,0,13.31
34566,3456.6,4,0,0,13.31
34567,3456.7,5,0,0,13.44
34568,3456.8,5,0,0,13.39
34569,3456.9,5,0,0,13.44
34570,3457,5,0,0,13.43
34571,3457.1,5,0,0,13.43
34572,3457.2,5,0,0,13.46
34573,3457.3,4,1,0,13.33
34574,3457.4,4,0,0,13.3
34575,3457.5,3,1,0,13.11
34576,3457.6,4,0,0,13.31
34577,3457.7,4,0,0,13.31
34578,3457.8,4,0,0,13.29
34579,3457.9,4,0,0,13.32
34580,3458,4,0,0,13.3
34581,3458.1,4,0,0,13.32
34582,3458.2,4,0,0,13.32
34583,3458.3,4,0,0,13.29
34584,3458.4,4,0,0,13.34
34585,3458.5,3,1,0,13.05
34586,3458.6,3,0,0,13.12
34587,3458.7,4,0,0,13.32
34588,3458.8,4,0,0,13.33
34589,3458.9,4,0,0,13.29
34590,3459,4,0,0,13.31
34591,3459.1,4,0,0,13.28
34592,3459.2,4,0,0,13.29
34593,3459.3,4,0,0,13.31
34594,3459.4,4,0,0,13.34
34595,3459.5,5,0,0,13.41
34596,3459.6,5,0,0,13.45
34597,3459.7,5,0,0,13.44
34598,3459.8,5,0,0,13.45
34599,3459.9,5,0,0,13.44
34600,3460,5,0,0,13.45
34601,3460.1,4,1,0,13.32
34602,3460.2,4,0,0,13.29
34603,3460.3,4,0,0,13.27
34604,3460.4,4,0,0,13.3
34605,3460.5,4,0,0,13.29
34606,3460.6,4,0,0,13.31
34607,3460.7,4,0,0,13.28
34608,3460.8,4,0,0,13.3
34609,3460.9,4,0,0,13.3
34610,3461,4,0,0,13.33
34611,3461.1,4,1,0,13.32
34612,3461.2,4,0,0,13.33
34613,3461.3,4,0,0,13.32
34614,3461.4,4,0,0,13.3
34615,3461.5,4,0,0,13.31
34616,3461.6,4,0,0,13.3
34617,3461.7,5,0,0,12.62
34618,3461.8,5,0,0,12.65
34619,3461.9,5,0,0,12.63
34620,3462,5,0,0,12.66
34621,3462.1,5,0,0,12.67
34622,3462.2,5,0,0,12.64
34623,3462.3,5,0,0,12.62
34624,3462.4,6,0,0,12.86
34625,3462.5,7,0,0,11.97
34626,3462.6,7,0,0,11.95
34627,3462.7,7,0,0,11.98
34628,3462.8,7,0,0,12
34629,3462.9,6,1,0,12.01
34630,3463,5,1,0,11.69
34631,3463.1,5,0,0,11.65
34632,3463.2,5,0,0,11.71
34633,3463.3,5,0,0,11.71
34634,3463.4,5,0,0,11.76
34635,3463.5,5,0,0,11.75
34636,3463.6,5,0,0,11.76
34637,3463.7,5,0,0,11.77
34638,3463.8,5,0,0,11.78
34639,3463.9,5,0,0,11.83
34640,3464,5,0,0,11.84
34641,3464.1,5,0,0,11.89
34642,3464.2,5,0,0,11.88
34643,3464.3,5,0,0,11.89
34644,3464.4,5,0,0,11.88
34645,3464.5,5,0,0,11.9
34646,3464.6,4,1,0,11.37
34647,3464.7,5,0,0,11.46
34648,3464.8,5,0,0,11.45
34649,3464.9,5,0,0,11.48
34650,3465,6,0,0,11.24
34651,3465.1,6,0,0,11.22
34652,3465.2,6,1,0,10.92
34653,3465.3,6,0,0,10.9
34654,3465.4,6,0,0,10.9
34655,3465.5,6,0,0,10.9
34656,3465.6,6,0,0,10.9
34657,3465.7,6,0,0,10.92
34658,3465.8,6,0,0,10.92
34659,3465.9,5,1,0,10.86
34660,3466,5,0,0,10.89
34661,3466.1,5,0,0,10.88
34662,3466.2,5,0,0,10.85
34663,3466.3,5,0,0,10.85
34664,3466.4,5,0,0,10.91
34665,3466.5,5,0,0,10.89
34666,3466.6,5,0,0,10.88
34667,3466.7,5,0,0,10.92
34668,3466.8,5,0,0,10.89
34669,3466.9,5,0,0,10.89
34670,3467,5,0,0,10.9
34671,3467.1,5,0,0,10.89
34672,3467.2,5,0,0,10.94
34673,3467.3,5,0,0,10.93
34674,3467.4,5,0,0,10.92
34675,3467.5,5,0,0,10.95
34676,3467.6,5,0,0,10.95
34677,3467.7,5,0,0,10.97
34678,3467.8,5,0,0,10.96
34679,3467.9,4,1,0,10.19
34680,3468,5,0,0,10.95
34681,3468.1,6,0,0,11.41
34682,3468.2,7,0,0,11.76
34683,3468.3,7,0,0,11.76
34684,3468.4,7,0,0,11.72
34685,3468.5,7,0,0,11.73
34686,3468.6,6,1,0,11.36
34687,3468.7,6,0,0,11.33
34688,3468.8,5,1,0,11.28
34689,3468.9,5,0,0,11.24
34690,3469,5,0,0,11.21
34691,3469.1,5,0,0,11.19
34692,3469.2,5,0,0,11.24
34693,3469.3,5,0,0,11.2
34694,3469.4,5,0,0,11.19
34695,3469.5,5,0,0,11.15
34696,3469.6,5,0,0,11.15
34697,3469.7,5,0,0,11.14
34698,3469.8,5,0,0,11.12
34699,3469.9,5,0,0,11.12
34700,3470,5,0,0,11.13
34701,3470.1,5,0,0,11.15
34702,3470.2,5,0,0,11.11
34703,3470.3,5,0,0,11.11
34704,3470.4,5,0,0,11.07
34705,3470.5,5,0,0,11.07
34706,3470.6,5,0,0,11.05
34707,3470.7,5,0,0,11.05
34708,3470.8,6,0,0,11.53
34709,3470.9,6,0,0,11.51
34710,3471,6,0,0,11.5
34711,3471.1,6,0,0,11.52
34712,3471.2,6,0,0,11.51
34713,3471.3,7,0,0,11.87
34714,3471.4,6,1,0,11.49
34715,3471.5,6,0,0,11.48
34716,3471.6,6,0,0,11.47
34717,3471.7,5,1,0,10.96
34718,3471.8,6,0,0,11.14
34719,3471.9,6,0,0,11.13
34720,3472,6,0,0,11.13
34721,3472.1,7,0,0,10.98
34722,3472.2,7,0,0,10.97
34723,3472.3,6,1,0,11.12
34724,3472.4,6,0,0,11.12
34725,3472.5,6,0,0,11.11
34726,3472.6,6,0,0,11.09
34727,3472.7,6,0,0,11.1
34728,3472.8,6,0,0,11.07
34729,3472.9,6,0,0,11.1
34730,3473,6,0,0,11.07
34731,3473.1,6,0,0,11.09
34732,3473.2,6,0,0,11.07
34733,3473.3,6,0,0,11.07
34734,3473.4,6,0,0,11.06
34735,3473.5,6,0,0,11.06
34736,3473.6,6,0,0,11.04
34737,3473.7,7,0,0,11.14
34738,3473.8,7,0,0,11.14
34739,3473.9,6,1,0,11.37
34740,3474,6,0,0,11.39
34741,3474.1,6,0,0,11.44
34742,3474.2,6,0,0,11.55
34743,3474.3,6,0,0,11.65
34744,3474.4,6,1,0,12.05
34745,3474.5,6,0,0,12.11
34746,3474.6,6,0,0,12.18
34747,3474.7,6,0,0,12.22
34748,3474.8,6,0,0,12.31
34749,3474.9,6,0,0,12.38
34750,3475,6,0,0,12.44
34751,3475.1,6,0,0,12.53
34752,3475.2,6,0,0,12.6
34753,3475.3,7,0,0,12.82
34754,3475.4,7,0,0,12.87
34755,3475.5,7,0,0,12.94
34756,3475.6,7,0,0,13
34757,3475.7,7,0,0,13.06
34758,3475.8,5,2,0,13.28
34759,3475.9,5,0,0,13.32
34760,3476,5,0,0,13.43
34761,3476.1,5,0,0,13.47
34762,3476.2,5,0,0,13.54
34763,3476.3,5,0,0,13.6
34764,3476.4,5,0,0,13.69
34765,3476.5,6,0,0,13.51
34766,3476.6,6,0,0,13.57
34767,3476.7,6,0,0,13.56
34768,3476.8,6,0,0,13.54
34769,3476.9,6,0,0,13.58
34770,3477,6,0,0,13.57
34771,3477.1,5,1,0,13.78
34772,3477.2,4,1,0,13.7
34773,3477.3,4,0,0,13.77
34774,3477.4,5,0,0,13.05
34775,3477.5,5,0,0,13.02
34776,3477.6,6,0,0,13.11
34777,3477.7,6,0,0,13.11
34778,3477.8,6,0,0,13.1
34779,3477.9,6,0,0,13.1
34780,3478,6,0,0,13.09
34781,3478.1,6,0,0,13.1
34782,3478.2,6,0,0,13.09
34783,3478.3,6,0,0,13.1
34784,3478.4,6,0,0,13.08
34785,3478.5,6,0,0,13.09
34786,3478.6,5,1,0,12.9
34787,3478.7,5,0,0,12.9
34788,3478.8,4,1,0,12.74
34789,3478.9,5,0,0,12.04
34790,3479,5,0,0,12.03
34791,3479.1,5,0,0,12.05
34792,3479.2,5,0,0,12.01
34793,3479.3,6,0,0,12.21
34794,3479.4,6,0,0,12.2
34795,3479.5,6,0,0,12.22
34796,3479.6,6,0,0,12.23
34797,3479.7,6,0,0,12.22
34798,3479.8,6,0,0,12.23
34799,3479.9,5,1,0,12.04
34800,3480,5,0,0,12.07
34801,3480.1,5,0,0,12.06
34802,3480.2,5,0,0,12.06
34803,3480.3,5,0,0,12.08
34804,3480.4,5,0,0,12.12
34805,3480.5,4,1,0,11.61
34806,3480.6,4,0,0,11.64
34807,3480.7,5,0,0,11.54
34808,3480.8,5,0,0,11.54
34809,3480.9,5,0,0,11.55
34810,3481,5,0,0,11.55
34811,3481.1,5,0,0,11.58
34812,3481.2,5,0,0,11.54
34813,3481.3,5,0,0,11.56
34814,3481.4,5,0,0,11.56
34815,3481.5,5,0,0,11.53
34816,3481.6,5,0,0,11.57
34817,3481.7,4,1,0,11.92
34818,3481.8,4,0,0,12
34819,3481.9,4,0,0,12.07
34820,3482,4,0,0,12.09
34821,3482.1,5,0,0,11.86
34822,3482.2,5,0,0,11.83
34823,3482.3,5,0,0,11.9
34824,3482.4,5,0,0,11.94
34825,3482.5,6,0,0,11.8
34826,3482.6,6,0,0,11.82
34827,3482.7,6,0,0,11.84
34828,3482.8,5,1,0,12.16
34829,3482.9,5,0,0,12.18
34830,3483,5,0,0,12.21
34831,3483.1,5,0,0,12.27
34832,3483.2,5,0,0,12.29
34833,3483.3,5,0,0,12.37
34834,3483.4,5,0,0,12.37
34835,3483.5,5,0,0,12.39
34836,3483.6,4,1,0,12.23
34837,3483.7,3,1,0,11.71
34838,3483.8,3,0,0,11.69
34839,3483.9,4,0,0,12.25
34840,3484,4,0,0,12.22
34841,3484.1,4,0,0,12.22
34842,3484.2,4,0,0,12.26
34843,3484.3,4,0,0,12.24
34844,3484.4,4,0,0,12.21
34845,3484.5,4,0,0,12.2
34846,3484.6,4,0,0,12.23
34847,3484.7,4,0,0,12.24
34848,3484.8,4,0,0,12.21
34849,3484.9,5,0,0,11.77
34850,3485,6,0,0,12.16
34851,3485.1,6,0,0,12.14
34852,3485.2,6,0,0,12.13
34853,3485.3,6,0,0,12.15
34854,3485.4,6,0,0,12.16
34855,3485.5,6,0,0,12.14
34856,3485.6,5,1,0,11.77
34857,3485.7,5,0,0,11.79
34858,3485.8,5,0,0,11.81
34859,3485.9,5,0,0,11.77
34860,3486,6,0,0,12.17
34861,3486.1,6,0,0,12.16
34862,3486.2,6,0,0,12.12
34863,3486.3,6,0,0,12.14
34864,3486.4,6,0,0,12.14
34865,3486.5,6,0,0,12.14
34866,3486.6,6,0,0,12.15
34867,3486.7,6,0,0,12.13
34868,3486.8,6,0,0,12.16
34869,3486.9,6,0,0,12.14
34870,3487,6,1,0,12.18
34871,3487.1,6,0,0,12.17
34872,3487.2,5,1,0,11.94
34873,3487.3,5,0,0,11.93
34874,3487.4,5,0,0,11.94
34875,3487.5,5,0,0,11.89
34876,3487.6,5,0,0,11.86
34877,3487.7,5,0,0,11.83
34878,3487.8,6,0,0,12.19
34879,3487.9,6,0,0,12.17
34880,3488,6,0,0,12.15
34881,3488.1,6,0,0,12.12
34882,3488.2,6,0,0,12.13
34883,3488.3,6,0,0,12.11
34884,3488.4,6,1,0,11.45
34885,3488.5,6,0,0,11.43
34886,3488.6,5,1,0,11.7
34887,3488.7,5,0,0,11.71
34888,3488.8,5,0,0,11.66
34889,3488.9,5,0,0,11.63
34890,3489,5,0,0,11.65
34891,3489.1,5,0,0,11.65
34892,3489.2,5,0,0,11.63
34893,3489.3,5,0,0,11.6
34894,3489.4,5,0,0,11.61
34895,3489.5,4,1,0,11.02
34896,3489.6,5,0,0,11.47
34897,3489.7,5,0,0,11.43
34898,3489.8,5,0,0,11.44
34899,3489.9,5,0,0,11.43
34900,3490,5,0,0,11.41
34901,3490.1,5,0,0,11.4
34902,3490.2,6,0,0,11.54
34903,3490.3,6,0,0,11.55
34904,3490.4,6,0,0,11.48
34905,3490.5,6,0,0,11.51
34906,3490.6,7,0,0,11.68
34907,3490.7,7,0,0,11.68
34908,3490.8,7,0,0,11.68
34909,3490.9,7,0,0,11.67
34910,3491,7,0,0,11.67
34911,3491.1,7,0,0,11.69
34912,3491.2,6,1,0,11.47
34913,3491.3,6,0,0,11.48
34914,3491.4,6,0,0,11.46
34915,3491.5,6,0,0,11.45
34916,3491.6,6,0,0,11.43
34917,3491.7,6,0,0,11.4
34918,3491.8,6,0,0,11.42
34919,3491.9,6,0,0,11.42
34920,3492,6,0,0,11.41
34921,3492.1,5,1,0,11.49
34922,3492.2,5,0,0,11.51
34923,3492.3,5,0,0,11.51
34924,3492.4,5,0,0,11.57
34925,3492.5,5,0,0,11.57
34926,3492.6,5,0,0,11.66
34927,3492.7,5,0,0,11.65
34928,3492.8,5,0,0,11.69
34929,3492.9,5,0,0,11.75
34930,3493,5,0,0,11.8
34931,3493.1,6,0,0,12.15
34932,3493.2,5,1,0,11.94
34933,3493.3,6,0,0,12.3
34934,3493.4,7,0,0,12.48
34935,3493.5,7,0,0,12.5
34936,3493.6,7,0,0,12.5
34937,3493.7,6,1,0,12.25
34938,3493.8,6,0,0,12.23
34939,3493.9,6,0,0,12.27
34940,3494,5,1,0,11.97
34941,3494.1,5,0,0,11.95
34942,3494.2,5,0,0,11.99
34943,3494.3,5,0,0,11.96
34944,3494.4,5,0,0,11.95
34945,3494.5,5,0,0,11.97
34946,3494.6,5,0,0,11.98
34947,3494.7,5,0,0,11.97
34948,3494.8,5,0,0,11.97
34949,3494.9,5,0,0,11.97
34950,3495,5,0,0,11.96
34951,3495.1,5,0,0,11.94
34952,3495.2,5,0,0,12
34953,3495.3,5,0,0,11.95
34954,3495.4,5,0,0,11.92
34955,3495.5,5,0,0,11.9
34956,3495.6,5,0,0,11.9
34957,3495.7,5,0,0,11.92
34958,3495.8,5,0,0,11.91
34959,3495.9,5,0,0,11.89
34960,3496,5,0,0,11.88
34961,3496.1,5,0,0,11.85
34962,3496.2,5,0,0,11.86
34963,3496.3,6,0,0,12.2
34964,3496.4,6,0,0,12.14
34965,3496.5,7,0,0,12.42
34966,3496.6,6,1,0,12.17
34967,3496.7,7,0,0,12.31
34968,3496.8,7,0,0,12.27
34969,3496.9,6,1,0,12.03
34970,3497,6,0,0,12.01
34971,3497.1,5,1,0,12.42
34972,3497.2,5,0,0,12.43
34973,3497.3,5,0,0,12.49
34974,3497.4,5,0,0,12.57
34975,3497.5,5,0,0,12.64
34976,3497.6,5,0,0,12.68
34977,3497.7,5,0,0,12.77
34978,3497.8,5,0,0,12.84
34979,3497.9,5,0,0,12.93
34980,3498,5,0,0,12.97
34981,3498.1,5,0,0,13
34982,3498.2,5,0,0,13.05
34983,3498.3,5,0,0,13.08
34984,3498.4,5,0,0,13.14
34985,3498.5,5,0,0,13.17
34986,3498.6,5,0,0,13.19
34987,3498.7,5,0,0,13.23
34988,3498.8,5,0,0,13.24
34989,3498.9,5,0,0,13.22
34990,3499,4,1,0,13.23
34991,3499.1,5,0,0,13.39
34992,3499.2,5,0,0,13.39
34993,3499.3,5,0,0,13.39
34994,3499.4,5,0,0,13.38
34995,3499.5,5,0,0,13.37
34996,3499.6,6,0,0,13.31
34997,3499.7,5,1,0,13.12
34998,3499.8,5,0,0,13.14
34999,3499.9,5,0,0,13.11
35000,3500,5,0,0,13.11
35001,3500.1,5,0,0,13.13
35002,3500.2,6,0,0,13.26
35003,3500.3,6,0,0,13.24
35004,3500.4,5,1,0,13.29
35005,3500.5,5,0,0,13.31
35006,3500.6,5,0,0,13.28
35007,3500.7,5,0,0,13.25
35008,3500.8,4,1,0,13.54
35009,3500.9,4,0,0,13.58
35010,3501,4,0,0,13.65
35011,3501.1,4,0,0,13.67
35012,3501.2,4,0,0,13.7
35013,3501.3,4,0,0,13.65
35014,3501.4,4,0,0,13.7
35015,3501.5,4,0,0,13.69
35016,3501.6,4,0,0,13.7
35017,3501.7,4,0,0,13.69
35018,3501.8,4,0,0,13.66
35019,3501.9,5,0,0,13.43
35020,3502,5,0,0,13.44
35021,3502.1,5,0,0,13.41
35022,3502.2,5,0,0,13.43
35023,3502.3,5,0,0,13.4
35024,3502.4,5,0,0,13.42
35025,3502.5,3,2,0,13.62
35026,3502.6,3,0,0,13.58
35027,3502.7,3,0,0,13.6
35028,3502.8,4,0,0,12.87
35029,3502.9,4,0,0,12.81
35030,3503,4,0,0,12.86
35031,3503.1,4,0,0,12.87
35032,3503.2,4,0,0,12.83
35033,3503.3,4,0,0,12.83
35034,3503.4,4,0,0,12.87
35035,3503.5,4,0,0,12.81
35036,3503.6,4,0,0,12.85
35037,3503.7,3,1,0,12.44
35038,3503.8,4,0,0,12.86
35039,3503.9,4,0,0,12.86
35040,3504,4,0,0,12.84
35041,3504.1,5,0,0,12.29
35042,3504.2,5,0,0,12.28
35043,3504.3,4,1,0,12.84
35044,3504.4,4,0,0,12.84
35045,3504.5,4,0,0,12.83
35046,3504.6,4,0,0,12.84
35047,3504.7,5,0,0,13.07
35048,3504.8,5,0,0,13.08
35049,3504.9,5,0,0,13.07
35050,3505,5,0,0,13.09
35051,3505.1,5,0,0,13.07
35052,3505.2,5,0,0,13.07
35053,3505.3,4,1,0,12.86
35054,3505.4,4,0,0,12.89
35055,3505.5,4,0,0,12.83
35056,3505.6,4,0,0,12.84
35057,3505.7,3,1,0,12.46
35058,3505.8,3,0,0,12.47
35059,3505.9,4,0,0,12.87
35060,3506,4,0,0,12.83
35061,3506.1,4,0,0,12.83
35062,3506.2,4,0,0,12.86
35063,3506.3,4,0,0,12.84
35064,3506.4,4,0,0,12.83
35065,3506.5,4,0,0,12.88
35066,3506.6,4,0,0,12.86
35067,3506.7,4,0,0,12.85
35068,3506.8,4,0,0,12.86
35069,3506.9,4,0,0,12.84
35070,3507,4,0,0,12.8
35071,3507.1,4,0,0,12.79
35072,3507.2,4,0,0,12.75
35073,3507.3,3,1,0,12.33
35074,3507.4,4,0,0,12.47
35075,3507.5,4,0,0,12.43
35076,3507.6,5,0,0,12.7
35077,3507.7,5,0,0,12.73
35078,3507.8,5,0,0,12.72
35079,3507.9,6,0,0,12.21
35080,3508,6,0,0,12.21
35081,3508.1,6,0,0,12.2
35082,3508.2,5,1,0,11.85
35083,3508.3,5,0,0,11.83
35084,3508.4,5,0,0,11.84
35085,3508.5,5,0,0,11.8
35086,3508.6,5,0,0,11.82
35087,3508.7,5,0,0,11.82
35088,3508.8,5,0,0,11.8
35089,3508.9,5,0,0,11.78
35090,3509,5,0,0,11.78
35091,3509.1,6,0,0,11.18
35092,3509.2,6,0,0,11.15
35093,3509.3,6,0,0,11.14
35094,3509.4,6,0,0,11.16
35095,3509.5,5,1,0,10.82
35096,3509.6,5,0,0,10.84
35097,3509.7,5,0,0,10.77
35098,3509.8,5,0,0,10.79
35099,3509.9,5,0,0,10.82
35100,3510,5,0,0,10.81
35101,3510.1,5,0,0,10.82
35102,3510.2,5,0,0,10.82
35103,3510.3,5,0,0,10.82
35104,3510.4,6,0,0,11.03
35105,3510.5,6,0,0,11.03
35106,3510.6,6,0,0,11
35107,3510.7,6,0,0,10.99
35108,3510.8,6,0,0,11
35109,3510.9,7,0,0,11.44
35110,3511,6,1,0,11.34
35111,3511.1,5,1,0,11.02
35112,3511.2,5,0,0,11.03
35113,3511.3,5,0,0,11.04
35114,3511.4,5,0,0,11.01
35115,3511.5,5,0,0,11.01
35116,3511.6,5,0,0,11.02
35117,3511.7,5,0,0,11.01
35118,3511.8,5,0,0,11.05
35119,3511.9,5,0,0,11.03
35120,3512,5,0,0,11.03
35121,3512.1,5,0,0,11.03
35122,3512.2,6,0,0,11.29
35123,3512.3,6,0,0,11.28
35124,3512.4,6,0,0,11.29
35125,3512.5,6,0,0,11.27
35126,3512.6,6,0,0,11.23
35127,3512.7,6,0,0,11.23
35128,3512.8,6,0,0,11.22
35129,3512.9,6,0,0,11.19
35130,3513,6,0,0,11.17
35131,3513.1,6,0,0,11.19
35132,3513.2,7,0,0,11.61
35133,3513.3,7,0,0,11.58
35134,3513.4,7,0,0,11.54
35135,3513.5,7,0,0,11.56
35136,3513.6,7,0,0,11.53
35137,3513.7,7,0,0,11.54
35138,3513.8,6,1,0,11.13
35139,3513.9,6,0,0,11.11
35140,3514,6,0,0,11.08
35141,3514.1,6,0,0,11.09
35142,3514.2,6,0,0,11.12
35143,3514.3,6,0,0,11.08
35144,3514.4,5,1,0,10.5
35145,3514.5,6,0,0,10.88
35146,3514.6,6,0,0,10.86
35147,3514.7,6,0,0,10.87
35148,3514.8,6,0,0,10.86
35149,3514.9,5,1,0,10.91
35150,3515,5,0,0,10.93
35151,3515.1,5,0,0,10.97
35152,3515.2,5,0,0,11.01
35153,3515.3,6,0,0,11.2
35154,3515.4,6,0,0,11.23
35155,3515.5,6,0,0,11.25
35156,3515.6,6,0,0,11.28
35157,3515.7,6,0,0,11.31
35158,3515.8,6,0,0,11.33
35159,3515.9,6,0,0,11.39
35160,3516,7,0,0,11.6
35161,3516.1,7,0,0,11.62
35162,3516.2,7,0,0,11.62
35163,3516.3,7,0,0,11.65
35164,3516.4,6,1,0,11.33
35165,3516.5,6,0,0,11.35
35166,3516.6,5,1,0,11.06
35167,3516.7,5,0,0,11.06
35168,3516.8,5,0,0,11.05
35169,3516.9,5,0,0,11.07
35170,3517,5,0,0,11.05
35171,3517.1,5,0,0,11.02
35172,3517.2,5,0,0,11.04
35173,3517.3,5,0,0,11.02
35174,3517.4,5,0,0,11.04
35175,3517.5,5,0,0,11.02
35176,3517.6,5,0,0,11.01
35177,3517.7,5,0,0,11.04
35178,3517.8,5,0,0,11.03
35179,3517.9,5,0,0,11.01
35180,3518,6,0,0,11.52
35181,3518.1,6,0,0,11.48
35182,3518.2,6,0,0,11.51
35183,3518.3,5,1,0,11.25
35184,3518.4,5,0,0,11.26
35185,3518.5,6,0,0,11.69
35186,3518.6,6,0,0,11.72
35187,3518.7,6,0,0,11.69
35188,3518.8,6,0,0,11.68
35189,3518.9,8,0,0,11.71
35190,3519,8,0,0,11.72
35191,3519.1,8,0,0,11.74
35192,3519.2,8,0,0,11.75
35193,3519.3,8,0,0,11.76
35194,3519.4,8,0,0,11.73
35195,3519.5,7,1,0,11.44
35196,3519.6,7,0,0,11.44
35197,3519.7,7,0,0,11.44
35198,3519.8,7,0,0,11.43
35199,3519.9,7,0,0,11.46
35200,3520,7,0,0,11.42
35201,3520.1,7,1,0,11.42
35202,3520.2,7,0,0,11.44
35203,3520.3,6,1,0,11.74
35204,3520.4,6,0,0,11.79
35205,3520.5,6,0,0,11.84
35206,3520.6,6,0,0,11.89
35207,3520.7,6,0,0,11.94
35208,3520.8,6,0,0,11.95
35209,3520.9,6,0,0,12.05
35210,3521,6,0,0,12.11
35211,3521.1,6,0,0,12.19
35212,3521.2,6,0,0,12.24
35213,3521.3,6,0,0,12.29
35214,3521.4,6,0,0,12.36
35215,3521.5,5,1,0,12.14
35216,3521.6,7,0,0,12.55
35217,3521.7,8,0,0,12.75
35218,3521.8,8,0,0,12.75
35219,3521.9,8,0,0,12.83
35220,3522,8,0,0,12.88
35221,3522.1,7,1,0,12.78
35222,3522.2,7,0,0,12.79
35223,3522.3,6,1,0,12.64
35224,3522.4,6,0,0,12.67
35225,3522.5,6,0,0,12.66
35226,3522.6,6,0,0,12.66
35227,3522.7,6,0,0,12.66
35228,3522.8,6,0,0,12.65
35229,3522.9,6,0,0,12.63
35230,3523,6,0,0,12.64
35231,3523.1,6,0,0,12.63
35232,3523.2,5,1,0,13.11
35233,3523.3,5,0,0,13.16
35234,3523.4,4,1,0,13.03
35235,3523.5,4,0,0,13.07
35236,3523.6,4,0,0,13.14
35237,3523.7,4,0,0,13.18
35238,3523.8,4,0,0,13.26
35239,3523.9,4,0,0,13.3
35240,3524,4,0,0,13.34
35241,3524.1,4,0,0,13.41
35242,3524.2,4,0,0,13.44
35243,3524.3,4,0,0,13.46
35244,3524.4,4,0,0,13.48
35245,3524.5,5,0,0,13.56
35246,3524.6,5,0,0,13.52
35247,3524.7,5,0,0,13.57
35248,3524.8,6,0,0,13.61
35249,3524.9,6,0,0,13.63
35250,3525,6,0,0,13.61
35251,3525.1,6,1,0,13.24
35252,3525.2,6,0,0,13.2
35253,3525.3,5,1,0,13.07
35254,3525.4,5,0,0,13.05
35255,3525.5,5,0,0,13.05
35256,3525.6,5,0,0,13.05
35257,3525.7,5,0,0,13.02
35258,3525.8,5,0,0,13.01
35259,3525.9,4,1,0,13.24
35260,3526,4,0,0,13.28
35261,3526.1,4,0,0,13.33
35262,3526.2,4,0,0,13.35
35263,3526.3,4,0,0,13.32
35264,3526.4,4,0,0,13.33
35265,3526.5,4,0,0,13.32
35266,3526.6,4,0,0,13.34
35267,3526.7,4,0,0,13.32
35268,3526.8,4,0,0,13.32
35269,3526.9,4,0,0,13.35
35270,3527,4,0,0,13.33
35271,3527.1,4,0,0,13.33
35272,3527.2,4,0,0,13.32
35273,3527.3,5,0,0,13.43
35274,3527.4,5,0,0,13.45
35275,3527.5,5,0,0,13.44
35276,3527.6,5,0,0,13.45
35277,3527.7,4,1,0,13.36
35278,3527.8,4,0,0,13.36
35279,3527.9,4,1,0,13.26
35280,3528,4,0,0,13.22
35281,3528.1,4,0,0,13.25
35282,3528.2,4,0,0,13.27
35283,3528.3,4,0,0,13.2
35284,3528.4,4,0,0,13.25
35285,3528.5,4,0,0,13.24
35286,3528.6,4,0,0,13.25
35287,3528.7,5,0,0,13.26
35288,3528.8,5,0,0,13.26
35289,3528.9,5,0,0,13.24
35290,3529,5,0,0,13.26
35291,3529.1,5,0,0,13.21
35292,3529.2,5,0,0,13.25
35293,3529.3,4,1,0,13.68
35294,3529.4,4,0,0,13.68
35295,3529.5,4,0,0,13.69
35296,3529.6,4,0,0,13.66
35297,3529.7,4,0,0,13.66
35298,3529.8,4,0,0,13.67
35299,3529.9,4,0,0,13.65
35300,3530,4,0,0,13.7
35301,3530.1,5,0,0,13.59
35302,3530.2,5,0,0,13.56
35303,3530.3,5,0,0,13.57
35304,3530.4,5,0,0,13.58
35305,3530.5,5,0,0,13.57
35306,3530.6,5,0,0,13.57
35307,3530.7,4,1,0,13.67
35308,3530.8,3,1,0,13.57
35309,3530.9,4,0,0,12.69
35310,3531,4,0,0,12.68
35311,3531.1,4,0,0,12.71
35312,3531.2,4,0,0,12.7
35313,3531.3,4,0,0,12.69
35314,3531.4,4,0,0,12.67
35315,3531.5,4,0,0,12.66
35316,3531.6,4,0,0,12.66
35317,3531.7,5,0,0,11.48
35318,3531.8,5,0,0,11.46
35319,3531.9,5,0,0,11.49
35320,3532,5,0,0,11.53
35321,3532.1,5,0,0,11.56
35322,3532.2,5,0,0,11.59
35323,3532.3,5,1,0,11.75
35324,3532.4,5,0,0,11.76
35325,3532.5,5,0,0,11.79
35326,3532.6,5,0,0,11.81
35327,3532.7,5,0,0,11.8
35328,3532.8,5,0,0,11.82
35329,3532.9,5,0,0,11.85
35330,3533,6,0,0,12.08
35331,3533.1,6,0,0,12.12
35332,3533.2,6,0,0,12.11
35333,3533.3,6,0,0,12.13
35334,3533.4,6,0,0,12.14
35335,3533.5,6,0,0,12.14
35336,3533.6,5,1,0,11.94
35337,3533.7,5,0,0,11.95
35338,3533.8,5,0,0,11.98
35339,3533.9,5,0,0,12
35340,3534,4,1,0,11.53
35341,3534.1,4,0,0,11.53
35342,3534.2,5,0,0,11.24
35343,3534.3,5,0,0,11.2
35344,3534.4,5,0,0,11.21
35345,3534.5,5,0,0,11.22
35346,3534.6,5,0,0,11.21
35347,3534.7,5,0,0,11.24
35348,3534.8,5,0,0,11.24
35349,3534.9,5,0,0,11.26
35350,3535,5,0,0,11.23
35351,3535.1,5,0,0,11.23
35352,3535.2,5,0,0,11.24
35353,3535.3,5,0,0,11.27
35354,3535.4,5,0,0,11.28
35355,3535.5,5,0,0,11.29
35356,3535.6,5,0,0,11.26
35357,3535.7,5,0,0,11.27
35358,3535.8,6,1,0,11.46
35359,3535.9,6,0,0,11.44
35360,3536,6,0,0,11.47
35361,3536.1,6,0,0,11.44
35362,3536.2,6,0,0,11.43
35363,3536.3,6,0,0,11.44
35364,3536.4,6,1,0,10.97
35365,3536.5,6,0,0,10.99
35366,3536.6,5,1,0,11.2
35367,3536.7,5,0,0,11.2
35368,3536.8,5,0,0,11.19
35369,3536.9,5,0,0,11.21
35370,3537,5,0,0,11.22
35371,3537.1,5,0,0,11.24
35372,3537.2,5,0,0,11.24
35373,3537.3,4,1,0,10.66
35374,3537.4,5,0,0,10.82
35375,3537.5,5,0,0,10.79
35376,3537.6,5,0,0,10.8
35377,3537.7,5,0,0,10.79
35378,3537.8,5,0,0,10.79
35379,3537.9,5,0,0,10.82
35380,3538,5,0,0,10.84
35381,3538.1,5,0,0,10.8
35382,3538.2,5,0,0,10.8
35383,3538.3,5,0,0,10.83
35384,3538.4,5,0,0,10.79
35385,3538.5,5,0,0,10.82
35386,3538.6,6,0,0,11.22
35387,3538.7,6,0,0,11.2
35388,3538.8,6,0,0,11.2
35389,3538.9,6,0,0,11.21
35390,3539,6,0,0,11.22
35391,3539.1,6,0,0,11.22
35392,3539.2,5,1,0,10.83
35393,3539.3,5,0,0,10.83
35394,3539.4,5,1,0,10.97
35395,3539.5,5,0,0,10.95
35396,3539.6,5,0,0,10.99
35397,3539.7,5,0,0,10.95
35398,3539.8,5,0,0,10.95
35399,3539.9,5,0,0,10.95
35400,3540,5,0,0,10.97
35401,3540.1,5,0,0,10.95
35402,3540.2,5,0,0,10.98
35403,3540.3,5,0,0,10.96
35404,3540.4,5,0,0,10.98
35405,3540.5,6,0,0,11.31
35406,3540.6,6,0,0,11.29
35407,3540.7,6,0,0,11.3
35408,3540.8,6,0,0,11.33
35409,3540.9,6,0,0,11.32
35410,3541,6,0,0,11.29
35411,3541.1,6,0,0,11.31
35412,3541.2,6,0,0,11.31
35413,3541.3,6,0,0,11.31
35414,3541.4,7,0,0,11.67
35415,3541.5,7,0,0,11.69
35416,3541.6,7,0,0,11.68
35417,3541.7,7,0,0,11.69
35418,3541.8,7,0,0,11.7
35419,3541.9,7,0,0,11.67
35420,3542,6,1,0,11.31
35421,3542.1,6,0,0,11.32
35422,3542.2,6,0,0,11.3
35423,3542.3,6,0,0,11.33
35424,3542.4,6,0,0,11.32
35425,3542.5,6,0,0,11.33
35426,3542.6,6,0,0,11.33
35427,3542.7,6,0,0,11.32
35428,3542.8,6,0,0,11.31
35429,3542.9,6,1,0,11.31
35430,3543,6,0,0,11.33
35431,3543.1,5,1,0,11.55
35432,3543.2,5,0,0,11.63
35433,3543.3,5,0,0,11.71
35434,3543.4,5,0,0,11.77
35435,3543.5,5,0,0,11.84
35436,3543.6,5,0,0,11.9
35437,3543.7,6,0,0,12.33
35438,3543.8,6,0,0,12.38
35439,3543.9,6,0,0,12.46
35440,3544,6,0,0,12.51
35441,3544.1,6,0,0,12.52
35442,3544.2,6,0,0,12.58
35443,3544.3,7,0,0,12.69
35444,3544.4,7,0,0,12.73
35445,3544.5,7,0,0,12.75
35446,3544.6,7,0,0,12.81
35447,3544.7,7,0,0,12.88
35448,3544.8,7,0,0,12.93
35449,3544.9,6,1,0,12.95
35450,3545,5,1,0,12.92
35451,3545.1,5,0,0,12.97
35452,3545.2,5,0,0,13.03
35453,3545.3,5,0,0,13.01
35454,3545.4,5,0,0,13.06
35455,3545.5,5,0,0,13.11
35456,3545.6,5,0,0,13.14
35457,3545.7,5,0,0,13.2
35458,3545.8,5,0,0,13.21
35459,3545.9,5,0,0,13.18
35460,3546,5,0,0,13.18
35461,3546.1,5,0,0,13.22
35462,3546.2,5,0,0,13.21
35463,3546.3,5,0,0,13.21
35464,3546.4,3,2,0,12.74
35465,3546.5,4,0,0,13.04
35466,3546.6,4,0,0,13
35467,3546.7,4,0,0,13.01
35468,3546.8,5,0,0,12.77
35469,3546.9,5,0,0,12.79
35470,3547,5,0,0,12.79
35471,3547.1,6,0,0,12.97
35472,3547.2,6,0,0,12.97
35473,3547.3,6,0,0,12.98
35474,3547.4,6,0,0,12.97
35475,3547.5,6,0,0,12.95
35476,3547.6,6,0,0,12.98
35477,3547.7,5,1,0,12.75
35478,3547.8,5,0,0,12.77
35479,3547.9,5,0,0,12.77
35480,3548,5,0,0,12.72
35481,3548.1,5,0,0,12.73
35482,3548.2,5,0,0,12.72
35483,3548.3,5,0,0,12.72
35484,3548.4,5,0,0,12.71
35485,3548.5,5,0,0,12.69
35486,3548.6,5,0,0,12.71
35487,3548.7,4,1,0,13.06
35488,3548.8,4,0,0,13.07
35489,3548.9,4,0,0,13.13
35490,3549,4,0,0,13.16
35491,3549.1,4,0,0,13.14
35492,3549.2,4,0,0,13.16
35493,3549.3,4,0,0,13.16
35494,3549.4,4,0,0,13.16
35495,3549.5,4,0,0,13.1
35496,3549.6,4,0,0,13.14
35497,3549.7,4,0,0,13.11
35498,3549.8,4,0,0,13.17
35499,3549.9,5,0,0,12.66
35500,3550,6,1,0,12.7
35501,3550.1,6,0,0,12.67
35502,3550.2,6,0,0,12.64
35503,3550.3,6,0,0,12.7
35504,3550.4,5,1,0,12.64
35505,3550.5,5,0,0,12.6
35506,3550.6,4,1,0,13.1
35507,3550.7,4,0,0,13.11
35508,3550.8,4,0,0,13.08
35509,3550.9,4,0,0,13.1
35510,3551,4,0,0,13.08
35511,3551.1,4,0,0,13.09
35512,3551.2,4,0,0,13.1
35513,3551.3,4,0,0,13.09
35514,3551.4,4,0,0,13.11
35515,3551.5,4,0,0,13.07
35516,3551.6,4,0,0,13.11
35517,3551.7,4,0,0,13.1
35518,3551.8,4,0,0,13.08
35519,3551.9,4,0,0,13.07
35520,3552,4,0,0,13.12
35521,3552.1,5,0,0,12.48
35522,3552.2,5,0,0,12.45
35523,3552.3,4,1,0,13.12
35524,3552.4,4,0,0,13.09
35525,3552.5,4,0,0,13.12
35526,3552.6,4,0,0,13.11
35527,3552.7,5,0,0,13.07
35528,3552.8,5,0,0,13.07
35529,3552.9,4,1,0,12.86
35530,3553,4,0,0,12.81
35531,3553.1,5,0,0,13.07
35532,3553.2,5,0,0,13.05
35533,3553.3,4,1,0,13.09
35534,3553.4,4,0,0,13.09
35535,3553.5,3,1,0,12.8
35536,3553.6,4,0,0,12.83
35537,3553.7,4,0,0,12.81
35538,3553.8,4,0,0,12.8
35539,3553.9,4,0,0,12.81
35540,3554,5,0,0,12.18
35541,3554.1,5,0,0,12.2
35542,3554.2,5,0,0,12.22
35543,3554.3,5,0,0,12.22
35544,3554.4,5,0,0,12.22
35545,3554.5,5,0,0,12.24
35546,3554.6,5,0,0,12.25
35547,3554.7,5,0,0,12.24
35548,3554.8,5,0,0,12.23
35549,3554.9,5,0,0,12.24
35550,3555,5,0,0,12.24
35551,3555.1,5,0,0,12.25
35552,3555.2,5,0,0,12.27
35553,3555.3,5,0,0,12.24
35554,3555.4,5,0,0,12.26
35555,3555.5,5,0,0,12.26
35556,3555.6,6,0,0,12.54
35557,3555.7,6,0,0,12.51
35558,3555.8,6,0,0,12.53
35559,3555.9,6,0,0,12.51
35560,3556,6,0,0,12.52
35561,3556.1,6,0,0,12.53
35562,3556.2,5,1,0,12.28
35563,3556.3,6,0,0,12.15
35564,3556.4,6,0,0,12.14
35565,3556.5,6,0,0,12.15
35566,3556.6,6,0,0,12.13
35567,3556.7,6,0,0,12.11
35568,3556.8,6,0,0,12.12
35569,3556.9,6,0,0,12.11
35570,3557,6,0,0,12.09
35571,3557.1,7,0,0,12.37
35572,3557.2,7,0,0,12.34
35573,3557.3,7,0,0,12.34
35574,3557.4,6,1,0,12.28
35575,3557.5,6,0,0,12.28
35576,3557.6,5,1,0,12.33
35577,3557.7,5,0,0,12.35
35578,3557.8,5,0,0,12.36
35579,3557.9,5,0,0,12.32
35580,3558,5,0,0,12.3
35581,3558.1,5,0,0,12.33
35582,3558.2,5,0,0,12.29
35583,3558.3,5,0,0,12.32
35584,3558.4,6,0,0,12.6
35585,3558.5,6,0,0,12.58
35586,3558.6,6,0,0,12.59
35587,3558.7,6,0,0,12.56
35588,3558.8,6,0,0,12.57
35589,3558.9,6,0,0,12.53
35590,3559,5,1,0,12.28
35591,3559.1,5,0,0,12.28
35592,3559.2,6,0,0,11.88
35593,3559.3,6,0,0,11.87
35594,3559.4,7,0,0,12.18
35595,3559.5,7,0,0,12.17
35596,3559.6,7,0,0,12.14
35597,3559.7,7,0,0,12.14
35598,3559.8,7,0,0,12.15
35599,3559.9,7,0,0,12.12
35600,3560,6,1,0,12.05
35601,3560.1,6,0,0,12.05
35602,3560.2,6,0,0,12.06
35603,3560.3,6,0,0,12.04
35604,3560.4,6,0,0,12.05
35605,3560.5,6,0,0,12.02
35606,3560.6,5,1,0,11.65
35607,3560.7,6,0,0,11.25
35608,3560.8,6,0,0,11.22
35609,3560.9,6,0,0,11.19
35610,3561,6,0,0,11.17
35611,3561.1,6,0,0,11.17
35612,3561.2,7,0,0,11.56
35613,3561.3,7,0,0,11.55
35614,3561.4,7,0,0,11.53
35615,3561.5,7,0,0,11.51
35616,3561.6,7,0,0,11.5
35617,3561.7,7,0,0,11.49
35618,3561.8,6,1,0,11.1
35619,3561.9,6,0,0,11.1
35620,3562,6,0,0,11.08
35621,3562.1,6,0,0,11.08
35622,3562.2,6,0,0,11.06
35623,3562.3,5,1,0,10.47
35624,3562.4,5,0,0,10.46
35625,3562.5,5,0,0,10.45
35626,3562.6,6,0,0,11.01
35627,3562.7,6,0,0,11.01
35628,3562.8,6,0,0,11.01
35629,3562.9,6,0,0,11
35630,3563,6,0,0,10.99
35631,3563.1,6,0,0,10.99
35632,3563.2,6,0,0,10.95
35633,3563.3,6,0,0,10.96
35634,3563.4,6,0,0,10.92
35635,3563.5,5,1,0,11.09
35636,3563.6,5,0,0,11.14
35637,3563.7,5,0,0,11.19
35638,3563.8,5,0,0,11.23
35639,3563.9,5,0,0,11.24
35640,3564,6,0,0,11.6
35641,3564.1,6,0,0,11.59
35642,3564.2,6,0,0,11.65
35643,3564.3,7,0,0,12
35644,3564.4,7,0,0,11.98
35645,3564.5,7,0,0,12.02
35646,3564.6,6,1,0,11.85
35647,3564.7,6,0,0,11.89
35648,3564.8,6,0,0,11.93
35649,3564.9,6,0,0,11.93
35650,3565,6,0,0,11.97
35651,3565.1,6,0,0,11.98
35652,3565.2,6,0,0,11.99
35653,3565.3,6,0,0,12
35654,3565.4,5,1,0,11.79
35655,3565.5,5,0,0,11.77
35656,3565.6,5,0,0,11.81
35657,3565.7,6,0,0,12
35658,3565.8,6,0,0,12.01
35659,3565.9,6,0,0,11.99
35660,3566,6,0,0,11.99
35661,3566.1,6,0,0,11.98
35662,3566.2,5,1,0,12.4
35663,3566.3,5,0,0,12.37
35664,3566.4,5,0,0,12.44
35665,3566.5,5,0,0,12.5
35666,3566.6,5,0,0,12.57
35667,3566.7,5,0,0,12.65
35668,3566.8,5,0,0,12.69
35669,3566.9,6,0,0,12.98
35670,3567,6,0,0,13.02
35671,3567.1,6,0,0,13.08
35672,3567.2,6,0,0,13.15
35673,3567.3,6,0,0,13.16
35674,3567.4,6,0,0,13.24
35675,3567.5,5,1,0,13.15
35676,3567.6,5,0,0,13.21
35677,3567.7,5,0,0,13.2
35678,3567.8,5,1,0,13.21
35679,3567.9,5,0,0,13.21
35680,3568,5,0,0,13.18
35681,3568.1,6,0,0,12.67
35682,3568.2,5,1,0,12.7
35683,3568.3,4,1,0,13.41
35684,3568.4,4,0,0,13.45
35685,3568.5,4,0,0,13.49
35686,3568.6,4,0,0,13.58
35687,3568.7,4,0,0,13.65
35688,3568.8,5,0,0,13.75
35689,3568.9,5,0,0,13.78
35690,3569,5,0,0,13.79
35691,3569.1,5,0,0,13.78
35692,3569.2,5,0,0,13.74
35693,3569.3,5,0,0,13.76
35694,3569.4,5,0,0,13.76
35695,3569.5,5,0,0,13.78
35696,3569.6,4,1,0,13.69
35697,3569.7,5,0,0,13.77
35698,3569.8,5,0,0,13.75
35699,3569.9,5,0,0,13.76
35700,3570,5,0,0,13.78
35701,3570.1,5,0,0,13.77
35702,3570.2,5,0,0,13.76
35703,3570.3,4,1,0,13.72
35704,3570.4,4,0,0,13.7
35705,3570.5,4,0,0,13.72
35706,3570.6,4,0,0,13.72
35707,3570.7,4,0,0,13.74
35708,3570.8,4,0,0,13.73
35709,3570.9,4,0,0,13.72
35710,3571,4,0,0,13.72
35711,3571.1,4,0,0,13.73
35712,3571.2,4,0,0,13.71
35713,3571.3,3,1,0,13.65
35714,3571.4,4,0,0,13.14
35715,3571.5,4,0,0,13.07
35716,3571.6,4,0,0,13.05
35717,3571.7,4,0,0,13.06
35718,3571.8,3,1,0,12.81
35719,3571.9,3,0,0,12.82
35720,3572,4,0,0,13.11
35721,3572.1,4,0,0,13.09
35722,3572.2,4,0,0,13.08
35723,3572.3,4,0,0,13.09
35724,3572.4,4,0,0,13.09
35725,3572.5,5,0,0,12.97
35726,3572.6,5,0,0,12.95
35727,3572.7,5,0,0,12.92
35728,3572.8,5,0,0,12.91
35729,3572.9,5,0,0,12.93
35730,3573,5,0,0,12.93
35731,3573.1,4,1,0,13.09
35732,3573.2,4,0,0,13.1
35733,3573.3,4,0,0,13.11
35734,3573.4,4,0,0,13.07
35735,3573.5,4,0,0,13.12
35736,3573.6,4,0,0,13.09
35737,3573.7,4,0,0,13.06
35738,3573.8,4,0,0,13.11
35739,3573.9,4,0,0,13.1
35740,3574,4,0,0,13.07
35741,3574.1,4,0,0,13.11
35742,3574.2,4,0,0,13.1
35743,3574.3,4,0,0,13.06
35744,3574.4,4,0,0,13.13
35745,3574.5,4,0,0,13.13
35746,3574.6,4,0,0,13.09
35747,3574.7,4,0,0,13.11
35748,3574.8,4,0,0,13.08
35749,3574.9,5,0,0,13.04
35750,3575,5,0,0,13.02
35751,3575.1,6,0,0,13.05
35752,3575.2,6,0,0,13
35753,3575.3,7,0,0,13.14
35754,3575.4,7,0,0,13.11
35755,3575.5,6,1,0,13.14
35756,3575.6,5,1,0,13.5
35757,3575.7,5,0,0,13.46
35758,3575.8,5,0,0,13.52
35759,3575.9,4,1,0,13.37
35760,3576,4,0,0,13.42
35761,3576.1,4,0,0,13.38
35762,3576.2,4,0,0,13.35
35763,3576.3,4,0,0,13.4
35764,3576.4,4,0,0,13.37
35765,3576.5,4,0,0,13.38
35766,3576.6,4,0,0,13.4
35767,3576.7,4,0,0,13.38
35768,3576.8,4,0,0,13.39
35769,3576.9,4,0,0,13.37
35770,3577,4,0,0,13.4
35771,3577.1,5,0,0,12.7
35772,3577.2,5,0,0,12.71
35773,3577.3,5,0,0,12.68
35774,3577.4,5,0,0,12.69
35775,3577.5,5,0,0,12.71
35776,3577.6,5,0,0,12.71
35777,3577.7,5,0,0,12.71
35778,3577.8,5,0,0,12.72
35779,3577.9,5,0,0,12.71
35780,3578,4,1,0,12.38
35781,3578.1,4,0,0,12.38
35782,3578.2,5,0,0,12.71
35783,3578.3,6,0,0,11.97
35784,3578.4,6,0,0,11.93
35785,3578.5,7,0,0,12.25
35786,3578.6,7,0,0,12.25
35787,3578.7,6,1,0,12.15
35788,3578.8,5,1,0,11.86
35789,3578.9,5,0,0,11.83
35790,3579,5,0,0,11.86
35791,3579.1,5,0,0,11.85
35792,3579.2,5,0,0,11.85
35793,3579.3,5,0,0,11.87
35794,3579.4,5,0,0,11.92
35795,3579.5,5,0,0,11.88
35796,3579.6,5,0,0,11.92
35797,3579.7,5,0,0,11.91
35798,3579.8,5,0,0,11.95
35799,3579.9,5,0,0,11.92
35800,3580,5,0,0,11.91
35801,3580.1,5,0,0,11.98
35802,3580.2,5,0,0,11.96
35803,3580.3,5,0,0,11.99
35804,3580.4,5,0,0,11.97
35805,3580.5,5,0,0,11.97
35806,3580.6,5,0,0,11.99
35807,3580.7,5,0,0,11.99
35808,3580.8,5,0,0,11.97
35809,3580.9,5,0,0,11.98
35810,3581,6,0,0,11.97
35811,3581.1,6,0,0,11.96
35812,3581.2,5,1,0,11.57
35813,3581.3,5,0,0,11.58
35814,3581.4,6,0,0,11.76
35815,3581.5,6,0,0,11.78
35816,3581.6,6,0,0,11.75
35817,3581.7,5,1,0,11.71
35818,3581.8,5,0,0,11.73
35819,3581.9,5,0,0,11.71
35820,3582,5,1,0,11.71
35821,3582.1,5,0,0,11.68
35822,3582.2,5,0,0,11.69
35823,3582.3,5,0,0,11.67
35824,3582.4,5,0,0,11.69
35825,3582.5,5,0,0,11.66
35826,3582.6,5,0,0,11.64
35827,3582.7,5,0,0,11.66
35828,3582.8,5,0,0,11.65
35829,3582.9,5,0,0,11.62
35830,3583,5,0,0,11.64
35831,3583.1,5,0,0,11.61
35832,3583.2,5,0,0,11.6
35833,3583.3,5,0,0,11.63
35834,3583.4,5,0,0,11.6
35835,3583.5,5,0,0,11.61
35836,3583.6,5,0,0,11.63
35837,3583.7,5,0,0,11.56
35838,3583.8,6,0,0,11.88
35839,3583.9,6,0,0,11.86
35840,3584,6,0,0,11.85
35841,3584.1,6,0,0,11.83
35842,3584.2,6,0,0,11.86
35843,3584.3,6,0,0,11.86
35844,3584.4,6,1,0,11.31
35845,3584.5,6,0,0,11.29
35846,3584.6,6,1,0,11.96
35847,3584.7,6,0,0,11.93
35848,3584.8,6,0,0,11.94
35849,3584.9,5,1,0,11.71
35850,3585,5,0,0,11.72
35851,3585.1,5,0,0,11.69
35852,3585.2,5,0,0,11.69
35853,3585.3,5,0,0,11.68
35854,3585.4,5,0,0,11.7
35855,3585.5,4,1,0,11.13
35856,3585.6,5,0,0,11.68
35857,3585.7,5,0,0,11.66
35858,3585.8,5,0,0,11.63
35859,3585.9,5,0,0,11.64
35860,3586,5,0,0,11.63
35861,3586.1,5,0,0,11.64
35862,3586.2,5,0,0,11.63
35863,3586.3,5,0,0,11.67
35864,3586.4,5,0,0,11.6
35865,3586.5,5,0,0,11.64
35866,3586.6,6,0,0,11.74
35867,3586.7,6,0,0,11.73
35868,3586.8,6,0,0,11.71
35869,3586.9,6,0,0,11.71
35870,3587,6,0,0,11.7
35871,3587.1,6,0,0,11.66
35872,3587.2,5,1,0,11.54
35873,3587.3,5,0,0,11.52
35874,3587.4,5,0,0,11.52
35875,3587.5,5,0,0,11.46
35876,3587.6,5,0,0,11.44
35877,3587.7,6,0,0,11.69
35878,3587.8,6,0,0,11.68
35879,3587.9,6,0,0,11.68
35880,3588,6,0,0,11.65
35881,3588.1,6,0,0,11.65
35882,3588.2,6,0,0,11.64
35883,3588.3,6,0,0,11.63
35884,3588.4,6,0,0,11.6
35885,3588.5,6,0,0,11.59
35886,3588.6,6,0,0,11.6
35887,3588.7,6,0,0,11.54
35888,3588.8,6,0,0,11.56
35889,3588.9,6,0,0,11.54
35890,3589,6,0,0,11.54
35891,3589.1,5,1,0,11.05
35892,3589.2,6,0,0,11.55
35893,3589.3,5,1,0,11.82
35894,3589.4,5,0,0,11.85
35895,3589.5,6,0,0,12.22
35896,3589.6,6,0,0,12.24
35897,3589.7,6,0,0,12.31
35898,3589.8,6,0,0,12.38
35899,3589.9,6,0,0,12.42
35900,3590,6,0,0,12.48
35901,3590.1,5,1,0,12.28
35902,3590.2,5,0,0,12.38
35903,3590.3,5,0,0,12.46
35904,3590.4,5,0,0,12.57
35905,3590.5,5,0,0,12.68
35906,3590.6,5,0,0,12.77
35907,3590.7,5,0,0,12.87
35908,3590.8,5,0,0,12.95
35909,3590.9,6,0,0,13.06
35910,3591,6,0,0,13.08
35911,3591.1,6,0,0,13.12
35912,3591.2,5,1,0,13.11
35913,3591.3,5,0,0,13.07
35914,3591.4,5,0,0,13.11
35915,3591.5,5,0,0,13.08
35916,3591.6,5,0,0,13.09
35917,3591.7,5,0,0,13.1
35918,3591.8,5,0,0,13.08
35919,3591.9,5,0,0,13.05
35920,3592,5,0,0,13.03
35921,3592.1,5,0,0,13.05
35922,3592.2,5,0,0,13.06
35923,3592.3,6,0,0,13.18
35924,3592.4,6,0,0,13.17
35925,3592.5,6,0,0,13.18
35926,3592.6,6,0,0,13.18
35927,3592.7,5,2,0,13.04
35928,3592.8,5,0,0,13.06
35929,3592.9,4,1,0,12.9
35930,3593,4,0,0,12.94
35931,3593.1,4,0,0,13
35932,3593.2,4,0,0,13.06
35933,3593.3,4,0,0,13.08
35934,3593.4,4,0,0,13.07
35935,3593.5,4,0,0,13.08
35936,3593.6,4,0,0,13.09
35937,3593.7,4,0,0,13.07
35938,3593.8,4,0,0,13.05
35939,3593.9,4,0,0,13.07
35940,3594,5,0,0,13.27
35941,3594.1,5,0,0,13.24
35942,3594.2,5,0,0,13.24
35943,3594.3,4,1,0,13.08
35944,3594.4,4,0,0,13.1
35945,3594.5,4,0,0,13.04
35946,3594.6,4,0,0,13.05
35947,3594.7,4,0,0,13.09
35948,3594.8,4,0,0,13.07
35949,3594.9,4,0,0,13.05
35950,3595,4,0,0,13.06
35951,3595.1,5,0,0,13.15
35952,3595.2,5,0,0,13.15
35953,3595.3,5,0,0,13.15
35954,3595.4,5,0,0,13.12
35955,3595.5,5,0,0,13.16
35956,3595.6,5,0,0,13.13
35957,3595.7,4,1,0,13.09
35958,3595.8,4,0,0,13.07
35959,3595.9,4,0,0,13.09
35960,3596,4,0,0,13.07
35961,3596.1,4,0,0,13.08
35962,3596.2,4,0,0,13.08
35963,3596.3,5,0,0,12.86
35964,3596.4,5,0,0,12.84
35965,3596.5,5,0,0,12.85
35966,3596.6,4,1,0,12.96
35967,3596.7,4,0,0,12.94
35968,3596.8,4,0,0,12.96
35969,3596.9,4,0,0,12.97
35970,3597,4,0,0,12.95
35971,3597.1,4,0,0,12.99
35972,3597.2,5,0,0,13.03
35973,3597.3,5,0,0,13.04
35974,3597.4,5,0,0,13.01
35975,3597.5,5,0,0,13.04
35976,3597.6,4,1,0,13.06
35977,3597.7,4,0,0,13.08
35978,3597.8,4,0,0,13.08
35979,3597.9,5,0,0,13.13
35980,3598,5,0,0,13.11
35981,3598.1,5,0,0,13.1
35982,3598.2,5,0,0,13.13
35983,3598.3,5,0,0,13.12
35984,3598.4,5,0,0,13.13
35985,3598.5,4,1,0,13.03
35986,3598.6,4,0,0,13.06
35987,3598.7,4,0,0,13.09
35988,3598.8,4,0,0,13.08
35989,3598.9,4,0,0,13.06
35990,3599,4,0,0,13.07
35991,3599.1,4,0,0,13.06
35992,3599.2,4,0,0,13.02
35993,3599.3,4,0,0,13.05
35994,3599.4,4,0,0,13.08
35995,3599.5,4,0,0,13.08
35996,3599.6,4,0,0,13.01
35997,3599.7,4,0,0,13.07
35998,3599.8,5,0,0,13.24
35999,3599.9,5,0,0,13.27
36000,3600,5,0,0,13.24
36001,3600.1,5,0,0,13.24
36002,3600.2,5,0,0,13.25
36003,3600.3,4,1,0,13.51
36004,3600.4,4,0,0,13.54
36005,3600.5,4,0,0,13.55
36006,3600.6,4,0,0,13.56
36007,3600.7,5,0,0,12.78
36008,3600.8,4,1,0,12.72
36009,3600.9,4,0,0,12.72
36010,3601,4,0,0,12.79
36011,3601.1,4,0,0,12.78
36012,3601.2,4,0,0,12.84
36013,3601.3,4,0,0,12.81
36014,3601.4,4,0,0,12.79
36015,3601.5,4,0,0,12.83
36016,3601.6,4,0,0,12.79
36017,3601.7,4,0,0,12.81
36018,3601.8,4,0,0,12.8
36019,3601.9,4,0,0,12.77
36020,3602,4,0,0,12.78
36021,3602.1,4,0,0,12.79
36022,3602.2,4,0,0,12.78
36023,3602.3,4,0,0,12.8
36024,3602.4,4,0,0,12.8
36025,3602.5,4,0,0,12.8
36026,3602.6,4,0,0,12.8
36027,3602.7,4,0,0,12.77
36028,3602.8,4,0,0,12.8
36029,3602.9,4,0,0,12.83
36030,3603,4,0,0,12.81
36031,3603.1,4,0,0,12.8
36032,3603.2,3,1,0,12.44
36033,3603.3,2,1,0,11.68
36034,3603.4,2,0,0,11.63
36035,3603.5,2,0,0,11.67
36036,3603.6,2,0,0,11.67
36037,3603.7,2,0,0,11.71
36038,3603.8,2,0,0,11.66
36039,3603.9,2,0,0,11.69
36040,3604,2,0,0,11.69
36041,3604.1,2,0,0,11.64
36042,3604.2,2,0,0,11.66
36043,3604.3,2,0,0,11.64
36044,3604.4,2,0,0,11.7
36045,3604.5,2,0,0,11.64
36046,3604.6,2,0,0,11.69
36047,3604.7,2,0,0,11.64
36048,3604.8,2,0,0,11.69
36049,3604.9,2,0,0,11.64
36050,3605,1,1,0,13.32
36051,3605.1,1,0,0,13.37
36052,3605.2,1,0,0,13.36
36053,3605.3,1,0,0,13.41
36054,3605.4,1,0,0,13.34
36055,3605.5,1,0,0,13.44
36056,3605.6,1,0,0,13.32
36057,3605.7,1,0,0,13.36
36058,3605.8,1,0,0,13.31
36059,3605.9,1,0,0,13.41
36060,3606,1,0,0,13.36
36061,3606.1,1,0,0,13.38
36062,3606.2,1,0,0,13.33
36063,3606.3,1,0,0,13.34
36064,3606.4,1,0,0,13.33
36065,3606.5,1,0,0,13.39
36066,3606.6,1,0,0,13.37
36067,3606.7,1,0,0,13.4
36068,3606.8,0,1,0,0
